"formid","source_plugin","editor_id","quest_name","classification","stage_count","journal_stage_count","completion_stages","objective_count","evidence_summary","notes"
"Skyrim.esm:0AB3FA","Skyrim.esm","WICastMagic02","Dangerous Magic","semantic-silent-radiant-or-template","2","0","","1","direct_mcp_review=ok; source=Skyrim.esm; stages=2; journal_stages=none; completion_stages=none; objectives=1; deep_read=not-needed",""
"Skyrim.esm:0ABD94","Skyrim.esm","PerkInvestor","","semantic-silent","1","0","","0","direct_mcp_review=ok; source=Skyrim.esm; stages=1; journal_stages=none; completion_stages=none; objectives=0; deep_read=not-needed",""
"Skyrim.esm:0ABF3A","Skyrim.esm","CreatureDialogueAtronachStorm","CreatureDialogueAtronachStorm","structural-silent","0","0","","0","direct_mcp_review=ok; source=Skyrim.esm; stages=0; journal_stages=none; completion_stages=none; objectives=0; deep_read=not-needed",""
"Skyrim.esm:0AC9BF","Skyrim.esm","WESharedDialogue","","structural-silent","0","0","","0","direct_mcp_review=ok; source=Skyrim.esm; stages=0; journal_stages=none; completion_stages=none; objectives=0; deep_read=not-needed",""
"Skyrim.esm:0AC9D1","Skyrim.esm","TGStatus","Thieves Guild Status Quest","semantic-silent","5","0","","0","direct_mcp_review=ok; source=Skyrim.esm; stages=5; journal_stages=none; completion_stages=none; objectives=0; deep_read=not-needed",""
"Skyrim.esm:0AD39C","Skyrim.esm","CompanionsBrawlingQuest","","structural-silent","0","0","","0","direct_mcp_review=ok; source=Skyrim.esm; stages=0; journal_stages=none; completion_stages=none; objectives=0; deep_read=not-needed",""
"Skyrim.esm:0AD39D","Skyrim.esm","C04JorrvaskrCommotion","","semantic-silent","2","0","","0","direct_mcp_review=ok; source=Skyrim.esm; stages=2; journal_stages=none; completion_stages=none; objectives=0; deep_read=not-needed",""
"Skyrim.esm:0AD7AD","Skyrim.esm","WICommentDiseased","Player is diseased","semantic-silent-radiant-or-template","1","0","","0","direct_mcp_review=ok; source=Skyrim.esm; stages=1; journal_stages=none; completion_stages=none; objectives=0; deep_read=not-needed",""
"Skyrim.esm:0AD8E1","Skyrim.esm","DialogueMorthalFalionsHouseScene04","Morthal Falion's House Scene 4","structural-silent","0","0","","0","direct_mcp_review=ok; source=Skyrim.esm; stages=0; journal_stages=none; completion_stages=none; objectives=0; deep_read=not-needed",""
"Skyrim.esm:0AD907","Skyrim.esm","DialogueMorthalHighmoonHallScene01","Morthal Highmoon Hall Scene 1","structural-silent","0","0","","0","direct_mcp_review=ok; source=Skyrim.esm; stages=0; journal_stages=none; completion_stages=none; objectives=0; deep_read=not-needed",""
"Skyrim.esm:0AD90B","Skyrim.esm","DialogueMorthalHighmoonHallScene02","Morthal Highmoon Hall Scene 2","structural-silent","0","0","","0","direct_mcp_review=ok; source=Skyrim.esm; stages=0; journal_stages=none; completion_stages=none; objectives=0; deep_read=not-needed",""
"Skyrim.esm:0AD94A","Skyrim.esm","DialogueMorthalHighmoonHallScene03","Morthal Highmoon Hall Scene 3","structural-silent","0","0","","0","direct_mcp_review=ok; source=Skyrim.esm; stages=0; journal_stages=none; completion_stages=none; objectives=0; deep_read=not-needed",""
"Skyrim.esm:0AD953","Skyrim.esm","DialogueMorthalHighmoonHallScene04","Morthal Highmoon Hall Scene 4","structural-silent","0","0","","0","direct_mcp_review=ok; source=Skyrim.esm; stages=0; journal_stages=none; completion_stages=none; objectives=0; deep_read=not-needed",""
"Skyrim.esm:0ADC8C","Skyrim.esm","WIKill05","Run to deceased and lock self in editor location","semantic-silent-radiant-or-template","2","0","","0","direct_mcp_review=ok; source=Skyrim.esm; stages=2; journal_stages=none; completion_stages=none; objectives=0; deep_read=not-needed",""
"Skyrim.esm:0ADFE7","Skyrim.esm","dunValtheimKeepQST","","semantic-silent","6","0","","0","direct_mcp_review=ok; source=Skyrim.esm; stages=6; journal_stages=none; completion_stages=none; objectives=0; deep_read=not-needed",""
"Skyrim.esm:0AE014","Skyrim.esm","dunBardsLeapSummitQST","The Lost Verse","semantic-silent","5","0","","0","direct_mcp_review=ok; source=Skyrim.esm; stages=5; journal_stages=none; completion_stages=none; objectives=0; deep_read=not-needed",""
"Skyrim.esm:0AE77E","Skyrim.esm","DialogueWhistlingMine","Whistling Mine Dialogue","structural-silent","0","0","","0","direct_mcp_review=ok; source=Skyrim.esm; stages=0; journal_stages=none; completion_stages=none; objectives=0; deep_read=not-needed",""
"Skyrim.esm:0AEC22","Skyrim.esm","DA11IntroScene","DA11IntroScene","semantic-silent","3","0","100","0","direct_mcp_review=ok; source=Skyrim.esm; stages=3; journal_stages=none; completion_stages=100; objectives=0; deep_read=not-needed",""
"Skyrim.esm:0AEDDE","Skyrim.esm","DialogueMorthalHighmoonHallScene05","Morthal Highmoon Hall Scene 5","structural-silent","0","0","","0","direct_mcp_review=ok; source=Skyrim.esm; stages=0; journal_stages=none; completion_stages=none; objectives=0; deep_read=not-needed",""
"Skyrim.esm:0AEDE7","Skyrim.esm","DialogueMorthalHighmoonHallScene06","Morthal Highmoon Hall Scene 6","structural-silent","0","0","","0","direct_mcp_review=ok; source=Skyrim.esm; stages=0; journal_stages=none; completion_stages=none; objectives=0; deep_read=not-needed",""
"Skyrim.esm:0AEEA4","Skyrim.esm","DialogueMorthalHighmoonHallScene07","Morthal Highmoon Hall Scene 7","structural-silent","0","0","","0","direct_mcp_review=ok; source=Skyrim.esm; stages=0; journal_stages=none; completion_stages=none; objectives=0; deep_read=not-needed",""
"Skyrim.esm:0AEECF","Skyrim.esm","DialogueMorthalMoorsideScene05","Morthal Moorside Jonna Aslfur","structural-silent","0","0","","0","direct_mcp_review=ok; source=Skyrim.esm; stages=0; journal_stages=none; completion_stages=none; objectives=0; deep_read=not-needed",""
"Skyrim.esm:0AEED4","Skyrim.esm","DialogueMorthalMoorsideScene06","Morthal Moorside Jonna Aslfur","structural-silent","0","0","","0","direct_mcp_review=ok; source=Skyrim.esm; stages=0; journal_stages=none; completion_stages=none; objectives=0; deep_read=not-needed",""
"Skyrim.esm:0AEF91","Skyrim.esm","C03AelaRadiantKicker","","semantic-silent","1","0","","0","direct_mcp_review=ok; source=Skyrim.esm; stages=1; journal_stages=none; completion_stages=none; objectives=0; deep_read=not-needed",""
"Skyrim.esm:0AF75F","Skyrim.esm","MS01IntroWorldScene","MS01IntroWorldScene","semantic-silent","7","0","","0","direct_mcp_review=ok; source=Skyrim.esm; stages=7; journal_stages=none; completion_stages=none; objectives=0; deep_read=not-needed",""
"Skyrim.esm:0AF772","Skyrim.esm","DialogueMarkarthSmelterOmluagHathrasil03","DialogueMarkarthSmelterOmluagHathrasil03","structural-silent","0","0","","0","direct_mcp_review=ok; source=Skyrim.esm; stages=0; journal_stages=none; completion_stages=none; objectives=0; deep_read=not-needed",""
"Skyrim.esm:0B021F","Skyrim.esm","DialogueMarkarthDragonsSmelterScene01","DialogueMarkarthDragonsSmelterScene01","structural-silent","0","0","","0","direct_mcp_review=ok; source=Skyrim.esm; stages=0; journal_stages=none; completion_stages=none; objectives=0; deep_read=not-needed",""
"Skyrim.esm:0B0221","Skyrim.esm","DialogueMarkarthDragonsMarketScene01","DialogueMarkarthDragonsMarketScene01","structural-silent","0","0","","0","direct_mcp_review=ok; source=Skyrim.esm; stages=0; journal_stages=none; completion_stages=none; objectives=0; deep_read=not-needed",""
"Skyrim.esm:0B0223","Skyrim.esm","DialogueMarkarthDragonsKeepImperialScene01","DialogueMarkarthDragonsKeepImperialScene01","structural-silent","0","0","","0","direct_mcp_review=ok; source=Skyrim.esm; stages=0; journal_stages=none; completion_stages=none; objectives=0; deep_read=not-needed",""
"Skyrim.esm:0B0225","Skyrim.esm","DialogueMarkarthDragonsKeepStormcloakScene01","DialogueMarkarthDragonsKeepStormcloakScene01","structural-silent","0","0","","0","direct_mcp_review=ok; source=Skyrim.esm; stages=0; journal_stages=none; completion_stages=none; objectives=0; deep_read=not-needed",""
"Skyrim.esm:0B026D","Skyrim.esm","FavorJobsDrunks","Quest all Drunks Have","structural-silent","0","0","","0","direct_mcp_review=ok; source=Skyrim.esm; stages=0; journal_stages=none; completion_stages=none; objectives=0; deep_read=not-needed",""
"Skyrim.esm:0B0270","Skyrim.esm","FavorJobsDrunksScene","","structural-silent","0","0","","0","direct_mcp_review=ok; source=Skyrim.esm; stages=0; journal_stages=none; completion_stages=none; objectives=0; deep_read=not-needed",""
"Skyrim.esm:0B03A2","Skyrim.esm","TGBan","Reparations","candidate-proposed","4","2","200","2","direct_mcp_review=ok; source=Skyrim.esm; stages=4; journal_stages=10|200; completion_stages=200; objectives=2; deep_read=not-needed",""
"Skyrim.esm:0B0F5B","Skyrim.esm","dunLostValleyRedoubtQST","","semantic-silent","5","0","","0","direct_mcp_review=ok; source=Skyrim.esm; stages=5; journal_stages=none; completion_stages=none; objectives=0; deep_read=not-needed",""
"Skyrim.esm:0B113D","Skyrim.esm","DialogueWinterholdInnSceneINITIAL","Winterhold Inn Initial Scene","structural-silent","0","0","","0","direct_mcp_review=ok; source=Skyrim.esm; stages=0; journal_stages=none; completion_stages=none; objectives=0; deep_read=not-needed",""
"Skyrim.esm:0B1179","Skyrim.esm","WEJS01","Dead woman with bandits","semantic-silent-radiant-or-template","3","0","","0","direct_mcp_review=ok; source=Skyrim.esm; stages=3; journal_stages=none; completion_stages=none; objectives=0; deep_read=not-needed",""
"Skyrim.esm:0B18E1","Skyrim.esm","DA02ChangeLoc","Sets up guard aliases","semantic-silent","1","0","","0","direct_mcp_review=ok; source=Skyrim.esm; stages=1; journal_stages=none; completion_stages=none; objectives=0; deep_read=not-needed",""
"Skyrim.esm:0B1C79","Skyrim.esm","WERJ01","Mistwatch Escapee","semantic-silent-radiant-or-template","3","0","","0","direct_mcp_review=ok; source=Skyrim.esm; stages=3; journal_stages=none; completion_stages=none; objectives=0; deep_read=not-needed",""
"Skyrim.esm:0B2174","Skyrim.esm","DialogueWinterholdInitialScene","Winterhold Initial Scene","structural-silent","0","0","","0","direct_mcp_review=ok; source=Skyrim.esm; stages=0; journal_stages=none; completion_stages=none; objectives=0; deep_read=not-needed",""
"Skyrim.esm:0B2976","Skyrim.esm","TGPre","Thieves Guild Pre-Quest Handler","structural-silent","0","0","","0","direct_mcp_review=ok; source=Skyrim.esm; stages=0; journal_stages=none; completion_stages=none; objectives=0; deep_read=not-needed",""
"Skyrim.esm:0B2FD9","Skyrim.esm","SolitudeOpening","Solitude Dialogue","semantic-silent","11","0","200","0","direct_mcp_review=ok; source=Skyrim.esm; stages=11; journal_stages=none; completion_stages=200; objectives=0; deep_read=not-needed",""
"Skyrim.esm:0B31E6","Skyrim.esm","TGPost","Thieves Guild Post Quest Handler","semantic-silent","11","0","","0","direct_mcp_review=ok; source=Skyrim.esm; stages=11; journal_stages=none; completion_stages=none; objectives=0; deep_read=not-needed",""
"Skyrim.esm:0B3233","Skyrim.esm","MGRitual02","Illusion Ritual Spell","candidate-proposed","3","2","200","1","direct_mcp_review=ok; source=Skyrim.esm; stages=3; journal_stages=10|200; completion_stages=200; objectives=1; deep_read=not-needed",""
"Skyrim.esm:0B3240","Skyrim.esm","DialogueWinterholdCollegeGHallScene06","MG Great Hall Scene 6","structural-silent","0","0","","0","direct_mcp_review=ok; source=Skyrim.esm; stages=0; journal_stages=none; completion_stages=none; objectives=0; deep_read=not-needed",""
"Skyrim.esm:0B3242","Skyrim.esm","DialogueWinterholdCollegeDormitoryScene10","MG Dormitory Scene 10","structural-silent","0","0","","0","direct_mcp_review=ok; source=Skyrim.esm; stages=0; journal_stages=none; completion_stages=none; objectives=0; deep_read=not-needed",""
"Skyrim.esm:0B3248","Skyrim.esm","DialogueWinterholdCollegeDormitoryScene11","MG Dormitory Scene 11","structural-silent","0","0","","0","direct_mcp_review=ok; source=Skyrim.esm; stages=0; journal_stages=none; completion_stages=none; objectives=0; deep_read=not-needed",""
"Skyrim.esm:0B328F","Skyrim.esm","WEDLVigilOfStendarr01","Vigilants fighting Atronach","semantic-silent-radiant-or-template","2","0","","0","direct_mcp_review=ok; source=Skyrim.esm; stages=2; journal_stages=none; completion_stages=none; objectives=0; deep_read=not-needed",""
"Skyrim.esm:0B3293","Skyrim.esm","DialogueGenericVigilantsOfStendarr","Generic Dialogue for Vigilants of Stendarr","semantic-silent-radiant-or-template","1","0","","0","direct_mcp_review=ok; source=Skyrim.esm; stages=1; journal_stages=none; completion_stages=none; objectives=0; deep_read=not-needed",""
"Skyrim.esm:0B329E","Skyrim.esm","WEDLVigilOfStendarr02","Vigilants fighting Vampire","semantic-silent-radiant-or-template","2","0","","0","direct_mcp_review=ok; source=Skyrim.esm; stages=2; journal_stages=none; completion_stages=none; objectives=0; deep_read=not-needed",""
"Skyrim.esm:0B32D6","Skyrim.esm","WEDLVigilOfStendarr03","Vigilants fighting Skeletons","semantic-silent-radiant-or-template","2","0","","0","direct_mcp_review=ok; source=Skyrim.esm; stages=2; journal_stages=none; completion_stages=none; objectives=0; deep_read=not-needed",""
"Skyrim.esm:0B32F2","Skyrim.esm","WEDLVigilOfStendarr04","Vigilants Patrol","semantic-silent-radiant-or-template","2","0","","0","direct_mcp_review=ok; source=Skyrim.esm; stages=2; journal_stages=none; completion_stages=none; objectives=0; deep_read=not-needed",""
"Skyrim.esm:0B3991","Skyrim.esm","MQResurrectDragon","Resurrect dragon scene","semantic-silent","14","0","","0","direct_mcp_review=ok; source=Skyrim.esm; stages=14; journal_stages=none; completion_stages=none; objectives=0; deep_read=not-needed",""
"Skyrim.esm:0B3B1C","Skyrim.esm","DA15Paranoia","","semantic-silent","6","0","","0","direct_mcp_review=ok; source=Skyrim.esm; stages=6; journal_stages=none; completion_stages=none; objectives=0; deep_read=not-needed",""
"Skyrim.esm:0B3B1D","Skyrim.esm","DA15Terror","","semantic-silent","6","0","","0","direct_mcp_review=ok; source=Skyrim.esm; stages=6; journal_stages=none; completion_stages=none; objectives=0; deep_read=not-needed",""
"Skyrim.esm:0B3B44","Skyrim.esm","DA15Loathing","","semantic-silent","6","0","","0","direct_mcp_review=ok; source=Skyrim.esm; stages=6; journal_stages=none; completion_stages=none; objectives=0; deep_read=not-needed",""
"Skyrim.esm:0B3E08","Skyrim.esm","C03PostQuest","","semantic-silent","4","0","","0","direct_mcp_review=ok; source=Skyrim.esm; stages=4; journal_stages=none; completion_stages=none; objectives=0; deep_read=not-needed",""
"Skyrim.esm:0B3E56","Skyrim.esm","DA02GuardWarn","","structural-silent","0","0","","0","direct_mcp_review=ok; source=Skyrim.esm; stages=0; journal_stages=none; completion_stages=none; objectives=0; deep_read=not-needed",""
"Skyrim.esm:0B48FB","Skyrim.esm","DA02DeadBody","","semantic-silent","1","0","","0","direct_mcp_review=ok; source=Skyrim.esm; stages=1; journal_stages=none; completion_stages=none; objectives=0; deep_read=not-needed",""
"Skyrim.esm:0B5D41","Skyrim.esm","WEJS02","DB08- Finding the Gourmet","semantic-silent-radiant-or-template","5","0","","0","direct_mcp_review=ok; source=Skyrim.esm; stages=5; journal_stages=none; completion_stages=none; objectives=0; deep_read=not-needed",""
"Skyrim.esm:0B5D46","Skyrim.esm","WEJS03","Forsworn Attacking Merchant","semantic-silent-radiant-or-template","2","0","","0","direct_mcp_review=ok; source=Skyrim.esm; stages=2; journal_stages=none; completion_stages=none; objectives=0; deep_read=not-needed",""
"Skyrim.esm:0B5D5E","Skyrim.esm","WEJS04","Forsworn Attacking Soldiers, Imperial","semantic-silent-radiant-or-template","2","0","","0","direct_mcp_review=ok; source=Skyrim.esm; stages=2; journal_stages=none; completion_stages=none; objectives=0; deep_read=not-needed",""
"Skyrim.esm:0B5D5F","Skyrim.esm","WEJS09","Traveling Merchant Attacked by Bandits","semantic-silent-radiant-or-template","2","0","","0","direct_mcp_review=ok; source=Skyrim.esm; stages=2; journal_stages=none; completion_stages=none; objectives=0; deep_read=not-needed",""
"Skyrim.esm:0B5D84","Skyrim.esm","CreatureDialogueAtronachFlame","CreatureDialogueAtronachFlame","structural-silent","0","0","","0","direct_mcp_review=ok; source=Skyrim.esm; stages=0; journal_stages=none; completion_stages=none; objectives=0; deep_read=not-needed",""
"Skyrim.esm:0B5E0C","Skyrim.esm","WEThalmorDialogue","Thalmor dialogue","structural-silent","0","0","","0","direct_mcp_review=ok; source=Skyrim.esm; stages=0; journal_stages=none; completion_stages=none; objectives=0; deep_read=not-needed",""
"Skyrim.esm:0B6031","Skyrim.esm","MS13Intro","","semantic-silent","2","1","20","1","direct_mcp_review=ok; source=Skyrim.esm; stages=2; journal_stages=10; completion_stages=20; objectives=1; deep_read=not-needed",""
"Skyrim.esm:0B627D","Skyrim.esm","C06PostQuest","","semantic-silent","4","0","","0","direct_mcp_review=ok; source=Skyrim.esm; stages=4; journal_stages=none; completion_stages=none; objectives=0; deep_read=not-needed",""
"Skyrim.esm:0B62B8","Skyrim.esm","DialogueWindhelmCandlehearthScene6","","structural-silent","0","0","","0","direct_mcp_review=ok; source=Skyrim.esm; stages=0; journal_stages=none; completion_stages=none; objectives=0; deep_read=not-needed",""
"Skyrim.esm:0B62BC","Skyrim.esm","DialogueWindhelmCandlehearthScene7","","structural-silent","0","0","","0","direct_mcp_review=ok; source=Skyrim.esm; stages=0; journal_stages=none; completion_stages=none; objectives=0; deep_read=not-needed",""
"Skyrim.esm:0B62D0","Skyrim.esm","DialogueWindhelmPalaceScene9","","structural-silent","0","0","","0","direct_mcp_review=ok; source=Skyrim.esm; stages=0; journal_stages=none; completion_stages=none; objectives=0; deep_read=not-needed",""
"Skyrim.esm:0B6686","Skyrim.esm","DialogueRiftenBeeAndBarbScene13","Bee and Barb Scene 13","structural-silent","0","0","","0","direct_mcp_review=ok; source=Skyrim.esm; stages=0; journal_stages=none; completion_stages=none; objectives=0; deep_read=not-needed",""
"Skyrim.esm:0B6688","Skyrim.esm","DialogueRiftenGrandPlazaScene10","Grand Plaza Scene 10","structural-silent","0","0","","0","direct_mcp_review=ok; source=Skyrim.esm; stages=0; journal_stages=none; completion_stages=none; objectives=0; deep_read=not-needed",""
"Skyrim.esm:0B668C","Skyrim.esm","DialogueRiftenSS04","Riften Scripted Scene Keep","semantic-silent-radiant-or-template","1","0","200","0","direct_mcp_review=ok; source=Skyrim.esm; stages=1; journal_stages=none; completion_stages=200; objectives=0; deep_read=not-needed",""
"Skyrim.esm:0B6FEF","Skyrim.esm","dunEmbershardQST","","semantic-silent","5","0","","0","direct_mcp_review=ok; source=Skyrim.esm; stages=5; journal_stages=none; completion_stages=none; objectives=0; deep_read=not-needed",""
"Skyrim.esm:0B70E5","Skyrim.esm","WICommentMagicFlames","Player has magic flames equipped","semantic-silent-radiant-or-template","1","0","","0","direct_mcp_review=ok; source=Skyrim.esm; stages=1; journal_stages=none; completion_stages=none; objectives=0; deep_read=not-needed",""
"Skyrim.esm:0B7302","Skyrim.esm","DialogueRiftenBeeAndBarbScene14","Bee and Barb Scene 14","structural-silent","0","0","","0","direct_mcp_review=ok; source=Skyrim.esm; stages=0; journal_stages=none; completion_stages=none; objectives=0; deep_read=not-needed",""
"Skyrim.esm:0B7304","Skyrim.esm","DialogueRiftenRaggedFlagonScene12","Ragged Flagon Scene 12","structural-silent","0","0","","0","direct_mcp_review=ok; source=Skyrim.esm; stages=0; journal_stages=none; completion_stages=none; objectives=0; deep_read=not-needed",""
"Skyrim.esm:0B7C01","Skyrim.esm","dunRaldbtharQST","","structural-silent","0","0","","0","direct_mcp_review=ok; source=Skyrim.esm; stages=0; journal_stages=none; completion_stages=none; objectives=0; deep_read=not-needed",""
"Skyrim.esm:0B80F3","Skyrim.esm","WE32","Thalmor with Prisoner","semantic-silent-radiant-or-template","2","0","","0","direct_mcp_review=ok; source=Skyrim.esm; stages=2; journal_stages=none; completion_stages=none; objectives=0; deep_read=not-needed",""
"Skyrim.esm:0B812E","Skyrim.esm","MG01ShoutUpdate","","semantic-silent","2","0","200","0","direct_mcp_review=ok; source=Skyrim.esm; stages=2; journal_stages=none; completion_stages=200; objectives=0; deep_read=not-needed",""
"Skyrim.esm:0B813F","Skyrim.esm","WEDL02","Bard travelling on the road","semantic-silent-radiant-or-template","2","0","","0","direct_mcp_review=ok; source=Skyrim.esm; stages=2; journal_stages=none; completion_stages=none; objectives=0; deep_read=not-needed",""
"Skyrim.esm:0B8141","Skyrim.esm","WEDL01","Bard at rest","semantic-silent-radiant-or-template","3","0","","0","direct_mcp_review=ok; source=Skyrim.esm; stages=3; journal_stages=none; completion_stages=none; objectives=0; deep_read=not-needed",""
"Skyrim.esm:0B8143","Skyrim.esm","WEDL03","On the way to the Wedding","semantic-silent-radiant-or-template","4","0","","0","direct_mcp_review=ok; source=Skyrim.esm; stages=4; journal_stages=none; completion_stages=none; objectives=0; deep_read=not-needed",""
"Skyrim.esm:0B8169","Skyrim.esm","WERJ02","Thieve's Guild Holdup","semantic-silent-radiant-or-template","8","0","","0","direct_mcp_review=ok; source=Skyrim.esm; stages=8; journal_stages=none; completion_stages=none; objectives=0; deep_read=not-needed",""
"Skyrim.esm:0B83C3","Skyrim.esm","FreeformFalkreathQuest03","Dark Ancestor","candidate-proposed","4","0","200","1","direct_mcp_review=ok; source=Skyrim.esm; stages=4; journal_stages=none; completion_stages=200; objectives=1; deep_read=not-needed",""
"Skyrim.esm:0B85AA","Skyrim.esm","WERJ03","Alik'r Accusation","semantic-silent-radiant-or-template","4","0","","0","direct_mcp_review=ok; source=Skyrim.esm; stages=4; journal_stages=none; completion_stages=none; objectives=0; deep_read=not-needed",""
"Skyrim.esm:0B85B8","Skyrim.esm","WEJS10","DA01-Dark Elf on Pilgrimage to Azura's Shrine","semantic-silent-radiant-or-template","3","0","","0","direct_mcp_review=ok; source=Skyrim.esm; stages=3; journal_stages=none; completion_stages=none; objectives=0; deep_read=not-needed",""
"Skyrim.esm:0B85BD","Skyrim.esm","WEJS11","DA11-Namira Cultist Offers the First Bite","semantic-silent-radiant-or-template","3","0","","0","direct_mcp_review=ok; source=Skyrim.esm; stages=3; journal_stages=none; completion_stages=none; objectives=0; deep_read=not-needed",""
"Skyrim.esm:0B882D","Skyrim.esm","TG00ArrestMonitor","TG00 Arrest Monitor","semantic-silent","1","1","","0","direct_mcp_review=ok; source=Skyrim.esm; stages=1; journal_stages=10; completion_stages=none; objectives=0; deep_read=not-needed",""
"Skyrim.esm:0B882F","Skyrim.esm","TG01ActorKillMonitor","TG01 Kill Actor Monitor","semantic-silent","1","1","","0","direct_mcp_review=ok; source=Skyrim.esm; stages=1; journal_stages=10; completion_stages=none; objectives=0; deep_read=not-needed",""
"Skyrim.esm:0B8830","Skyrim.esm","TG03ActorKillMonitor","TG03 Kill Actor Monitor","semantic-silent","1","1","","0","direct_mcp_review=ok; source=Skyrim.esm; stages=1; journal_stages=10; completion_stages=none; objectives=0; deep_read=not-needed",""
"Skyrim.esm:0B8831","Skyrim.esm","TG04ActorKiIllMonitor","TG04 Kill Actor Monitor","semantic-silent","1","1","","0","direct_mcp_review=ok; source=Skyrim.esm; stages=1; journal_stages=10; completion_stages=none; objectives=0; deep_read=not-needed",""
"Skyrim.esm:0B8C9F","Skyrim.esm","dunRobbersGorgeQST","","semantic-silent","7","1","","0","direct_mcp_review=ok; source=Skyrim.esm; stages=7; journal_stages=10; completion_stages=none; objectives=0; deep_read=not-needed",""
"Skyrim.esm:0B91AE","Skyrim.esm","WEDL05","Thug sent by Louis Letrush","semantic-silent-radiant-or-template","3","0","","0","direct_mcp_review=ok; source=Skyrim.esm; stages=3; journal_stages=none; completion_stages=none; objectives=0; deep_read=not-needed",""
"Skyrim.esm:0B91B5","Skyrim.esm","WETalsgarTheWandererDialogue","","semantic-silent-radiant-or-template","3","0","","0","direct_mcp_review=ok; source=Skyrim.esm; stages=3; journal_stages=none; completion_stages=none; objectives=0; deep_read=not-needed",""
"Skyrim.esm:0B91D8","Skyrim.esm","WEDL04","Lost after the Wedding","semantic-silent-radiant-or-template","2","0","","0","direct_mcp_review=ok; source=Skyrim.esm; stages=2; journal_stages=none; completion_stages=none; objectives=0; deep_read=not-needed",""
"Skyrim.esm:0B91E3","Skyrim.esm","WEDL07","Ramblings of a madman","semantic-silent-radiant-or-template","3","0","","0","direct_mcp_review=ok; source=Skyrim.esm; stages=3; journal_stages=none; completion_stages=none; objectives=0; deep_read=not-needed",""
"Skyrim.esm:0B94AB","Skyrim.esm","WERJ04","Dwemer Junk Peddlers","semantic-silent-radiant-or-template","5","0","","0","direct_mcp_review=ok; source=Skyrim.esm; stages=5; journal_stages=none; completion_stages=none; objectives=0; deep_read=not-needed",""
"Skyrim.esm:0BA0B4","Skyrim.esm","WE33","Thalmor vs Stormcloaks","semantic-silent-radiant-or-template","2","0","","0","direct_mcp_review=ok; source=Skyrim.esm; stages=2; journal_stages=none; completion_stages=none; objectives=0; deep_read=not-needed",""
"Skyrim.esm:0BA0C0","Skyrim.esm","WE35","M'aiq the Liar","semantic-silent-radiant-or-template","2","0","","0","direct_mcp_review=ok; source=Skyrim.esm; stages=2; journal_stages=none; completion_stages=none; objectives=0; deep_read=not-needed",""
"Skyrim.esm:0BA0C3","Skyrim.esm","WEMaiqTheLiar","Dialogue for M'aiq the Liar","structural-silent","0","0","","0","direct_mcp_review=ok; source=Skyrim.esm; stages=0; journal_stages=none; completion_stages=none; objectives=0; deep_read=not-needed",""
"Skyrim.esm:0BA1CC","Skyrim.esm","DA07FIN","","semantic-silent","1","0","","0","direct_mcp_review=ok; source=Skyrim.esm; stages=1; journal_stages=none; completion_stages=none; objectives=0; deep_read=not-needed",""
"Skyrim.esm:0BA2FF","Skyrim.esm","WEJS12","DA01- Necromancers Attack Player","semantic-silent-radiant-or-template","3","0","","0","direct_mcp_review=ok; source=Skyrim.esm; stages=3; journal_stages=none; completion_stages=none; objectives=0; deep_read=not-needed",""
"Skyrim.esm:0BA53C","Skyrim.esm","DialogueOrcHunters","","semantic-silent-radiant-or-template","1","0","","0","direct_mcp_review=ok; source=Skyrim.esm; stages=1; journal_stages=none; completion_stages=none; objectives=0; deep_read=not-needed",""
"Skyrim.esm:0BA542","Skyrim.esm","DialogueOrcHuntersHellosAndSharedInfos","","structural-silent","0","0","","0","direct_mcp_review=ok; source=Skyrim.esm; stages=0; journal_stages=none; completion_stages=none; objectives=0; deep_read=not-needed",""
"Skyrim.esm:0BAC24","Skyrim.esm","MS11Kicker","","semantic-silent","1","0","","0","direct_mcp_review=ok; source=Skyrim.esm; stages=1; journal_stages=none; completion_stages=none; objectives=0; deep_read=not-needed",""
"Skyrim.esm:0BBD9D","Skyrim.esm","WEDL08","The drunken dare","semantic-silent-radiant-or-template","7","0","","0","direct_mcp_review=ok; source=Skyrim.esm; stages=7; journal_stages=none; completion_stages=none; objectives=0; deep_read=not-needed",""
"Skyrim.esm:0BC037","Skyrim.esm","WEJS13","T03- Pilgrim visiting the tree in Whiterun","semantic-silent-radiant-or-template","3","0","","0","direct_mcp_review=ok; source=Skyrim.esm; stages=3; journal_stages=none; completion_stages=none; objectives=0; deep_read=not-needed",""
"Skyrim.esm:0BC096","Skyrim.esm","MGR20B","Fetch me that Book!","candidate-proposed","4","0","200","2","direct_mcp_review=ok; source=Skyrim.esm; stages=4; journal_stages=none; completion_stages=200; objectives=2; deep_read=not-needed","REPEATABLE-ELIGIBLE: stage-safe; daily hard cap owns repetition."
"Skyrim.esm:0BC0BD","Skyrim.esm","C00JorrvaskrFight","","semantic-silent","3","0","","0","direct_mcp_review=ok; source=Skyrim.esm; stages=3; journal_stages=none; completion_stages=none; objectives=0; deep_read=not-needed",""
"Skyrim.esm:0BC3E0","Skyrim.esm","MQ201PartyScene1ElenwenAndGuest","MQ201 Party Scene 1","semantic-silent","2","0","","0","direct_mcp_review=ok; source=Skyrim.esm; stages=2; journal_stages=none; completion_stages=none; objectives=0; deep_read=not-needed",""
"Skyrim.esm:0BC3FD","Skyrim.esm","MQ201PartyScene2JarlAndJarl","MQ201 Party Scene 2","semantic-silent","2","0","","0","direct_mcp_review=ok; source=Skyrim.esm; stages=2; journal_stages=none; completion_stages=none; objectives=0; deep_read=not-needed",""
"Skyrim.esm:0BC5AA","Skyrim.esm","WERJ05","Blood Horker Revenge","semantic-silent-radiant-or-template","2","0","","0","direct_mcp_review=ok; source=Skyrim.esm; stages=2; journal_stages=none; completion_stages=none; objectives=0; deep_read=not-needed",""
"Skyrim.esm:0BC5BD","Skyrim.esm","WERJ06","Drinking Companions","semantic-silent-radiant-or-template","7","0","","0","direct_mcp_review=ok; source=Skyrim.esm; stages=7; journal_stages=none; completion_stages=none; objectives=0; deep_read=not-needed",""
"Skyrim.esm:0BC8B6","Skyrim.esm","DB01MiscObjective","","semantic-silent-radiant-or-template","4","0","200","1","direct_mcp_review=ok; source=Skyrim.esm; stages=4; journal_stages=none; completion_stages=200; objectives=1; deep_read=not-needed",""
"Skyrim.esm:0BC8B7","Skyrim.esm","DB01Objective","","semantic-silent-radiant-or-template","4","0","200","1","direct_mcp_review=ok; source=Skyrim.esm; stages=4; journal_stages=none; completion_stages=200; objectives=1; deep_read=not-needed",""
"Skyrim.esm:0BCC94","Skyrim.esm","HirelingQuest","","structural-silent","0","0","","0","direct_mcp_review=ok; source=Skyrim.esm; stages=0; journal_stages=none; completion_stages=none; objectives=0; deep_read=not-needed",""
"Skyrim.esm:0BD750","Skyrim.esm","WEDL10","Spriggan vs Lumberjacks","semantic-silent-radiant-or-template","2","0","","0","direct_mcp_review=ok; source=Skyrim.esm; stages=2; journal_stages=none; completion_stages=none; objectives=0; deep_read=not-needed",""
"Skyrim.esm:0BD753","Skyrim.esm","WEDL12","Bitten by a vampire","semantic-silent-radiant-or-template","5","0","","0","direct_mcp_review=ok; source=Skyrim.esm; stages=5; journal_stages=none; completion_stages=none; objectives=0; deep_read=not-needed",""
"Skyrim.esm:0BD757","Skyrim.esm","WEDL13","Looking to join Imperials","semantic-silent-radiant-or-template","3","0","","0","direct_mcp_review=ok; source=Skyrim.esm; stages=3; journal_stages=none; completion_stages=none; objectives=0; deep_read=not-needed",""
"Skyrim.esm:0BD758","Skyrim.esm","WEDL14","Looking to join Stormcloaks","semantic-silent-radiant-or-template","3","0","","0","direct_mcp_review=ok; source=Skyrim.esm; stages=3; journal_stages=none; completion_stages=none; objectives=0; deep_read=not-needed",""
"Skyrim.esm:0BD77F","Skyrim.esm","BQ02","Bounty: Forsworn","candidate-proposed","4","0","","3","direct_mcp_review=ok; source=Skyrim.esm; stages=4; journal_stages=none; completion_stages=none; objectives=3; deep_read=vmad-info-ok","REPEATABLE-ELIGIBLE: stage-safe; daily hard cap owns repetition."
"Skyrim.esm:0BD788","Skyrim.esm","BQShared","","structural-silent","0","0","","0","direct_mcp_review=ok; source=Skyrim.esm; stages=0; journal_stages=none; completion_stages=none; objectives=0; deep_read=not-needed",""
"Skyrim.esm:0BD78C","Skyrim.esm","BQ03","Bounty: Giant","candidate-proposed","4","0","","3","direct_mcp_review=ok; source=Skyrim.esm; stages=4; journal_stages=none; completion_stages=none; objectives=3; deep_read=vmad-info-ok","REPEATABLE-ELIGIBLE: stage-safe; daily hard cap owns repetition."
"Skyrim.esm:0BE159","Skyrim.esm","BardSongStarter","","semantic-silent","1","0","","0","direct_mcp_review=ok; source=Skyrim.esm; stages=1; journal_stages=none; completion_stages=none; objectives=0; deep_read=not-needed",""
"Skyrim.esm:0BED92","Skyrim.esm","WEJS14","DA13 Hook, Afflicted Refugee Headed to High Rock","semantic-silent-radiant-or-template","3","0","","0","direct_mcp_review=ok; source=Skyrim.esm; stages=3; journal_stages=none; completion_stages=none; objectives=0; deep_read=not-needed",""
"Skyrim.esm:0BEDAF","Skyrim.esm","WEJS15","DA13- Afflicted Refugees Attack the Player","semantic-silent-radiant-or-template","2","0","","0","direct_mcp_review=ok; source=Skyrim.esm; stages=2; journal_stages=none; completion_stages=none; objectives=0; deep_read=not-needed",""
"Skyrim.esm:0BEDEC","Skyrim.esm","Da13Intro","","semantic-silent","3","0","","1","direct_mcp_review=ok; source=Skyrim.esm; stages=3; journal_stages=none; completion_stages=none; objectives=1; deep_read=not-needed",""
"Skyrim.esm:0BF20F","Skyrim.esm","FavorJobsChopWood","Chop Wood","structural-silent","0","0","","0","direct_mcp_review=ok; source=Skyrim.esm; stages=0; journal_stages=none; completion_stages=none; objectives=0; deep_read=not-needed",""
"Skyrim.esm:0BF25B","Skyrim.esm","MQ201PartyScene3GuestAndGuest","MQ201 Party Scene 3","semantic-silent","2","0","","0","direct_mcp_review=ok; source=Skyrim.esm; stages=2; journal_stages=none; completion_stages=none; objectives=0; deep_read=not-needed",""
"Skyrim.esm:0BF31C","Skyrim.esm","WERJ07","Vampire Trick","semantic-silent-radiant-or-template","3","0","","0","direct_mcp_review=ok; source=Skyrim.esm; stages=3; journal_stages=none; completion_stages=none; objectives=0; deep_read=not-needed",""
"Skyrim.esm:0BFB2C","Skyrim.esm","CreatureDialogueSkeleton","CreatureDialogueSkeleton","structural-silent","0","0","","0","direct_mcp_review=ok; source=Skyrim.esm; stages=0; journal_stages=none; completion_stages=none; objectives=0; deep_read=not-needed",""
"Skyrim.esm:0BFB61","Skyrim.esm","WEDL01b","Bard at attacked by bandits","semantic-silent-radiant-or-template","3","0","","0","direct_mcp_review=ok; source=Skyrim.esm; stages=3; journal_stages=none; completion_stages=none; objectives=0; deep_read=not-needed",""
"Skyrim.esm:0C02F0","Skyrim.esm","DialogueWhiterunIrilethProventus1","Whiterun Irileth Proventus Scene 1","structural-silent","0","0","","0","direct_mcp_review=ok; source=Skyrim.esm; stages=0; journal_stages=none; completion_stages=none; objectives=0; deep_read=not-needed",""
"Skyrim.esm:0C02F2","Skyrim.esm","DialogueWhiterunIrilethBalgruuf1","Whiterun Irileth Balgruuf Scene 1","structural-silent","0","0","","0","direct_mcp_review=ok; source=Skyrim.esm; stages=0; journal_stages=none; completion_stages=none; objectives=0; deep_read=not-needed",""
"Skyrim.esm:0C02F4","Skyrim.esm","DialogueWhiterunProventusBalgruuf1","Whiterun Proventus Balgruuf 1","structural-silent","0","0","","0","direct_mcp_review=ok; source=Skyrim.esm; stages=0; journal_stages=none; completion_stages=none; objectives=0; deep_read=not-needed",""
"Skyrim.esm:0C0416","Skyrim.esm","MGRAppBrelyna01","Brelyna's Practice","candidate-proposed","5","2","200|F:255","2","direct_mcp_review=ok; source=Skyrim.esm; stages=5; journal_stages=20|200; completion_stages=200|F:255; objectives=2; deep_read=not-needed",""
"Skyrim.esm:0C04BA","Skyrim.esm","FreeformValdDebt","Vald's Debt","candidate-proposed","6","0","","3","direct_mcp_review=ok; source=Skyrim.esm; stages=6; journal_stages=none; completion_stages=none; objectives=3; deep_read=vmad-info-ok",""
"Skyrim.esm:0C06E3","Skyrim.esm","DialogueWhiterunHrongarBalgruuf1","Whiterun Irileth Balgruuf Scene 1","structural-silent","0","0","","0","direct_mcp_review=ok; source=Skyrim.esm; stages=0; journal_stages=none; completion_stages=none; objectives=0; deep_read=not-needed",""
"Skyrim.esm:0C06E5","Skyrim.esm","DialogueWhiterunHrongarProventus1","Whiterun Irileth Balgruuf Scene 1","structural-silent","0","0","","0","direct_mcp_review=ok; source=Skyrim.esm; stages=0; journal_stages=none; completion_stages=none; objectives=0; deep_read=not-needed",""
"Skyrim.esm:0C07C1","Skyrim.esm","dunNorthwatchKeepQST","","semantic-silent","2","0","","0","direct_mcp_review=ok; source=Skyrim.esm; stages=2; journal_stages=none; completion_stages=none; objectives=0; deep_read=not-needed",""
"Skyrim.esm:0C1796","Skyrim.esm","DialogueWhiterunDagnyFrothar1","Whiterun Irileth Balgruuf Scene 1","structural-silent","0","0","","0","direct_mcp_review=ok; source=Skyrim.esm; stages=0; journal_stages=none; completion_stages=none; objectives=0; deep_read=not-needed",""
"Skyrim.esm:0C18E1","Skyrim.esm","CR06","Family Heirloom","candidate-proposed","7","2","200|F:250","2","direct_mcp_review=ok; source=Skyrim.esm; stages=7; journal_stages=10|20; completion_stages=200|F:250; objectives=2; deep_read=not-needed","REPEATABLE-ELIGIBLE: stage-safe; daily hard cap owns repetition."
"Skyrim.esm:0C19A8","Skyrim.esm","DialogueRiftenSS02","Riften Scripted Scene Bridge","semantic-silent-radiant-or-template","3","0","200","0","direct_mcp_review=ok; source=Skyrim.esm; stages=3; journal_stages=none; completion_stages=200; objectives=0; deep_read=not-needed",""
"Skyrim.esm:0C19F8","Skyrim.esm","dunBloodletThroneQST","","semantic-silent","4","0","","0","direct_mcp_review=ok; source=Skyrim.esm; stages=4; journal_stages=none; completion_stages=none; objectives=0; deep_read=not-needed",""
"Skyrim.esm:0C1A1D","Skyrim.esm","WERJ09","Vampire Attack","semantic-silent-radiant-or-template","2","0","","0","direct_mcp_review=ok; source=Skyrim.esm; stages=2; journal_stages=none; completion_stages=none; objectives=0; deep_read=not-needed",""
"Skyrim.esm:0C1A1F","Skyrim.esm","WERJ10","Companions Hunting (Vilkas and Ria)","semantic-silent-radiant-or-template","4","0","","0","direct_mcp_review=ok; source=Skyrim.esm; stages=4; journal_stages=none; completion_stages=none; objectives=0; deep_read=not-needed",""
"Skyrim.esm:0C1ACC","Skyrim.esm","dunRebelsCairnQST","","candidate-proposed","6","0","","2","direct_mcp_review=ok; source=Skyrim.esm; stages=6; journal_stages=none; completion_stages=none; objectives=2; deep_read=vmad-info-ok","Positional terminal; verify the exact post-battle route."
"Skyrim.esm:0C1E07","Skyrim.esm","FreeformRiften22","Stabilized","candidate-proposed","5","0","","2","direct_mcp_review=ok; source=Skyrim.esm; stages=5; journal_stages=none; completion_stages=none; objectives=2; deep_read=vmad-info-ok",""
"Skyrim.esm:0C1E72","Skyrim.esm","MGR30","Aftershock","candidate-proposed","4","3","200|201","2","direct_mcp_review=ok; source=Skyrim.esm; stages=4; journal_stages=10|20|200; completion_stages=200|201; objectives=2; deep_read=not-needed","REPEATABLE-ELIGIBLE: stage-safe; daily hard cap owns repetition."
"Skyrim.esm:0C349B","Skyrim.esm","CW01AOutfitImperial","Get Outfitted","semantic-silent","5","0","","1","direct_mcp_review=ok; source=Skyrim.esm; stages=5; journal_stages=none; completion_stages=none; objectives=1; deep_read=not-needed",""
"Skyrim.esm:0C3709","Skyrim.esm","dunNchuandZelQst","The Lost Expedition","candidate-proposed","8","5","110|F:200","6","direct_mcp_review=ok; source=Skyrim.esm; stages=8; journal_stages=10|20|50|100|110; completion_stages=110|F:200; objectives=6; deep_read=not-needed",""
"Skyrim.esm:0C4B19","Skyrim.esm","MS10PostQuest","","structural-silent","0","0","","0","direct_mcp_review=ok; source=Skyrim.esm; stages=0; journal_stages=none; completion_stages=none; objectives=0; deep_read=not-needed",""
"Skyrim.esm:0C5940","Skyrim.esm","T01Intro","","semantic-silent","2","0","","1","direct_mcp_review=ok; source=Skyrim.esm; stages=2; journal_stages=none; completion_stages=none; objectives=1; deep_read=not-needed",""
"Skyrim.esm:0C6020","Skyrim.esm","DB11_dunKatariahQST","","semantic-silent","7","0","","0","direct_mcp_review=ok; source=Skyrim.esm; stages=7; journal_stages=none; completion_stages=none; objectives=0; deep_read=not-needed",""
"Skyrim.esm:0C62A8","Skyrim.esm","CWThreatCombatBarks","","structural-silent","0","0","","0","direct_mcp_review=ok; source=Skyrim.esm; stages=0; journal_stages=none; completion_stages=none; objectives=0; deep_read=not-needed",""
"Skyrim.esm:0C6E33","Skyrim.esm","DialogueWhiterunHrongarProventus2","Whiterun Irileth Balgruuf Scene 1","structural-silent","0","0","","0","direct_mcp_review=ok; source=Skyrim.esm; stages=0; journal_stages=none; completion_stages=none; objectives=0; deep_read=not-needed",""
"Skyrim.esm:0C72EB","Skyrim.esm","TGKeyHandler","Thieves Guild Skeleton Key Handler","semantic-silent-radiant-or-template","2","0","","0","direct_mcp_review=ok; source=Skyrim.esm; stages=2; journal_stages=none; completion_stages=none; objectives=0; deep_read=not-needed",""
"Skyrim.esm:0C7919","Skyrim.esm","WIGreeting","","semantic-silent-radiant-or-template","1","0","","0","direct_mcp_review=ok; source=Skyrim.esm; stages=1; journal_stages=none; completion_stages=none; objectives=0; deep_read=not-needed",""
"Skyrim.esm:0C7CF5","Skyrim.esm","DialogueSolitudeMarketplaceJawananJalaScene","Kids Playing in Well","structural-silent","0","0","","0","direct_mcp_review=ok; source=Skyrim.esm; stages=0; journal_stages=none; completion_stages=none; objectives=0; deep_read=not-needed",""
"Skyrim.esm:0C7CFD","Skyrim.esm","DialogueSolitudeStreetVivienneLisetteScene1","Kids Playing in Well","structural-silent","0","0","","0","direct_mcp_review=ok; source=Skyrim.esm; stages=0; journal_stages=none; completion_stages=none; objectives=0; deep_read=not-needed",""
"Skyrim.esm:0C7D04","Skyrim.esm","DialogueSolitudeStreetVivienneLisetteScene2","Kids Playing in Well","structural-silent","0","0","","0","direct_mcp_review=ok; source=Skyrim.esm; stages=0; journal_stages=none; completion_stages=none; objectives=0; deep_read=not-needed",""
"Skyrim.esm:0C7D06","Skyrim.esm","DialogueSolitudeStreetVivienneLisetteScene3","Kids Playing in Well","structural-silent","0","0","","0","direct_mcp_review=ok; source=Skyrim.esm; stages=0; journal_stages=none; completion_stages=none; objectives=0; deep_read=not-needed",""
"Skyrim.esm:0C7D10","Skyrim.esm","DialogueSolitudeMarketplaceJawananEvetteScene1","Kids Playing in Well","structural-silent","0","0","","0","direct_mcp_review=ok; source=Skyrim.esm; stages=0; journal_stages=none; completion_stages=none; objectives=0; deep_read=not-needed",""
"Skyrim.esm:0C7D15","Skyrim.esm","DialogueSolitudeMarketplaceAtAfAlanJalaScene1","Kids Playing in Well","structural-silent","0","0","","0","direct_mcp_review=ok; source=Skyrim.esm; stages=0; journal_stages=none; completion_stages=none; objectives=0; deep_read=not-needed",""
"Skyrim.esm:0C7D17","Skyrim.esm","DialogueSolitudeMarketplaceRorlundJalaScene1","Kids Playing in Well","structural-silent","0","0","","0","direct_mcp_review=ok; source=Skyrim.esm; stages=0; journal_stages=none; completion_stages=none; objectives=0; deep_read=not-needed",""
"Skyrim.esm:0C7D1A","Skyrim.esm","DialogueSolitudeMarketplaceIlldiJalaScene1","Kids Playing in Well","structural-silent","0","0","","0","direct_mcp_review=ok; source=Skyrim.esm; stages=0; journal_stages=none; completion_stages=none; objectives=0; deep_read=not-needed",""
"Skyrim.esm:0C7D1C","Skyrim.esm","SolitudeFreeform02","Fit for a Jarl","candidate-proposed","5","0","","2","direct_mcp_review=ok; source=Skyrim.esm; stages=5; journal_stages=none; completion_stages=none; objectives=2; deep_read=vmad-info-ok",""
"Skyrim.esm:0C7D42","Skyrim.esm","SolitudeFreeform03","Return to Grace","candidate-proposed","6","0","","3","direct_mcp_review=ok; source=Skyrim.esm; stages=6; journal_stages=none; completion_stages=none; objectives=3; deep_read=vmad-info-ok",""
"Skyrim.esm:0C7F4B","Skyrim.esm","DialogueSolitudeMarketplaceSilanaJalaScene1","Kids Playing in Well","structural-silent","0","0","","0","direct_mcp_review=ok; source=Skyrim.esm; stages=0; journal_stages=none; completion_stages=none; objectives=0; deep_read=not-needed",""
"Skyrim.esm:0C7F4D","Skyrim.esm","DialogueSolitudeMarketplaceSorexJalaScene1","Kids Playing in Well","structural-silent","0","0","","0","direct_mcp_review=ok; source=Skyrim.esm; stages=0; journal_stages=none; completion_stages=none; objectives=0; deep_read=not-needed",""
"Skyrim.esm:0C7F4F","Skyrim.esm","DialogueSolitudeMarketplaceAiaJalaScene1","Kids Playing in Well","structural-silent","0","0","","0","direct_mcp_review=ok; source=Skyrim.esm; stages=0; journal_stages=none; completion_stages=none; objectives=0; deep_read=not-needed",""
"Skyrim.esm:0C7F51","Skyrim.esm","DialogueSolitudeStreetUnaLisetteScene1","Kids Playing in Well","structural-silent","0","0","","0","direct_mcp_review=ok; source=Skyrim.esm; stages=0; journal_stages=none; completion_stages=none; objectives=0; deep_read=not-needed",""
"Skyrim.esm:0C7F53","Skyrim.esm","DialogueSolitudeStreetUnaJornScene1","Kids Playing in Well","structural-silent","0","0","","0","direct_mcp_review=ok; source=Skyrim.esm; stages=0; journal_stages=none; completion_stages=none; objectives=0; deep_read=not-needed",""
"Skyrim.esm:0C7F55","Skyrim.esm","DialogueSolitudeStreetOdarJornScene1","Kids Playing in Well","structural-silent","0","0","","0","direct_mcp_review=ok; source=Skyrim.esm; stages=0; journal_stages=none; completion_stages=none; objectives=0; deep_read=not-needed",""
"Skyrim.esm:0C7F58","Skyrim.esm","DialogueSolitudeStreetOdarJawananScene1","Kids Playing in Well","structural-silent","0","0","","0","direct_mcp_review=ok; source=Skyrim.esm; stages=0; journal_stages=none; completion_stages=none; objectives=0; deep_read=not-needed",""
"Skyrim.esm:0C97D9","Skyrim.esm","C00GiantAttack","","semantic-silent","6","0","","0","direct_mcp_review=ok; source=Skyrim.esm; stages=6; journal_stages=none; completion_stages=none; objectives=0; deep_read=not-needed",""
"Skyrim.esm:0C99EF","Skyrim.esm","TG00MiscHandler","TG00 Misc Handler","semantic-silent-radiant-or-template","2","0","","1","direct_mcp_review=ok; source=Skyrim.esm; stages=2; journal_stages=none; completion_stages=none; objectives=1; deep_read=not-needed",""
"Skyrim.esm:0C9A0E","Skyrim.esm","MGRejoinQuest","Rejoining the College","candidate-proposed","6","5","200","4","direct_mcp_review=ok; source=Skyrim.esm; stages=6; journal_stages=5|10|20|30|200; completion_stages=200; objectives=4; deep_read=not-needed",""
"Skyrim.esm:0C9AF5","Skyrim.esm","CreatureDialogueHagraven","CreatureDialogueHagraven","structural-silent","0","0","","0","direct_mcp_review=ok; source=Skyrim.esm; stages=0; journal_stages=none; completion_stages=none; objectives=0; deep_read=not-needed",""
"Skyrim.esm:0C9B92","Skyrim.esm","DialogueSolitudeMarketplaceAtAfAlanEvetteScene1","Kids Playing in Well","structural-silent","0","0","","0","direct_mcp_review=ok; source=Skyrim.esm; stages=0; journal_stages=none; completion_stages=none; objectives=0; deep_read=not-needed",""
"Skyrim.esm:0C9B94","Skyrim.esm","DialogueSolitudeMarketplaceRorlundEvetteScene1","Kids Playing in Well","structural-silent","0","0","","0","direct_mcp_review=ok; source=Skyrim.esm; stages=0; journal_stages=none; completion_stages=none; objectives=0; deep_read=not-needed",""
"Skyrim.esm:0C9B96","Skyrim.esm","DialogueSolitudeMarketplaceIlldiEvetteScene1","Kids Playing in Well","structural-silent","0","0","","0","direct_mcp_review=ok; source=Skyrim.esm; stages=0; journal_stages=none; completion_stages=none; objectives=0; deep_read=not-needed",""
"Skyrim.esm:0C9B98","Skyrim.esm","DialogueSolitudeMarketplaceSilanaEvetteScene1","Kids Playing in Well","structural-silent","0","0","","0","direct_mcp_review=ok; source=Skyrim.esm; stages=0; journal_stages=none; completion_stages=none; objectives=0; deep_read=not-needed",""
"Skyrim.esm:0C9B9A","Skyrim.esm","DialogueSolitudeMarketplaceSorexEvetteScene1","Kids Playing in Well","structural-silent","0","0","","0","direct_mcp_review=ok; source=Skyrim.esm; stages=0; journal_stages=none; completion_stages=none; objectives=0; deep_read=not-needed",""
"Skyrim.esm:0C9B9D","Skyrim.esm","DialogueSolitudeMarketplaceAtAfAlanAdvarScene1","Kids Playing in Well","structural-silent","0","0","","0","direct_mcp_review=ok; source=Skyrim.esm; stages=0; journal_stages=none; completion_stages=none; objectives=0; deep_read=not-needed",""
"Skyrim.esm:0C9BA0","Skyrim.esm","NN01","A Return To Your Roots","candidate-proposed","4","3","200","3","direct_mcp_review=ok; source=Skyrim.esm; stages=4; journal_stages=15|20|200; completion_stages=200; objectives=3; deep_read=not-needed",""
"Skyrim.esm:0C9F08","Skyrim.esm","MGMainQuestBridge","","semantic-silent-radiant-or-template","5","0","200","0","direct_mcp_review=ok; source=Skyrim.esm; stages=5; journal_stages=none; completion_stages=200; objectives=0; deep_read=not-needed",""
"Skyrim.esm:0CA209","Skyrim.esm","Favor013","A Few Words with You","candidate-proposed","5","0","20","2","direct_mcp_review=ok; source=Skyrim.esm; stages=5; journal_stages=none; completion_stages=20; objectives=2; deep_read=not-needed","REPEATABLE-ELIGIBLE: stage-safe; daily hard cap owns repetition."
"Skyrim.esm:0CA210","Skyrim.esm","Favor017","Fight! Fight!","semantic-silent-radiant-or-template","4","0","","0","direct_mcp_review=ok; source=Skyrim.esm; stages=4; journal_stages=none; completion_stages=none; objectives=0; deep_read=not-needed",""
"Skyrim.esm:0CA439","Skyrim.esm","Favor110","Rare Gifts","candidate-proposed","4","0","","1","direct_mcp_review=ok; source=Skyrim.esm; stages=4; journal_stages=none; completion_stages=none; objectives=1; deep_read=vmad-info-ok","REPEATABLE-ELIGIBLE: stage-safe; daily hard cap owns repetition."
"Skyrim.esm:0CAB3C","Skyrim.esm","dunArcherQST","","semantic-silent","25","0","","0","direct_mcp_review=ok; source=Skyrim.esm; stages=25; journal_stages=none; completion_stages=none; objectives=0; deep_read=not-needed",""
"Skyrim.esm:0CB1CB","Skyrim.esm","CWJarlThanks","","structural-silent","0","0","","0","direct_mcp_review=ok; source=Skyrim.esm; stages=0; journal_stages=none; completion_stages=none; objectives=0; deep_read=not-needed",""
"Skyrim.esm:0CBA9A","Skyrim.esm","BQ04","Bounty: Dragon","candidate-proposed","4","0","","3","direct_mcp_review=ok; source=Skyrim.esm; stages=4; journal_stages=none; completion_stages=none; objectives=3; deep_read=vmad-info-ok","REPEATABLE-ELIGIBLE: stage-safe; daily hard cap owns repetition."
"Skyrim.esm:0CC794","Skyrim.esm","T02PostQuest","","semantic-silent","2","0","","0","direct_mcp_review=ok; source=Skyrim.esm; stages=2; journal_stages=none; completion_stages=none; objectives=0; deep_read=not-needed",""
"Skyrim.esm:0CD13F","Skyrim.esm","CidhnaMineJailEventScene","","semantic-silent","5","0","","0","direct_mcp_review=ok; source=Skyrim.esm; stages=5; journal_stages=none; completion_stages=none; objectives=0; deep_read=not-needed",""
"Skyrim.esm:0CD15A","Skyrim.esm","DialogueMarkarthIntroArnleifandSonsScene","DialogueMarkarthIntroArnleifandSonsScene","semantic-silent-radiant-or-template","2","0","","0","direct_mcp_review=ok; source=Skyrim.esm; stages=2; journal_stages=none; completion_stages=none; objectives=0; deep_read=not-needed",""
"Skyrim.esm:0CD851","Skyrim.esm","DialogueSolitudeBitsXanderSaymaScene1","Xander shopping Bits and Pieces","structural-silent","0","0","","0","direct_mcp_review=ok; source=Skyrim.esm; stages=0; journal_stages=none; completion_stages=none; objectives=0; deep_read=not-needed",""
"Skyrim.esm:0CD882","Skyrim.esm","FreeformWindhelmA","Delivery","candidate-proposed","3","0","","1","direct_mcp_review=ok; source=Skyrim.esm; stages=3; journal_stages=none; completion_stages=none; objectives=1; deep_read=vmad-info-ok",""
"Skyrim.esm:0CD987","Skyrim.esm","MGRitual04","Restoration Ritual Spell","candidate-proposed","5","2","200","1","direct_mcp_review=ok; source=Skyrim.esm; stages=5; journal_stages=10|200; completion_stages=200; objectives=1; deep_read=not-needed",""
"Skyrim.esm:0CDB56","Skyrim.esm","DialogueSolitudeRaimentXanderTaarieScene1","Xander shopping Clothes","structural-silent","0","0","","0","direct_mcp_review=ok; source=Skyrim.esm; stages=0; journal_stages=none; completion_stages=none; objectives=0; deep_read=not-needed",""
"Skyrim.esm:0CDB58","Skyrim.esm","DialogueSolitudeRaimentXanderAngelineScene1","Xander shopping Apothecary","structural-silent","0","0","","0","direct_mcp_review=ok; source=Skyrim.esm; stages=0; journal_stages=none; completion_stages=none; objectives=0; deep_read=not-needed",""
"Skyrim.esm:0CF915","Skyrim.esm","dunFrostmereCryptQST","The Pale Lady","candidate-proposed","28","6","","4","direct_mcp_review=ok; source=Skyrim.esm; stages=28; journal_stages=1|7|8|9|90|91; completion_stages=none; objectives=4; deep_read=vmad-info-ok",""
"Skyrim.esm:0D0536","Skyrim.esm","DialogueSolitudeMarketplaceIlldiAdvarScene1","Kids Playing in Well","structural-silent","0","0","","0","direct_mcp_review=ok; source=Skyrim.esm; stages=0; journal_stages=none; completion_stages=none; objectives=0; deep_read=not-needed",""
"Skyrim.esm:0D0538","Skyrim.esm","DialogueSolitudeMarketplaceJawananAdvarScene1","Kids Playing in Well","structural-silent","0","0","","0","direct_mcp_review=ok; source=Skyrim.esm; stages=0; journal_stages=none; completion_stages=none; objectives=0; deep_read=not-needed",""
"Skyrim.esm:0D053A","Skyrim.esm","DialogueSolitudeMarketplaceRorlundAdvarScene1","Kids Playing in Well","structural-silent","0","0","","0","direct_mcp_review=ok; source=Skyrim.esm; stages=0; journal_stages=none; completion_stages=none; objectives=0; deep_read=not-needed",""
"Skyrim.esm:0D053B","Skyrim.esm","DialogueSolitudeMarketplaceAiaAdvarScene1","Kids Playing in Well","structural-silent","0","0","","0","direct_mcp_review=ok; source=Skyrim.esm; stages=0; journal_stages=none; completion_stages=none; objectives=0; deep_read=not-needed",""
"Skyrim.esm:0D053E","Skyrim.esm","DialogueSolitudeMarketplaceSilanaAdvarScene1","Kids Playing in Well","structural-silent","0","0","","0","direct_mcp_review=ok; source=Skyrim.esm; stages=0; journal_stages=none; completion_stages=none; objectives=0; deep_read=not-needed",""
"Skyrim.esm:0D0540","Skyrim.esm","DialogueSolitudeMarketplaceSorexAdvarScene1","Kids Playing in Well","structural-silent","0","0","","0","direct_mcp_review=ok; source=Skyrim.esm; stages=0; journal_stages=none; completion_stages=none; objectives=0; deep_read=not-needed",""
"Skyrim.esm:0D0543","Skyrim.esm","DialogueSolitudeMarketplaceAiaEvetteScene1","Kids Playing in Well","structural-silent","0","0","","0","direct_mcp_review=ok; source=Skyrim.esm; stages=0; journal_stages=none; completion_stages=none; objectives=0; deep_read=not-needed",""
"Skyrim.esm:0D0559","Skyrim.esm","DialogueMarkarthHagsCureSceneMuiriBothela03","DialogueMarkarthHagsCureSceneMuiriBothela03","structural-silent","0","0","","0","direct_mcp_review=ok; source=Skyrim.esm; stages=0; journal_stages=none; completion_stages=none; objectives=0; deep_read=not-needed",""
"Skyrim.esm:0D055B","Skyrim.esm","DialogueMarkarthHagsCureSceneMuiriBothela04","DialogueMarkarthHagsCureSceneMuiriBothela04","structural-silent","0","0","","0","direct_mcp_review=ok; source=Skyrim.esm; stages=0; journal_stages=none; completion_stages=none; objectives=0; deep_read=not-needed",""
"Skyrim.esm:0D055D","Skyrim.esm","SolitudeFreeform04","Delivery","candidate-proposed","3","0","","1","direct_mcp_review=ok; source=Skyrim.esm; stages=3; journal_stages=none; completion_stages=none; objectives=1; deep_read=vmad-info-ok",""
"Skyrim.esm:0D0593","Skyrim.esm","MQ101DragonAttack","","semantic-silent","42","0","","0","direct_mcp_review=ok; source=Skyrim.esm; stages=42; journal_stages=none; completion_stages=none; objectives=0; deep_read=not-needed",""
"Skyrim.esm:0D0755","Skyrim.esm","MGRitual05","Alteration Ritual Spell","candidate-proposed","5","3","200","2","direct_mcp_review=ok; source=Skyrim.esm; stages=5; journal_stages=10|20|200; completion_stages=200; objectives=2; deep_read=not-needed",""
"Skyrim.esm:0D0800","Skyrim.esm","MQ103","Bleak Falls Barrow","unsafe-existing-mapping","18","3","190","3","direct_mcp_review=ok; source=Skyrim.esm; stages=18; journal_stages=10|50|190; completion_stages=190; objectives=3; deep_read=not-needed","Existing core mapping requires owner adjudication; isolated repair proposal is in the tagged shard."
"Skyrim.esm:0D1444","Skyrim.esm","CWFinale","","semantic-silent","14","0","","0","direct_mcp_review=ok; source=Skyrim.esm; stages=14; journal_stages=none; completion_stages=none; objectives=0; deep_read=not-needed",""
"Skyrim.esm:0D1958","Skyrim.esm","MS01MiscObjectives","","semantic-silent","2","0","","1","direct_mcp_review=ok; source=Skyrim.esm; stages=2; journal_stages=none; completion_stages=none; objectives=1; deep_read=not-needed",""
"Skyrim.esm:0D1984","Skyrim.esm","DialogueWhiterunGuardGateStop","","semantic-silent-radiant-or-template","1","0","","0","direct_mcp_review=ok; source=Skyrim.esm; stages=1; journal_stages=none; completion_stages=none; objectives=0; deep_read=not-needed",""
"Skyrim.esm:0D19B9","Skyrim.esm","CompanionsMiscObjective","","semantic-silent-radiant-or-template","4","0","200","1","direct_mcp_review=ok; source=Skyrim.esm; stages=4; journal_stages=none; completion_stages=200; objectives=1; deep_read=not-needed",""
"Skyrim.esm:0D2ABE","Skyrim.esm","DialogueWhiterunCarlottaNazeemScene1","","structural-silent","0","0","","0","direct_mcp_review=ok; source=Skyrim.esm; stages=0; journal_stages=none; completion_stages=none; objectives=0; deep_read=not-needed",""
"Skyrim.esm:0D2C5F","Skyrim.esm","DialogueRiverwoodSceneSigridAlvor2","Riverwood Alvor Sigrid scene","structural-silent","0","0","","0","direct_mcp_review=ok; source=Skyrim.esm; stages=0; journal_stages=none; completion_stages=none; objectives=0; deep_read=not-needed",""
"Skyrim.esm:0D2C61","Skyrim.esm","DialogueRiverwoodSceneGerdurHod","Riverwood Hod Gerdur scene","structural-silent","0","0","","0","direct_mcp_review=ok; source=Skyrim.esm; stages=0; journal_stages=none; completion_stages=none; objectives=0; deep_read=not-needed",""
"Skyrim.esm:0D2C6A","Skyrim.esm","DialogueRiverwoodSleepingGiantScene7","Embry Hod","structural-silent","0","0","","0","direct_mcp_review=ok; source=Skyrim.esm; stages=0; journal_stages=none; completion_stages=none; objectives=0; deep_read=not-needed",""
"Skyrim.esm:0D2C6C","Skyrim.esm","DialogueRiverwoodSleepingGiantScene8","Embry Orgnar","structural-silent","0","0","","0","direct_mcp_review=ok; source=Skyrim.esm; stages=0; journal_stages=none; completion_stages=none; objectives=0; deep_read=not-needed",""
"Skyrim.esm:0D2CAF","Skyrim.esm","MS11WuunferthArrest","","structural-silent","0","0","","0","direct_mcp_review=ok; source=Skyrim.esm; stages=0; journal_stages=none; completion_stages=none; objectives=0; deep_read=not-needed",""
"Skyrim.esm:0D3AC6","Skyrim.esm","TG04Post","Scoundrel's Folly Post","semantic-silent","3","0","","1","direct_mcp_review=ok; source=Skyrim.esm; stages=3; journal_stages=none; completion_stages=none; objectives=1; deep_read=not-needed",""
"Skyrim.esm:0D3C5F","Skyrim.esm","CW00A","Imperial Introductions","semantic-silent","8","0","","1","direct_mcp_review=ok; source=Skyrim.esm; stages=8; journal_stages=none; completion_stages=none; objectives=1; deep_read=not-needed",""
"Skyrim.esm:0D45F4","Skyrim.esm","T01DegaineFavor","","candidate-proposed","5","1","","2","direct_mcp_review=ok; source=Skyrim.esm; stages=5; journal_stages=10; completion_stages=none; objectives=2; deep_read=vmad-info-ok",""
"Skyrim.esm:0D5165","Skyrim.esm","CW00SolitudeMapTableScene","Scene about Balgruuf","semantic-silent-radiant-or-template","1","0","","0","direct_mcp_review=ok; source=Skyrim.esm; stages=1; journal_stages=none; completion_stages=none; objectives=0; deep_read=not-needed",""
"Skyrim.esm:0D517A","Skyrim.esm","CW01A","Joining the Legion","unsafe-existing-mapping","7","1","200|F:999","3","direct_mcp_review=ok; source=Skyrim.esm; stages=7; journal_stages=1; completion_stages=200|F:999; objectives=3; deep_read=vmad-info-ok","Existing core mapping requires owner adjudication; isolated repair proposal is in the tagged shard."
"Skyrim.esm:0D5602","Skyrim.esm","dunCragslaneQST","","structural-silent","0","0","","0","direct_mcp_review=ok; source=Skyrim.esm; stages=0; journal_stages=none; completion_stages=none; objectives=0; deep_read=not-needed",""
"Skyrim.esm:0D5F08","Skyrim.esm","CWFortObserver","Player left fort, check if its been cleared of monsters","semantic-silent","1","0","","0","direct_mcp_review=ok; source=Skyrim.esm; stages=1; journal_stages=none; completion_stages=none; objectives=0; deep_read=not-needed",""
"Skyrim.esm:0D5F0A","Skyrim.esm","CW01SolitudeMapTableScene","Scene about Jagged Crown","semantic-silent-radiant-or-template","1","0","","0","direct_mcp_review=ok; source=Skyrim.esm; stages=1; journal_stages=none; completion_stages=none; objectives=0; deep_read=not-needed",""
"Skyrim.esm:0D5F14","Skyrim.esm","DialogueGuardsHBlocker","","structural-silent","0","0","","0","direct_mcp_review=ok; source=Skyrim.esm; stages=0; journal_stages=none; completion_stages=none; objectives=0; deep_read=not-needed",""
"Skyrim.esm:0D661C","Skyrim.esm","CW03","Message to Whiterun","unsafe-existing-mapping","18","3","210|240|255","8","direct_mcp_review=ok; source=Skyrim.esm; stages=18; journal_stages=10|50|100; completion_stages=210|240|255; objectives=8; deep_read=vmad-info-ok","Existing rows include assignment/intermediate stages and multiple unlabelled CompleteQuest terminals; exact branch-safe replacement remains ambiguous."
"Skyrim.esm:0D66F2","Skyrim.esm","MS01GuardThreatenScene","","semantic-silent","4","0","","0","direct_mcp_review=ok; source=Skyrim.esm; stages=4; journal_stages=none; completion_stages=none; objectives=0; deep_read=not-needed",""
"Skyrim.esm:0D6710","Skyrim.esm","MS01ForswornThreatenScene","","semantic-silent","3","0","","0","direct_mcp_review=ok; source=Skyrim.esm; stages=3; journal_stages=none; completion_stages=none; objectives=0; deep_read=not-needed",""
"Skyrim.esm:0D6986","Skyrim.esm","FreeformFalkreathQuest03B","Dark Ancestor","candidate-proposed","4","0","200","1","direct_mcp_review=ok; source=Skyrim.esm; stages=4; journal_stages=none; completion_stages=200; objectives=1; deep_read=not-needed",""
"Skyrim.esm:0D69FB","Skyrim.esm","SolitudeFreeform06","The Spiced Wine","candidate-proposed","4","0","","2","direct_mcp_review=ok; source=Skyrim.esm; stages=4; journal_stages=none; completion_stages=none; objectives=2; deep_read=vmad-info-ok",""
"Skyrim.esm:0D6A1A","Skyrim.esm","DialogueSolitudeBardsCollegeClassGiraudScene1","Bards College Class Scene","semantic-silent-radiant-or-template","3","0","","0","direct_mcp_review=ok; source=Skyrim.esm; stages=3; journal_stages=none; completion_stages=none; objectives=0; deep_read=not-needed",""
"Skyrim.esm:0D6A1C","Skyrim.esm","DialogueSolitudeBardsCollegeClassIngeScene1","Bards College Class Scene","semantic-silent-radiant-or-template","3","0","","0","direct_mcp_review=ok; source=Skyrim.esm; stages=3; journal_stages=none; completion_stages=none; objectives=0; deep_read=not-needed",""
"Skyrim.esm:0D6A1D","Skyrim.esm","DialogueSolitudeBardsCollegeClassPanteaScene1","Bards College Class Scene","semantic-silent-radiant-or-template","3","0","","0","direct_mcp_review=ok; source=Skyrim.esm; stages=3; journal_stages=none; completion_stages=none; objectives=0; deep_read=not-needed",""
"Skyrim.esm:0D7370","Skyrim.esm","dunHillgrundsTombQSTFIN","","semantic-silent","4","0","","0","direct_mcp_review=ok; source=Skyrim.esm; stages=4; journal_stages=none; completion_stages=none; objectives=0; deep_read=not-needed",""
"Skyrim.esm:0D74FC","Skyrim.esm","DialogueWhiterunTemple","","structural-silent","0","0","","0","direct_mcp_review=ok; source=Skyrim.esm; stages=0; journal_stages=none; completion_stages=none; objectives=0; deep_read=not-needed",""
"Skyrim.esm:0D7897","Skyrim.esm","DA15Rumor","","semantic-silent","3","0","","1","direct_mcp_review=ok; source=Skyrim.esm; stages=3; journal_stages=none; completion_stages=none; objectives=1; deep_read=not-needed",""
"Skyrim.esm:0D789A","Skyrim.esm","MS06Rumor","","semantic-silent","3","0","","1","direct_mcp_review=ok; source=Skyrim.esm; stages=3; journal_stages=none; completion_stages=none; objectives=1; deep_read=not-needed",""
"Skyrim.esm:0D789C","Skyrim.esm","MS05Rumor","","semantic-silent","3","0","","1","direct_mcp_review=ok; source=Skyrim.esm; stages=3; journal_stages=none; completion_stages=none; objectives=1; deep_read=not-needed",""
"Skyrim.esm:0D78A9","Skyrim.esm","CreatureDialogueWitchlight","CreatureDialogueWitchlight","structural-silent","0","0","","0","direct_mcp_review=ok; source=Skyrim.esm; stages=0; journal_stages=none; completion_stages=none; objectives=0; deep_read=not-needed",""
"Skyrim.esm:0D78AC","Skyrim.esm","CreatureDialogueHare","CreatureDialogueHare","structural-silent","0","0","","0","direct_mcp_review=ok; source=Skyrim.esm; stages=0; journal_stages=none; completion_stages=none; objectives=0; deep_read=not-needed",""
"Skyrim.esm:0D78B0","Skyrim.esm","CreatureDialogueWisp","CreatureDialogueWisp","structural-silent","0","0","","0","direct_mcp_review=ok; source=Skyrim.esm; stages=0; journal_stages=none; completion_stages=none; objectives=0; deep_read=not-needed",""
"Skyrim.esm:0D7939","Skyrim.esm","DA03Start","","semantic-silent","6","1","20","2","direct_mcp_review=ok; source=Skyrim.esm; stages=6; journal_stages=5; completion_stages=20; objectives=2; deep_read=not-needed",""
"Skyrim.esm:0D7B12","Skyrim.esm","ArenaCrowdQuest","","semantic-silent-radiant-or-template","5","0","","0","direct_mcp_review=ok; source=Skyrim.esm; stages=5; journal_stages=none; completion_stages=none; objectives=0; deep_read=not-needed",""
"Skyrim.esm:0D7D5B","Skyrim.esm","DialogueWhiterunTempleHealSoldier","","structural-silent","0","0","","0","direct_mcp_review=ok; source=Skyrim.esm; stages=0; journal_stages=none; completion_stages=none; objectives=0; deep_read=not-needed",""
"Skyrim.esm:0D7D69","Skyrim.esm","TGLeadership","Under New Management","semantic-silent","9","2","50|200","5","direct_mcp_review=ok; source=Skyrim.esm; stages=9; journal_stages=20|200; completion_stages=50|200; objectives=5; deep_read=not-needed",""
"Skyrim.esm:0D87E7","Skyrim.esm","MS08PrisonerSceneQuest","","structural-silent","0","0","","0","direct_mcp_review=ok; source=Skyrim.esm; stages=0; journal_stages=none; completion_stages=none; objectives=0; deep_read=not-needed",""
"Skyrim.esm:0D8BE0","Skyrim.esm","DialogueWhiterunTempleHealFarmer","","structural-silent","0","0","","0","direct_mcp_review=ok; source=Skyrim.esm; stages=0; journal_stages=none; completion_stages=none; objectives=0; deep_read=not-needed",""
"Skyrim.esm:0D8BE1","Skyrim.esm","DialogueWhiterunTempleTalkFarmer","","structural-silent","0","0","","0","direct_mcp_review=ok; source=Skyrim.esm; stages=0; journal_stages=none; completion_stages=none; objectives=0; deep_read=not-needed",""
"Skyrim.esm:0D8BE2","Skyrim.esm","DialogueWhiterunTempleTalkSoldier","","structural-silent","0","0","","0","direct_mcp_review=ok; source=Skyrim.esm; stages=0; journal_stages=none; completion_stages=none; objectives=0; deep_read=not-needed",""
"Skyrim.esm:0D8E56","Skyrim.esm","dunMasterQST","","structural-silent","0","0","","0","direct_mcp_review=ok; source=Skyrim.esm; stages=0; journal_stages=none; completion_stages=none; objectives=0; deep_read=not-needed",""
"Skyrim.esm:0D9393","Skyrim.esm","FreeformCaravansA","Amulet of the Moon","candidate-proposed","4","0","20","2","direct_mcp_review=ok; source=Skyrim.esm; stages=4; journal_stages=none; completion_stages=20; objectives=2; deep_read=not-needed",""
"Skyrim.esm:0D93FA","Skyrim.esm","BardsCollegeLute","Finn's Lute","unsafe-existing-mapping","5","1","200","2","direct_mcp_review=ok; source=Skyrim.esm; stages=5; journal_stages=20; completion_stages=200; objectives=2; deep_read=vmad-info-ok","Existing core mapping requires owner adjudication; isolated repair proposal is in the tagged shard."
"Skyrim.esm:0D9431","Skyrim.esm","BardsCollegeFlute","Pantea's Flute","unsafe-existing-mapping","5","0","200","2","direct_mcp_review=ok; source=Skyrim.esm; stages=5; journal_stages=none; completion_stages=200; objectives=2; deep_read=vmad-info-ok","Existing core mapping requires owner adjudication; isolated repair proposal is in the tagged shard."
"Skyrim.esm:0D944F","Skyrim.esm","BardsCollegeDrum","Rjorn's Drum","unsafe-existing-mapping","5","1","200","2","direct_mcp_review=ok; source=Skyrim.esm; stages=5; journal_stages=20; completion_stages=200; objectives=2; deep_read=vmad-info-ok","Existing core mapping requires owner adjudication; isolated repair proposal is in the tagged shard."
"Skyrim.esm:0D980B","Skyrim.esm","dunPOITundraMarshDogQST","","semantic-silent","6","0","","0","direct_mcp_review=ok; source=Skyrim.esm; stages=6; journal_stages=none; completion_stages=none; objectives=0; deep_read=not-needed",""
"Skyrim.esm:0D9B63","Skyrim.esm","FreeformIvarstead01","Lifting the Shroud","candidate-proposed","5","0","200","2","direct_mcp_review=ok; source=Skyrim.esm; stages=5; journal_stages=none; completion_stages=200; objectives=2; deep_read=not-needed",""
"Skyrim.esm:0D9B64","Skyrim.esm","FreeformIvarstead02","The Straw that Broke","candidate-proposed","6","0","200","3","direct_mcp_review=ok; source=Skyrim.esm; stages=6; journal_stages=none; completion_stages=200; objectives=3; deep_read=not-needed",""
"Skyrim.esm:0D9B65","Skyrim.esm","FreeformIvarstead03","Grin and Bear It","candidate-proposed","4","0","200","2","direct_mcp_review=ok; source=Skyrim.esm; stages=4; journal_stages=none; completion_stages=200; objectives=2; deep_read=not-needed",""
"Skyrim.esm:0D9B66","Skyrim.esm","FreeformIvarstead04","Climb the Steps","candidate-proposed","4","0","200","2","direct_mcp_review=ok; source=Skyrim.esm; stages=4; journal_stages=none; completion_stages=200; objectives=2; deep_read=not-needed",""
"Skyrim.esm:0D9DC5","Skyrim.esm","DialogueLargashbur","Largashbur Dialogue","structural-silent","0","0","","0","direct_mcp_review=ok; source=Skyrim.esm; stages=0; journal_stages=none; completion_stages=none; objectives=0; deep_read=not-needed",""
"Skyrim.esm:0DB851","Skyrim.esm","FreeformCidhnaMineA","Shiv","candidate-needs-tag","7","0","","3","direct_mcp_review=ok; source=Skyrim.esm; stages=7; journal_stages=none; completion_stages=none; objectives=3; deep_read=vmad-info-ok","NEEDS-TAG: illicit-drug trafficking/barter is not represented by a canonical act tag."
"Skyrim.esm:0DBA3D","Skyrim.esm","DialogueMorthalMoorsideScene07","Morthal Moorside Gorm Alva","structural-silent","0","0","","0","direct_mcp_review=ok; source=Skyrim.esm; stages=0; journal_stages=none; completion_stages=none; objectives=0; deep_read=not-needed",""
"Skyrim.esm:0DBA3F","Skyrim.esm","DialogueMorthalMoorsideScene08","Morthal Moorside Benor Alva","structural-silent","0","0","","0","direct_mcp_review=ok; source=Skyrim.esm; stages=0; journal_stages=none; completion_stages=none; objectives=0; deep_read=not-needed",""
"Skyrim.esm:0DBA41","Skyrim.esm","DialogueTutorial","Tutorial","semantic-silent-radiant-or-template","5","1","200","2","direct_mcp_review=ok; source=Skyrim.esm; stages=5; journal_stages=20; completion_stages=200; objectives=2; deep_read=not-needed",""
"Skyrim.esm:0DC53C","Skyrim.esm","DA10MiscObjective","","semantic-silent","2","0","","1","direct_mcp_review=ok; source=Skyrim.esm; stages=2; journal_stages=none; completion_stages=none; objectives=1; deep_read=not-needed",""
"Skyrim.esm:0DC9DF","Skyrim.esm","ArenaWagerFighterQuest","","semantic-silent-radiant-or-template","2","0","","0","direct_mcp_review=ok; source=Skyrim.esm; stages=2; journal_stages=none; completion_stages=none; objectives=0; deep_read=not-needed",""
"Skyrim.esm:0DC9E0","Skyrim.esm","DA08RumorPointer","","semantic-silent","3","0","","1","direct_mcp_review=ok; source=Skyrim.esm; stages=3; journal_stages=none; completion_stages=none; objectives=1; deep_read=not-needed",""
"Skyrim.esm:0DD5EF","Skyrim.esm","DialogueCidhnaMineBlathlocGrisvar02","DialogueCidhnaMineBlathlocGrisvar02","structural-silent","0","0","","0","direct_mcp_review=ok; source=Skyrim.esm; stages=0; journal_stages=none; completion_stages=none; objectives=0; deep_read=not-needed",""
"Skyrim.esm:0DD5FA","Skyrim.esm","DialogueIvarsteadScriptedScene","Ivarstead Scripted Scene Bridge","semantic-silent-radiant-or-template","2","0","200","0","direct_mcp_review=ok; source=Skyrim.esm; stages=2; journal_stages=none; completion_stages=200; objectives=0; deep_read=not-needed",""
"Skyrim.esm:0DDF8D","Skyrim.esm","dunPOITundraWitchShackQST","","semantic-silent","5","0","","0","direct_mcp_review=ok; source=Skyrim.esm; stages=5; journal_stages=none; completion_stages=none; objectives=0; deep_read=not-needed",""
"Skyrim.esm:0DEE92","Skyrim.esm","WITavern","","semantic-silent-radiant-or-template","1","0","","0","direct_mcp_review=ok; source=Skyrim.esm; stages=1; journal_stages=none; completion_stages=none; objectives=0; deep_read=not-needed",""
"Skyrim.esm:0DEE9A","Skyrim.esm","WITavernServerPatronSceneA","","structural-silent","0","0","","0","direct_mcp_review=ok; source=Skyrim.esm; stages=0; journal_stages=none; completion_stages=none; objectives=0; deep_read=not-needed",""
"Skyrim.esm:0DFB01","Skyrim.esm","TG09NightingalesDialogue","Twilight Sepulcher Dialogue","structural-silent","0","0","","0","direct_mcp_review=ok; source=Skyrim.esm; stages=0; journal_stages=none; completion_stages=none; objectives=0; deep_read=not-needed",""
"Skyrim.esm:0E0C67","Skyrim.esm","MGCollegeLectureInfos","College Lectures","semantic-silent","2","0","","0","direct_mcp_review=ok; source=Skyrim.esm; stages=2; journal_stages=none; completion_stages=none; objectives=0; deep_read=not-needed",""
"Skyrim.esm:0E0DA5","Skyrim.esm","DialogueWhiterunFraliaYsoldaScene1","","structural-silent","0","0","","0","direct_mcp_review=ok; source=Skyrim.esm; stages=0; journal_stages=none; completion_stages=none; objectives=0; deep_read=not-needed",""
"Skyrim.esm:0E0DA7","Skyrim.esm","DialogueWhiterunOlfinaYsoldaScene1","","structural-silent","0","0","","0","direct_mcp_review=ok; source=Skyrim.esm; stages=0; journal_stages=none; completion_stages=none; objectives=0; deep_read=not-needed",""
"Skyrim.esm:0E0DA9","Skyrim.esm","DialogueWhiterunNazeemYsoldaScene1","","structural-silent","0","0","","0","direct_mcp_review=ok; source=Skyrim.esm; stages=0; journal_stages=none; completion_stages=none; objectives=0; deep_read=not-needed",""
"Skyrim.esm:0E0E04","Skyrim.esm","MGR21","Shalidor's Insights","candidate-proposed","3","3","200","2","direct_mcp_review=ok; source=Skyrim.esm; stages=3; journal_stages=10|20|200; completion_stages=200; objectives=2; deep_read=not-needed","REPEATABLE-ELIGIBLE: stage-safe; daily hard cap owns repetition."
"Skyrim.esm:0E0E0C","Skyrim.esm","MGR22","Shalidor's Insights Rewards","semantic-silent","4","0","","0","direct_mcp_review=ok; source=Skyrim.esm; stages=4; journal_stages=none; completion_stages=none; objectives=0; deep_read=not-needed",""
"Skyrim.esm:0E16C6","Skyrim.esm","DA16WalkSceneMonitor","","semantic-silent","2","0","","0","direct_mcp_review=ok; source=Skyrim.esm; stages=2; journal_stages=none; completion_stages=none; objectives=0; deep_read=not-needed",""
"Skyrim.esm:0E16CC","Skyrim.esm","DA16MiniScenes","Waking Nightmare Mini-Scenes","structural-silent","0","0","","0","direct_mcp_review=ok; source=Skyrim.esm; stages=0; journal_stages=none; completion_stages=none; objectives=0; deep_read=not-needed",""
"Skyrim.esm:0E1782","Skyrim.esm","TG09Post","Darkness Returns Post Quest","semantic-silent","5","0","","0","direct_mcp_review=ok; source=Skyrim.esm; stages=5; journal_stages=none; completion_stages=none; objectives=0; deep_read=not-needed",""
"Skyrim.esm:0E1A9D","Skyrim.esm","dunSleepingTreeCampQST","","semantic-silent","7","0","","1","direct_mcp_review=ok; source=Skyrim.esm; stages=7; journal_stages=none; completion_stages=none; objectives=1; deep_read=not-needed",""
"Skyrim.esm:0E1B36","Skyrim.esm","CW00WindhelmMapTableScene","Scene about Balgruuf","semantic-silent-radiant-or-template","1","0","","0","direct_mcp_review=ok; source=Skyrim.esm; stages=1; journal_stages=none; completion_stages=none; objectives=0; deep_read=not-needed",""
"Skyrim.esm:0E1B5A","Skyrim.esm","CW00B","Stormcloak Introductions","semantic-silent","7","0","","1","direct_mcp_review=ok; source=Skyrim.esm; stages=7; journal_stages=none; completion_stages=none; objectives=1; deep_read=not-needed",""
"Skyrim.esm:0E2D29","Skyrim.esm","CW01B","Joining the Stormcloaks","unsafe-existing-mapping","7","1","200|F:999","3","direct_mcp_review=ok; source=Skyrim.esm; stages=7; journal_stages=1; completion_stages=200|F:999; objectives=3; deep_read=vmad-info-ok","Existing core mapping requires owner adjudication; isolated repair proposal is in the tagged shard."
"Skyrim.esm:0E2D3A","Skyrim.esm","CW01WindhelmMapTableScene","Scene about Jagged Crown","semantic-silent-radiant-or-template","1","0","","0","direct_mcp_review=ok; source=Skyrim.esm; stages=1; journal_stages=none; completion_stages=none; objectives=0; deep_read=not-needed",""
"Skyrim.esm:0E30E7","Skyrim.esm","C06FuneralObserversQuest","","semantic-silent","2","0","","0","direct_mcp_review=ok; source=Skyrim.esm; stages=2; journal_stages=none; completion_stages=none; objectives=0; deep_read=not-needed",""
"Skyrim.esm:0E3156","Skyrim.esm","CR14","Dragon Seekers","candidate-proposed","6","2","100|200","2","direct_mcp_review=ok; source=Skyrim.esm; stages=6; journal_stages=10|20; completion_stages=100|200; objectives=2; deep_read=not-needed","REPEATABLE-ELIGIBLE: stage-safe; daily hard cap owns repetition."
"Skyrim.esm:0E3163","Skyrim.esm","CR13","Purity","existing-promoted","8","3","100|200","4","direct_mcp_review=ok; source=Skyrim.esm; stages=8; journal_stages=10|15|100; completion_stages=100|200; objectives=4; deep_read=not-needed","Direct terminal evidence supports the existing core mapping."
"Skyrim.esm:0E316E","Skyrim.esm","NarzulburFreeFormWifeQuest","","semantic-silent","4","0","","0","direct_mcp_review=ok; source=Skyrim.esm; stages=4; journal_stages=none; completion_stages=none; objectives=0; deep_read=not-needed",""
"Skyrim.esm:0E3308","Skyrim.esm","FreeformSarethiFarm","Smooth Jazbay","candidate-proposed","5","0","200","2","direct_mcp_review=ok; source=Skyrim.esm; stages=5; journal_stages=none; completion_stages=200; objectives=2; deep_read=not-needed",""
"Skyrim.esm:0E357D","Skyrim.esm","FreeformWinterholdCollegeB","The Missing Apprentices","semantic-silent","3","0","200","0","direct_mcp_review=ok; source=Skyrim.esm; stages=3; journal_stages=none; completion_stages=200; objectives=0; deep_read=not-needed",""
"Skyrim.esm:0E3608","Skyrim.esm","MS02FIN","","structural-silent","0","0","","0","direct_mcp_review=ok; source=Skyrim.esm; stages=0; journal_stages=none; completion_stages=none; objectives=0; deep_read=not-needed",""
"Skyrim.esm:0E38C9","Skyrim.esm","FreeformSkyhavenTempleA","Rebuilding the Blades","unsafe-existing-mapping","5","0","","4","direct_mcp_review=ok; source=Skyrim.esm; stages=5; journal_stages=none; completion_stages=none; objectives=4; deep_read=vmad-info-ok","Existing core mapping requires owner adjudication; isolated repair proposal is in the tagged shard."
"Skyrim.esm:0E3A7C","Skyrim.esm","DialogueTrainers","","structural-silent","0","0","","0","direct_mcp_review=ok; source=Skyrim.esm; stages=0; journal_stages=none; completion_stages=none; objectives=0; deep_read=not-needed",""
"Skyrim.esm:0E3DE0","Skyrim.esm","DialogueWhiterunSceneVignarBalgruuf","Whiterun Dragonsreach Convo System 1","structural-silent","0","0","","0","direct_mcp_review=ok; source=Skyrim.esm; stages=0; journal_stages=none; completion_stages=none; objectives=0; deep_read=not-needed",""
"Skyrim.esm:0E3E67","Skyrim.esm","FreeformSkyHavenTempleB","Dragon Hunting","candidate-proposed","6","0","","2","direct_mcp_review=ok; source=Skyrim.esm; stages=6; journal_stages=none; completion_stages=none; objectives=2; deep_read=vmad-info-ok","REPEATABLE-ELIGIBLE: stage-safe; daily hard cap owns repetition."
"Skyrim.esm:0E3E9B","Skyrim.esm","FreeformMerryfairFarm","Bow to the Master","candidate-proposed","5","0","200","2","direct_mcp_review=ok; source=Skyrim.esm; stages=5; journal_stages=none; completion_stages=200; objectives=2; deep_read=not-needed",""
"Skyrim.esm:0E3EA5","Skyrim.esm","FreeformHeartwoodMill","Flight or Fight","candidate-proposed","6","0","200","3","direct_mcp_review=ok; source=Skyrim.esm; stages=6; journal_stages=none; completion_stages=200; objectives=3; deep_read=not-needed",""
"Skyrim.esm:0E49E7","Skyrim.esm","FreeformShorsStone01","Mine or Yours","unsafe-existing-mapping","5","0","200","2","direct_mcp_review=ok; source=Skyrim.esm; stages=5; journal_stages=none; completion_stages=200; objectives=2; deep_read=vmad-info-ok","Existing core mapping requires owner adjudication; isolated repair proposal is in the tagged shard."
"Skyrim.esm:0E49E8","Skyrim.esm","FreeformShorsStone02","Special Delivery","semantic-silent","5","0","","2","direct_mcp_review=ok; source=Skyrim.esm; stages=5; journal_stages=none; completion_stages=none; objectives=2; deep_read=not-needed",""
"Skyrim.esm:0E4D31","Skyrim.esm","dunGauldursonQST","Forbidden Legend","candidate-proposed","30","10","","9","direct_mcp_review=ok; source=Skyrim.esm; stages=30; journal_stages=6|7|8|9|10|20|30|100|105|150; completion_stages=none; objectives=9; deep_read=vmad-info-ok",""
"Skyrim.esm:0E4D75","Skyrim.esm","DialogueSarethiFarmScene03","Sarethi Farm Scene 03","structural-silent","0","0","","0","direct_mcp_review=ok; source=Skyrim.esm; stages=0; journal_stages=none; completion_stages=none; objectives=0; deep_read=not-needed",""
"Skyrim.esm:0E66FC","Skyrim.esm","DialogueRiftenGateGuards","","semantic-silent-radiant-or-template","5","0","","0","direct_mcp_review=ok; source=Skyrim.esm; stages=5; journal_stages=none; completion_stages=none; objectives=0; deep_read=not-needed",""
"Skyrim.esm:0E6DE3","Skyrim.esm","FreeformSkyHavenTempleC","Dragonslayer's Blessing","semantic-silent","1","0","","0","direct_mcp_review=ok; source=Skyrim.esm; stages=1; journal_stages=none; completion_stages=none; objectives=0; deep_read=not-needed",""
"Skyrim.esm:0E6DE7","Skyrim.esm","DialogueSkyHavenTempleConversation01","Conversation System for Skyhaven","structural-silent","0","0","","0","direct_mcp_review=ok; source=Skyrim.esm; stages=0; journal_stages=none; completion_stages=none; objectives=0; deep_read=not-needed",""
"Skyrim.esm:0E6DE9","Skyrim.esm","DialogueSkyHavenTempleConversation02","Conversation System for Skyhaven","structural-silent","0","0","","0","direct_mcp_review=ok; source=Skyrim.esm; stages=0; journal_stages=none; completion_stages=none; objectives=0; deep_read=not-needed",""
"Skyrim.esm:0E6DEB","Skyrim.esm","DialogueSkyHavenTempleConversation03","Conversation System for Skyhaven","structural-silent","0","0","","0","direct_mcp_review=ok; source=Skyrim.esm; stages=0; journal_stages=none; completion_stages=none; objectives=0; deep_read=not-needed",""
"Skyrim.esm:0E6DED","Skyrim.esm","DialogueSkyHavenTempleConversation04","Conversation System for Skyhaven","structural-silent","0","0","","0","direct_mcp_review=ok; source=Skyrim.esm; stages=0; journal_stages=none; completion_stages=none; objectives=0; deep_read=not-needed",""
"Skyrim.esm:0E6DF1","Skyrim.esm","FreeformSkyHavenTempleD","Dragon Research","unsafe-existing-mapping","2","0","","1","direct_mcp_review=ok; source=Skyrim.esm; stages=2; journal_stages=none; completion_stages=none; objectives=1; deep_read=vmad-info-ok","Existing core mapping requires owner adjudication; isolated repair proposal is in the tagged shard."
"Skyrim.esm:0E725D","Skyrim.esm","GenericDialgoueWounded","","structural-silent","0","0","","0","direct_mcp_review=ok; source=Skyrim.esm; stages=0; journal_stages=none; completion_stages=none; objectives=0; deep_read=not-needed",""
"Skyrim.esm:0E76DE","Skyrim.esm","FreeformHighHrothgarA","The Words of Power","candidate-proposed","2","0","","1","direct_mcp_review=ok; source=Skyrim.esm; stages=2; journal_stages=none; completion_stages=none; objectives=1; deep_read=vmad-info-ok","REPEATABLE-ELIGIBLE: stage-safe; daily hard cap owns repetition."
"Skyrim.esm:0E76E1","Skyrim.esm","DialogueHighHrothgar","","semantic-silent-radiant-or-template","1","0","","0","direct_mcp_review=ok; source=Skyrim.esm; stages=1; journal_stages=none; completion_stages=none; objectives=0; deep_read=not-needed",""
"Skyrim.esm:0E77BA","Skyrim.esm","SolitudeFreeform07","Elisif's Tribute","candidate-proposed","5","0","","2","direct_mcp_review=ok; source=Skyrim.esm; stages=5; journal_stages=none; completion_stages=none; objectives=2; deep_read=vmad-info-ok",""
"Skyrim.esm:0E77ED","Skyrim.esm","DialogueSolitudeBardScene4","Bards College Scene","structural-silent","0","0","","0","direct_mcp_review=ok; source=Skyrim.esm; stages=0; journal_stages=none; completion_stages=none; objectives=0; deep_read=not-needed",""
"Skyrim.esm:0E77F1","Skyrim.esm","DialogueSolitudeBardScene5","Bards College Scene","structural-silent","0","0","","0","direct_mcp_review=ok; source=Skyrim.esm; stages=0; journal_stages=none; completion_stages=none; objectives=0; deep_read=not-needed",""
"Skyrim.esm:0E77F2","Skyrim.esm","DialogueSolitudeBardScene6","Bards College Scene","structural-silent","0","0","","0","direct_mcp_review=ok; source=Skyrim.esm; stages=0; journal_stages=none; completion_stages=none; objectives=0; deep_read=not-needed",""
"Skyrim.esm:0E780C","Skyrim.esm","DialogueSolitudeBardsCollegeClassGiraudScene2","Bards College Class Scene","semantic-silent-radiant-or-template","3","0","","0","direct_mcp_review=ok; source=Skyrim.esm; stages=3; journal_stages=none; completion_stages=none; objectives=0; deep_read=not-needed",""
"Skyrim.esm:0E780E","Skyrim.esm","DialogueSolitudeBardsCollegeClassIngeScene2","Bards College Class Scene","semantic-silent-radiant-or-template","3","0","","0","direct_mcp_review=ok; source=Skyrim.esm; stages=3; journal_stages=none; completion_stages=none; objectives=0; deep_read=not-needed",""
"Skyrim.esm:0E780F","Skyrim.esm","DialogueSolitudeBardsCollegeClassPanteaScene2","Bards College Class Scene","semantic-silent-radiant-or-template","3","0","","0","direct_mcp_review=ok; source=Skyrim.esm; stages=3; journal_stages=none; completion_stages=none; objectives=0; deep_read=not-needed",""
"Skyrim.esm:0E7814","Skyrim.esm","BardsCollegePoeticEdda","Collecting the Edda","existing-promoted","3","0","","1","direct_mcp_review=ok; source=Skyrim.esm; stages=3; journal_stages=none; completion_stages=none; objectives=1; deep_read=vmad-info-ok","Direct INFO read confirms the completion dialogue is conditioned on quest stage 200."
"Skyrim.esm:0E8283","Skyrim.esm","FreeformHighHrothgarB","Meditations on the Words of Power","semantic-silent","1","0","","0","direct_mcp_review=ok; source=Skyrim.esm; stages=1; journal_stages=none; completion_stages=none; objectives=0; deep_read=vmad-info-ok",""
"Skyrim.esm:0E8921","Skyrim.esm","WEJS16","Spriggan aggravated by a hunter, now dead","semantic-silent-radiant-or-template","2","0","","0","direct_mcp_review=ok; source=Skyrim.esm; stages=2; journal_stages=none; completion_stages=none; objectives=0; deep_read=not-needed",""
"Skyrim.esm:0E8924","Skyrim.esm","WEJS24","Bandit Killed With Horse Left Behind","semantic-silent-radiant-or-template","2","0","","0","direct_mcp_review=ok; source=Skyrim.esm; stages=2; journal_stages=none; completion_stages=none; objectives=0; deep_read=not-needed",""
"Skyrim.esm:0E8929","Skyrim.esm","WEJS18","Corpses in the aftermath of a dragon attack, Dog left behind","semantic-silent-radiant-or-template","2","0","","0","direct_mcp_review=ok; source=Skyrim.esm; stages=2; journal_stages=none; completion_stages=none; objectives=0; deep_read=not-needed",""
"Skyrim.esm:0E892B","Skyrim.esm","WEJS19","Roaming Ice Wraiths","semantic-silent-radiant-or-template","2","0","","0","direct_mcp_review=ok; source=Skyrim.esm; stages=2; journal_stages=none; completion_stages=none; objectives=0; deep_read=not-needed",""
"Skyrim.esm:0E892D","Skyrim.esm","WEJS20","Spriggan and Hagraven Battling","semantic-silent-radiant-or-template","2","0","","0","direct_mcp_review=ok; source=Skyrim.esm; stages=2; journal_stages=none; completion_stages=none; objectives=0; deep_read=not-needed",""
"Skyrim.esm:0E892E","Skyrim.esm","WEJS21","Hunter and Dog in the Wilderness","semantic-silent-radiant-or-template","2","0","","0","direct_mcp_review=ok; source=Skyrim.esm; stages=2; journal_stages=none; completion_stages=none; objectives=0; deep_read=not-needed",""
"Skyrim.esm:0E8931","Skyrim.esm","WEJS22","Ice Wraiths Fighting Bandits","semantic-silent-radiant-or-template","2","0","","0","direct_mcp_review=ok; source=Skyrim.esm; stages=2; journal_stages=none; completion_stages=none; objectives=0; deep_read=not-needed",""
"Skyrim.esm:0E8933","Skyrim.esm","WEJS23","Dog Fending Off a Pair of Wolves","semantic-silent-radiant-or-template","2","0","","0","direct_mcp_review=ok; source=Skyrim.esm; stages=2; journal_stages=none; completion_stages=none; objectives=0; deep_read=not-needed",""
"Skyrim.esm:0E8941","Skyrim.esm","WEJS25","Wizard Duel","semantic-silent-radiant-or-template","2","0","","0","direct_mcp_review=ok; source=Skyrim.esm; stages=2; journal_stages=none; completion_stages=none; objectives=0; deep_read=not-needed",""
"Skyrim.esm:0E8B50","Skyrim.esm","MGR01Trigger","","semantic-silent","2","0","","0","direct_mcp_review=ok; source=Skyrim.esm; stages=2; journal_stages=none; completion_stages=none; objectives=0; deep_read=not-needed",""
"Skyrim.esm:0E8BD7","Skyrim.esm","SolitudeFreeform01","No News is Good News","candidate-proposed","6","0","200","2","direct_mcp_review=ok; source=Skyrim.esm; stages=6; journal_stages=none; completion_stages=200; objectives=2; deep_read=not-needed",""
"Skyrim.esm:0EA2D1","Skyrim.esm","TGDialogueHQScene17","Thieves Guild Dialogue Scene 17","structural-silent","0","0","","0","direct_mcp_review=ok; source=Skyrim.esm; stages=0; journal_stages=none; completion_stages=none; objectives=0; deep_read=not-needed",""
"Skyrim.esm:0EA2D3","Skyrim.esm","TGDialogueHQScene18","Thieves Guild Dialogue Scene 18","structural-silent","0","0","","0","direct_mcp_review=ok; source=Skyrim.esm; stages=0; journal_stages=none; completion_stages=none; objectives=0; deep_read=not-needed",""
"Skyrim.esm:0EA2D5","Skyrim.esm","TGDialogueHQScene19","Thieves Guild Dialogue Scene 19","structural-silent","0","0","","0","direct_mcp_review=ok; source=Skyrim.esm; stages=0; journal_stages=none; completion_stages=none; objectives=0; deep_read=not-needed",""
"Skyrim.esm:0EA2D7","Skyrim.esm","TGDialogueHQScene20","Thieves Guild Dialogue Scene 20","structural-silent","0","0","","0","direct_mcp_review=ok; source=Skyrim.esm; stages=0; journal_stages=none; completion_stages=none; objectives=0; deep_read=not-needed",""
"Skyrim.esm:0EB9E2","Skyrim.esm","dunRebelsCairnChangeLocationQST","","semantic-silent","1","0","","0","direct_mcp_review=ok; source=Skyrim.esm; stages=1; journal_stages=none; completion_stages=none; objectives=0; deep_read=not-needed",""
"Skyrim.esm:0EC199","Skyrim.esm","DialogueRiftenMaulHandler","","semantic-silent-radiant-or-template","2","0","","0","direct_mcp_review=ok; source=Skyrim.esm; stages=2; journal_stages=none; completion_stages=none; objectives=0; deep_read=not-needed",""
"Skyrim.esm:0ECEB7","Skyrim.esm","dunGauldursonChangeLocationQST","","semantic-silent","1","0","","0","direct_mcp_review=ok; source=Skyrim.esm; stages=1; journal_stages=none; completion_stages=none; objectives=0; deep_read=not-needed",""
"Skyrim.esm:0EDF6A","Skyrim.esm","MQSovngardeConv1","Sovngarde Hall of Heroes conv scene","structural-silent","0","0","","0","direct_mcp_review=ok; source=Skyrim.esm; stages=0; journal_stages=none; completion_stages=none; objectives=0; deep_read=not-needed",""
"Skyrim.esm:0F0A10","Skyrim.esm","MQSovngardeConv2","Sovngarde Hall of Heroes fighting scene","semantic-silent","8","0","","0","direct_mcp_review=ok; source=Skyrim.esm; stages=8; journal_stages=none; completion_stages=none; objectives=0; deep_read=not-needed",""
"Skyrim.esm:0F1A41","Skyrim.esm","MQSovngardeConv3","Sovngarde Hall of Heroes conv scene","structural-silent","0","0","","0","direct_mcp_review=ok; source=Skyrim.esm; stages=0; journal_stages=none; completion_stages=none; objectives=0; deep_read=not-needed",""
"Skyrim.esm:0F1A44","Skyrim.esm","MQSovngardeConv4","Sovngarde Hall of Heroes conv scene","structural-silent","0","0","","0","direct_mcp_review=ok; source=Skyrim.esm; stages=0; journal_stages=none; completion_stages=none; objectives=0; deep_read=not-needed",""
"Skyrim.esm:0F2593","Skyrim.esm","WISkillIncrease02","","semantic-silent-radiant-or-template","1","0","","0","direct_mcp_review=ok; source=Skyrim.esm; stages=1; journal_stages=none; completion_stages=none; objectives=0; deep_read=not-needed",""
"Skyrim.esm:0F517A","Skyrim.esm","DialogueWhiterunCaptainOfTheGuard","Dialogue Whiterun Captain of the Guard","semantic-silent-radiant-or-template","1","0","","0","direct_mcp_review=ok; source=Skyrim.esm; stages=1; journal_stages=none; completion_stages=none; objectives=0; deep_read=not-needed",""
"Skyrim.esm:0F5185","Skyrim.esm","WERJ11","Companions Hunting (Skjor Aela Njada)","semantic-silent-radiant-or-template","4","0","","0","direct_mcp_review=ok; source=Skyrim.esm; stages=4; journal_stages=none; completion_stages=none; objectives=0; deep_read=not-needed",""
"Skyrim.esm:0F5186","Skyrim.esm","WERJ12","Companions Hunting2 (Farkas Athis Torvar)","semantic-silent-radiant-or-template","4","0","","0","direct_mcp_review=ok; source=Skyrim.esm; stages=4; journal_stages=none; completion_stages=none; objectives=0; deep_read=not-needed",""
"Skyrim.esm:0F5BC1","Skyrim.esm","WERJ13","Cragslane WE","semantic-silent-radiant-or-template","3","0","","0","direct_mcp_review=ok; source=Skyrim.esm; stages=3; journal_stages=none; completion_stages=none; objectives=0; deep_read=not-needed",""
"Skyrim.esm:0F8A80","Skyrim.esm","WEBountyCollectorQST","BountyCollector","semantic-silent-radiant-or-template","4","0","","0","direct_mcp_review=ok; source=Skyrim.esm; stages=4; journal_stages=none; completion_stages=none; objectives=0; deep_read=not-needed",""
"Skyrim.esm:0F9075","Skyrim.esm","CRHoldExpansion","","semantic-silent","1","0","","0","direct_mcp_review=ok; source=Skyrim.esm; stages=1; journal_stages=none; completion_stages=none; objectives=0; deep_read=not-needed",""
"Skyrim.esm:0F942A","Skyrim.esm","CreatureDialogueHorse","CreatureDialogueHorse","structural-silent","0","0","","0","direct_mcp_review=ok; source=Skyrim.esm; stages=0; journal_stages=none; completion_stages=none; objectives=0; deep_read=not-needed",""
"Skyrim.esm:0FBFDD","Skyrim.esm","MG02MonkSceneQuest","","semantic-silent","2","0","","0","direct_mcp_review=ok; source=Skyrim.esm; stages=2; journal_stages=none; completion_stages=none; objectives=0; deep_read=not-needed",""
"Skyrim.esm:0FC076","Skyrim.esm","CWDialogueSoldiers02","Dialogue Event Scene for Soldiers","structural-silent","0","0","","0","direct_mcp_review=ok; source=Skyrim.esm; stages=0; journal_stages=none; completion_stages=none; objectives=0; deep_read=not-needed",""
"Skyrim.esm:0FC85D","Skyrim.esm","AchievementsQuest","Achievements","structural-silent","0","0","","0","direct_mcp_review=ok; source=Skyrim.esm; stages=0; journal_stages=none; completion_stages=none; objectives=0; deep_read=not-needed",""
"Skyrim.esm:0FCC2F","Skyrim.esm","EscapeJailAchievementQuest","","semantic-silent","1","0","","0","direct_mcp_review=ok; source=Skyrim.esm; stages=1; journal_stages=none; completion_stages=none; objectives=0; deep_read=not-needed",""
"Skyrim.esm:0FDBA2","Skyrim.esm","dunDragonMoundQST","","semantic-silent","7","0","","0","direct_mcp_review=ok; source=Skyrim.esm; stages=7; journal_stages=none; completion_stages=none; objectives=0; deep_read=not-needed",""
"Skyrim.esm:0FDE7D","Skyrim.esm","AchievementsHardWorkerFoodQuest","","semantic-silent","2","0","","0","direct_mcp_review=ok; source=Skyrim.esm; stages=2; journal_stages=none; completion_stages=none; objectives=0; deep_read=not-needed",""
"Skyrim.esm:0FE479","Skyrim.esm","T03PostQuest","","semantic-silent","2","0","","0","direct_mcp_review=ok; source=Skyrim.esm; stages=2; journal_stages=none; completion_stages=none; objectives=0; deep_read=not-needed",""
"Skyrim.esm:0FEE11","Skyrim.esm","dunSkillBooksQST","","semantic-silent","3","0","","0","direct_mcp_review=ok; source=Skyrim.esm; stages=3; journal_stages=none; completion_stages=none; objectives=0; deep_read=not-needed",""
"Skyrim.esm:0FF235","Skyrim.esm","C00SwapVignarAndBrillOnAscension","","semantic-silent","1","0","","0","direct_mcp_review=ok; source=Skyrim.esm; stages=1; journal_stages=none; completion_stages=none; objectives=0; deep_read=not-needed",""
"Skyrim.esm:0FFF50","Skyrim.esm","TGCrownPerk","TG Crown Perk Handler","semantic-silent","2","0","","0","direct_mcp_review=ok; source=Skyrim.esm; stages=2; journal_stages=none; completion_stages=none; objectives=0; deep_read=not-needed",""
"Skyrim.esm:10074F","Skyrim.esm","DialogueDremora","Dremora Dialogue","structural-silent","0","0","","0","direct_mcp_review=ok; source=Skyrim.esm; stages=0; journal_stages=none; completion_stages=none; objectives=0; deep_read=not-needed",""
"Skyrim.esm:1007FC","Skyrim.esm","TG04EECHandler","East Empire Warehouse Dialogue and Handler","semantic-silent-radiant-or-template","3","0","","1","direct_mcp_review=ok; source=Skyrim.esm; stages=3; journal_stages=none; completion_stages=none; objectives=1; deep_read=not-needed",""
"Skyrim.esm:1027A5","Skyrim.esm","WERoad02","Nobles Traveling with Bodyguard","semantic-silent-radiant-or-template","2","0","","0","direct_mcp_review=ok; source=Skyrim.esm; stages=2; journal_stages=none; completion_stages=none; objectives=0; deep_read=not-needed",""
"Skyrim.esm:103395","Skyrim.esm","TGREnablerHandler","Thieves Guild Radiant Guild Trophy Enabler","semantic-silent-radiant-or-template","9","0","","0","direct_mcp_review=ok; source=Skyrim.esm; stages=9; journal_stages=none; completion_stages=none; objectives=0; deep_read=not-needed",""
"Skyrim.esm:1034DF","Skyrim.esm","WERoad01","Farmer refugees after dragon attack","semantic-silent-radiant-or-template","5","0","","0","direct_mcp_review=ok; source=Skyrim.esm; stages=5; journal_stages=none; completion_stages=none; objectives=0; deep_read=not-needed",""
"Skyrim.esm:10481C","Skyrim.esm","DA04SeptimusSendForPlayerQuest","","semantic-silent","1","0","","0","direct_mcp_review=ok; source=Skyrim.esm; stages=1; journal_stages=none; completion_stages=none; objectives=0; deep_read=not-needed",""
"Skyrim.esm:104FD3","Skyrim.esm","CWSoldierCheer","","structural-silent","0","0","","0","direct_mcp_review=ok; source=Skyrim.esm; stages=0; journal_stages=none; completion_stages=none; objectives=0; deep_read=not-needed",""
"Skyrim.esm:105170","Skyrim.esm","WERoad03","Thalmor traveling on the road","semantic-silent-radiant-or-template","2","0","","0","direct_mcp_review=ok; source=Skyrim.esm; stages=2; journal_stages=none; completion_stages=none; objectives=0; deep_read=not-needed",""
"Skyrim.esm:105172","Skyrim.esm","WERoad04","Stormcloaks on the Road","semantic-silent-radiant-or-template","2","0","","0","direct_mcp_review=ok; source=Skyrim.esm; stages=2; journal_stages=none; completion_stages=none; objectives=0; deep_read=not-needed",""
"Skyrim.esm:105173","Skyrim.esm","WERoad05","Imperials on the Road","semantic-silent-radiant-or-template","2","0","","0","direct_mcp_review=ok; source=Skyrim.esm; stages=2; journal_stages=none; completion_stages=none; objectives=0; deep_read=not-needed",""
"Skyrim.esm:1052F3","Skyrim.esm","CWPostWhiterunObj","","semantic-silent","2","0","100","1","direct_mcp_review=ok; source=Skyrim.esm; stages=2; journal_stages=none; completion_stages=100; objectives=1; deep_read=not-needed",""
"Skyrim.esm:105385","Skyrim.esm","TutorialBlacksmithing","","semantic-silent-radiant-or-template","12","0","","10","direct_mcp_review=ok; source=Skyrim.esm; stages=12; journal_stages=none; completion_stages=none; objectives=10; deep_read=not-needed",""
"Skyrim.esm:105389","Skyrim.esm","TutorialBlacksmithingDagger","","semantic-silent-radiant-or-template","1","0","","0","direct_mcp_review=ok; source=Skyrim.esm; stages=1; journal_stages=none; completion_stages=none; objectives=0; deep_read=not-needed",""
"Skyrim.esm:105392","Skyrim.esm","TutorialBlacksmithingDaggerSharpen","","semantic-silent-radiant-or-template","1","0","","0","direct_mcp_review=ok; source=Skyrim.esm; stages=1; journal_stages=none; completion_stages=none; objectives=0; deep_read=not-needed",""
"Skyrim.esm:105395","Skyrim.esm","TutorialBlacksmithingTanning","","semantic-silent-radiant-or-template","1","0","","0","direct_mcp_review=ok; source=Skyrim.esm; stages=1; journal_stages=none; completion_stages=none; objectives=0; deep_read=not-needed",""
"Skyrim.esm:105397","Skyrim.esm","TutorialBlacksmithingAmor","","semantic-silent-radiant-or-template","1","0","","0","direct_mcp_review=ok; source=Skyrim.esm; stages=1; journal_stages=none; completion_stages=none; objectives=0; deep_read=not-needed",""
"Skyrim.esm:10539A","Skyrim.esm","TutorialBlacksmithingArmorTemper","","semantic-silent-radiant-or-template","1","0","","0","direct_mcp_review=ok; source=Skyrim.esm; stages=1; journal_stages=none; completion_stages=none; objectives=0; deep_read=not-needed",""
"Skyrim.esm:10557C","Skyrim.esm","TutorialAlchemy","","semantic-silent-radiant-or-template","3","0","","1","direct_mcp_review=ok; source=Skyrim.esm; stages=3; journal_stages=none; completion_stages=none; objectives=1; deep_read=not-needed",""
"Skyrim.esm:105585","Skyrim.esm","TutorialAlchemyHealPotion","","semantic-silent-radiant-or-template","1","0","","0","direct_mcp_review=ok; source=Skyrim.esm; stages=1; journal_stages=none; completion_stages=none; objectives=0; deep_read=not-needed",""
"Skyrim.esm:105A60","Skyrim.esm","TutorialEnchanting","","semantic-silent-radiant-or-template","3","0","","1","direct_mcp_review=ok; source=Skyrim.esm; stages=3; journal_stages=none; completion_stages=none; objectives=1; deep_read=not-needed",""
"Skyrim.esm:105D12","Skyrim.esm","WEJS26","Aggressive Adventurer","semantic-silent-radiant-or-template","2","0","","0","direct_mcp_review=ok; source=Skyrim.esm; stages=2; journal_stages=none; completion_stages=none; objectives=0; deep_read=not-needed",""
"Skyrim.esm:105D15","Skyrim.esm","WERoad07","Taunting Adventurer","semantic-silent-radiant-or-template","4","0","","0","direct_mcp_review=ok; source=Skyrim.esm; stages=4; journal_stages=none; completion_stages=none; objectives=0; deep_read=not-needed",""
"Skyrim.esm:105D1D","Skyrim.esm","WERoad06","Adventurer on the Way to Nearby Dungeon","semantic-silent-radiant-or-template","5","0","","0","direct_mcp_review=ok; source=Skyrim.esm; stages=5; journal_stages=none; completion_stages=none; objectives=0; deep_read=not-needed",""
"Skyrim.esm:1062A7","Skyrim.esm","BardAudienceQuest","","semantic-silent","4","0","","0","direct_mcp_review=ok; source=Skyrim.esm; stages=4; journal_stages=none; completion_stages=none; objectives=0; deep_read=not-needed",""
"Skyrim.esm:1065FA","Skyrim.esm","WERoad09","Skooma Dealer","semantic-silent-radiant-or-template","4","0","","0","direct_mcp_review=ok; source=Skyrim.esm; stages=4; journal_stages=none; completion_stages=none; objectives=0; deep_read=not-needed",""
"Skyrim.esm:106A59","Skyrim.esm","WERoad10","Giant leading a painted cow to camp","semantic-silent-radiant-or-template","3","0","","0","direct_mcp_review=ok; source=Skyrim.esm; stages=3; journal_stages=none; completion_stages=none; objectives=0; deep_read=not-needed",""
"Skyrim.esm:106A5E","Skyrim.esm","WERoad11","Farmer leading Painted Cow to Giant Camp","semantic-silent-radiant-or-template","7","0","","0","direct_mcp_review=ok; source=Skyrim.esm; stages=7; journal_stages=none; completion_stages=none; objectives=0; deep_read=not-needed",""
"Skyrim.esm:1075B1","Skyrim.esm","dunThrowVoiceQst","","semantic-silent","3","0","","0","direct_mcp_review=ok; source=Skyrim.esm; stages=3; journal_stages=none; completion_stages=none; objectives=0; deep_read=not-needed",""
"Skyrim.esm:107987","Skyrim.esm","CWMissionQuickStart","","semantic-silent","6","0","","0","direct_mcp_review=ok; source=Skyrim.esm; stages=6; journal_stages=none; completion_stages=none; objectives=0; deep_read=not-needed",""
"Skyrim.esm:107E40","Skyrim.esm","DialogueWinterholdCollegePostSceneQuest","","structural-silent","0","0","","0","direct_mcp_review=ok; source=Skyrim.esm; stages=0; journal_stages=none; completion_stages=none; objectives=0; deep_read=not-needed",""
"Skyrim.esm:108059","Skyrim.esm","CompanionsBladeFragmentTracking","","semantic-silent","1","0","","0","direct_mcp_review=ok; source=Skyrim.esm; stages=1; journal_stages=none; completion_stages=none; objectives=0; deep_read=not-needed",""
"Skyrim.esm:1092D3","Skyrim.esm","MQSkyHavenSparring","Sky Haven Blades sparring scene","semantic-silent","9","0","","0","direct_mcp_review=ok; source=Skyrim.esm; stages=9; journal_stages=none; completion_stages=none; objectives=0; deep_read=not-needed",""
"Skyrim.esm:1093CF","Skyrim.esm","DA16SkullHandler","Skull of Corruption Handler Quest","semantic-silent","1","0","","0","direct_mcp_review=ok; source=Skyrim.esm; stages=1; journal_stages=none; completion_stages=none; objectives=0; deep_read=not-needed",""
"Skyrim.esm:1093E4","Skyrim.esm","TGTQ01Handler","Silver Lining Handler","semantic-silent-radiant-or-template","2","0","","0","direct_mcp_review=ok; source=Skyrim.esm; stages=2; journal_stages=none; completion_stages=none; objectives=0; deep_read=not-needed",""
"Skyrim.esm:109AAA","Skyrim.esm","CompanionsRadiantMiscObjective","","semantic-silent","1","0","","1","direct_mcp_review=ok; source=Skyrim.esm; stages=1; journal_stages=none; completion_stages=none; objectives=1; deep_read=not-needed",""
"Skyrim.esm:10AA5E","Skyrim.esm","CreatureDialogueChicken","CreatureDialogueChicken","structural-silent","0","0","","0","direct_mcp_review=ok; source=Skyrim.esm; stages=0; journal_stages=none; completion_stages=none; objectives=0; deep_read=not-needed",""
"Skyrim.esm:10B0E0","Skyrim.esm","TGNightingalePowerHandler","Nightingale Power Handler","semantic-silent-radiant-or-template","1","0","","0","direct_mcp_review=ok; source=Skyrim.esm; stages=1; journal_stages=none; completion_stages=none; objectives=0; deep_read=not-needed",""
"Skyrim.esm:10B10F","Skyrim.esm","CR12PostQuest","","semantic-silent","1","0","","0","direct_mcp_review=ok; source=Skyrim.esm; stages=1; journal_stages=none; completion_stages=none; objectives=0; deep_read=not-needed",""
"Skyrim.esm:10BF8E","Skyrim.esm","WERoad12","Headless Horseman","semantic-silent-radiant-or-template","3","0","","0","direct_mcp_review=ok; source=Skyrim.esm; stages=3; journal_stages=none; completion_stages=none; objectives=0; deep_read=not-needed",""
"Skyrim.esm:10C045","Skyrim.esm","MQHighHrothgarTraining1","","semantic-silent","2","0","","0","direct_mcp_review=ok; source=Skyrim.esm; stages=2; journal_stages=none; completion_stages=none; objectives=0; deep_read=not-needed",""
"Skyrim.esm:10C052","Skyrim.esm","MQHighHrothgarTraining2","","semantic-silent","2","0","","0","direct_mcp_review=ok; source=Skyrim.esm; stages=2; journal_stages=none; completion_stages=none; objectives=0; deep_read=not-needed",""
"Skyrim.esm:10C055","Skyrim.esm","MQHighHrothgarTraining3","","semantic-silent","2","0","","0","direct_mcp_review=ok; source=Skyrim.esm; stages=2; journal_stages=none; completion_stages=none; objectives=0; deep_read=not-needed",""
"Skyrim.esm:10D3BB","Skyrim.esm","MS10MiscObjPointer","","semantic-silent","2","0","","1","direct_mcp_review=ok; source=Skyrim.esm; stages=2; journal_stages=none; completion_stages=none; objectives=1; deep_read=not-needed",""
"Skyrim.esm:10D9F1","Skyrim.esm","MQVoiceoftheSkyMonitor","","semantic-silent","1","0","","0","direct_mcp_review=ok; source=Skyrim.esm; stages=1; journal_stages=none; completion_stages=none; objectives=0; deep_read=not-needed",""
"Skyrim.esm:10D9F4","Skyrim.esm","JailQuest","","semantic-silent","3","0","100","1","direct_mcp_review=ok; source=Skyrim.esm; stages=3; journal_stages=none; completion_stages=100; objectives=1; deep_read=not-needed",""
"Skyrim.esm:10DCD8","Skyrim.esm","EscapeJailQuest","","semantic-silent","1","0","","0","direct_mcp_review=ok; source=Skyrim.esm; stages=1; journal_stages=none; completion_stages=none; objectives=0; deep_read=not-needed",""
"Skyrim.esm:10E3E9","Skyrim.esm","TGJarl","Thieves Guild Jarl Quest","semantic-silent","1","0","","0","direct_mcp_review=ok; source=Skyrim.esm; stages=1; journal_stages=none; completion_stages=none; objectives=0; deep_read=not-needed",""
"Skyrim.esm:10EC61","Skyrim.esm","MQGreybeardCall","","semantic-silent","2","0","","0","direct_mcp_review=ok; source=Skyrim.esm; stages=2; journal_stages=none; completion_stages=none; objectives=0; deep_read=not-needed",""
"Skyrim.esm:10F4AC","Skyrim.esm","MGScrollSwap","Elder Scroll Handling","semantic-silent","1","0","","0","direct_mcp_review=ok; source=Skyrim.esm; stages=1; journal_stages=none; completion_stages=none; objectives=0; deep_read=not-needed",""
"Skyrim.esm:10F676","Skyrim.esm","CreatureDialogueFox","CreatureDialogueFox","structural-silent","0","0","","0","direct_mcp_review=ok; source=Skyrim.esm; stages=0; journal_stages=none; completion_stages=none; objectives=0; deep_read=not-needed",""
"Skyrim.esm:10FAEC","Skyrim.esm","DA08EbonyBladeTracking","","structural-silent","0","0","","0","direct_mcp_review=ok; source=Skyrim.esm; stages=0; journal_stages=none; completion_stages=none; objectives=0; deep_read=not-needed",""
"Skyrim.esm:10FAEE","Skyrim.esm","DA08FriendKill","","semantic-silent","1","0","","0","direct_mcp_review=ok; source=Skyrim.esm; stages=1; journal_stages=none; completion_stages=none; objectives=0; deep_read=not-needed",""
"Skyrim.esm:10FBF5","Skyrim.esm","C00PlayerTheftPoke","","structural-silent","0","0","","0","direct_mcp_review=ok; source=Skyrim.esm; stages=0; journal_stages=none; completion_stages=none; objectives=0; deep_read=not-needed",""
"Skyrim.esm:10FDD5","Skyrim.esm","CWReservations","","structural-silent","0","0","","0","direct_mcp_review=ok; source=Skyrim.esm; stages=0; journal_stages=none; completion_stages=none; objectives=0; deep_read=not-needed",""
"Skyrim.esm:10FE25","Skyrim.esm","CRTwinsPostQuest","","semantic-silent","4","0","","0","direct_mcp_review=ok; source=Skyrim.esm; stages=4; journal_stages=none; completion_stages=none; objectives=0; deep_read=not-needed",""
"Skyrim.esm:10FF8F","Skyrim.esm","DA15Return","","semantic-silent","3","0","","0","direct_mcp_review=ok; source=Skyrim.esm; stages=3; journal_stages=none; completion_stages=none; objectives=0; deep_read=not-needed",""
