editor_id,quest_name,outcome_stage,outcome,act_tags,deity,valence,intensity,magnitude,citation
DA01,The Black Star,100,Cleanse Azura's Star (give to Aranea/Azura),serve_a_daedra:azura,Akatosh,-,m,echo,"cross-gen candidate: serve_a_daedra:azura(m) from the Akatosh Part B profile, stepped down; REVIEW before promotion"
DA01,The Black Star,100,Cleanse Azura's Star (give to Aranea/Azura),serve_a_daedra:azura,Auri-El,-,m,echo,"cross-gen candidate: serve_a_daedra:azura(S) from the Auri-El Part B profile, stepped down; REVIEW before promotion"
DA01,The Black Star,100,Cleanse Azura's Star (give to Aranea/Azura),destroy_reject_daedra:molagbal,Meridia,+,m,echo,"cross-gen candidate: destroy_reject_daedra:molagbal(m) from the Meridia Part B profile, stepped down; REVIEW before promotion"
DA01,The Black Star,110,Complete the Black Star (give to Nelacar; traps mortal souls),serve_a_daedra:azura(defied),Akatosh,-,m,echo,"cross-gen candidate: serve_a_daedra:azura(defied)(m) from the Akatosh Part B profile, stepped down; REVIEW before promotion"
DA01,The Black Star,110,Complete the Black Star (give to Nelacar; traps mortal souls),serve_a_daedra:azura(defied),Stendarr,-,m,echo,"cross-gen candidate: serve_a_daedra:azura(defied)(S) from the Stendarr Part B profile, stepped down; REVIEW before promotion"
DA01,The Black Star,110,Complete the Black Star (give to Nelacar; traps mortal souls),necromancy,Kynareth,-,m,echo,"cross-gen candidate: necromancy(m) from the Kynareth Part B profile, stepped down; REVIEW before promotion"
DA01,The Black Star,110,Complete the Black Star (give to Nelacar; traps mortal souls),serve_a_daedra:azura(defied),Auri-El,-,m,echo,"cross-gen candidate: serve_a_daedra:azura(defied)(S) from the Auri-El Part B profile, stepped down; REVIEW before promotion"
DA02,Boethiah's Calling,40,Sacrifice the trusting + defeat champion + don Ebony Mail,serve_a_daedra:boethiah,Akatosh,-,m,echo,"cross-gen candidate: serve_a_daedra:boethiah(m) from the Akatosh Part B profile, stepped down; REVIEW before promotion"
DA02,Boethiah's Calling,40,Sacrifice the trusting + defeat champion + don Ebony Mail,kill_the_helpless,Dibella,-,m,echo,"cross-gen candidate: kill_the_helpless(m) from the Dibella Part B profile, stepped down; REVIEW before promotion"
DA02,Boethiah's Calling,40,Sacrifice the trusting + defeat champion + don Ebony Mail,prove_by_struggle,Talos,+,m,echo,"cross-gen candidate: prove_by_struggle(S) from the Talos Part B profile, stepped down; REVIEW before promotion"
DA02,Boethiah's Calling,40,Sacrifice the trusting + defeat champion + don Ebony Mail,prove_by_struggle,Tsun,+,S,echo,"cross-gen candidate: prove_by_struggle(C) from the Tsun Part B profile, stepped down; REVIEW before promotion"
DA02,Boethiah's Calling,40,Sacrifice the trusting + defeat champion + don Ebony Mail,serve_a_daedra:boethiah,Trinimac,-,S,echo,"cross-gen candidate: serve_a_daedra:boethiah(C) from the Trinimac Part B profile, stepped down; REVIEW before promotion"
DA02,Boethiah's Calling,40,Sacrifice the trusting + defeat champion + don Ebony Mail,kill_the_helpless,Khenarthi,-,m,echo,"cross-gen candidate: kill_the_helpless(m) from the Khenarthi Part B profile, stepped down; REVIEW before promotion"
DA02,Boethiah's Calling,40,Sacrifice the trusting + defeat champion + don Ebony Mail,prove_by_struggle,HoonDing,+,S,echo,"cross-gen candidate: prove_by_struggle(C) from the HoonDing Part B profile, stepped down; REVIEW before promotion"
DA02,Boethiah's Calling,40,Sacrifice the trusting + defeat champion + don Ebony Mail,murder_treacherous,Leki,-,m,echo,"cross-gen candidate: murder_treacherous(S) from the Leki Part B profile, stepped down; REVIEW before promotion"
DA02,Boethiah's Calling,40,Sacrifice the trusting + defeat champion + don Ebony Mail,murder_treacherous,Sithis,+,m,echo,"cross-gen candidate: murder_treacherous(S) from the Sithis Part B profile, stepped down; REVIEW before promotion"
DA02,Boethiah's Calling,40,Sacrifice the trusting + defeat champion + don Ebony Mail,kill_the_helpless,Molag Bal,+,S,echo,"cross-gen candidate: kill_the_helpless(C) from the Molag Bal Part B profile, stepped down; REVIEW before promotion"
DA02,Boethiah's Calling,40,Sacrifice the trusting + defeat champion + don Ebony Mail,deceit,Nocturnal,+,m,echo,"cross-gen candidate: deceit(m) from the Nocturnal Part B profile, stepped down; REVIEW before promotion"
DA02,Boethiah's Calling,40,Sacrifice the trusting + defeat champion + don Ebony Mail,murder_treacherous,Mehrunes Dagon,+,m,echo,"cross-gen candidate: murder_treacherous(m) from the Mehrunes Dagon Part B profile, stepped down; REVIEW before promotion"
DA02,Boethiah's Calling,40,Sacrifice the trusting + defeat champion + don Ebony Mail,deceit,Clavicus Vile,+,m,echo,"cross-gen candidate: deceit(S) from the Clavicus Vile Part B profile, stepped down; REVIEW before promotion"
DA02,Boethiah's Calling,40,Sacrifice the trusting + defeat champion + don Ebony Mail,murder_treacherous,Vaermina,+,m,echo,"cross-gen candidate: murder_treacherous(m) from the Vaermina Part B profile, stepped down; REVIEW before promotion"
DA02KillObj,Boethiah's Bidding,200,Assassinate the Jarl of Solitude by guile/stealth,murder_treacherous,Mara,-,m,echo,"cross-gen candidate: murder_treacherous(m) from the Mara Part B profile, stepped down; REVIEW before promotion"
DA02KillObj,Boethiah's Bidding,200,Assassinate the Jarl of Solitude by guile/stealth,murder_treacherous,Shor,-,m,echo,"cross-gen candidate: murder_treacherous(S) from the Shor Part B profile, stepped down; REVIEW before promotion"
DA02KillObj,Boethiah's Bidding,200,Assassinate the Jarl of Solitude by guile/stealth,deceit,Baan Dar,+,S,echo,"cross-gen candidate: deceit(C) from the Baan Dar Part B profile, stepped down; REVIEW before promotion"
DA02KillObj,Boethiah's Bidding,200,Assassinate the Jarl of Solitude by guile/stealth,deceit,Rajhin,+,m,echo,"cross-gen candidate: deceit(S) from the Rajhin Part B profile, stepped down; REVIEW before promotion"
DA02KillObj,Boethiah's Bidding,200,Assassinate the Jarl of Solitude by guile/stealth,deceit,Malacath,-,m,echo,"cross-gen candidate: deceit(m) from the Malacath Part B profile, stepped down; REVIEW before promotion"
DA02KillObj,Boethiah's Bidding,200,Assassinate the Jarl of Solitude by guile/stealth,murder_treacherous,Leki,-,m,echo,"cross-gen candidate: murder_treacherous(S) from the Leki Part B profile, stepped down; REVIEW before promotion"
DA02KillObj,Boethiah's Bidding,200,Assassinate the Jarl of Solitude by guile/stealth,assassination_contract,Sithis,+,S,echo,"cross-gen candidate: assassination_contract(C) from the Sithis Part B profile, stepped down; REVIEW before promotion"
DA02KillObj,Boethiah's Bidding,200,Assassinate the Jarl of Solitude by guile/stealth,murder_treacherous,Molag Bal,+,m,echo,"cross-gen candidate: murder_treacherous(S) from the Molag Bal Part B profile, stepped down; REVIEW before promotion"
DA02KillObj,Boethiah's Bidding,200,Assassinate the Jarl of Solitude by guile/stealth,deceit,Nocturnal,+,m,echo,"cross-gen candidate: deceit(m) from the Nocturnal Part B profile, stepped down; REVIEW before promotion"
DA02KillObj,Boethiah's Bidding,200,Assassinate the Jarl of Solitude by guile/stealth,murder_treacherous,Mehrunes Dagon,+,m,echo,"cross-gen candidate: murder_treacherous(m) from the Mehrunes Dagon Part B profile, stepped down; REVIEW before promotion"
DA02KillObj,Boethiah's Bidding,200,Assassinate the Jarl of Solitude by guile/stealth,deceit,Clavicus Vile,+,m,echo,"cross-gen candidate: deceit(S) from the Clavicus Vile Part B profile, stepped down; REVIEW before promotion"
DA02KillObj,Boethiah's Bidding,200,Assassinate the Jarl of Solitude by guile/stealth,murder_treacherous,Vaermina,+,m,echo,"cross-gen candidate: murder_treacherous(m) from the Vaermina Part B profile, stepped down; REVIEW before promotion"
DA03,A Daedra's Best Friend,200,Reunite Barbas + Vile; Masque,mercy_spare,Kyne,+,m,echo,"cross-gen candidate: mercy_spare(m) from the Kyne Part B profile, stepped down; REVIEW before promotion"
DA03,A Daedra's Best Friend,200,Reunite Barbas + Vile; Masque,mercy_spare,Stuhn,+,S,echo,"cross-gen candidate: mercy_spare(C) from the Stuhn Part B profile, stepped down; REVIEW before promotion"
DA03,A Daedra's Best Friend,200,Reunite Barbas + Vile; Masque,serve_a_daedra:clavicus,Auri-El,-,m,echo,"cross-gen candidate: serve_a_daedra:clavicus(S) from the Auri-El Part B profile, stepped down; REVIEW before promotion"
DA03,A Daedra's Best Friend,200,Reunite Barbas + Vile; Masque,keep_oath,Trinimac,+,m,echo,"cross-gen candidate: keep_oath(S) from the Trinimac Part B profile, stepped down; REVIEW before promotion"
DA03,A Daedra's Best Friend,200,Reunite Barbas + Vile; Masque,keep_oath,Z'en,+,m,echo,"cross-gen candidate: keep_oath(m) from the Z'en Part B profile, stepped down; REVIEW before promotion"
DA03,A Daedra's Best Friend,200,Reunite Barbas + Vile; Masque,keep_oath,Malacath,+,S,echo,"cross-gen candidate: keep_oath(C) from the Malacath Part B profile, stepped down; REVIEW before promotion"
DA03,A Daedra's Best Friend,200,Reunite Barbas + Vile; Masque,mercy_spare,Molag Bal,-,m,echo,"cross-gen candidate: mercy_spare(S) from the Molag Bal Part B profile, stepped down; REVIEW before promotion"
DA03,A Daedra's Best Friend,200,Reunite Barbas + Vile; Masque,keep_oath,Mehrunes Dagon,-,m,echo,"cross-gen candidate: keep_oath(m) from the Mehrunes Dagon Part B profile, stepped down; REVIEW before promotion"
DA03,A Daedra's Best Friend,155,Kill loyal Barbas + keep the Rueful Axe,kill_the_helpless,Stendarr,-,S,echo,"cross-gen candidate: kill_the_helpless(C) from the Stendarr Part B profile, stepped down; REVIEW before promotion"
DA03,A Daedra's Best Friend,155,Kill loyal Barbas + keep the Rueful Axe,kill_the_helpless,Dibella,-,m,echo,"cross-gen candidate: kill_the_helpless(m) from the Dibella Part B profile, stepped down; REVIEW before promotion"
DA03,A Daedra's Best Friend,155,Kill loyal Barbas + keep the Rueful Axe,kill_the_helpless,Kyne,-,m,echo,"cross-gen candidate: kill_the_helpless(m) from the Kyne Part B profile, stepped down; REVIEW before promotion"
DA03,A Daedra's Best Friend,155,Kill loyal Barbas + keep the Rueful Axe,murder_treacherous,Shor,-,m,echo,"cross-gen candidate: murder_treacherous(S) from the Shor Part B profile, stepped down; REVIEW before promotion"
DA03,A Daedra's Best Friend,155,Kill loyal Barbas + keep the Rueful Axe,kill_the_helpless,Stuhn,-,S,echo,"cross-gen candidate: kill_the_helpless(C) from the Stuhn Part B profile, stepped down; REVIEW before promotion"
DA03,A Daedra's Best Friend,155,Kill loyal Barbas + keep the Rueful Axe,kill_the_helpless,Baan Dar,-,m,echo,"cross-gen candidate: kill_the_helpless(m) from the Baan Dar Part B profile, stepped down; REVIEW before promotion"
DA03,A Daedra's Best Friend,155,Kill loyal Barbas + keep the Rueful Axe,kill_the_helpless,Khenarthi,-,m,echo,"cross-gen candidate: kill_the_helpless(m) from the Khenarthi Part B profile, stepped down; REVIEW before promotion"
DA03,A Daedra's Best Friend,155,Kill loyal Barbas + keep the Rueful Axe,kill_the_helpless,Rajhin,-,m,echo,"cross-gen candidate: kill_the_helpless(m) from the Rajhin Part B profile, stepped down; REVIEW before promotion"
DA03,A Daedra's Best Friend,155,Kill loyal Barbas + keep the Rueful Axe,murder_treacherous,Leki,-,m,echo,"cross-gen candidate: murder_treacherous(S) from the Leki Part B profile, stepped down; REVIEW before promotion"
DA03,A Daedra's Best Friend,155,Kill loyal Barbas + keep the Rueful Axe,murder_treacherous,Sithis,+,m,echo,"cross-gen candidate: murder_treacherous(S) from the Sithis Part B profile, stepped down; REVIEW before promotion"
DA03,A Daedra's Best Friend,155,Kill loyal Barbas + keep the Rueful Axe,murder_treacherous,Boethiah,+,m,echo,"cross-gen candidate: murder_treacherous(S) from the Boethiah Part B profile, stepped down; REVIEW before promotion"
DA03,A Daedra's Best Friend,155,Kill loyal Barbas + keep the Rueful Axe,murder_treacherous,Mephala,+,m,echo,"cross-gen candidate: murder_treacherous(S) from the Mephala Part B profile, stepped down; REVIEW before promotion"
DA03,A Daedra's Best Friend,155,Kill loyal Barbas + keep the Rueful Axe,kill_the_helpless,Molag Bal,+,S,echo,"cross-gen candidate: kill_the_helpless(C) from the Molag Bal Part B profile, stepped down; REVIEW before promotion"
DA03,A Daedra's Best Friend,155,Kill loyal Barbas + keep the Rueful Axe,murder_treacherous,Mehrunes Dagon,+,m,echo,"cross-gen candidate: murder_treacherous(m) from the Mehrunes Dagon Part B profile, stepped down; REVIEW before promotion"
DA03,A Daedra's Best Friend,155,Kill loyal Barbas + keep the Rueful Axe,murder_treacherous,Vaermina,+,m,echo,"cross-gen candidate: murder_treacherous(m) from the Vaermina Part B profile, stepped down; REVIEW before promotion"
DA04,Discerning the Transmundane,100,Open the lockbox; claim the Oghma Infinium,serve_a_daedra:hermaeusmora,Akatosh,-,m,echo,"cross-gen candidate: serve_a_daedra:hermaeusmora(m) from the Akatosh Part B profile, stepped down; REVIEW before promotion"
DA04,Discerning the Transmundane,100,Open the lockbox; claim the Oghma Infinium,serve_a_daedra:hermaeusmora,Stendarr,-,m,echo,"cross-gen candidate: serve_a_daedra:hermaeusmora(S) from the Stendarr Part B profile, stepped down; REVIEW before promotion"
DA04,Discerning the Transmundane,100,Open the lockbox; claim the Oghma Infinium,serve_a_daedra:hermaeusmora,Auri-El,-,m,echo,"cross-gen candidate: serve_a_daedra:hermaeusmora(S) from the Auri-El Part B profile, stepped down; REVIEW before promotion"
DA04,Discerning the Transmundane,100,Open the lockbox; claim the Oghma Infinium,forbidden_knowledge,Vaermina,+,m,echo,"cross-gen candidate: forbidden_knowledge(m) from the Vaermina Part B profile, stepped down; REVIEW before promotion"
DA05,Ill Met By Moonlight,100,Kill Sinding for Hircine (the hunt); Savior's Hide,serve_a_daedra:hircine,Akatosh,-,m,echo,"cross-gen candidate: serve_a_daedra:hircine(m) from the Akatosh Part B profile, stepped down; REVIEW before promotion"
DA05,Ill Met By Moonlight,100,Kill Sinding for Hircine (the hunt); Savior's Hide,serve_a_daedra:hircine,Stendarr,-,m,echo,"cross-gen candidate: serve_a_daedra:hircine(S) from the Stendarr Part B profile, stepped down; REVIEW before promotion"
DA05,Ill Met By Moonlight,100,Kill Sinding for Hircine (the hunt); Savior's Hide,the_hunt,Kyne,+,S,echo,"cross-gen candidate: the_hunt(C) from the Kyne Part B profile, stepped down; REVIEW before promotion"
DA05,Ill Met By Moonlight,100,Kill Sinding for Hircine (the hunt); Savior's Hide,serve_a_daedra:hircine,Auri-El,-,m,echo,"cross-gen candidate: serve_a_daedra:hircine(S) from the Auri-El Part B profile, stepped down; REVIEW before promotion"
DA05,Ill Met By Moonlight,100,Kill Sinding for Hircine (the hunt); Savior's Hide,the_hunt,Y'ffre,+,m,echo,"cross-gen candidate: the_hunt(S) from the Y'ffre Part B profile, stepped down; REVIEW before promotion"
DA05,Ill Met By Moonlight,105,Defend Sinding; spare the hunted (Ring of Hircine),mercy_spare,Stendarr,+,S,echo,"cross-gen candidate: mercy_spare(C) from the Stendarr Part B profile, stepped down; REVIEW before promotion"
DA05,Ill Met By Moonlight,105,Defend Sinding; spare the hunted (Ring of Hircine),protect_the_weak,Kynareth,+,m,echo,"cross-gen candidate: protect_the_weak(m) from the Kynareth Part B profile, stepped down; REVIEW before promotion"
DA05,Ill Met By Moonlight,105,Defend Sinding; spare the hunted (Ring of Hircine),protect_the_weak,Talos,+,m,echo,"cross-gen candidate: protect_the_weak(m) from the Talos Part B profile, stepped down; REVIEW before promotion"
DA05,Ill Met By Moonlight,105,Defend Sinding; spare the hunted (Ring of Hircine),protect_the_weak,Tsun,+,m,echo,"cross-gen candidate: protect_the_weak(m) from the Tsun Part B profile, stepped down; REVIEW before promotion"
DA05,Ill Met By Moonlight,105,Defend Sinding; spare the hunted (Ring of Hircine),mercy_spare,Stuhn,+,S,echo,"cross-gen candidate: mercy_spare(C) from the Stuhn Part B profile, stepped down; REVIEW before promotion"
DA05,Ill Met By Moonlight,105,Defend Sinding; spare the hunted (Ring of Hircine),the_hunt,Y'ffre,+,m,echo,"cross-gen candidate: the_hunt(S) from the Y'ffre Part B profile, stepped down; REVIEW before promotion"
DA05,Ill Met By Moonlight,105,Defend Sinding; spare the hunted (Ring of Hircine),protect_the_weak,Khenarthi,+,m,echo,"cross-gen candidate: protect_the_weak(S) from the Khenarthi Part B profile, stepped down; REVIEW before promotion"
DA05,Ill Met By Moonlight,105,Defend Sinding; spare the hunted (Ring of Hircine),mercy_spare,Molag Bal,-,m,echo,"cross-gen candidate: mercy_spare(S) from the Molag Bal Part B profile, stepped down; REVIEW before promotion"
DA06,The Cursed Tribe,200,Defend Largashbur; prove worthier than Yamarz; lift the curse,serve_a_daedra:malacath,Stendarr,-,m,echo,"cross-gen candidate: serve_a_daedra:malacath(S) from the Stendarr Part B profile, stepped down; REVIEW before promotion"
DA06,The Cursed Tribe,200,Defend Largashbur; prove worthier than Yamarz; lift the curse,prove_by_struggle,Talos,+,m,echo,"cross-gen candidate: prove_by_struggle(S) from the Talos Part B profile, stepped down; REVIEW before promotion"
DA06,The Cursed Tribe,200,Defend Largashbur; prove worthier than Yamarz; lift the curse,prove_by_struggle,Kyne,+,m,echo,"cross-gen candidate: prove_by_struggle(S) from the Kyne Part B profile, stepped down; REVIEW before promotion"
DA06,The Cursed Tribe,200,Defend Largashbur; prove worthier than Yamarz; lift the curse,kill_honorable_combat,Shor,+,S,echo,"cross-gen candidate: kill_honorable_combat(C) from the Shor Part B profile, stepped down; REVIEW before promotion"
DA06,The Cursed Tribe,200,Defend Largashbur; prove worthier than Yamarz; lift the curse,prove_by_struggle,Tsun,+,S,echo,"cross-gen candidate: prove_by_struggle(C) from the Tsun Part B profile, stepped down; REVIEW before promotion"
DA06,The Cursed Tribe,200,Defend Largashbur; prove worthier than Yamarz; lift the curse,keep_oath,Stuhn,+,m,echo,"cross-gen candidate: keep_oath(S) from the Stuhn Part B profile, stepped down; REVIEW before promotion"
DA06,The Cursed Tribe,200,Defend Largashbur; prove worthier than Yamarz; lift the curse,kill_honorable_combat,Trinimac,+,m,echo,"cross-gen candidate: kill_honorable_combat(S) from the Trinimac Part B profile, stepped down; REVIEW before promotion"
DA06,The Cursed Tribe,200,Defend Largashbur; prove worthier than Yamarz; lift the curse,defend_kin_home,Y'ffre,+,m,echo,"cross-gen candidate: defend_kin_home(m) from the Y'ffre Part B profile, stepped down; REVIEW before promotion"
DA06,The Cursed Tribe,200,Defend Largashbur; prove worthier than Yamarz; lift the curse,keep_oath,Z'en,+,m,echo,"cross-gen candidate: keep_oath(m) from the Z'en Part B profile, stepped down; REVIEW before promotion"
DA06,The Cursed Tribe,200,Defend Largashbur; prove worthier than Yamarz; lift the curse,prove_by_struggle,Baan Dar,+,m,echo,"cross-gen candidate: prove_by_struggle(m) from the Baan Dar Part B profile, stepped down; REVIEW before promotion"
DA06,The Cursed Tribe,200,Defend Largashbur; prove worthier than Yamarz; lift the curse,kill_honorable_combat,Alkosh,+,m,echo,"cross-gen candidate: kill_honorable_combat(S) from the Alkosh Part B profile, stepped down; REVIEW before promotion"
DA06,The Cursed Tribe,200,Defend Largashbur; prove worthier than Yamarz; lift the curse,prove_by_struggle,HoonDing,+,S,echo,"cross-gen candidate: prove_by_struggle(C) from the HoonDing Part B profile, stepped down; REVIEW before promotion"
DA06,The Cursed Tribe,200,Defend Largashbur; prove worthier than Yamarz; lift the curse,kill_honorable_combat,Leki,+,m,echo,"cross-gen candidate: kill_honorable_combat(S) from the Leki Part B profile, stepped down; REVIEW before promotion"
DA06,The Cursed Tribe,200,Defend Largashbur; prove worthier than Yamarz; lift the curse,defend_kin_home,The Hist,+,S,echo,"cross-gen candidate: defend_kin_home(C) from the The Hist Part B profile, stepped down; REVIEW before promotion"
DA06,The Cursed Tribe,200,Defend Largashbur; prove worthier than Yamarz; lift the curse,prove_by_struggle,Boethiah,+,S,echo,"cross-gen candidate: prove_by_struggle(C) from the Boethiah Part B profile, stepped down; REVIEW before promotion"
DA06,The Cursed Tribe,200,Defend Largashbur; prove worthier than Yamarz; lift the curse,kill_honorable_combat,Hircine,+,m,echo,"cross-gen candidate: kill_honorable_combat(S) from the Hircine Part B profile, stepped down; REVIEW before promotion"
DA07,Pieces of the Past,100,Kill Silus for Dagon; reforge Mehrunes' Razor,murder_treacherous,Mara,-,m,echo,"cross-gen candidate: murder_treacherous(m) from the Mara Part B profile, stepped down; REVIEW before promotion"
DA07,Pieces of the Past,100,Kill Silus for Dagon; reforge Mehrunes' Razor,sow_chaos_madness,Julianos,-,m,echo,"cross-gen candidate: sow_chaos_madness(S) from the Julianos Part B profile, stepped down; REVIEW before promotion"
DA07,Pieces of the Past,100,Kill Silus for Dagon; reforge Mehrunes' Razor,murder_treacherous,Shor,-,m,echo,"cross-gen candidate: murder_treacherous(S) from the Shor Part B profile, stepped down; REVIEW before promotion"
DA07,Pieces of the Past,100,Kill Silus for Dagon; reforge Mehrunes' Razor,sow_chaos_madness,Magnus,-,m,echo,"cross-gen candidate: sow_chaos_madness(m) from the Magnus Part B profile, stepped down; REVIEW before promotion"
DA07,Pieces of the Past,100,Kill Silus for Dagon; reforge Mehrunes' Razor,sow_chaos_madness,Xarxes,-,m,echo,"cross-gen candidate: sow_chaos_madness(m) from the Xarxes Part B profile, stepped down; REVIEW before promotion"
DA07,Pieces of the Past,100,Kill Silus for Dagon; reforge Mehrunes' Razor,sow_chaos_madness,Alkosh,-,S,echo,"cross-gen candidate: sow_chaos_madness(C) from the Alkosh Part B profile, stepped down; REVIEW before promotion"
DA07,Pieces of the Past,100,Kill Silus for Dagon; reforge Mehrunes' Razor,murder_treacherous,Leki,-,m,echo,"cross-gen candidate: murder_treacherous(S) from the Leki Part B profile, stepped down; REVIEW before promotion"
DA07,Pieces of the Past,100,Kill Silus for Dagon; reforge Mehrunes' Razor,murder_treacherous,Sithis,+,m,echo,"cross-gen candidate: murder_treacherous(S) from the Sithis Part B profile, stepped down; REVIEW before promotion"
DA07,Pieces of the Past,100,Kill Silus for Dagon; reforge Mehrunes' Razor,murder_treacherous,Boethiah,+,m,echo,"cross-gen candidate: murder_treacherous(S) from the Boethiah Part B profile, stepped down; REVIEW before promotion"
DA07,Pieces of the Past,100,Kill Silus for Dagon; reforge Mehrunes' Razor,murder_treacherous,Mephala,+,m,echo,"cross-gen candidate: murder_treacherous(S) from the Mephala Part B profile, stepped down; REVIEW before promotion"
DA07,Pieces of the Past,100,Kill Silus for Dagon; reforge Mehrunes' Razor,murder_treacherous,Molag Bal,+,m,echo,"cross-gen candidate: murder_treacherous(S) from the Molag Bal Part B profile, stepped down; REVIEW before promotion"
DA07,Pieces of the Past,100,Kill Silus for Dagon; reforge Mehrunes' Razor,sow_chaos_madness,Sheogorath,+,S,echo,"cross-gen candidate: sow_chaos_madness(C) from the Sheogorath Part B profile, stepped down; REVIEW before promotion"
DA07,Pieces of the Past,100,Kill Silus for Dagon; reforge Mehrunes' Razor,sow_chaos_madness,Peryite,-,m,echo,"cross-gen candidate: sow_chaos_madness(S) from the Peryite Part B profile, stepped down; REVIEW before promotion"
DA07,Pieces of the Past,100,Kill Silus for Dagon; reforge Mehrunes' Razor,murder_treacherous,Vaermina,+,m,echo,"cross-gen candidate: murder_treacherous(m) from the Vaermina Part B profile, stepped down; REVIEW before promotion"
DA07,Pieces of the Past,150,Refuse to kill Silus; reject Dagon,mercy_spare,Mara,+,m,echo,"cross-gen candidate: mercy_spare(S) from the Mara Part B profile, stepped down; REVIEW before promotion"
DA07,Pieces of the Past,150,Refuse to kill Silus; reject Dagon,mercy_spare,Kyne,+,m,echo,"cross-gen candidate: mercy_spare(m) from the Kyne Part B profile, stepped down; REVIEW before promotion"
DA07,Pieces of the Past,150,Refuse to kill Silus; reject Dagon,mercy_spare,Molag Bal,-,m,echo,"cross-gen candidate: mercy_spare(S) from the Molag Bal Part B profile, stepped down; REVIEW before promotion"
DA08,The Whispering Door,60,Take Mephala's Ebony Blade (fed by slaying those close),serve_a_daedra:mephala,Akatosh,-,m,echo,"cross-gen candidate: serve_a_daedra:mephala(m) from the Akatosh Part B profile, stepped down; REVIEW before promotion"
DA08,The Whispering Door,60,Take Mephala's Ebony Blade (fed by slaying those close),serve_a_daedra:mephala,Stendarr,-,m,echo,"cross-gen candidate: serve_a_daedra:mephala(S) from the Stendarr Part B profile, stepped down; REVIEW before promotion"
DA08,The Whispering Door,60,Take Mephala's Ebony Blade (fed by slaying those close),serve_a_daedra:mephala,Auri-El,-,m,echo,"cross-gen candidate: serve_a_daedra:mephala(S) from the Auri-El Part B profile, stepped down; REVIEW before promotion"
DA08,The Whispering Door,60,Take Mephala's Ebony Blade (fed by slaying those close),keep_secret,Xarxes,+,m,echo,"cross-gen candidate: keep_secret(m) from the Xarxes Part B profile, stepped down; REVIEW before promotion"
DA08,The Whispering Door,60,Take Mephala's Ebony Blade (fed by slaying those close),keep_secret,Nocturnal,+,m,echo,"cross-gen candidate: keep_secret(S) from the Nocturnal Part B profile, stepped down; REVIEW before promotion"
DA08,The Whispering Door,60,Take Mephala's Ebony Blade (fed by slaying those close),keep_secret,Hermaeus Mora,+,m,echo,"cross-gen candidate: keep_secret(m) from the Hermaeus Mora Part B profile, stepped down; REVIEW before promotion"
DA08,The Whispering Door,25,Manipulate the Jarl's child to open the door,deceit,Baan Dar,+,S,echo,"cross-gen candidate: deceit(C) from the Baan Dar Part B profile, stepped down; REVIEW before promotion"
DA08,The Whispering Door,25,Manipulate the Jarl's child to open the door,deceit,Rajhin,+,m,echo,"cross-gen candidate: deceit(S) from the Rajhin Part B profile, stepped down; REVIEW before promotion"
DA08,The Whispering Door,25,Manipulate the Jarl's child to open the door,deceit,Malacath,-,m,echo,"cross-gen candidate: deceit(m) from the Malacath Part B profile, stepped down; REVIEW before promotion"
DA08,The Whispering Door,25,Manipulate the Jarl's child to open the door,deceit,Boethiah,+,m,echo,"cross-gen candidate: deceit(S) from the Boethiah Part B profile, stepped down; REVIEW before promotion"
DA08,The Whispering Door,25,Manipulate the Jarl's child to open the door,deceit,Mephala,+,S,echo,"cross-gen candidate: deceit(C) from the Mephala Part B profile, stepped down; REVIEW before promotion"
DA08,The Whispering Door,25,Manipulate the Jarl's child to open the door,deceit,Nocturnal,+,m,echo,"cross-gen candidate: deceit(m) from the Nocturnal Part B profile, stepped down; REVIEW before promotion"
DA08,The Whispering Door,25,Manipulate the Jarl's child to open the door,deceit,Clavicus Vile,+,m,echo,"cross-gen candidate: deceit(S) from the Clavicus Vile Part B profile, stepped down; REVIEW before promotion"
DA09,The Break of Dawn,500,Destroy Malkoran (necromancer); reclaim Dawnbreaker,serve_a_daedra:meridia,Akatosh,-,m,echo,"cross-gen candidate: serve_a_daedra:meridia(m) from the Akatosh Part B profile, stepped down; REVIEW before promotion"
DA09,The Break of Dawn,500,Destroy Malkoran (necromancer); reclaim Dawnbreaker,serve_a_daedra:meridia,Auri-El,-,m,echo,"cross-gen candidate: serve_a_daedra:meridia(S) from the Auri-El Part B profile, stepped down; REVIEW before promotion"
DA09,The Break of Dawn,500,Destroy Malkoran (necromancer); reclaim Dawnbreaker,cure_undeath,Hircine,-,m,echo,"cross-gen candidate: cure_undeath(S) from the Hircine Part B profile, stepped down; REVIEW before promotion"
DA10,The House of Horrors,200,Beat the captive priest into submission + kill him; Mace of Molag Bal,serve_a_daedra:molagbal,Akatosh,-,m,echo,"cross-gen candidate: serve_a_daedra:molagbal(m) from the Akatosh Part B profile, stepped down; REVIEW before promotion"
DA10,The House of Horrors,200,Beat the captive priest into submission + kill him; Mace of Molag Bal,kill_the_helpless,Dibella,-,m,echo,"cross-gen candidate: kill_the_helpless(m) from the Dibella Part B profile, stepped down; REVIEW before promotion"
DA10,The House of Horrors,200,Beat the captive priest into submission + kill him; Mace of Molag Bal,kill_the_helpless,Kyne,-,m,echo,"cross-gen candidate: kill_the_helpless(m) from the Kyne Part B profile, stepped down; REVIEW before promotion"
DA10,The House of Horrors,200,Beat the captive priest into submission + kill him; Mace of Molag Bal,murder_treacherous,Shor,-,m,echo,"cross-gen candidate: murder_treacherous(S) from the Shor Part B profile, stepped down; REVIEW before promotion"
DA10,The House of Horrors,200,Beat the captive priest into submission + kill him; Mace of Molag Bal,serve_a_daedra:molagbal,Auri-El,-,m,echo,"cross-gen candidate: serve_a_daedra:molagbal(S) from the Auri-El Part B profile, stepped down; REVIEW before promotion"
DA10,The House of Horrors,200,Beat the captive priest into submission + kill him; Mace of Molag Bal,kill_the_helpless,Baan Dar,-,m,echo,"cross-gen candidate: kill_the_helpless(m) from the Baan Dar Part B profile, stepped down; REVIEW before promotion"
DA10,The House of Horrors,200,Beat the captive priest into submission + kill him; Mace of Molag Bal,serve_a_daedra:molagbal,Azura,-,m,echo,"cross-gen candidate: serve_a_daedra:molagbal(S) from the Azura Part B profile, stepped down; REVIEW before promotion"
DA10,The House of Horrors,200,Beat the captive priest into submission + kill him; Mace of Molag Bal,kill_the_helpless,Khenarthi,-,m,echo,"cross-gen candidate: kill_the_helpless(m) from the Khenarthi Part B profile, stepped down; REVIEW before promotion"
DA10,The House of Horrors,200,Beat the captive priest into submission + kill him; Mace of Molag Bal,kill_the_helpless,Rajhin,-,m,echo,"cross-gen candidate: kill_the_helpless(m) from the Rajhin Part B profile, stepped down; REVIEW before promotion"
DA10,The House of Horrors,200,Beat the captive priest into submission + kill him; Mace of Molag Bal,murder_treacherous,Leki,-,m,echo,"cross-gen candidate: murder_treacherous(S) from the Leki Part B profile, stepped down; REVIEW before promotion"
DA10,The House of Horrors,200,Beat the captive priest into submission + kill him; Mace of Molag Bal,murder_treacherous,Sithis,+,m,echo,"cross-gen candidate: murder_treacherous(S) from the Sithis Part B profile, stepped down; REVIEW before promotion"
DA10,The House of Horrors,200,Beat the captive priest into submission + kill him; Mace of Molag Bal,murder_treacherous,Boethiah,+,m,echo,"cross-gen candidate: murder_treacherous(S) from the Boethiah Part B profile, stepped down; REVIEW before promotion"
DA10,The House of Horrors,200,Beat the captive priest into submission + kill him; Mace of Molag Bal,murder_treacherous,Mephala,+,m,echo,"cross-gen candidate: murder_treacherous(S) from the Mephala Part B profile, stepped down; REVIEW before promotion"
DA10,The House of Horrors,200,Beat the captive priest into submission + kill him; Mace of Molag Bal,murder_treacherous,Mehrunes Dagon,+,m,echo,"cross-gen candidate: murder_treacherous(m) from the Mehrunes Dagon Part B profile, stepped down; REVIEW before promotion"
DA10,The House of Horrors,200,Beat the captive priest into submission + kill him; Mace of Molag Bal,murder_treacherous,Vaermina,+,m,echo,"cross-gen candidate: murder_treacherous(m) from the Vaermina Part B profile, stepped down; REVIEW before promotion"
DA11,The Taste of Death,100,Feast on Verulus's corpse; Ring of Namira,serve_a_daedra:namira,Akatosh,-,m,echo,"cross-gen candidate: serve_a_daedra:namira(m) from the Akatosh Part B profile, stepped down; REVIEW before promotion"
DA11,The Taste of Death,100,Feast on Verulus's corpse; Ring of Namira,murder_treacherous,Mara,-,m,echo,"cross-gen candidate: murder_treacherous(m) from the Mara Part B profile, stepped down; REVIEW before promotion"
DA11,The Taste of Death,100,Feast on Verulus's corpse; Ring of Namira,kill_the_helpless,Dibella,-,m,echo,"cross-gen candidate: kill_the_helpless(m) from the Dibella Part B profile, stepped down; REVIEW before promotion"
DA11,The Taste of Death,100,Feast on Verulus's corpse; Ring of Namira,kill_the_helpless,Kyne,-,m,echo,"cross-gen candidate: kill_the_helpless(m) from the Kyne Part B profile, stepped down; REVIEW before promotion"
DA11,The Taste of Death,100,Feast on Verulus's corpse; Ring of Namira,murder_treacherous,Shor,-,m,echo,"cross-gen candidate: murder_treacherous(S) from the Shor Part B profile, stepped down; REVIEW before promotion"
DA11,The Taste of Death,100,Feast on Verulus's corpse; Ring of Namira,serve_a_daedra:namira,Auri-El,-,m,echo,"cross-gen candidate: serve_a_daedra:namira(S) from the Auri-El Part B profile, stepped down; REVIEW before promotion"
DA11,The Taste of Death,100,Feast on Verulus's corpse; Ring of Namira,kill_the_helpless,Baan Dar,-,m,echo,"cross-gen candidate: kill_the_helpless(m) from the Baan Dar Part B profile, stepped down; REVIEW before promotion"
DA11,The Taste of Death,100,Feast on Verulus's corpse; Ring of Namira,desecrate_the_dead,Azura,-,m,echo,"cross-gen candidate: desecrate_the_dead(m) from the Azura Part B profile, stepped down; REVIEW before promotion"
DA11,The Taste of Death,100,Feast on Verulus's corpse; Ring of Namira,kill_the_helpless,Khenarthi,-,m,echo,"cross-gen candidate: kill_the_helpless(m) from the Khenarthi Part B profile, stepped down; REVIEW before promotion"
DA11,The Taste of Death,100,Feast on Verulus's corpse; Ring of Namira,kill_the_helpless,Rajhin,-,m,echo,"cross-gen candidate: kill_the_helpless(m) from the Rajhin Part B profile, stepped down; REVIEW before promotion"
DA11,The Taste of Death,100,Feast on Verulus's corpse; Ring of Namira,murder_treacherous,Leki,-,m,echo,"cross-gen candidate: murder_treacherous(S) from the Leki Part B profile, stepped down; REVIEW before promotion"
DA11,The Taste of Death,100,Feast on Verulus's corpse; Ring of Namira,murder_treacherous,Sithis,+,m,echo,"cross-gen candidate: murder_treacherous(S) from the Sithis Part B profile, stepped down; REVIEW before promotion"
DA11,The Taste of Death,100,Feast on Verulus's corpse; Ring of Namira,murder_treacherous,Boethiah,+,m,echo,"cross-gen candidate: murder_treacherous(S) from the Boethiah Part B profile, stepped down; REVIEW before promotion"
DA11,The Taste of Death,100,Feast on Verulus's corpse; Ring of Namira,murder_treacherous,Mephala,+,m,echo,"cross-gen candidate: murder_treacherous(S) from the Mephala Part B profile, stepped down; REVIEW before promotion"
DA11,The Taste of Death,100,Feast on Verulus's corpse; Ring of Namira,desecrate_the_dead,Meridia,-,m,echo,"cross-gen candidate: desecrate_the_dead(S) from the Meridia Part B profile, stepped down; REVIEW before promotion"
DA11,The Taste of Death,100,Feast on Verulus's corpse; Ring of Namira,kill_the_helpless,Molag Bal,+,S,echo,"cross-gen candidate: kill_the_helpless(C) from the Molag Bal Part B profile, stepped down; REVIEW before promotion"
DA11,The Taste of Death,100,Feast on Verulus's corpse; Ring of Namira,murder_treacherous,Mehrunes Dagon,+,m,echo,"cross-gen candidate: murder_treacherous(m) from the Mehrunes Dagon Part B profile, stepped down; REVIEW before promotion"
DA11,The Taste of Death,100,Feast on Verulus's corpse; Ring of Namira,murder_treacherous,Vaermina,+,m,echo,"cross-gen candidate: murder_treacherous(m) from the Vaermina Part B profile, stepped down; REVIEW before promotion"
DA11,The Taste of Death,250,Kill Eola; save Verulus from the cannibals,protect_the_weak,Kynareth,+,m,echo,"cross-gen candidate: protect_the_weak(m) from the Kynareth Part B profile, stepped down; REVIEW before promotion"
DA11,The Taste of Death,250,Kill Eola; save Verulus from the cannibals,protect_the_weak,Talos,+,m,echo,"cross-gen candidate: protect_the_weak(m) from the Talos Part B profile, stepped down; REVIEW before promotion"
DA11,The Taste of Death,250,Kill Eola; save Verulus from the cannibals,mercy_spare,Kyne,+,m,echo,"cross-gen candidate: mercy_spare(m) from the Kyne Part B profile, stepped down; REVIEW before promotion"
DA11,The Taste of Death,250,Kill Eola; save Verulus from the cannibals,protect_the_weak,Tsun,+,m,echo,"cross-gen candidate: protect_the_weak(m) from the Tsun Part B profile, stepped down; REVIEW before promotion"
DA11,The Taste of Death,250,Kill Eola; save Verulus from the cannibals,protect_the_weak,Khenarthi,+,m,echo,"cross-gen candidate: protect_the_weak(S) from the Khenarthi Part B profile, stepped down; REVIEW before promotion"
DA11,The Taste of Death,250,Kill Eola; save Verulus from the cannibals,mercy_spare,Molag Bal,-,m,echo,"cross-gen candidate: mercy_spare(S) from the Molag Bal Part B profile, stepped down; REVIEW before promotion"
DA13,The Only Cure,100,Commune with Peryite; kill Orchendor; Spellbreaker,serve_a_daedra:peryite,Akatosh,-,m,echo,"cross-gen candidate: serve_a_daedra:peryite(m) from the Akatosh Part B profile, stepped down; REVIEW before promotion"
DA13,The Only Cure,100,Commune with Peryite; kill Orchendor; Spellbreaker,serve_a_daedra:peryite,Stendarr,-,m,echo,"cross-gen candidate: serve_a_daedra:peryite(S) from the Stendarr Part B profile, stepped down; REVIEW before promotion"
DA13,The Only Cure,100,Commune with Peryite; kill Orchendor; Spellbreaker,serve_a_daedra:peryite,Auri-El,-,m,echo,"cross-gen candidate: serve_a_daedra:peryite(S) from the Auri-El Part B profile, stepped down; REVIEW before promotion"
DA14,A Night To Remember,200,Drunken revelry across Skyrim; Sanguine Rose,serve_a_daedra:sanguine,Akatosh,-,m,echo,"cross-gen candidate: serve_a_daedra:sanguine(m) from the Akatosh Part B profile, stepped down; REVIEW before promotion"
DA14,A Night To Remember,200,Drunken revelry across Skyrim; Sanguine Rose,serve_a_daedra:sanguine,Stendarr,-,m,echo,"cross-gen candidate: serve_a_daedra:sanguine(S) from the Stendarr Part B profile, stepped down; REVIEW before promotion"
DA14,A Night To Remember,200,Drunken revelry across Skyrim; Sanguine Rose,serve_a_daedra:sanguine,Auri-El,-,m,echo,"cross-gen candidate: serve_a_daedra:sanguine(S) from the Auri-El Part B profile, stepped down; REVIEW before promotion"
DA14,A Night To Remember,200,Drunken revelry across Skyrim; Sanguine Rose,revel_indulge,Sheogorath,+,m,echo,"cross-gen candidate: revel_indulge(m) from the Sheogorath Part B profile, stepped down; REVIEW before promotion"
DA14,A Night To Remember,10,Trashed the Temple of Dibella in a drunken stupor,defile_nature,Kynareth,-,S,echo,"cross-gen candidate: defile_nature(C) from the Kynareth Part B profile, stepped down; REVIEW before promotion"
DA14,A Night To Remember,10,Trashed the Temple of Dibella in a drunken stupor,defile_nature,Kyne,-,S,echo,"cross-gen candidate: defile_nature(C) from the Kyne Part B profile, stepped down; REVIEW before promotion"
DA14,A Night To Remember,10,Trashed the Temple of Dibella in a drunken stupor,defile_nature,Y'ffre,-,S,echo,"cross-gen candidate: defile_nature(C) from the Y'ffre Part B profile, stepped down; REVIEW before promotion"
DA14,A Night To Remember,10,Trashed the Temple of Dibella in a drunken stupor,defile_nature,The Hist,-,m,echo,"cross-gen candidate: defile_nature(S) from the The Hist Part B profile, stepped down; REVIEW before promotion"
DA14,A Night To Remember,10,Trashed the Temple of Dibella in a drunken stupor,revel_indulge,Sheogorath,+,m,echo,"cross-gen candidate: revel_indulge(m) from the Sheogorath Part B profile, stepped down; REVIEW before promotion"
DA14,A Night To Remember,10,Trashed the Temple of Dibella in a drunken stupor,revel_indulge,Sanguine,+,S,echo,"cross-gen candidate: revel_indulge(C) from the Sanguine Part B profile, stepped down; REVIEW before promotion"
DA14,A Night To Remember,30,Clean the Temple + apologize to the priestesses of Dibella,charity,Stendarr,+,m,echo,"cross-gen candidate: charity(m) from the Stendarr Part B profile, stepped down; REVIEW before promotion"
DA14,A Night To Remember,30,Clean the Temple + apologize to the priestesses of Dibella,charity,Mara,+,S,echo,"cross-gen candidate: charity(C) from the Mara Part B profile, stepped down; REVIEW before promotion"
DA14,A Night To Remember,30,Clean the Temple + apologize to the priestesses of Dibella,heal_comfort,Kynareth,+,m,echo,"cross-gen candidate: heal_comfort(m) from the Kynareth Part B profile, stepped down; REVIEW before promotion"
DA15,The Mind of Madness,200,Help Sheogorath return; the Wabbajack,sow_chaos_madness,Akatosh,-,m,echo,"cross-gen candidate: sow_chaos_madness(S) from the Akatosh Part B profile, stepped down; REVIEW before promotion"
DA15,The Mind of Madness,200,Help Sheogorath return; the Wabbajack,serve_a_daedra:sheogorath,Stendarr,-,m,echo,"cross-gen candidate: serve_a_daedra:sheogorath(S) from the Stendarr Part B profile, stepped down; REVIEW before promotion"
DA15,The Mind of Madness,200,Help Sheogorath return; the Wabbajack,sow_chaos_madness,Julianos,-,m,echo,"cross-gen candidate: sow_chaos_madness(S) from the Julianos Part B profile, stepped down; REVIEW before promotion"
DA15,The Mind of Madness,200,Help Sheogorath return; the Wabbajack,serve_a_daedra:sheogorath,Auri-El,-,m,echo,"cross-gen candidate: serve_a_daedra:sheogorath(S) from the Auri-El Part B profile, stepped down; REVIEW before promotion"
DA15,The Mind of Madness,200,Help Sheogorath return; the Wabbajack,sow_chaos_madness,Magnus,-,m,echo,"cross-gen candidate: sow_chaos_madness(m) from the Magnus Part B profile, stepped down; REVIEW before promotion"
DA15,The Mind of Madness,200,Help Sheogorath return; the Wabbajack,sow_chaos_madness,Xarxes,-,m,echo,"cross-gen candidate: sow_chaos_madness(m) from the Xarxes Part B profile, stepped down; REVIEW before promotion"
DA15,The Mind of Madness,200,Help Sheogorath return; the Wabbajack,sow_chaos_madness,Alkosh,-,S,echo,"cross-gen candidate: sow_chaos_madness(C) from the Alkosh Part B profile, stepped down; REVIEW before promotion"
DA15,The Mind of Madness,200,Help Sheogorath return; the Wabbajack,sow_chaos_madness,Mehrunes Dagon,+,S,echo,"cross-gen candidate: sow_chaos_madness(C) from the Mehrunes Dagon Part B profile, stepped down; REVIEW before promotion"
DA15,The Mind of Madness,200,Help Sheogorath return; the Wabbajack,sow_chaos_madness,Peryite,-,m,echo,"cross-gen candidate: sow_chaos_madness(S) from the Peryite Part B profile, stepped down; REVIEW before promotion"
DA16,Waking Nightmare,190,Murder Erandur (priest of Mara) + take the Skull of Corruption,serve_a_daedra:vaermina,Akatosh,-,m,echo,"cross-gen candidate: serve_a_daedra:vaermina(m) from the Akatosh Part B profile, stepped down; REVIEW before promotion"
DA16,Waking Nightmare,190,Murder Erandur (priest of Mara) + take the Skull of Corruption,murder_treacherous,Shor,-,m,echo,"cross-gen candidate: murder_treacherous(S) from the Shor Part B profile, stepped down; REVIEW before promotion"
DA16,Waking Nightmare,190,Murder Erandur (priest of Mara) + take the Skull of Corruption,serve_a_daedra:vaermina,Auri-El,-,m,echo,"cross-gen candidate: serve_a_daedra:vaermina(S) from the Auri-El Part B profile, stepped down; REVIEW before promotion"
DA16,Waking Nightmare,190,Murder Erandur (priest of Mara) + take the Skull of Corruption,murder_treacherous,Leki,-,m,echo,"cross-gen candidate: murder_treacherous(S) from the Leki Part B profile, stepped down; REVIEW before promotion"
DA16,Waking Nightmare,190,Murder Erandur (priest of Mara) + take the Skull of Corruption,murder_treacherous,Sithis,+,m,echo,"cross-gen candidate: murder_treacherous(S) from the Sithis Part B profile, stepped down; REVIEW before promotion"
DA16,Waking Nightmare,190,Murder Erandur (priest of Mara) + take the Skull of Corruption,murder_treacherous,Boethiah,+,m,echo,"cross-gen candidate: murder_treacherous(S) from the Boethiah Part B profile, stepped down; REVIEW before promotion"
DA16,Waking Nightmare,190,Murder Erandur (priest of Mara) + take the Skull of Corruption,murder_treacherous,Mephala,+,m,echo,"cross-gen candidate: murder_treacherous(S) from the Mephala Part B profile, stepped down; REVIEW before promotion"
DA16,Waking Nightmare,190,Murder Erandur (priest of Mara) + take the Skull of Corruption,murder_treacherous,Molag Bal,+,m,echo,"cross-gen candidate: murder_treacherous(S) from the Molag Bal Part B profile, stepped down; REVIEW before promotion"
DA16,Waking Nightmare,190,Murder Erandur (priest of Mara) + take the Skull of Corruption,murder_treacherous,Mehrunes Dagon,+,m,echo,"cross-gen candidate: murder_treacherous(m) from the Mehrunes Dagon Part B profile, stepped down; REVIEW before promotion"
DA16,Waking Nightmare,200,Allow Erandur to destroy the Skull; spare him,protect_the_weak,Kynareth,+,m,echo,"cross-gen candidate: protect_the_weak(m) from the Kynareth Part B profile, stepped down; REVIEW before promotion"
DA16,Waking Nightmare,200,Allow Erandur to destroy the Skull; spare him,protect_the_weak,Talos,+,m,echo,"cross-gen candidate: protect_the_weak(m) from the Talos Part B profile, stepped down; REVIEW before promotion"
DA16,Waking Nightmare,200,Allow Erandur to destroy the Skull; spare him,mercy_spare,Kyne,+,m,echo,"cross-gen candidate: mercy_spare(m) from the Kyne Part B profile, stepped down; REVIEW before promotion"
DA16,Waking Nightmare,200,Allow Erandur to destroy the Skull; spare him,protect_the_weak,Tsun,+,m,echo,"cross-gen candidate: protect_the_weak(m) from the Tsun Part B profile, stepped down; REVIEW before promotion"
DA16,Waking Nightmare,200,Allow Erandur to destroy the Skull; spare him,protect_the_weak,Khenarthi,+,m,echo,"cross-gen candidate: protect_the_weak(S) from the Khenarthi Part B profile, stepped down; REVIEW before promotion"
DA16,Waking Nightmare,200,Allow Erandur to destroy the Skull; spare him,mercy_spare,Molag Bal,-,m,echo,"cross-gen candidate: mercy_spare(S) from the Molag Bal Part B profile, stepped down; REVIEW before promotion"
TG08A,Trinity Restored,57,Take the Nightingale Oath to Nocturnal,serve_a_daedra:nocturnal,Stendarr,-,m,echo,"cross-gen candidate: serve_a_daedra:nocturnal(S) from the Stendarr Part B profile, stepped down; REVIEW before promotion"
TG08A,Trinity Restored,57,Take the Nightingale Oath to Nocturnal,keep_oath,Stuhn,+,m,echo,"cross-gen candidate: keep_oath(S) from the Stuhn Part B profile, stepped down; REVIEW before promotion"
TG08A,Trinity Restored,57,Take the Nightingale Oath to Nocturnal,serve_a_daedra:nocturnal,Auri-El,-,m,echo,"cross-gen candidate: serve_a_daedra:nocturnal(S) from the Auri-El Part B profile, stepped down; REVIEW before promotion"
TG08A,Trinity Restored,57,Take the Nightingale Oath to Nocturnal,keep_oath,Trinimac,+,m,echo,"cross-gen candidate: keep_oath(S) from the Trinimac Part B profile, stepped down; REVIEW before promotion"
TG08A,Trinity Restored,57,Take the Nightingale Oath to Nocturnal,keep_oath,Z'en,+,m,echo,"cross-gen candidate: keep_oath(m) from the Z'en Part B profile, stepped down; REVIEW before promotion"
TG08A,Trinity Restored,57,Take the Nightingale Oath to Nocturnal,keep_oath,Malacath,+,S,echo,"cross-gen candidate: keep_oath(C) from the Malacath Part B profile, stepped down; REVIEW before promotion"
TG08A,Trinity Restored,57,Take the Nightingale Oath to Nocturnal,keep_oath,Mehrunes Dagon,-,m,echo,"cross-gen candidate: keep_oath(m) from the Mehrunes Dagon Part B profile, stepped down; REVIEW before promotion"
TG08B,Blindsighted,50,Slay the traitor Mercer Frey; recover the Skeleton Key,theft_burglary,Zenithar,-,m,echo,"cross-gen candidate: theft_burglary(S) from the Zenithar Part B profile, stepped down; REVIEW before promotion"
TG08B,Blindsighted,50,Slay the traitor Mercer Frey; recover the Skeleton Key,kill_honorable_combat,Talos,+,m,echo,"cross-gen candidate: kill_honorable_combat(S) from the Talos Part B profile, stepped down; REVIEW before promotion"
TG08B,Blindsighted,50,Slay the traitor Mercer Frey; recover the Skeleton Key,kill_honorable_combat,Kyne,+,m,echo,"cross-gen candidate: kill_honorable_combat(S) from the Kyne Part B profile, stepped down; REVIEW before promotion"
TG08B,Blindsighted,50,Slay the traitor Mercer Frey; recover the Skeleton Key,kill_honorable_combat,Shor,+,S,echo,"cross-gen candidate: kill_honorable_combat(C) from the Shor Part B profile, stepped down; REVIEW before promotion"
TG08B,Blindsighted,50,Slay the traitor Mercer Frey; recover the Skeleton Key,kill_honorable_combat,Tsun,+,m,echo,"cross-gen candidate: kill_honorable_combat(S) from the Tsun Part B profile, stepped down; REVIEW before promotion"
TG08B,Blindsighted,50,Slay the traitor Mercer Frey; recover the Skeleton Key,kill_honorable_combat,Trinimac,+,m,echo,"cross-gen candidate: kill_honorable_combat(S) from the Trinimac Part B profile, stepped down; REVIEW before promotion"
TG08B,Blindsighted,50,Slay the traitor Mercer Frey; recover the Skeleton Key,kill_honorable_combat,Alkosh,+,m,echo,"cross-gen candidate: kill_honorable_combat(S) from the Alkosh Part B profile, stepped down; REVIEW before promotion"
TG08B,Blindsighted,50,Slay the traitor Mercer Frey; recover the Skeleton Key,kill_honorable_combat,Malacath,+,m,echo,"cross-gen candidate: kill_honorable_combat(S) from the Malacath Part B profile, stepped down; REVIEW before promotion"
TG08B,Blindsighted,50,Slay the traitor Mercer Frey; recover the Skeleton Key,kill_honorable_combat,HoonDing,+,m,echo,"cross-gen candidate: kill_honorable_combat(m) from the HoonDing Part B profile, stepped down; REVIEW before promotion"
TG08B,Blindsighted,50,Slay the traitor Mercer Frey; recover the Skeleton Key,kill_honorable_combat,Leki,+,m,echo,"cross-gen candidate: kill_honorable_combat(S) from the Leki Part B profile, stepped down; REVIEW before promotion"
TG08B,Blindsighted,50,Slay the traitor Mercer Frey; recover the Skeleton Key,theft_burglary,Mephala,+,m,echo,"cross-gen candidate: theft_burglary(S) from the Mephala Part B profile, stepped down; REVIEW before promotion"
TG08B,Blindsighted,50,Slay the traitor Mercer Frey; recover the Skeleton Key,kill_honorable_combat,Hircine,+,m,echo,"cross-gen candidate: kill_honorable_combat(S) from the Hircine Part B profile, stepped down; REVIEW before promotion"
TG08B,Blindsighted,50,Slay the traitor Mercer Frey; recover the Skeleton Key,kill_honorable_combat,Mehrunes Dagon,+,m,echo,"cross-gen candidate: kill_honorable_combat(m) from the Mehrunes Dagon Part B profile, stepped down; REVIEW before promotion"
TG09,Darkness Returns,200,Return the Skeleton Key to the Ebonmere; become Nightingale Agent,serve_a_daedra:nocturnal,Stendarr,-,m,echo,"cross-gen candidate: serve_a_daedra:nocturnal(S) from the Stendarr Part B profile, stepped down; REVIEW before promotion"
TG09,Darkness Returns,200,Return the Skeleton Key to the Ebonmere; become Nightingale Agent,keep_oath,Stuhn,+,m,echo,"cross-gen candidate: keep_oath(S) from the Stuhn Part B profile, stepped down; REVIEW before promotion"
TG09,Darkness Returns,200,Return the Skeleton Key to the Ebonmere; become Nightingale Agent,serve_a_daedra:nocturnal,Auri-El,-,m,echo,"cross-gen candidate: serve_a_daedra:nocturnal(S) from the Auri-El Part B profile, stepped down; REVIEW before promotion"
TG09,Darkness Returns,200,Return the Skeleton Key to the Ebonmere; become Nightingale Agent,keep_oath,Trinimac,+,m,echo,"cross-gen candidate: keep_oath(S) from the Trinimac Part B profile, stepped down; REVIEW before promotion"
TG09,Darkness Returns,200,Return the Skeleton Key to the Ebonmere; become Nightingale Agent,keep_oath,Z'en,+,m,echo,"cross-gen candidate: keep_oath(m) from the Z'en Part B profile, stepped down; REVIEW before promotion"
TG09,Darkness Returns,200,Return the Skeleton Key to the Ebonmere; become Nightingale Agent,keep_oath,Malacath,+,S,echo,"cross-gen candidate: keep_oath(C) from the Malacath Part B profile, stepped down; REVIEW before promotion"
TG09,Darkness Returns,200,Return the Skeleton Key to the Ebonmere; become Nightingale Agent,keep_oath,Mehrunes Dagon,-,m,echo,"cross-gen candidate: keep_oath(m) from the Mehrunes Dagon Part B profile, stepped down; REVIEW before promotion"
C01,Proving Honor,200,Won my place by a judged trial of valor (terminal),prove_by_struggle,Kyne,+,m,echo,"cross-gen candidate: prove_by_struggle(S) from the Kyne Part B profile, stepped down; REVIEW before promotion"
C01,Proving Honor,200,Won my place by a judged trial of valor (terminal),prove_by_struggle,Baan Dar,+,m,echo,"cross-gen candidate: prove_by_struggle(m) from the Baan Dar Part B profile, stepped down; REVIEW before promotion"
C03,The Silver Hand,200,Killed armed Silver Hand foes in open battle (terminal),kill_honorable_combat,Kyne,+,m,echo,"cross-gen candidate: kill_honorable_combat(S) from the Kyne Part B profile, stepped down; REVIEW before promotion"
C03,The Silver Hand,200,Killed armed Silver Hand foes in open battle (terminal),kill_honorable_combat,Trinimac,+,m,echo,"cross-gen candidate: kill_honorable_combat(S) from the Trinimac Part B profile, stepped down; REVIEW before promotion"
C03,The Silver Hand,200,Killed armed Silver Hand foes in open battle (terminal),kill_honorable_combat,Alkosh,+,m,echo,"cross-gen candidate: kill_honorable_combat(S) from the Alkosh Part B profile, stepped down; REVIEW before promotion"
C03,The Silver Hand,200,Killed armed Silver Hand foes in open battle (terminal),kill_honorable_combat,Malacath,+,m,echo,"cross-gen candidate: kill_honorable_combat(S) from the Malacath Part B profile, stepped down; REVIEW before promotion"
C03,The Silver Hand,200,Killed armed Silver Hand foes in open battle (terminal),kill_honorable_combat,HoonDing,+,m,echo,"cross-gen candidate: kill_honorable_combat(m) from the HoonDing Part B profile, stepped down; REVIEW before promotion"
C03,The Silver Hand,200,Killed armed Silver Hand foes in open battle (terminal),kill_honorable_combat,Leki,+,m,echo,"cross-gen candidate: kill_honorable_combat(S) from the Leki Part B profile, stepped down; REVIEW before promotion"
C03,The Silver Hand,200,Killed armed Silver Hand foes in open battle (terminal),kill_honorable_combat,Hircine,+,m,echo,"cross-gen candidate: kill_honorable_combat(S) from the Hircine Part B profile, stepped down; REVIEW before promotion"
C03,The Silver Hand,200,Killed armed Silver Hand foes in open battle (terminal),kill_honorable_combat,Mehrunes Dagon,+,m,echo,"cross-gen candidate: kill_honorable_combat(m) from the Mehrunes Dagon Part B profile, stepped down; REVIEW before promotion"
C04,Blood's Honor,200,Slew the hostile Glenmoril Witches in battle (terminal),kill_honorable_combat,Kyne,+,m,echo,"cross-gen candidate: kill_honorable_combat(S) from the Kyne Part B profile, stepped down; REVIEW before promotion"
C04,Blood's Honor,200,Slew the hostile Glenmoril Witches in battle (terminal),kill_honorable_combat,Trinimac,+,m,echo,"cross-gen candidate: kill_honorable_combat(S) from the Trinimac Part B profile, stepped down; REVIEW before promotion"
C04,Blood's Honor,200,Slew the hostile Glenmoril Witches in battle (terminal),kill_honorable_combat,Alkosh,+,m,echo,"cross-gen candidate: kill_honorable_combat(S) from the Alkosh Part B profile, stepped down; REVIEW before promotion"
C04,Blood's Honor,200,Slew the hostile Glenmoril Witches in battle (terminal),kill_honorable_combat,Malacath,+,m,echo,"cross-gen candidate: kill_honorable_combat(S) from the Malacath Part B profile, stepped down; REVIEW before promotion"
C04,Blood's Honor,200,Slew the hostile Glenmoril Witches in battle (terminal),kill_honorable_combat,HoonDing,+,m,echo,"cross-gen candidate: kill_honorable_combat(m) from the HoonDing Part B profile, stepped down; REVIEW before promotion"
C04,Blood's Honor,200,Slew the hostile Glenmoril Witches in battle (terminal),kill_honorable_combat,Leki,+,m,echo,"cross-gen candidate: kill_honorable_combat(S) from the Leki Part B profile, stepped down; REVIEW before promotion"
C04,Blood's Honor,200,Slew the hostile Glenmoril Witches in battle (terminal),kill_honorable_combat,Hircine,+,m,echo,"cross-gen candidate: kill_honorable_combat(S) from the Hircine Part B profile, stepped down; REVIEW before promotion"
C04,Blood's Honor,200,Slew the hostile Glenmoril Witches in battle (terminal),kill_honorable_combat,Mehrunes Dagon,+,m,echo,"cross-gen candidate: kill_honorable_combat(m) from the Mehrunes Dagon Part B profile, stepped down; REVIEW before promotion"
C05,Purity of Revenge,200,Killed the armed Silver Hand in open battle to avenge a fallen leader (terminal),kill_honorable_combat,Kyne,+,m,echo,"cross-gen candidate: kill_honorable_combat(S) from the Kyne Part B profile, stepped down; REVIEW before promotion"
C05,Purity of Revenge,200,Killed the armed Silver Hand in open battle to avenge a fallen leader (terminal),kill_honorable_combat,Trinimac,+,m,echo,"cross-gen candidate: kill_honorable_combat(S) from the Trinimac Part B profile, stepped down; REVIEW before promotion"
C05,Purity of Revenge,200,Killed the armed Silver Hand in open battle to avenge a fallen leader (terminal),kill_honorable_combat,Alkosh,+,m,echo,"cross-gen candidate: kill_honorable_combat(S) from the Alkosh Part B profile, stepped down; REVIEW before promotion"
C05,Purity of Revenge,200,Killed the armed Silver Hand in open battle to avenge a fallen leader (terminal),kill_honorable_combat,Malacath,+,m,echo,"cross-gen candidate: kill_honorable_combat(S) from the Malacath Part B profile, stepped down; REVIEW before promotion"
C05,Purity of Revenge,200,Killed the armed Silver Hand in open battle to avenge a fallen leader (terminal),kill_honorable_combat,HoonDing,+,m,echo,"cross-gen candidate: kill_honorable_combat(m) from the HoonDing Part B profile, stepped down; REVIEW before promotion"
C05,Purity of Revenge,200,Killed the armed Silver Hand in open battle to avenge a fallen leader (terminal),kill_honorable_combat,Leki,+,m,echo,"cross-gen candidate: kill_honorable_combat(S) from the Leki Part B profile, stepped down; REVIEW before promotion"
C05,Purity of Revenge,200,Killed the armed Silver Hand in open battle to avenge a fallen leader (terminal),kill_honorable_combat,Hircine,+,m,echo,"cross-gen candidate: kill_honorable_combat(S) from the Hircine Part B profile, stepped down; REVIEW before promotion"
C05,Purity of Revenge,200,Killed the armed Silver Hand in open battle to avenge a fallen leader (terminal),kill_honorable_combat,Mehrunes Dagon,+,m,echo,"cross-gen candidate: kill_honorable_combat(m) from the Mehrunes Dagon Part B profile, stepped down; REVIEW before promotion"
C06,Glory of the Dead,65,Cured Kodlak of the lycanthropic taint (cleansed his soul),kill_honorable_combat,Talos,+,m,echo,"cross-gen candidate: kill_honorable_combat(S) from the Talos Part B profile, stepped down; REVIEW before promotion"
C06,Glory of the Dead,65,Cured Kodlak of the lycanthropic taint (cleansed his soul),kill_honorable_combat,Kyne,+,m,echo,"cross-gen candidate: kill_honorable_combat(S) from the Kyne Part B profile, stepped down; REVIEW before promotion"
C06,Glory of the Dead,65,Cured Kodlak of the lycanthropic taint (cleansed his soul),kill_honorable_combat,Tsun,+,m,echo,"cross-gen candidate: kill_honorable_combat(S) from the Tsun Part B profile, stepped down; REVIEW before promotion"
C06,Glory of the Dead,65,Cured Kodlak of the lycanthropic taint (cleansed his soul),kill_honorable_combat,Trinimac,+,m,echo,"cross-gen candidate: kill_honorable_combat(S) from the Trinimac Part B profile, stepped down; REVIEW before promotion"
C06,Glory of the Dead,65,Cured Kodlak of the lycanthropic taint (cleansed his soul),kill_honorable_combat,Alkosh,+,m,echo,"cross-gen candidate: kill_honorable_combat(S) from the Alkosh Part B profile, stepped down; REVIEW before promotion"
C06,Glory of the Dead,65,Cured Kodlak of the lycanthropic taint (cleansed his soul),kill_honorable_combat,Malacath,+,m,echo,"cross-gen candidate: kill_honorable_combat(S) from the Malacath Part B profile, stepped down; REVIEW before promotion"
C06,Glory of the Dead,65,Cured Kodlak of the lycanthropic taint (cleansed his soul),kill_honorable_combat,HoonDing,+,m,echo,"cross-gen candidate: kill_honorable_combat(m) from the HoonDing Part B profile, stepped down; REVIEW before promotion"
C06,Glory of the Dead,65,Cured Kodlak of the lycanthropic taint (cleansed his soul),kill_honorable_combat,Leki,+,m,echo,"cross-gen candidate: kill_honorable_combat(S) from the Leki Part B profile, stepped down; REVIEW before promotion"
C06,Glory of the Dead,65,Cured Kodlak of the lycanthropic taint (cleansed his soul),kill_honorable_combat,Mehrunes Dagon,+,m,echo,"cross-gen candidate: kill_honorable_combat(m) from the Mehrunes Dagon Part B profile, stepped down; REVIEW before promotion"
C06,Glory of the Dead,200,Honored the fallen Harbinger with funeral rites and passage to Sovngarde (terminal),honor_the_dead,Azura,+,m,echo,"cross-gen candidate: honor_the_dead(m) from the Azura Part B profile, stepped down; REVIEW before promotion"
C06,Glory of the Dead,200,Honored the fallen Harbinger with funeral rites and passage to Sovngarde (terminal),honor_the_dead,Khenarthi,+,m,echo,"cross-gen candidate: honor_the_dead(m) from the Khenarthi Part B profile, stepped down; REVIEW before promotion"
C06,Glory of the Dead,200,Honored the fallen Harbinger with funeral rites and passage to Sovngarde (terminal),honor_the_dead,The Hist,+,m,echo,"cross-gen candidate: honor_the_dead(m) from the The Hist Part B profile, stepped down; REVIEW before promotion"
CW01A,Joining the Legion,160/200,Take the oath to join the Imperial Legion (serve the Empire),keep_oath,Stuhn,+,m,echo,"cross-gen candidate: keep_oath(S) from the Stuhn Part B profile, stepped down; REVIEW before promotion"
CW01A,Joining the Legion,160/200,Take the oath to join the Imperial Legion (serve the Empire),keep_oath,Trinimac,+,m,echo,"cross-gen candidate: keep_oath(S) from the Trinimac Part B profile, stepped down; REVIEW before promotion"
CW01A,Joining the Legion,160/200,Take the oath to join the Imperial Legion (serve the Empire),keep_oath,Z'en,+,m,echo,"cross-gen candidate: keep_oath(m) from the Z'en Part B profile, stepped down; REVIEW before promotion"
CW01A,Joining the Legion,160/200,Take the oath to join the Imperial Legion (serve the Empire),serve_empire_order,Peryite,+,m,echo,"cross-gen candidate: serve_empire_order(m) from the Peryite Part B profile, stepped down; REVIEW before promotion"
CW01A,Joining the Legion,1,Clear out bandits at Fort Hraggstad (armed foes in battle),kill_honorable_combat,Kyne,+,m,echo,"cross-gen candidate: kill_honorable_combat(S) from the Kyne Part B profile, stepped down; REVIEW before promotion"
CW01A,Joining the Legion,1,Clear out bandits at Fort Hraggstad (armed foes in battle),kill_honorable_combat,Tsun,+,m,echo,"cross-gen candidate: kill_honorable_combat(S) from the Tsun Part B profile, stepped down; REVIEW before promotion"
CW01A,Joining the Legion,1,Clear out bandits at Fort Hraggstad (armed foes in battle),kill_honorable_combat,Trinimac,+,m,echo,"cross-gen candidate: kill_honorable_combat(S) from the Trinimac Part B profile, stepped down; REVIEW before promotion"
CW01A,Joining the Legion,1,Clear out bandits at Fort Hraggstad (armed foes in battle),kill_honorable_combat,Alkosh,+,m,echo,"cross-gen candidate: kill_honorable_combat(S) from the Alkosh Part B profile, stepped down; REVIEW before promotion"
CW01A,Joining the Legion,1,Clear out bandits at Fort Hraggstad (armed foes in battle),kill_honorable_combat,HoonDing,+,m,echo,"cross-gen candidate: kill_honorable_combat(m) from the HoonDing Part B profile, stepped down; REVIEW before promotion"
CW01A,Joining the Legion,1,Clear out bandits at Fort Hraggstad (armed foes in battle),kill_honorable_combat,Leki,+,m,echo,"cross-gen candidate: kill_honorable_combat(S) from the Leki Part B profile, stepped down; REVIEW before promotion"
CW01A,Joining the Legion,1,Clear out bandits at Fort Hraggstad (armed foes in battle),kill_honorable_combat,Hircine,+,m,echo,"cross-gen candidate: kill_honorable_combat(S) from the Hircine Part B profile, stepped down; REVIEW before promotion"
CW01A,Joining the Legion,1,Clear out bandits at Fort Hraggstad (armed foes in battle),kill_honorable_combat,Mehrunes Dagon,+,m,echo,"cross-gen candidate: kill_honorable_combat(m) from the Mehrunes Dagon Part B profile, stepped down; REVIEW before promotion"
CW01B,Joining the Stormcloaks,160/200,Take the oath to join the Stormcloaks (Talos/Nord cause vs the Empire),keep_oath,Stuhn,+,m,echo,"cross-gen candidate: keep_oath(S) from the Stuhn Part B profile, stepped down; REVIEW before promotion"
CW01B,Joining the Stormcloaks,160/200,Take the oath to join the Stormcloaks (Talos/Nord cause vs the Empire),keep_oath,Trinimac,+,m,echo,"cross-gen candidate: keep_oath(S) from the Trinimac Part B profile, stepped down; REVIEW before promotion"
CW01B,Joining the Stormcloaks,160/200,Take the oath to join the Stormcloaks (Talos/Nord cause vs the Empire),keep_oath,Z'en,+,m,echo,"cross-gen candidate: keep_oath(m) from the Z'en Part B profile, stepped down; REVIEW before promotion"
CW01B,Joining the Stormcloaks,160/200,Take the oath to join the Stormcloaks (Talos/Nord cause vs the Empire),keep_oath,Mehrunes Dagon,-,m,echo,"cross-gen candidate: keep_oath(m) from the Mehrunes Dagon Part B profile, stepped down; REVIEW before promotion"
CW01B,Joining the Stormcloaks,1,Kill the Ice Wraith at Serpentstone Isle to prove worthy,kill_honorable_combat,Kyne,+,m,echo,"cross-gen candidate: kill_honorable_combat(S) from the Kyne Part B profile, stepped down; REVIEW before promotion"
CW01B,Joining the Stormcloaks,1,Kill the Ice Wraith at Serpentstone Isle to prove worthy,prove_by_struggle,Auri-El,+,m,echo,"cross-gen candidate: prove_by_struggle(m) from the Auri-El Part B profile, stepped down; REVIEW before promotion"
CW01B,Joining the Stormcloaks,1,Kill the Ice Wraith at Serpentstone Isle to prove worthy,kill_honorable_combat,Trinimac,+,m,echo,"cross-gen candidate: kill_honorable_combat(S) from the Trinimac Part B profile, stepped down; REVIEW before promotion"
CW01B,Joining the Stormcloaks,1,Kill the Ice Wraith at Serpentstone Isle to prove worthy,prove_by_struggle,Baan Dar,+,m,echo,"cross-gen candidate: prove_by_struggle(m) from the Baan Dar Part B profile, stepped down; REVIEW before promotion"
CW01B,Joining the Stormcloaks,1,Kill the Ice Wraith at Serpentstone Isle to prove worthy,kill_honorable_combat,Alkosh,+,m,echo,"cross-gen candidate: kill_honorable_combat(S) from the Alkosh Part B profile, stepped down; REVIEW before promotion"
CW01B,Joining the Stormcloaks,1,Kill the Ice Wraith at Serpentstone Isle to prove worthy,prove_by_struggle,HoonDing,+,S,echo,"cross-gen candidate: prove_by_struggle(C) from the HoonDing Part B profile, stepped down; REVIEW before promotion"
CW01B,Joining the Stormcloaks,1,Kill the Ice Wraith at Serpentstone Isle to prove worthy,kill_honorable_combat,Leki,+,m,echo,"cross-gen candidate: kill_honorable_combat(S) from the Leki Part B profile, stepped down; REVIEW before promotion"
CW01B,Joining the Stormcloaks,1,Kill the Ice Wraith at Serpentstone Isle to prove worthy,kill_honorable_combat,Hircine,+,m,echo,"cross-gen candidate: kill_honorable_combat(S) from the Hircine Part B profile, stepped down; REVIEW before promotion"
CW01B,Joining the Stormcloaks,1,Kill the Ice Wraith at Serpentstone Isle to prove worthy,kill_honorable_combat,Mehrunes Dagon,+,m,echo,"cross-gen candidate: kill_honorable_combat(m) from the Mehrunes Dagon Part B profile, stepped down; REVIEW before promotion"
CW02A,The Jagged Crown,30/80,Recover the Jagged Crown for the Imperial Legion to preserve the Empire,serve_empire_order,Peryite,+,m,echo,"cross-gen candidate: serve_empire_order(m) from the Peryite Part B profile, stepped down; REVIEW before promotion"
CW03,Message to Whiterun,16,"Assist Jarl Balgruuf with the dragon threat, defending Whiterun",protect_the_weak,Mara,+,m,echo,"cross-gen candidate: protect_the_weak(m) from the Mara Part B profile, stepped down; REVIEW before promotion"
CW03,Message to Whiterun,16,"Assist Jarl Balgruuf with the dragon threat, defending Whiterun",protect_the_weak,Tsun,+,m,echo,"cross-gen candidate: protect_the_weak(m) from the Tsun Part B profile, stepped down; REVIEW before promotion"
CW03,Message to Whiterun,16,"Assist Jarl Balgruuf with the dragon threat, defending Whiterun",protect_the_weak,Stuhn,+,m,echo,"cross-gen candidate: protect_the_weak(S) from the Stuhn Part B profile, stepped down; REVIEW before promotion"
CW03,Message to Whiterun,16,"Assist Jarl Balgruuf with the dragon threat, defending Whiterun",defend_kin_home,Trinimac,+,m,echo,"cross-gen candidate: defend_kin_home(m) from the Trinimac Part B profile, stepped down; REVIEW before promotion"
CW03,Message to Whiterun,16,"Assist Jarl Balgruuf with the dragon threat, defending Whiterun",defend_kin_home,Y'ffre,+,m,echo,"cross-gen candidate: defend_kin_home(m) from the Y'ffre Part B profile, stepped down; REVIEW before promotion"
CW03,Message to Whiterun,16,"Assist Jarl Balgruuf with the dragon threat, defending Whiterun",protect_the_weak,Khenarthi,+,m,echo,"cross-gen candidate: protect_the_weak(S) from the Khenarthi Part B profile, stepped down; REVIEW before promotion"
CW03,Message to Whiterun,16,"Assist Jarl Balgruuf with the dragon threat, defending Whiterun",defend_kin_home,The Hist,+,S,echo,"cross-gen candidate: defend_kin_home(C) from the The Hist Part B profile, stepped down; REVIEW before promotion"
CW03,Message to Whiterun,16,"Assist Jarl Balgruuf with the dragon threat, defending Whiterun",protect_the_weak,Molag Bal,-,m,echo,"cross-gen candidate: protect_the_weak(m) from the Molag Bal Part B profile, stepped down; REVIEW before promotion"
CW03,Message to Whiterun,50/210,Imperial branch: Jarl sides with the Empire; serve Imperial field command,serve_empire_order,Alkosh,+,m,echo,"cross-gen candidate: serve_empire_order(m) from the Alkosh Part B profile, stepped down; REVIEW before promotion"
CW03,Message to Whiterun,50/210,Imperial branch: Jarl sides with the Empire; serve Imperial field command,serve_empire_order,Sheogorath,-,m,echo,"cross-gen candidate: serve_empire_order(m) from the Sheogorath Part B profile, stepped down; REVIEW before promotion"
CW03,Message to Whiterun,50/210,Imperial branch: Jarl sides with the Empire; serve Imperial field command,serve_empire_order,Peryite,+,m,echo,"cross-gen candidate: serve_empire_order(m) from the Peryite Part B profile, stepped down; REVIEW before promotion"
DB01,Innocence Lost,200,"Killed Grelod the Kind, the defenseless orphanage headmistress, on a child's Black Sacrament request",kill_the_helpless,Kyne,-,m,echo,"cross-gen candidate: kill_the_helpless(m) from the Kyne Part B profile, stepped down; REVIEW before promotion"
DB01,Innocence Lost,200,"Killed Grelod the Kind, the defenseless orphanage headmistress, on a child's Black Sacrament request",kill_the_helpless,Baan Dar,-,m,echo,"cross-gen candidate: kill_the_helpless(m) from the Baan Dar Part B profile, stepped down; REVIEW before promotion"
DB01,Innocence Lost,200,"Killed Grelod the Kind, the defenseless orphanage headmistress, on a child's Black Sacrament request",kill_the_helpless,Khenarthi,-,m,echo,"cross-gen candidate: kill_the_helpless(m) from the Khenarthi Part B profile, stepped down; REVIEW before promotion"
DB01,Innocence Lost,200,"Killed Grelod the Kind, the defenseless orphanage headmistress, on a child's Black Sacrament request",kill_the_helpless,Rajhin,-,m,echo,"cross-gen candidate: kill_the_helpless(m) from the Rajhin Part B profile, stepped down; REVIEW before promotion"
DB01,Innocence Lost,200,"Killed Grelod the Kind, the defenseless orphanage headmistress, on a child's Black Sacrament request",murder_treacherous,Mehrunes Dagon,+,m,echo,"cross-gen candidate: murder_treacherous(m) from the Mehrunes Dagon Part B profile, stepped down; REVIEW before promotion"
DB01,Innocence Lost,200,"Killed Grelod the Kind, the defenseless orphanage headmistress, on a child's Black Sacrament request",murder_treacherous,Vaermina,+,m,echo,"cross-gen candidate: murder_treacherous(m) from the Vaermina Part B profile, stepped down; REVIEW before promotion"
DB01Misc,Delayed Burial,200,Reported Cicero to the guard and lied about his offense to be rid of him,deceit,Clavicus Vile,+,m,echo,"cross-gen candidate: deceit(S) from the Clavicus Vile Part B profile, stepped down; REVIEW before promotion"
DB02,With Friends Like These...,200,"Killed one of three bound, innocent captives to repay the debt and gain entry to the Sanctuary",kill_the_helpless,Kyne,-,m,echo,"cross-gen candidate: kill_the_helpless(m) from the Kyne Part B profile, stepped down; REVIEW before promotion"
DB02,With Friends Like These...,200,"Killed one of three bound, innocent captives to repay the debt and gain entry to the Sanctuary",kill_the_helpless,Baan Dar,-,m,echo,"cross-gen candidate: kill_the_helpless(m) from the Baan Dar Part B profile, stepped down; REVIEW before promotion"
DB02,With Friends Like These...,200,"Killed one of three bound, innocent captives to repay the debt and gain entry to the Sanctuary",kill_the_helpless,Khenarthi,-,m,echo,"cross-gen candidate: kill_the_helpless(m) from the Khenarthi Part B profile, stepped down; REVIEW before promotion"
DB02,With Friends Like These...,200,"Killed one of three bound, innocent captives to repay the debt and gain entry to the Sanctuary",kill_the_helpless,Rajhin,-,m,echo,"cross-gen candidate: kill_the_helpless(m) from the Rajhin Part B profile, stepped down; REVIEW before promotion"
DB02,With Friends Like These...,200,"Killed one of three bound, innocent captives to repay the debt and gain entry to the Sanctuary",murder_treacherous,Boethiah,+,m,echo,"cross-gen candidate: murder_treacherous(S) from the Boethiah Part B profile, stepped down; REVIEW before promotion"
DB02,With Friends Like These...,200,"Killed one of three bound, innocent captives to repay the debt and gain entry to the Sanctuary",murder_treacherous,Mehrunes Dagon,+,m,echo,"cross-gen candidate: murder_treacherous(m) from the Mehrunes Dagon Part B profile, stepped down; REVIEW before promotion"
DB02,With Friends Like These...,200,"Killed one of three bound, innocent captives to repay the debt and gain entry to the Sanctuary",murder_treacherous,Vaermina,+,m,echo,"cross-gen candidate: murder_treacherous(m) from the Vaermina Part B profile, stepped down; REVIEW before promotion"
DB03,Mourning Never Comes,30,"OPTIONAL: killed Nilsine Shatter-Shield, an innocent, for the bonus",kill_the_helpless,Mara,-,m,echo,"cross-gen candidate: kill_the_helpless(m) from the Mara Part B profile, stepped down; REVIEW before promotion"
DB03,Mourning Never Comes,30,"OPTIONAL: killed Nilsine Shatter-Shield, an innocent, for the bonus",kill_the_helpless,Dibella,-,m,echo,"cross-gen candidate: kill_the_helpless(m) from the Dibella Part B profile, stepped down; REVIEW before promotion"
DB03,Mourning Never Comes,30,"OPTIONAL: killed Nilsine Shatter-Shield, an innocent, for the bonus",kill_the_helpless,Kyne,-,m,echo,"cross-gen candidate: kill_the_helpless(m) from the Kyne Part B profile, stepped down; REVIEW before promotion"
DB03,Mourning Never Comes,30,"OPTIONAL: killed Nilsine Shatter-Shield, an innocent, for the bonus",murder_treacherous,Shor,-,m,echo,"cross-gen candidate: murder_treacherous(S) from the Shor Part B profile, stepped down; REVIEW before promotion"
DB03,Mourning Never Comes,30,"OPTIONAL: killed Nilsine Shatter-Shield, an innocent, for the bonus",kill_the_helpless,Baan Dar,-,m,echo,"cross-gen candidate: kill_the_helpless(m) from the Baan Dar Part B profile, stepped down; REVIEW before promotion"
DB03,Mourning Never Comes,30,"OPTIONAL: killed Nilsine Shatter-Shield, an innocent, for the bonus",kill_the_helpless,Khenarthi,-,m,echo,"cross-gen candidate: kill_the_helpless(m) from the Khenarthi Part B profile, stepped down; REVIEW before promotion"
DB03,Mourning Never Comes,30,"OPTIONAL: killed Nilsine Shatter-Shield, an innocent, for the bonus",kill_the_helpless,Rajhin,-,m,echo,"cross-gen candidate: kill_the_helpless(m) from the Rajhin Part B profile, stepped down; REVIEW before promotion"
DB03,Mourning Never Comes,30,"OPTIONAL: killed Nilsine Shatter-Shield, an innocent, for the bonus",murder_treacherous,Leki,-,m,echo,"cross-gen candidate: murder_treacherous(S) from the Leki Part B profile, stepped down; REVIEW before promotion"
DB03,Mourning Never Comes,30,"OPTIONAL: killed Nilsine Shatter-Shield, an innocent, for the bonus",murder_treacherous,Sithis,+,m,echo,"cross-gen candidate: murder_treacherous(S) from the Sithis Part B profile, stepped down; REVIEW before promotion"
DB03,Mourning Never Comes,30,"OPTIONAL: killed Nilsine Shatter-Shield, an innocent, for the bonus",murder_treacherous,Boethiah,+,m,echo,"cross-gen candidate: murder_treacherous(S) from the Boethiah Part B profile, stepped down; REVIEW before promotion"
DB03,Mourning Never Comes,30,"OPTIONAL: killed Nilsine Shatter-Shield, an innocent, for the bonus",murder_treacherous,Mehrunes Dagon,+,m,echo,"cross-gen candidate: murder_treacherous(m) from the Mehrunes Dagon Part B profile, stepped down; REVIEW before promotion"
DB03,Mourning Never Comes,30,"OPTIONAL: killed Nilsine Shatter-Shield, an innocent, for the bonus",murder_treacherous,Vaermina,+,m,echo,"cross-gen candidate: murder_treacherous(m) from the Vaermina Part B profile, stepped down; REVIEW before promotion"
DB05,Bound Until Death,200,"Assassinated Vittoria Vici, the defenseless bride, at her own wedding",kill_the_helpless,Kyne,-,m,echo,"cross-gen candidate: kill_the_helpless(m) from the Kyne Part B profile, stepped down; REVIEW before promotion"
DB05,Bound Until Death,200,"Assassinated Vittoria Vici, the defenseless bride, at her own wedding",kill_the_helpless,Baan Dar,-,m,echo,"cross-gen candidate: kill_the_helpless(m) from the Baan Dar Part B profile, stepped down; REVIEW before promotion"
DB05,Bound Until Death,200,"Assassinated Vittoria Vici, the defenseless bride, at her own wedding",kill_the_helpless,Khenarthi,-,m,echo,"cross-gen candidate: kill_the_helpless(m) from the Khenarthi Part B profile, stepped down; REVIEW before promotion"
DB05,Bound Until Death,200,"Assassinated Vittoria Vici, the defenseless bride, at her own wedding",kill_the_helpless,Rajhin,-,m,echo,"cross-gen candidate: kill_the_helpless(m) from the Rajhin Part B profile, stepped down; REVIEW before promotion"
DB05,Bound Until Death,200,"Assassinated Vittoria Vici, the defenseless bride, at her own wedding",murder_treacherous,Boethiah,+,m,echo,"cross-gen candidate: murder_treacherous(S) from the Boethiah Part B profile, stepped down; REVIEW before promotion"
DB05,Bound Until Death,200,"Assassinated Vittoria Vici, the defenseless bride, at her own wedding",murder_treacherous,Mehrunes Dagon,+,m,echo,"cross-gen candidate: murder_treacherous(m) from the Mehrunes Dagon Part B profile, stepped down; REVIEW before promotion"
DB05,Bound Until Death,200,"Assassinated Vittoria Vici, the defenseless bride, at her own wedding",murder_treacherous,Vaermina,+,m,echo,"cross-gen candidate: murder_treacherous(m) from the Vaermina Part B profile, stepped down; REVIEW before promotion"
DB06,Breaching Security,200,Killed Gaius Maro and planted the Incriminating Letter to frame him (single outcome),deceit,Baan Dar,+,S,echo,"cross-gen candidate: deceit(C) from the Baan Dar Part B profile, stepped down; REVIEW before promotion"
DB06,Breaching Security,200,Killed Gaius Maro and planted the Incriminating Letter to frame him (single outcome),deceit,Rajhin,+,m,echo,"cross-gen candidate: deceit(S) from the Rajhin Part B profile, stepped down; REVIEW before promotion"
DB06,Breaching Security,200,Killed Gaius Maro and planted the Incriminating Letter to frame him (single outcome),deceit,Malacath,-,m,echo,"cross-gen candidate: deceit(m) from the Malacath Part B profile, stepped down; REVIEW before promotion"
DB06,Breaching Security,200,Killed Gaius Maro and planted the Incriminating Letter to frame him (single outcome),murder_treacherous,Leki,-,m,echo,"cross-gen candidate: murder_treacherous(S) from the Leki Part B profile, stepped down; REVIEW before promotion"
DB06,Breaching Security,200,Killed Gaius Maro and planted the Incriminating Letter to frame him (single outcome),murder_treacherous,Molag Bal,+,m,echo,"cross-gen candidate: murder_treacherous(S) from the Molag Bal Part B profile, stepped down; REVIEW before promotion"
DB06,Breaching Security,200,Killed Gaius Maro and planted the Incriminating Letter to frame him (single outcome),deceit,Nocturnal,+,m,echo,"cross-gen candidate: deceit(m) from the Nocturnal Part B profile, stepped down; REVIEW before promotion"
DB06,Breaching Security,200,Killed Gaius Maro and planted the Incriminating Letter to frame him (single outcome),murder_treacherous,Mehrunes Dagon,+,m,echo,"cross-gen candidate: murder_treacherous(m) from the Mehrunes Dagon Part B profile, stepped down; REVIEW before promotion"
DB06,Breaching Security,200,Killed Gaius Maro and planted the Incriminating Letter to frame him (single outcome),deceit,Clavicus Vile,+,m,echo,"cross-gen candidate: deceit(S) from the Clavicus Vile Part B profile, stepped down; REVIEW before promotion"
DB06,Breaching Security,200,Killed Gaius Maro and planted the Incriminating Letter to frame him (single outcome),murder_treacherous,Vaermina,+,m,echo,"cross-gen candidate: murder_treacherous(m) from the Vaermina Part B profile, stepped down; REVIEW before promotion"
DB07,The Cure for Madness,200,Hunted down and killed Cicero on Astrid's order (kill branch),murder_treacherous,Shor,-,m,echo,"cross-gen candidate: murder_treacherous(S) from the Shor Part B profile, stepped down; REVIEW before promotion"
DB07,The Cure for Madness,200,Hunted down and killed Cicero on Astrid's order (kill branch),murder_treacherous,Leki,-,m,echo,"cross-gen candidate: murder_treacherous(S) from the Leki Part B profile, stepped down; REVIEW before promotion"
DB07,The Cure for Madness,200,Hunted down and killed Cicero on Astrid's order (kill branch),murder_treacherous,Molag Bal,+,m,echo,"cross-gen candidate: murder_treacherous(S) from the Molag Bal Part B profile, stepped down; REVIEW before promotion"
DB07,The Cure for Madness,200,Hunted down and killed Cicero on Astrid's order (kill branch),murder_treacherous,Mehrunes Dagon,+,m,echo,"cross-gen candidate: murder_treacherous(m) from the Mehrunes Dagon Part B profile, stepped down; REVIEW before promotion"
DB07,The Cure for Madness,200,Hunted down and killed Cicero on Astrid's order (kill branch),murder_treacherous,Vaermina,+,m,echo,"cross-gen candidate: murder_treacherous(m) from the Vaermina Part B profile, stepped down; REVIEW before promotion"
DB07,The Cure for Madness,50,Spared Cicero by leaving the Sanctuary without killing him (spare branch),mercy_spare,Kyne,+,m,echo,"cross-gen candidate: mercy_spare(m) from the Kyne Part B profile, stepped down; REVIEW before promotion"
DB07,The Cure for Madness,50,Spared Cicero by leaving the Sanctuary without killing him (spare branch),mercy_spare,Molag Bal,-,m,echo,"cross-gen candidate: mercy_spare(S) from the Molag Bal Part B profile, stepped down; REVIEW before promotion"
DB08,Recipe for Disaster,200,"Killed Anton Virane, assassinated the Gourmet (single outcome)",murder_treacherous,Mara,-,m,echo,"cross-gen candidate: murder_treacherous(m) from the Mara Part B profile, stepped down; REVIEW before promotion"
DB08,Recipe for Disaster,200,"Killed Anton Virane, assassinated the Gourmet (single outcome)",theft_burglary,Baan Dar,+,m,echo,"cross-gen candidate: theft_burglary(S) from the Baan Dar Part B profile, stepped down; REVIEW before promotion"
DB08,Recipe for Disaster,200,"Killed Anton Virane, assassinated the Gourmet (single outcome)",theft_burglary,Rajhin,+,S,echo,"cross-gen candidate: theft_burglary(C) from the Rajhin Part B profile, stepped down; REVIEW before promotion"
DB08,Recipe for Disaster,200,"Killed Anton Virane, assassinated the Gourmet (single outcome)",murder_treacherous,Leki,-,m,echo,"cross-gen candidate: murder_treacherous(S) from the Leki Part B profile, stepped down; REVIEW before promotion"
DB08,Recipe for Disaster,200,"Killed Anton Virane, assassinated the Gourmet (single outcome)",murder_treacherous,Molag Bal,+,m,echo,"cross-gen candidate: murder_treacherous(S) from the Molag Bal Part B profile, stepped down; REVIEW before promotion"
DB08,Recipe for Disaster,200,"Killed Anton Virane, assassinated the Gourmet (single outcome)",theft_burglary,Nocturnal,+,S,echo,"cross-gen candidate: theft_burglary(C) from the Nocturnal Part B profile, stepped down; REVIEW before promotion"
DB08,Recipe for Disaster,200,"Killed Anton Virane, assassinated the Gourmet (single outcome)",murder_treacherous,Mehrunes Dagon,+,m,echo,"cross-gen candidate: murder_treacherous(m) from the Mehrunes Dagon Part B profile, stepped down; REVIEW before promotion"
DB08,Recipe for Disaster,200,"Killed Anton Virane, assassinated the Gourmet (single outcome)",murder_treacherous,Vaermina,+,m,echo,"cross-gen candidate: murder_treacherous(m) from the Vaermina Part B profile, stepped down; REVIEW before promotion"
DB09,To Kill an Empire,50,Infiltrated as the Gourmet and assassinated the decoy 'Emperor' by poison (single outcome),murder_treacherous,Mara,-,m,echo,"cross-gen candidate: murder_treacherous(m) from the Mara Part B profile, stepped down; REVIEW before promotion"
DB09,To Kill an Empire,50,Infiltrated as the Gourmet and assassinated the decoy 'Emperor' by poison (single outcome),deceit,Baan Dar,+,S,echo,"cross-gen candidate: deceit(C) from the Baan Dar Part B profile, stepped down; REVIEW before promotion"
DB09,To Kill an Empire,50,Infiltrated as the Gourmet and assassinated the decoy 'Emperor' by poison (single outcome),deceit,Rajhin,+,m,echo,"cross-gen candidate: deceit(S) from the Rajhin Part B profile, stepped down; REVIEW before promotion"
DB09,To Kill an Empire,50,Infiltrated as the Gourmet and assassinated the decoy 'Emperor' by poison (single outcome),deceit,Malacath,-,m,echo,"cross-gen candidate: deceit(m) from the Malacath Part B profile, stepped down; REVIEW before promotion"
DB09,To Kill an Empire,50,Infiltrated as the Gourmet and assassinated the decoy 'Emperor' by poison (single outcome),murder_treacherous,Leki,-,m,echo,"cross-gen candidate: murder_treacherous(S) from the Leki Part B profile, stepped down; REVIEW before promotion"
DB09,To Kill an Empire,50,Infiltrated as the Gourmet and assassinated the decoy 'Emperor' by poison (single outcome),murder_treacherous,Molag Bal,+,m,echo,"cross-gen candidate: murder_treacherous(S) from the Molag Bal Part B profile, stepped down; REVIEW before promotion"
DB09,To Kill an Empire,50,Infiltrated as the Gourmet and assassinated the decoy 'Emperor' by poison (single outcome),deceit,Nocturnal,+,m,echo,"cross-gen candidate: deceit(m) from the Nocturnal Part B profile, stepped down; REVIEW before promotion"
DB09,To Kill an Empire,50,Infiltrated as the Gourmet and assassinated the decoy 'Emperor' by poison (single outcome),murder_treacherous,Mehrunes Dagon,+,m,echo,"cross-gen candidate: murder_treacherous(m) from the Mehrunes Dagon Part B profile, stepped down; REVIEW before promotion"
DB09,To Kill an Empire,50,Infiltrated as the Gourmet and assassinated the decoy 'Emperor' by poison (single outcome),deceit,Clavicus Vile,+,m,echo,"cross-gen candidate: deceit(S) from the Clavicus Vile Part B profile, stepped down; REVIEW before promotion"
DB09,To Kill an Empire,50,Infiltrated as the Gourmet and assassinated the decoy 'Emperor' by poison (single outcome),murder_treacherous,Vaermina,+,m,echo,"cross-gen candidate: murder_treacherous(m) from the Vaermina Part B profile, stepped down; REVIEW before promotion"
DB09,To Kill an Empire,200,Returned to the Sanctuary to lend aid to the Family under assault (defend branch),defend_kin_home,Kyne,+,m,echo,"cross-gen candidate: defend_kin_home(m) from the Kyne Part B profile, stepped down; REVIEW before promotion"
DB09,To Kill an Empire,200,Returned to the Sanctuary to lend aid to the Family under assault (defend branch),defend_kin_home,Trinimac,+,m,echo,"cross-gen candidate: defend_kin_home(m) from the Trinimac Part B profile, stepped down; REVIEW before promotion"
DB09,To Kill an Empire,200,Returned to the Sanctuary to lend aid to the Family under assault (defend branch),defend_kin_home,Y'ffre,+,m,echo,"cross-gen candidate: defend_kin_home(m) from the Y'ffre Part B profile, stepped down; REVIEW before promotion"
DB09,To Kill an Empire,200,Returned to the Sanctuary to lend aid to the Family under assault (defend branch),defend_kin_home,Malacath,+,m,echo,"cross-gen candidate: defend_kin_home(S) from the Malacath Part B profile, stepped down; REVIEW before promotion"
DB09,To Kill an Empire,200,Returned to the Sanctuary to lend aid to the Family under assault (defend branch),defend_kin_home,HoonDing,+,m,echo,"cross-gen candidate: defend_kin_home(S) from the HoonDing Part B profile, stepped down; REVIEW before promotion"
DB09,To Kill an Empire,200,Returned to the Sanctuary to lend aid to the Family under assault (defend branch),defend_kin_home,The Hist,+,S,echo,"cross-gen candidate: defend_kin_home(C) from the The Hist Part B profile, stepped down; REVIEW before promotion"
DB10,Death Incarnate,20,"Defended the burning Sanctuary, killing the Legion soldiers attacking the Family (defense outcome)",kill_honorable_combat,Talos,+,m,echo,"cross-gen candidate: kill_honorable_combat(S) from the Talos Part B profile, stepped down; REVIEW before promotion"
DB10,Death Incarnate,20,"Defended the burning Sanctuary, killing the Legion soldiers attacking the Family (defense outcome)",kill_honorable_combat,Kyne,+,m,echo,"cross-gen candidate: kill_honorable_combat(S) from the Kyne Part B profile, stepped down; REVIEW before promotion"
DB10,Death Incarnate,20,"Defended the burning Sanctuary, killing the Legion soldiers attacking the Family (defense outcome)",kill_honorable_combat,Tsun,+,m,echo,"cross-gen candidate: kill_honorable_combat(S) from the Tsun Part B profile, stepped down; REVIEW before promotion"
DB10,Death Incarnate,20,"Defended the burning Sanctuary, killing the Legion soldiers attacking the Family (defense outcome)",kill_honorable_combat,Trinimac,+,m,echo,"cross-gen candidate: kill_honorable_combat(S) from the Trinimac Part B profile, stepped down; REVIEW before promotion"
DB10,Death Incarnate,20,"Defended the burning Sanctuary, killing the Legion soldiers attacking the Family (defense outcome)",defend_kin_home,Y'ffre,+,m,echo,"cross-gen candidate: defend_kin_home(m) from the Y'ffre Part B profile, stepped down; REVIEW before promotion"
DB10,Death Incarnate,20,"Defended the burning Sanctuary, killing the Legion soldiers attacking the Family (defense outcome)",kill_honorable_combat,Alkosh,+,m,echo,"cross-gen candidate: kill_honorable_combat(S) from the Alkosh Part B profile, stepped down; REVIEW before promotion"
DB10,Death Incarnate,20,"Defended the burning Sanctuary, killing the Legion soldiers attacking the Family (defense outcome)",defend_kin_home,HoonDing,+,m,echo,"cross-gen candidate: defend_kin_home(S) from the HoonDing Part B profile, stepped down; REVIEW before promotion"
DB10,Death Incarnate,20,"Defended the burning Sanctuary, killing the Legion soldiers attacking the Family (defense outcome)",kill_honorable_combat,Leki,+,m,echo,"cross-gen candidate: kill_honorable_combat(S) from the Leki Part B profile, stepped down; REVIEW before promotion"
DB10,Death Incarnate,20,"Defended the burning Sanctuary, killing the Legion soldiers attacking the Family (defense outcome)",defend_kin_home,The Hist,+,S,echo,"cross-gen candidate: defend_kin_home(C) from the The Hist Part B profile, stepped down; REVIEW before promotion"
DB10,Death Incarnate,20,"Defended the burning Sanctuary, killing the Legion soldiers attacking the Family (defense outcome)",kill_honorable_combat,Hircine,+,m,echo,"cross-gen candidate: kill_honorable_combat(S) from the Hircine Part B profile, stepped down; REVIEW before promotion"
DB10,Death Incarnate,20,"Defended the burning Sanctuary, killing the Legion soldiers attacking the Family (defense outcome)",kill_honorable_combat,Mehrunes Dagon,+,m,echo,"cross-gen candidate: kill_honorable_combat(m) from the Mehrunes Dagon Part B profile, stepped down; REVIEW before promotion"
DB10,Death Incarnate,70,"Killed Astrid, the betrayer (kill-the-betrayer outcome)",murder_treacherous,Mara,-,m,echo,"cross-gen candidate: murder_treacherous(m) from the Mara Part B profile, stepped down; REVIEW before promotion"
DB10,Death Incarnate,70,"Killed Astrid, the betrayer (kill-the-betrayer outcome)",kill_the_helpless,Dibella,-,m,echo,"cross-gen candidate: kill_the_helpless(m) from the Dibella Part B profile, stepped down; REVIEW before promotion"
DB10,Death Incarnate,70,"Killed Astrid, the betrayer (kill-the-betrayer outcome)",kill_the_helpless,Kyne,-,m,echo,"cross-gen candidate: kill_the_helpless(m) from the Kyne Part B profile, stepped down; REVIEW before promotion"
DB10,Death Incarnate,70,"Killed Astrid, the betrayer (kill-the-betrayer outcome)",murder_treacherous,Shor,-,m,echo,"cross-gen candidate: murder_treacherous(S) from the Shor Part B profile, stepped down; REVIEW before promotion"
DB10,Death Incarnate,70,"Killed Astrid, the betrayer (kill-the-betrayer outcome)",kill_the_helpless,Baan Dar,-,m,echo,"cross-gen candidate: kill_the_helpless(m) from the Baan Dar Part B profile, stepped down; REVIEW before promotion"
DB10,Death Incarnate,70,"Killed Astrid, the betrayer (kill-the-betrayer outcome)",kill_the_helpless,Khenarthi,-,m,echo,"cross-gen candidate: kill_the_helpless(m) from the Khenarthi Part B profile, stepped down; REVIEW before promotion"
DB10,Death Incarnate,70,"Killed Astrid, the betrayer (kill-the-betrayer outcome)",kill_the_helpless,Rajhin,-,m,echo,"cross-gen candidate: kill_the_helpless(m) from the Rajhin Part B profile, stepped down; REVIEW before promotion"
DB10,Death Incarnate,70,"Killed Astrid, the betrayer (kill-the-betrayer outcome)",murder_treacherous,Leki,-,m,echo,"cross-gen candidate: murder_treacherous(S) from the Leki Part B profile, stepped down; REVIEW before promotion"
DB10,Death Incarnate,70,"Killed Astrid, the betrayer (kill-the-betrayer outcome)",kill_the_helpless,Molag Bal,+,S,echo,"cross-gen candidate: kill_the_helpless(C) from the Molag Bal Part B profile, stepped down; REVIEW before promotion"
DB10,Death Incarnate,70,"Killed Astrid, the betrayer (kill-the-betrayer outcome)",murder_treacherous,Mehrunes Dagon,+,m,echo,"cross-gen candidate: murder_treacherous(m) from the Mehrunes Dagon Part B profile, stepped down; REVIEW before promotion"
DB10,Death Incarnate,70,"Killed Astrid, the betrayer (kill-the-betrayer outcome)",murder_treacherous,Vaermina,+,m,echo,"cross-gen candidate: murder_treacherous(m) from the Vaermina Part B profile, stepped down; REVIEW before promotion"
DB11,Hail Sithis!,200,"Boarded the Katariah and assassinated the true Emperor, Titus Mede II (single outcome)",murder_treacherous,Leki,-,m,echo,"cross-gen candidate: murder_treacherous(S) from the Leki Part B profile, stepped down; REVIEW before promotion"
DB11,Hail Sithis!,200,"Boarded the Katariah and assassinated the true Emperor, Titus Mede II (single outcome)",murder_treacherous,Boethiah,+,m,echo,"cross-gen candidate: murder_treacherous(S) from the Boethiah Part B profile, stepped down; REVIEW before promotion"
DB11,Hail Sithis!,200,"Boarded the Katariah and assassinated the true Emperor, Titus Mede II (single outcome)",murder_treacherous,Molag Bal,+,m,echo,"cross-gen candidate: murder_treacherous(S) from the Molag Bal Part B profile, stepped down; REVIEW before promotion"
DB11,Hail Sithis!,200,"Boarded the Katariah and assassinated the true Emperor, Titus Mede II (single outcome)",murder_treacherous,Mehrunes Dagon,+,m,echo,"cross-gen candidate: murder_treacherous(m) from the Mehrunes Dagon Part B profile, stepped down; REVIEW before promotion"
DB11,Hail Sithis!,200,"Boarded the Katariah and assassinated the true Emperor, Titus Mede II (single outcome)",murder_treacherous,Vaermina,+,m,echo,"cross-gen candidate: murder_treacherous(m) from the Vaermina Part B profile, stepped down; REVIEW before promotion"
DB11,Hail Sithis!,70,Optionally killed the contractor Amaund Motierre after taking payment (optional kill branch),murder_treacherous,Stendarr,-,m,echo,"cross-gen candidate: murder_treacherous(S) from the Stendarr Part B profile, stepped down; REVIEW before promotion"
DB11,Hail Sithis!,70,Optionally killed the contractor Amaund Motierre after taking payment (optional kill branch),murder_treacherous,Mara,-,m,echo,"cross-gen candidate: murder_treacherous(m) from the Mara Part B profile, stepped down; REVIEW before promotion"
DB11,Hail Sithis!,70,Optionally killed the contractor Amaund Motierre after taking payment (optional kill branch),murder_treacherous,Shor,-,m,echo,"cross-gen candidate: murder_treacherous(S) from the Shor Part B profile, stepped down; REVIEW before promotion"
DB11,Hail Sithis!,70,Optionally killed the contractor Amaund Motierre after taking payment (optional kill branch),deceit,Baan Dar,+,S,echo,"cross-gen candidate: deceit(C) from the Baan Dar Part B profile, stepped down; REVIEW before promotion"
DB11,Hail Sithis!,70,Optionally killed the contractor Amaund Motierre after taking payment (optional kill branch),deceit,Rajhin,+,m,echo,"cross-gen candidate: deceit(S) from the Rajhin Part B profile, stepped down; REVIEW before promotion"
DB11,Hail Sithis!,70,Optionally killed the contractor Amaund Motierre after taking payment (optional kill branch),deceit,Malacath,-,m,echo,"cross-gen candidate: deceit(m) from the Malacath Part B profile, stepped down; REVIEW before promotion"
DB11,Hail Sithis!,70,Optionally killed the contractor Amaund Motierre after taking payment (optional kill branch),murder_treacherous,Leki,-,m,echo,"cross-gen candidate: murder_treacherous(S) from the Leki Part B profile, stepped down; REVIEW before promotion"
DB11,Hail Sithis!,70,Optionally killed the contractor Amaund Motierre after taking payment (optional kill branch),murder_treacherous,Sithis,+,m,echo,"cross-gen candidate: murder_treacherous(S) from the Sithis Part B profile, stepped down; REVIEW before promotion"
DB11,Hail Sithis!,70,Optionally killed the contractor Amaund Motierre after taking payment (optional kill branch),murder_treacherous,Molag Bal,+,m,echo,"cross-gen candidate: murder_treacherous(S) from the Molag Bal Part B profile, stepped down; REVIEW before promotion"
DB11,Hail Sithis!,70,Optionally killed the contractor Amaund Motierre after taking payment (optional kill branch),deceit,Nocturnal,+,m,echo,"cross-gen candidate: deceit(m) from the Nocturnal Part B profile, stepped down; REVIEW before promotion"
DB11,Hail Sithis!,70,Optionally killed the contractor Amaund Motierre after taking payment (optional kill branch),murder_treacherous,Mehrunes Dagon,+,m,echo,"cross-gen candidate: murder_treacherous(m) from the Mehrunes Dagon Part B profile, stepped down; REVIEW before promotion"
DB11,Hail Sithis!,70,Optionally killed the contractor Amaund Motierre after taking payment (optional kill branch),deceit,Clavicus Vile,+,m,echo,"cross-gen candidate: deceit(S) from the Clavicus Vile Part B profile, stepped down; REVIEW before promotion"
DB11,Hail Sithis!,70,Optionally killed the contractor Amaund Motierre after taking payment (optional kill branch),murder_treacherous,Vaermina,+,m,echo,"cross-gen candidate: murder_treacherous(m) from the Vaermina Part B profile, stepped down; REVIEW before promotion"
MG01,First Lessons,200,Entered the College and took up disciplined study,disciplined_study,Akatosh,+,m,echo,"cross-gen candidate: disciplined_study(m) from the Akatosh Part B profile, stepped down; REVIEW before promotion"
MG01,First Lessons,200,Entered the College and took up disciplined study,disciplined_study,Auri-El,+,m,echo,"cross-gen candidate: disciplined_study(S) from the Auri-El Part B profile, stepped down; REVIEW before promotion"
MG01,First Lessons,200,Entered the College and took up disciplined study,disciplined_study,Azura,+,m,echo,"cross-gen candidate: disciplined_study(m) from the Azura Part B profile, stepped down; REVIEW before promotion"
MG01,First Lessons,200,Entered the College and took up disciplined study,disciplined_study,Hermaeus Mora,+,m,echo,"cross-gen candidate: disciplined_study(S) from the Hermaeus Mora Part B profile, stepped down; REVIEW before promotion"
MG02,Under Saarthal,200,Recovered the buried knowledge beneath Saarthal,disciplined_study,Akatosh,+,m,echo,"cross-gen candidate: disciplined_study(m) from the Akatosh Part B profile, stepped down; REVIEW before promotion"
MG02,Under Saarthal,200,Recovered the buried knowledge beneath Saarthal,disciplined_study,Auri-El,+,m,echo,"cross-gen candidate: disciplined_study(S) from the Auri-El Part B profile, stepped down; REVIEW before promotion"
MG02,Under Saarthal,200,Recovered the buried knowledge beneath Saarthal,disciplined_study,Azura,+,m,echo,"cross-gen candidate: disciplined_study(m) from the Azura Part B profile, stepped down; REVIEW before promotion"
MG02,Under Saarthal,200,Recovered the buried knowledge beneath Saarthal,disciplined_study,Hermaeus Mora,+,m,echo,"cross-gen candidate: disciplined_study(S) from the Hermaeus Mora Part B profile, stepped down; REVIEW before promotion"
MG03,Hitting the Books,200,Recovered the stolen books of Fellglow Keep,disciplined_study,Akatosh,+,m,echo,"cross-gen candidate: disciplined_study(m) from the Akatosh Part B profile, stepped down; REVIEW before promotion"
MG03,Hitting the Books,200,Recovered the stolen books of Fellglow Keep,disciplined_study,Auri-El,+,m,echo,"cross-gen candidate: disciplined_study(S) from the Auri-El Part B profile, stepped down; REVIEW before promotion"
MG03,Hitting the Books,200,Recovered the stolen books of Fellglow Keep,disciplined_study,Azura,+,m,echo,"cross-gen candidate: disciplined_study(m) from the Azura Part B profile, stepped down; REVIEW before promotion"
MG03,Hitting the Books,200,Recovered the stolen books of Fellglow Keep,disciplined_study,Hermaeus Mora,+,m,echo,"cross-gen candidate: disciplined_study(S) from the Hermaeus Mora Part B profile, stepped down; REVIEW before promotion"
MG03,Hitting the Books,55,,protect_the_weak,Stendarr,+,S,echo,"cross-gen candidate: protect_the_weak(C) from the Stendarr Part B profile, stepped down; REVIEW before promotion"
MG03,Hitting the Books,55,,protect_the_weak,Mara,+,m,echo,"cross-gen candidate: protect_the_weak(m) from the Mara Part B profile, stepped down; REVIEW before promotion"
MG03,Hitting the Books,55,,protect_the_weak,Tsun,+,m,echo,"cross-gen candidate: protect_the_weak(m) from the Tsun Part B profile, stepped down; REVIEW before promotion"
MG03,Hitting the Books,55,,protect_the_weak,Stuhn,+,m,echo,"cross-gen candidate: protect_the_weak(S) from the Stuhn Part B profile, stepped down; REVIEW before promotion"
MG03,Hitting the Books,55,,protect_the_weak,Khenarthi,+,m,echo,"cross-gen candidate: protect_the_weak(S) from the Khenarthi Part B profile, stepped down; REVIEW before promotion"
MG03,Hitting the Books,55,,protect_the_weak,Molag Bal,-,m,echo,"cross-gen candidate: protect_the_weak(m) from the Molag Bal Part B profile, stepped down; REVIEW before promotion"
MG04,Good Intentions,200,Heeded the Augur and carried warning to the Arch-Mage,disciplined_study,Akatosh,+,m,echo,"cross-gen candidate: disciplined_study(m) from the Akatosh Part B profile, stepped down; REVIEW before promotion"
MG04,Good Intentions,200,Heeded the Augur and carried warning to the Arch-Mage,disciplined_study,Auri-El,+,m,echo,"cross-gen candidate: disciplined_study(S) from the Auri-El Part B profile, stepped down; REVIEW before promotion"
MG04,Good Intentions,200,Heeded the Augur and carried warning to the Arch-Mage,disciplined_study,Azura,+,m,echo,"cross-gen candidate: disciplined_study(m) from the Azura Part B profile, stepped down; REVIEW before promotion"
MG04,Good Intentions,200,Heeded the Augur and carried warning to the Arch-Mage,disciplined_study,Hermaeus Mora,+,m,echo,"cross-gen candidate: disciplined_study(S) from the Hermaeus Mora Part B profile, stepped down; REVIEW before promotion"
MG05,Containment,200,,protect_the_weak,Stendarr,+,S,echo,"cross-gen candidate: protect_the_weak(C) from the Stendarr Part B profile, stepped down; REVIEW before promotion"
MG05,Containment,200,,protect_the_weak,Mara,+,m,echo,"cross-gen candidate: protect_the_weak(m) from the Mara Part B profile, stepped down; REVIEW before promotion"
MG05,Containment,200,,protect_the_weak,Tsun,+,m,echo,"cross-gen candidate: protect_the_weak(m) from the Tsun Part B profile, stepped down; REVIEW before promotion"
MG05,Containment,200,,protect_the_weak,Stuhn,+,m,echo,"cross-gen candidate: protect_the_weak(S) from the Stuhn Part B profile, stepped down; REVIEW before promotion"
MG05,Containment,200,,protect_the_weak,Khenarthi,+,m,echo,"cross-gen candidate: protect_the_weak(S) from the Khenarthi Part B profile, stepped down; REVIEW before promotion"
MG05,Containment,200,,protect_the_weak,Molag Bal,-,m,echo,"cross-gen candidate: protect_the_weak(m) from the Molag Bal Part B profile, stepped down; REVIEW before promotion"
mg06,Revealing the Unseen,200,Traced Synod research to the Oculory and revealed the Staff,disciplined_study,Akatosh,+,m,echo,"cross-gen candidate: disciplined_study(m) from the Akatosh Part B profile, stepped down; REVIEW before promotion"
mg06,Revealing the Unseen,200,Traced Synod research to the Oculory and revealed the Staff,disciplined_study,Auri-El,+,m,echo,"cross-gen candidate: disciplined_study(S) from the Auri-El Part B profile, stepped down; REVIEW before promotion"
mg06,Revealing the Unseen,200,Traced Synod research to the Oculory and revealed the Staff,disciplined_study,Azura,+,m,echo,"cross-gen candidate: disciplined_study(m) from the Azura Part B profile, stepped down; REVIEW before promotion"
mg06,Revealing the Unseen,200,Traced Synod research to the Oculory and revealed the Staff,disciplined_study,Hermaeus Mora,+,m,echo,"cross-gen candidate: disciplined_study(S) from the Hermaeus Mora Part B profile, stepped down; REVIEW before promotion"
MG07,The Staff of Magnus,200,Claimed the Staff of Magnus from Labyrinthian,disciplined_study,Akatosh,+,m,echo,"cross-gen candidate: disciplined_study(m) from the Akatosh Part B profile, stepped down; REVIEW before promotion"
MG07,The Staff of Magnus,200,Claimed the Staff of Magnus from Labyrinthian,disciplined_study,Auri-El,+,m,echo,"cross-gen candidate: disciplined_study(S) from the Auri-El Part B profile, stepped down; REVIEW before promotion"
MG07,The Staff of Magnus,200,Claimed the Staff of Magnus from Labyrinthian,disciplined_study,Azura,+,m,echo,"cross-gen candidate: disciplined_study(m) from the Azura Part B profile, stepped down; REVIEW before promotion"
MG07,The Staff of Magnus,200,Claimed the Staff of Magnus from Labyrinthian,disciplined_study,Hermaeus Mora,+,m,echo,"cross-gen candidate: disciplined_study(S) from the Hermaeus Mora Part B profile, stepped down; REVIEW before promotion"
MG07,The Staff of Magnus,30,Destroyed the risen dead beneath Labyrinthian,slay_undead,Azura,+,m,echo,"cross-gen candidate: slay_undead(m) from the Azura Part B profile, stepped down; REVIEW before promotion"
MG08,The Eye of Magnus,200,Contained the Eye and preserved what could be known of it,disciplined_study,Akatosh,+,m,echo,"cross-gen candidate: disciplined_study(m) from the Akatosh Part B profile, stepped down; REVIEW before promotion"
MG08,The Eye of Magnus,200,Contained the Eye and preserved what could be known of it,disciplined_study,Auri-El,+,m,echo,"cross-gen candidate: disciplined_study(S) from the Auri-El Part B profile, stepped down; REVIEW before promotion"
MG08,The Eye of Magnus,200,Contained the Eye and preserved what could be known of it,disciplined_study,Azura,+,m,echo,"cross-gen candidate: disciplined_study(m) from the Azura Part B profile, stepped down; REVIEW before promotion"
MG08,The Eye of Magnus,200,Contained the Eye and preserved what could be known of it,disciplined_study,Hermaeus Mora,+,m,echo,"cross-gen candidate: disciplined_study(S) from the Hermaeus Mora Part B profile, stepped down; REVIEW before promotion"
MQ104,Dragon Rising,160,"Slay the dragon at the Western Watchtower in open battle, defending Whiterun",protect_the_weak,Mara,+,m,echo,"cross-gen candidate: protect_the_weak(m) from the Mara Part B profile, stepped down; REVIEW before promotion"
MQ104,Dragon Rising,160,"Slay the dragon at the Western Watchtower in open battle, defending Whiterun",protect_the_weak,Stuhn,+,m,echo,"cross-gen candidate: protect_the_weak(S) from the Stuhn Part B profile, stepped down; REVIEW before promotion"
MQ104,Dragon Rising,160,"Slay the dragon at the Western Watchtower in open battle, defending Whiterun",defend_kin_home,Y'ffre,+,m,echo,"cross-gen candidate: defend_kin_home(m) from the Y'ffre Part B profile, stepped down; REVIEW before promotion"
MQ104,Dragon Rising,160,"Slay the dragon at the Western Watchtower in open battle, defending Whiterun",protect_the_weak,Khenarthi,+,m,echo,"cross-gen candidate: protect_the_weak(S) from the Khenarthi Part B profile, stepped down; REVIEW before promotion"
MQ104,Dragon Rising,160,"Slay the dragon at the Western Watchtower in open battle, defending Whiterun",defend_kin_home,The Hist,+,S,echo,"cross-gen candidate: defend_kin_home(C) from the The Hist Part B profile, stepped down; REVIEW before promotion"
MQ104,Dragon Rising,160,"Slay the dragon at the Western Watchtower in open battle, defending Whiterun",protect_the_weak,Molag Bal,-,m,echo,"cross-gen candidate: protect_the_weak(m) from the Molag Bal Part B profile, stepped down; REVIEW before promotion"
MQ104,Dragon Rising,160,"Slay the dragon at the Western Watchtower in open battle, defending Whiterun",kill_honorable_combat,Mehrunes Dagon,+,m,echo,"cross-gen candidate: kill_honorable_combat(m) from the Mehrunes Dagon Part B profile, stepped down; REVIEW before promotion"
MQ105,The Way of the Voice,160,Pass the Greybeards' tests and trials to master the Voice,disciplined_study,Akatosh,+,m,echo,"cross-gen candidate: disciplined_study(m) from the Akatosh Part B profile, stepped down; REVIEW before promotion"
MQ105,The Way of the Voice,160,Pass the Greybeards' tests and trials to master the Voice,prove_by_struggle,Shor,+,m,echo,"cross-gen candidate: prove_by_struggle(S) from the Shor Part B profile, stepped down; REVIEW before promotion"
MQ105,The Way of the Voice,160,Pass the Greybeards' tests and trials to master the Voice,disciplined_study,Magnus,+,S,echo,"cross-gen candidate: disciplined_study(C) from the Magnus Part B profile, stepped down; REVIEW before promotion"
MQ105,The Way of the Voice,160,Pass the Greybeards' tests and trials to master the Voice,prove_by_struggle,Baan Dar,+,m,echo,"cross-gen candidate: prove_by_struggle(m) from the Baan Dar Part B profile, stepped down; REVIEW before promotion"
MQ105,The Way of the Voice,160,Pass the Greybeards' tests and trials to master the Voice,disciplined_study,Azura,+,m,echo,"cross-gen candidate: disciplined_study(m) from the Azura Part B profile, stepped down; REVIEW before promotion"
MQ105,The Way of the Voice,160,Pass the Greybeards' tests and trials to master the Voice,prove_by_struggle,Malacath,+,m,echo,"cross-gen candidate: prove_by_struggle(m) from the Malacath Part B profile, stepped down; REVIEW before promotion"
MQ105,The Way of the Voice,160,Pass the Greybeards' tests and trials to master the Voice,disciplined_study,Hermaeus Mora,+,m,echo,"cross-gen candidate: disciplined_study(S) from the Hermaeus Mora Part B profile, stepped down; REVIEW before promotion"
MQ105U,The Horn of Jurgen Windcaller,60,"Complete the Greybeards' final trial, retrieving the Horn of Jurgen Windcaller",prove_by_struggle,Kyne,+,m,echo,"cross-gen candidate: prove_by_struggle(S) from the Kyne Part B profile, stepped down; REVIEW before promotion"
MQ105U,The Horn of Jurgen Windcaller,60,"Complete the Greybeards' final trial, retrieving the Horn of Jurgen Windcaller",prove_by_struggle,Shor,+,m,echo,"cross-gen candidate: prove_by_struggle(S) from the Shor Part B profile, stepped down; REVIEW before promotion"
MQ105U,The Horn of Jurgen Windcaller,60,"Complete the Greybeards' final trial, retrieving the Horn of Jurgen Windcaller",prove_by_struggle,Baan Dar,+,m,echo,"cross-gen candidate: prove_by_struggle(m) from the Baan Dar Part B profile, stepped down; REVIEW before promotion"
MQ105U,The Horn of Jurgen Windcaller,60,"Complete the Greybeards' final trial, retrieving the Horn of Jurgen Windcaller",prove_by_struggle,Malacath,+,m,echo,"cross-gen candidate: prove_by_struggle(m) from the Malacath Part B profile, stepped down; REVIEW before promotion"
MQ106,A Blade in the Dark,200,Slay the named dragon Sahloknir at Kynesgrove in open battle,kill_honorable_combat,Mehrunes Dagon,+,m,echo,"cross-gen candidate: kill_honorable_combat(m) from the Mehrunes Dagon Part B profile, stepped down; REVIEW before promotion"
MQ201,Diplomatic Immunity,250,"Infiltrate the Thalmor Embassy and uncover their dealings, acting against the Thalmor",theft_burglary,Zenithar,-,m,echo,"cross-gen candidate: theft_burglary(S) from the Zenithar Part B profile, stepped down; REVIEW before promotion"
MQ201,Diplomatic Immunity,250,"Infiltrate the Thalmor Embassy and uncover their dealings, acting against the Thalmor",deceit,Malacath,-,m,echo,"cross-gen candidate: deceit(m) from the Malacath Part B profile, stepped down; REVIEW before promotion"
MQ201,Diplomatic Immunity,250,"Infiltrate the Thalmor Embassy and uncover their dealings, acting against the Thalmor",deceit,Clavicus Vile,+,m,echo,"cross-gen candidate: deceit(S) from the Clavicus Vile Part B profile, stepped down; REVIEW before promotion"
MQ201Malborn,(no name) [Malborn / Thalmor assassin],100,Killed the Khajiit Thalmor assassin lying in wait for Malborn,kill_honorable_combat,Kyne,+,m,echo,"cross-gen candidate: kill_honorable_combat(S) from the Kyne Part B profile, stepped down; REVIEW before promotion"
MQ201Malborn,(no name) [Malborn / Thalmor assassin],100,Killed the Khajiit Thalmor assassin lying in wait for Malborn,kill_honorable_combat,Tsun,+,m,echo,"cross-gen candidate: kill_honorable_combat(S) from the Tsun Part B profile, stepped down; REVIEW before promotion"
MQ201Malborn,(no name) [Malborn / Thalmor assassin],100,Killed the Khajiit Thalmor assassin lying in wait for Malborn,kill_honorable_combat,Trinimac,+,m,echo,"cross-gen candidate: kill_honorable_combat(S) from the Trinimac Part B profile, stepped down; REVIEW before promotion"
MQ201Malborn,(no name) [Malborn / Thalmor assassin],100,Killed the Khajiit Thalmor assassin lying in wait for Malborn,kill_honorable_combat,Alkosh,+,m,echo,"cross-gen candidate: kill_honorable_combat(S) from the Alkosh Part B profile, stepped down; REVIEW before promotion"
MQ201Malborn,(no name) [Malborn / Thalmor assassin],100,Killed the Khajiit Thalmor assassin lying in wait for Malborn,kill_honorable_combat,Malacath,+,m,echo,"cross-gen candidate: kill_honorable_combat(S) from the Malacath Part B profile, stepped down; REVIEW before promotion"
MQ201Malborn,(no name) [Malborn / Thalmor assassin],100,Killed the Khajiit Thalmor assassin lying in wait for Malborn,kill_honorable_combat,HoonDing,+,m,echo,"cross-gen candidate: kill_honorable_combat(m) from the HoonDing Part B profile, stepped down; REVIEW before promotion"
MQ201Malborn,(no name) [Malborn / Thalmor assassin],100,Killed the Khajiit Thalmor assassin lying in wait for Malborn,kill_honorable_combat,Leki,+,m,echo,"cross-gen candidate: kill_honorable_combat(S) from the Leki Part B profile, stepped down; REVIEW before promotion"
MQ201Malborn,(no name) [Malborn / Thalmor assassin],100,Killed the Khajiit Thalmor assassin lying in wait for Malborn,kill_honorable_combat,Hircine,+,m,echo,"cross-gen candidate: kill_honorable_combat(S) from the Hircine Part B profile, stepped down; REVIEW before promotion"
MQ201Malborn,(no name) [Malborn / Thalmor assassin],100,Killed the Khajiit Thalmor assassin lying in wait for Malborn,kill_honorable_combat,Mehrunes Dagon,+,m,echo,"cross-gen candidate: kill_honorable_combat(m) from the Mehrunes Dagon Part B profile, stepped down; REVIEW before promotion"
MQ206,Alduin's Bane,220,Defeated Alduin in open battle with Dragonrend,kill_honorable_combat,Trinimac,+,m,echo,"cross-gen candidate: kill_honorable_combat(S) from the Trinimac Part B profile, stepped down; REVIEW before promotion"
MQ206,Alduin's Bane,220,Defeated Alduin in open battle with Dragonrend,prove_by_struggle,Baan Dar,+,m,echo,"cross-gen candidate: prove_by_struggle(m) from the Baan Dar Part B profile, stepped down; REVIEW before promotion"
MQ206,Alduin's Bane,220,Defeated Alduin in open battle with Dragonrend,kill_honorable_combat,Malacath,+,m,echo,"cross-gen candidate: kill_honorable_combat(S) from the Malacath Part B profile, stepped down; REVIEW before promotion"
MQ206,Alduin's Bane,220,Defeated Alduin in open battle with Dragonrend,kill_honorable_combat,Mehrunes Dagon,+,m,echo,"cross-gen candidate: kill_honorable_combat(m) from the Mehrunes Dagon Part B profile, stepped down; REVIEW before promotion"
MQ303,The World-Eater's Eyrie,100/300,"I set Odahviing free, he flew me to Skuldafn; I fought my way to the top and entered Alduin's portal to Sovngarde (single outcome)",prove_by_struggle,Kyne,+,m,echo,"cross-gen candidate: prove_by_struggle(S) from the Kyne Part B profile, stepped down; REVIEW before promotion"
MQ303,The World-Eater's Eyrie,100/300,"I set Odahviing free, he flew me to Skuldafn; I fought my way to the top and entered Alduin's portal to Sovngarde (single outcome)",prove_by_struggle,Auri-El,+,m,echo,"cross-gen candidate: prove_by_struggle(m) from the Auri-El Part B profile, stepped down; REVIEW before promotion"
MQ303,The World-Eater's Eyrie,100/300,"I set Odahviing free, he flew me to Skuldafn; I fought my way to the top and entered Alduin's portal to Sovngarde (single outcome)",kill_honorable_combat,Trinimac,+,m,echo,"cross-gen candidate: kill_honorable_combat(S) from the Trinimac Part B profile, stepped down; REVIEW before promotion"
MQ303,The World-Eater's Eyrie,100/300,"I set Odahviing free, he flew me to Skuldafn; I fought my way to the top and entered Alduin's portal to Sovngarde (single outcome)",prove_by_struggle,Baan Dar,+,m,echo,"cross-gen candidate: prove_by_struggle(m) from the Baan Dar Part B profile, stepped down; REVIEW before promotion"
MQ303,The World-Eater's Eyrie,100/300,"I set Odahviing free, he flew me to Skuldafn; I fought my way to the top and entered Alduin's portal to Sovngarde (single outcome)",kill_honorable_combat,Alkosh,+,m,echo,"cross-gen candidate: kill_honorable_combat(S) from the Alkosh Part B profile, stepped down; REVIEW before promotion"
MQ303,The World-Eater's Eyrie,100/300,"I set Odahviing free, he flew me to Skuldafn; I fought my way to the top and entered Alduin's portal to Sovngarde (single outcome)",kill_honorable_combat,Malacath,+,m,echo,"cross-gen candidate: kill_honorable_combat(S) from the Malacath Part B profile, stepped down; REVIEW before promotion"
MQ303,The World-Eater's Eyrie,100/300,"I set Odahviing free, he flew me to Skuldafn; I fought my way to the top and entered Alduin's portal to Sovngarde (single outcome)",kill_honorable_combat,Leki,+,m,echo,"cross-gen candidate: kill_honorable_combat(S) from the Leki Part B profile, stepped down; REVIEW before promotion"
MQ303,The World-Eater's Eyrie,100/300,"I set Odahviing free, he flew me to Skuldafn; I fought my way to the top and entered Alduin's portal to Sovngarde (single outcome)",prove_by_struggle,Boethiah,+,S,echo,"cross-gen candidate: prove_by_struggle(C) from the Boethiah Part B profile, stepped down; REVIEW before promotion"
MQ303,The World-Eater's Eyrie,100/300,"I set Odahviing free, he flew me to Skuldafn; I fought my way to the top and entered Alduin's portal to Sovngarde (single outcome)",kill_honorable_combat,Hircine,+,m,echo,"cross-gen candidate: kill_honorable_combat(S) from the Hircine Part B profile, stepped down; REVIEW before promotion"
MQ303,The World-Eater's Eyrie,100/300,"I set Odahviing free, he flew me to Skuldafn; I fought my way to the top and entered Alduin's portal to Sovngarde (single outcome)",kill_honorable_combat,Mehrunes Dagon,+,m,echo,"cross-gen candidate: kill_honorable_combat(m) from the Mehrunes Dagon Part B profile, stepped down; REVIEW before promotion"
MQ304,Sovngarde,200,"Reached the Hall of Heroes; permitted by Shor to join Gormlaith, Hakon and Felldir against Alduin (single outcome)",honor_the_dead,Arkay,+,S,echo,"cross-gen candidate: honor_the_dead(C) from the Arkay Part B profile, stepped down; REVIEW before promotion"
MQ304,Sovngarde,200,"Reached the Hall of Heroes; permitted by Shor to join Gormlaith, Hakon and Felldir against Alduin (single outcome)",prove_by_struggle,Kyne,+,m,echo,"cross-gen candidate: prove_by_struggle(S) from the Kyne Part B profile, stepped down; REVIEW before promotion"
MQ304,Sovngarde,200,"Reached the Hall of Heroes; permitted by Shor to join Gormlaith, Hakon and Felldir against Alduin (single outcome)",prove_by_struggle,Auri-El,+,m,echo,"cross-gen candidate: prove_by_struggle(m) from the Auri-El Part B profile, stepped down; REVIEW before promotion"
MQ304,Sovngarde,200,"Reached the Hall of Heroes; permitted by Shor to join Gormlaith, Hakon and Felldir against Alduin (single outcome)",honor_the_dead,Xarxes,+,S,echo,"cross-gen candidate: honor_the_dead(C) from the Xarxes Part B profile, stepped down; REVIEW before promotion"
MQ304,Sovngarde,200,"Reached the Hall of Heroes; permitted by Shor to join Gormlaith, Hakon and Felldir against Alduin (single outcome)",prove_by_struggle,Baan Dar,+,m,echo,"cross-gen candidate: prove_by_struggle(m) from the Baan Dar Part B profile, stepped down; REVIEW before promotion"
MQ304,Sovngarde,200,"Reached the Hall of Heroes; permitted by Shor to join Gormlaith, Hakon and Felldir against Alduin (single outcome)",honor_the_dead,Azura,+,m,echo,"cross-gen candidate: honor_the_dead(m) from the Azura Part B profile, stepped down; REVIEW before promotion"
MQ304,Sovngarde,200,"Reached the Hall of Heroes; permitted by Shor to join Gormlaith, Hakon and Felldir against Alduin (single outcome)",honor_the_dead,Khenarthi,+,m,echo,"cross-gen candidate: honor_the_dead(m) from the Khenarthi Part B profile, stepped down; REVIEW before promotion"
MQ304,Sovngarde,200,"Reached the Hall of Heroes; permitted by Shor to join Gormlaith, Hakon and Felldir against Alduin (single outcome)",prove_by_struggle,Malacath,+,m,echo,"cross-gen candidate: prove_by_struggle(m) from the Malacath Part B profile, stepped down; REVIEW before promotion"
MQ304,Sovngarde,200,"Reached the Hall of Heroes; permitted by Shor to join Gormlaith, Hakon and Felldir against Alduin (single outcome)",honor_the_dead,Tu'whacca,+,S,echo,"cross-gen candidate: honor_the_dead(C) from the Tu'whacca Part B profile, stepped down; REVIEW before promotion"
MQ304,Sovngarde,200,"Reached the Hall of Heroes; permitted by Shor to join Gormlaith, Hakon and Felldir against Alduin (single outcome)",honor_the_dead,The Hist,+,m,echo,"cross-gen candidate: honor_the_dead(m) from the The Hist Part B profile, stepped down; REVIEW before promotion"
MQ304,Sovngarde,200,"Reached the Hall of Heroes; permitted by Shor to join Gormlaith, Hakon and Felldir against Alduin (single outcome)",prove_by_struggle,Boethiah,+,S,echo,"cross-gen candidate: prove_by_struggle(C) from the Boethiah Part B profile, stepped down; REVIEW before promotion"
MQ305,Dragonslayer,200,Defeated Alduin the World-Eater in open battle in Sovngarde; freed Skyrim and Sovngarde (single outcome),kill_honorable_combat,Trinimac,+,m,echo,"cross-gen candidate: kill_honorable_combat(S) from the Trinimac Part B profile, stepped down; REVIEW before promotion"
MQ305,Dragonslayer,200,Defeated Alduin the World-Eater in open battle in Sovngarde; freed Skyrim and Sovngarde (single outcome),defend_kin_home,Y'ffre,+,m,echo,"cross-gen candidate: defend_kin_home(m) from the Y'ffre Part B profile, stepped down; REVIEW before promotion"
MQ305,Dragonslayer,200,Defeated Alduin the World-Eater in open battle in Sovngarde; freed Skyrim and Sovngarde (single outcome),prove_by_struggle,Baan Dar,+,m,echo,"cross-gen candidate: prove_by_struggle(m) from the Baan Dar Part B profile, stepped down; REVIEW before promotion"
MQ305,Dragonslayer,200,Defeated Alduin the World-Eater in open battle in Sovngarde; freed Skyrim and Sovngarde (single outcome),kill_honorable_combat,Malacath,+,m,echo,"cross-gen candidate: kill_honorable_combat(S) from the Malacath Part B profile, stepped down; REVIEW before promotion"
MQ305,Dragonslayer,200,Defeated Alduin the World-Eater in open battle in Sovngarde; freed Skyrim and Sovngarde (single outcome),kill_honorable_combat,Leki,+,m,echo,"cross-gen candidate: kill_honorable_combat(S) from the Leki Part B profile, stepped down; REVIEW before promotion"
MQ305,Dragonslayer,200,Defeated Alduin the World-Eater in open battle in Sovngarde; freed Skyrim and Sovngarde (single outcome),defend_kin_home,The Hist,+,S,echo,"cross-gen candidate: defend_kin_home(C) from the The Hist Part B profile, stepped down; REVIEW before promotion"
MQ305,Dragonslayer,200,Defeated Alduin the World-Eater in open battle in Sovngarde; freed Skyrim and Sovngarde (single outcome),prove_by_struggle,Boethiah,+,S,echo,"cross-gen candidate: prove_by_struggle(C) from the Boethiah Part B profile, stepped down; REVIEW before promotion"
MQ305,Dragonslayer,200,Defeated Alduin the World-Eater in open battle in Sovngarde; freed Skyrim and Sovngarde (single outcome),kill_honorable_combat,Hircine,+,m,echo,"cross-gen candidate: kill_honorable_combat(S) from the Hircine Part B profile, stepped down; REVIEW before promotion"
MQ305,Dragonslayer,200,Defeated Alduin the World-Eater in open battle in Sovngarde; freed Skyrim and Sovngarde (single outcome),kill_honorable_combat,Mehrunes Dagon,+,m,echo,"cross-gen candidate: kill_honorable_combat(m) from the Mehrunes Dagon Part B profile, stepped down; REVIEW before promotion"
TG00,A Chance Arrangement,200,Stole Madesi's Ring and planted it on Brand-Shei to frame him at Brynjolf's behest (single outcome),deceit,Baan Dar,+,S,echo,"cross-gen candidate: deceit(C) from the Baan Dar Part B profile, stepped down; REVIEW before promotion"
TG00,A Chance Arrangement,200,Stole Madesi's Ring and planted it on Brand-Shei to frame him at Brynjolf's behest (single outcome),deceit,Malacath,-,m,echo,"cross-gen candidate: deceit(m) from the Malacath Part B profile, stepped down; REVIEW before promotion"
TG00,A Chance Arrangement,200,Stole Madesi's Ring and planted it on Brand-Shei to frame him at Brynjolf's behest (single outcome),deceit,Boethiah,+,m,echo,"cross-gen candidate: deceit(S) from the Boethiah Part B profile, stepped down; REVIEW before promotion"
TG00,A Chance Arrangement,200,Stole Madesi's Ring and planted it on Brand-Shei to frame him at Brynjolf's behest (single outcome),deceit,Clavicus Vile,+,m,echo,"cross-gen candidate: deceit(S) from the Clavicus Vile Part B profile, stepped down; REVIEW before promotion"
TG01,Taking Care of Business,200,Strong-armed three Riften shopkeepers to collect debts (extortion); optional theft branches,theft_burglary,Baan Dar,+,m,echo,"cross-gen candidate: theft_burglary(S) from the Baan Dar Part B profile, stepped down; REVIEW before promotion"
TG01,Taking Care of Business,200,Strong-armed three Riften shopkeepers to collect debts (extortion); optional theft branches,theft_burglary,Mephala,+,m,echo,"cross-gen candidate: theft_burglary(S) from the Mephala Part B profile, stepped down; REVIEW before promotion"
TG02,Loud and Clear,200,"Joined the Thieves Guild, then burned Goldenglow's hives and cleared Aringoth's safe",theft_burglary,Baan Dar,+,m,echo,"cross-gen candidate: theft_burglary(S) from the Baan Dar Part B profile, stepped down; REVIEW before promotion"
TG02,Loud and Clear,200,"Joined the Thieves Guild, then burned Goldenglow's hives and cleared Aringoth's safe",theft_burglary,Mephala,+,m,echo,"cross-gen candidate: theft_burglary(S) from the Mephala Part B profile, stepped down; REVIEW before promotion"
TG03,Dampened Spirits,200,Framed Honningbrew's owner Sabjorn via poisoned mead to have him imprisoned for Maven (single outcome),deceit,Malacath,-,m,echo,"cross-gen candidate: deceit(m) from the Malacath Part B profile, stepped down; REVIEW before promotion"
TG03,Dampened Spirits,200,Framed Honningbrew's owner Sabjorn via poisoned mead to have him imprisoned for Maven (single outcome),deceit,Boethiah,+,m,echo,"cross-gen candidate: deceit(S) from the Boethiah Part B profile, stepped down; REVIEW before promotion"
TG03,Dampened Spirits,200,Framed Honningbrew's owner Sabjorn via poisoned mead to have him imprisoned for Maven (single outcome),deceit,Clavicus Vile,+,m,echo,"cross-gen candidate: deceit(S) from the Clavicus Vile Part B profile, stepped down; REVIEW before promotion"
TG04,Scoundrel's Folly,200,Shadowed and coerced Gulum-Ei into confessing; optionally stole Firebrand Wine (single outcome),theft_burglary,Zenithar,-,m,echo,"cross-gen candidate: theft_burglary(S) from the Zenithar Part B profile, stepped down; REVIEW before promotion"
TG04,Scoundrel's Folly,200,Shadowed and coerced Gulum-Ei into confessing; optionally stole Firebrand Wine (single outcome),deceit,Malacath,-,m,echo,"cross-gen candidate: deceit(m) from the Malacath Part B profile, stepped down; REVIEW before promotion"
TG04,Scoundrel's Folly,200,Shadowed and coerced Gulum-Ei into confessing; optionally stole Firebrand Wine (single outcome),deceit,Boethiah,+,m,echo,"cross-gen candidate: deceit(S) from the Boethiah Part B profile, stepped down; REVIEW before promotion"
TG04,Scoundrel's Folly,200,Shadowed and coerced Gulum-Ei into confessing; optionally stole Firebrand Wine (single outcome),deceit,Clavicus Vile,+,m,echo,"cross-gen candidate: deceit(S) from the Clavicus Vile Part B profile, stepped down; REVIEW before promotion"
TG06,Hard Answers,200,Broke into Calcelmo's museum and stole/copied his Falmer translation notes (single outcome),theft_burglary,Baan Dar,+,m,echo,"cross-gen candidate: theft_burglary(S) from the Baan Dar Part B profile, stepped down; REVIEW before promotion"
TG06,Hard Answers,200,Broke into Calcelmo's museum and stole/copied his Falmer translation notes (single outcome),theft_burglary,Mephala,+,m,echo,"cross-gen candidate: theft_burglary(S) from the Mephala Part B profile, stepped down; REVIEW before promotion"
TG07,The Pursuit,200,Infiltrated and burgled Mercer Frey's Riftweald Manor to discover his heist plans (single outcome),theft_burglary,Zenithar,-,m,echo,"cross-gen candidate: theft_burglary(S) from the Zenithar Part B profile, stepped down; REVIEW before promotion"
TG07,The Pursuit,200,Infiltrated and burgled Mercer Frey's Riftweald Manor to discover his heist plans (single outcome),theft_burglary,Baan Dar,+,m,echo,"cross-gen candidate: theft_burglary(S) from the Baan Dar Part B profile, stepped down; REVIEW before promotion"
TG07,The Pursuit,200,Infiltrated and burgled Mercer Frey's Riftweald Manor to discover his heist plans (single outcome),theft_burglary,Mephala,+,m,echo,"cross-gen candidate: theft_burglary(S) from the Mephala Part B profile, stepped down; REVIEW before promotion"
T01,The Heart of Dibella,200,Rescued Fjotra the kidnapped Sybil child from the Forsworn and restored her to the Temple of Dibella,protect_the_weak,Talos,+,m,echo,"cross-gen candidate: protect_the_weak(m) from the Talos Part B profile, stepped down; REVIEW before promotion"
T01,The Heart of Dibella,200,Rescued Fjotra the kidnapped Sybil child from the Forsworn and restored her to the Temple of Dibella,protect_the_weak,Tsun,+,m,echo,"cross-gen candidate: protect_the_weak(m) from the Tsun Part B profile, stepped down; REVIEW before promotion"
T01,The Heart of Dibella,200,Rescued Fjotra the kidnapped Sybil child from the Forsworn and restored her to the Temple of Dibella,protect_the_weak,Stuhn,+,m,echo,"cross-gen candidate: protect_the_weak(S) from the Stuhn Part B profile, stepped down; REVIEW before promotion"
T01,The Heart of Dibella,200,Rescued Fjotra the kidnapped Sybil child from the Forsworn and restored her to the Temple of Dibella,protect_the_weak,Khenarthi,+,m,echo,"cross-gen candidate: protect_the_weak(S) from the Khenarthi Part B profile, stepped down; REVIEW before promotion"
T01,The Heart of Dibella,200,Rescued Fjotra the kidnapped Sybil child from the Forsworn and restored her to the Temple of Dibella,protect_the_weak,Molag Bal,-,m,echo,"cross-gen candidate: protect_the_weak(m) from the Molag Bal Part B profile, stepped down; REVIEW before promotion"
t02,The Book of Love,200,Reunited three estranged couples for the Temple of Mara (incl. lovers parted by death),heal_comfort,Kynareth,+,m,echo,"cross-gen candidate: heal_comfort(m) from the Kynareth Part B profile, stepped down; REVIEW before promotion"
t02,The Book of Love,200,Reunited three estranged couples for the Temple of Mara (incl. lovers parted by death),honor_the_dead,Shor,+,m,echo,"cross-gen candidate: honor_the_dead(m) from the Shor Part B profile, stepped down; REVIEW before promotion"
t02,The Book of Love,200,Reunited three estranged couples for the Temple of Mara (incl. lovers parted by death),honor_the_dead,Auri-El,+,m,echo,"cross-gen candidate: honor_the_dead(m) from the Auri-El Part B profile, stepped down; REVIEW before promotion"
t02,The Book of Love,200,Reunited three estranged couples for the Temple of Mara (incl. lovers parted by death),honor_the_dead,Azura,+,m,echo,"cross-gen candidate: honor_the_dead(m) from the Azura Part B profile, stepped down; REVIEW before promotion"
t02,The Book of Love,200,Reunited three estranged couples for the Temple of Mara (incl. lovers parted by death),honor_the_dead,The Hist,+,m,echo,"cross-gen candidate: honor_the_dead(m) from the The Hist Part B profile, stepped down; REVIEW before promotion"
T03,The Blessings of Nature,200,"Restored the sacred Gildergreen, holy tree of Kynareth in Whiterun",honor_the_wild,The Hist,+,m,echo,"cross-gen candidate: honor_the_wild(S) from the The Hist Part B profile, stepped down; REVIEW before promotion"
T03,The Blessings of Nature,200,"Restored the sacred Gildergreen, holy tree of Kynareth in Whiterun",honor_the_wild,Hircine,+,m,echo,"cross-gen candidate: honor_the_wild(m) from the Hircine Part B profile, stepped down; REVIEW before promotion"
T03,The Blessings of Nature,100,"Tapped the ancient Eldergleam with Nettlebane, wounding the sacred tree (sap branch)",defile_nature,The Hist,-,m,echo,"cross-gen candidate: defile_nature(S) from the The Hist Part B profile, stepped down; REVIEW before promotion"
MS14,Laid to Rest,200,Destroyed the master vampire Movarth and his coven preying on Morthal,protect_the_weak,Mara,+,m,echo,"cross-gen candidate: protect_the_weak(m) from the Mara Part B profile, stepped down; REVIEW before promotion"
MS14,Laid to Rest,200,Destroyed the master vampire Movarth and his coven preying on Morthal,protect_the_weak,Kynareth,+,m,echo,"cross-gen candidate: protect_the_weak(m) from the Kynareth Part B profile, stepped down; REVIEW before promotion"
MS14,Laid to Rest,200,Destroyed the master vampire Movarth and his coven preying on Morthal,protect_the_weak,Talos,+,m,echo,"cross-gen candidate: protect_the_weak(m) from the Talos Part B profile, stepped down; REVIEW before promotion"
MS14,Laid to Rest,200,Destroyed the master vampire Movarth and his coven preying on Morthal,protect_the_weak,Tsun,+,m,echo,"cross-gen candidate: protect_the_weak(m) from the Tsun Part B profile, stepped down; REVIEW before promotion"
MS14,Laid to Rest,200,Destroyed the master vampire Movarth and his coven preying on Morthal,protect_the_weak,Stuhn,+,m,echo,"cross-gen candidate: protect_the_weak(S) from the Stuhn Part B profile, stepped down; REVIEW before promotion"
MS14,Laid to Rest,200,Destroyed the master vampire Movarth and his coven preying on Morthal,slay_undead,Azura,+,m,echo,"cross-gen candidate: slay_undead(m) from the Azura Part B profile, stepped down; REVIEW before promotion"
MS14,Laid to Rest,200,Destroyed the master vampire Movarth and his coven preying on Morthal,protect_the_weak,Khenarthi,+,m,echo,"cross-gen candidate: protect_the_weak(S) from the Khenarthi Part B profile, stepped down; REVIEW before promotion"
MS14,Laid to Rest,200,Destroyed the master vampire Movarth and his coven preying on Morthal,protect_the_weak,Molag Bal,-,m,echo,"cross-gen candidate: protect_the_weak(m) from the Molag Bal Part B profile, stepped down; REVIEW before promotion"
FreeformKolskeggrA,Kolskeggr Mine (reclaim),200,Drove the Forsworn from Kolskeggr so Pavo and the miners could return to honest work,uphold_law_justice,Akatosh,+,m,echo,"cross-gen candidate: uphold_law_justice(m) from the Akatosh Part B profile, stepped down; REVIEW before promotion"
FreeformKolskeggrA,Kolskeggr Mine (reclaim),200,Drove the Forsworn from Kolskeggr so Pavo and the miners could return to honest work,uphold_law_justice,Stendarr,+,m,echo,"cross-gen candidate: uphold_law_justice(S) from the Stendarr Part B profile, stepped down; REVIEW before promotion"
FreeformKolskeggrA,Kolskeggr Mine (reclaim),200,Drove the Forsworn from Kolskeggr so Pavo and the miners could return to honest work,uphold_law_justice,Julianos,+,m,echo,"cross-gen candidate: uphold_law_justice(S) from the Julianos Part B profile, stepped down; REVIEW before promotion"
FreeformKolskeggrA,Kolskeggr Mine (reclaim),200,Drove the Forsworn from Kolskeggr so Pavo and the miners could return to honest work,uphold_law_justice,Stuhn,+,m,echo,"cross-gen candidate: uphold_law_justice(m) from the Stuhn Part B profile, stepped down; REVIEW before promotion"
FreeformKolskeggrA,Kolskeggr Mine (reclaim),200,Drove the Forsworn from Kolskeggr so Pavo and the miners could return to honest work,uphold_law_justice,Auri-El,+,m,echo,"cross-gen candidate: uphold_law_justice(m) from the Auri-El Part B profile, stepped down; REVIEW before promotion"
FreeformKolskeggrA,Kolskeggr Mine (reclaim),200,Drove the Forsworn from Kolskeggr so Pavo and the miners could return to honest work,uphold_law_justice,Alkosh,+,m,echo,"cross-gen candidate: uphold_law_justice(m) from the Alkosh Part B profile, stepped down; REVIEW before promotion"
FreeformKolskeggrA,Kolskeggr Mine (reclaim),200,Drove the Forsworn from Kolskeggr so Pavo and the miners could return to honest work,uphold_law_justice,Sheogorath,-,m,echo,"cross-gen candidate: uphold_law_justice(m) from the Sheogorath Part B profile, stepped down; REVIEW before promotion"
dunHunterQST,Kyne's Sacred Trials,100,Completed the Sacred Trials of Kyne and received her blessing from Froki,prove_by_struggle,Talos,+,m,echo,"cross-gen candidate: prove_by_struggle(S) from the Talos Part B profile, stepped down; REVIEW before promotion"
dunHunterQST,Kyne's Sacred Trials,100,Completed the Sacred Trials of Kyne and received her blessing from Froki,prove_by_struggle,Shor,+,m,echo,"cross-gen candidate: prove_by_struggle(S) from the Shor Part B profile, stepped down; REVIEW before promotion"
dunHunterQST,Kyne's Sacred Trials,100,Completed the Sacred Trials of Kyne and received her blessing from Froki,prove_by_struggle,Tsun,+,S,echo,"cross-gen candidate: prove_by_struggle(C) from the Tsun Part B profile, stepped down; REVIEW before promotion"
dunHunterQST,Kyne's Sacred Trials,100,Completed the Sacred Trials of Kyne and received her blessing from Froki,prove_by_struggle,Auri-El,+,m,echo,"cross-gen candidate: prove_by_struggle(m) from the Auri-El Part B profile, stepped down; REVIEW before promotion"
dunHunterQST,Kyne's Sacred Trials,100,Completed the Sacred Trials of Kyne and received her blessing from Froki,prove_by_struggle,Baan Dar,+,m,echo,"cross-gen candidate: prove_by_struggle(m) from the Baan Dar Part B profile, stepped down; REVIEW before promotion"
dunHunterQST,Kyne's Sacred Trials,100,Completed the Sacred Trials of Kyne and received her blessing from Froki,prove_by_struggle,Malacath,+,m,echo,"cross-gen candidate: prove_by_struggle(m) from the Malacath Part B profile, stepped down; REVIEW before promotion"
dunHunterQST,Kyne's Sacred Trials,100,Completed the Sacred Trials of Kyne and received her blessing from Froki,prove_by_struggle,HoonDing,+,S,echo,"cross-gen candidate: prove_by_struggle(C) from the HoonDing Part B profile, stepped down; REVIEW before promotion"
dunHunterQST,Kyne's Sacred Trials,100,Completed the Sacred Trials of Kyne and received her blessing from Froki,prove_by_struggle,Boethiah,+,S,echo,"cross-gen candidate: prove_by_struggle(C) from the Boethiah Part B profile, stepped down; REVIEW before promotion"
DLC1VQSaint,Impatience of a Saint,200,Gathered Saint Jiub's lost opus pages in the Soul Cairn and returned a trapped soul his life's work,honor_the_dead,Arkay,+,S,echo,"cross-gen candidate: honor_the_dead(C) from the Arkay Part B profile, stepped down; REVIEW before promotion"
DLC1VQSaint,Impatience of a Saint,200,Gathered Saint Jiub's lost opus pages in the Soul Cairn and returned a trapped soul his life's work,honor_the_dead,Shor,+,m,echo,"cross-gen candidate: honor_the_dead(m) from the Shor Part B profile, stepped down; REVIEW before promotion"
DLC1VQSaint,Impatience of a Saint,200,Gathered Saint Jiub's lost opus pages in the Soul Cairn and returned a trapped soul his life's work,honor_the_dead,Auri-El,+,m,echo,"cross-gen candidate: honor_the_dead(m) from the Auri-El Part B profile, stepped down; REVIEW before promotion"
DLC1VQSaint,Impatience of a Saint,200,Gathered Saint Jiub's lost opus pages in the Soul Cairn and returned a trapped soul his life's work,honor_the_dead,Xarxes,+,S,echo,"cross-gen candidate: honor_the_dead(C) from the Xarxes Part B profile, stepped down; REVIEW before promotion"
DLC1VQSaint,Impatience of a Saint,200,Gathered Saint Jiub's lost opus pages in the Soul Cairn and returned a trapped soul his life's work,honor_the_dead,Khenarthi,+,m,echo,"cross-gen candidate: honor_the_dead(m) from the Khenarthi Part B profile, stepped down; REVIEW before promotion"
DLC1VQSaint,Impatience of a Saint,200,Gathered Saint Jiub's lost opus pages in the Soul Cairn and returned a trapped soul his life's work,honor_the_dead,Tu'whacca,+,S,echo,"cross-gen candidate: honor_the_dead(C) from the Tu'whacca Part B profile, stepped down; REVIEW before promotion"
DLC1VQSaint,Impatience of a Saint,200,Gathered Saint Jiub's lost opus pages in the Soul Cairn and returned a trapped soul his life's work,honor_the_dead,The Hist,+,m,echo,"cross-gen candidate: honor_the_dead(m) from the The Hist Part B profile, stepped down; REVIEW before promotion"
DLC1SeranaCureSelfQuest,Serana's Cure,200,Serana returned from Falion cured of vampirism,cure_undeath,Arkay,+,m,echo,"cross-gen candidate: cure_undeath(S) from the Arkay Part B profile, stepped down; REVIEW before promotion"
DLC1SeranaCureSelfQuest,Serana's Cure,200,Serana returned from Falion cured of vampirism,cure_undeath,Tu'whacca,+,m,echo,"cross-gen candidate: cure_undeath(m) from the Tu'whacca Part B profile, stepped down; REVIEW before promotion"
DLC1SeranaCureSelfQuest,Serana's Cure,200,Serana returned from Falion cured of vampirism,cure_undeath,Meridia,+,m,echo,"cross-gen candidate: cure_undeath(S) from the Meridia Part B profile, stepped down; REVIEW before promotion"
DLC1SeranaCureSelfQuest,Serana's Cure,200,Serana returned from Falion cured of vampirism,cure_undeath,Hircine,-,m,echo,"cross-gen candidate: cure_undeath(S) from the Hircine Part B profile, stepped down; REVIEW before promotion"
