input_id,batch_id,wave,separator,mod,plugin,plugin_path,evidence_id,evidence_kind,reader_status,record_signature,formid,editor_id,name,quest_expansion_classification,stage_numbers,evidence,signal_counts,proposed_triage,proposed_reason,notes,primary_review_status
f4d29ee75f337e59,NQ069,NQ,Essential - General Fixes,Delphine's Map Reveals Dragon Mounds SE,Delphine's Map Reveals Dragon Mounds.esp,D:\Wabbajack\modlists\ARR 2.5\mods\Delphine's Map Reveals Dragon Mounds SE\Delphine's Map Reveals Dragon Mounds.esp,PLUGIN,PLUGIN-SUMMARY,read,,,,,,,Direct selected-signature reads.,LCTN:4|MISC:1,NO-ROWS,"Primary review: house, interior, settlement, world, or location-overhaul records do not by themselves encode a deliberate player devotional act; no explicit retained interaction survived theology-stretch and double-credit review.",Direct signal candidate enumeration: 5,REJECTED
f4d29ee75f337e59,NQ069,NQ,Essential - General Fixes,Delphine's Map Reveals Dragon Mounds SE,Delphine's Map Reveals Dragon Mounds.esp,D:\Wabbajack\modlists\ARR 2.5\mods\Delphine's Map Reveals Dragon Mounds SE\Delphine's Map Reveals Dragon Mounds.esp,f4d29ee75f337e59|018A48:Skyrim.esm,SIGNAL,read,LCTN,018A48:Skyrim.esm,GraniteHillLocation,,,,Direct selected-signature candidate.,,NO-ROWS,"Primary review: house, interior, settlement, world, or location-overhaul records do not by themselves encode a deliberate player devotional act; no explicit retained interaction survived theology-stretch and double-credit review.",,REJECTED
f4d29ee75f337e59,NQ069,NQ,Essential - General Fixes,Delphine's Map Reveals Dragon Mounds SE,Delphine's Map Reveals Dragon Mounds.esp,D:\Wabbajack\modlists\ARR 2.5\mods\Delphine's Map Reveals Dragon Mounds SE\Delphine's Map Reveals Dragon Mounds.esp,f4d29ee75f337e59|018E30:Skyrim.esm,SIGNAL,read,LCTN,018E30:Skyrim.esm,FrostRiverFarmLocation,,,,Direct selected-signature candidate.,,NO-ROWS,"Primary review: house, interior, settlement, world, or location-overhaul records do not by themselves encode a deliberate player devotional act; no explicit retained interaction survived theology-stretch and double-credit review.",,REJECTED
f4d29ee75f337e59,NQ069,NQ,Essential - General Fixes,Delphine's Map Reveals Dragon Mounds SE,Delphine's Map Reveals Dragon Mounds.esp,D:\Wabbajack\modlists\ARR 2.5\mods\Delphine's Map Reveals Dragon Mounds SE\Delphine's Map Reveals Dragon Mounds.esp,f4d29ee75f337e59|019277:Skyrim.esm,SIGNAL,read,LCTN,019277:Skyrim.esm,MilitaryCampPaleImperialLocation,,,,Direct selected-signature candidate.,,NO-ROWS,"Primary review: house, interior, settlement, world, or location-overhaul records do not by themselves encode a deliberate player devotional act; no explicit retained interaction survived theology-stretch and double-credit review.",,REJECTED
f4d29ee75f337e59,NQ069,NQ,Essential - General Fixes,Delphine's Map Reveals Dragon Mounds SE,Delphine's Map Reveals Dragon Mounds.esp,D:\Wabbajack\modlists\ARR 2.5\mods\Delphine's Map Reveals Dragon Mounds SE\Delphine's Map Reveals Dragon Mounds.esp,f4d29ee75f337e59|0C65B8:Skyrim.esm,SIGNAL,read,LCTN,0C65B8:Skyrim.esm,KynesgroveBurialMoundLocation,,,,Direct selected-signature candidate.,,NO-ROWS,"Primary review: house, interior, settlement, world, or location-overhaul records do not by themselves encode a deliberate player devotional act; no explicit retained interaction survived theology-stretch and double-credit review.",,REJECTED
f4d29ee75f337e59,NQ069,NQ,Essential - General Fixes,Delphine's Map Reveals Dragon Mounds SE,Delphine's Map Reveals Dragon Mounds.esp,D:\Wabbajack\modlists\ARR 2.5\mods\Delphine's Map Reveals Dragon Mounds SE\Delphine's Map Reveals Dragon Mounds.esp,f4d29ee75f337e59|0BBCD5:Skyrim.esm,SIGNAL,read,MISC,0BBCD5:Skyrim.esm,MQ106DragonParchment,,,,Direct selected-signature candidate.,,NO-ROWS,"Primary review: house, interior, settlement, world, or location-overhaul records do not by themselves encode a deliberate player devotional act; no explicit retained interaction survived theology-stretch and double-credit review.",,REJECTED
61b4ccc1aeb4fa05,NQ069,NQ,Essential - General Fixes,Hearthfires Houses Building Fix,Hearthfires Houses Building Fix.esp,D:\Wabbajack\modlists\ARR 2.5\mods\Hearthfires Houses Building Fix\Hearthfires Houses Building Fix.esp,PLUGIN,PLUGIN-SUMMARY,read,,,,,,,Direct selected-signature reads.,MISC:21,NO-ROWS,"Primary review: patch, fix, resource, or asset records are not an authoritative player devotional action source; defining gameplay records are reviewed separately.",Direct signal candidate enumeration: 21,REJECTED
61b4ccc1aeb4fa05,NQ069,NQ,Essential - General Fixes,Hearthfires Houses Building Fix,Hearthfires Houses Building Fix.esp,D:\Wabbajack\modlists\ARR 2.5\mods\Hearthfires Houses Building Fix\Hearthfires Houses Building Fix.esp,61b4ccc1aeb4fa05|00090F:HearthFires.esm,SIGNAL,read,MISC,00090F:HearthFires.esm,BYOHHouseInteriorPart199WallSconceExteriorx2,,,,Direct selected-signature candidate.,,NO-ROWS,"Primary review: patch, fix, resource, or asset records are not an authoritative player devotional action source; defining gameplay records are reviewed separately.",,REJECTED
61b4ccc1aeb4fa05,NQ069,NQ,Essential - General Fixes,Hearthfires Houses Building Fix,Hearthfires Houses Building Fix.esp,D:\Wabbajack\modlists\ARR 2.5\mods\Hearthfires Houses Building Fix\Hearthfires Houses Building Fix.esp,61b4ccc1aeb4fa05|0009BC:HearthFires.esm,SIGNAL,read,MISC,0009BC:HearthFires.esm,BYOHHouseInteriorPart005TableSquareChairs02new,,,,Direct selected-signature candidate.,,NO-ROWS,"Primary review: patch, fix, resource, or asset records are not an authoritative player devotional action source; defining gameplay records are reviewed separately.",,REJECTED
61b4ccc1aeb4fa05,NQ069,NQ,Essential - General Fixes,Hearthfires Houses Building Fix,Hearthfires Houses Building Fix.esp,D:\Wabbajack\modlists\ARR 2.5\mods\Hearthfires Houses Building Fix\Hearthfires Houses Building Fix.esp,61b4ccc1aeb4fa05|00306C:HearthFires.esm,SIGNAL,read,MISC,00306C:HearthFires.esm,BYOHMaterialStoneBlock,,,,Direct selected-signature candidate.,,NO-ROWS,"Primary review: patch, fix, resource, or asset records are not an authoritative player devotional action source; defining gameplay records are reviewed separately.",,REJECTED
61b4ccc1aeb4fa05,NQ069,NQ,Essential - General Fixes,Hearthfires Houses Building Fix,Hearthfires Houses Building Fix.esp,D:\Wabbajack\modlists\ARR 2.5\mods\Hearthfires Houses Building Fix\Hearthfires Houses Building Fix.esp,61b4ccc1aeb4fa05|0031DE:HearthFires.esm,SIGNAL,read,MISC,0031DE:HearthFires.esm,BYOHHousePart104Room3ARoof,,,,Direct selected-signature candidate.,,NO-ROWS,"Primary review: patch, fix, resource, or asset records are not an authoritative player devotional action source; defining gameplay records are reviewed separately.",,REJECTED
61b4ccc1aeb4fa05,NQ069,NQ,Essential - General Fixes,Hearthfires Houses Building Fix,Hearthfires Houses Building Fix.esp,D:\Wabbajack\modlists\ARR 2.5\mods\Hearthfires Houses Building Fix\Hearthfires Houses Building Fix.esp,61b4ccc1aeb4fa05|003747:HearthFires.esm,SIGNAL,read,MISC,003747:HearthFires.esm,BYOHHousePart134Room6ARoof,,,,Direct selected-signature candidate.,,NO-ROWS,"Primary review: patch, fix, resource, or asset records are not an authoritative player devotional action source; defining gameplay records are reviewed separately.",,REJECTED
61b4ccc1aeb4fa05,NQ069,NQ,Essential - General Fixes,Hearthfires Houses Building Fix,Hearthfires Houses Building Fix.esp,D:\Wabbajack\modlists\ARR 2.5\mods\Hearthfires Houses Building Fix\Hearthfires Houses Building Fix.esp,61b4ccc1aeb4fa05|003CD9:HearthFires.esm,SIGNAL,read,MISC,003CD9:HearthFires.esm,BYOHHousePart164Room9ARoof,,,,Direct selected-signature candidate.,,NO-ROWS,"Primary review: patch, fix, resource, or asset records are not an authoritative player devotional action source; defining gameplay records are reviewed separately.",,REJECTED
61b4ccc1aeb4fa05,NQ069,NQ,Essential - General Fixes,Hearthfires Houses Building Fix,Hearthfires Houses Building Fix.esp,D:\Wabbajack\modlists\ARR 2.5\mods\Hearthfires Houses Building Fix\Hearthfires Houses Building Fix.esp,61b4ccc1aeb4fa05|005A1D:HearthFires.esm,SIGNAL,read,MISC,005A1D:HearthFires.esm,BYOHHouseInteriorPart012TableSquareChairs03,,,,Direct selected-signature candidate.,,NO-ROWS,"Primary review: patch, fix, resource, or asset records are not an authoritative player devotional action source; defining gameplay records are reviewed separately.",,REJECTED
61b4ccc1aeb4fa05,NQ069,NQ,Essential - General Fixes,Hearthfires Houses Building Fix,Hearthfires Houses Building Fix.esp,D:\Wabbajack\modlists\ARR 2.5\mods\Hearthfires Houses Building Fix\Hearthfires Houses Building Fix.esp,61b4ccc1aeb4fa05|005A2D:HearthFires.esm,SIGNAL,read,MISC,005A2D:HearthFires.esm,BYOHHouseInteriorPart027DisplayCase01,,,,Direct selected-signature candidate.,,NO-ROWS,"Primary review: patch, fix, resource, or asset records are not an authoritative player devotional action source; defining gameplay records are reviewed separately.",,REJECTED
61b4ccc1aeb4fa05,NQ069,NQ,Essential - General Fixes,Hearthfires Houses Building Fix,Hearthfires Houses Building Fix.esp,D:\Wabbajack\modlists\ARR 2.5\mods\Hearthfires Houses Building Fix\Hearthfires Houses Building Fix.esp,61b4ccc1aeb4fa05|005A55:HearthFires.esm,SIGNAL,read,MISC,005A55:HearthFires.esm,BYOHHouseInteriorPart078TableBenchesExterior,,,,Direct selected-signature candidate.,,NO-ROWS,"Primary review: patch, fix, resource, or asset records are not an authoritative player devotional action source; defining gameplay records are reviewed separately.",,REJECTED
61b4ccc1aeb4fa05,NQ069,NQ,Essential - General Fixes,Hearthfires Houses Building Fix,Hearthfires Houses Building Fix.esp,D:\Wabbajack\modlists\ARR 2.5\mods\Hearthfires Houses Building Fix\Hearthfires Houses Building Fix.esp,61b4ccc1aeb4fa05|008A9F:HearthFires.esm,SIGNAL,read,MISC,008A9F:HearthFires.esm,BYOHHouseInteriorPart085WashbasinExterior01,,,,Direct selected-signature candidate.,,NO-ROWS,"Primary review: patch, fix, resource, or asset records are not an authoritative player devotional action source; defining gameplay records are reviewed separately.",,REJECTED
61b4ccc1aeb4fa05,NQ069,NQ,Essential - General Fixes,Hearthfires Houses Building Fix,Hearthfires Houses Building Fix.esp,D:\Wabbajack\modlists\ARR 2.5\mods\Hearthfires Houses Building Fix\Hearthfires Houses Building Fix.esp,61b4ccc1aeb4fa05|008AA0:HearthFires.esm,SIGNAL,read,MISC,008AA0:HearthFires.esm,BYOHHouseInteriorPart082BenchExterior01,,,,Direct selected-signature candidate.,,NO-ROWS,"Primary review: patch, fix, resource, or asset records are not an authoritative player devotional action source; defining gameplay records are reviewed separately.",,REJECTED
61b4ccc1aeb4fa05,NQ069,NQ,Essential - General Fixes,Hearthfires Houses Building Fix,Hearthfires Houses Building Fix.esp,D:\Wabbajack\modlists\ARR 2.5\mods\Hearthfires Houses Building Fix\Hearthfires Houses Building Fix.esp,61b4ccc1aeb4fa05|008AA1:HearthFires.esm,SIGNAL,read,MISC,008AA1:HearthFires.esm,BYOHHouseInteriorPart083BenchExterior02,,,,Direct selected-signature candidate.,,NO-ROWS,"Primary review: patch, fix, resource, or asset records are not an authoritative player devotional action source; defining gameplay records are reviewed separately.",,REJECTED
61b4ccc1aeb4fa05,NQ069,NQ,Essential - General Fixes,Hearthfires Houses Building Fix,Hearthfires Houses Building Fix.esp,D:\Wabbajack\modlists\ARR 2.5\mods\Hearthfires Houses Building Fix\Hearthfires Houses Building Fix.esp,61b4ccc1aeb4fa05|008AA2:HearthFires.esm,SIGNAL,read,MISC,008AA2:HearthFires.esm,BYOHHouseInteriorPart084BenchExterior03,,,,Direct selected-signature candidate.,,NO-ROWS,"Primary review: patch, fix, resource, or asset records are not an authoritative player devotional action source; defining gameplay records are reviewed separately.",,REJECTED
61b4ccc1aeb4fa05,NQ069,NQ,Essential - General Fixes,Hearthfires Houses Building Fix,Hearthfires Houses Building Fix.esp,D:\Wabbajack\modlists\ARR 2.5\mods\Hearthfires Houses Building Fix\Hearthfires Houses Building Fix.esp,61b4ccc1aeb4fa05|008AA3:HearthFires.esm,SIGNAL,read,MISC,008AA3:HearthFires.esm,BYOHHouseInteriorPart079TableLowExterior01,,,,Direct selected-signature candidate.,,NO-ROWS,"Primary review: patch, fix, resource, or asset records are not an authoritative player devotional action source; defining gameplay records are reviewed separately.",,REJECTED
61b4ccc1aeb4fa05,NQ069,NQ,Essential - General Fixes,Hearthfires Houses Building Fix,Hearthfires Houses Building Fix.esp,D:\Wabbajack\modlists\ARR 2.5\mods\Hearthfires Houses Building Fix\Hearthfires Houses Building Fix.esp,61b4ccc1aeb4fa05|008AA4:HearthFires.esm,SIGNAL,read,MISC,008AA4:HearthFires.esm,BYOHHouseInteriorPart080TableLowExterior02,,,,Direct selected-signature candidate.,,NO-ROWS,"Primary review: patch, fix, resource, or asset records are not an authoritative player devotional action source; defining gameplay records are reviewed separately.",,REJECTED
61b4ccc1aeb4fa05,NQ069,NQ,Essential - General Fixes,Hearthfires Houses Building Fix,Hearthfires Houses Building Fix.esp,D:\Wabbajack\modlists\ARR 2.5\mods\Hearthfires Houses Building Fix\Hearthfires Houses Building Fix.esp,61b4ccc1aeb4fa05|008AA5:HearthFires.esm,SIGNAL,read,MISC,008AA5:HearthFires.esm,BYOHHouseInteriorPart081TableLowExterior03,,,,Direct selected-signature candidate.,,NO-ROWS,"Primary review: patch, fix, resource, or asset records are not an authoritative player devotional action source; defining gameplay records are reviewed separately.",,REJECTED
61b4ccc1aeb4fa05,NQ069,NQ,Essential - General Fixes,Hearthfires Houses Building Fix,Hearthfires Houses Building Fix.esp,D:\Wabbajack\modlists\ARR 2.5\mods\Hearthfires Houses Building Fix\Hearthfires Houses Building Fix.esp,61b4ccc1aeb4fa05|008AB4:HearthFires.esm,SIGNAL,read,MISC,008AB4:HearthFires.esm,BYOHHouseInteriorPart086TableRoundChairsExterior01,,,,Direct selected-signature candidate.,,NO-ROWS,"Primary review: patch, fix, resource, or asset records are not an authoritative player devotional action source; defining gameplay records are reviewed separately.",,REJECTED
61b4ccc1aeb4fa05,NQ069,NQ,Essential - General Fixes,Hearthfires Houses Building Fix,Hearthfires Houses Building Fix.esp,D:\Wabbajack\modlists\ARR 2.5\mods\Hearthfires Houses Building Fix\Hearthfires Houses Building Fix.esp,61b4ccc1aeb4fa05|008AB7:HearthFires.esm,SIGNAL,read,MISC,008AB7:HearthFires.esm,BYOHHouseInteriorPart087TableSquareExterior01,,,,Direct selected-signature candidate.,,NO-ROWS,"Primary review: patch, fix, resource, or asset records are not an authoritative player devotional action source; defining gameplay records are reviewed separately.",,REJECTED
61b4ccc1aeb4fa05,NQ069,NQ,Essential - General Fixes,Hearthfires Houses Building Fix,Hearthfires Houses Building Fix.esp,D:\Wabbajack\modlists\ARR 2.5\mods\Hearthfires Houses Building Fix\Hearthfires Houses Building Fix.esp,61b4ccc1aeb4fa05|008AB8:HearthFires.esm,SIGNAL,read,MISC,008AB8:HearthFires.esm,BYOHHouseInteriorPart088TanningRackExterior01,,,,Direct selected-signature candidate.,,NO-ROWS,"Primary review: patch, fix, resource, or asset records are not an authoritative player devotional action source; defining gameplay records are reviewed separately.",,REJECTED
61b4ccc1aeb4fa05,NQ069,NQ,Essential - General Fixes,Hearthfires Houses Building Fix,Hearthfires Houses Building Fix.esp,D:\Wabbajack\modlists\ARR 2.5\mods\Hearthfires Houses Building Fix\Hearthfires Houses Building Fix.esp,61b4ccc1aeb4fa05|008AB9:HearthFires.esm,SIGNAL,read,MISC,008AB9:HearthFires.esm,BYOHHouseInteriorPart089ArcheryTargetx2Exterior01,,,,Direct selected-signature candidate.,,NO-ROWS,"Primary review: patch, fix, resource, or asset records are not an authoritative player devotional action source; defining gameplay records are reviewed separately.",,REJECTED
61b4ccc1aeb4fa05,NQ069,NQ,Essential - General Fixes,Hearthfires Houses Building Fix,Hearthfires Houses Building Fix.esp,D:\Wabbajack\modlists\ARR 2.5\mods\Hearthfires Houses Building Fix\Hearthfires Houses Building Fix.esp,61b4ccc1aeb4fa05|00C737:HearthFires.esm,SIGNAL,read,MISC,00C737:HearthFires.esm,BYOHHouseInteriorPart140LampStand02,,,,Direct selected-signature candidate.,,NO-ROWS,"Primary review: patch, fix, resource, or asset records are not an authoritative player devotional action source; defining gameplay records are reviewed separately.",,REJECTED
96de4ce9e39f46b9,NQ069,NQ,Essential - General Fixes,Rock Traps Trigger Fixes,Rock Traps Trigger Fixes.esp,D:\Wabbajack\modlists\ARR 2.5\mods\Rock Traps Trigger Fixes\Rock Traps Trigger Fixes.esp,PLUGIN,PLUGIN-SUMMARY,read,,,,,,,Direct selected-signature reads.,ACTI:3,NO-ROWS,"Primary review: patch, fix, resource, or asset records are not an authoritative player devotional action source; defining gameplay records are reviewed separately.",Direct signal candidate enumeration: 3,REJECTED
96de4ce9e39f46b9,NQ069,NQ,Essential - General Fixes,Rock Traps Trigger Fixes,Rock Traps Trigger Fixes.esp,D:\Wabbajack\modlists\ARR 2.5\mods\Rock Traps Trigger Fixes\Rock Traps Trigger Fixes.esp,96de4ce9e39f46b9|000802:Rock Traps Trigger Fixes.esp,SIGNAL,read,ACTI,000802:Rock Traps Trigger Fixes.esp,RockTrapVictimTriggerBox,,,,Direct selected-signature candidate.,,NO-ROWS,"Primary review: patch, fix, resource, or asset records are not an authoritative player devotional action source; defining gameplay records are reviewed separately.",,REJECTED
96de4ce9e39f46b9,NQ069,NQ,Essential - General Fixes,Rock Traps Trigger Fixes,Rock Traps Trigger Fixes.esp,D:\Wabbajack\modlists\ARR 2.5\mods\Rock Traps Trigger Fixes\Rock Traps Trigger Fixes.esp,96de4ce9e39f46b9|000803:Rock Traps Trigger Fixes.esp,SIGNAL,read,ACTI,000803:Rock Traps Trigger Fixes.esp,RockTrapActivatorTriggerBox,,,,Direct selected-signature candidate.,,NO-ROWS,"Primary review: patch, fix, resource, or asset records are not an authoritative player devotional action source; defining gameplay records are reviewed separately.",,REJECTED
96de4ce9e39f46b9,NQ069,NQ,Essential - General Fixes,Rock Traps Trigger Fixes,Rock Traps Trigger Fixes.esp,D:\Wabbajack\modlists\ARR 2.5\mods\Rock Traps Trigger Fixes\Rock Traps Trigger Fixes.esp,96de4ce9e39f46b9|000804:Rock Traps Trigger Fixes.esp,SIGNAL,read,ACTI,000804:Rock Traps Trigger Fixes.esp,dunKnifepointRockTrapActivatorTriggerBox,,,,Direct selected-signature candidate.,,NO-ROWS,"Primary review: patch, fix, resource, or asset records are not an authoritative player devotional action source; defining gameplay records are reviewed separately.",,REJECTED
732b9e88e8842daf,NQ069,NQ,Essential - LOD Tools and Resources,Milfactory Asset Hub,milfactory asset hub.esp,D:\Wabbajack\modlists\ARR 2.5\mods\Milfactory Asset Hub\milfactory asset hub.esp,PLUGIN,PLUGIN-SUMMARY,read,,,,,,,Direct selected-signature reads.,ARMO:4,NO-ROWS,"Primary review: patch, fix, resource, or asset records are not an authoritative player devotional action source; defining gameplay records are reviewed separately.",Direct signal candidate enumeration: 4,REJECTED
732b9e88e8842daf,NQ069,NQ,Essential - LOD Tools and Resources,Milfactory Asset Hub,milfactory asset hub.esp,D:\Wabbajack\modlists\ARR 2.5\mods\Milfactory Asset Hub\milfactory asset hub.esp,732b9e88e8842daf|000811:milfactory asset hub.esp,SIGNAL,read,ARMO,000811:milfactory asset hub.esp,0000_milfactory_skinnaked_smooth,,,,Direct selected-signature candidate.,,NO-ROWS,"Primary review: patch, fix, resource, or asset records are not an authoritative player devotional action source; defining gameplay records are reviewed separately.",,REJECTED
732b9e88e8842daf,NQ069,NQ,Essential - LOD Tools and Resources,Milfactory Asset Hub,milfactory asset hub.esp,D:\Wabbajack\modlists\ARR 2.5\mods\Milfactory Asset Hub\milfactory asset hub.esp,732b9e88e8842daf|000812:milfactory asset hub.esp,SIGNAL,read,ARMO,000812:milfactory asset hub.esp,0000_milfactory_skinnaked_athletic,,,,Direct selected-signature candidate.,,NO-ROWS,"Primary review: patch, fix, resource, or asset records are not an authoritative player devotional action source; defining gameplay records are reviewed separately.",,REJECTED
732b9e88e8842daf,NQ069,NQ,Essential - LOD Tools and Resources,Milfactory Asset Hub,milfactory asset hub.esp,D:\Wabbajack\modlists\ARR 2.5\mods\Milfactory Asset Hub\milfactory asset hub.esp,732b9e88e8842daf|000813:milfactory asset hub.esp,SIGNAL,read,ARMO,000813:milfactory asset hub.esp,0000_milfactory_skinnaked_strong,,,,Direct selected-signature candidate.,,NO-ROWS,"Primary review: patch, fix, resource, or asset records are not an authoritative player devotional action source; defining gameplay records are reviewed separately.",,REJECTED
732b9e88e8842daf,NQ069,NQ,Essential - LOD Tools and Resources,Milfactory Asset Hub,milfactory asset hub.esp,D:\Wabbajack\modlists\ARR 2.5\mods\Milfactory Asset Hub\milfactory asset hub.esp,732b9e88e8842daf|000823:milfactory asset hub.esp,SIGNAL,read,ARMO,000823:milfactory asset hub.esp,0000_milfactory_skinnaked_chubby,,,,Direct selected-signature candidate.,,NO-ROWS,"Primary review: patch, fix, resource, or asset records are not an authoritative player devotional action source; defining gameplay records are reviewed separately.",,REJECTED
d162daa84f14ff86,NQ069,NQ,Essential - LOD Tools and Resources,Nyr Follower Asset Pack,NyrFollowerAssets.esp,D:\Wabbajack\modlists\ARR 2.5\mods\Nyr Follower Asset Pack\NyrFollowerAssets.esp,PLUGIN,PLUGIN-SUMMARY,read,,,,,,,Direct selected-signature reads.,ARMO:38,NO-ROWS,"Primary review: patch, fix, resource, or asset records are not an authoritative player devotional action source; defining gameplay records are reviewed separately.",Direct signal candidate enumeration: 38,REJECTED
d162daa84f14ff86,NQ069,NQ,Essential - LOD Tools and Resources,Nyr Follower Asset Pack,NyrFollowerAssets.esp,D:\Wabbajack\modlists\ARR 2.5\mods\Nyr Follower Asset Pack\NyrFollowerAssets.esp,d162daa84f14ff86|0008A7:NyrFollowerAssets.esp,SIGNAL,read,ARMO,0008A7:NyrFollowerAssets.esp,NYRSkinNakedVampireSoft,,,,Direct selected-signature candidate.,,NO-ROWS,"Primary review: patch, fix, resource, or asset records are not an authoritative player devotional action source; defining gameplay records are reviewed separately.",,REJECTED
d162daa84f14ff86,NQ069,NQ,Essential - LOD Tools and Resources,Nyr Follower Asset Pack,NyrFollowerAssets.esp,D:\Wabbajack\modlists\ARR 2.5\mods\Nyr Follower Asset Pack\NyrFollowerAssets.esp,d162daa84f14ff86|0008A8:NyrFollowerAssets.esp,SIGNAL,read,ARMO,0008A8:NyrFollowerAssets.esp,NYRSkinNakedVampireSporty,,,,Direct selected-signature candidate.,,NO-ROWS,"Primary review: patch, fix, resource, or asset records are not an authoritative player devotional action source; defining gameplay records are reviewed separately.",,REJECTED
d162daa84f14ff86,NQ069,NQ,Essential - LOD Tools and Resources,Nyr Follower Asset Pack,NyrFollowerAssets.esp,D:\Wabbajack\modlists\ARR 2.5\mods\Nyr Follower Asset Pack\NyrFollowerAssets.esp,d162daa84f14ff86|0008A9:NyrFollowerAssets.esp,SIGNAL,read,ARMO,0008A9:NyrFollowerAssets.esp,NYRSkinNakedVampireVigorexia,,,,Direct selected-signature candidate.,,NO-ROWS,"Primary review: patch, fix, resource, or asset records are not an authoritative player devotional action source; defining gameplay records are reviewed separately.",,REJECTED
d162daa84f14ff86,NQ069,NQ,Essential - LOD Tools and Resources,Nyr Follower Asset Pack,NyrFollowerAssets.esp,D:\Wabbajack\modlists\ARR 2.5\mods\Nyr Follower Asset Pack\NyrFollowerAssets.esp,d162daa84f14ff86|000805:NyrFollowerAssets.esp,SIGNAL,read,ARMO,000805:NyrFollowerAssets.esp,NYRSkinNaked,,,,Direct selected-signature candidate.,,NO-ROWS,"Primary review: patch, fix, resource, or asset records are not an authoritative player devotional action source; defining gameplay records are reviewed separately.",,REJECTED
d162daa84f14ff86,NQ069,NQ,Essential - LOD Tools and Resources,Nyr Follower Asset Pack,NyrFollowerAssets.esp,D:\Wabbajack\modlists\ARR 2.5\mods\Nyr Follower Asset Pack\NyrFollowerAssets.esp,d162daa84f14ff86|000815:NyrFollowerAssets.esp,SIGNAL,read,ARMO,000815:NyrFollowerAssets.esp,NYRElderSkinNaked,,,,Direct selected-signature candidate.,,NO-ROWS,"Primary review: patch, fix, resource, or asset records are not an authoritative player devotional action source; defining gameplay records are reviewed separately.",,REJECTED
d162daa84f14ff86,NQ069,NQ,Essential - LOD Tools and Resources,Nyr Follower Asset Pack,NyrFollowerAssets.esp,D:\Wabbajack\modlists\ARR 2.5\mods\Nyr Follower Asset Pack\NyrFollowerAssets.esp,d162daa84f14ff86|000826:NyrFollowerAssets.esp,SIGNAL,read,ARMO,000826:NyrFollowerAssets.esp,NYRSkinNakedRedguardVigorexia,,,,Direct selected-signature candidate.,,NO-ROWS,"Primary review: patch, fix, resource, or asset records are not an authoritative player devotional action source; defining gameplay records are reviewed separately.",,REJECTED
d162daa84f14ff86,NQ069,NQ,Essential - LOD Tools and Resources,Nyr Follower Asset Pack,NyrFollowerAssets.esp,D:\Wabbajack\modlists\ARR 2.5\mods\Nyr Follower Asset Pack\NyrFollowerAssets.esp,d162daa84f14ff86|000827:NyrFollowerAssets.esp,SIGNAL,read,ARMO,000827:NyrFollowerAssets.esp,NYRSkinNakedRedguardDovakini,,,,Direct selected-signature candidate.,,NO-ROWS,"Primary review: patch, fix, resource, or asset records are not an authoritative player devotional action source; defining gameplay records are reviewed separately.",,REJECTED
d162daa84f14ff86,NQ069,NQ,Essential - LOD Tools and Resources,Nyr Follower Asset Pack,NyrFollowerAssets.esp,D:\Wabbajack\modlists\ARR 2.5\mods\Nyr Follower Asset Pack\NyrFollowerAssets.esp,d162daa84f14ff86|000828:NyrFollowerAssets.esp,SIGNAL,read,ARMO,000828:NyrFollowerAssets.esp,NYRSkinNakedRedguardSporty,,,,Direct selected-signature candidate.,,NO-ROWS,"Primary review: patch, fix, resource, or asset records are not an authoritative player devotional action source; defining gameplay records are reviewed separately.",,REJECTED
d162daa84f14ff86,NQ069,NQ,Essential - LOD Tools and Resources,Nyr Follower Asset Pack,NyrFollowerAssets.esp,D:\Wabbajack\modlists\ARR 2.5\mods\Nyr Follower Asset Pack\NyrFollowerAssets.esp,d162daa84f14ff86|000829:NyrFollowerAssets.esp,SIGNAL,read,ARMO,000829:NyrFollowerAssets.esp,NYRSkinNakedRedguardSoft,,,,Direct selected-signature candidate.,,NO-ROWS,"Primary review: patch, fix, resource, or asset records are not an authoritative player devotional action source; defining gameplay records are reviewed separately.",,REJECTED
d162daa84f14ff86,NQ069,NQ,Essential - LOD Tools and Resources,Nyr Follower Asset Pack,NyrFollowerAssets.esp,D:\Wabbajack\modlists\ARR 2.5\mods\Nyr Follower Asset Pack\NyrFollowerAssets.esp,d162daa84f14ff86|000836:NyrFollowerAssets.esp,SIGNAL,read,ARMO,000836:NyrFollowerAssets.esp,NYRSkinNakedAltmerVigorexia,,,,Direct selected-signature candidate.,,NO-ROWS,"Primary review: patch, fix, resource, or asset records are not an authoritative player devotional action source; defining gameplay records are reviewed separately.",,REJECTED
d162daa84f14ff86,NQ069,NQ,Essential - LOD Tools and Resources,Nyr Follower Asset Pack,NyrFollowerAssets.esp,D:\Wabbajack\modlists\ARR 2.5\mods\Nyr Follower Asset Pack\NyrFollowerAssets.esp,d162daa84f14ff86|000837:NyrFollowerAssets.esp,SIGNAL,read,ARMO,000837:NyrFollowerAssets.esp,NYRSkinNakedAltmerDovakini,,,,Direct selected-signature candidate.,,NO-ROWS,"Primary review: patch, fix, resource, or asset records are not an authoritative player devotional action source; defining gameplay records are reviewed separately.",,REJECTED
d162daa84f14ff86,NQ069,NQ,Essential - LOD Tools and Resources,Nyr Follower Asset Pack,NyrFollowerAssets.esp,D:\Wabbajack\modlists\ARR 2.5\mods\Nyr Follower Asset Pack\NyrFollowerAssets.esp,d162daa84f14ff86|000838:NyrFollowerAssets.esp,SIGNAL,read,ARMO,000838:NyrFollowerAssets.esp,NYRSkinNakedAltmerSporty,,,,Direct selected-signature candidate.,,NO-ROWS,"Primary review: patch, fix, resource, or asset records are not an authoritative player devotional action source; defining gameplay records are reviewed separately.",,REJECTED
d162daa84f14ff86,NQ069,NQ,Essential - LOD Tools and Resources,Nyr Follower Asset Pack,NyrFollowerAssets.esp,D:\Wabbajack\modlists\ARR 2.5\mods\Nyr Follower Asset Pack\NyrFollowerAssets.esp,d162daa84f14ff86|000839:NyrFollowerAssets.esp,SIGNAL,read,ARMO,000839:NyrFollowerAssets.esp,NYRSkinNakedAltmerSoft,,,,Direct selected-signature candidate.,,NO-ROWS,"Primary review: patch, fix, resource, or asset records are not an authoritative player devotional action source; defining gameplay records are reviewed separately.",,REJECTED
d162daa84f14ff86,NQ069,NQ,Essential - LOD Tools and Resources,Nyr Follower Asset Pack,NyrFollowerAssets.esp,D:\Wabbajack\modlists\ARR 2.5\mods\Nyr Follower Asset Pack\NyrFollowerAssets.esp,d162daa84f14ff86|000846:NyrFollowerAssets.esp,SIGNAL,read,ARMO,000846:NyrFollowerAssets.esp,NYRSkinNakedDunmerDovakini,,,,Direct selected-signature candidate.,,NO-ROWS,"Primary review: patch, fix, resource, or asset records are not an authoritative player devotional action source; defining gameplay records are reviewed separately.",,REJECTED
d162daa84f14ff86,NQ069,NQ,Essential - LOD Tools and Resources,Nyr Follower Asset Pack,NyrFollowerAssets.esp,D:\Wabbajack\modlists\ARR 2.5\mods\Nyr Follower Asset Pack\NyrFollowerAssets.esp,d162daa84f14ff86|000847:NyrFollowerAssets.esp,SIGNAL,read,ARMO,000847:NyrFollowerAssets.esp,NYRSkinNakedDunmerSoft,,,,Direct selected-signature candidate.,,NO-ROWS,"Primary review: patch, fix, resource, or asset records are not an authoritative player devotional action source; defining gameplay records are reviewed separately.",,REJECTED
d162daa84f14ff86,NQ069,NQ,Essential - LOD Tools and Resources,Nyr Follower Asset Pack,NyrFollowerAssets.esp,D:\Wabbajack\modlists\ARR 2.5\mods\Nyr Follower Asset Pack\NyrFollowerAssets.esp,d162daa84f14ff86|000848:NyrFollowerAssets.esp,SIGNAL,read,ARMO,000848:NyrFollowerAssets.esp,NYRSkinNakedDunmerSporty,,,,Direct selected-signature candidate.,,NO-ROWS,"Primary review: patch, fix, resource, or asset records are not an authoritative player devotional action source; defining gameplay records are reviewed separately.",,REJECTED
d162daa84f14ff86,NQ069,NQ,Essential - LOD Tools and Resources,Nyr Follower Asset Pack,NyrFollowerAssets.esp,D:\Wabbajack\modlists\ARR 2.5\mods\Nyr Follower Asset Pack\NyrFollowerAssets.esp,d162daa84f14ff86|000849:NyrFollowerAssets.esp,SIGNAL,read,ARMO,000849:NyrFollowerAssets.esp,NYRSkinNakedDunmerVigorexia,,,,Direct selected-signature candidate.,,NO-ROWS,"Primary review: patch, fix, resource, or asset records are not an authoritative player devotional action source; defining gameplay records are reviewed separately.",,REJECTED
d162daa84f14ff86,NQ069,NQ,Essential - LOD Tools and Resources,Nyr Follower Asset Pack,NyrFollowerAssets.esp,D:\Wabbajack\modlists\ARR 2.5\mods\Nyr Follower Asset Pack\NyrFollowerAssets.esp,d162daa84f14ff86|000856:NyrFollowerAssets.esp,SIGNAL,read,ARMO,000856:NyrFollowerAssets.esp,NYRSkinNakedBretonDovakini,,,,Direct selected-signature candidate.,,NO-ROWS,"Primary review: patch, fix, resource, or asset records are not an authoritative player devotional action source; defining gameplay records are reviewed separately.",,REJECTED
d162daa84f14ff86,NQ069,NQ,Essential - LOD Tools and Resources,Nyr Follower Asset Pack,NyrFollowerAssets.esp,D:\Wabbajack\modlists\ARR 2.5\mods\Nyr Follower Asset Pack\NyrFollowerAssets.esp,d162daa84f14ff86|000857:NyrFollowerAssets.esp,SIGNAL,read,ARMO,000857:NyrFollowerAssets.esp,NYRSkinNakedBretonSoft,,,,Direct selected-signature candidate.,,NO-ROWS,"Primary review: patch, fix, resource, or asset records are not an authoritative player devotional action source; defining gameplay records are reviewed separately.",,REJECTED
d162daa84f14ff86,NQ069,NQ,Essential - LOD Tools and Resources,Nyr Follower Asset Pack,NyrFollowerAssets.esp,D:\Wabbajack\modlists\ARR 2.5\mods\Nyr Follower Asset Pack\NyrFollowerAssets.esp,d162daa84f14ff86|000858:NyrFollowerAssets.esp,SIGNAL,read,ARMO,000858:NyrFollowerAssets.esp,NYRSkinNakedBretonSporty,,,,Direct selected-signature candidate.,,NO-ROWS,"Primary review: patch, fix, resource, or asset records are not an authoritative player devotional action source; defining gameplay records are reviewed separately.",,REJECTED
d162daa84f14ff86,NQ069,NQ,Essential - LOD Tools and Resources,Nyr Follower Asset Pack,NyrFollowerAssets.esp,D:\Wabbajack\modlists\ARR 2.5\mods\Nyr Follower Asset Pack\NyrFollowerAssets.esp,d162daa84f14ff86|000859:NyrFollowerAssets.esp,SIGNAL,read,ARMO,000859:NyrFollowerAssets.esp,NYRSkinNakedBretonVigorexia,,,,Direct selected-signature candidate.,,NO-ROWS,"Primary review: patch, fix, resource, or asset records are not an authoritative player devotional action source; defining gameplay records are reviewed separately.",,REJECTED
d162daa84f14ff86,NQ069,NQ,Essential - LOD Tools and Resources,Nyr Follower Asset Pack,NyrFollowerAssets.esp,D:\Wabbajack\modlists\ARR 2.5\mods\Nyr Follower Asset Pack\NyrFollowerAssets.esp,d162daa84f14ff86|000866:NyrFollowerAssets.esp,SIGNAL,read,ARMO,000866:NyrFollowerAssets.esp,NYRSkinNakedOrsimerDovakini,,,,Direct selected-signature candidate.,,NO-ROWS,"Primary review: patch, fix, resource, or asset records are not an authoritative player devotional action source; defining gameplay records are reviewed separately.",,REJECTED
d162daa84f14ff86,NQ069,NQ,Essential - LOD Tools and Resources,Nyr Follower Asset Pack,NyrFollowerAssets.esp,D:\Wabbajack\modlists\ARR 2.5\mods\Nyr Follower Asset Pack\NyrFollowerAssets.esp,d162daa84f14ff86|000867:NyrFollowerAssets.esp,SIGNAL,read,ARMO,000867:NyrFollowerAssets.esp,NYRSkinNakedOrsimerSoft,,,,Direct selected-signature candidate.,,NO-ROWS,"Primary review: patch, fix, resource, or asset records are not an authoritative player devotional action source; defining gameplay records are reviewed separately.",,REJECTED
d162daa84f14ff86,NQ069,NQ,Essential - LOD Tools and Resources,Nyr Follower Asset Pack,NyrFollowerAssets.esp,D:\Wabbajack\modlists\ARR 2.5\mods\Nyr Follower Asset Pack\NyrFollowerAssets.esp,d162daa84f14ff86|000868:NyrFollowerAssets.esp,SIGNAL,read,ARMO,000868:NyrFollowerAssets.esp,NYRSkinNakedOrsimerSporty,,,,Direct selected-signature candidate.,,NO-ROWS,"Primary review: patch, fix, resource, or asset records are not an authoritative player devotional action source; defining gameplay records are reviewed separately.",,REJECTED
d162daa84f14ff86,NQ069,NQ,Essential - LOD Tools and Resources,Nyr Follower Asset Pack,NyrFollowerAssets.esp,D:\Wabbajack\modlists\ARR 2.5\mods\Nyr Follower Asset Pack\NyrFollowerAssets.esp,d162daa84f14ff86|000869:NyrFollowerAssets.esp,SIGNAL,read,ARMO,000869:NyrFollowerAssets.esp,NYRSkinNakedOrsimerVigorexia,,,,Direct selected-signature candidate.,,NO-ROWS,"Primary review: patch, fix, resource, or asset records are not an authoritative player devotional action source; defining gameplay records are reviewed separately.",,REJECTED
d162daa84f14ff86,NQ069,NQ,Essential - LOD Tools and Resources,Nyr Follower Asset Pack,NyrFollowerAssets.esp,D:\Wabbajack\modlists\ARR 2.5\mods\Nyr Follower Asset Pack\NyrFollowerAssets.esp,d162daa84f14ff86|000876:NyrFollowerAssets.esp,SIGNAL,read,ARMO,000876:NyrFollowerAssets.esp,NYRSkinNakedBosmerDovakini,,,,Direct selected-signature candidate.,,NO-ROWS,"Primary review: patch, fix, resource, or asset records are not an authoritative player devotional action source; defining gameplay records are reviewed separately.",,REJECTED
d162daa84f14ff86,NQ069,NQ,Essential - LOD Tools and Resources,Nyr Follower Asset Pack,NyrFollowerAssets.esp,D:\Wabbajack\modlists\ARR 2.5\mods\Nyr Follower Asset Pack\NyrFollowerAssets.esp,d162daa84f14ff86|000877:NyrFollowerAssets.esp,SIGNAL,read,ARMO,000877:NyrFollowerAssets.esp,NYRSkinNakedBosmerSoft,,,,Direct selected-signature candidate.,,NO-ROWS,"Primary review: patch, fix, resource, or asset records are not an authoritative player devotional action source; defining gameplay records are reviewed separately.",,REJECTED
d162daa84f14ff86,NQ069,NQ,Essential - LOD Tools and Resources,Nyr Follower Asset Pack,NyrFollowerAssets.esp,D:\Wabbajack\modlists\ARR 2.5\mods\Nyr Follower Asset Pack\NyrFollowerAssets.esp,d162daa84f14ff86|000878:NyrFollowerAssets.esp,SIGNAL,read,ARMO,000878:NyrFollowerAssets.esp,NYRSkinNakedBosmerSporty,,,,Direct selected-signature candidate.,,NO-ROWS,"Primary review: patch, fix, resource, or asset records are not an authoritative player devotional action source; defining gameplay records are reviewed separately.",,REJECTED
d162daa84f14ff86,NQ069,NQ,Essential - LOD Tools and Resources,Nyr Follower Asset Pack,NyrFollowerAssets.esp,D:\Wabbajack\modlists\ARR 2.5\mods\Nyr Follower Asset Pack\NyrFollowerAssets.esp,d162daa84f14ff86|000879:NyrFollowerAssets.esp,SIGNAL,read,ARMO,000879:NyrFollowerAssets.esp,NYRSkinNakedBosmerVigorexia,,,,Direct selected-signature candidate.,,NO-ROWS,"Primary review: patch, fix, resource, or asset records are not an authoritative player devotional action source; defining gameplay records are reviewed separately.",,REJECTED
d162daa84f14ff86,NQ069,NQ,Essential - LOD Tools and Resources,Nyr Follower Asset Pack,NyrFollowerAssets.esp,D:\Wabbajack\modlists\ARR 2.5\mods\Nyr Follower Asset Pack\NyrFollowerAssets.esp,d162daa84f14ff86|000886:NyrFollowerAssets.esp,SIGNAL,read,ARMO,000886:NyrFollowerAssets.esp,NYRSkinNakedImperialDovakini,,,,Direct selected-signature candidate.,,NO-ROWS,"Primary review: patch, fix, resource, or asset records are not an authoritative player devotional action source; defining gameplay records are reviewed separately.",,REJECTED
d162daa84f14ff86,NQ069,NQ,Essential - LOD Tools and Resources,Nyr Follower Asset Pack,NyrFollowerAssets.esp,D:\Wabbajack\modlists\ARR 2.5\mods\Nyr Follower Asset Pack\NyrFollowerAssets.esp,d162daa84f14ff86|000887:NyrFollowerAssets.esp,SIGNAL,read,ARMO,000887:NyrFollowerAssets.esp,NYRSkinNakedImperialSoft,,,,Direct selected-signature candidate.,,NO-ROWS,"Primary review: patch, fix, resource, or asset records are not an authoritative player devotional action source; defining gameplay records are reviewed separately.",,REJECTED
d162daa84f14ff86,NQ069,NQ,Essential - LOD Tools and Resources,Nyr Follower Asset Pack,NyrFollowerAssets.esp,D:\Wabbajack\modlists\ARR 2.5\mods\Nyr Follower Asset Pack\NyrFollowerAssets.esp,d162daa84f14ff86|000888:NyrFollowerAssets.esp,SIGNAL,read,ARMO,000888:NyrFollowerAssets.esp,NYRSkinNakedImperialSporty,,,,Direct selected-signature candidate.,,NO-ROWS,"Primary review: patch, fix, resource, or asset records are not an authoritative player devotional action source; defining gameplay records are reviewed separately.",,REJECTED
d162daa84f14ff86,NQ069,NQ,Essential - LOD Tools and Resources,Nyr Follower Asset Pack,NyrFollowerAssets.esp,D:\Wabbajack\modlists\ARR 2.5\mods\Nyr Follower Asset Pack\NyrFollowerAssets.esp,d162daa84f14ff86|000889:NyrFollowerAssets.esp,SIGNAL,read,ARMO,000889:NyrFollowerAssets.esp,NYRSkinNakedImperialVigorexia,,,,Direct selected-signature candidate.,,NO-ROWS,"Primary review: patch, fix, resource, or asset records are not an authoritative player devotional action source; defining gameplay records are reviewed separately.",,REJECTED
d162daa84f14ff86,NQ069,NQ,Essential - LOD Tools and Resources,Nyr Follower Asset Pack,NyrFollowerAssets.esp,D:\Wabbajack\modlists\ARR 2.5\mods\Nyr Follower Asset Pack\NyrFollowerAssets.esp,d162daa84f14ff86|000896:NyrFollowerAssets.esp,SIGNAL,read,ARMO,000896:NyrFollowerAssets.esp,NYRSkinNakedNordDovakini,,,,Direct selected-signature candidate.,,NO-ROWS,"Primary review: patch, fix, resource, or asset records are not an authoritative player devotional action source; defining gameplay records are reviewed separately.",,REJECTED
d162daa84f14ff86,NQ069,NQ,Essential - LOD Tools and Resources,Nyr Follower Asset Pack,NyrFollowerAssets.esp,D:\Wabbajack\modlists\ARR 2.5\mods\Nyr Follower Asset Pack\NyrFollowerAssets.esp,d162daa84f14ff86|000897:NyrFollowerAssets.esp,SIGNAL,read,ARMO,000897:NyrFollowerAssets.esp,NYRSkinNakedNordSoft,,,,Direct selected-signature candidate.,,NO-ROWS,"Primary review: patch, fix, resource, or asset records are not an authoritative player devotional action source; defining gameplay records are reviewed separately.",,REJECTED
d162daa84f14ff86,NQ069,NQ,Essential - LOD Tools and Resources,Nyr Follower Asset Pack,NyrFollowerAssets.esp,D:\Wabbajack\modlists\ARR 2.5\mods\Nyr Follower Asset Pack\NyrFollowerAssets.esp,d162daa84f14ff86|000898:NyrFollowerAssets.esp,SIGNAL,read,ARMO,000898:NyrFollowerAssets.esp,NYRSkinNakedNordSporty,,,,Direct selected-signature candidate.,,NO-ROWS,"Primary review: patch, fix, resource, or asset records are not an authoritative player devotional action source; defining gameplay records are reviewed separately.",,REJECTED
d162daa84f14ff86,NQ069,NQ,Essential - LOD Tools and Resources,Nyr Follower Asset Pack,NyrFollowerAssets.esp,D:\Wabbajack\modlists\ARR 2.5\mods\Nyr Follower Asset Pack\NyrFollowerAssets.esp,d162daa84f14ff86|000899:NyrFollowerAssets.esp,SIGNAL,read,ARMO,000899:NyrFollowerAssets.esp,NYRSkinNakedNordVigorexia,,,,Direct selected-signature candidate.,,NO-ROWS,"Primary review: patch, fix, resource, or asset records are not an authoritative player devotional action source; defining gameplay records are reviewed separately.",,REJECTED
d162daa84f14ff86,NQ069,NQ,Essential - LOD Tools and Resources,Nyr Follower Asset Pack,NyrFollowerAssets.esp,D:\Wabbajack\modlists\ARR 2.5\mods\Nyr Follower Asset Pack\NyrFollowerAssets.esp,d162daa84f14ff86|0008A6:NyrFollowerAssets.esp,SIGNAL,read,ARMO,0008A6:NyrFollowerAssets.esp,NYRSkinNakedVampireDovakini,,,,Direct selected-signature candidate.,,NO-ROWS,"Primary review: patch, fix, resource, or asset records are not an authoritative player devotional action source; defining gameplay records are reviewed separately.",,REJECTED
41ebab23109729b7,NQ069,NQ,Essential - LOD Tools and Resources,Snazzy Location Resources,Snazzy Location Resources.esp,D:\Wabbajack\modlists\ARR 2.5\mods\Snazzy Location Resources\Snazzy Location Resources.esp,PLUGIN,PLUGIN-SUMMARY,read,,,,,,,Direct selected-signature reads.,ACTI:1|BOOK:1|CONT:40|DOOR:17|LCTN:3|MISC:49|SPEL:1|TREE:1,NO-ROWS,"Primary review: patch, fix, resource, or asset records are not an authoritative player devotional action source; defining gameplay records are reviewed separately.",Direct signal candidate enumeration: 113,REJECTED
41ebab23109729b7,NQ069,NQ,Essential - LOD Tools and Resources,Snazzy Location Resources,Snazzy Location Resources.esp,D:\Wabbajack\modlists\ARR 2.5\mods\Snazzy Location Resources\Snazzy Location Resources.esp,41ebab23109729b7|042797:Snazzy Location Resources.esp,SIGNAL,read,ACTI,042797:Snazzy Location Resources.esp,GM_LargeRainBarrelWater01A,,,,Direct selected-signature candidate.,,NO-ROWS,"Primary review: patch, fix, resource, or asset records are not an authoritative player devotional action source; defining gameplay records are reviewed separately.",,REJECTED
41ebab23109729b7,NQ069,NQ,Essential - LOD Tools and Resources,Snazzy Location Resources,Snazzy Location Resources.esp,D:\Wabbajack\modlists\ARR 2.5\mods\Snazzy Location Resources\Snazzy Location Resources.esp,41ebab23109729b7|05CE28:Snazzy Location Resources.esp,SIGNAL,read,BOOK,05CE28:Snazzy Location Resources.esp,GM_RecipeSpecialInkNOTE01,,,,Direct selected-signature candidate.,,NO-ROWS,"Primary review: patch, fix, resource, or asset records are not an authoritative player devotional action source; defining gameplay records are reviewed separately.",,REJECTED
41ebab23109729b7,NQ069,NQ,Essential - LOD Tools and Resources,Snazzy Location Resources,Snazzy Location Resources.esp,D:\Wabbajack\modlists\ARR 2.5\mods\Snazzy Location Resources\Snazzy Location Resources.esp,41ebab23109729b7|00FB7E:Snazzy Location Resources.esp,SIGNAL,read,CONT,00FB7E:Snazzy Location Resources.esp,GM_DragonsreachWineCabinet01A_NoRespawnDUPLICATE001,,,,Direct selected-signature candidate.,,NO-ROWS,"Primary review: patch, fix, resource, or asset records are not an authoritative player devotional action source; defining gameplay records are reviewed separately.",,REJECTED
41ebab23109729b7,NQ069,NQ,Essential - LOD Tools and Resources,Snazzy Location Resources,Snazzy Location Resources.esp,D:\Wabbajack\modlists\ARR 2.5\mods\Snazzy Location Resources\Snazzy Location Resources.esp,41ebab23109729b7|00FB7F:Snazzy Location Resources.esp,SIGNAL,read,CONT,00FB7F:Snazzy Location Resources.esp,GM_DragonsreachWineCabinet01A,,,,Direct selected-signature candidate.,,NO-ROWS,"Primary review: patch, fix, resource, or asset records are not an authoritative player devotional action source; defining gameplay records are reviewed separately.",,REJECTED
41ebab23109729b7,NQ069,NQ,Essential - LOD Tools and Resources,Snazzy Location Resources,Snazzy Location Resources.esp,D:\Wabbajack\modlists\ARR 2.5\mods\Snazzy Location Resources\Snazzy Location Resources.esp,41ebab23109729b7|00FB80:Snazzy Location Resources.esp,SIGNAL,read,CONT,00FB80:Snazzy Location Resources.esp,GM_DragonsreachWineCabinet01B,,,,Direct selected-signature candidate.,,NO-ROWS,"Primary review: patch, fix, resource, or asset records are not an authoritative player devotional action source; defining gameplay records are reviewed separately.",,REJECTED
41ebab23109729b7,NQ069,NQ,Essential - LOD Tools and Resources,Snazzy Location Resources,Snazzy Location Resources.esp,D:\Wabbajack\modlists\ARR 2.5\mods\Snazzy Location Resources\Snazzy Location Resources.esp,41ebab23109729b7|00FB81:Snazzy Location Resources.esp,SIGNAL,read,CONT,00FB81:Snazzy Location Resources.esp,GM_TreasRuinsUrnSmall01Ingredients,,,,Direct selected-signature candidate.,,NO-ROWS,"Primary review: patch, fix, resource, or asset records are not an authoritative player devotional action source; defining gameplay records are reviewed separately.",,REJECTED
41ebab23109729b7,NQ069,NQ,Essential - LOD Tools and Resources,Snazzy Location Resources,Snazzy Location Resources.esp,D:\Wabbajack\modlists\ARR 2.5\mods\Snazzy Location Resources\Snazzy Location Resources.esp,41ebab23109729b7|00FB79:Snazzy Location Resources.esp,SIGNAL,read,CONT,00FB79:Snazzy Location Resources.esp,GM_DragonsreachWineCabinet01A_NoRespawn,,,,Direct selected-signature candidate.,,NO-ROWS,"Primary review: patch, fix, resource, or asset records are not an authoritative player devotional action source; defining gameplay records are reviewed separately.",,REJECTED
41ebab23109729b7,NQ069,NQ,Essential - LOD Tools and Resources,Snazzy Location Resources,Snazzy Location Resources.esp,D:\Wabbajack\modlists\ARR 2.5\mods\Snazzy Location Resources\Snazzy Location Resources.esp,41ebab23109729b7|00FB7A:Snazzy Location Resources.esp,SIGNAL,read,CONT,00FB7A:Snazzy Location Resources.esp,GM_TreasRuinsUrnLarge01Ingredients,,,,Direct selected-signature candidate.,,NO-ROWS,"Primary review: patch, fix, resource, or asset records are not an authoritative player devotional action source; defining gameplay records are reviewed separately.",,REJECTED
41ebab23109729b7,NQ069,NQ,Essential - LOD Tools and Resources,Snazzy Location Resources,Snazzy Location Resources.esp,D:\Wabbajack\modlists\ARR 2.5\mods\Snazzy Location Resources\Snazzy Location Resources.esp,41ebab23109729b7|00FB7B:Snazzy Location Resources.esp,SIGNAL,read,CONT,00FB7B:Snazzy Location Resources.esp,GM_TreasRuinsUrnSmall01Potions,,,,Direct selected-signature candidate.,,NO-ROWS,"Primary review: patch, fix, resource, or asset records are not an authoritative player devotional action source; defining gameplay records are reviewed separately.",,REJECTED
41ebab23109729b7,NQ069,NQ,Essential - LOD Tools and Resources,Snazzy Location Resources,Snazzy Location Resources.esp,D:\Wabbajack\modlists\ARR 2.5\mods\Snazzy Location Resources\Snazzy Location Resources.esp,41ebab23109729b7|00FB7C:Snazzy Location Resources.esp,SIGNAL,read,CONT,00FB7C:Snazzy Location Resources.esp,GM_TreasRuinsUrnLarge01Enchanting,,,,Direct selected-signature candidate.,,NO-ROWS,"Primary review: patch, fix, resource, or asset records are not an authoritative player devotional action source; defining gameplay records are reviewed separately.",,REJECTED
41ebab23109729b7,NQ069,NQ,Essential - LOD Tools and Resources,Snazzy Location Resources,Snazzy Location Resources.esp,D:\Wabbajack\modlists\ARR 2.5\mods\Snazzy Location Resources\Snazzy Location Resources.esp,41ebab23109729b7|00FB7D:Snazzy Location Resources.esp,SIGNAL,read,CONT,00FB7D:Snazzy Location Resources.esp,GM_TreasRuinsUrnSmall02Enchanting,,,,Direct selected-signature candidate.,,NO-ROWS,"Primary review: patch, fix, resource, or asset records are not an authoritative player devotional action source; defining gameplay records are reviewed separately.",,REJECTED
41ebab23109729b7,NQ069,NQ,Essential - LOD Tools and Resources,Snazzy Location Resources,Snazzy Location Resources.esp,D:\Wabbajack\modlists\ARR 2.5\mods\Snazzy Location Resources\Snazzy Location Resources.esp,41ebab23109729b7|00FB86:Snazzy Location Resources.esp,SIGNAL,read,CONT,00FB86:Snazzy Location Resources.esp,GM_TreasRuinsUrnSmall01Ingredients_NoRespawn,,,,Direct selected-signature candidate.,,NO-ROWS,"Primary review: patch, fix, resource, or asset records are not an authoritative player devotional action source; defining gameplay records are reviewed separately.",,REJECTED
41ebab23109729b7,NQ069,NQ,Essential - LOD Tools and Resources,Snazzy Location Resources,Snazzy Location Resources.esp,D:\Wabbajack\modlists\ARR 2.5\mods\Snazzy Location Resources\Snazzy Location Resources.esp,41ebab23109729b7|00FB87:Snazzy Location Resources.esp,SIGNAL,read,CONT,00FB87:Snazzy Location Resources.esp,GM_TreasRuinsUrnSmall01Potions_NoRespawn,,,,Direct selected-signature candidate.,,NO-ROWS,"Primary review: patch, fix, resource, or asset records are not an authoritative player devotional action source; defining gameplay records are reviewed separately.",,REJECTED
41ebab23109729b7,NQ069,NQ,Essential - LOD Tools and Resources,Snazzy Location Resources,Snazzy Location Resources.esp,D:\Wabbajack\modlists\ARR 2.5\mods\Snazzy Location Resources\Snazzy Location Resources.esp,41ebab23109729b7|00FB88:Snazzy Location Resources.esp,SIGNAL,read,CONT,00FB88:Snazzy Location Resources.esp,GM_TreasRuinsUrnSmall02Enchanting_NoRespawn,,,,Direct selected-signature candidate.,,NO-ROWS,"Primary review: patch, fix, resource, or asset records are not an authoritative player devotional action source; defining gameplay records are reviewed separately.",,REJECTED
41ebab23109729b7,NQ069,NQ,Essential - LOD Tools and Resources,Snazzy Location Resources,Snazzy Location Resources.esp,D:\Wabbajack\modlists\ARR 2.5\mods\Snazzy Location Resources\Snazzy Location Resources.esp,41ebab23109729b7|00FB8D:Snazzy Location Resources.esp,SIGNAL,read,CONT,00FB8D:Snazzy Location Resources.esp,GM_Cupboard01Smithing,,,,Direct selected-signature candidate.,,NO-ROWS,"Primary review: patch, fix, resource, or asset records are not an authoritative player devotional action source; defining gameplay records are reviewed separately.",,REJECTED
41ebab23109729b7,NQ069,NQ,Essential - LOD Tools and Resources,Snazzy Location Resources,Snazzy Location Resources.esp,D:\Wabbajack\modlists\ARR 2.5\mods\Snazzy Location Resources\Snazzy Location Resources.esp,41ebab23109729b7|00FB8E:Snazzy Location Resources.esp,SIGNAL,read,CONT,00FB8E:Snazzy Location Resources.esp,GM_SlidingDoor01_FoodStorage,,,,Direct selected-signature candidate.,,NO-ROWS,"Primary review: patch, fix, resource, or asset records are not an authoritative player devotional action source; defining gameplay records are reviewed separately.",,REJECTED
41ebab23109729b7,NQ069,NQ,Essential - LOD Tools and Resources,Snazzy Location Resources,Snazzy Location Resources.esp,D:\Wabbajack\modlists\ARR 2.5\mods\Snazzy Location Resources\Snazzy Location Resources.esp,41ebab23109729b7|00FB8F:Snazzy Location Resources.esp,SIGNAL,read,CONT,00FB8F:Snazzy Location Resources.esp,GM_LeatherworkingBarrel01,,,,Direct selected-signature candidate.,,NO-ROWS,"Primary review: patch, fix, resource, or asset records are not an authoritative player devotional action source; defining gameplay records are reviewed separately.",,REJECTED
41ebab23109729b7,NQ069,NQ,Essential - LOD Tools and Resources,Snazzy Location Resources,Snazzy Location Resources.esp,D:\Wabbajack\modlists\ARR 2.5\mods\Snazzy Location Resources\Snazzy Location Resources.esp,41ebab23109729b7|00FB90:Snazzy Location Resources.esp,SIGNAL,read,CONT,00FB90:Snazzy Location Resources.esp,GM_OreCrate01NoRespawn,,,,Direct selected-signature candidate.,,NO-ROWS,"Primary review: patch, fix, resource, or asset records are not an authoritative player devotional action source; defining gameplay records are reviewed separately.",,REJECTED
41ebab23109729b7,NQ069,NQ,Essential - LOD Tools and Resources,Snazzy Location Resources,Snazzy Location Resources.esp,D:\Wabbajack\modlists\ARR 2.5\mods\Snazzy Location Resources\Snazzy Location Resources.esp,41ebab23109729b7|00FB91:Snazzy Location Resources.esp,SIGNAL,read,CONT,00FB91:Snazzy Location Resources.esp,GM_SlidingDoor01_Kitchenware,,,,Direct selected-signature candidate.,,NO-ROWS,"Primary review: patch, fix, resource, or asset records are not an authoritative player devotional action source; defining gameplay records are reviewed separately.",,REJECTED
41ebab23109729b7,NQ069,NQ,Essential - LOD Tools and Resources,Snazzy Location Resources,Snazzy Location Resources.esp,D:\Wabbajack\modlists\ARR 2.5\mods\Snazzy Location Resources\Snazzy Location Resources.esp,41ebab23109729b7|03851D:Snazzy Location Resources.esp,SIGNAL,read,CONT,03851D:Snazzy Location Resources.esp,GM_NobleChestDrawers01_LiquorCabinet01,,,,Direct selected-signature candidate.,,NO-ROWS,"Primary review: patch, fix, resource, or asset records are not an authoritative player devotional action source; defining gameplay records are reviewed separately.",,REJECTED
41ebab23109729b7,NQ069,NQ,Essential - LOD Tools and Resources,Snazzy Location Resources,Snazzy Location Resources.esp,D:\Wabbajack\modlists\ARR 2.5\mods\Snazzy Location Resources\Snazzy Location Resources.esp,41ebab23109729b7|00FB82:Snazzy Location Resources.esp,SIGNAL,read,CONT,00FB82:Snazzy Location Resources.esp,GM_TreasRuinsUrnLarge01Potions,,,,Direct selected-signature candidate.,,NO-ROWS,"Primary review: patch, fix, resource, or asset records are not an authoritative player devotional action source; defining gameplay records are reviewed separately.",,REJECTED
41ebab23109729b7,NQ069,NQ,Essential - LOD Tools and Resources,Snazzy Location Resources,Snazzy Location Resources.esp,D:\Wabbajack\modlists\ARR 2.5\mods\Snazzy Location Resources\Snazzy Location Resources.esp,41ebab23109729b7|00FB83:Snazzy Location Resources.esp,SIGNAL,read,CONT,00FB83:Snazzy Location Resources.esp,GM_TreasRuinsUrnLarge01Enchanting_NoRespawn,,,,Direct selected-signature candidate.,,NO-ROWS,"Primary review: patch, fix, resource, or asset records are not an authoritative player devotional action source; defining gameplay records are reviewed separately.",,REJECTED
41ebab23109729b7,NQ069,NQ,Essential - LOD Tools and Resources,Snazzy Location Resources,Snazzy Location Resources.esp,D:\Wabbajack\modlists\ARR 2.5\mods\Snazzy Location Resources\Snazzy Location Resources.esp,41ebab23109729b7|00FB84:Snazzy Location Resources.esp,SIGNAL,read,CONT,00FB84:Snazzy Location Resources.esp,GM_TreasRuinsUrnLarge01Ingredients__NoRespawn,,,,Direct selected-signature candidate.,,NO-ROWS,"Primary review: patch, fix, resource, or asset records are not an authoritative player devotional action source; defining gameplay records are reviewed separately.",,REJECTED
41ebab23109729b7,NQ069,NQ,Essential - LOD Tools and Resources,Snazzy Location Resources,Snazzy Location Resources.esp,D:\Wabbajack\modlists\ARR 2.5\mods\Snazzy Location Resources\Snazzy Location Resources.esp,41ebab23109729b7|00FB85:Snazzy Location Resources.esp,SIGNAL,read,CONT,00FB85:Snazzy Location Resources.esp,GM_TreasRuinsUrnLarge01Potions__NoRespawn,,,,Direct selected-signature candidate.,,NO-ROWS,"Primary review: patch, fix, resource, or asset records are not an authoritative player devotional action source; defining gameplay records are reviewed separately.",,REJECTED
41ebab23109729b7,NQ069,NQ,Essential - LOD Tools and Resources,Snazzy Location Resources,Snazzy Location Resources.esp,D:\Wabbajack\modlists\ARR 2.5\mods\Snazzy Location Resources\Snazzy Location Resources.esp,41ebab23109729b7|038589:Snazzy Location Resources.esp,SIGNAL,read,CONT,038589:Snazzy Location Resources.esp,GM_NobleNightTable01DrelasAlch02,,,,Direct selected-signature candidate.,,NO-ROWS,"Primary review: patch, fix, resource, or asset records are not an authoritative player devotional action source; defining gameplay records are reviewed separately.",,REJECTED
41ebab23109729b7,NQ069,NQ,Essential - LOD Tools and Resources,Snazzy Location Resources,Snazzy Location Resources.esp,D:\Wabbajack\modlists\ARR 2.5\mods\Snazzy Location Resources\Snazzy Location Resources.esp,41ebab23109729b7|042793:Snazzy Location Resources.esp,SIGNAL,read,CONT,042793:Snazzy Location Resources.esp,GM_DweDresser01_Vault,,,,Direct selected-signature candidate.,,NO-ROWS,"Primary review: patch, fix, resource, or asset records are not an authoritative player devotional action source; defining gameplay records are reviewed separately.",,REJECTED
41ebab23109729b7,NQ069,NQ,Essential - LOD Tools and Resources,Snazzy Location Resources,Snazzy Location Resources.esp,D:\Wabbajack\modlists\ARR 2.5\mods\Snazzy Location Resources\Snazzy Location Resources.esp,41ebab23109729b7|042798:Snazzy Location Resources.esp,SIGNAL,read,CONT,042798:Snazzy Location Resources.esp,GM_TreasRuinsUrnSmall02Ingredients,,,,Direct selected-signature candidate.,,NO-ROWS,"Primary review: patch, fix, resource, or asset records are not an authoritative player devotional action source; defining gameplay records are reviewed separately.",,REJECTED
41ebab23109729b7,NQ069,NQ,Essential - LOD Tools and Resources,Snazzy Location Resources,Snazzy Location Resources.esp,D:\Wabbajack\modlists\ARR 2.5\mods\Snazzy Location Resources\Snazzy Location Resources.esp,41ebab23109729b7|05CE29:Snazzy Location Resources.esp,SIGNAL,read,CONT,05CE29:Snazzy Location Resources.esp,GM_SafewithLockMaven,,,,Direct selected-signature candidate.,,NO-ROWS,"Primary review: patch, fix, resource, or asset records are not an authoritative player devotional action source; defining gameplay records are reviewed separately.",,REJECTED
41ebab23109729b7,NQ069,NQ,Essential - LOD Tools and Resources,Snazzy Location Resources,Snazzy Location Resources.esp,D:\Wabbajack\modlists\ARR 2.5\mods\Snazzy Location Resources\Snazzy Location Resources.esp,41ebab23109729b7|03851E:Snazzy Location Resources.esp,SIGNAL,read,CONT,03851E:Snazzy Location Resources.esp,GM_NobleChestDrawers02_LiquorCabinet01,,,,Direct selected-signature candidate.,,NO-ROWS,"Primary review: patch, fix, resource, or asset records are not an authoritative player devotional action source; defining gameplay records are reviewed separately.",,REJECTED
41ebab23109729b7,NQ069,NQ,Essential - LOD Tools and Resources,Snazzy Location Resources,Snazzy Location Resources.esp,D:\Wabbajack\modlists\ARR 2.5\mods\Snazzy Location Resources\Snazzy Location Resources.esp,41ebab23109729b7|03851F:Snazzy Location Resources.esp,SIGNAL,read,CONT,03851F:Snazzy Location Resources.esp,GM_NobleChestDrawers01Ingredients,,,,Direct selected-signature candidate.,,NO-ROWS,"Primary review: patch, fix, resource, or asset records are not an authoritative player devotional action source; defining gameplay records are reviewed separately.",,REJECTED
41ebab23109729b7,NQ069,NQ,Essential - LOD Tools and Resources,Snazzy Location Resources,Snazzy Location Resources.esp,D:\Wabbajack\modlists\ARR 2.5\mods\Snazzy Location Resources\Snazzy Location Resources.esp,41ebab23109729b7|038520:Snazzy Location Resources.esp,SIGNAL,read,CONT,038520:Snazzy Location Resources.esp,GM_NobleNightTable01_LiquorCabinet01,,,,Direct selected-signature candidate.,,NO-ROWS,"Primary review: patch, fix, resource, or asset records are not an authoritative player devotional action source; defining gameplay records are reviewed separately.",,REJECTED
41ebab23109729b7,NQ069,NQ,Essential - LOD Tools and Resources,Snazzy Location Resources,Snazzy Location Resources.esp,D:\Wabbajack\modlists\ARR 2.5\mods\Snazzy Location Resources\Snazzy Location Resources.esp,41ebab23109729b7|038523:Snazzy Location Resources.esp,SIGNAL,read,CONT,038523:Snazzy Location Resources.esp,GM_DLC2DarkElfUrn01ShortIngredientsCommon,,,,Direct selected-signature candidate.,,NO-ROWS,"Primary review: patch, fix, resource, or asset records are not an authoritative player devotional action source; defining gameplay records are reviewed separately.",,REJECTED
41ebab23109729b7,NQ069,NQ,Essential - LOD Tools and Resources,Snazzy Location Resources,Snazzy Location Resources.esp,D:\Wabbajack\modlists\ARR 2.5\mods\Snazzy Location Resources\Snazzy Location Resources.esp,41ebab23109729b7|03852C:Snazzy Location Resources.esp,SIGNAL,read,CONT,03852C:Snazzy Location Resources.esp,GM_Basket01Closed_Ingredients,,,,Direct selected-signature candidate.,,NO-ROWS,"Primary review: patch, fix, resource, or asset records are not an authoritative player devotional action source; defining gameplay records are reviewed separately.",,REJECTED
41ebab23109729b7,NQ069,NQ,Essential - LOD Tools and Resources,Snazzy Location Resources,Snazzy Location Resources.esp,D:\Wabbajack\modlists\ARR 2.5\mods\Snazzy Location Resources\Snazzy Location Resources.esp,41ebab23109729b7|038541:Snazzy Location Resources.esp,SIGNAL,read,CONT,038541:Snazzy Location Resources.esp,GM_LeatherworkingCrate01nif,,,,Direct selected-signature candidate.,,NO-ROWS,"Primary review: patch, fix, resource, or asset records are not an authoritative player devotional action source; defining gameplay records are reviewed separately.",,REJECTED
41ebab23109729b7,NQ069,NQ,Essential - LOD Tools and Resources,Snazzy Location Resources,Snazzy Location Resources.esp,D:\Wabbajack\modlists\ARR 2.5\mods\Snazzy Location Resources\Snazzy Location Resources.esp,41ebab23109729b7|038542:Snazzy Location Resources.esp,SIGNAL,read,CONT,038542:Snazzy Location Resources.esp,GM_Dresser01Blacksmith,,,,Direct selected-signature candidate.,,NO-ROWS,"Primary review: patch, fix, resource, or asset records are not an authoritative player devotional action source; defining gameplay records are reviewed separately.",,REJECTED
41ebab23109729b7,NQ069,NQ,Essential - LOD Tools and Resources,Snazzy Location Resources,Snazzy Location Resources.esp,D:\Wabbajack\modlists\ARR 2.5\mods\Snazzy Location Resources\Snazzy Location Resources.esp,41ebab23109729b7|03854D:Snazzy Location Resources.esp,SIGNAL,read,CONT,03854D:Snazzy Location Resources.esp,GM_ruinslargeurnnostandSilver01,,,,Direct selected-signature candidate.,,NO-ROWS,"Primary review: patch, fix, resource, or asset records are not an authoritative player devotional action source; defining gameplay records are reviewed separately.",,REJECTED
41ebab23109729b7,NQ069,NQ,Essential - LOD Tools and Resources,Snazzy Location Resources,Snazzy Location Resources.esp,D:\Wabbajack\modlists\ARR 2.5\mods\Snazzy Location Resources\Snazzy Location Resources.esp,41ebab23109729b7|08F86C:Snazzy Location Resources.esp,SIGNAL,read,CONT,08F86C:Snazzy Location Resources.esp,GM_CommonWineCabinet01A,,,,Direct selected-signature candidate.,,NO-ROWS,"Primary review: patch, fix, resource, or asset records are not an authoritative player devotional action source; defining gameplay records are reviewed separately.",,REJECTED
41ebab23109729b7,NQ069,NQ,Essential - LOD Tools and Resources,Snazzy Location Resources,Snazzy Location Resources.esp,D:\Wabbajack\modlists\ARR 2.5\mods\Snazzy Location Resources\Snazzy Location Resources.esp,41ebab23109729b7|03854E:Snazzy Location Resources.esp,SIGNAL,read,CONT,03854E:Snazzy Location Resources.esp,GM_sburialurnSilver01,,,,Direct selected-signature candidate.,,NO-ROWS,"Primary review: patch, fix, resource, or asset records are not an authoritative player devotional action source; defining gameplay records are reviewed separately.",,REJECTED
41ebab23109729b7,NQ069,NQ,Essential - LOD Tools and Resources,Snazzy Location Resources,Snazzy Location Resources.esp,D:\Wabbajack\modlists\ARR 2.5\mods\Snazzy Location Resources\Snazzy Location Resources.esp,41ebab23109729b7|03854F:Snazzy Location Resources.esp,SIGNAL,read,CONT,03854F:Snazzy Location Resources.esp,GM_WRBurialUrn01A,,,,Direct selected-signature candidate.,,NO-ROWS,"Primary review: patch, fix, resource, or asset records are not an authoritative player devotional action source; defining gameplay records are reviewed separately.",,REJECTED
41ebab23109729b7,NQ069,NQ,Essential - LOD Tools and Resources,Snazzy Location Resources,Snazzy Location Resources.esp,D:\Wabbajack\modlists\ARR 2.5\mods\Snazzy Location Resources\Snazzy Location Resources.esp,41ebab23109729b7|038586:Snazzy Location Resources.esp,SIGNAL,read,CONT,038586:Snazzy Location Resources.esp,GM_TreasRuinsUrnSmall02NoRespawn,,,,Direct selected-signature candidate.,,NO-ROWS,"Primary review: patch, fix, resource, or asset records are not an authoritative player devotional action source; defining gameplay records are reviewed separately.",,REJECTED
41ebab23109729b7,NQ069,NQ,Essential - LOD Tools and Resources,Snazzy Location Resources,Snazzy Location Resources.esp,D:\Wabbajack\modlists\ARR 2.5\mods\Snazzy Location Resources\Snazzy Location Resources.esp,41ebab23109729b7|038587:Snazzy Location Resources.esp,SIGNAL,read,CONT,038587:Snazzy Location Resources.esp,GM_NobleNightTable01Drelas,,,,Direct selected-signature candidate.,,NO-ROWS,"Primary review: patch, fix, resource, or asset records are not an authoritative player devotional action source; defining gameplay records are reviewed separately.",,REJECTED
41ebab23109729b7,NQ069,NQ,Essential - LOD Tools and Resources,Snazzy Location Resources,Snazzy Location Resources.esp,D:\Wabbajack\modlists\ARR 2.5\mods\Snazzy Location Resources\Snazzy Location Resources.esp,41ebab23109729b7|038588:Snazzy Location Resources.esp,SIGNAL,read,CONT,038588:Snazzy Location Resources.esp,GM_NobleNightTable01DrelasAlch,,,,Direct selected-signature candidate.,,NO-ROWS,"Primary review: patch, fix, resource, or asset records are not an authoritative player devotional action source; defining gameplay records are reviewed separately.",,REJECTED
41ebab23109729b7,NQ069,NQ,Essential - LOD Tools and Resources,Snazzy Location Resources,Snazzy Location Resources.esp,D:\Wabbajack\modlists\ARR 2.5\mods\Snazzy Location Resources\Snazzy Location Resources.esp,41ebab23109729b7|03858D:Snazzy Location Resources.esp,SIGNAL,read,DOOR,03858D:Snazzy Location Resources.esp,GM_SecretPainting01,,,,Direct selected-signature candidate.,,NO-ROWS,"Primary review: patch, fix, resource, or asset records are not an authoritative player devotional action source; defining gameplay records are reviewed separately.",,REJECTED
41ebab23109729b7,NQ069,NQ,Essential - LOD Tools and Resources,Snazzy Location Resources,Snazzy Location Resources.esp,D:\Wabbajack\modlists\ARR 2.5\mods\Snazzy Location Resources\Snazzy Location Resources.esp,41ebab23109729b7|0BD1B5:Snazzy Location Resources.esp,SIGNAL,read,DOOR,0BD1B5:Snazzy Location Resources.esp,GM_SecretPainting02,,,,Direct selected-signature candidate.,,NO-ROWS,"Primary review: patch, fix, resource, or asset records are not an authoritative player devotional action source; defining gameplay records are reviewed separately.",,REJECTED
41ebab23109729b7,NQ069,NQ,Essential - LOD Tools and Resources,Snazzy Location Resources,Snazzy Location Resources.esp,D:\Wabbajack\modlists\ARR 2.5\mods\Snazzy Location Resources\Snazzy Location Resources.esp,41ebab23109729b7|0BD1CD:Snazzy Location Resources.esp,SIGNAL,read,DOOR,0BD1CD:Snazzy Location Resources.esp,GM_wardrobe01WhiterunDoors,,,,Direct selected-signature candidate.,,NO-ROWS,"Primary review: patch, fix, resource, or asset records are not an authoritative player devotional action source; defining gameplay records are reviewed separately.",,REJECTED
41ebab23109729b7,NQ069,NQ,Essential - LOD Tools and Resources,Snazzy Location Resources,Snazzy Location Resources.esp,D:\Wabbajack\modlists\ARR 2.5\mods\Snazzy Location Resources\Snazzy Location Resources.esp,41ebab23109729b7|019F07:Snazzy Location Resources.esp,SIGNAL,read,DOOR,019F07:Snazzy Location Resources.esp,GM_rtmarketstalldoor01Wide,,,,Direct selected-signature candidate.,,NO-ROWS,"Primary review: patch, fix, resource, or asset records are not an authoritative player devotional action source; defining gameplay records are reviewed separately.",,REJECTED
41ebab23109729b7,NQ069,NQ,Essential - LOD Tools and Resources,Snazzy Location Resources,Snazzy Location Resources.esp,D:\Wabbajack\modlists\ARR 2.5\mods\Snazzy Location Resources\Snazzy Location Resources.esp,41ebab23109729b7|019F09:Snazzy Location Resources.esp,SIGNAL,read,DOOR,019F09:Snazzy Location Resources.esp,GM_rtmarketstalldoor01Tall,,,,Direct selected-signature candidate.,,NO-ROWS,"Primary review: patch, fix, resource, or asset records are not an authoritative player devotional action source; defining gameplay records are reviewed separately.",,REJECTED
41ebab23109729b7,NQ069,NQ,Essential - LOD Tools and Resources,Snazzy Location Resources,Snazzy Location Resources.esp,D:\Wabbajack\modlists\ARR 2.5\mods\Snazzy Location Resources\Snazzy Location Resources.esp,41ebab23109729b7|019F0A:Snazzy Location Resources.esp,SIGNAL,read,DOOR,019F0A:Snazzy Location Resources.esp,GM_rtmarketstalldoor01TallCommon,,,,Direct selected-signature candidate.,,NO-ROWS,"Primary review: patch, fix, resource, or asset records are not an authoritative player devotional action source; defining gameplay records are reviewed separately.",,REJECTED
41ebab23109729b7,NQ069,NQ,Essential - LOD Tools and Resources,Snazzy Location Resources,Snazzy Location Resources.esp,D:\Wabbajack\modlists\ARR 2.5\mods\Snazzy Location Resources\Snazzy Location Resources.esp,41ebab23109729b7|019F0B:Snazzy Location Resources.esp,SIGNAL,read,DOOR,019F0B:Snazzy Location Resources.esp,GM_RTMarketstallDoor01TallFarmhouseIron,,,,Direct selected-signature candidate.,,NO-ROWS,"Primary review: patch, fix, resource, or asset records are not an authoritative player devotional action source; defining gameplay records are reviewed separately.",,REJECTED
41ebab23109729b7,NQ069,NQ,Essential - LOD Tools and Resources,Snazzy Location Resources,Snazzy Location Resources.esp,D:\Wabbajack\modlists\ARR 2.5\mods\Snazzy Location Resources\Snazzy Location Resources.esp,41ebab23109729b7|019F0C:Snazzy Location Resources.esp,SIGNAL,read,DOOR,019F0C:Snazzy Location Resources.esp,GM_rtmarketstalldoor01TallUpper,,,,Direct selected-signature candidate.,,NO-ROWS,"Primary review: patch, fix, resource, or asset records are not an authoritative player devotional action source; defining gameplay records are reviewed separately.",,REJECTED
41ebab23109729b7,NQ069,NQ,Essential - LOD Tools and Resources,Snazzy Location Resources,Snazzy Location Resources.esp,D:\Wabbajack\modlists\ARR 2.5\mods\Snazzy Location Resources\Snazzy Location Resources.esp,41ebab23109729b7|01F00D:Snazzy Location Resources.esp,SIGNAL,read,DOOR,01F00D:Snazzy Location Resources.esp,GM_rtstabledoor01Common,,,,Direct selected-signature candidate.,,NO-ROWS,"Primary review: patch, fix, resource, or asset records are not an authoritative player devotional action source; defining gameplay records are reviewed separately.",,REJECTED
41ebab23109729b7,NQ069,NQ,Essential - LOD Tools and Resources,Snazzy Location Resources,Snazzy Location Resources.esp,D:\Wabbajack\modlists\ARR 2.5\mods\Snazzy Location Resources\Snazzy Location Resources.esp,41ebab23109729b7|01F00E:Snazzy Location Resources.esp,SIGNAL,read,DOOR,01F00E:Snazzy Location Resources.esp,GM_rtstabledoor01DarkElf,,,,Direct selected-signature candidate.,,NO-ROWS,"Primary review: patch, fix, resource, or asset records are not an authoritative player devotional action source; defining gameplay records are reviewed separately.",,REJECTED
41ebab23109729b7,NQ069,NQ,Essential - LOD Tools and Resources,Snazzy Location Resources,Snazzy Location Resources.esp,D:\Wabbajack\modlists\ARR 2.5\mods\Snazzy Location Resources\Snazzy Location Resources.esp,41ebab23109729b7|01F00F:Snazzy Location Resources.esp,SIGNAL,read,DOOR,01F00F:Snazzy Location Resources.esp,GM_rtstabledoor01Upper,,,,Direct selected-signature candidate.,,NO-ROWS,"Primary review: patch, fix, resource, or asset records are not an authoritative player devotional action source; defining gameplay records are reviewed separately.",,REJECTED
41ebab23109729b7,NQ069,NQ,Essential - LOD Tools and Resources,Snazzy Location Resources,Snazzy Location Resources.esp,D:\Wabbajack\modlists\ARR 2.5\mods\Snazzy Location Resources\Snazzy Location Resources.esp,41ebab23109729b7|024110:Snazzy Location Resources.esp,SIGNAL,read,DOOR,024110:Snazzy Location Resources.esp,GM_RTMarketstallDoor01TallCommonIron,,,,Direct selected-signature candidate.,,NO-ROWS,"Primary review: patch, fix, resource, or asset records are not an authoritative player devotional action source; defining gameplay records are reviewed separately.",,REJECTED
41ebab23109729b7,NQ069,NQ,Essential - LOD Tools and Resources,Snazzy Location Resources,Snazzy Location Resources.esp,D:\Wabbajack\modlists\ARR 2.5\mods\Snazzy Location Resources\Snazzy Location Resources.esp,41ebab23109729b7|024111:Snazzy Location Resources.esp,SIGNAL,read,DOOR,024111:Snazzy Location Resources.esp,GM_RTMarketstallDoor01TallUpperIron,,,,Direct selected-signature candidate.,,NO-ROWS,"Primary review: patch, fix, resource, or asset records are not an authoritative player devotional action source; defining gameplay records are reviewed separately.",,REJECTED
41ebab23109729b7,NQ069,NQ,Essential - LOD Tools and Resources,Snazzy Location Resources,Snazzy Location Resources.esp,D:\Wabbajack\modlists\ARR 2.5\mods\Snazzy Location Resources\Snazzy Location Resources.esp,41ebab23109729b7|024112:Snazzy Location Resources.esp,SIGNAL,read,DOOR,024112:Snazzy Location Resources.esp,GM_wardrobe01FarmhouseDoors,,,,Direct selected-signature candidate.,,NO-ROWS,"Primary review: patch, fix, resource, or asset records are not an authoritative player devotional action source; defining gameplay records are reviewed separately.",,REJECTED
41ebab23109729b7,NQ069,NQ,Essential - LOD Tools and Resources,Snazzy Location Resources,Snazzy Location Resources.esp,D:\Wabbajack\modlists\ARR 2.5\mods\Snazzy Location Resources\Snazzy Location Resources.esp,41ebab23109729b7|03851C:Snazzy Location Resources.esp,SIGNAL,read,DOOR,03851C:Snazzy Location Resources.esp,GM_SafePainting01,,,,Direct selected-signature candidate.,,NO-ROWS,"Primary review: patch, fix, resource, or asset records are not an authoritative player devotional action source; defining gameplay records are reviewed separately.",,REJECTED
41ebab23109729b7,NQ069,NQ,Essential - LOD Tools and Resources,Snazzy Location Resources,Snazzy Location Resources.esp,D:\Wabbajack\modlists\ARR 2.5\mods\Snazzy Location Resources\Snazzy Location Resources.esp,41ebab23109729b7|038527:Snazzy Location Resources.esp,SIGNAL,read,DOOR,038527:Snazzy Location Resources.esp,GM_impjaildoor02A,,,,Direct selected-signature candidate.,,NO-ROWS,"Primary review: patch, fix, resource, or asset records are not an authoritative player devotional action source; defining gameplay records are reviewed separately.",,REJECTED
41ebab23109729b7,NQ069,NQ,Essential - LOD Tools and Resources,Snazzy Location Resources,Snazzy Location Resources.esp,D:\Wabbajack\modlists\ARR 2.5\mods\Snazzy Location Resources\Snazzy Location Resources.esp,41ebab23109729b7|038529:Snazzy Location Resources.esp,SIGNAL,read,DOOR,038529:Snazzy Location Resources.esp,GM_LadderDoor01A,,,,Direct selected-signature candidate.,,NO-ROWS,"Primary review: patch, fix, resource, or asset records are not an authoritative player devotional action source; defining gameplay records are reviewed separately.",,REJECTED
41ebab23109729b7,NQ069,NQ,Essential - LOD Tools and Resources,Snazzy Location Resources,Snazzy Location Resources.esp,D:\Wabbajack\modlists\ARR 2.5\mods\Snazzy Location Resources\Snazzy Location Resources.esp,41ebab23109729b7|056BFB:Snazzy Location Resources.esp,SIGNAL,read,LCTN,056BFB:Snazzy Location Resources.esp,GM_BlackBriarLodgeLocationPH,,,,Direct selected-signature candidate.,,NO-ROWS,"Primary review: patch, fix, resource, or asset records are not an authoritative player devotional action source; defining gameplay records are reviewed separately.",,REJECTED
41ebab23109729b7,NQ069,NQ,Essential - LOD Tools and Resources,Snazzy Location Resources,Snazzy Location Resources.esp,D:\Wabbajack\modlists\ARR 2.5\mods\Snazzy Location Resources\Snazzy Location Resources.esp,41ebab23109729b7|05758D:Snazzy Location Resources.esp,SIGNAL,read,LCTN,05758D:Snazzy Location Resources.esp,GM_RiftenMercerHouseInteriorPHLocation,,,,Direct selected-signature candidate.,,NO-ROWS,"Primary review: patch, fix, resource, or asset records are not an authoritative player devotional action source; defining gameplay records are reviewed separately.",,REJECTED
41ebab23109729b7,NQ069,NQ,Essential - LOD Tools and Resources,Snazzy Location Resources,Snazzy Location Resources.esp,D:\Wabbajack\modlists\ARR 2.5\mods\Snazzy Location Resources\Snazzy Location Resources.esp,41ebab23109729b7|003B8F:Dawnguard.esm,SIGNAL,read,LCTN,003B8F:Dawnguard.esm,DLC1SoulCairnLocation,,,,Direct selected-signature candidate.,,NO-ROWS,"Primary review: patch, fix, resource, or asset records are not an authoritative player devotional action source; defining gameplay records are reviewed separately.",,REJECTED
41ebab23109729b7,NQ069,NQ,Essential - LOD Tools and Resources,Snazzy Location Resources,Snazzy Location Resources.esp,D:\Wabbajack\modlists\ARR 2.5\mods\Snazzy Location Resources\Snazzy Location Resources.esp,41ebab23109729b7|03857A:Snazzy Location Resources.esp,SIGNAL,read,MISC,03857A:Snazzy Location Resources.esp,GM_winebottleSilver03,,,,Direct selected-signature candidate.,,NO-ROWS,"Primary review: patch, fix, resource, or asset records are not an authoritative player devotional action source; defining gameplay records are reviewed separately.",,REJECTED
41ebab23109729b7,NQ069,NQ,Essential - LOD Tools and Resources,Snazzy Location Resources,Snazzy Location Resources.esp,D:\Wabbajack\modlists\ARR 2.5\mods\Snazzy Location Resources\Snazzy Location Resources.esp,41ebab23109729b7|038571:Snazzy Location Resources.esp,SIGNAL,read,MISC,038571:Snazzy Location Resources.esp,GM_glazedpotSilver02,,,,Direct selected-signature candidate.,,NO-ROWS,"Primary review: patch, fix, resource, or asset records are not an authoritative player devotional action source; defining gameplay records are reviewed separately.",,REJECTED
41ebab23109729b7,NQ069,NQ,Essential - LOD Tools and Resources,Snazzy Location Resources,Snazzy Location Resources.esp,D:\Wabbajack\modlists\ARR 2.5\mods\Snazzy Location Resources\Snazzy Location Resources.esp,41ebab23109729b7|038572:Snazzy Location Resources.esp,SIGNAL,read,MISC,038572:Snazzy Location Resources.esp,GM_inkwellSilver01Full,,,,Direct selected-signature candidate.,,NO-ROWS,"Primary review: patch, fix, resource, or asset records are not an authoritative player devotional action source; defining gameplay records are reviewed separately.",,REJECTED
41ebab23109729b7,NQ069,NQ,Essential - LOD Tools and Resources,Snazzy Location Resources,Snazzy Location Resources.esp,D:\Wabbajack\modlists\ARR 2.5\mods\Snazzy Location Resources\Snazzy Location Resources.esp,41ebab23109729b7|03857B:Snazzy Location Resources.esp,SIGNAL,read,MISC,03857B:Snazzy Location Resources.esp,GM_winebottleSilver04,,,,Direct selected-signature candidate.,,NO-ROWS,"Primary review: patch, fix, resource, or asset records are not an authoritative player devotional action source; defining gameplay records are reviewed separately.",,REJECTED
41ebab23109729b7,NQ069,NQ,Essential - LOD Tools and Resources,Snazzy Location Resources,Snazzy Location Resources.esp,D:\Wabbajack\modlists\ARR 2.5\mods\Snazzy Location Resources\Snazzy Location Resources.esp,41ebab23109729b7|03857C:Snazzy Location Resources.esp,SIGNAL,read,MISC,03857C:Snazzy Location Resources.esp,GM_woodenladleSilver01,,,,Direct selected-signature candidate.,,NO-ROWS,"Primary review: patch, fix, resource, or asset records are not an authoritative player devotional action source; defining gameplay records are reviewed separately.",,REJECTED
41ebab23109729b7,NQ069,NQ,Essential - LOD Tools and Resources,Snazzy Location Resources,Snazzy Location Resources.esp,D:\Wabbajack\modlists\ARR 2.5\mods\Snazzy Location Resources\Snazzy Location Resources.esp,41ebab23109729b7|03857D:Snazzy Location Resources.esp,SIGNAL,read,MISC,03857D:Snazzy Location Resources.esp,GM_dweknifeSilver,,,,Direct selected-signature candidate.,,NO-ROWS,"Primary review: patch, fix, resource, or asset records are not an authoritative player devotional action source; defining gameplay records are reviewed separately.",,REJECTED
41ebab23109729b7,NQ069,NQ,Essential - LOD Tools and Resources,Snazzy Location Resources,Snazzy Location Resources.esp,D:\Wabbajack\modlists\ARR 2.5\mods\Snazzy Location Resources\Snazzy Location Resources.esp,41ebab23109729b7|038575:Snazzy Location Resources.esp,SIGNAL,read,MISC,038575:Snazzy Location Resources.esp,GM_ruinspotSilver03,,,,Direct selected-signature candidate.,,NO-ROWS,"Primary review: patch, fix, resource, or asset records are not an authoritative player devotional action source; defining gameplay records are reviewed separately.",,REJECTED
41ebab23109729b7,NQ069,NQ,Essential - LOD Tools and Resources,Snazzy Location Resources,Snazzy Location Resources.esp,D:\Wabbajack\modlists\ARR 2.5\mods\Snazzy Location Resources\Snazzy Location Resources.esp,41ebab23109729b7|038577:Snazzy Location Resources.esp,SIGNAL,read,MISC,038577:Snazzy Location Resources.esp,GM_ruinspotSilver06,,,,Direct selected-signature candidate.,,NO-ROWS,"Primary review: patch, fix, resource, or asset records are not an authoritative player devotional action source; defining gameplay records are reviewed separately.",,REJECTED
41ebab23109729b7,NQ069,NQ,Essential - LOD Tools and Resources,Snazzy Location Resources,Snazzy Location Resources.esp,D:\Wabbajack\modlists\ARR 2.5\mods\Snazzy Location Resources\Snazzy Location Resources.esp,41ebab23109729b7|038578:Snazzy Location Resources.esp,SIGNAL,read,MISC,038578:Snazzy Location Resources.esp,GM_winebottleSilver01a,,,,Direct selected-signature candidate.,,NO-ROWS,"Primary review: patch, fix, resource, or asset records are not an authoritative player devotional action source; defining gameplay records are reviewed separately.",,REJECTED
41ebab23109729b7,NQ069,NQ,Essential - LOD Tools and Resources,Snazzy Location Resources,Snazzy Location Resources.esp,D:\Wabbajack\modlists\ARR 2.5\mods\Snazzy Location Resources\Snazzy Location Resources.esp,41ebab23109729b7|03857F:Snazzy Location Resources.esp,SIGNAL,read,MISC,03857F:Snazzy Location Resources.esp,GM_tgdrinkinghornSilver,,,,Direct selected-signature candidate.,,NO-ROWS,"Primary review: patch, fix, resource, or asset records are not an authoritative player devotional action source; defining gameplay records are reviewed separately.",,REJECTED
41ebab23109729b7,NQ069,NQ,Essential - LOD Tools and Resources,Snazzy Location Resources,Snazzy Location Resources.esp,D:\Wabbajack\modlists\ARR 2.5\mods\Snazzy Location Resources\Snazzy Location Resources.esp,41ebab23109729b7|038579:Snazzy Location Resources.esp,SIGNAL,read,MISC,038579:Snazzy Location Resources.esp,GM_winebottleSilver02a,,,,Direct selected-signature candidate.,,NO-ROWS,"Primary review: patch, fix, resource, or asset records are not an authoritative player devotional action source; defining gameplay records are reviewed separately.",,REJECTED
41ebab23109729b7,NQ069,NQ,Essential - LOD Tools and Resources,Snazzy Location Resources,Snazzy Location Resources.esp,D:\Wabbajack\modlists\ARR 2.5\mods\Snazzy Location Resources\Snazzy Location Resources.esp,41ebab23109729b7|038580:Snazzy Location Resources.esp,SIGNAL,read,MISC,038580:Snazzy Location Resources.esp,GM_tggoldenurn01Silver,,,,Direct selected-signature candidate.,,NO-ROWS,"Primary review: patch, fix, resource, or asset records are not an authoritative player devotional action source; defining gameplay records are reviewed separately.",,REJECTED
41ebab23109729b7,NQ069,NQ,Essential - LOD Tools and Resources,Snazzy Location Resources,Snazzy Location Resources.esp,D:\Wabbajack\modlists\ARR 2.5\mods\Snazzy Location Resources\Snazzy Location Resources.esp,41ebab23109729b7|03855C:Snazzy Location Resources.esp,SIGNAL,read,MISC,03855C:Snazzy Location Resources.esp,GM_basictankardSilver01,,,,Direct selected-signature candidate.,,NO-ROWS,"Primary review: patch, fix, resource, or asset records are not an authoritative player devotional action source; defining gameplay records are reviewed separately.",,REJECTED
41ebab23109729b7,NQ069,NQ,Essential - LOD Tools and Resources,Snazzy Location Resources,Snazzy Location Resources.esp,D:\Wabbajack\modlists\ARR 2.5\mods\Snazzy Location Resources\Snazzy Location Resources.esp,41ebab23109729b7|03855D:Snazzy Location Resources.esp,SIGNAL,read,MISC,03855D:Snazzy Location Resources.esp,GM_BearSilver01,,,,Direct selected-signature candidate.,,NO-ROWS,"Primary review: patch, fix, resource, or asset records are not an authoritative player devotional action source; defining gameplay records are reviewed separately.",,REJECTED
41ebab23109729b7,NQ069,NQ,Essential - LOD Tools and Resources,Snazzy Location Resources,Snazzy Location Resources.esp,D:\Wabbajack\modlists\ARR 2.5\mods\Snazzy Location Resources\Snazzy Location Resources.esp,41ebab23109729b7|03855E:Snazzy Location Resources.esp,SIGNAL,read,MISC,03855E:Snazzy Location Resources.esp,GM_CowSilver01,,,,Direct selected-signature candidate.,,NO-ROWS,"Primary review: patch, fix, resource, or asset records are not an authoritative player devotional action source; defining gameplay records are reviewed separately.",,REJECTED
41ebab23109729b7,NQ069,NQ,Essential - LOD Tools and Resources,Snazzy Location Resources,Snazzy Location Resources.esp,D:\Wabbajack\modlists\ARR 2.5\mods\Snazzy Location Resources\Snazzy Location Resources.esp,41ebab23109729b7|03857E:Snazzy Location Resources.esp,SIGNAL,read,MISC,03857E:Snazzy Location Resources.esp,GM_ModelShipSilver01A,,,,Direct selected-signature candidate.,,NO-ROWS,"Primary review: patch, fix, resource, or asset records are not an authoritative player devotional action source; defining gameplay records are reviewed separately.",,REJECTED
41ebab23109729b7,NQ069,NQ,Essential - LOD Tools and Resources,Snazzy Location Resources,Snazzy Location Resources.esp,D:\Wabbajack\modlists\ARR 2.5\mods\Snazzy Location Resources\Snazzy Location Resources.esp,41ebab23109729b7|03855F:Snazzy Location Resources.esp,SIGNAL,read,MISC,03855F:Snazzy Location Resources.esp,GM_DeerSilver01,,,,Direct selected-signature candidate.,,NO-ROWS,"Primary review: patch, fix, resource, or asset records are not an authoritative player devotional action source; defining gameplay records are reviewed separately.",,REJECTED
41ebab23109729b7,NQ069,NQ,Essential - LOD Tools and Resources,Snazzy Location Resources,Snazzy Location Resources.esp,D:\Wabbajack\modlists\ARR 2.5\mods\Snazzy Location Resources\Snazzy Location Resources.esp,41ebab23109729b7|038560:Snazzy Location Resources.esp,SIGNAL,read,MISC,038560:Snazzy Location Resources.esp,GM_DogSilver01,,,,Direct selected-signature candidate.,,NO-ROWS,"Primary review: patch, fix, resource, or asset records are not an authoritative player devotional action source; defining gameplay records are reviewed separately.",,REJECTED
41ebab23109729b7,NQ069,NQ,Essential - LOD Tools and Resources,Snazzy Location Resources,Snazzy Location Resources.esp,D:\Wabbajack\modlists\ARR 2.5\mods\Snazzy Location Resources\Snazzy Location Resources.esp,41ebab23109729b7|038561:Snazzy Location Resources.esp,SIGNAL,read,MISC,038561:Snazzy Location Resources.esp,GM_HorkerSilver01,,,,Direct selected-signature candidate.,,NO-ROWS,"Primary review: patch, fix, resource, or asset records are not an authoritative player devotional action source; defining gameplay records are reviewed separately.",,REJECTED
41ebab23109729b7,NQ069,NQ,Essential - LOD Tools and Resources,Snazzy Location Resources,Snazzy Location Resources.esp,D:\Wabbajack\modlists\ARR 2.5\mods\Snazzy Location Resources\Snazzy Location Resources.esp,41ebab23109729b7|038562:Snazzy Location Resources.esp,SIGNAL,read,MISC,038562:Snazzy Location Resources.esp,GM_loadscreendwarvenarmorSilver01,,,,Direct selected-signature candidate.,,NO-ROWS,"Primary review: patch, fix, resource, or asset records are not an authoritative player devotional action source; defining gameplay records are reviewed separately.",,REJECTED
41ebab23109729b7,NQ069,NQ,Essential - LOD Tools and Resources,Snazzy Location Resources,Snazzy Location Resources.esp,D:\Wabbajack\modlists\ARR 2.5\mods\Snazzy Location Resources\Snazzy Location Resources.esp,41ebab23109729b7|038563:Snazzy Location Resources.esp,SIGNAL,read,MISC,038563:Snazzy Location Resources.esp,GM_HumanSkullSilver01,,,,Direct selected-signature candidate.,,NO-ROWS,"Primary review: patch, fix, resource, or asset records are not an authoritative player devotional action source; defining gameplay records are reviewed separately.",,REJECTED
41ebab23109729b7,NQ069,NQ,Essential - LOD Tools and Resources,Snazzy Location Resources,Snazzy Location Resources.esp,D:\Wabbajack\modlists\ARR 2.5\mods\Snazzy Location Resources\Snazzy Location Resources.esp,41ebab23109729b7|0C04BB:Skyrim.esm,SIGNAL,read,MISC,0C04BB:Skyrim.esm,FVDQuill,,,,Direct selected-signature candidate.,,NO-ROWS,"Primary review: patch, fix, resource, or asset records are not an authoritative player devotional action source; defining gameplay records are reviewed separately.",,REJECTED
41ebab23109729b7,NQ069,NQ,Essential - LOD Tools and Resources,Snazzy Location Resources,Snazzy Location Resources.esp,D:\Wabbajack\modlists\ARR 2.5\mods\Snazzy Location Resources\Snazzy Location Resources.esp,41ebab23109729b7|005945:Snazzy Location Resources.esp,SIGNAL,read,MISC,005945:Snazzy Location Resources.esp,GM_Dwemerjuglarge01,,,,Direct selected-signature candidate.,,NO-ROWS,"Primary review: patch, fix, resource, or asset records are not an authoritative player devotional action source; defining gameplay records are reviewed separately.",,REJECTED
41ebab23109729b7,NQ069,NQ,Essential - LOD Tools and Resources,Snazzy Location Resources,Snazzy Location Resources.esp,D:\Wabbajack\modlists\ARR 2.5\mods\Snazzy Location Resources\Snazzy Location Resources.esp,41ebab23109729b7|005946:Snazzy Location Resources.esp,SIGNAL,read,MISC,005946:Snazzy Location Resources.esp,GM_DwemerGoblet01,,,,Direct selected-signature candidate.,,NO-ROWS,"Primary review: patch, fix, resource, or asset records are not an authoritative player devotional action source; defining gameplay records are reviewed separately.",,REJECTED
41ebab23109729b7,NQ069,NQ,Essential - LOD Tools and Resources,Snazzy Location Resources,Snazzy Location Resources.esp,D:\Wabbajack\modlists\ARR 2.5\mods\Snazzy Location Resources\Snazzy Location Resources.esp,41ebab23109729b7|005947:Snazzy Location Resources.esp,SIGNAL,read,MISC,005947:Snazzy Location Resources.esp,GM_DwemerGoblet02,,,,Direct selected-signature candidate.,,NO-ROWS,"Primary review: patch, fix, resource, or asset records are not an authoritative player devotional action source; defining gameplay records are reviewed separately.",,REJECTED
41ebab23109729b7,NQ069,NQ,Essential - LOD Tools and Resources,Snazzy Location Resources,Snazzy Location Resources.esp,D:\Wabbajack\modlists\ARR 2.5\mods\Snazzy Location Resources\Snazzy Location Resources.esp,41ebab23109729b7|005948:Snazzy Location Resources.esp,SIGNAL,read,MISC,005948:Snazzy Location Resources.esp,GM_DwemerJug01,,,,Direct selected-signature candidate.,,NO-ROWS,"Primary review: patch, fix, resource, or asset records are not an authoritative player devotional action source; defining gameplay records are reviewed separately.",,REJECTED
41ebab23109729b7,NQ069,NQ,Essential - LOD Tools and Resources,Snazzy Location Resources,Snazzy Location Resources.esp,D:\Wabbajack\modlists\ARR 2.5\mods\Snazzy Location Resources\Snazzy Location Resources.esp,41ebab23109729b7|005949:Snazzy Location Resources.esp,SIGNAL,read,MISC,005949:Snazzy Location Resources.esp,GM_DwemerPlate02,,,,Direct selected-signature candidate.,,NO-ROWS,"Primary review: patch, fix, resource, or asset records are not an authoritative player devotional action source; defining gameplay records are reviewed separately.",,REJECTED
41ebab23109729b7,NQ069,NQ,Essential - LOD Tools and Resources,Snazzy Location Resources,Snazzy Location Resources.esp,D:\Wabbajack\modlists\ARR 2.5\mods\Snazzy Location Resources\Snazzy Location Resources.esp,41ebab23109729b7|00594A:Snazzy Location Resources.esp,SIGNAL,read,MISC,00594A:Snazzy Location Resources.esp,GM_DwemerPot02,,,,Direct selected-signature candidate.,,NO-ROWS,"Primary review: patch, fix, resource, or asset records are not an authoritative player devotional action source; defining gameplay records are reviewed separately.",,REJECTED
41ebab23109729b7,NQ069,NQ,Essential - LOD Tools and Resources,Snazzy Location Resources,Snazzy Location Resources.esp,D:\Wabbajack\modlists\ARR 2.5\mods\Snazzy Location Resources\Snazzy Location Resources.esp,41ebab23109729b7|00594B:Snazzy Location Resources.esp,SIGNAL,read,MISC,00594B:Snazzy Location Resources.esp,GM_DwemerPot01,,,,Direct selected-signature candidate.,,NO-ROWS,"Primary review: patch, fix, resource, or asset records are not an authoritative player devotional action source; defining gameplay records are reviewed separately.",,REJECTED
41ebab23109729b7,NQ069,NQ,Essential - LOD Tools and Resources,Snazzy Location Resources,Snazzy Location Resources.esp,D:\Wabbajack\modlists\ARR 2.5\mods\Snazzy Location Resources\Snazzy Location Resources.esp,41ebab23109729b7|00594C:Snazzy Location Resources.esp,SIGNAL,read,MISC,00594C:Snazzy Location Resources.esp,GM_DwemerCup01,,,,Direct selected-signature candidate.,,NO-ROWS,"Primary review: patch, fix, resource, or asset records are not an authoritative player devotional action source; defining gameplay records are reviewed separately.",,REJECTED
41ebab23109729b7,NQ069,NQ,Essential - LOD Tools and Resources,Snazzy Location Resources,Snazzy Location Resources.esp,D:\Wabbajack\modlists\ARR 2.5\mods\Snazzy Location Resources\Snazzy Location Resources.esp,41ebab23109729b7|03855B:Snazzy Location Resources.esp,SIGNAL,read,MISC,03855B:Snazzy Location Resources.esp,GM_AppleSilver01,,,,Direct selected-signature candidate.,,NO-ROWS,"Primary review: patch, fix, resource, or asset records are not an authoritative player devotional action source; defining gameplay records are reviewed separately.",,REJECTED
41ebab23109729b7,NQ069,NQ,Essential - LOD Tools and Resources,Snazzy Location Resources,Snazzy Location Resources.esp,D:\Wabbajack\modlists\ARR 2.5\mods\Snazzy Location Resources\Snazzy Location Resources.esp,41ebab23109729b7|03856E:Snazzy Location Resources.esp,SIGNAL,read,MISC,03856E:Snazzy Location Resources.esp,GM_flagonSilver01,,,,Direct selected-signature candidate.,,NO-ROWS,"Primary review: patch, fix, resource, or asset records are not an authoritative player devotional action source; defining gameplay records are reviewed separately.",,REJECTED
41ebab23109729b7,NQ069,NQ,Essential - LOD Tools and Resources,Snazzy Location Resources,Snazzy Location Resources.esp,D:\Wabbajack\modlists\ARR 2.5\mods\Snazzy Location Resources\Snazzy Location Resources.esp,41ebab23109729b7|03856F:Snazzy Location Resources.esp,SIGNAL,read,MISC,03856F:Snazzy Location Resources.esp,GM_glazedcupSilver01,,,,Direct selected-signature candidate.,,NO-ROWS,"Primary review: patch, fix, resource, or asset records are not an authoritative player devotional action source; defining gameplay records are reviewed separately.",,REJECTED
41ebab23109729b7,NQ069,NQ,Essential - LOD Tools and Resources,Snazzy Location Resources,Snazzy Location Resources.esp,D:\Wabbajack\modlists\ARR 2.5\mods\Snazzy Location Resources\Snazzy Location Resources.esp,41ebab23109729b7|038570:Snazzy Location Resources.esp,SIGNAL,read,MISC,038570:Snazzy Location Resources.esp,GM_glazedjuglargeSilver01,,,,Direct selected-signature candidate.,,NO-ROWS,"Primary review: patch, fix, resource, or asset records are not an authoritative player devotional action source; defining gameplay records are reviewed separately.",,REJECTED
41ebab23109729b7,NQ069,NQ,Essential - LOD Tools and Resources,Snazzy Location Resources,Snazzy Location Resources.esp,D:\Wabbajack\modlists\ARR 2.5\mods\Snazzy Location Resources\Snazzy Location Resources.esp,41ebab23109729b7|038573:Snazzy Location Resources.esp,SIGNAL,read,MISC,038573:Snazzy Location Resources.esp,GM_meadSilver01,,,,Direct selected-signature candidate.,,NO-ROWS,"Primary review: patch, fix, resource, or asset records are not an authoritative player devotional action source; defining gameplay records are reviewed separately.",,REJECTED
41ebab23109729b7,NQ069,NQ,Essential - LOD Tools and Resources,Snazzy Location Resources,Snazzy Location Resources.esp,D:\Wabbajack\modlists\ARR 2.5\mods\Snazzy Location Resources\Snazzy Location Resources.esp,41ebab23109729b7|038574:Snazzy Location Resources.esp,SIGNAL,read,MISC,038574:Snazzy Location Resources.esp,GM_ruinspotSilver01,,,,Direct selected-signature candidate.,,NO-ROWS,"Primary review: patch, fix, resource, or asset records are not an authoritative player devotional action source; defining gameplay records are reviewed separately.",,REJECTED
41ebab23109729b7,NQ069,NQ,Essential - LOD Tools and Resources,Snazzy Location Resources,Snazzy Location Resources.esp,D:\Wabbajack\modlists\ARR 2.5\mods\Snazzy Location Resources\Snazzy Location Resources.esp,41ebab23109729b7|038576:Snazzy Location Resources.esp,SIGNAL,read,MISC,038576:Snazzy Location Resources.esp,GM_ruinspotSilver05,,,,Direct selected-signature candidate.,,NO-ROWS,"Primary review: patch, fix, resource, or asset records are not an authoritative player devotional action source; defining gameplay records are reviewed separately.",,REJECTED
41ebab23109729b7,NQ069,NQ,Essential - LOD Tools and Resources,Snazzy Location Resources,Snazzy Location Resources.esp,D:\Wabbajack\modlists\ARR 2.5\mods\Snazzy Location Resources\Snazzy Location Resources.esp,41ebab23109729b7|038581:Snazzy Location Resources.esp,SIGNAL,read,MISC,038581:Snazzy Location Resources.esp,GM_glazedpotSilver01,,,,Direct selected-signature candidate.,,NO-ROWS,"Primary review: patch, fix, resource, or asset records are not an authoritative player devotional action source; defining gameplay records are reviewed separately.",,REJECTED
41ebab23109729b7,NQ069,NQ,Essential - LOD Tools and Resources,Snazzy Location Resources,Snazzy Location Resources.esp,D:\Wabbajack\modlists\ARR 2.5\mods\Snazzy Location Resources\Snazzy Location Resources.esp,41ebab23109729b7|05CE2A:Snazzy Location Resources.esp,SIGNAL,read,MISC,05CE2A:Snazzy Location Resources.esp,FVD_SpecialInk01,,,,Direct selected-signature candidate.,,NO-ROWS,"Primary review: patch, fix, resource, or asset records are not an authoritative player devotional action source; defining gameplay records are reviewed separately.",,REJECTED
41ebab23109729b7,NQ069,NQ,Essential - LOD Tools and Resources,Snazzy Location Resources,Snazzy Location Resources.esp,D:\Wabbajack\modlists\ARR 2.5\mods\Snazzy Location Resources\Snazzy Location Resources.esp,41ebab23109729b7|038564:Snazzy Location Resources.esp,SIGNAL,read,MISC,038564:Snazzy Location Resources.esp,GM_HumanSkullSilver02,,,,Direct selected-signature candidate.,,NO-ROWS,"Primary review: patch, fix, resource, or asset records are not an authoritative player devotional action source; defining gameplay records are reviewed separately.",,REJECTED
41ebab23109729b7,NQ069,NQ,Essential - LOD Tools and Resources,Snazzy Location Resources,Snazzy Location Resources.esp,D:\Wabbajack\modlists\ARR 2.5\mods\Snazzy Location Resources\Snazzy Location Resources.esp,41ebab23109729b7|038565:Snazzy Location Resources.esp,SIGNAL,read,MISC,038565:Snazzy Location Resources.esp,GM_loadscreenfrostdragon1Silver01,,,,Direct selected-signature candidate.,,NO-ROWS,"Primary review: patch, fix, resource, or asset records are not an authoritative player devotional action source; defining gameplay records are reviewed separately.",,REJECTED
41ebab23109729b7,NQ069,NQ,Essential - LOD Tools and Resources,Snazzy Location Resources,Snazzy Location Resources.esp,D:\Wabbajack\modlists\ARR 2.5\mods\Snazzy Location Resources\Snazzy Location Resources.esp,41ebab23109729b7|038566:Snazzy Location Resources.esp,SIGNAL,read,MISC,038566:Snazzy Location Resources.esp,GM_loadscreenswampdragon1Silver01,,,,Direct selected-signature candidate.,,NO-ROWS,"Primary review: patch, fix, resource, or asset records are not an authoritative player devotional action source; defining gameplay records are reviewed separately.",,REJECTED
41ebab23109729b7,NQ069,NQ,Essential - LOD Tools and Resources,Snazzy Location Resources,Snazzy Location Resources.esp,D:\Wabbajack\modlists\ARR 2.5\mods\Snazzy Location Resources\Snazzy Location Resources.esp,41ebab23109729b7|038567:Snazzy Location Resources.esp,SIGNAL,read,MISC,038567:Snazzy Location Resources.esp,GM_MudcrabSilver01,,,,Direct selected-signature candidate.,,NO-ROWS,"Primary review: patch, fix, resource, or asset records are not an authoritative player devotional action source; defining gameplay records are reviewed separately.",,REJECTED
41ebab23109729b7,NQ069,NQ,Essential - LOD Tools and Resources,Snazzy Location Resources,Snazzy Location Resources.esp,D:\Wabbajack\modlists\ARR 2.5\mods\Snazzy Location Resources\Snazzy Location Resources.esp,41ebab23109729b7|038568:Snazzy Location Resources.esp,SIGNAL,read,MISC,038568:Snazzy Location Resources.esp,GM_shrineofazuraSilver01,,,,Direct selected-signature candidate.,,NO-ROWS,"Primary review: patch, fix, resource, or asset records are not an authoritative player devotional action source; defining gameplay records are reviewed separately.",,REJECTED
41ebab23109729b7,NQ069,NQ,Essential - LOD Tools and Resources,Snazzy Location Resources,Snazzy Location Resources.esp,D:\Wabbajack\modlists\ARR 2.5\mods\Snazzy Location Resources\Snazzy Location Resources.esp,41ebab23109729b7|038569:Snazzy Location Resources.esp,SIGNAL,read,MISC,038569:Snazzy Location Resources.esp,GM_statuedibellaSilver01,,,,Direct selected-signature candidate.,,NO-ROWS,"Primary review: patch, fix, resource, or asset records are not an authoritative player devotional action source; defining gameplay records are reviewed separately.",,REJECTED
41ebab23109729b7,NQ069,NQ,Essential - LOD Tools and Resources,Snazzy Location Resources,Snazzy Location Resources.esp,D:\Wabbajack\modlists\ARR 2.5\mods\Snazzy Location Resources\Snazzy Location Resources.esp,41ebab23109729b7|03856A:Snazzy Location Resources.esp,SIGNAL,read,MISC,03856A:Snazzy Location Resources.esp,GM_shipinbottleSilver01,,,,Direct selected-signature candidate.,,NO-ROWS,"Primary review: patch, fix, resource, or asset records are not an authoritative player devotional action source; defining gameplay records are reviewed separately.",,REJECTED
41ebab23109729b7,NQ069,NQ,Essential - LOD Tools and Resources,Snazzy Location Resources,Snazzy Location Resources.esp,D:\Wabbajack\modlists\ARR 2.5\mods\Snazzy Location Resources\Snazzy Location Resources.esp,41ebab23109729b7|03856B:Snazzy Location Resources.esp,SIGNAL,read,MISC,03856B:Snazzy Location Resources.esp,GM_StaturDibellaFlowerSilver01,,,,Direct selected-signature candidate.,,NO-ROWS,"Primary review: patch, fix, resource, or asset records are not an authoritative player devotional action source; defining gameplay records are reviewed separately.",,REJECTED
41ebab23109729b7,NQ069,NQ,Essential - LOD Tools and Resources,Snazzy Location Resources,Snazzy Location Resources.esp,D:\Wabbajack\modlists\ARR 2.5\mods\Snazzy Location Resources\Snazzy Location Resources.esp,41ebab23109729b7|03856C:Snazzy Location Resources.esp,SIGNAL,read,MISC,03856C:Snazzy Location Resources.esp,GM_dweforkSilver,,,,Direct selected-signature candidate.,,NO-ROWS,"Primary review: patch, fix, resource, or asset records are not an authoritative player devotional action source; defining gameplay records are reviewed separately.",,REJECTED
41ebab23109729b7,NQ069,NQ,Essential - LOD Tools and Resources,Snazzy Location Resources,Snazzy Location Resources.esp,D:\Wabbajack\modlists\ARR 2.5\mods\Snazzy Location Resources\Snazzy Location Resources.esp,41ebab23109729b7|03856D:Snazzy Location Resources.esp,SIGNAL,read,MISC,03856D:Snazzy Location Resources.esp,GM_dwespoonSilver,,,,Direct selected-signature candidate.,,NO-ROWS,"Primary review: patch, fix, resource, or asset records are not an authoritative player devotional action source; defining gameplay records are reviewed separately.",,REJECTED
41ebab23109729b7,NQ069,NQ,Essential - LOD Tools and Resources,Snazzy Location Resources,Snazzy Location Resources.esp,D:\Wabbajack\modlists\ARR 2.5\mods\Snazzy Location Resources\Snazzy Location Resources.esp,41ebab23109729b7|05CE2D:Snazzy Location Resources.esp,SIGNAL,read,SPEL,05CE2D:Snazzy Location Resources.esp,GM_FVDQuillENCH01,,,,Direct selected-signature candidate.,,NO-ROWS,"Primary review: patch, fix, resource, or asset records are not an authoritative player devotional action source; defining gameplay records are reviewed separately.",,REJECTED
41ebab23109729b7,NQ069,NQ,Essential - LOD Tools and Resources,Snazzy Location Resources,Snazzy Location Resources.esp,D:\Wabbajack\modlists\ARR 2.5\mods\Snazzy Location Resources\Snazzy Location Resources.esp,41ebab23109729b7|04789C:Snazzy Location Resources.esp,SIGNAL,read,TREE,04789C:Snazzy Location Resources.esp,GM_RoseRed01,,,,Direct selected-signature candidate.,,NO-ROWS,"Primary review: patch, fix, resource, or asset records are not an authoritative player devotional action source; defining gameplay records are reviewed separately.",,REJECTED
5a6c372ab6f7f4b2,NQ069,NQ,Essential - LOD Tools and Resources,Snozz's Resource Pack,SnozzResources.esp,D:\Wabbajack\modlists\ARR 2.5\mods\Snozz's Resource Pack\SnozzResources.esp,PLUGIN,PLUGIN-SUMMARY,read,,,,,,,Direct selected-signature reads.,ACTI:7|ARMO:3|CONT:4|FLOR:12|WEAP:9,NO-ROWS,"Primary review: patch, fix, resource, or asset records are not an authoritative player devotional action source; defining gameplay records are reviewed separately.",Direct signal candidate enumeration: 35,REJECTED
5a6c372ab6f7f4b2,NQ069,NQ,Essential - LOD Tools and Resources,Snozz's Resource Pack,SnozzResources.esp,D:\Wabbajack\modlists\ARR 2.5\mods\Snozz's Resource Pack\SnozzResources.esp,5a6c372ab6f7f4b2|26F834:SnozzResources.esp,SIGNAL,read,ACTI,26F834:SnozzResources.esp,DLC2GoldPile_ChestLeft,,,,Direct selected-signature candidate.,,NO-ROWS,"Primary review: patch, fix, resource, or asset records are not an authoritative player devotional action source; defining gameplay records are reviewed separately.",,REJECTED
5a6c372ab6f7f4b2,NQ069,NQ,Essential - LOD Tools and Resources,Snozz's Resource Pack,SnozzResources.esp,D:\Wabbajack\modlists\ARR 2.5\mods\Snozz's Resource Pack\SnozzResources.esp,5a6c372ab6f7f4b2|26F835:SnozzResources.esp,SIGNAL,read,ACTI,26F835:SnozzResources.esp,DLC2GoldPile_ChestRight,,,,Direct selected-signature candidate.,,NO-ROWS,"Primary review: patch, fix, resource, or asset records are not an authoritative player devotional action source; defining gameplay records are reviewed separately.",,REJECTED
5a6c372ab6f7f4b2,NQ069,NQ,Essential - LOD Tools and Resources,Snozz's Resource Pack,SnozzResources.esp,D:\Wabbajack\modlists\ARR 2.5\mods\Snozz's Resource Pack\SnozzResources.esp,5a6c372ab6f7f4b2|26F836:SnozzResources.esp,SIGNAL,read,ACTI,26F836:SnozzResources.esp,DLC2GoldPile_ChestCenter,,,,Direct selected-signature candidate.,,NO-ROWS,"Primary review: patch, fix, resource, or asset records are not an authoritative player devotional action source; defining gameplay records are reviewed separately.",,REJECTED
5a6c372ab6f7f4b2,NQ069,NQ,Essential - LOD Tools and Resources,Snozz's Resource Pack,SnozzResources.esp,D:\Wabbajack\modlists\ARR 2.5\mods\Snozz's Resource Pack\SnozzResources.esp,5a6c372ab6f7f4b2|27499F:SnozzResources.esp,SIGNAL,read,ACTI,27499F:SnozzResources.esp,MinesRetractableBridge01,,,,Direct selected-signature candidate.,,NO-ROWS,"Primary review: patch, fix, resource, or asset records are not an authoritative player devotional action source; defining gameplay records are reviewed separately.",,REJECTED
5a6c372ab6f7f4b2,NQ069,NQ,Essential - LOD Tools and Resources,Snozz's Resource Pack,SnozzResources.esp,D:\Wabbajack\modlists\ARR 2.5\mods\Snozz's Resource Pack\SnozzResources.esp,5a6c372ab6f7f4b2|279AA1:SnozzResources.esp,SIGNAL,read,ACTI,279AA1:SnozzResources.esp,WeaponRackMidNor,,,,Direct selected-signature candidate.,,NO-ROWS,"Primary review: patch, fix, resource, or asset records are not an authoritative player devotional action source; defining gameplay records are reviewed separately.",,REJECTED
5a6c372ab6f7f4b2,NQ069,NQ,Essential - LOD Tools and Resources,Snozz's Resource Pack,SnozzResources.esp,D:\Wabbajack\modlists\ARR 2.5\mods\Snozz's Resource Pack\SnozzResources.esp,5a6c372ab6f7f4b2|279AED:SnozzResources.esp,SIGNAL,read,ACTI,279AED:SnozzResources.esp,LadderTrigBox,,,,Direct selected-signature candidate.,,NO-ROWS,"Primary review: patch, fix, resource, or asset records are not an authoritative player devotional action source; defining gameplay records are reviewed separately.",,REJECTED
5a6c372ab6f7f4b2,NQ069,NQ,Essential - LOD Tools and Resources,Snozz's Resource Pack,SnozzResources.esp,D:\Wabbajack\modlists\ARR 2.5\mods\Snozz's Resource Pack\SnozzResources.esp,5a6c372ab6f7f4b2|288E1C:SnozzResources.esp,SIGNAL,read,ACTI,288E1C:SnozzResources.esp,NorLever01A,,,,Direct selected-signature candidate.,,NO-ROWS,"Primary review: patch, fix, resource, or asset records are not an authoritative player devotional action source; defining gameplay records are reviewed separately.",,REJECTED
5a6c372ab6f7f4b2,NQ069,NQ,Essential - LOD Tools and Resources,Snozz's Resource Pack,SnozzResources.esp,D:\Wabbajack\modlists\ARR 2.5\mods\Snozz's Resource Pack\SnozzResources.esp,5a6c372ab6f7f4b2|274970:SnozzResources.esp,SIGNAL,read,ARMO,274970:SnozzResources.esp,ClothesMonkHoodRed,,,,Direct selected-signature candidate.,,NO-ROWS,"Primary review: patch, fix, resource, or asset records are not an authoritative player devotional action source; defining gameplay records are reviewed separately.",,REJECTED
5a6c372ab6f7f4b2,NQ069,NQ,Essential - LOD Tools and Resources,Snozz's Resource Pack,SnozzResources.esp,D:\Wabbajack\modlists\ARR 2.5\mods\Snozz's Resource Pack\SnozzResources.esp,5a6c372ab6f7f4b2|274971:SnozzResources.esp,SIGNAL,read,ARMO,274971:SnozzResources.esp,ClothesMonkHoodGrey,,,,Direct selected-signature candidate.,,NO-ROWS,"Primary review: patch, fix, resource, or asset records are not an authoritative player devotional action source; defining gameplay records are reviewed separately.",,REJECTED
5a6c372ab6f7f4b2,NQ069,NQ,Essential - LOD Tools and Resources,Snozz's Resource Pack,SnozzResources.esp,D:\Wabbajack\modlists\ARR 2.5\mods\Snozz's Resource Pack\SnozzResources.esp,5a6c372ab6f7f4b2|274972:SnozzResources.esp,SIGNAL,read,ARMO,274972:SnozzResources.esp,ClothesMonkHoodBrown,,,,Direct selected-signature candidate.,,NO-ROWS,"Primary review: patch, fix, resource, or asset records are not an authoritative player devotional action source; defining gameplay records are reviewed separately.",,REJECTED
5a6c372ab6f7f4b2,NQ069,NQ,Essential - LOD Tools and Resources,Snozz's Resource Pack,SnozzResources.esp,D:\Wabbajack\modlists\ARR 2.5\mods\Snozz's Resource Pack\SnozzResources.esp,5a6c372ab6f7f4b2|279AB7:SnozzResources.esp,SIGNAL,read,CONT,279AB7:SnozzResources.esp,MiscSackCoalLargeFlat03,,,,Direct selected-signature candidate.,,NO-ROWS,"Primary review: patch, fix, resource, or asset records are not an authoritative player devotional action source; defining gameplay records are reviewed separately.",,REJECTED
5a6c372ab6f7f4b2,NQ069,NQ,Essential - LOD Tools and Resources,Snozz's Resource Pack,SnozzResources.esp,D:\Wabbajack\modlists\ARR 2.5\mods\Snozz's Resource Pack\SnozzResources.esp,5a6c372ab6f7f4b2|279AB4:SnozzResources.esp,SIGNAL,read,CONT,279AB4:SnozzResources.esp,MiscSackCoalLarge,,,,Direct selected-signature candidate.,,NO-ROWS,"Primary review: patch, fix, resource, or asset records are not an authoritative player devotional action source; defining gameplay records are reviewed separately.",,REJECTED
5a6c372ab6f7f4b2,NQ069,NQ,Essential - LOD Tools and Resources,Snozz's Resource Pack,SnozzResources.esp,D:\Wabbajack\modlists\ARR 2.5\mods\Snozz's Resource Pack\SnozzResources.esp,5a6c372ab6f7f4b2|279AB5:SnozzResources.esp,SIGNAL,read,CONT,279AB5:SnozzResources.esp,MiscSackCoalLargeFlat01,,,,Direct selected-signature candidate.,,NO-ROWS,"Primary review: patch, fix, resource, or asset records are not an authoritative player devotional action source; defining gameplay records are reviewed separately.",,REJECTED
5a6c372ab6f7f4b2,NQ069,NQ,Essential - LOD Tools and Resources,Snozz's Resource Pack,SnozzResources.esp,D:\Wabbajack\modlists\ARR 2.5\mods\Snozz's Resource Pack\SnozzResources.esp,5a6c372ab6f7f4b2|279AB6:SnozzResources.esp,SIGNAL,read,CONT,279AB6:SnozzResources.esp,MiscSackCoalLargeFlat02,,,,Direct selected-signature candidate.,,NO-ROWS,"Primary review: patch, fix, resource, or asset records are not an authoritative player devotional action source; defining gameplay records are reviewed separately.",,REJECTED
5a6c372ab6f7f4b2,NQ069,NQ,Essential - LOD Tools and Resources,Snozz's Resource Pack,SnozzResources.esp,D:\Wabbajack\modlists\ARR 2.5\mods\Snozz's Resource Pack\SnozzResources.esp,5a6c372ab6f7f4b2|26F858:SnozzResources.esp,SIGNAL,read,FLOR,26F858:SnozzResources.esp,FloraMushroom06SmallCaveDirt,,,,Direct selected-signature candidate.,,NO-ROWS,"Primary review: patch, fix, resource, or asset records are not an authoritative player devotional action source; defining gameplay records are reviewed separately.",,REJECTED
5a6c372ab6f7f4b2,NQ069,NQ,Essential - LOD Tools and Resources,Snozz's Resource Pack,SnozzResources.esp,D:\Wabbajack\modlists\ARR 2.5\mods\Snozz's Resource Pack\SnozzResources.esp,5a6c372ab6f7f4b2|26F853:SnozzResources.esp,SIGNAL,read,FLOR,26F853:SnozzResources.esp,FloraMushroom01SmallCaveDirt,,,,Direct selected-signature candidate.,,NO-ROWS,"Primary review: patch, fix, resource, or asset records are not an authoritative player devotional action source; defining gameplay records are reviewed separately.",,REJECTED
5a6c372ab6f7f4b2,NQ069,NQ,Essential - LOD Tools and Resources,Snozz's Resource Pack,SnozzResources.esp,D:\Wabbajack\modlists\ARR 2.5\mods\Snozz's Resource Pack\SnozzResources.esp,5a6c372ab6f7f4b2|26F854:SnozzResources.esp,SIGNAL,read,FLOR,26F854:SnozzResources.esp,FloraMushroom02SmallCaveDirt,,,,Direct selected-signature candidate.,,NO-ROWS,"Primary review: patch, fix, resource, or asset records are not an authoritative player devotional action source; defining gameplay records are reviewed separately.",,REJECTED
5a6c372ab6f7f4b2,NQ069,NQ,Essential - LOD Tools and Resources,Snozz's Resource Pack,SnozzResources.esp,D:\Wabbajack\modlists\ARR 2.5\mods\Snozz's Resource Pack\SnozzResources.esp,5a6c372ab6f7f4b2|26F855:SnozzResources.esp,SIGNAL,read,FLOR,26F855:SnozzResources.esp,FloraMushroom03SmallCaveDirt,,,,Direct selected-signature candidate.,,NO-ROWS,"Primary review: patch, fix, resource, or asset records are not an authoritative player devotional action source; defining gameplay records are reviewed separately.",,REJECTED
5a6c372ab6f7f4b2,NQ069,NQ,Essential - LOD Tools and Resources,Snozz's Resource Pack,SnozzResources.esp,D:\Wabbajack\modlists\ARR 2.5\mods\Snozz's Resource Pack\SnozzResources.esp,5a6c372ab6f7f4b2|26F856:SnozzResources.esp,SIGNAL,read,FLOR,26F856:SnozzResources.esp,FloraMushroom04SmallCaveDirt,,,,Direct selected-signature candidate.,,NO-ROWS,"Primary review: patch, fix, resource, or asset records are not an authoritative player devotional action source; defining gameplay records are reviewed separately.",,REJECTED
5a6c372ab6f7f4b2,NQ069,NQ,Essential - LOD Tools and Resources,Snozz's Resource Pack,SnozzResources.esp,D:\Wabbajack\modlists\ARR 2.5\mods\Snozz's Resource Pack\SnozzResources.esp,5a6c372ab6f7f4b2|26F857:SnozzResources.esp,SIGNAL,read,FLOR,26F857:SnozzResources.esp,FloraMushroom05SmallCaveDirt,,,,Direct selected-signature candidate.,,NO-ROWS,"Primary review: patch, fix, resource, or asset records are not an authoritative player devotional action source; defining gameplay records are reviewed separately.",,REJECTED
5a6c372ab6f7f4b2,NQ069,NQ,Essential - LOD Tools and Resources,Snozz's Resource Pack,SnozzResources.esp,D:\Wabbajack\modlists\ARR 2.5\mods\Snozz's Resource Pack\SnozzResources.esp,5a6c372ab6f7f4b2|274961:SnozzResources.esp,SIGNAL,read,FLOR,274961:SnozzResources.esp,FloraMushroom01SmallMines,,,,Direct selected-signature candidate.,,NO-ROWS,"Primary review: patch, fix, resource, or asset records are not an authoritative player devotional action source; defining gameplay records are reviewed separately.",,REJECTED
5a6c372ab6f7f4b2,NQ069,NQ,Essential - LOD Tools and Resources,Snozz's Resource Pack,SnozzResources.esp,D:\Wabbajack\modlists\ARR 2.5\mods\Snozz's Resource Pack\SnozzResources.esp,5a6c372ab6f7f4b2|274962:SnozzResources.esp,SIGNAL,read,FLOR,274962:SnozzResources.esp,FloraMushroom02SmallMines,,,,Direct selected-signature candidate.,,NO-ROWS,"Primary review: patch, fix, resource, or asset records are not an authoritative player devotional action source; defining gameplay records are reviewed separately.",,REJECTED
5a6c372ab6f7f4b2,NQ069,NQ,Essential - LOD Tools and Resources,Snozz's Resource Pack,SnozzResources.esp,D:\Wabbajack\modlists\ARR 2.5\mods\Snozz's Resource Pack\SnozzResources.esp,5a6c372ab6f7f4b2|274963:SnozzResources.esp,SIGNAL,read,FLOR,274963:SnozzResources.esp,FloraMushroom03SmallMines,,,,Direct selected-signature candidate.,,NO-ROWS,"Primary review: patch, fix, resource, or asset records are not an authoritative player devotional action source; defining gameplay records are reviewed separately.",,REJECTED
5a6c372ab6f7f4b2,NQ069,NQ,Essential - LOD Tools and Resources,Snozz's Resource Pack,SnozzResources.esp,D:\Wabbajack\modlists\ARR 2.5\mods\Snozz's Resource Pack\SnozzResources.esp,5a6c372ab6f7f4b2|274964:SnozzResources.esp,SIGNAL,read,FLOR,274964:SnozzResources.esp,FloraMushroom04SmallMines,,,,Direct selected-signature candidate.,,NO-ROWS,"Primary review: patch, fix, resource, or asset records are not an authoritative player devotional action source; defining gameplay records are reviewed separately.",,REJECTED
5a6c372ab6f7f4b2,NQ069,NQ,Essential - LOD Tools and Resources,Snozz's Resource Pack,SnozzResources.esp,D:\Wabbajack\modlists\ARR 2.5\mods\Snozz's Resource Pack\SnozzResources.esp,5a6c372ab6f7f4b2|274965:SnozzResources.esp,SIGNAL,read,FLOR,274965:SnozzResources.esp,FloraMushroom05SmallMines,,,,Direct selected-signature candidate.,,NO-ROWS,"Primary review: patch, fix, resource, or asset records are not an authoritative player devotional action source; defining gameplay records are reviewed separately.",,REJECTED
5a6c372ab6f7f4b2,NQ069,NQ,Essential - LOD Tools and Resources,Snozz's Resource Pack,SnozzResources.esp,D:\Wabbajack\modlists\ARR 2.5\mods\Snozz's Resource Pack\SnozzResources.esp,5a6c372ab6f7f4b2|274966:SnozzResources.esp,SIGNAL,read,FLOR,274966:SnozzResources.esp,FloraMushroom06SmallMines,,,,Direct selected-signature candidate.,,NO-ROWS,"Primary review: patch, fix, resource, or asset records are not an authoritative player devotional action source; defining gameplay records are reviewed separately.",,REJECTED
5a6c372ab6f7f4b2,NQ069,NQ,Essential - LOD Tools and Resources,Snozz's Resource Pack,SnozzResources.esp,D:\Wabbajack\modlists\ARR 2.5\mods\Snozz's Resource Pack\SnozzResources.esp,5a6c372ab6f7f4b2|274983:SnozzResources.esp,SIGNAL,read,WEAP,274983:SnozzResources.esp,DraugrBowYol1,,,,Direct selected-signature candidate.,,NO-ROWS,"Primary review: patch, fix, resource, or asset records are not an authoritative player devotional action source; defining gameplay records are reviewed separately.",,REJECTED
5a6c372ab6f7f4b2,NQ069,NQ,Essential - LOD Tools and Resources,Snozz's Resource Pack,SnozzResources.esp,D:\Wabbajack\modlists\ARR 2.5\mods\Snozz's Resource Pack\SnozzResources.esp,5a6c372ab6f7f4b2|27498B:SnozzResources.esp,SIGNAL,read,WEAP,27498B:SnozzResources.esp,DraugrBowStrun3,,,,Direct selected-signature candidate.,,NO-ROWS,"Primary review: patch, fix, resource, or asset records are not an authoritative player devotional action source; defining gameplay records are reviewed separately.",,REJECTED
5a6c372ab6f7f4b2,NQ069,NQ,Essential - LOD Tools and Resources,Snozz's Resource Pack,SnozzResources.esp,D:\Wabbajack\modlists\ARR 2.5\mods\Snozz's Resource Pack\SnozzResources.esp,5a6c372ab6f7f4b2|274984:SnozzResources.esp,SIGNAL,read,WEAP,274984:SnozzResources.esp,DraugrBowYol2,,,,Direct selected-signature candidate.,,NO-ROWS,"Primary review: patch, fix, resource, or asset records are not an authoritative player devotional action source; defining gameplay records are reviewed separately.",,REJECTED
5a6c372ab6f7f4b2,NQ069,NQ,Essential - LOD Tools and Resources,Snozz's Resource Pack,SnozzResources.esp,D:\Wabbajack\modlists\ARR 2.5\mods\Snozz's Resource Pack\SnozzResources.esp,5a6c372ab6f7f4b2|274985:SnozzResources.esp,SIGNAL,read,WEAP,274985:SnozzResources.esp,DraugrBowYol3,,,,Direct selected-signature candidate.,,NO-ROWS,"Primary review: patch, fix, resource, or asset records are not an authoritative player devotional action source; defining gameplay records are reviewed separately.",,REJECTED
5a6c372ab6f7f4b2,NQ069,NQ,Essential - LOD Tools and Resources,Snozz's Resource Pack,SnozzResources.esp,D:\Wabbajack\modlists\ARR 2.5\mods\Snozz's Resource Pack\SnozzResources.esp,5a6c372ab6f7f4b2|274986:SnozzResources.esp,SIGNAL,read,WEAP,274986:SnozzResources.esp,DraugrBowFo1,,,,Direct selected-signature candidate.,,NO-ROWS,"Primary review: patch, fix, resource, or asset records are not an authoritative player devotional action source; defining gameplay records are reviewed separately.",,REJECTED
5a6c372ab6f7f4b2,NQ069,NQ,Essential - LOD Tools and Resources,Snozz's Resource Pack,SnozzResources.esp,D:\Wabbajack\modlists\ARR 2.5\mods\Snozz's Resource Pack\SnozzResources.esp,5a6c372ab6f7f4b2|274987:SnozzResources.esp,SIGNAL,read,WEAP,274987:SnozzResources.esp,DraugrBowFo2,,,,Direct selected-signature candidate.,,NO-ROWS,"Primary review: patch, fix, resource, or asset records are not an authoritative player devotional action source; defining gameplay records are reviewed separately.",,REJECTED
5a6c372ab6f7f4b2,NQ069,NQ,Essential - LOD Tools and Resources,Snozz's Resource Pack,SnozzResources.esp,D:\Wabbajack\modlists\ARR 2.5\mods\Snozz's Resource Pack\SnozzResources.esp,5a6c372ab6f7f4b2|274988:SnozzResources.esp,SIGNAL,read,WEAP,274988:SnozzResources.esp,DraugrBowFo3,,,,Direct selected-signature candidate.,,NO-ROWS,"Primary review: patch, fix, resource, or asset records are not an authoritative player devotional action source; defining gameplay records are reviewed separately.",,REJECTED
5a6c372ab6f7f4b2,NQ069,NQ,Essential - LOD Tools and Resources,Snozz's Resource Pack,SnozzResources.esp,D:\Wabbajack\modlists\ARR 2.5\mods\Snozz's Resource Pack\SnozzResources.esp,5a6c372ab6f7f4b2|274989:SnozzResources.esp,SIGNAL,read,WEAP,274989:SnozzResources.esp,DraugrBowStrun1,,,,Direct selected-signature candidate.,,NO-ROWS,"Primary review: patch, fix, resource, or asset records are not an authoritative player devotional action source; defining gameplay records are reviewed separately.",,REJECTED
5a6c372ab6f7f4b2,NQ069,NQ,Essential - LOD Tools and Resources,Snozz's Resource Pack,SnozzResources.esp,D:\Wabbajack\modlists\ARR 2.5\mods\Snozz's Resource Pack\SnozzResources.esp,5a6c372ab6f7f4b2|27498A:SnozzResources.esp,SIGNAL,read,WEAP,27498A:SnozzResources.esp,DraugrBowStrun2,,,,Direct selected-signature candidate.,,NO-ROWS,"Primary review: patch, fix, resource, or asset records are not an authoritative player devotional action source; defining gameplay records are reviewed separately.",,REJECTED
0fb0d8109bdf1647,NQ069,NQ,Essential - SKSE Fixes,Project Bro He's There - Fix followers not starting combat,ProjectBroHesThere.esp,D:\Wabbajack\modlists\ARR 2.5\mods\Project Bro He's There - Fix followers not starting combat\ProjectBroHesThere.esp,PLUGIN,PLUGIN-SUMMARY,read,,,,,,,Direct selected-signature reads.,KYWD:1|SPEL:1,NO-ROWS,"Primary review: patch, fix, resource, or asset records are not an authoritative player devotional action source; defining gameplay records are reviewed separately.",Direct signal candidate enumeration: 2,REJECTED
0fb0d8109bdf1647,NQ069,NQ,Essential - SKSE Fixes,Project Bro He's There - Fix followers not starting combat,ProjectBroHesThere.esp,D:\Wabbajack\modlists\ARR 2.5\mods\Project Bro He's There - Fix followers not starting combat\ProjectBroHesThere.esp,0fb0d8109bdf1647|000802:ProjectBroHesThere.esp,SIGNAL,read,KYWD,000802:ProjectBroHesThere.esp,PBHT_AlertKeyword,,,,Direct selected-signature candidate.,,NO-ROWS,"Primary review: patch, fix, resource, or asset records are not an authoritative player devotional action source; defining gameplay records are reviewed separately.",,REJECTED
0fb0d8109bdf1647,NQ069,NQ,Essential - SKSE Fixes,Project Bro He's There - Fix followers not starting combat,ProjectBroHesThere.esp,D:\Wabbajack\modlists\ARR 2.5\mods\Project Bro He's There - Fix followers not starting combat\ProjectBroHesThere.esp,0fb0d8109bdf1647|000801:ProjectBroHesThere.esp,SIGNAL,read,SPEL,000801:ProjectBroHesThere.esp,PBHT_AlertSpell,,,,Direct selected-signature candidate.,,NO-ROWS,"Primary review: patch, fix, resource, or asset records are not an authoritative player devotional action source; defining gameplay records are reviewed separately.",,REJECTED
fe26b657d6557650,NQ069,NQ,Essential - SKSE Tweaks,Race Compatibility SKSE (RCS) - PatchHub,RaceCompatibility.esm,D:\Wabbajack\modlists\ARR 2.5\mods\Race Compatibility SKSE (RCS) - PatchHub\RaceCompatibility.esm,PLUGIN,PLUGIN-SUMMARY,read,,,,,,,Direct selected-signature reads.,FLST:2|KYWD:10,NO-ROWS,"Primary review: patch, fix, resource, or asset records are not an authoritative player devotional action source; defining gameplay records are reviewed separately.",Direct signal candidate enumeration: 12,REJECTED
fe26b657d6557650,NQ069,NQ,Essential - SKSE Tweaks,Race Compatibility SKSE (RCS) - PatchHub,RaceCompatibility.esm,D:\Wabbajack\modlists\ARR 2.5\mods\Race Compatibility SKSE (RCS) - PatchHub\RaceCompatibility.esm,fe26b657d6557650|000D62:RaceCompatibility.esm,SIGNAL,read,FLST,000D62:RaceCompatibility.esm,PlayableRaceList,,,,Direct selected-signature candidate.,,NO-ROWS,"Primary review: patch, fix, resource, or asset records are not an authoritative player devotional action source; defining gameplay records are reviewed separately.",,REJECTED
fe26b657d6557650,NQ069,NQ,Essential - SKSE Tweaks,Race Compatibility SKSE (RCS) - PatchHub,RaceCompatibility.esm,D:\Wabbajack\modlists\ARR 2.5\mods\Race Compatibility SKSE (RCS) - PatchHub\RaceCompatibility.esm,fe26b657d6557650|000D63:RaceCompatibility.esm,SIGNAL,read,FLST,000D63:RaceCompatibility.esm,PlayableVampireList,,,,Direct selected-signature candidate.,,NO-ROWS,"Primary review: patch, fix, resource, or asset records are not an authoritative player devotional action source; defining gameplay records are reviewed separately.",,REJECTED
fe26b657d6557650,NQ069,NQ,Essential - SKSE Tweaks,Race Compatibility SKSE (RCS) - PatchHub,RaceCompatibility.esm,D:\Wabbajack\modlists\ARR 2.5\mods\Race Compatibility SKSE (RCS) - PatchHub\RaceCompatibility.esm,fe26b657d6557650|001D8A:RaceCompatibility.esm,SIGNAL,read,KYWD,001D8A:RaceCompatibility.esm,ActorProxyBreton,,,,Direct selected-signature candidate.,,NO-ROWS,"Primary review: patch, fix, resource, or asset records are not an authoritative player devotional action source; defining gameplay records are reviewed separately.",,REJECTED
fe26b657d6557650,NQ069,NQ,Essential - SKSE Tweaks,Race Compatibility SKSE (RCS) - PatchHub,RaceCompatibility.esm,D:\Wabbajack\modlists\ARR 2.5\mods\Race Compatibility SKSE (RCS) - PatchHub\RaceCompatibility.esm,fe26b657d6557650|001D8B:RaceCompatibility.esm,SIGNAL,read,KYWD,001D8B:RaceCompatibility.esm,ActorProxyArgonian,,,,Direct selected-signature candidate.,,NO-ROWS,"Primary review: patch, fix, resource, or asset records are not an authoritative player devotional action source; defining gameplay records are reviewed separately.",,REJECTED
fe26b657d6557650,NQ069,NQ,Essential - SKSE Tweaks,Race Compatibility SKSE (RCS) - PatchHub,RaceCompatibility.esm,D:\Wabbajack\modlists\ARR 2.5\mods\Race Compatibility SKSE (RCS) - PatchHub\RaceCompatibility.esm,fe26b657d6557650|001D8C:RaceCompatibility.esm,SIGNAL,read,KYWD,001D8C:RaceCompatibility.esm,ActorProxyKhajiit,,,,Direct selected-signature candidate.,,NO-ROWS,"Primary review: patch, fix, resource, or asset records are not an authoritative player devotional action source; defining gameplay records are reviewed separately.",,REJECTED
fe26b657d6557650,NQ069,NQ,Essential - SKSE Tweaks,Race Compatibility SKSE (RCS) - PatchHub,RaceCompatibility.esm,D:\Wabbajack\modlists\ARR 2.5\mods\Race Compatibility SKSE (RCS) - PatchHub\RaceCompatibility.esm,fe26b657d6557650|001D8D:RaceCompatibility.esm,SIGNAL,read,KYWD,001D8D:RaceCompatibility.esm,ActorProxyOrc,,,,Direct selected-signature candidate.,,NO-ROWS,"Primary review: patch, fix, resource, or asset records are not an authoritative player devotional action source; defining gameplay records are reviewed separately.",,REJECTED
fe26b657d6557650,NQ069,NQ,Essential - SKSE Tweaks,Race Compatibility SKSE (RCS) - PatchHub,RaceCompatibility.esm,D:\Wabbajack\modlists\ARR 2.5\mods\Race Compatibility SKSE (RCS) - PatchHub\RaceCompatibility.esm,fe26b657d6557650|001D8E:RaceCompatibility.esm,SIGNAL,read,KYWD,001D8E:RaceCompatibility.esm,ActorProxyHighElf,,,,Direct selected-signature candidate.,,NO-ROWS,"Primary review: patch, fix, resource, or asset records are not an authoritative player devotional action source; defining gameplay records are reviewed separately.",,REJECTED
fe26b657d6557650,NQ069,NQ,Essential - SKSE Tweaks,Race Compatibility SKSE (RCS) - PatchHub,RaceCompatibility.esm,D:\Wabbajack\modlists\ARR 2.5\mods\Race Compatibility SKSE (RCS) - PatchHub\RaceCompatibility.esm,fe26b657d6557650|001D8F:RaceCompatibility.esm,SIGNAL,read,KYWD,001D8F:RaceCompatibility.esm,ActorProxyDarkElf,,,,Direct selected-signature candidate.,,NO-ROWS,"Primary review: patch, fix, resource, or asset records are not an authoritative player devotional action source; defining gameplay records are reviewed separately.",,REJECTED
fe26b657d6557650,NQ069,NQ,Essential - SKSE Tweaks,Race Compatibility SKSE (RCS) - PatchHub,RaceCompatibility.esm,D:\Wabbajack\modlists\ARR 2.5\mods\Race Compatibility SKSE (RCS) - PatchHub\RaceCompatibility.esm,fe26b657d6557650|001D90:RaceCompatibility.esm,SIGNAL,read,KYWD,001D90:RaceCompatibility.esm,ActorProxyImperial,,,,Direct selected-signature candidate.,,NO-ROWS,"Primary review: patch, fix, resource, or asset records are not an authoritative player devotional action source; defining gameplay records are reviewed separately.",,REJECTED
fe26b657d6557650,NQ069,NQ,Essential - SKSE Tweaks,Race Compatibility SKSE (RCS) - PatchHub,RaceCompatibility.esm,D:\Wabbajack\modlists\ARR 2.5\mods\Race Compatibility SKSE (RCS) - PatchHub\RaceCompatibility.esm,fe26b657d6557650|001D91:RaceCompatibility.esm,SIGNAL,read,KYWD,001D91:RaceCompatibility.esm,ActorProxyRedguard,,,,Direct selected-signature candidate.,,NO-ROWS,"Primary review: patch, fix, resource, or asset records are not an authoritative player devotional action source; defining gameplay records are reviewed separately.",,REJECTED
fe26b657d6557650,NQ069,NQ,Essential - SKSE Tweaks,Race Compatibility SKSE (RCS) - PatchHub,RaceCompatibility.esm,D:\Wabbajack\modlists\ARR 2.5\mods\Race Compatibility SKSE (RCS) - PatchHub\RaceCompatibility.esm,fe26b657d6557650|001D92:RaceCompatibility.esm,SIGNAL,read,KYWD,001D92:RaceCompatibility.esm,ActorProxyWoodElf,,,,Direct selected-signature candidate.,,NO-ROWS,"Primary review: patch, fix, resource, or asset records are not an authoritative player devotional action source; defining gameplay records are reviewed separately.",,REJECTED
fe26b657d6557650,NQ069,NQ,Essential - SKSE Tweaks,Race Compatibility SKSE (RCS) - PatchHub,RaceCompatibility.esm,D:\Wabbajack\modlists\ARR 2.5\mods\Race Compatibility SKSE (RCS) - PatchHub\RaceCompatibility.esm,fe26b657d6557650|001D93:RaceCompatibility.esm,SIGNAL,read,KYWD,001D93:RaceCompatibility.esm,ActorProxyNord,,,,Direct selected-signature candidate.,,NO-ROWS,"Primary review: patch, fix, resource, or asset records are not an authoritative player devotional action source; defining gameplay records are reviewed separately.",,REJECTED
dd0a864a54a94187,NQ069,NQ,Essential - Unofficial Patches,USMP Patch Emporium,USMP - LOTD patch.esp,D:\Wabbajack\modlists\ARR 2.5\mods\USMP Patch Emporium\USMP - LOTD patch.esp,PLUGIN,PLUGIN-SUMMARY,read,,,,,,,Direct selected-signature reads.,ARMO:1|BOOK:1|CONT:1,NO-ROWS,"Primary review: patch, fix, resource, or asset records are not an authoritative player devotional action source; defining gameplay records are reviewed separately.",Direct signal candidate enumeration: 3,REJECTED
dd0a864a54a94187,NQ069,NQ,Essential - Unofficial Patches,USMP Patch Emporium,USMP - LOTD patch.esp,D:\Wabbajack\modlists\ARR 2.5\mods\USMP Patch Emporium\USMP - LOTD patch.esp,dd0a864a54a94187|0C3CE6:Skyrim.esm,SIGNAL,read,ARMO,0C3CE6:Skyrim.esm,FavorOrcsGauntlets,,,,Direct selected-signature candidate.,,NO-ROWS,"Primary review: patch, fix, resource, or asset records are not an authoritative player devotional action source; defining gameplay records are reviewed separately.",,REJECTED
dd0a864a54a94187,NQ069,NQ,Essential - Unofficial Patches,USMP Patch Emporium,USMP - LOTD patch.esp,D:\Wabbajack\modlists\ARR 2.5\mods\USMP Patch Emporium\USMP - LOTD patch.esp,dd0a864a54a94187|02AD41:Dragonborn.esm,SIGNAL,read,BOOK,02AD41:Dragonborn.esm,DLC2TGLetter,,,,Direct selected-signature candidate.,,NO-ROWS,"Primary review: patch, fix, resource, or asset records are not an authoritative player devotional action source; defining gameplay records are reviewed separately.",,REJECTED
dd0a864a54a94187,NQ069,NQ,Essential - Unofficial Patches,USMP Patch Emporium,USMP - LOTD patch.esp,D:\Wabbajack\modlists\ARR 2.5\mods\USMP Patch Emporium\USMP - LOTD patch.esp,dd0a864a54a94187|01047A:Dawnguard.esm,SIGNAL,read,CONT,01047A:Dawnguard.esm,DLC1VendorChestRonthil,,,,Direct selected-signature candidate.,,NO-ROWS,"Primary review: patch, fix, resource, or asset records are not an authoritative player devotional action source; defining gameplay records are reviewed separately.",,REJECTED
