input_id,batch_id,wave,separator,mod,plugin,plugin_path,evidence_id,evidence_kind,reader_status,record_signature,formid,editor_id,name,quest_expansion_classification,stage_numbers,evidence,signal_counts,proposed_triage,proposed_reason,notes,primary_review_status
1446f33966530e55,NQ083,NQ,Gameplay - Traveling,Ferrymen - Clothing SE by Xtudo - CFTO-Fixes,Ferrymen - New Outfits by Xtudo.esp,D:\Wabbajack\modlists\ARR 2.5\mods\Ferrymen - Clothing SE by Xtudo - CFTO-Fixes\Ferrymen - New Outfits by Xtudo.esp,PLUGIN,PLUGIN-SUMMARY,read,,,,,,,Direct signal candidate enumeration: 9,ARMO:9,NO-ROWS,"Primary review: cosmetic armor, visual resource, ingredient replacer, outfit distribution, or miscellaneous support records do not encode a distinct player devotional act.",,REJECTED
1446f33966530e55,NQ083,NQ,Gameplay - Traveling,Ferrymen - Clothing SE by Xtudo - CFTO-Fixes,Ferrymen - New Outfits by Xtudo.esp,D:\Wabbajack\modlists\ARR 2.5\mods\Ferrymen - Clothing SE by Xtudo - CFTO-Fixes\Ferrymen - New Outfits by Xtudo.esp,SIGNAL:000815:Ferrymen - New Outfits by Xtudo.esp,SIGNAL,read,Armor,000815:Ferrymen - New Outfits by Xtudo.esp,Xtudo_NordTribalArmorWarmWhite,,,,Direct selected-signature raw-file enumeration.,ARMO:9,NO-ROWS,"Primary review: cosmetic armor, visual resource, ingredient replacer, outfit distribution, or miscellaneous support records do not encode a distinct player devotional act.",,REJECTED
1446f33966530e55,NQ083,NQ,Gameplay - Traveling,Ferrymen - Clothing SE by Xtudo - CFTO-Fixes,Ferrymen - New Outfits by Xtudo.esp,D:\Wabbajack\modlists\ARR 2.5\mods\Ferrymen - Clothing SE by Xtudo - CFTO-Fixes\Ferrymen - New Outfits by Xtudo.esp,SIGNAL:000816:Ferrymen - New Outfits by Xtudo.esp,SIGNAL,read,Armor,000816:Ferrymen - New Outfits by Xtudo.esp,Xtudo_NordTribalArmorWarmBlack,,,,Direct selected-signature raw-file enumeration.,ARMO:9,NO-ROWS,"Primary review: cosmetic armor, visual resource, ingredient replacer, outfit distribution, or miscellaneous support records do not encode a distinct player devotional act.",,REJECTED
1446f33966530e55,NQ083,NQ,Gameplay - Traveling,Ferrymen - Clothing SE by Xtudo - CFTO-Fixes,Ferrymen - New Outfits by Xtudo.esp,D:\Wabbajack\modlists\ARR 2.5\mods\Ferrymen - Clothing SE by Xtudo - CFTO-Fixes\Ferrymen - New Outfits by Xtudo.esp,SIGNAL:00081E:Ferrymen - New Outfits by Xtudo.esp,SIGNAL,read,Armor,00081E:Ferrymen - New Outfits by Xtudo.esp,Xtudo_NordTribalArmorWarmBrown,,,,Direct selected-signature raw-file enumeration.,ARMO:9,NO-ROWS,"Primary review: cosmetic armor, visual resource, ingredient replacer, outfit distribution, or miscellaneous support records do not encode a distinct player devotional act.",,REJECTED
1446f33966530e55,NQ083,NQ,Gameplay - Traveling,Ferrymen - Clothing SE by Xtudo - CFTO-Fixes,Ferrymen - New Outfits by Xtudo.esp,D:\Wabbajack\modlists\ARR 2.5\mods\Ferrymen - Clothing SE by Xtudo - CFTO-Fixes\Ferrymen - New Outfits by Xtudo.esp,SIGNAL:000829:Ferrymen - New Outfits by Xtudo.esp,SIGNAL,read,Armor,000829:Ferrymen - New Outfits by Xtudo.esp,NordTribalBoots,,,,Direct selected-signature raw-file enumeration.,ARMO:9,NO-ROWS,"Primary review: cosmetic armor, visual resource, ingredient replacer, outfit distribution, or miscellaneous support records do not encode a distinct player devotional act.",,REJECTED
1446f33966530e55,NQ083,NQ,Gameplay - Traveling,Ferrymen - Clothing SE by Xtudo - CFTO-Fixes,Ferrymen - New Outfits by Xtudo.esp,D:\Wabbajack\modlists\ARR 2.5\mods\Ferrymen - Clothing SE by Xtudo - CFTO-Fixes\Ferrymen - New Outfits by Xtudo.esp,SIGNAL:00082A:Ferrymen - New Outfits by Xtudo.esp,SIGNAL,read,Armor,00082A:Ferrymen - New Outfits by Xtudo.esp,NordTribalArmor,,,,Direct selected-signature raw-file enumeration.,ARMO:9,NO-ROWS,"Primary review: cosmetic armor, visual resource, ingredient replacer, outfit distribution, or miscellaneous support records do not encode a distinct player devotional act.",,REJECTED
1446f33966530e55,NQ083,NQ,Gameplay - Traveling,Ferrymen - Clothing SE by Xtudo - CFTO-Fixes,Ferrymen - New Outfits by Xtudo.esp,D:\Wabbajack\modlists\ARR 2.5\mods\Ferrymen - Clothing SE by Xtudo - CFTO-Fixes\Ferrymen - New Outfits by Xtudo.esp,SIGNAL:00082B:Ferrymen - New Outfits by Xtudo.esp,SIGNAL,read,Armor,00082B:Ferrymen - New Outfits by Xtudo.esp,NordTribalGloves,,,,Direct selected-signature raw-file enumeration.,ARMO:9,NO-ROWS,"Primary review: cosmetic armor, visual resource, ingredient replacer, outfit distribution, or miscellaneous support records do not encode a distinct player devotional act.",,REJECTED
1446f33966530e55,NQ083,NQ,Gameplay - Traveling,Ferrymen - Clothing SE by Xtudo - CFTO-Fixes,Ferrymen - New Outfits by Xtudo.esp,D:\Wabbajack\modlists\ARR 2.5\mods\Ferrymen - Clothing SE by Xtudo - CFTO-Fixes\Ferrymen - New Outfits by Xtudo.esp,SIGNAL:000832:Ferrymen - New Outfits by Xtudo.esp,SIGNAL,read,Armor,000832:Ferrymen - New Outfits by Xtudo.esp,NordTribalArmorGreen,,,,Direct selected-signature raw-file enumeration.,ARMO:9,NO-ROWS,"Primary review: cosmetic armor, visual resource, ingredient replacer, outfit distribution, or miscellaneous support records do not encode a distinct player devotional act.",,REJECTED
1446f33966530e55,NQ083,NQ,Gameplay - Traveling,Ferrymen - Clothing SE by Xtudo - CFTO-Fixes,Ferrymen - New Outfits by Xtudo.esp,D:\Wabbajack\modlists\ARR 2.5\mods\Ferrymen - Clothing SE by Xtudo - CFTO-Fixes\Ferrymen - New Outfits by Xtudo.esp,SIGNAL:000833:Ferrymen - New Outfits by Xtudo.esp,SIGNAL,read,Armor,000833:Ferrymen - New Outfits by Xtudo.esp,NordTribalArmorBlack,,,,Direct selected-signature raw-file enumeration.,ARMO:9,NO-ROWS,"Primary review: cosmetic armor, visual resource, ingredient replacer, outfit distribution, or miscellaneous support records do not encode a distinct player devotional act.",,REJECTED
1446f33966530e55,NQ083,NQ,Gameplay - Traveling,Ferrymen - Clothing SE by Xtudo - CFTO-Fixes,Ferrymen - New Outfits by Xtudo.esp,D:\Wabbajack\modlists\ARR 2.5\mods\Ferrymen - Clothing SE by Xtudo - CFTO-Fixes\Ferrymen - New Outfits by Xtudo.esp,SIGNAL:000834:Ferrymen - New Outfits by Xtudo.esp,SIGNAL,read,Armor,000834:Ferrymen - New Outfits by Xtudo.esp,NordTribalArmorBrown,,,,Direct selected-signature raw-file enumeration.,ARMO:9,NO-ROWS,"Primary review: cosmetic armor, visual resource, ingredient replacer, outfit distribution, or miscellaneous support records do not encode a distinct player devotional act.",,REJECTED
5c752570a06a9368,NQ083,NQ,Gameplay - Wet and Cold,Blanket Scarf Earth Tones Edition,BlanketScarf.esp,D:\Wabbajack\modlists\ARR 2.5\mods\Blanket Scarf Earth Tones Edition\BlanketScarf.esp,PLUGIN,PLUGIN-SUMMARY,read,,,,,,,Direct signal candidate enumeration: 21,ARMO:21,NO-ROWS,"Primary review: cosmetic armor, visual resource, ingredient replacer, outfit distribution, or miscellaneous support records do not encode a distinct player devotional act.",,REJECTED
5c752570a06a9368,NQ083,NQ,Gameplay - Wet and Cold,Blanket Scarf Earth Tones Edition,BlanketScarf.esp,D:\Wabbajack\modlists\ARR 2.5\mods\Blanket Scarf Earth Tones Edition\BlanketScarf.esp,SIGNAL:000801:BlanketScarf.esp,SIGNAL,read,Armor,000801:BlanketScarf.esp,A_BlanketScarf_0,,,,Direct selected-signature raw-file enumeration.,ARMO:21,NO-ROWS,"Primary review: cosmetic armor, visual resource, ingredient replacer, outfit distribution, or miscellaneous support records do not encode a distinct player devotional act.",,REJECTED
5c752570a06a9368,NQ083,NQ,Gameplay - Wet and Cold,Blanket Scarf Earth Tones Edition,BlanketScarf.esp,D:\Wabbajack\modlists\ARR 2.5\mods\Blanket Scarf Earth Tones Edition\BlanketScarf.esp,SIGNAL:00080C:BlanketScarf.esp,SIGNAL,read,Armor,00080C:BlanketScarf.esp,A_BlanketScarf_1,,,,Direct selected-signature raw-file enumeration.,ARMO:21,NO-ROWS,"Primary review: cosmetic armor, visual resource, ingredient replacer, outfit distribution, or miscellaneous support records do not encode a distinct player devotional act.",,REJECTED
5c752570a06a9368,NQ083,NQ,Gameplay - Wet and Cold,Blanket Scarf Earth Tones Edition,BlanketScarf.esp,D:\Wabbajack\modlists\ARR 2.5\mods\Blanket Scarf Earth Tones Edition\BlanketScarf.esp,SIGNAL:000815:BlanketScarf.esp,SIGNAL,read,Armor,000815:BlanketScarf.esp,A_BlanketScarf_2,,,,Direct selected-signature raw-file enumeration.,ARMO:21,NO-ROWS,"Primary review: cosmetic armor, visual resource, ingredient replacer, outfit distribution, or miscellaneous support records do not encode a distinct player devotional act.",,REJECTED
5c752570a06a9368,NQ083,NQ,Gameplay - Wet and Cold,Blanket Scarf Earth Tones Edition,BlanketScarf.esp,D:\Wabbajack\modlists\ARR 2.5\mods\Blanket Scarf Earth Tones Edition\BlanketScarf.esp,SIGNAL:000816:BlanketScarf.esp,SIGNAL,read,Armor,000816:BlanketScarf.esp,A_BlanketScarf_3,,,,Direct selected-signature raw-file enumeration.,ARMO:21,NO-ROWS,"Primary review: cosmetic armor, visual resource, ingredient replacer, outfit distribution, or miscellaneous support records do not encode a distinct player devotional act.",,REJECTED
5c752570a06a9368,NQ083,NQ,Gameplay - Wet and Cold,Blanket Scarf Earth Tones Edition,BlanketScarf.esp,D:\Wabbajack\modlists\ARR 2.5\mods\Blanket Scarf Earth Tones Edition\BlanketScarf.esp,SIGNAL:000817:BlanketScarf.esp,SIGNAL,read,Armor,000817:BlanketScarf.esp,A_BlanketScarf_4,,,,Direct selected-signature raw-file enumeration.,ARMO:21,NO-ROWS,"Primary review: cosmetic armor, visual resource, ingredient replacer, outfit distribution, or miscellaneous support records do not encode a distinct player devotional act.",,REJECTED
5c752570a06a9368,NQ083,NQ,Gameplay - Wet and Cold,Blanket Scarf Earth Tones Edition,BlanketScarf.esp,D:\Wabbajack\modlists\ARR 2.5\mods\Blanket Scarf Earth Tones Edition\BlanketScarf.esp,SIGNAL:000818:BlanketScarf.esp,SIGNAL,read,Armor,000818:BlanketScarf.esp,A_BlanketScarf_5,,,,Direct selected-signature raw-file enumeration.,ARMO:21,NO-ROWS,"Primary review: cosmetic armor, visual resource, ingredient replacer, outfit distribution, or miscellaneous support records do not encode a distinct player devotional act.",,REJECTED
5c752570a06a9368,NQ083,NQ,Gameplay - Wet and Cold,Blanket Scarf Earth Tones Edition,BlanketScarf.esp,D:\Wabbajack\modlists\ARR 2.5\mods\Blanket Scarf Earth Tones Edition\BlanketScarf.esp,SIGNAL:000819:BlanketScarf.esp,SIGNAL,read,Armor,000819:BlanketScarf.esp,A_BlanketScarf_6,,,,Direct selected-signature raw-file enumeration.,ARMO:21,NO-ROWS,"Primary review: cosmetic armor, visual resource, ingredient replacer, outfit distribution, or miscellaneous support records do not encode a distinct player devotional act.",,REJECTED
5c752570a06a9368,NQ083,NQ,Gameplay - Wet and Cold,Blanket Scarf Earth Tones Edition,BlanketScarf.esp,D:\Wabbajack\modlists\ARR 2.5\mods\Blanket Scarf Earth Tones Edition\BlanketScarf.esp,SIGNAL:00081A:BlanketScarf.esp,SIGNAL,read,Armor,00081A:BlanketScarf.esp,A_BlanketScarf_7,,,,Direct selected-signature raw-file enumeration.,ARMO:21,NO-ROWS,"Primary review: cosmetic armor, visual resource, ingredient replacer, outfit distribution, or miscellaneous support records do not encode a distinct player devotional act.",,REJECTED
5c752570a06a9368,NQ083,NQ,Gameplay - Wet and Cold,Blanket Scarf Earth Tones Edition,BlanketScarf.esp,D:\Wabbajack\modlists\ARR 2.5\mods\Blanket Scarf Earth Tones Edition\BlanketScarf.esp,SIGNAL:00081B:BlanketScarf.esp,SIGNAL,read,Armor,00081B:BlanketScarf.esp,A_BlanketScarf_8,,,,Direct selected-signature raw-file enumeration.,ARMO:21,NO-ROWS,"Primary review: cosmetic armor, visual resource, ingredient replacer, outfit distribution, or miscellaneous support records do not encode a distinct player devotional act.",,REJECTED
5c752570a06a9368,NQ083,NQ,Gameplay - Wet and Cold,Blanket Scarf Earth Tones Edition,BlanketScarf.esp,D:\Wabbajack\modlists\ARR 2.5\mods\Blanket Scarf Earth Tones Edition\BlanketScarf.esp,SIGNAL:00081C:BlanketScarf.esp,SIGNAL,read,Armor,00081C:BlanketScarf.esp,A_BlanketScarf_9,,,,Direct selected-signature raw-file enumeration.,ARMO:21,NO-ROWS,"Primary review: cosmetic armor, visual resource, ingredient replacer, outfit distribution, or miscellaneous support records do not encode a distinct player devotional act.",,REJECTED
5c752570a06a9368,NQ083,NQ,Gameplay - Wet and Cold,Blanket Scarf Earth Tones Edition,BlanketScarf.esp,D:\Wabbajack\modlists\ARR 2.5\mods\Blanket Scarf Earth Tones Edition\BlanketScarf.esp,SIGNAL:00082E:BlanketScarf.esp,SIGNAL,read,Armor,00082E:BlanketScarf.esp,A_BlanketScarf_EX10,,,,Direct selected-signature raw-file enumeration.,ARMO:21,NO-ROWS,"Primary review: cosmetic armor, visual resource, ingredient replacer, outfit distribution, or miscellaneous support records do not encode a distinct player devotional act.",,REJECTED
5c752570a06a9368,NQ083,NQ,Gameplay - Wet and Cold,Blanket Scarf Earth Tones Edition,BlanketScarf.esp,D:\Wabbajack\modlists\ARR 2.5\mods\Blanket Scarf Earth Tones Edition\BlanketScarf.esp,SIGNAL:000831:BlanketScarf.esp,SIGNAL,read,Armor,000831:BlanketScarf.esp,A_BlanketScarf_EX11,,,,Direct selected-signature raw-file enumeration.,ARMO:21,NO-ROWS,"Primary review: cosmetic armor, visual resource, ingredient replacer, outfit distribution, or miscellaneous support records do not encode a distinct player devotional act.",,REJECTED
5c752570a06a9368,NQ083,NQ,Gameplay - Wet and Cold,Blanket Scarf Earth Tones Edition,BlanketScarf.esp,D:\Wabbajack\modlists\ARR 2.5\mods\Blanket Scarf Earth Tones Edition\BlanketScarf.esp,SIGNAL:000834:BlanketScarf.esp,SIGNAL,read,Armor,000834:BlanketScarf.esp,A_BlanketScarf_EX12,,,,Direct selected-signature raw-file enumeration.,ARMO:21,NO-ROWS,"Primary review: cosmetic armor, visual resource, ingredient replacer, outfit distribution, or miscellaneous support records do not encode a distinct player devotional act.",,REJECTED
5c752570a06a9368,NQ083,NQ,Gameplay - Wet and Cold,Blanket Scarf Earth Tones Edition,BlanketScarf.esp,D:\Wabbajack\modlists\ARR 2.5\mods\Blanket Scarf Earth Tones Edition\BlanketScarf.esp,SIGNAL:000837:BlanketScarf.esp,SIGNAL,read,Armor,000837:BlanketScarf.esp,A_BlanketScarf_EX13,,,,Direct selected-signature raw-file enumeration.,ARMO:21,NO-ROWS,"Primary review: cosmetic armor, visual resource, ingredient replacer, outfit distribution, or miscellaneous support records do not encode a distinct player devotional act.",,REJECTED
5c752570a06a9368,NQ083,NQ,Gameplay - Wet and Cold,Blanket Scarf Earth Tones Edition,BlanketScarf.esp,D:\Wabbajack\modlists\ARR 2.5\mods\Blanket Scarf Earth Tones Edition\BlanketScarf.esp,SIGNAL:00083A:BlanketScarf.esp,SIGNAL,read,Armor,00083A:BlanketScarf.esp,A_BlanketScarf_EX14,,,,Direct selected-signature raw-file enumeration.,ARMO:21,NO-ROWS,"Primary review: cosmetic armor, visual resource, ingredient replacer, outfit distribution, or miscellaneous support records do not encode a distinct player devotional act.",,REJECTED
5c752570a06a9368,NQ083,NQ,Gameplay - Wet and Cold,Blanket Scarf Earth Tones Edition,BlanketScarf.esp,D:\Wabbajack\modlists\ARR 2.5\mods\Blanket Scarf Earth Tones Edition\BlanketScarf.esp,SIGNAL:00083C:BlanketScarf.esp,SIGNAL,read,Armor,00083C:BlanketScarf.esp,A_BlanketScarf_EX15,,,,Direct selected-signature raw-file enumeration.,ARMO:21,NO-ROWS,"Primary review: cosmetic armor, visual resource, ingredient replacer, outfit distribution, or miscellaneous support records do not encode a distinct player devotional act.",,REJECTED
5c752570a06a9368,NQ083,NQ,Gameplay - Wet and Cold,Blanket Scarf Earth Tones Edition,BlanketScarf.esp,D:\Wabbajack\modlists\ARR 2.5\mods\Blanket Scarf Earth Tones Edition\BlanketScarf.esp,SIGNAL:00083F:BlanketScarf.esp,SIGNAL,read,Armor,00083F:BlanketScarf.esp,A_BlanketScarf_EX16,,,,Direct selected-signature raw-file enumeration.,ARMO:21,NO-ROWS,"Primary review: cosmetic armor, visual resource, ingredient replacer, outfit distribution, or miscellaneous support records do not encode a distinct player devotional act.",,REJECTED
5c752570a06a9368,NQ083,NQ,Gameplay - Wet and Cold,Blanket Scarf Earth Tones Edition,BlanketScarf.esp,D:\Wabbajack\modlists\ARR 2.5\mods\Blanket Scarf Earth Tones Edition\BlanketScarf.esp,SIGNAL:000843:BlanketScarf.esp,SIGNAL,read,Armor,000843:BlanketScarf.esp,A_BlanketScarf_EX17,,,,Direct selected-signature raw-file enumeration.,ARMO:21,NO-ROWS,"Primary review: cosmetic armor, visual resource, ingredient replacer, outfit distribution, or miscellaneous support records do not encode a distinct player devotional act.",,REJECTED
5c752570a06a9368,NQ083,NQ,Gameplay - Wet and Cold,Blanket Scarf Earth Tones Edition,BlanketScarf.esp,D:\Wabbajack\modlists\ARR 2.5\mods\Blanket Scarf Earth Tones Edition\BlanketScarf.esp,SIGNAL:000845:BlanketScarf.esp,SIGNAL,read,Armor,000845:BlanketScarf.esp,A_BlanketScarf_EX18,,,,Direct selected-signature raw-file enumeration.,ARMO:21,NO-ROWS,"Primary review: cosmetic armor, visual resource, ingredient replacer, outfit distribution, or miscellaneous support records do not encode a distinct player devotional act.",,REJECTED
5c752570a06a9368,NQ083,NQ,Gameplay - Wet and Cold,Blanket Scarf Earth Tones Edition,BlanketScarf.esp,D:\Wabbajack\modlists\ARR 2.5\mods\Blanket Scarf Earth Tones Edition\BlanketScarf.esp,SIGNAL:000849:BlanketScarf.esp,SIGNAL,read,Armor,000849:BlanketScarf.esp,A_BlanketScarf_EX19,,,,Direct selected-signature raw-file enumeration.,ARMO:21,NO-ROWS,"Primary review: cosmetic armor, visual resource, ingredient replacer, outfit distribution, or miscellaneous support records do not encode a distinct player devotional act.",,REJECTED
5c752570a06a9368,NQ083,NQ,Gameplay - Wet and Cold,Blanket Scarf Earth Tones Edition,BlanketScarf.esp,D:\Wabbajack\modlists\ARR 2.5\mods\Blanket Scarf Earth Tones Edition\BlanketScarf.esp,SIGNAL:00084C:BlanketScarf.esp,SIGNAL,read,Armor,00084C:BlanketScarf.esp,A_BlanketScarf_EX20,,,,Direct selected-signature raw-file enumeration.,ARMO:21,NO-ROWS,"Primary review: cosmetic armor, visual resource, ingredient replacer, outfit distribution, or miscellaneous support records do not encode a distinct player devotional act.",,REJECTED
d5c26598fc785bde,NQ083,NQ,Gameplay - Wet and Cold,FurArmorSetSE (FrostFall Aware),FurSet by keung.esp,D:\Wabbajack\modlists\ARR 2.5\mods\FurArmorSetSE (FrostFall Aware)\FurSet by keung.esp,PLUGIN,PLUGIN-SUMMARY,read,,,,,,,Direct signal candidate enumeration: 76,ARMO:63|KYWD:13,NO-ROWS,"Primary review: cosmetic armor, visual resource, ingredient replacer, outfit distribution, or miscellaneous support records do not encode a distinct player devotional act.",,REJECTED
d5c26598fc785bde,NQ083,NQ,Gameplay - Wet and Cold,FurArmorSetSE (FrostFall Aware),FurSet by keung.esp,D:\Wabbajack\modlists\ARR 2.5\mods\FurArmorSetSE (FrostFall Aware)\FurSet by keung.esp,SIGNAL:011B4D:FurSet by keung.esp,SIGNAL,read,Armor,011B4D:FurSet by keung.esp,A_BlanketScarf_Fur_0,,,,Direct selected-signature raw-file enumeration.,ARMO:63|KYWD:13,NO-ROWS,"Primary review: cosmetic armor, visual resource, ingredient replacer, outfit distribution, or miscellaneous support records do not encode a distinct player devotional act.",,REJECTED
d5c26598fc785bde,NQ083,NQ,Gameplay - Wet and Cold,FurArmorSetSE (FrostFall Aware),FurSet by keung.esp,D:\Wabbajack\modlists\ARR 2.5\mods\FurArmorSetSE (FrostFall Aware)\FurSet by keung.esp,SIGNAL:011B54:FurSet by keung.esp,SIGNAL,read,Armor,011B54:FurSet by keung.esp,A_BlanketScarf_Fur_1,,,,Direct selected-signature raw-file enumeration.,ARMO:63|KYWD:13,NO-ROWS,"Primary review: cosmetic armor, visual resource, ingredient replacer, outfit distribution, or miscellaneous support records do not encode a distinct player devotional act.",,REJECTED
d5c26598fc785bde,NQ083,NQ,Gameplay - Wet and Cold,FurArmorSetSE (FrostFall Aware),FurSet by keung.esp,D:\Wabbajack\modlists\ARR 2.5\mods\FurArmorSetSE (FrostFall Aware)\FurSet by keung.esp,SIGNAL:011B5A:FurSet by keung.esp,SIGNAL,read,Armor,011B5A:FurSet by keung.esp,A_BlanketScarf_Fur_2,,,,Direct selected-signature raw-file enumeration.,ARMO:63|KYWD:13,NO-ROWS,"Primary review: cosmetic armor, visual resource, ingredient replacer, outfit distribution, or miscellaneous support records do not encode a distinct player devotional act.",,REJECTED
d5c26598fc785bde,NQ083,NQ,Gameplay - Wet and Cold,FurArmorSetSE (FrostFall Aware),FurSet by keung.esp,D:\Wabbajack\modlists\ARR 2.5\mods\FurArmorSetSE (FrostFall Aware)\FurSet by keung.esp,SIGNAL:011B5B:FurSet by keung.esp,SIGNAL,read,Armor,011B5B:FurSet by keung.esp,A_BlanketScarf_Fur_3,,,,Direct selected-signature raw-file enumeration.,ARMO:63|KYWD:13,NO-ROWS,"Primary review: cosmetic armor, visual resource, ingredient replacer, outfit distribution, or miscellaneous support records do not encode a distinct player devotional act.",,REJECTED
d5c26598fc785bde,NQ083,NQ,Gameplay - Wet and Cold,FurArmorSetSE (FrostFall Aware),FurSet by keung.esp,D:\Wabbajack\modlists\ARR 2.5\mods\FurArmorSetSE (FrostFall Aware)\FurSet by keung.esp,SIGNAL:011B5C:FurSet by keung.esp,SIGNAL,read,Armor,011B5C:FurSet by keung.esp,A_BlanketScarf_Fur_4,,,,Direct selected-signature raw-file enumeration.,ARMO:63|KYWD:13,NO-ROWS,"Primary review: cosmetic armor, visual resource, ingredient replacer, outfit distribution, or miscellaneous support records do not encode a distinct player devotional act.",,REJECTED
d5c26598fc785bde,NQ083,NQ,Gameplay - Wet and Cold,FurArmorSetSE (FrostFall Aware),FurSet by keung.esp,D:\Wabbajack\modlists\ARR 2.5\mods\FurArmorSetSE (FrostFall Aware)\FurSet by keung.esp,SIGNAL:011B5D:FurSet by keung.esp,SIGNAL,read,Armor,011B5D:FurSet by keung.esp,A_BlanketScarf_Fur_5,,,,Direct selected-signature raw-file enumeration.,ARMO:63|KYWD:13,NO-ROWS,"Primary review: cosmetic armor, visual resource, ingredient replacer, outfit distribution, or miscellaneous support records do not encode a distinct player devotional act.",,REJECTED
d5c26598fc785bde,NQ083,NQ,Gameplay - Wet and Cold,FurArmorSetSE (FrostFall Aware),FurSet by keung.esp,D:\Wabbajack\modlists\ARR 2.5\mods\FurArmorSetSE (FrostFall Aware)\FurSet by keung.esp,SIGNAL:011B5F:FurSet by keung.esp,SIGNAL,read,Armor,011B5F:FurSet by keung.esp,A_FurSet_Hat_0,,,,Direct selected-signature raw-file enumeration.,ARMO:63|KYWD:13,NO-ROWS,"Primary review: cosmetic armor, visual resource, ingredient replacer, outfit distribution, or miscellaneous support records do not encode a distinct player devotional act.",,REJECTED
d5c26598fc785bde,NQ083,NQ,Gameplay - Wet and Cold,FurArmorSetSE (FrostFall Aware),FurSet by keung.esp,D:\Wabbajack\modlists\ARR 2.5\mods\FurArmorSetSE (FrostFall Aware)\FurSet by keung.esp,SIGNAL:011B66:FurSet by keung.esp,SIGNAL,read,Armor,011B66:FurSet by keung.esp,A_FurSet_Hat_1,,,,Direct selected-signature raw-file enumeration.,ARMO:63|KYWD:13,NO-ROWS,"Primary review: cosmetic armor, visual resource, ingredient replacer, outfit distribution, or miscellaneous support records do not encode a distinct player devotional act.",,REJECTED
d5c26598fc785bde,NQ083,NQ,Gameplay - Wet and Cold,FurArmorSetSE (FrostFall Aware),FurSet by keung.esp,D:\Wabbajack\modlists\ARR 2.5\mods\FurArmorSetSE (FrostFall Aware)\FurSet by keung.esp,SIGNAL:011B6D:FurSet by keung.esp,SIGNAL,read,Armor,011B6D:FurSet by keung.esp,A_FurSet_Gloves_0,,,,Direct selected-signature raw-file enumeration.,ARMO:63|KYWD:13,NO-ROWS,"Primary review: cosmetic armor, visual resource, ingredient replacer, outfit distribution, or miscellaneous support records do not encode a distinct player devotional act.",,REJECTED
d5c26598fc785bde,NQ083,NQ,Gameplay - Wet and Cold,FurArmorSetSE (FrostFall Aware),FurSet by keung.esp,D:\Wabbajack\modlists\ARR 2.5\mods\FurArmorSetSE (FrostFall Aware)\FurSet by keung.esp,SIGNAL:011B6E:FurSet by keung.esp,SIGNAL,read,Armor,011B6E:FurSet by keung.esp,A_FurSet_Boots_0,,,,Direct selected-signature raw-file enumeration.,ARMO:63|KYWD:13,NO-ROWS,"Primary review: cosmetic armor, visual resource, ingredient replacer, outfit distribution, or miscellaneous support records do not encode a distinct player devotional act.",,REJECTED
d5c26598fc785bde,NQ083,NQ,Gameplay - Wet and Cold,FurArmorSetSE (FrostFall Aware),FurSet by keung.esp,D:\Wabbajack\modlists\ARR 2.5\mods\FurArmorSetSE (FrostFall Aware)\FurSet by keung.esp,SIGNAL:011B71:FurSet by keung.esp,SIGNAL,read,Armor,011B71:FurSet by keung.esp,A_FurSet_Gloves_1,,,,Direct selected-signature raw-file enumeration.,ARMO:63|KYWD:13,NO-ROWS,"Primary review: cosmetic armor, visual resource, ingredient replacer, outfit distribution, or miscellaneous support records do not encode a distinct player devotional act.",,REJECTED
d5c26598fc785bde,NQ083,NQ,Gameplay - Wet and Cold,FurArmorSetSE (FrostFall Aware),FurSet by keung.esp,D:\Wabbajack\modlists\ARR 2.5\mods\FurArmorSetSE (FrostFall Aware)\FurSet by keung.esp,SIGNAL:011B72:FurSet by keung.esp,SIGNAL,read,Armor,011B72:FurSet by keung.esp,A_FurSet_Boots_1,,,,Direct selected-signature raw-file enumeration.,ARMO:63|KYWD:13,NO-ROWS,"Primary review: cosmetic armor, visual resource, ingredient replacer, outfit distribution, or miscellaneous support records do not encode a distinct player devotional act.",,REJECTED
d5c26598fc785bde,NQ083,NQ,Gameplay - Wet and Cold,FurArmorSetSE (FrostFall Aware),FurSet by keung.esp,D:\Wabbajack\modlists\ARR 2.5\mods\FurArmorSetSE (FrostFall Aware)\FurSet by keung.esp,SIGNAL:011B7B:FurSet by keung.esp,SIGNAL,read,Armor,011B7B:FurSet by keung.esp,A_FurSet_Gloves_2,,,,Direct selected-signature raw-file enumeration.,ARMO:63|KYWD:13,NO-ROWS,"Primary review: cosmetic armor, visual resource, ingredient replacer, outfit distribution, or miscellaneous support records do not encode a distinct player devotional act.",,REJECTED
d5c26598fc785bde,NQ083,NQ,Gameplay - Wet and Cold,FurArmorSetSE (FrostFall Aware),FurSet by keung.esp,D:\Wabbajack\modlists\ARR 2.5\mods\FurArmorSetSE (FrostFall Aware)\FurSet by keung.esp,SIGNAL:011B7C:FurSet by keung.esp,SIGNAL,read,Armor,011B7C:FurSet by keung.esp,A_FurSet_Gloves_3,,,,Direct selected-signature raw-file enumeration.,ARMO:63|KYWD:13,NO-ROWS,"Primary review: cosmetic armor, visual resource, ingredient replacer, outfit distribution, or miscellaneous support records do not encode a distinct player devotional act.",,REJECTED
d5c26598fc785bde,NQ083,NQ,Gameplay - Wet and Cold,FurArmorSetSE (FrostFall Aware),FurSet by keung.esp,D:\Wabbajack\modlists\ARR 2.5\mods\FurArmorSetSE (FrostFall Aware)\FurSet by keung.esp,SIGNAL:011B7D:FurSet by keung.esp,SIGNAL,read,Armor,011B7D:FurSet by keung.esp,A_FurSet_Gloves_4,,,,Direct selected-signature raw-file enumeration.,ARMO:63|KYWD:13,NO-ROWS,"Primary review: cosmetic armor, visual resource, ingredient replacer, outfit distribution, or miscellaneous support records do not encode a distinct player devotional act.",,REJECTED
d5c26598fc785bde,NQ083,NQ,Gameplay - Wet and Cold,FurArmorSetSE (FrostFall Aware),FurSet by keung.esp,D:\Wabbajack\modlists\ARR 2.5\mods\FurArmorSetSE (FrostFall Aware)\FurSet by keung.esp,SIGNAL:011B7E:FurSet by keung.esp,SIGNAL,read,Armor,011B7E:FurSet by keung.esp,A_FurSet_Gloves_5,,,,Direct selected-signature raw-file enumeration.,ARMO:63|KYWD:13,NO-ROWS,"Primary review: cosmetic armor, visual resource, ingredient replacer, outfit distribution, or miscellaneous support records do not encode a distinct player devotional act.",,REJECTED
d5c26598fc785bde,NQ083,NQ,Gameplay - Wet and Cold,FurArmorSetSE (FrostFall Aware),FurSet by keung.esp,D:\Wabbajack\modlists\ARR 2.5\mods\FurArmorSetSE (FrostFall Aware)\FurSet by keung.esp,SIGNAL:011B7F:FurSet by keung.esp,SIGNAL,read,Armor,011B7F:FurSet by keung.esp,A_FurSet_Boots_2,,,,Direct selected-signature raw-file enumeration.,ARMO:63|KYWD:13,NO-ROWS,"Primary review: cosmetic armor, visual resource, ingredient replacer, outfit distribution, or miscellaneous support records do not encode a distinct player devotional act.",,REJECTED
d5c26598fc785bde,NQ083,NQ,Gameplay - Wet and Cold,FurArmorSetSE (FrostFall Aware),FurSet by keung.esp,D:\Wabbajack\modlists\ARR 2.5\mods\FurArmorSetSE (FrostFall Aware)\FurSet by keung.esp,SIGNAL:011B80:FurSet by keung.esp,SIGNAL,read,Armor,011B80:FurSet by keung.esp,A_FurSet_Boots_3,,,,Direct selected-signature raw-file enumeration.,ARMO:63|KYWD:13,NO-ROWS,"Primary review: cosmetic armor, visual resource, ingredient replacer, outfit distribution, or miscellaneous support records do not encode a distinct player devotional act.",,REJECTED
d5c26598fc785bde,NQ083,NQ,Gameplay - Wet and Cold,FurArmorSetSE (FrostFall Aware),FurSet by keung.esp,D:\Wabbajack\modlists\ARR 2.5\mods\FurArmorSetSE (FrostFall Aware)\FurSet by keung.esp,SIGNAL:011B81:FurSet by keung.esp,SIGNAL,read,Armor,011B81:FurSet by keung.esp,A_FurSet_Boots_4,,,,Direct selected-signature raw-file enumeration.,ARMO:63|KYWD:13,NO-ROWS,"Primary review: cosmetic armor, visual resource, ingredient replacer, outfit distribution, or miscellaneous support records do not encode a distinct player devotional act.",,REJECTED
d5c26598fc785bde,NQ083,NQ,Gameplay - Wet and Cold,FurArmorSetSE (FrostFall Aware),FurSet by keung.esp,D:\Wabbajack\modlists\ARR 2.5\mods\FurArmorSetSE (FrostFall Aware)\FurSet by keung.esp,SIGNAL:011B82:FurSet by keung.esp,SIGNAL,read,Armor,011B82:FurSet by keung.esp,A_FurSet_Boots_5,,,,Direct selected-signature raw-file enumeration.,ARMO:63|KYWD:13,NO-ROWS,"Primary review: cosmetic armor, visual resource, ingredient replacer, outfit distribution, or miscellaneous support records do not encode a distinct player devotional act.",,REJECTED
d5c26598fc785bde,NQ083,NQ,Gameplay - Wet and Cold,FurArmorSetSE (FrostFall Aware),FurSet by keung.esp,D:\Wabbajack\modlists\ARR 2.5\mods\FurArmorSetSE (FrostFall Aware)\FurSet by keung.esp,SIGNAL:011B87:FurSet by keung.esp,SIGNAL,read,Armor,011B87:FurSet by keung.esp,A_FurSet_Hat_2,,,,Direct selected-signature raw-file enumeration.,ARMO:63|KYWD:13,NO-ROWS,"Primary review: cosmetic armor, visual resource, ingredient replacer, outfit distribution, or miscellaneous support records do not encode a distinct player devotional act.",,REJECTED
d5c26598fc785bde,NQ083,NQ,Gameplay - Wet and Cold,FurArmorSetSE (FrostFall Aware),FurSet by keung.esp,D:\Wabbajack\modlists\ARR 2.5\mods\FurArmorSetSE (FrostFall Aware)\FurSet by keung.esp,SIGNAL:011B88:FurSet by keung.esp,SIGNAL,read,Armor,011B88:FurSet by keung.esp,A_FurSet_Hat_3,,,,Direct selected-signature raw-file enumeration.,ARMO:63|KYWD:13,NO-ROWS,"Primary review: cosmetic armor, visual resource, ingredient replacer, outfit distribution, or miscellaneous support records do not encode a distinct player devotional act.",,REJECTED
d5c26598fc785bde,NQ083,NQ,Gameplay - Wet and Cold,FurArmorSetSE (FrostFall Aware),FurSet by keung.esp,D:\Wabbajack\modlists\ARR 2.5\mods\FurArmorSetSE (FrostFall Aware)\FurSet by keung.esp,SIGNAL:011B89:FurSet by keung.esp,SIGNAL,read,Armor,011B89:FurSet by keung.esp,A_FurSet_Hat_4,,,,Direct selected-signature raw-file enumeration.,ARMO:63|KYWD:13,NO-ROWS,"Primary review: cosmetic armor, visual resource, ingredient replacer, outfit distribution, or miscellaneous support records do not encode a distinct player devotional act.",,REJECTED
d5c26598fc785bde,NQ083,NQ,Gameplay - Wet and Cold,FurArmorSetSE (FrostFall Aware),FurSet by keung.esp,D:\Wabbajack\modlists\ARR 2.5\mods\FurArmorSetSE (FrostFall Aware)\FurSet by keung.esp,SIGNAL:011B8A:FurSet by keung.esp,SIGNAL,read,Armor,011B8A:FurSet by keung.esp,A_FurSet_Hat_5,,,,Direct selected-signature raw-file enumeration.,ARMO:63|KYWD:13,NO-ROWS,"Primary review: cosmetic armor, visual resource, ingredient replacer, outfit distribution, or miscellaneous support records do not encode a distinct player devotional act.",,REJECTED
d5c26598fc785bde,NQ083,NQ,Gameplay - Wet and Cold,FurArmorSetSE (FrostFall Aware),FurSet by keung.esp,D:\Wabbajack\modlists\ARR 2.5\mods\FurArmorSetSE (FrostFall Aware)\FurSet by keung.esp,SIGNAL:011B90:FurSet by keung.esp,SIGNAL,read,Armor,011B90:FurSet by keung.esp,A_BlanketScarf_Fur_6,,,,Direct selected-signature raw-file enumeration.,ARMO:63|KYWD:13,NO-ROWS,"Primary review: cosmetic armor, visual resource, ingredient replacer, outfit distribution, or miscellaneous support records do not encode a distinct player devotional act.",,REJECTED
d5c26598fc785bde,NQ083,NQ,Gameplay - Wet and Cold,FurArmorSetSE (FrostFall Aware),FurSet by keung.esp,D:\Wabbajack\modlists\ARR 2.5\mods\FurArmorSetSE (FrostFall Aware)\FurSet by keung.esp,SIGNAL:011B91:FurSet by keung.esp,SIGNAL,read,Armor,011B91:FurSet by keung.esp,A_FurSet_Gloves_6,,,,Direct selected-signature raw-file enumeration.,ARMO:63|KYWD:13,NO-ROWS,"Primary review: cosmetic armor, visual resource, ingredient replacer, outfit distribution, or miscellaneous support records do not encode a distinct player devotional act.",,REJECTED
d5c26598fc785bde,NQ083,NQ,Gameplay - Wet and Cold,FurArmorSetSE (FrostFall Aware),FurSet by keung.esp,D:\Wabbajack\modlists\ARR 2.5\mods\FurArmorSetSE (FrostFall Aware)\FurSet by keung.esp,SIGNAL:011B92:FurSet by keung.esp,SIGNAL,read,Armor,011B92:FurSet by keung.esp,A_FurSet_Boots_6,,,,Direct selected-signature raw-file enumeration.,ARMO:63|KYWD:13,NO-ROWS,"Primary review: cosmetic armor, visual resource, ingredient replacer, outfit distribution, or miscellaneous support records do not encode a distinct player devotional act.",,REJECTED
d5c26598fc785bde,NQ083,NQ,Gameplay - Wet and Cold,FurArmorSetSE (FrostFall Aware),FurSet by keung.esp,D:\Wabbajack\modlists\ARR 2.5\mods\FurArmorSetSE (FrostFall Aware)\FurSet by keung.esp,SIGNAL:011B93:FurSet by keung.esp,SIGNAL,read,Armor,011B93:FurSet by keung.esp,A_FurSet_Hat_6,,,,Direct selected-signature raw-file enumeration.,ARMO:63|KYWD:13,NO-ROWS,"Primary review: cosmetic armor, visual resource, ingredient replacer, outfit distribution, or miscellaneous support records do not encode a distinct player devotional act.",,REJECTED
d5c26598fc785bde,NQ083,NQ,Gameplay - Wet and Cold,FurArmorSetSE (FrostFall Aware),FurSet by keung.esp,D:\Wabbajack\modlists\ARR 2.5\mods\FurArmorSetSE (FrostFall Aware)\FurSet by keung.esp,SIGNAL:011B9D:FurSet by keung.esp,SIGNAL,read,Armor,011B9D:FurSet by keung.esp,A_FurSet_Earmuffs_0,,,,Direct selected-signature raw-file enumeration.,ARMO:63|KYWD:13,NO-ROWS,"Primary review: cosmetic armor, visual resource, ingredient replacer, outfit distribution, or miscellaneous support records do not encode a distinct player devotional act.",,REJECTED
d5c26598fc785bde,NQ083,NQ,Gameplay - Wet and Cold,FurArmorSetSE (FrostFall Aware),FurSet by keung.esp,D:\Wabbajack\modlists\ARR 2.5\mods\FurArmorSetSE (FrostFall Aware)\FurSet by keung.esp,SIGNAL:011B9E:FurSet by keung.esp,SIGNAL,read,Armor,011B9E:FurSet by keung.esp,A_FurSet_Muffler_0,,,,Direct selected-signature raw-file enumeration.,ARMO:63|KYWD:13,NO-ROWS,"Primary review: cosmetic armor, visual resource, ingredient replacer, outfit distribution, or miscellaneous support records do not encode a distinct player devotional act.",,REJECTED
d5c26598fc785bde,NQ083,NQ,Gameplay - Wet and Cold,FurArmorSetSE (FrostFall Aware),FurSet by keung.esp,D:\Wabbajack\modlists\ARR 2.5\mods\FurArmorSetSE (FrostFall Aware)\FurSet by keung.esp,SIGNAL:011BA1:FurSet by keung.esp,SIGNAL,read,Armor,011BA1:FurSet by keung.esp,A_FurSet_Earmuffs_1,,,,Direct selected-signature raw-file enumeration.,ARMO:63|KYWD:13,NO-ROWS,"Primary review: cosmetic armor, visual resource, ingredient replacer, outfit distribution, or miscellaneous support records do not encode a distinct player devotional act.",,REJECTED
d5c26598fc785bde,NQ083,NQ,Gameplay - Wet and Cold,FurArmorSetSE (FrostFall Aware),FurSet by keung.esp,D:\Wabbajack\modlists\ARR 2.5\mods\FurArmorSetSE (FrostFall Aware)\FurSet by keung.esp,SIGNAL:011BA2:FurSet by keung.esp,SIGNAL,read,Armor,011BA2:FurSet by keung.esp,A_FurSet_Muffler_1,,,,Direct selected-signature raw-file enumeration.,ARMO:63|KYWD:13,NO-ROWS,"Primary review: cosmetic armor, visual resource, ingredient replacer, outfit distribution, or miscellaneous support records do not encode a distinct player devotional act.",,REJECTED
d5c26598fc785bde,NQ083,NQ,Gameplay - Wet and Cold,FurArmorSetSE (FrostFall Aware),FurSet by keung.esp,D:\Wabbajack\modlists\ARR 2.5\mods\FurArmorSetSE (FrostFall Aware)\FurSet by keung.esp,SIGNAL:011BAD:FurSet by keung.esp,SIGNAL,read,Armor,011BAD:FurSet by keung.esp,A_FurSet_Earmuffs_2,,,,Direct selected-signature raw-file enumeration.,ARMO:63|KYWD:13,NO-ROWS,"Primary review: cosmetic armor, visual resource, ingredient replacer, outfit distribution, or miscellaneous support records do not encode a distinct player devotional act.",,REJECTED
d5c26598fc785bde,NQ083,NQ,Gameplay - Wet and Cold,FurArmorSetSE (FrostFall Aware),FurSet by keung.esp,D:\Wabbajack\modlists\ARR 2.5\mods\FurArmorSetSE (FrostFall Aware)\FurSet by keung.esp,SIGNAL:011BAE:FurSet by keung.esp,SIGNAL,read,Armor,011BAE:FurSet by keung.esp,A_FurSet_Earmuffs_3,,,,Direct selected-signature raw-file enumeration.,ARMO:63|KYWD:13,NO-ROWS,"Primary review: cosmetic armor, visual resource, ingredient replacer, outfit distribution, or miscellaneous support records do not encode a distinct player devotional act.",,REJECTED
d5c26598fc785bde,NQ083,NQ,Gameplay - Wet and Cold,FurArmorSetSE (FrostFall Aware),FurSet by keung.esp,D:\Wabbajack\modlists\ARR 2.5\mods\FurArmorSetSE (FrostFall Aware)\FurSet by keung.esp,SIGNAL:011BAF:FurSet by keung.esp,SIGNAL,read,Armor,011BAF:FurSet by keung.esp,A_FurSet_Earmuffs_4,,,,Direct selected-signature raw-file enumeration.,ARMO:63|KYWD:13,NO-ROWS,"Primary review: cosmetic armor, visual resource, ingredient replacer, outfit distribution, or miscellaneous support records do not encode a distinct player devotional act.",,REJECTED
d5c26598fc785bde,NQ083,NQ,Gameplay - Wet and Cold,FurArmorSetSE (FrostFall Aware),FurSet by keung.esp,D:\Wabbajack\modlists\ARR 2.5\mods\FurArmorSetSE (FrostFall Aware)\FurSet by keung.esp,SIGNAL:011BB0:FurSet by keung.esp,SIGNAL,read,Armor,011BB0:FurSet by keung.esp,A_FurSet_Earmuffs_5,,,,Direct selected-signature raw-file enumeration.,ARMO:63|KYWD:13,NO-ROWS,"Primary review: cosmetic armor, visual resource, ingredient replacer, outfit distribution, or miscellaneous support records do not encode a distinct player devotional act.",,REJECTED
d5c26598fc785bde,NQ083,NQ,Gameplay - Wet and Cold,FurArmorSetSE (FrostFall Aware),FurSet by keung.esp,D:\Wabbajack\modlists\ARR 2.5\mods\FurArmorSetSE (FrostFall Aware)\FurSet by keung.esp,SIGNAL:011BB1:FurSet by keung.esp,SIGNAL,read,Armor,011BB1:FurSet by keung.esp,A_FurSet_Earmuffs_6,,,,Direct selected-signature raw-file enumeration.,ARMO:63|KYWD:13,NO-ROWS,"Primary review: cosmetic armor, visual resource, ingredient replacer, outfit distribution, or miscellaneous support records do not encode a distinct player devotional act.",,REJECTED
d5c26598fc785bde,NQ083,NQ,Gameplay - Wet and Cold,FurArmorSetSE (FrostFall Aware),FurSet by keung.esp,D:\Wabbajack\modlists\ARR 2.5\mods\FurArmorSetSE (FrostFall Aware)\FurSet by keung.esp,SIGNAL:011BB2:FurSet by keung.esp,SIGNAL,read,Armor,011BB2:FurSet by keung.esp,A_FurSet_Muffler_2,,,,Direct selected-signature raw-file enumeration.,ARMO:63|KYWD:13,NO-ROWS,"Primary review: cosmetic armor, visual resource, ingredient replacer, outfit distribution, or miscellaneous support records do not encode a distinct player devotional act.",,REJECTED
d5c26598fc785bde,NQ083,NQ,Gameplay - Wet and Cold,FurArmorSetSE (FrostFall Aware),FurSet by keung.esp,D:\Wabbajack\modlists\ARR 2.5\mods\FurArmorSetSE (FrostFall Aware)\FurSet by keung.esp,SIGNAL:011BB3:FurSet by keung.esp,SIGNAL,read,Armor,011BB3:FurSet by keung.esp,A_FurSet_Muffler_3,,,,Direct selected-signature raw-file enumeration.,ARMO:63|KYWD:13,NO-ROWS,"Primary review: cosmetic armor, visual resource, ingredient replacer, outfit distribution, or miscellaneous support records do not encode a distinct player devotional act.",,REJECTED
d5c26598fc785bde,NQ083,NQ,Gameplay - Wet and Cold,FurArmorSetSE (FrostFall Aware),FurSet by keung.esp,D:\Wabbajack\modlists\ARR 2.5\mods\FurArmorSetSE (FrostFall Aware)\FurSet by keung.esp,SIGNAL:011BB4:FurSet by keung.esp,SIGNAL,read,Armor,011BB4:FurSet by keung.esp,A_FurSet_Muffler_4,,,,Direct selected-signature raw-file enumeration.,ARMO:63|KYWD:13,NO-ROWS,"Primary review: cosmetic armor, visual resource, ingredient replacer, outfit distribution, or miscellaneous support records do not encode a distinct player devotional act.",,REJECTED
d5c26598fc785bde,NQ083,NQ,Gameplay - Wet and Cold,FurArmorSetSE (FrostFall Aware),FurSet by keung.esp,D:\Wabbajack\modlists\ARR 2.5\mods\FurArmorSetSE (FrostFall Aware)\FurSet by keung.esp,SIGNAL:011BB5:FurSet by keung.esp,SIGNAL,read,Armor,011BB5:FurSet by keung.esp,A_FurSet_Muffler_5,,,,Direct selected-signature raw-file enumeration.,ARMO:63|KYWD:13,NO-ROWS,"Primary review: cosmetic armor, visual resource, ingredient replacer, outfit distribution, or miscellaneous support records do not encode a distinct player devotional act.",,REJECTED
d5c26598fc785bde,NQ083,NQ,Gameplay - Wet and Cold,FurArmorSetSE (FrostFall Aware),FurSet by keung.esp,D:\Wabbajack\modlists\ARR 2.5\mods\FurArmorSetSE (FrostFall Aware)\FurSet by keung.esp,SIGNAL:011BB6:FurSet by keung.esp,SIGNAL,read,Armor,011BB6:FurSet by keung.esp,A_FurSet_Muffler_6,,,,Direct selected-signature raw-file enumeration.,ARMO:63|KYWD:13,NO-ROWS,"Primary review: cosmetic armor, visual resource, ingredient replacer, outfit distribution, or miscellaneous support records do not encode a distinct player devotional act.",,REJECTED
d5c26598fc785bde,NQ083,NQ,Gameplay - Wet and Cold,FurArmorSetSE (FrostFall Aware),FurSet by keung.esp,D:\Wabbajack\modlists\ARR 2.5\mods\FurArmorSetSE (FrostFall Aware)\FurSet by keung.esp,SIGNAL:011BB8:FurSet by keung.esp,SIGNAL,read,Armor,011BB8:FurSet by keung.esp,A_FurSet_ShoulderCape_0,,,,Direct selected-signature raw-file enumeration.,ARMO:63|KYWD:13,NO-ROWS,"Primary review: cosmetic armor, visual resource, ingredient replacer, outfit distribution, or miscellaneous support records do not encode a distinct player devotional act.",,REJECTED
d5c26598fc785bde,NQ083,NQ,Gameplay - Wet and Cold,FurArmorSetSE (FrostFall Aware),FurSet by keung.esp,D:\Wabbajack\modlists\ARR 2.5\mods\FurArmorSetSE (FrostFall Aware)\FurSet by keung.esp,SIGNAL:011BBA:FurSet by keung.esp,SIGNAL,read,Armor,011BBA:FurSet by keung.esp,A_FurSet_ShoulderCape_1,,,,Direct selected-signature raw-file enumeration.,ARMO:63|KYWD:13,NO-ROWS,"Primary review: cosmetic armor, visual resource, ingredient replacer, outfit distribution, or miscellaneous support records do not encode a distinct player devotional act.",,REJECTED
d5c26598fc785bde,NQ083,NQ,Gameplay - Wet and Cold,FurArmorSetSE (FrostFall Aware),FurSet by keung.esp,D:\Wabbajack\modlists\ARR 2.5\mods\FurArmorSetSE (FrostFall Aware)\FurSet by keung.esp,SIGNAL:011BC0:FurSet by keung.esp,SIGNAL,read,Armor,011BC0:FurSet by keung.esp,A_FurSet_ShoulderCape_2,,,,Direct selected-signature raw-file enumeration.,ARMO:63|KYWD:13,NO-ROWS,"Primary review: cosmetic armor, visual resource, ingredient replacer, outfit distribution, or miscellaneous support records do not encode a distinct player devotional act.",,REJECTED
d5c26598fc785bde,NQ083,NQ,Gameplay - Wet and Cold,FurArmorSetSE (FrostFall Aware),FurSet by keung.esp,D:\Wabbajack\modlists\ARR 2.5\mods\FurArmorSetSE (FrostFall Aware)\FurSet by keung.esp,SIGNAL:011BC1:FurSet by keung.esp,SIGNAL,read,Armor,011BC1:FurSet by keung.esp,A_FurSet_ShoulderCape_3,,,,Direct selected-signature raw-file enumeration.,ARMO:63|KYWD:13,NO-ROWS,"Primary review: cosmetic armor, visual resource, ingredient replacer, outfit distribution, or miscellaneous support records do not encode a distinct player devotional act.",,REJECTED
d5c26598fc785bde,NQ083,NQ,Gameplay - Wet and Cold,FurArmorSetSE (FrostFall Aware),FurSet by keung.esp,D:\Wabbajack\modlists\ARR 2.5\mods\FurArmorSetSE (FrostFall Aware)\FurSet by keung.esp,SIGNAL:011BC2:FurSet by keung.esp,SIGNAL,read,Armor,011BC2:FurSet by keung.esp,A_FurSet_ShoulderCape_4,,,,Direct selected-signature raw-file enumeration.,ARMO:63|KYWD:13,NO-ROWS,"Primary review: cosmetic armor, visual resource, ingredient replacer, outfit distribution, or miscellaneous support records do not encode a distinct player devotional act.",,REJECTED
d5c26598fc785bde,NQ083,NQ,Gameplay - Wet and Cold,FurArmorSetSE (FrostFall Aware),FurSet by keung.esp,D:\Wabbajack\modlists\ARR 2.5\mods\FurArmorSetSE (FrostFall Aware)\FurSet by keung.esp,SIGNAL:011BC3:FurSet by keung.esp,SIGNAL,read,Armor,011BC3:FurSet by keung.esp,A_FurSet_ShoulderCape_5,,,,Direct selected-signature raw-file enumeration.,ARMO:63|KYWD:13,NO-ROWS,"Primary review: cosmetic armor, visual resource, ingredient replacer, outfit distribution, or miscellaneous support records do not encode a distinct player devotional act.",,REJECTED
d5c26598fc785bde,NQ083,NQ,Gameplay - Wet and Cold,FurArmorSetSE (FrostFall Aware),FurSet by keung.esp,D:\Wabbajack\modlists\ARR 2.5\mods\FurArmorSetSE (FrostFall Aware)\FurSet by keung.esp,SIGNAL:011BC4:FurSet by keung.esp,SIGNAL,read,Armor,011BC4:FurSet by keung.esp,A_FurSet_ShoulderCape_6,,,,Direct selected-signature raw-file enumeration.,ARMO:63|KYWD:13,NO-ROWS,"Primary review: cosmetic armor, visual resource, ingredient replacer, outfit distribution, or miscellaneous support records do not encode a distinct player devotional act.",,REJECTED
d5c26598fc785bde,NQ083,NQ,Gameplay - Wet and Cold,FurArmorSetSE (FrostFall Aware),FurSet by keung.esp,D:\Wabbajack\modlists\ARR 2.5\mods\FurArmorSetSE (FrostFall Aware)\FurSet by keung.esp,SIGNAL:011BC6:FurSet by keung.esp,SIGNAL,read,Armor,011BC6:FurSet by keung.esp,A_Furset_Coat_0,,,,Direct selected-signature raw-file enumeration.,ARMO:63|KYWD:13,NO-ROWS,"Primary review: cosmetic armor, visual resource, ingredient replacer, outfit distribution, or miscellaneous support records do not encode a distinct player devotional act.",,REJECTED
d5c26598fc785bde,NQ083,NQ,Gameplay - Wet and Cold,FurArmorSetSE (FrostFall Aware),FurSet by keung.esp,D:\Wabbajack\modlists\ARR 2.5\mods\FurArmorSetSE (FrostFall Aware)\FurSet by keung.esp,SIGNAL:011BC8:FurSet by keung.esp,SIGNAL,read,Armor,011BC8:FurSet by keung.esp,A_Furset_Coat_1,,,,Direct selected-signature raw-file enumeration.,ARMO:63|KYWD:13,NO-ROWS,"Primary review: cosmetic armor, visual resource, ingredient replacer, outfit distribution, or miscellaneous support records do not encode a distinct player devotional act.",,REJECTED
d5c26598fc785bde,NQ083,NQ,Gameplay - Wet and Cold,FurArmorSetSE (FrostFall Aware),FurSet by keung.esp,D:\Wabbajack\modlists\ARR 2.5\mods\FurArmorSetSE (FrostFall Aware)\FurSet by keung.esp,SIGNAL:011BCE:FurSet by keung.esp,SIGNAL,read,Armor,011BCE:FurSet by keung.esp,A_Furset_Coat_2,,,,Direct selected-signature raw-file enumeration.,ARMO:63|KYWD:13,NO-ROWS,"Primary review: cosmetic armor, visual resource, ingredient replacer, outfit distribution, or miscellaneous support records do not encode a distinct player devotional act.",,REJECTED
d5c26598fc785bde,NQ083,NQ,Gameplay - Wet and Cold,FurArmorSetSE (FrostFall Aware),FurSet by keung.esp,D:\Wabbajack\modlists\ARR 2.5\mods\FurArmorSetSE (FrostFall Aware)\FurSet by keung.esp,SIGNAL:011BCF:FurSet by keung.esp,SIGNAL,read,Armor,011BCF:FurSet by keung.esp,A_Furset_Coat_3,,,,Direct selected-signature raw-file enumeration.,ARMO:63|KYWD:13,NO-ROWS,"Primary review: cosmetic armor, visual resource, ingredient replacer, outfit distribution, or miscellaneous support records do not encode a distinct player devotional act.",,REJECTED
d5c26598fc785bde,NQ083,NQ,Gameplay - Wet and Cold,FurArmorSetSE (FrostFall Aware),FurSet by keung.esp,D:\Wabbajack\modlists\ARR 2.5\mods\FurArmorSetSE (FrostFall Aware)\FurSet by keung.esp,SIGNAL:011BD0:FurSet by keung.esp,SIGNAL,read,Armor,011BD0:FurSet by keung.esp,A_Furset_Coat_4,,,,Direct selected-signature raw-file enumeration.,ARMO:63|KYWD:13,NO-ROWS,"Primary review: cosmetic armor, visual resource, ingredient replacer, outfit distribution, or miscellaneous support records do not encode a distinct player devotional act.",,REJECTED
d5c26598fc785bde,NQ083,NQ,Gameplay - Wet and Cold,FurArmorSetSE (FrostFall Aware),FurSet by keung.esp,D:\Wabbajack\modlists\ARR 2.5\mods\FurArmorSetSE (FrostFall Aware)\FurSet by keung.esp,SIGNAL:011BD1:FurSet by keung.esp,SIGNAL,read,Armor,011BD1:FurSet by keung.esp,A_Furset_Coat_5,,,,Direct selected-signature raw-file enumeration.,ARMO:63|KYWD:13,NO-ROWS,"Primary review: cosmetic armor, visual resource, ingredient replacer, outfit distribution, or miscellaneous support records do not encode a distinct player devotional act.",,REJECTED
d5c26598fc785bde,NQ083,NQ,Gameplay - Wet and Cold,FurArmorSetSE (FrostFall Aware),FurSet by keung.esp,D:\Wabbajack\modlists\ARR 2.5\mods\FurArmorSetSE (FrostFall Aware)\FurSet by keung.esp,SIGNAL:011BD2:FurSet by keung.esp,SIGNAL,read,Armor,011BD2:FurSet by keung.esp,A_Furset_Coat_6,,,,Direct selected-signature raw-file enumeration.,ARMO:63|KYWD:13,NO-ROWS,"Primary review: cosmetic armor, visual resource, ingredient replacer, outfit distribution, or miscellaneous support records do not encode a distinct player devotional act.",,REJECTED
d5c26598fc785bde,NQ083,NQ,Gameplay - Wet and Cold,FurArmorSetSE (FrostFall Aware),FurSet by keung.esp,D:\Wabbajack\modlists\ARR 2.5\mods\FurArmorSetSE (FrostFall Aware)\FurSet by keung.esp,SIGNAL:011BDC:FurSet by keung.esp,SIGNAL,read,Armor,011BDC:FurSet by keung.esp,A_FurSet_Gloves_0_OF,,,,Direct selected-signature raw-file enumeration.,ARMO:63|KYWD:13,NO-ROWS,"Primary review: cosmetic armor, visual resource, ingredient replacer, outfit distribution, or miscellaneous support records do not encode a distinct player devotional act.",,REJECTED
d5c26598fc785bde,NQ083,NQ,Gameplay - Wet and Cold,FurArmorSetSE (FrostFall Aware),FurSet by keung.esp,D:\Wabbajack\modlists\ARR 2.5\mods\FurArmorSetSE (FrostFall Aware)\FurSet by keung.esp,SIGNAL:011BDD:FurSet by keung.esp,SIGNAL,read,Armor,011BDD:FurSet by keung.esp,A_FurSet_Gloves_1_OF,,,,Direct selected-signature raw-file enumeration.,ARMO:63|KYWD:13,NO-ROWS,"Primary review: cosmetic armor, visual resource, ingredient replacer, outfit distribution, or miscellaneous support records do not encode a distinct player devotional act.",,REJECTED
d5c26598fc785bde,NQ083,NQ,Gameplay - Wet and Cold,FurArmorSetSE (FrostFall Aware),FurSet by keung.esp,D:\Wabbajack\modlists\ARR 2.5\mods\FurArmorSetSE (FrostFall Aware)\FurSet by keung.esp,SIGNAL:011BDE:FurSet by keung.esp,SIGNAL,read,Armor,011BDE:FurSet by keung.esp,A_FurSet_Gloves_2_OF,,,,Direct selected-signature raw-file enumeration.,ARMO:63|KYWD:13,NO-ROWS,"Primary review: cosmetic armor, visual resource, ingredient replacer, outfit distribution, or miscellaneous support records do not encode a distinct player devotional act.",,REJECTED
d5c26598fc785bde,NQ083,NQ,Gameplay - Wet and Cold,FurArmorSetSE (FrostFall Aware),FurSet by keung.esp,D:\Wabbajack\modlists\ARR 2.5\mods\FurArmorSetSE (FrostFall Aware)\FurSet by keung.esp,SIGNAL:011BDF:FurSet by keung.esp,SIGNAL,read,Armor,011BDF:FurSet by keung.esp,A_FurSet_Gloves_3_OF,,,,Direct selected-signature raw-file enumeration.,ARMO:63|KYWD:13,NO-ROWS,"Primary review: cosmetic armor, visual resource, ingredient replacer, outfit distribution, or miscellaneous support records do not encode a distinct player devotional act.",,REJECTED
d5c26598fc785bde,NQ083,NQ,Gameplay - Wet and Cold,FurArmorSetSE (FrostFall Aware),FurSet by keung.esp,D:\Wabbajack\modlists\ARR 2.5\mods\FurArmorSetSE (FrostFall Aware)\FurSet by keung.esp,SIGNAL:011BE0:FurSet by keung.esp,SIGNAL,read,Armor,011BE0:FurSet by keung.esp,A_FurSet_Gloves_4_OF,,,,Direct selected-signature raw-file enumeration.,ARMO:63|KYWD:13,NO-ROWS,"Primary review: cosmetic armor, visual resource, ingredient replacer, outfit distribution, or miscellaneous support records do not encode a distinct player devotional act.",,REJECTED
d5c26598fc785bde,NQ083,NQ,Gameplay - Wet and Cold,FurArmorSetSE (FrostFall Aware),FurSet by keung.esp,D:\Wabbajack\modlists\ARR 2.5\mods\FurArmorSetSE (FrostFall Aware)\FurSet by keung.esp,SIGNAL:011BE1:FurSet by keung.esp,SIGNAL,read,Armor,011BE1:FurSet by keung.esp,A_FurSet_Gloves_5_OF,,,,Direct selected-signature raw-file enumeration.,ARMO:63|KYWD:13,NO-ROWS,"Primary review: cosmetic armor, visual resource, ingredient replacer, outfit distribution, or miscellaneous support records do not encode a distinct player devotional act.",,REJECTED
d5c26598fc785bde,NQ083,NQ,Gameplay - Wet and Cold,FurArmorSetSE (FrostFall Aware),FurSet by keung.esp,D:\Wabbajack\modlists\ARR 2.5\mods\FurArmorSetSE (FrostFall Aware)\FurSet by keung.esp,SIGNAL:011BE2:FurSet by keung.esp,SIGNAL,read,Armor,011BE2:FurSet by keung.esp,A_FurSet_Gloves_6_OF,,,,Direct selected-signature raw-file enumeration.,ARMO:63|KYWD:13,NO-ROWS,"Primary review: cosmetic armor, visual resource, ingredient replacer, outfit distribution, or miscellaneous support records do not encode a distinct player devotional act.",,REJECTED
d5c26598fc785bde,NQ083,NQ,Gameplay - Wet and Cold,FurArmorSetSE (FrostFall Aware),FurSet by keung.esp,D:\Wabbajack\modlists\ARR 2.5\mods\FurArmorSetSE (FrostFall Aware)\FurSet by keung.esp,SIGNAL:CC0E0F:Update.esm,SIGNAL,read,Keyword,CC0E0F:Update.esm,FrostfallWarmthPoor,,,,Direct selected-signature raw-file enumeration.,ARMO:63|KYWD:13,NO-ROWS,"Primary review: cosmetic armor, visual resource, ingredient replacer, outfit distribution, or miscellaneous support records do not encode a distinct player devotional act.",,REJECTED
d5c26598fc785bde,NQ083,NQ,Gameplay - Wet and Cold,FurArmorSetSE (FrostFall Aware),FurSet by keung.esp,D:\Wabbajack\modlists\ARR 2.5\mods\FurArmorSetSE (FrostFall Aware)\FurSet by keung.esp,SIGNAL:CC0E11:Update.esm,SIGNAL,read,Keyword,CC0E11:Update.esm,FrostfallWarmthFair,,,,Direct selected-signature raw-file enumeration.,ARMO:63|KYWD:13,NO-ROWS,"Primary review: cosmetic armor, visual resource, ingredient replacer, outfit distribution, or miscellaneous support records do not encode a distinct player devotional act.",,REJECTED
d5c26598fc785bde,NQ083,NQ,Gameplay - Wet and Cold,FurArmorSetSE (FrostFall Aware),FurSet by keung.esp,D:\Wabbajack\modlists\ARR 2.5\mods\FurArmorSetSE (FrostFall Aware)\FurSet by keung.esp,SIGNAL:CC0E12:Update.esm,SIGNAL,read,Keyword,CC0E12:Update.esm,FrostfallWarmthGood,,,,Direct selected-signature raw-file enumeration.,ARMO:63|KYWD:13,NO-ROWS,"Primary review: cosmetic armor, visual resource, ingredient replacer, outfit distribution, or miscellaneous support records do not encode a distinct player devotional act.",,REJECTED
d5c26598fc785bde,NQ083,NQ,Gameplay - Wet and Cold,FurArmorSetSE (FrostFall Aware),FurSet by keung.esp,D:\Wabbajack\modlists\ARR 2.5\mods\FurArmorSetSE (FrostFall Aware)\FurSet by keung.esp,SIGNAL:CC0E13:Update.esm,SIGNAL,read,Keyword,CC0E13:Update.esm,FrostfallWarmthExcellent,,,,Direct selected-signature raw-file enumeration.,ARMO:63|KYWD:13,NO-ROWS,"Primary review: cosmetic armor, visual resource, ingredient replacer, outfit distribution, or miscellaneous support records do not encode a distinct player devotional act.",,REJECTED
d5c26598fc785bde,NQ083,NQ,Gameplay - Wet and Cold,FurArmorSetSE (FrostFall Aware),FurSet by keung.esp,D:\Wabbajack\modlists\ARR 2.5\mods\FurArmorSetSE (FrostFall Aware)\FurSet by keung.esp,SIGNAL:CC0E14:Update.esm,SIGNAL,read,Keyword,CC0E14:Update.esm,FrostfallWarmthMax,,,,Direct selected-signature raw-file enumeration.,ARMO:63|KYWD:13,NO-ROWS,"Primary review: cosmetic armor, visual resource, ingredient replacer, outfit distribution, or miscellaneous support records do not encode a distinct player devotional act.",,REJECTED
d5c26598fc785bde,NQ083,NQ,Gameplay - Wet and Cold,FurArmorSetSE (FrostFall Aware),FurSet by keung.esp,D:\Wabbajack\modlists\ARR 2.5\mods\FurArmorSetSE (FrostFall Aware)\FurSet by keung.esp,SIGNAL:CC0E15:Update.esm,SIGNAL,read,Keyword,CC0E15:Update.esm,FrostfallCoveragePoor,,,,Direct selected-signature raw-file enumeration.,ARMO:63|KYWD:13,NO-ROWS,"Primary review: cosmetic armor, visual resource, ingredient replacer, outfit distribution, or miscellaneous support records do not encode a distinct player devotional act.",,REJECTED
d5c26598fc785bde,NQ083,NQ,Gameplay - Wet and Cold,FurArmorSetSE (FrostFall Aware),FurSet by keung.esp,D:\Wabbajack\modlists\ARR 2.5\mods\FurArmorSetSE (FrostFall Aware)\FurSet by keung.esp,SIGNAL:CC0E17:Update.esm,SIGNAL,read,Keyword,CC0E17:Update.esm,FrostfallCoverageFair,,,,Direct selected-signature raw-file enumeration.,ARMO:63|KYWD:13,NO-ROWS,"Primary review: cosmetic armor, visual resource, ingredient replacer, outfit distribution, or miscellaneous support records do not encode a distinct player devotional act.",,REJECTED
d5c26598fc785bde,NQ083,NQ,Gameplay - Wet and Cold,FurArmorSetSE (FrostFall Aware),FurSet by keung.esp,D:\Wabbajack\modlists\ARR 2.5\mods\FurArmorSetSE (FrostFall Aware)\FurSet by keung.esp,SIGNAL:CC0E18:Update.esm,SIGNAL,read,Keyword,CC0E18:Update.esm,FrostfallCoverageGood,,,,Direct selected-signature raw-file enumeration.,ARMO:63|KYWD:13,NO-ROWS,"Primary review: cosmetic armor, visual resource, ingredient replacer, outfit distribution, or miscellaneous support records do not encode a distinct player devotional act.",,REJECTED
d5c26598fc785bde,NQ083,NQ,Gameplay - Wet and Cold,FurArmorSetSE (FrostFall Aware),FurSet by keung.esp,D:\Wabbajack\modlists\ARR 2.5\mods\FurArmorSetSE (FrostFall Aware)\FurSet by keung.esp,SIGNAL:CC0E19:Update.esm,SIGNAL,read,Keyword,CC0E19:Update.esm,FrostfallCoverageExcellent,,,,Direct selected-signature raw-file enumeration.,ARMO:63|KYWD:13,NO-ROWS,"Primary review: cosmetic armor, visual resource, ingredient replacer, outfit distribution, or miscellaneous support records do not encode a distinct player devotional act.",,REJECTED
d5c26598fc785bde,NQ083,NQ,Gameplay - Wet and Cold,FurArmorSetSE (FrostFall Aware),FurSet by keung.esp,D:\Wabbajack\modlists\ARR 2.5\mods\FurArmorSetSE (FrostFall Aware)\FurSet by keung.esp,SIGNAL:CC0E1A:Update.esm,SIGNAL,read,Keyword,CC0E1A:Update.esm,FrostfallCoverageMax,,,,Direct selected-signature raw-file enumeration.,ARMO:63|KYWD:13,NO-ROWS,"Primary review: cosmetic armor, visual resource, ingredient replacer, outfit distribution, or miscellaneous support records do not encode a distinct player devotional act.",,REJECTED
d5c26598fc785bde,NQ083,NQ,Gameplay - Wet and Cold,FurArmorSetSE (FrostFall Aware),FurSet by keung.esp,D:\Wabbajack\modlists\ARR 2.5\mods\FurArmorSetSE (FrostFall Aware)\FurSet by keung.esp,SIGNAL:CC0E1E:Update.esm,SIGNAL,read,Keyword,CC0E1E:Update.esm,FrostfallIsCloakFur,,,,Direct selected-signature raw-file enumeration.,ARMO:63|KYWD:13,NO-ROWS,"Primary review: cosmetic armor, visual resource, ingredient replacer, outfit distribution, or miscellaneous support records do not encode a distinct player devotional act.",,REJECTED
d5c26598fc785bde,NQ083,NQ,Gameplay - Wet and Cold,FurArmorSetSE (FrostFall Aware),FurSet by keung.esp,D:\Wabbajack\modlists\ARR 2.5\mods\FurArmorSetSE (FrostFall Aware)\FurSet by keung.esp,SIGNAL:CC0E20:Update.esm,SIGNAL,read,Keyword,CC0E20:Update.esm,FrostfallIsWarmAccessory,,,,Direct selected-signature raw-file enumeration.,ARMO:63|KYWD:13,NO-ROWS,"Primary review: cosmetic armor, visual resource, ingredient replacer, outfit distribution, or miscellaneous support records do not encode a distinct player devotional act.",,REJECTED
d5c26598fc785bde,NQ083,NQ,Gameplay - Wet and Cold,FurArmorSetSE (FrostFall Aware),FurSet by keung.esp,D:\Wabbajack\modlists\ARR 2.5\mods\FurArmorSetSE (FrostFall Aware)\FurSet by keung.esp,SIGNAL:CC0E28:Update.esm,SIGNAL,read,Keyword,CC0E28:Update.esm,FrostfallEnableKeywordProtection,,,,Direct selected-signature raw-file enumeration.,ARMO:63|KYWD:13,NO-ROWS,"Primary review: cosmetic armor, visual resource, ingredient replacer, outfit distribution, or miscellaneous support records do not encode a distinct player devotional act.",,REJECTED
1b36c6e641e1ca62,NQ083,NQ,Gameplay - Wet and Cold,FurArmorSetSE (FrostFall Aware) - Update,FurSet by keung.esp,D:\Wabbajack\modlists\ARR 2.5\mods\FurArmorSetSE (FrostFall Aware) - Update\FurSet by keung.esp,PLUGIN,PLUGIN-SUMMARY,read,,,,,,,Direct signal candidate enumeration: 289,ARMO:225|ENCH:51|KYWD:13,NO-ROWS,"Primary review: lighting, compatibility, update, or balance patch records are not authoritative devotional sources; defining content records are reviewed separately.",,REJECTED
1b36c6e641e1ca62,NQ083,NQ,Gameplay - Wet and Cold,FurArmorSetSE (FrostFall Aware) - Update,FurSet by keung.esp,D:\Wabbajack\modlists\ARR 2.5\mods\FurArmorSetSE (FrostFall Aware) - Update\FurSet by keung.esp,SIGNAL:011B4D:FurSet by keung.esp,SIGNAL,read,Armor,011B4D:FurSet by keung.esp,A_Furset_Poncho_SabreCatLeopard,,,,Direct selected-signature raw-file enumeration.,ARMO:225|ENCH:51|KYWD:13,NO-ROWS,"Primary review: lighting, compatibility, update, or balance patch records are not authoritative devotional sources; defining content records are reviewed separately.",,REJECTED
1b36c6e641e1ca62,NQ083,NQ,Gameplay - Wet and Cold,FurArmorSetSE (FrostFall Aware) - Update,FurSet by keung.esp,D:\Wabbajack\modlists\ARR 2.5\mods\FurArmorSetSE (FrostFall Aware) - Update\FurSet by keung.esp,SIGNAL:011B54:FurSet by keung.esp,SIGNAL,read,Armor,011B54:FurSet by keung.esp,A_Furset_Poncho_SabreCatTiger,,,,Direct selected-signature raw-file enumeration.,ARMO:225|ENCH:51|KYWD:13,NO-ROWS,"Primary review: lighting, compatibility, update, or balance patch records are not authoritative devotional sources; defining content records are reviewed separately.",,REJECTED
1b36c6e641e1ca62,NQ083,NQ,Gameplay - Wet and Cold,FurArmorSetSE (FrostFall Aware) - Update,FurSet by keung.esp,D:\Wabbajack\modlists\ARR 2.5\mods\FurArmorSetSE (FrostFall Aware) - Update\FurSet by keung.esp,SIGNAL:011B5A:FurSet by keung.esp,SIGNAL,read,Armor,011B5A:FurSet by keung.esp,A_Furset_Poncho_SabreCatSnow,,,,Direct selected-signature raw-file enumeration.,ARMO:225|ENCH:51|KYWD:13,NO-ROWS,"Primary review: lighting, compatibility, update, or balance patch records are not authoritative devotional sources; defining content records are reviewed separately.",,REJECTED
1b36c6e641e1ca62,NQ083,NQ,Gameplay - Wet and Cold,FurArmorSetSE (FrostFall Aware) - Update,FurSet by keung.esp,D:\Wabbajack\modlists\ARR 2.5\mods\FurArmorSetSE (FrostFall Aware) - Update\FurSet by keung.esp,SIGNAL:011B5B:FurSet by keung.esp,SIGNAL,read,Armor,011B5B:FurSet by keung.esp,A_FurSet_Poncho_Wolf,,,,Direct selected-signature raw-file enumeration.,ARMO:225|ENCH:51|KYWD:13,NO-ROWS,"Primary review: lighting, compatibility, update, or balance patch records are not authoritative devotional sources; defining content records are reviewed separately.",,REJECTED
1b36c6e641e1ca62,NQ083,NQ,Gameplay - Wet and Cold,FurArmorSetSE (FrostFall Aware) - Update,FurSet by keung.esp,D:\Wabbajack\modlists\ARR 2.5\mods\FurArmorSetSE (FrostFall Aware) - Update\FurSet by keung.esp,SIGNAL:011B5C:FurSet by keung.esp,SIGNAL,read,Armor,011B5C:FurSet by keung.esp,A_FurSet_Poncho_SnowBear,,,,Direct selected-signature raw-file enumeration.,ARMO:225|ENCH:51|KYWD:13,NO-ROWS,"Primary review: lighting, compatibility, update, or balance patch records are not authoritative devotional sources; defining content records are reviewed separately.",,REJECTED
1b36c6e641e1ca62,NQ083,NQ,Gameplay - Wet and Cold,FurArmorSetSE (FrostFall Aware) - Update,FurSet by keung.esp,D:\Wabbajack\modlists\ARR 2.5\mods\FurArmorSetSE (FrostFall Aware) - Update\FurSet by keung.esp,SIGNAL:011B5D:FurSet by keung.esp,SIGNAL,read,Armor,011B5D:FurSet by keung.esp,A_FurSet_Poncho_Bear,,,,Direct selected-signature raw-file enumeration.,ARMO:225|ENCH:51|KYWD:13,NO-ROWS,"Primary review: lighting, compatibility, update, or balance patch records are not authoritative devotional sources; defining content records are reviewed separately.",,REJECTED
1b36c6e641e1ca62,NQ083,NQ,Gameplay - Wet and Cold,FurArmorSetSE (FrostFall Aware) - Update,FurSet by keung.esp,D:\Wabbajack\modlists\ARR 2.5\mods\FurArmorSetSE (FrostFall Aware) - Update\FurSet by keung.esp,SIGNAL:011B5F:FurSet by keung.esp,SIGNAL,read,Armor,011B5F:FurSet by keung.esp,A_FurSet_Hat_SabreCatLeopard,,,,Direct selected-signature raw-file enumeration.,ARMO:225|ENCH:51|KYWD:13,NO-ROWS,"Primary review: lighting, compatibility, update, or balance patch records are not authoritative devotional sources; defining content records are reviewed separately.",,REJECTED
1b36c6e641e1ca62,NQ083,NQ,Gameplay - Wet and Cold,FurArmorSetSE (FrostFall Aware) - Update,FurSet by keung.esp,D:\Wabbajack\modlists\ARR 2.5\mods\FurArmorSetSE (FrostFall Aware) - Update\FurSet by keung.esp,SIGNAL:011B66:FurSet by keung.esp,SIGNAL,read,Armor,011B66:FurSet by keung.esp,A_FurSet_Hat_SabreCatTiger,,,,Direct selected-signature raw-file enumeration.,ARMO:225|ENCH:51|KYWD:13,NO-ROWS,"Primary review: lighting, compatibility, update, or balance patch records are not authoritative devotional sources; defining content records are reviewed separately.",,REJECTED
1b36c6e641e1ca62,NQ083,NQ,Gameplay - Wet and Cold,FurArmorSetSE (FrostFall Aware) - Update,FurSet by keung.esp,D:\Wabbajack\modlists\ARR 2.5\mods\FurArmorSetSE (FrostFall Aware) - Update\FurSet by keung.esp,SIGNAL:011B6D:FurSet by keung.esp,SIGNAL,read,Armor,011B6D:FurSet by keung.esp,A_FurSet_Gloves_SabreCatLeopard,,,,Direct selected-signature raw-file enumeration.,ARMO:225|ENCH:51|KYWD:13,NO-ROWS,"Primary review: lighting, compatibility, update, or balance patch records are not authoritative devotional sources; defining content records are reviewed separately.",,REJECTED
1b36c6e641e1ca62,NQ083,NQ,Gameplay - Wet and Cold,FurArmorSetSE (FrostFall Aware) - Update,FurSet by keung.esp,D:\Wabbajack\modlists\ARR 2.5\mods\FurArmorSetSE (FrostFall Aware) - Update\FurSet by keung.esp,SIGNAL:011B6E:FurSet by keung.esp,SIGNAL,read,Armor,011B6E:FurSet by keung.esp,A_FurSet_Boots_SabreCatLeopard,,,,Direct selected-signature raw-file enumeration.,ARMO:225|ENCH:51|KYWD:13,NO-ROWS,"Primary review: lighting, compatibility, update, or balance patch records are not authoritative devotional sources; defining content records are reviewed separately.",,REJECTED
1b36c6e641e1ca62,NQ083,NQ,Gameplay - Wet and Cold,FurArmorSetSE (FrostFall Aware) - Update,FurSet by keung.esp,D:\Wabbajack\modlists\ARR 2.5\mods\FurArmorSetSE (FrostFall Aware) - Update\FurSet by keung.esp,SIGNAL:011B71:FurSet by keung.esp,SIGNAL,read,Armor,011B71:FurSet by keung.esp,A_FurSet_Gloves_SabreCatTiger,,,,Direct selected-signature raw-file enumeration.,ARMO:225|ENCH:51|KYWD:13,NO-ROWS,"Primary review: lighting, compatibility, update, or balance patch records are not authoritative devotional sources; defining content records are reviewed separately.",,REJECTED
1b36c6e641e1ca62,NQ083,NQ,Gameplay - Wet and Cold,FurArmorSetSE (FrostFall Aware) - Update,FurSet by keung.esp,D:\Wabbajack\modlists\ARR 2.5\mods\FurArmorSetSE (FrostFall Aware) - Update\FurSet by keung.esp,SIGNAL:011B72:FurSet by keung.esp,SIGNAL,read,Armor,011B72:FurSet by keung.esp,A_FurSet_Boots_SabreCatTiger,,,,Direct selected-signature raw-file enumeration.,ARMO:225|ENCH:51|KYWD:13,NO-ROWS,"Primary review: lighting, compatibility, update, or balance patch records are not authoritative devotional sources; defining content records are reviewed separately.",,REJECTED
1b36c6e641e1ca62,NQ083,NQ,Gameplay - Wet and Cold,FurArmorSetSE (FrostFall Aware) - Update,FurSet by keung.esp,D:\Wabbajack\modlists\ARR 2.5\mods\FurArmorSetSE (FrostFall Aware) - Update\FurSet by keung.esp,SIGNAL:011B7B:FurSet by keung.esp,SIGNAL,read,Armor,011B7B:FurSet by keung.esp,A_FurSet_Gloves_SabreCatSnow,,,,Direct selected-signature raw-file enumeration.,ARMO:225|ENCH:51|KYWD:13,NO-ROWS,"Primary review: lighting, compatibility, update, or balance patch records are not authoritative devotional sources; defining content records are reviewed separately.",,REJECTED
1b36c6e641e1ca62,NQ083,NQ,Gameplay - Wet and Cold,FurArmorSetSE (FrostFall Aware) - Update,FurSet by keung.esp,D:\Wabbajack\modlists\ARR 2.5\mods\FurArmorSetSE (FrostFall Aware) - Update\FurSet by keung.esp,SIGNAL:011B7C:FurSet by keung.esp,SIGNAL,read,Armor,011B7C:FurSet by keung.esp,A_FurSet_Gloves_Wolf,,,,Direct selected-signature raw-file enumeration.,ARMO:225|ENCH:51|KYWD:13,NO-ROWS,"Primary review: lighting, compatibility, update, or balance patch records are not authoritative devotional sources; defining content records are reviewed separately.",,REJECTED
1b36c6e641e1ca62,NQ083,NQ,Gameplay - Wet and Cold,FurArmorSetSE (FrostFall Aware) - Update,FurSet by keung.esp,D:\Wabbajack\modlists\ARR 2.5\mods\FurArmorSetSE (FrostFall Aware) - Update\FurSet by keung.esp,SIGNAL:011B7D:FurSet by keung.esp,SIGNAL,read,Armor,011B7D:FurSet by keung.esp,A_FurSet_Gloves_SnowBear,,,,Direct selected-signature raw-file enumeration.,ARMO:225|ENCH:51|KYWD:13,NO-ROWS,"Primary review: lighting, compatibility, update, or balance patch records are not authoritative devotional sources; defining content records are reviewed separately.",,REJECTED
1b36c6e641e1ca62,NQ083,NQ,Gameplay - Wet and Cold,FurArmorSetSE (FrostFall Aware) - Update,FurSet by keung.esp,D:\Wabbajack\modlists\ARR 2.5\mods\FurArmorSetSE (FrostFall Aware) - Update\FurSet by keung.esp,SIGNAL:011B7E:FurSet by keung.esp,SIGNAL,read,Armor,011B7E:FurSet by keung.esp,A_FurSet_Gloves_Bear,,,,Direct selected-signature raw-file enumeration.,ARMO:225|ENCH:51|KYWD:13,NO-ROWS,"Primary review: lighting, compatibility, update, or balance patch records are not authoritative devotional sources; defining content records are reviewed separately.",,REJECTED
1b36c6e641e1ca62,NQ083,NQ,Gameplay - Wet and Cold,FurArmorSetSE (FrostFall Aware) - Update,FurSet by keung.esp,D:\Wabbajack\modlists\ARR 2.5\mods\FurArmorSetSE (FrostFall Aware) - Update\FurSet by keung.esp,SIGNAL:011B7F:FurSet by keung.esp,SIGNAL,read,Armor,011B7F:FurSet by keung.esp,A_FurSet_Boots_SabreCatSnow,,,,Direct selected-signature raw-file enumeration.,ARMO:225|ENCH:51|KYWD:13,NO-ROWS,"Primary review: lighting, compatibility, update, or balance patch records are not authoritative devotional sources; defining content records are reviewed separately.",,REJECTED
1b36c6e641e1ca62,NQ083,NQ,Gameplay - Wet and Cold,FurArmorSetSE (FrostFall Aware) - Update,FurSet by keung.esp,D:\Wabbajack\modlists\ARR 2.5\mods\FurArmorSetSE (FrostFall Aware) - Update\FurSet by keung.esp,SIGNAL:011B80:FurSet by keung.esp,SIGNAL,read,Armor,011B80:FurSet by keung.esp,A_FurSet_Boots_Wolf,,,,Direct selected-signature raw-file enumeration.,ARMO:225|ENCH:51|KYWD:13,NO-ROWS,"Primary review: lighting, compatibility, update, or balance patch records are not authoritative devotional sources; defining content records are reviewed separately.",,REJECTED
1b36c6e641e1ca62,NQ083,NQ,Gameplay - Wet and Cold,FurArmorSetSE (FrostFall Aware) - Update,FurSet by keung.esp,D:\Wabbajack\modlists\ARR 2.5\mods\FurArmorSetSE (FrostFall Aware) - Update\FurSet by keung.esp,SIGNAL:011B81:FurSet by keung.esp,SIGNAL,read,Armor,011B81:FurSet by keung.esp,A_FurSet_Boots_SnowBear,,,,Direct selected-signature raw-file enumeration.,ARMO:225|ENCH:51|KYWD:13,NO-ROWS,"Primary review: lighting, compatibility, update, or balance patch records are not authoritative devotional sources; defining content records are reviewed separately.",,REJECTED
1b36c6e641e1ca62,NQ083,NQ,Gameplay - Wet and Cold,FurArmorSetSE (FrostFall Aware) - Update,FurSet by keung.esp,D:\Wabbajack\modlists\ARR 2.5\mods\FurArmorSetSE (FrostFall Aware) - Update\FurSet by keung.esp,SIGNAL:011B82:FurSet by keung.esp,SIGNAL,read,Armor,011B82:FurSet by keung.esp,A_FurSet_Boots_Bear,,,,Direct selected-signature raw-file enumeration.,ARMO:225|ENCH:51|KYWD:13,NO-ROWS,"Primary review: lighting, compatibility, update, or balance patch records are not authoritative devotional sources; defining content records are reviewed separately.",,REJECTED
1b36c6e641e1ca62,NQ083,NQ,Gameplay - Wet and Cold,FurArmorSetSE (FrostFall Aware) - Update,FurSet by keung.esp,D:\Wabbajack\modlists\ARR 2.5\mods\FurArmorSetSE (FrostFall Aware) - Update\FurSet by keung.esp,SIGNAL:011B87:FurSet by keung.esp,SIGNAL,read,Armor,011B87:FurSet by keung.esp,A_FurSet_Hat_SabreCatSnow,,,,Direct selected-signature raw-file enumeration.,ARMO:225|ENCH:51|KYWD:13,NO-ROWS,"Primary review: lighting, compatibility, update, or balance patch records are not authoritative devotional sources; defining content records are reviewed separately.",,REJECTED
1b36c6e641e1ca62,NQ083,NQ,Gameplay - Wet and Cold,FurArmorSetSE (FrostFall Aware) - Update,FurSet by keung.esp,D:\Wabbajack\modlists\ARR 2.5\mods\FurArmorSetSE (FrostFall Aware) - Update\FurSet by keung.esp,SIGNAL:011B88:FurSet by keung.esp,SIGNAL,read,Armor,011B88:FurSet by keung.esp,A_FurSet_Hat_Wolf,,,,Direct selected-signature raw-file enumeration.,ARMO:225|ENCH:51|KYWD:13,NO-ROWS,"Primary review: lighting, compatibility, update, or balance patch records are not authoritative devotional sources; defining content records are reviewed separately.",,REJECTED
1b36c6e641e1ca62,NQ083,NQ,Gameplay - Wet and Cold,FurArmorSetSE (FrostFall Aware) - Update,FurSet by keung.esp,D:\Wabbajack\modlists\ARR 2.5\mods\FurArmorSetSE (FrostFall Aware) - Update\FurSet by keung.esp,SIGNAL:011B89:FurSet by keung.esp,SIGNAL,read,Armor,011B89:FurSet by keung.esp,A_FurSet_Hat_SnowBear,,,,Direct selected-signature raw-file enumeration.,ARMO:225|ENCH:51|KYWD:13,NO-ROWS,"Primary review: lighting, compatibility, update, or balance patch records are not authoritative devotional sources; defining content records are reviewed separately.",,REJECTED
1b36c6e641e1ca62,NQ083,NQ,Gameplay - Wet and Cold,FurArmorSetSE (FrostFall Aware) - Update,FurSet by keung.esp,D:\Wabbajack\modlists\ARR 2.5\mods\FurArmorSetSE (FrostFall Aware) - Update\FurSet by keung.esp,SIGNAL:011B8A:FurSet by keung.esp,SIGNAL,read,Armor,011B8A:FurSet by keung.esp,A_FurSet_Hat_Bear,,,,Direct selected-signature raw-file enumeration.,ARMO:225|ENCH:51|KYWD:13,NO-ROWS,"Primary review: lighting, compatibility, update, or balance patch records are not authoritative devotional sources; defining content records are reviewed separately.",,REJECTED
1b36c6e641e1ca62,NQ083,NQ,Gameplay - Wet and Cold,FurArmorSetSE (FrostFall Aware) - Update,FurSet by keung.esp,D:\Wabbajack\modlists\ARR 2.5\mods\FurArmorSetSE (FrostFall Aware) - Update\FurSet by keung.esp,SIGNAL:011B90:FurSet by keung.esp,SIGNAL,read,Armor,011B90:FurSet by keung.esp,A_Furset_Poncho_Werewolf,,,,Direct selected-signature raw-file enumeration.,ARMO:225|ENCH:51|KYWD:13,NO-ROWS,"Primary review: lighting, compatibility, update, or balance patch records are not authoritative devotional sources; defining content records are reviewed separately.",,REJECTED
1b36c6e641e1ca62,NQ083,NQ,Gameplay - Wet and Cold,FurArmorSetSE (FrostFall Aware) - Update,FurSet by keung.esp,D:\Wabbajack\modlists\ARR 2.5\mods\FurArmorSetSE (FrostFall Aware) - Update\FurSet by keung.esp,SIGNAL:011B91:FurSet by keung.esp,SIGNAL,read,Armor,011B91:FurSet by keung.esp,A_FurSet_Gloves_Werewolf,,,,Direct selected-signature raw-file enumeration.,ARMO:225|ENCH:51|KYWD:13,NO-ROWS,"Primary review: lighting, compatibility, update, or balance patch records are not authoritative devotional sources; defining content records are reviewed separately.",,REJECTED
1b36c6e641e1ca62,NQ083,NQ,Gameplay - Wet and Cold,FurArmorSetSE (FrostFall Aware) - Update,FurSet by keung.esp,D:\Wabbajack\modlists\ARR 2.5\mods\FurArmorSetSE (FrostFall Aware) - Update\FurSet by keung.esp,SIGNAL:011B92:FurSet by keung.esp,SIGNAL,read,Armor,011B92:FurSet by keung.esp,A_FurSet_Boots_WereWolf,,,,Direct selected-signature raw-file enumeration.,ARMO:225|ENCH:51|KYWD:13,NO-ROWS,"Primary review: lighting, compatibility, update, or balance patch records are not authoritative devotional sources; defining content records are reviewed separately.",,REJECTED
1b36c6e641e1ca62,NQ083,NQ,Gameplay - Wet and Cold,FurArmorSetSE (FrostFall Aware) - Update,FurSet by keung.esp,D:\Wabbajack\modlists\ARR 2.5\mods\FurArmorSetSE (FrostFall Aware) - Update\FurSet by keung.esp,SIGNAL:011B93:FurSet by keung.esp,SIGNAL,read,Armor,011B93:FurSet by keung.esp,A_FurSet_Hat_Werewolf,,,,Direct selected-signature raw-file enumeration.,ARMO:225|ENCH:51|KYWD:13,NO-ROWS,"Primary review: lighting, compatibility, update, or balance patch records are not authoritative devotional sources; defining content records are reviewed separately.",,REJECTED
1b36c6e641e1ca62,NQ083,NQ,Gameplay - Wet and Cold,FurArmorSetSE (FrostFall Aware) - Update,FurSet by keung.esp,D:\Wabbajack\modlists\ARR 2.5\mods\FurArmorSetSE (FrostFall Aware) - Update\FurSet by keung.esp,SIGNAL:011B9D:FurSet by keung.esp,SIGNAL,read,Armor,011B9D:FurSet by keung.esp,A_FurSet_Earmuffs_SabreCatLeopard,,,,Direct selected-signature raw-file enumeration.,ARMO:225|ENCH:51|KYWD:13,NO-ROWS,"Primary review: lighting, compatibility, update, or balance patch records are not authoritative devotional sources; defining content records are reviewed separately.",,REJECTED
1b36c6e641e1ca62,NQ083,NQ,Gameplay - Wet and Cold,FurArmorSetSE (FrostFall Aware) - Update,FurSet by keung.esp,D:\Wabbajack\modlists\ARR 2.5\mods\FurArmorSetSE (FrostFall Aware) - Update\FurSet by keung.esp,SIGNAL:011B9E:FurSet by keung.esp,SIGNAL,read,Armor,011B9E:FurSet by keung.esp,A_FurSet_Muffler_SabreCatLeopard,,,,Direct selected-signature raw-file enumeration.,ARMO:225|ENCH:51|KYWD:13,NO-ROWS,"Primary review: lighting, compatibility, update, or balance patch records are not authoritative devotional sources; defining content records are reviewed separately.",,REJECTED
1b36c6e641e1ca62,NQ083,NQ,Gameplay - Wet and Cold,FurArmorSetSE (FrostFall Aware) - Update,FurSet by keung.esp,D:\Wabbajack\modlists\ARR 2.5\mods\FurArmorSetSE (FrostFall Aware) - Update\FurSet by keung.esp,SIGNAL:011BA1:FurSet by keung.esp,SIGNAL,read,Armor,011BA1:FurSet by keung.esp,A_FurSet_Earmuffs_SabreCatTiger,,,,Direct selected-signature raw-file enumeration.,ARMO:225|ENCH:51|KYWD:13,NO-ROWS,"Primary review: lighting, compatibility, update, or balance patch records are not authoritative devotional sources; defining content records are reviewed separately.",,REJECTED
1b36c6e641e1ca62,NQ083,NQ,Gameplay - Wet and Cold,FurArmorSetSE (FrostFall Aware) - Update,FurSet by keung.esp,D:\Wabbajack\modlists\ARR 2.5\mods\FurArmorSetSE (FrostFall Aware) - Update\FurSet by keung.esp,SIGNAL:011BA2:FurSet by keung.esp,SIGNAL,read,Armor,011BA2:FurSet by keung.esp,A_FurSet_Muffler_SabreCatTiger,,,,Direct selected-signature raw-file enumeration.,ARMO:225|ENCH:51|KYWD:13,NO-ROWS,"Primary review: lighting, compatibility, update, or balance patch records are not authoritative devotional sources; defining content records are reviewed separately.",,REJECTED
1b36c6e641e1ca62,NQ083,NQ,Gameplay - Wet and Cold,FurArmorSetSE (FrostFall Aware) - Update,FurSet by keung.esp,D:\Wabbajack\modlists\ARR 2.5\mods\FurArmorSetSE (FrostFall Aware) - Update\FurSet by keung.esp,SIGNAL:011BAD:FurSet by keung.esp,SIGNAL,read,Armor,011BAD:FurSet by keung.esp,A_FurSet_Earmuffs_SabreCatSnow,,,,Direct selected-signature raw-file enumeration.,ARMO:225|ENCH:51|KYWD:13,NO-ROWS,"Primary review: lighting, compatibility, update, or balance patch records are not authoritative devotional sources; defining content records are reviewed separately.",,REJECTED
1b36c6e641e1ca62,NQ083,NQ,Gameplay - Wet and Cold,FurArmorSetSE (FrostFall Aware) - Update,FurSet by keung.esp,D:\Wabbajack\modlists\ARR 2.5\mods\FurArmorSetSE (FrostFall Aware) - Update\FurSet by keung.esp,SIGNAL:011BAE:FurSet by keung.esp,SIGNAL,read,Armor,011BAE:FurSet by keung.esp,A_FurSet_Earmuffs_Wolf,,,,Direct selected-signature raw-file enumeration.,ARMO:225|ENCH:51|KYWD:13,NO-ROWS,"Primary review: lighting, compatibility, update, or balance patch records are not authoritative devotional sources; defining content records are reviewed separately.",,REJECTED
1b36c6e641e1ca62,NQ083,NQ,Gameplay - Wet and Cold,FurArmorSetSE (FrostFall Aware) - Update,FurSet by keung.esp,D:\Wabbajack\modlists\ARR 2.5\mods\FurArmorSetSE (FrostFall Aware) - Update\FurSet by keung.esp,SIGNAL:011BAF:FurSet by keung.esp,SIGNAL,read,Armor,011BAF:FurSet by keung.esp,A_FurSet_Earmuffs_SnowBear,,,,Direct selected-signature raw-file enumeration.,ARMO:225|ENCH:51|KYWD:13,NO-ROWS,"Primary review: lighting, compatibility, update, or balance patch records are not authoritative devotional sources; defining content records are reviewed separately.",,REJECTED
1b36c6e641e1ca62,NQ083,NQ,Gameplay - Wet and Cold,FurArmorSetSE (FrostFall Aware) - Update,FurSet by keung.esp,D:\Wabbajack\modlists\ARR 2.5\mods\FurArmorSetSE (FrostFall Aware) - Update\FurSet by keung.esp,SIGNAL:011BB0:FurSet by keung.esp,SIGNAL,read,Armor,011BB0:FurSet by keung.esp,A_FurSet_Earmuffs_Bear,,,,Direct selected-signature raw-file enumeration.,ARMO:225|ENCH:51|KYWD:13,NO-ROWS,"Primary review: lighting, compatibility, update, or balance patch records are not authoritative devotional sources; defining content records are reviewed separately.",,REJECTED
1b36c6e641e1ca62,NQ083,NQ,Gameplay - Wet and Cold,FurArmorSetSE (FrostFall Aware) - Update,FurSet by keung.esp,D:\Wabbajack\modlists\ARR 2.5\mods\FurArmorSetSE (FrostFall Aware) - Update\FurSet by keung.esp,SIGNAL:011BB1:FurSet by keung.esp,SIGNAL,read,Armor,011BB1:FurSet by keung.esp,A_FurSet_Earmuffs_Werewolf,,,,Direct selected-signature raw-file enumeration.,ARMO:225|ENCH:51|KYWD:13,NO-ROWS,"Primary review: lighting, compatibility, update, or balance patch records are not authoritative devotional sources; defining content records are reviewed separately.",,REJECTED
1b36c6e641e1ca62,NQ083,NQ,Gameplay - Wet and Cold,FurArmorSetSE (FrostFall Aware) - Update,FurSet by keung.esp,D:\Wabbajack\modlists\ARR 2.5\mods\FurArmorSetSE (FrostFall Aware) - Update\FurSet by keung.esp,SIGNAL:011BB2:FurSet by keung.esp,SIGNAL,read,Armor,011BB2:FurSet by keung.esp,A_FurSet_Muffler_SabreCatSnow,,,,Direct selected-signature raw-file enumeration.,ARMO:225|ENCH:51|KYWD:13,NO-ROWS,"Primary review: lighting, compatibility, update, or balance patch records are not authoritative devotional sources; defining content records are reviewed separately.",,REJECTED
1b36c6e641e1ca62,NQ083,NQ,Gameplay - Wet and Cold,FurArmorSetSE (FrostFall Aware) - Update,FurSet by keung.esp,D:\Wabbajack\modlists\ARR 2.5\mods\FurArmorSetSE (FrostFall Aware) - Update\FurSet by keung.esp,SIGNAL:011BB3:FurSet by keung.esp,SIGNAL,read,Armor,011BB3:FurSet by keung.esp,A_FurSet_Muffler_Wolf,,,,Direct selected-signature raw-file enumeration.,ARMO:225|ENCH:51|KYWD:13,NO-ROWS,"Primary review: lighting, compatibility, update, or balance patch records are not authoritative devotional sources; defining content records are reviewed separately.",,REJECTED
1b36c6e641e1ca62,NQ083,NQ,Gameplay - Wet and Cold,FurArmorSetSE (FrostFall Aware) - Update,FurSet by keung.esp,D:\Wabbajack\modlists\ARR 2.5\mods\FurArmorSetSE (FrostFall Aware) - Update\FurSet by keung.esp,SIGNAL:011BB4:FurSet by keung.esp,SIGNAL,read,Armor,011BB4:FurSet by keung.esp,A_FurSet_Muffler_SnowBear,,,,Direct selected-signature raw-file enumeration.,ARMO:225|ENCH:51|KYWD:13,NO-ROWS,"Primary review: lighting, compatibility, update, or balance patch records are not authoritative devotional sources; defining content records are reviewed separately.",,REJECTED
1b36c6e641e1ca62,NQ083,NQ,Gameplay - Wet and Cold,FurArmorSetSE (FrostFall Aware) - Update,FurSet by keung.esp,D:\Wabbajack\modlists\ARR 2.5\mods\FurArmorSetSE (FrostFall Aware) - Update\FurSet by keung.esp,SIGNAL:011BB5:FurSet by keung.esp,SIGNAL,read,Armor,011BB5:FurSet by keung.esp,A_FurSet_Muffler_Bear,,,,Direct selected-signature raw-file enumeration.,ARMO:225|ENCH:51|KYWD:13,NO-ROWS,"Primary review: lighting, compatibility, update, or balance patch records are not authoritative devotional sources; defining content records are reviewed separately.",,REJECTED
1b36c6e641e1ca62,NQ083,NQ,Gameplay - Wet and Cold,FurArmorSetSE (FrostFall Aware) - Update,FurSet by keung.esp,D:\Wabbajack\modlists\ARR 2.5\mods\FurArmorSetSE (FrostFall Aware) - Update\FurSet by keung.esp,SIGNAL:011BB6:FurSet by keung.esp,SIGNAL,read,Armor,011BB6:FurSet by keung.esp,A_FurSet_Muffler_Werewolf,,,,Direct selected-signature raw-file enumeration.,ARMO:225|ENCH:51|KYWD:13,NO-ROWS,"Primary review: lighting, compatibility, update, or balance patch records are not authoritative devotional sources; defining content records are reviewed separately.",,REJECTED
1b36c6e641e1ca62,NQ083,NQ,Gameplay - Wet and Cold,FurArmorSetSE (FrostFall Aware) - Update,FurSet by keung.esp,D:\Wabbajack\modlists\ARR 2.5\mods\FurArmorSetSE (FrostFall Aware) - Update\FurSet by keung.esp,SIGNAL:011BB8:FurSet by keung.esp,SIGNAL,read,Armor,011BB8:FurSet by keung.esp,A_FurSet_ShoulderCape_SabreCatLeopard,,,,Direct selected-signature raw-file enumeration.,ARMO:225|ENCH:51|KYWD:13,NO-ROWS,"Primary review: lighting, compatibility, update, or balance patch records are not authoritative devotional sources; defining content records are reviewed separately.",,REJECTED
1b36c6e641e1ca62,NQ083,NQ,Gameplay - Wet and Cold,FurArmorSetSE (FrostFall Aware) - Update,FurSet by keung.esp,D:\Wabbajack\modlists\ARR 2.5\mods\FurArmorSetSE (FrostFall Aware) - Update\FurSet by keung.esp,SIGNAL:011BBA:FurSet by keung.esp,SIGNAL,read,Armor,011BBA:FurSet by keung.esp,A_FurSet_ShoulderCape_SabreCatTiger,,,,Direct selected-signature raw-file enumeration.,ARMO:225|ENCH:51|KYWD:13,NO-ROWS,"Primary review: lighting, compatibility, update, or balance patch records are not authoritative devotional sources; defining content records are reviewed separately.",,REJECTED
1b36c6e641e1ca62,NQ083,NQ,Gameplay - Wet and Cold,FurArmorSetSE (FrostFall Aware) - Update,FurSet by keung.esp,D:\Wabbajack\modlists\ARR 2.5\mods\FurArmorSetSE (FrostFall Aware) - Update\FurSet by keung.esp,SIGNAL:011BC0:FurSet by keung.esp,SIGNAL,read,Armor,011BC0:FurSet by keung.esp,A_FurSet_ShoulderCape_SabreCatSnow,,,,Direct selected-signature raw-file enumeration.,ARMO:225|ENCH:51|KYWD:13,NO-ROWS,"Primary review: lighting, compatibility, update, or balance patch records are not authoritative devotional sources; defining content records are reviewed separately.",,REJECTED
1b36c6e641e1ca62,NQ083,NQ,Gameplay - Wet and Cold,FurArmorSetSE (FrostFall Aware) - Update,FurSet by keung.esp,D:\Wabbajack\modlists\ARR 2.5\mods\FurArmorSetSE (FrostFall Aware) - Update\FurSet by keung.esp,SIGNAL:011BC1:FurSet by keung.esp,SIGNAL,read,Armor,011BC1:FurSet by keung.esp,A_FurSet_ShoulderCape_Wolf,,,,Direct selected-signature raw-file enumeration.,ARMO:225|ENCH:51|KYWD:13,NO-ROWS,"Primary review: lighting, compatibility, update, or balance patch records are not authoritative devotional sources; defining content records are reviewed separately.",,REJECTED
1b36c6e641e1ca62,NQ083,NQ,Gameplay - Wet and Cold,FurArmorSetSE (FrostFall Aware) - Update,FurSet by keung.esp,D:\Wabbajack\modlists\ARR 2.5\mods\FurArmorSetSE (FrostFall Aware) - Update\FurSet by keung.esp,SIGNAL:011BC2:FurSet by keung.esp,SIGNAL,read,Armor,011BC2:FurSet by keung.esp,A_FurSet_ShoulderCape_SnowBear,,,,Direct selected-signature raw-file enumeration.,ARMO:225|ENCH:51|KYWD:13,NO-ROWS,"Primary review: lighting, compatibility, update, or balance patch records are not authoritative devotional sources; defining content records are reviewed separately.",,REJECTED
1b36c6e641e1ca62,NQ083,NQ,Gameplay - Wet and Cold,FurArmorSetSE (FrostFall Aware) - Update,FurSet by keung.esp,D:\Wabbajack\modlists\ARR 2.5\mods\FurArmorSetSE (FrostFall Aware) - Update\FurSet by keung.esp,SIGNAL:011BC3:FurSet by keung.esp,SIGNAL,read,Armor,011BC3:FurSet by keung.esp,A_FurSet_ShoulderCape_Bear,,,,Direct selected-signature raw-file enumeration.,ARMO:225|ENCH:51|KYWD:13,NO-ROWS,"Primary review: lighting, compatibility, update, or balance patch records are not authoritative devotional sources; defining content records are reviewed separately.",,REJECTED
1b36c6e641e1ca62,NQ083,NQ,Gameplay - Wet and Cold,FurArmorSetSE (FrostFall Aware) - Update,FurSet by keung.esp,D:\Wabbajack\modlists\ARR 2.5\mods\FurArmorSetSE (FrostFall Aware) - Update\FurSet by keung.esp,SIGNAL:011BC4:FurSet by keung.esp,SIGNAL,read,Armor,011BC4:FurSet by keung.esp,A_FurSet_ShoulderCape_Werewolf,,,,Direct selected-signature raw-file enumeration.,ARMO:225|ENCH:51|KYWD:13,NO-ROWS,"Primary review: lighting, compatibility, update, or balance patch records are not authoritative devotional sources; defining content records are reviewed separately.",,REJECTED
1b36c6e641e1ca62,NQ083,NQ,Gameplay - Wet and Cold,FurArmorSetSE (FrostFall Aware) - Update,FurSet by keung.esp,D:\Wabbajack\modlists\ARR 2.5\mods\FurArmorSetSE (FrostFall Aware) - Update\FurSet by keung.esp,SIGNAL:011BC6:FurSet by keung.esp,SIGNAL,read,Armor,011BC6:FurSet by keung.esp,A_Furset_Coat_SabreCatLeopard,,,,Direct selected-signature raw-file enumeration.,ARMO:225|ENCH:51|KYWD:13,NO-ROWS,"Primary review: lighting, compatibility, update, or balance patch records are not authoritative devotional sources; defining content records are reviewed separately.",,REJECTED
1b36c6e641e1ca62,NQ083,NQ,Gameplay - Wet and Cold,FurArmorSetSE (FrostFall Aware) - Update,FurSet by keung.esp,D:\Wabbajack\modlists\ARR 2.5\mods\FurArmorSetSE (FrostFall Aware) - Update\FurSet by keung.esp,SIGNAL:011BC8:FurSet by keung.esp,SIGNAL,read,Armor,011BC8:FurSet by keung.esp,A_Furset_Coat_SabreCatTiger,,,,Direct selected-signature raw-file enumeration.,ARMO:225|ENCH:51|KYWD:13,NO-ROWS,"Primary review: lighting, compatibility, update, or balance patch records are not authoritative devotional sources; defining content records are reviewed separately.",,REJECTED
1b36c6e641e1ca62,NQ083,NQ,Gameplay - Wet and Cold,FurArmorSetSE (FrostFall Aware) - Update,FurSet by keung.esp,D:\Wabbajack\modlists\ARR 2.5\mods\FurArmorSetSE (FrostFall Aware) - Update\FurSet by keung.esp,SIGNAL:011BCE:FurSet by keung.esp,SIGNAL,read,Armor,011BCE:FurSet by keung.esp,A_Furset_Coat_SabreCatSnow,,,,Direct selected-signature raw-file enumeration.,ARMO:225|ENCH:51|KYWD:13,NO-ROWS,"Primary review: lighting, compatibility, update, or balance patch records are not authoritative devotional sources; defining content records are reviewed separately.",,REJECTED
1b36c6e641e1ca62,NQ083,NQ,Gameplay - Wet and Cold,FurArmorSetSE (FrostFall Aware) - Update,FurSet by keung.esp,D:\Wabbajack\modlists\ARR 2.5\mods\FurArmorSetSE (FrostFall Aware) - Update\FurSet by keung.esp,SIGNAL:011BCF:FurSet by keung.esp,SIGNAL,read,Armor,011BCF:FurSet by keung.esp,A_Furset_Coat_Wolf,,,,Direct selected-signature raw-file enumeration.,ARMO:225|ENCH:51|KYWD:13,NO-ROWS,"Primary review: lighting, compatibility, update, or balance patch records are not authoritative devotional sources; defining content records are reviewed separately.",,REJECTED
1b36c6e641e1ca62,NQ083,NQ,Gameplay - Wet and Cold,FurArmorSetSE (FrostFall Aware) - Update,FurSet by keung.esp,D:\Wabbajack\modlists\ARR 2.5\mods\FurArmorSetSE (FrostFall Aware) - Update\FurSet by keung.esp,SIGNAL:011BD0:FurSet by keung.esp,SIGNAL,read,Armor,011BD0:FurSet by keung.esp,A_Furset_Coat_SnowBear,,,,Direct selected-signature raw-file enumeration.,ARMO:225|ENCH:51|KYWD:13,NO-ROWS,"Primary review: lighting, compatibility, update, or balance patch records are not authoritative devotional sources; defining content records are reviewed separately.",,REJECTED
1b36c6e641e1ca62,NQ083,NQ,Gameplay - Wet and Cold,FurArmorSetSE (FrostFall Aware) - Update,FurSet by keung.esp,D:\Wabbajack\modlists\ARR 2.5\mods\FurArmorSetSE (FrostFall Aware) - Update\FurSet by keung.esp,SIGNAL:011BD1:FurSet by keung.esp,SIGNAL,read,Armor,011BD1:FurSet by keung.esp,A_Furset_Coat_Werewolf,,,,Direct selected-signature raw-file enumeration.,ARMO:225|ENCH:51|KYWD:13,NO-ROWS,"Primary review: lighting, compatibility, update, or balance patch records are not authoritative devotional sources; defining content records are reviewed separately.",,REJECTED
1b36c6e641e1ca62,NQ083,NQ,Gameplay - Wet and Cold,FurArmorSetSE (FrostFall Aware) - Update,FurSet by keung.esp,D:\Wabbajack\modlists\ARR 2.5\mods\FurArmorSetSE (FrostFall Aware) - Update\FurSet by keung.esp,SIGNAL:011BD2:FurSet by keung.esp,SIGNAL,read,Armor,011BD2:FurSet by keung.esp,A_Furset_Coat_Bear,,,,Direct selected-signature raw-file enumeration.,ARMO:225|ENCH:51|KYWD:13,NO-ROWS,"Primary review: lighting, compatibility, update, or balance patch records are not authoritative devotional sources; defining content records are reviewed separately.",,REJECTED
1b36c6e641e1ca62,NQ083,NQ,Gameplay - Wet and Cold,FurArmorSetSE (FrostFall Aware) - Update,FurSet by keung.esp,D:\Wabbajack\modlists\ARR 2.5\mods\FurArmorSetSE (FrostFall Aware) - Update\FurSet by keung.esp,SIGNAL:011BDC:FurSet by keung.esp,SIGNAL,read,Armor,011BDC:FurSet by keung.esp,A_FurSet_GlovesOF_SabreCatLeopard,,,,Direct selected-signature raw-file enumeration.,ARMO:225|ENCH:51|KYWD:13,NO-ROWS,"Primary review: lighting, compatibility, update, or balance patch records are not authoritative devotional sources; defining content records are reviewed separately.",,REJECTED
1b36c6e641e1ca62,NQ083,NQ,Gameplay - Wet and Cold,FurArmorSetSE (FrostFall Aware) - Update,FurSet by keung.esp,D:\Wabbajack\modlists\ARR 2.5\mods\FurArmorSetSE (FrostFall Aware) - Update\FurSet by keung.esp,SIGNAL:011BDD:FurSet by keung.esp,SIGNAL,read,Armor,011BDD:FurSet by keung.esp,A_FurSet_GlovesOF_SabreCatTiger,,,,Direct selected-signature raw-file enumeration.,ARMO:225|ENCH:51|KYWD:13,NO-ROWS,"Primary review: lighting, compatibility, update, or balance patch records are not authoritative devotional sources; defining content records are reviewed separately.",,REJECTED
1b36c6e641e1ca62,NQ083,NQ,Gameplay - Wet and Cold,FurArmorSetSE (FrostFall Aware) - Update,FurSet by keung.esp,D:\Wabbajack\modlists\ARR 2.5\mods\FurArmorSetSE (FrostFall Aware) - Update\FurSet by keung.esp,SIGNAL:011BDE:FurSet by keung.esp,SIGNAL,read,Armor,011BDE:FurSet by keung.esp,A_FurSet_GlovesOF_SabreCatSnow,,,,Direct selected-signature raw-file enumeration.,ARMO:225|ENCH:51|KYWD:13,NO-ROWS,"Primary review: lighting, compatibility, update, or balance patch records are not authoritative devotional sources; defining content records are reviewed separately.",,REJECTED
1b36c6e641e1ca62,NQ083,NQ,Gameplay - Wet and Cold,FurArmorSetSE (FrostFall Aware) - Update,FurSet by keung.esp,D:\Wabbajack\modlists\ARR 2.5\mods\FurArmorSetSE (FrostFall Aware) - Update\FurSet by keung.esp,SIGNAL:011BDF:FurSet by keung.esp,SIGNAL,read,Armor,011BDF:FurSet by keung.esp,A_FurSet_GlovesOF_Wolf,,,,Direct selected-signature raw-file enumeration.,ARMO:225|ENCH:51|KYWD:13,NO-ROWS,"Primary review: lighting, compatibility, update, or balance patch records are not authoritative devotional sources; defining content records are reviewed separately.",,REJECTED
1b36c6e641e1ca62,NQ083,NQ,Gameplay - Wet and Cold,FurArmorSetSE (FrostFall Aware) - Update,FurSet by keung.esp,D:\Wabbajack\modlists\ARR 2.5\mods\FurArmorSetSE (FrostFall Aware) - Update\FurSet by keung.esp,SIGNAL:011BE0:FurSet by keung.esp,SIGNAL,read,Armor,011BE0:FurSet by keung.esp,A_FurSet_GlovesOF_SnowBear,,,,Direct selected-signature raw-file enumeration.,ARMO:225|ENCH:51|KYWD:13,NO-ROWS,"Primary review: lighting, compatibility, update, or balance patch records are not authoritative devotional sources; defining content records are reviewed separately.",,REJECTED
1b36c6e641e1ca62,NQ083,NQ,Gameplay - Wet and Cold,FurArmorSetSE (FrostFall Aware) - Update,FurSet by keung.esp,D:\Wabbajack\modlists\ARR 2.5\mods\FurArmorSetSE (FrostFall Aware) - Update\FurSet by keung.esp,SIGNAL:011BE1:FurSet by keung.esp,SIGNAL,read,Armor,011BE1:FurSet by keung.esp,A_FurSet_GlovesOF_Bear,,,,Direct selected-signature raw-file enumeration.,ARMO:225|ENCH:51|KYWD:13,NO-ROWS,"Primary review: lighting, compatibility, update, or balance patch records are not authoritative devotional sources; defining content records are reviewed separately.",,REJECTED
1b36c6e641e1ca62,NQ083,NQ,Gameplay - Wet and Cold,FurArmorSetSE (FrostFall Aware) - Update,FurSet by keung.esp,D:\Wabbajack\modlists\ARR 2.5\mods\FurArmorSetSE (FrostFall Aware) - Update\FurSet by keung.esp,SIGNAL:011BE2:FurSet by keung.esp,SIGNAL,read,Armor,011BE2:FurSet by keung.esp,A_FurSet_GlovesOF_Werewolf,,,,Direct selected-signature raw-file enumeration.,ARMO:225|ENCH:51|KYWD:13,NO-ROWS,"Primary review: lighting, compatibility, update, or balance patch records are not authoritative devotional sources; defining content records are reviewed separately.",,REJECTED
1b36c6e641e1ca62,NQ083,NQ,Gameplay - Wet and Cold,FurArmorSetSE (FrostFall Aware) - Update,FurSet by keung.esp,D:\Wabbajack\modlists\ARR 2.5\mods\FurArmorSetSE (FrostFall Aware) - Update\FurSet by keung.esp,SIGNAL:012C6C:FurSet by keung.esp,SIGNAL,read,Armor,012C6C:FurSet by keung.esp,AM_Furset_Coat_SabreCatLeopard_05,,,,Direct selected-signature raw-file enumeration.,ARMO:225|ENCH:51|KYWD:13,NO-ROWS,"Primary review: lighting, compatibility, update, or balance patch records are not authoritative devotional sources; defining content records are reviewed separately.",,REJECTED
1b36c6e641e1ca62,NQ083,NQ,Gameplay - Wet and Cold,FurArmorSetSE (FrostFall Aware) - Update,FurSet by keung.esp,D:\Wabbajack\modlists\ARR 2.5\mods\FurArmorSetSE (FrostFall Aware) - Update\FurSet by keung.esp,SIGNAL:0131CF:FurSet by keung.esp,SIGNAL,read,Armor,0131CF:FurSet by keung.esp,A_MageFur_Boots_Wolf,,,,Direct selected-signature raw-file enumeration.,ARMO:225|ENCH:51|KYWD:13,NO-ROWS,"Primary review: lighting, compatibility, update, or balance patch records are not authoritative devotional sources; defining content records are reviewed separately.",,REJECTED
1b36c6e641e1ca62,NQ083,NQ,Gameplay - Wet and Cold,FurArmorSetSE (FrostFall Aware) - Update,FurSet by keung.esp,D:\Wabbajack\modlists\ARR 2.5\mods\FurArmorSetSE (FrostFall Aware) - Update\FurSet by keung.esp,SIGNAL:0131D1:FurSet by keung.esp,SIGNAL,read,Armor,0131D1:FurSet by keung.esp,A_MageFur_Coat_Wolf,,,,Direct selected-signature raw-file enumeration.,ARMO:225|ENCH:51|KYWD:13,NO-ROWS,"Primary review: lighting, compatibility, update, or balance patch records are not authoritative devotional sources; defining content records are reviewed separately.",,REJECTED
1b36c6e641e1ca62,NQ083,NQ,Gameplay - Wet and Cold,FurArmorSetSE (FrostFall Aware) - Update,FurSet by keung.esp,D:\Wabbajack\modlists\ARR 2.5\mods\FurArmorSetSE (FrostFall Aware) - Update\FurSet by keung.esp,SIGNAL:0131D2:FurSet by keung.esp,SIGNAL,read,Armor,0131D2:FurSet by keung.esp,A_MageFur_Earmuffs_Wolf,,,,Direct selected-signature raw-file enumeration.,ARMO:225|ENCH:51|KYWD:13,NO-ROWS,"Primary review: lighting, compatibility, update, or balance patch records are not authoritative devotional sources; defining content records are reviewed separately.",,REJECTED
1b36c6e641e1ca62,NQ083,NQ,Gameplay - Wet and Cold,FurArmorSetSE (FrostFall Aware) - Update,FurSet by keung.esp,D:\Wabbajack\modlists\ARR 2.5\mods\FurArmorSetSE (FrostFall Aware) - Update\FurSet by keung.esp,SIGNAL:0131D3:FurSet by keung.esp,SIGNAL,read,Armor,0131D3:FurSet by keung.esp,A_MageFur_Gloves_Wolf,,,,Direct selected-signature raw-file enumeration.,ARMO:225|ENCH:51|KYWD:13,NO-ROWS,"Primary review: lighting, compatibility, update, or balance patch records are not authoritative devotional sources; defining content records are reviewed separately.",,REJECTED
1b36c6e641e1ca62,NQ083,NQ,Gameplay - Wet and Cold,FurArmorSetSE (FrostFall Aware) - Update,FurSet by keung.esp,D:\Wabbajack\modlists\ARR 2.5\mods\FurArmorSetSE (FrostFall Aware) - Update\FurSet by keung.esp,SIGNAL:0131D4:FurSet by keung.esp,SIGNAL,read,Armor,0131D4:FurSet by keung.esp,A_MageFur_GlovesOF_Wolf,,,,Direct selected-signature raw-file enumeration.,ARMO:225|ENCH:51|KYWD:13,NO-ROWS,"Primary review: lighting, compatibility, update, or balance patch records are not authoritative devotional sources; defining content records are reviewed separately.",,REJECTED
1b36c6e641e1ca62,NQ083,NQ,Gameplay - Wet and Cold,FurArmorSetSE (FrostFall Aware) - Update,FurSet by keung.esp,D:\Wabbajack\modlists\ARR 2.5\mods\FurArmorSetSE (FrostFall Aware) - Update\FurSet by keung.esp,SIGNAL:0131D5:FurSet by keung.esp,SIGNAL,read,Armor,0131D5:FurSet by keung.esp,A_MageFur_Hat_Wolf,,,,Direct selected-signature raw-file enumeration.,ARMO:225|ENCH:51|KYWD:13,NO-ROWS,"Primary review: lighting, compatibility, update, or balance patch records are not authoritative devotional sources; defining content records are reviewed separately.",,REJECTED
1b36c6e641e1ca62,NQ083,NQ,Gameplay - Wet and Cold,FurArmorSetSE (FrostFall Aware) - Update,FurSet by keung.esp,D:\Wabbajack\modlists\ARR 2.5\mods\FurArmorSetSE (FrostFall Aware) - Update\FurSet by keung.esp,SIGNAL:0131D6:FurSet by keung.esp,SIGNAL,read,Armor,0131D6:FurSet by keung.esp,A_MageFur_Muffler_Wolf,,,,Direct selected-signature raw-file enumeration.,ARMO:225|ENCH:51|KYWD:13,NO-ROWS,"Primary review: lighting, compatibility, update, or balance patch records are not authoritative devotional sources; defining content records are reviewed separately.",,REJECTED
1b36c6e641e1ca62,NQ083,NQ,Gameplay - Wet and Cold,FurArmorSetSE (FrostFall Aware) - Update,FurSet by keung.esp,D:\Wabbajack\modlists\ARR 2.5\mods\FurArmorSetSE (FrostFall Aware) - Update\FurSet by keung.esp,SIGNAL:0131D7:FurSet by keung.esp,SIGNAL,read,Armor,0131D7:FurSet by keung.esp,A_MageFur_ShoulderCape_Wolf,,,,Direct selected-signature raw-file enumeration.,ARMO:225|ENCH:51|KYWD:13,NO-ROWS,"Primary review: lighting, compatibility, update, or balance patch records are not authoritative devotional sources; defining content records are reviewed separately.",,REJECTED
1b36c6e641e1ca62,NQ083,NQ,Gameplay - Wet and Cold,FurArmorSetSE (FrostFall Aware) - Update,FurSet by keung.esp,D:\Wabbajack\modlists\ARR 2.5\mods\FurArmorSetSE (FrostFall Aware) - Update\FurSet by keung.esp,SIGNAL:0131D8:FurSet by keung.esp,SIGNAL,read,Armor,0131D8:FurSet by keung.esp,A_MageFur_Poncho_Wolf,,,,Direct selected-signature raw-file enumeration.,ARMO:225|ENCH:51|KYWD:13,NO-ROWS,"Primary review: lighting, compatibility, update, or balance patch records are not authoritative devotional sources; defining content records are reviewed separately.",,REJECTED
1b36c6e641e1ca62,NQ083,NQ,Gameplay - Wet and Cold,FurArmorSetSE (FrostFall Aware) - Update,FurSet by keung.esp,D:\Wabbajack\modlists\ARR 2.5\mods\FurArmorSetSE (FrostFall Aware) - Update\FurSet by keung.esp,SIGNAL:0131EC:FurSet by keung.esp,SIGNAL,read,Armor,0131EC:FurSet by keung.esp,A_MageFur_Poncho_SabreCatLeopard,,,,Direct selected-signature raw-file enumeration.,ARMO:225|ENCH:51|KYWD:13,NO-ROWS,"Primary review: lighting, compatibility, update, or balance patch records are not authoritative devotional sources; defining content records are reviewed separately.",,REJECTED
1b36c6e641e1ca62,NQ083,NQ,Gameplay - Wet and Cold,FurArmorSetSE (FrostFall Aware) - Update,FurSet by keung.esp,D:\Wabbajack\modlists\ARR 2.5\mods\FurArmorSetSE (FrostFall Aware) - Update\FurSet by keung.esp,SIGNAL:0131ED:FurSet by keung.esp,SIGNAL,read,Armor,0131ED:FurSet by keung.esp,A_MageFur_Poncho_SabreCatTiger,,,,Direct selected-signature raw-file enumeration.,ARMO:225|ENCH:51|KYWD:13,NO-ROWS,"Primary review: lighting, compatibility, update, or balance patch records are not authoritative devotional sources; defining content records are reviewed separately.",,REJECTED
1b36c6e641e1ca62,NQ083,NQ,Gameplay - Wet and Cold,FurArmorSetSE (FrostFall Aware) - Update,FurSet by keung.esp,D:\Wabbajack\modlists\ARR 2.5\mods\FurArmorSetSE (FrostFall Aware) - Update\FurSet by keung.esp,SIGNAL:0131F1:FurSet by keung.esp,SIGNAL,read,Armor,0131F1:FurSet by keung.esp,A_MageFur_Poncho_SabreCatSnow,,,,Direct selected-signature raw-file enumeration.,ARMO:225|ENCH:51|KYWD:13,NO-ROWS,"Primary review: lighting, compatibility, update, or balance patch records are not authoritative devotional sources; defining content records are reviewed separately.",,REJECTED
1b36c6e641e1ca62,NQ083,NQ,Gameplay - Wet and Cold,FurArmorSetSE (FrostFall Aware) - Update,FurSet by keung.esp,D:\Wabbajack\modlists\ARR 2.5\mods\FurArmorSetSE (FrostFall Aware) - Update\FurSet by keung.esp,SIGNAL:0131F2:FurSet by keung.esp,SIGNAL,read,Armor,0131F2:FurSet by keung.esp,A_MageFur_Poncho_SnowBear,,,,Direct selected-signature raw-file enumeration.,ARMO:225|ENCH:51|KYWD:13,NO-ROWS,"Primary review: lighting, compatibility, update, or balance patch records are not authoritative devotional sources; defining content records are reviewed separately.",,REJECTED
1b36c6e641e1ca62,NQ083,NQ,Gameplay - Wet and Cold,FurArmorSetSE (FrostFall Aware) - Update,FurSet by keung.esp,D:\Wabbajack\modlists\ARR 2.5\mods\FurArmorSetSE (FrostFall Aware) - Update\FurSet by keung.esp,SIGNAL:0131F3:FurSet by keung.esp,SIGNAL,read,Armor,0131F3:FurSet by keung.esp,A_MageFur_Poncho_Bear,,,,Direct selected-signature raw-file enumeration.,ARMO:225|ENCH:51|KYWD:13,NO-ROWS,"Primary review: lighting, compatibility, update, or balance patch records are not authoritative devotional sources; defining content records are reviewed separately.",,REJECTED
1b36c6e641e1ca62,NQ083,NQ,Gameplay - Wet and Cold,FurArmorSetSE (FrostFall Aware) - Update,FurSet by keung.esp,D:\Wabbajack\modlists\ARR 2.5\mods\FurArmorSetSE (FrostFall Aware) - Update\FurSet by keung.esp,SIGNAL:0131F4:FurSet by keung.esp,SIGNAL,read,Armor,0131F4:FurSet by keung.esp,A_MageFur_Hat_SabreCatLeopard,,,,Direct selected-signature raw-file enumeration.,ARMO:225|ENCH:51|KYWD:13,NO-ROWS,"Primary review: lighting, compatibility, update, or balance patch records are not authoritative devotional sources; defining content records are reviewed separately.",,REJECTED
1b36c6e641e1ca62,NQ083,NQ,Gameplay - Wet and Cold,FurArmorSetSE (FrostFall Aware) - Update,FurSet by keung.esp,D:\Wabbajack\modlists\ARR 2.5\mods\FurArmorSetSE (FrostFall Aware) - Update\FurSet by keung.esp,SIGNAL:0131F5:FurSet by keung.esp,SIGNAL,read,Armor,0131F5:FurSet by keung.esp,A_MageFur_Hat_SabreCatTiger,,,,Direct selected-signature raw-file enumeration.,ARMO:225|ENCH:51|KYWD:13,NO-ROWS,"Primary review: lighting, compatibility, update, or balance patch records are not authoritative devotional sources; defining content records are reviewed separately.",,REJECTED
1b36c6e641e1ca62,NQ083,NQ,Gameplay - Wet and Cold,FurArmorSetSE (FrostFall Aware) - Update,FurSet by keung.esp,D:\Wabbajack\modlists\ARR 2.5\mods\FurArmorSetSE (FrostFall Aware) - Update\FurSet by keung.esp,SIGNAL:0131F6:FurSet by keung.esp,SIGNAL,read,Armor,0131F6:FurSet by keung.esp,A_MageFur_Gloves_SabreCatLeopard,,,,Direct selected-signature raw-file enumeration.,ARMO:225|ENCH:51|KYWD:13,NO-ROWS,"Primary review: lighting, compatibility, update, or balance patch records are not authoritative devotional sources; defining content records are reviewed separately.",,REJECTED
1b36c6e641e1ca62,NQ083,NQ,Gameplay - Wet and Cold,FurArmorSetSE (FrostFall Aware) - Update,FurSet by keung.esp,D:\Wabbajack\modlists\ARR 2.5\mods\FurArmorSetSE (FrostFall Aware) - Update\FurSet by keung.esp,SIGNAL:0131F7:FurSet by keung.esp,SIGNAL,read,Armor,0131F7:FurSet by keung.esp,A_MageFur_Boots_SabreCatLeopard,,,,Direct selected-signature raw-file enumeration.,ARMO:225|ENCH:51|KYWD:13,NO-ROWS,"Primary review: lighting, compatibility, update, or balance patch records are not authoritative devotional sources; defining content records are reviewed separately.",,REJECTED
1b36c6e641e1ca62,NQ083,NQ,Gameplay - Wet and Cold,FurArmorSetSE (FrostFall Aware) - Update,FurSet by keung.esp,D:\Wabbajack\modlists\ARR 2.5\mods\FurArmorSetSE (FrostFall Aware) - Update\FurSet by keung.esp,SIGNAL:0131F8:FurSet by keung.esp,SIGNAL,read,Armor,0131F8:FurSet by keung.esp,A_MageFur_Gloves_SabreCatTiger,,,,Direct selected-signature raw-file enumeration.,ARMO:225|ENCH:51|KYWD:13,NO-ROWS,"Primary review: lighting, compatibility, update, or balance patch records are not authoritative devotional sources; defining content records are reviewed separately.",,REJECTED
1b36c6e641e1ca62,NQ083,NQ,Gameplay - Wet and Cold,FurArmorSetSE (FrostFall Aware) - Update,FurSet by keung.esp,D:\Wabbajack\modlists\ARR 2.5\mods\FurArmorSetSE (FrostFall Aware) - Update\FurSet by keung.esp,SIGNAL:0131F9:FurSet by keung.esp,SIGNAL,read,Armor,0131F9:FurSet by keung.esp,A_MageFur_Boots_SabreCatTiger,,,,Direct selected-signature raw-file enumeration.,ARMO:225|ENCH:51|KYWD:13,NO-ROWS,"Primary review: lighting, compatibility, update, or balance patch records are not authoritative devotional sources; defining content records are reviewed separately.",,REJECTED
1b36c6e641e1ca62,NQ083,NQ,Gameplay - Wet and Cold,FurArmorSetSE (FrostFall Aware) - Update,FurSet by keung.esp,D:\Wabbajack\modlists\ARR 2.5\mods\FurArmorSetSE (FrostFall Aware) - Update\FurSet by keung.esp,SIGNAL:0131FA:FurSet by keung.esp,SIGNAL,read,Armor,0131FA:FurSet by keung.esp,A_MageFur_Gloves_SabreCatSnow,,,,Direct selected-signature raw-file enumeration.,ARMO:225|ENCH:51|KYWD:13,NO-ROWS,"Primary review: lighting, compatibility, update, or balance patch records are not authoritative devotional sources; defining content records are reviewed separately.",,REJECTED
1b36c6e641e1ca62,NQ083,NQ,Gameplay - Wet and Cold,FurArmorSetSE (FrostFall Aware) - Update,FurSet by keung.esp,D:\Wabbajack\modlists\ARR 2.5\mods\FurArmorSetSE (FrostFall Aware) - Update\FurSet by keung.esp,SIGNAL:0131FB:FurSet by keung.esp,SIGNAL,read,Armor,0131FB:FurSet by keung.esp,A_MageFur_Gloves_SnowBear,,,,Direct selected-signature raw-file enumeration.,ARMO:225|ENCH:51|KYWD:13,NO-ROWS,"Primary review: lighting, compatibility, update, or balance patch records are not authoritative devotional sources; defining content records are reviewed separately.",,REJECTED
1b36c6e641e1ca62,NQ083,NQ,Gameplay - Wet and Cold,FurArmorSetSE (FrostFall Aware) - Update,FurSet by keung.esp,D:\Wabbajack\modlists\ARR 2.5\mods\FurArmorSetSE (FrostFall Aware) - Update\FurSet by keung.esp,SIGNAL:0131FC:FurSet by keung.esp,SIGNAL,read,Armor,0131FC:FurSet by keung.esp,A_MageFur_Gloves_Bear,,,,Direct selected-signature raw-file enumeration.,ARMO:225|ENCH:51|KYWD:13,NO-ROWS,"Primary review: lighting, compatibility, update, or balance patch records are not authoritative devotional sources; defining content records are reviewed separately.",,REJECTED
1b36c6e641e1ca62,NQ083,NQ,Gameplay - Wet and Cold,FurArmorSetSE (FrostFall Aware) - Update,FurSet by keung.esp,D:\Wabbajack\modlists\ARR 2.5\mods\FurArmorSetSE (FrostFall Aware) - Update\FurSet by keung.esp,SIGNAL:0131FD:FurSet by keung.esp,SIGNAL,read,Armor,0131FD:FurSet by keung.esp,A_MageFur_Boots_SabreCatSnow,,,,Direct selected-signature raw-file enumeration.,ARMO:225|ENCH:51|KYWD:13,NO-ROWS,"Primary review: lighting, compatibility, update, or balance patch records are not authoritative devotional sources; defining content records are reviewed separately.",,REJECTED
1b36c6e641e1ca62,NQ083,NQ,Gameplay - Wet and Cold,FurArmorSetSE (FrostFall Aware) - Update,FurSet by keung.esp,D:\Wabbajack\modlists\ARR 2.5\mods\FurArmorSetSE (FrostFall Aware) - Update\FurSet by keung.esp,SIGNAL:0131FF:FurSet by keung.esp,SIGNAL,read,Armor,0131FF:FurSet by keung.esp,A_MageFur_Boots_SnowBear,,,,Direct selected-signature raw-file enumeration.,ARMO:225|ENCH:51|KYWD:13,NO-ROWS,"Primary review: lighting, compatibility, update, or balance patch records are not authoritative devotional sources; defining content records are reviewed separately.",,REJECTED
1b36c6e641e1ca62,NQ083,NQ,Gameplay - Wet and Cold,FurArmorSetSE (FrostFall Aware) - Update,FurSet by keung.esp,D:\Wabbajack\modlists\ARR 2.5\mods\FurArmorSetSE (FrostFall Aware) - Update\FurSet by keung.esp,SIGNAL:013200:FurSet by keung.esp,SIGNAL,read,Armor,013200:FurSet by keung.esp,A_MageFur_Boots_Bear,,,,Direct selected-signature raw-file enumeration.,ARMO:225|ENCH:51|KYWD:13,NO-ROWS,"Primary review: lighting, compatibility, update, or balance patch records are not authoritative devotional sources; defining content records are reviewed separately.",,REJECTED
1b36c6e641e1ca62,NQ083,NQ,Gameplay - Wet and Cold,FurArmorSetSE (FrostFall Aware) - Update,FurSet by keung.esp,D:\Wabbajack\modlists\ARR 2.5\mods\FurArmorSetSE (FrostFall Aware) - Update\FurSet by keung.esp,SIGNAL:013201:FurSet by keung.esp,SIGNAL,read,Armor,013201:FurSet by keung.esp,A_MageFur_Hat_SabreCatSnow,,,,Direct selected-signature raw-file enumeration.,ARMO:225|ENCH:51|KYWD:13,NO-ROWS,"Primary review: lighting, compatibility, update, or balance patch records are not authoritative devotional sources; defining content records are reviewed separately.",,REJECTED
1b36c6e641e1ca62,NQ083,NQ,Gameplay - Wet and Cold,FurArmorSetSE (FrostFall Aware) - Update,FurSet by keung.esp,D:\Wabbajack\modlists\ARR 2.5\mods\FurArmorSetSE (FrostFall Aware) - Update\FurSet by keung.esp,SIGNAL:013202:FurSet by keung.esp,SIGNAL,read,Armor,013202:FurSet by keung.esp,A_MageFur_Hat_SnowBear,,,,Direct selected-signature raw-file enumeration.,ARMO:225|ENCH:51|KYWD:13,NO-ROWS,"Primary review: lighting, compatibility, update, or balance patch records are not authoritative devotional sources; defining content records are reviewed separately.",,REJECTED
1b36c6e641e1ca62,NQ083,NQ,Gameplay - Wet and Cold,FurArmorSetSE (FrostFall Aware) - Update,FurSet by keung.esp,D:\Wabbajack\modlists\ARR 2.5\mods\FurArmorSetSE (FrostFall Aware) - Update\FurSet by keung.esp,SIGNAL:013203:FurSet by keung.esp,SIGNAL,read,Armor,013203:FurSet by keung.esp,A_MageFur_Hat_Bear,,,,Direct selected-signature raw-file enumeration.,ARMO:225|ENCH:51|KYWD:13,NO-ROWS,"Primary review: lighting, compatibility, update, or balance patch records are not authoritative devotional sources; defining content records are reviewed separately.",,REJECTED
1b36c6e641e1ca62,NQ083,NQ,Gameplay - Wet and Cold,FurArmorSetSE (FrostFall Aware) - Update,FurSet by keung.esp,D:\Wabbajack\modlists\ARR 2.5\mods\FurArmorSetSE (FrostFall Aware) - Update\FurSet by keung.esp,SIGNAL:013204:FurSet by keung.esp,SIGNAL,read,Armor,013204:FurSet by keung.esp,A_MageFur_Poncho_Werewolf,,,,Direct selected-signature raw-file enumeration.,ARMO:225|ENCH:51|KYWD:13,NO-ROWS,"Primary review: lighting, compatibility, update, or balance patch records are not authoritative devotional sources; defining content records are reviewed separately.",,REJECTED
1b36c6e641e1ca62,NQ083,NQ,Gameplay - Wet and Cold,FurArmorSetSE (FrostFall Aware) - Update,FurSet by keung.esp,D:\Wabbajack\modlists\ARR 2.5\mods\FurArmorSetSE (FrostFall Aware) - Update\FurSet by keung.esp,SIGNAL:013205:FurSet by keung.esp,SIGNAL,read,Armor,013205:FurSet by keung.esp,A_MageFur_Gloves_Werewolf,,,,Direct selected-signature raw-file enumeration.,ARMO:225|ENCH:51|KYWD:13,NO-ROWS,"Primary review: lighting, compatibility, update, or balance patch records are not authoritative devotional sources; defining content records are reviewed separately.",,REJECTED
1b36c6e641e1ca62,NQ083,NQ,Gameplay - Wet and Cold,FurArmorSetSE (FrostFall Aware) - Update,FurSet by keung.esp,D:\Wabbajack\modlists\ARR 2.5\mods\FurArmorSetSE (FrostFall Aware) - Update\FurSet by keung.esp,SIGNAL:013206:FurSet by keung.esp,SIGNAL,read,Armor,013206:FurSet by keung.esp,A_MageFur_Boots_WereWolf,,,,Direct selected-signature raw-file enumeration.,ARMO:225|ENCH:51|KYWD:13,NO-ROWS,"Primary review: lighting, compatibility, update, or balance patch records are not authoritative devotional sources; defining content records are reviewed separately.",,REJECTED
1b36c6e641e1ca62,NQ083,NQ,Gameplay - Wet and Cold,FurArmorSetSE (FrostFall Aware) - Update,FurSet by keung.esp,D:\Wabbajack\modlists\ARR 2.5\mods\FurArmorSetSE (FrostFall Aware) - Update\FurSet by keung.esp,SIGNAL:013207:FurSet by keung.esp,SIGNAL,read,Armor,013207:FurSet by keung.esp,A_MageFur_Hat_Werewolf,,,,Direct selected-signature raw-file enumeration.,ARMO:225|ENCH:51|KYWD:13,NO-ROWS,"Primary review: lighting, compatibility, update, or balance patch records are not authoritative devotional sources; defining content records are reviewed separately.",,REJECTED
1b36c6e641e1ca62,NQ083,NQ,Gameplay - Wet and Cold,FurArmorSetSE (FrostFall Aware) - Update,FurSet by keung.esp,D:\Wabbajack\modlists\ARR 2.5\mods\FurArmorSetSE (FrostFall Aware) - Update\FurSet by keung.esp,SIGNAL:013208:FurSet by keung.esp,SIGNAL,read,Armor,013208:FurSet by keung.esp,A_MageFur_Earmuffs_SabreCatLeopard,,,,Direct selected-signature raw-file enumeration.,ARMO:225|ENCH:51|KYWD:13,NO-ROWS,"Primary review: lighting, compatibility, update, or balance patch records are not authoritative devotional sources; defining content records are reviewed separately.",,REJECTED
1b36c6e641e1ca62,NQ083,NQ,Gameplay - Wet and Cold,FurArmorSetSE (FrostFall Aware) - Update,FurSet by keung.esp,D:\Wabbajack\modlists\ARR 2.5\mods\FurArmorSetSE (FrostFall Aware) - Update\FurSet by keung.esp,SIGNAL:013209:FurSet by keung.esp,SIGNAL,read,Armor,013209:FurSet by keung.esp,A_MageFur_Muffler_SabreCatLeopard,,,,Direct selected-signature raw-file enumeration.,ARMO:225|ENCH:51|KYWD:13,NO-ROWS,"Primary review: lighting, compatibility, update, or balance patch records are not authoritative devotional sources; defining content records are reviewed separately.",,REJECTED
1b36c6e641e1ca62,NQ083,NQ,Gameplay - Wet and Cold,FurArmorSetSE (FrostFall Aware) - Update,FurSet by keung.esp,D:\Wabbajack\modlists\ARR 2.5\mods\FurArmorSetSE (FrostFall Aware) - Update\FurSet by keung.esp,SIGNAL:01320A:FurSet by keung.esp,SIGNAL,read,Armor,01320A:FurSet by keung.esp,A_MageFur_Earmuffs_SabreCatTiger,,,,Direct selected-signature raw-file enumeration.,ARMO:225|ENCH:51|KYWD:13,NO-ROWS,"Primary review: lighting, compatibility, update, or balance patch records are not authoritative devotional sources; defining content records are reviewed separately.",,REJECTED
1b36c6e641e1ca62,NQ083,NQ,Gameplay - Wet and Cold,FurArmorSetSE (FrostFall Aware) - Update,FurSet by keung.esp,D:\Wabbajack\modlists\ARR 2.5\mods\FurArmorSetSE (FrostFall Aware) - Update\FurSet by keung.esp,SIGNAL:01320B:FurSet by keung.esp,SIGNAL,read,Armor,01320B:FurSet by keung.esp,A_MageFur_Muffler_SabreCatTiger,,,,Direct selected-signature raw-file enumeration.,ARMO:225|ENCH:51|KYWD:13,NO-ROWS,"Primary review: lighting, compatibility, update, or balance patch records are not authoritative devotional sources; defining content records are reviewed separately.",,REJECTED
1b36c6e641e1ca62,NQ083,NQ,Gameplay - Wet and Cold,FurArmorSetSE (FrostFall Aware) - Update,FurSet by keung.esp,D:\Wabbajack\modlists\ARR 2.5\mods\FurArmorSetSE (FrostFall Aware) - Update\FurSet by keung.esp,SIGNAL:01320C:FurSet by keung.esp,SIGNAL,read,Armor,01320C:FurSet by keung.esp,A_MageFur_Earmuffs_SabreCatSnow,,,,Direct selected-signature raw-file enumeration.,ARMO:225|ENCH:51|KYWD:13,NO-ROWS,"Primary review: lighting, compatibility, update, or balance patch records are not authoritative devotional sources; defining content records are reviewed separately.",,REJECTED
1b36c6e641e1ca62,NQ083,NQ,Gameplay - Wet and Cold,FurArmorSetSE (FrostFall Aware) - Update,FurSet by keung.esp,D:\Wabbajack\modlists\ARR 2.5\mods\FurArmorSetSE (FrostFall Aware) - Update\FurSet by keung.esp,SIGNAL:01320D:FurSet by keung.esp,SIGNAL,read,Armor,01320D:FurSet by keung.esp,A_MageFur_Earmuffs_SnowBear,,,,Direct selected-signature raw-file enumeration.,ARMO:225|ENCH:51|KYWD:13,NO-ROWS,"Primary review: lighting, compatibility, update, or balance patch records are not authoritative devotional sources; defining content records are reviewed separately.",,REJECTED
1b36c6e641e1ca62,NQ083,NQ,Gameplay - Wet and Cold,FurArmorSetSE (FrostFall Aware) - Update,FurSet by keung.esp,D:\Wabbajack\modlists\ARR 2.5\mods\FurArmorSetSE (FrostFall Aware) - Update\FurSet by keung.esp,SIGNAL:01320E:FurSet by keung.esp,SIGNAL,read,Armor,01320E:FurSet by keung.esp,A_MageFur_Earmuffs_Bear,,,,Direct selected-signature raw-file enumeration.,ARMO:225|ENCH:51|KYWD:13,NO-ROWS,"Primary review: lighting, compatibility, update, or balance patch records are not authoritative devotional sources; defining content records are reviewed separately.",,REJECTED
1b36c6e641e1ca62,NQ083,NQ,Gameplay - Wet and Cold,FurArmorSetSE (FrostFall Aware) - Update,FurSet by keung.esp,D:\Wabbajack\modlists\ARR 2.5\mods\FurArmorSetSE (FrostFall Aware) - Update\FurSet by keung.esp,SIGNAL:01320F:FurSet by keung.esp,SIGNAL,read,Armor,01320F:FurSet by keung.esp,A_MageFur_Earmuffs_Werewolf,,,,Direct selected-signature raw-file enumeration.,ARMO:225|ENCH:51|KYWD:13,NO-ROWS,"Primary review: lighting, compatibility, update, or balance patch records are not authoritative devotional sources; defining content records are reviewed separately.",,REJECTED
1b36c6e641e1ca62,NQ083,NQ,Gameplay - Wet and Cold,FurArmorSetSE (FrostFall Aware) - Update,FurSet by keung.esp,D:\Wabbajack\modlists\ARR 2.5\mods\FurArmorSetSE (FrostFall Aware) - Update\FurSet by keung.esp,SIGNAL:013210:FurSet by keung.esp,SIGNAL,read,Armor,013210:FurSet by keung.esp,A_MageFur_Muffler_SabreCatSnow,,,,Direct selected-signature raw-file enumeration.,ARMO:225|ENCH:51|KYWD:13,NO-ROWS,"Primary review: lighting, compatibility, update, or balance patch records are not authoritative devotional sources; defining content records are reviewed separately.",,REJECTED
1b36c6e641e1ca62,NQ083,NQ,Gameplay - Wet and Cold,FurArmorSetSE (FrostFall Aware) - Update,FurSet by keung.esp,D:\Wabbajack\modlists\ARR 2.5\mods\FurArmorSetSE (FrostFall Aware) - Update\FurSet by keung.esp,SIGNAL:013211:FurSet by keung.esp,SIGNAL,read,Armor,013211:FurSet by keung.esp,A_MageFur_Muffler_SnowBear,,,,Direct selected-signature raw-file enumeration.,ARMO:225|ENCH:51|KYWD:13,NO-ROWS,"Primary review: lighting, compatibility, update, or balance patch records are not authoritative devotional sources; defining content records are reviewed separately.",,REJECTED
1b36c6e641e1ca62,NQ083,NQ,Gameplay - Wet and Cold,FurArmorSetSE (FrostFall Aware) - Update,FurSet by keung.esp,D:\Wabbajack\modlists\ARR 2.5\mods\FurArmorSetSE (FrostFall Aware) - Update\FurSet by keung.esp,SIGNAL:013212:FurSet by keung.esp,SIGNAL,read,Armor,013212:FurSet by keung.esp,A_MageFur_Muffler_Bear,,,,Direct selected-signature raw-file enumeration.,ARMO:225|ENCH:51|KYWD:13,NO-ROWS,"Primary review: lighting, compatibility, update, or balance patch records are not authoritative devotional sources; defining content records are reviewed separately.",,REJECTED
1b36c6e641e1ca62,NQ083,NQ,Gameplay - Wet and Cold,FurArmorSetSE (FrostFall Aware) - Update,FurSet by keung.esp,D:\Wabbajack\modlists\ARR 2.5\mods\FurArmorSetSE (FrostFall Aware) - Update\FurSet by keung.esp,SIGNAL:013213:FurSet by keung.esp,SIGNAL,read,Armor,013213:FurSet by keung.esp,A_MageFur_Muffler_Werewolf,,,,Direct selected-signature raw-file enumeration.,ARMO:225|ENCH:51|KYWD:13,NO-ROWS,"Primary review: lighting, compatibility, update, or balance patch records are not authoritative devotional sources; defining content records are reviewed separately.",,REJECTED
1b36c6e641e1ca62,NQ083,NQ,Gameplay - Wet and Cold,FurArmorSetSE (FrostFall Aware) - Update,FurSet by keung.esp,D:\Wabbajack\modlists\ARR 2.5\mods\FurArmorSetSE (FrostFall Aware) - Update\FurSet by keung.esp,SIGNAL:013214:FurSet by keung.esp,SIGNAL,read,Armor,013214:FurSet by keung.esp,A_MageFur_ShoulderCape_SabreCatLeopard,,,,Direct selected-signature raw-file enumeration.,ARMO:225|ENCH:51|KYWD:13,NO-ROWS,"Primary review: lighting, compatibility, update, or balance patch records are not authoritative devotional sources; defining content records are reviewed separately.",,REJECTED
1b36c6e641e1ca62,NQ083,NQ,Gameplay - Wet and Cold,FurArmorSetSE (FrostFall Aware) - Update,FurSet by keung.esp,D:\Wabbajack\modlists\ARR 2.5\mods\FurArmorSetSE (FrostFall Aware) - Update\FurSet by keung.esp,SIGNAL:013215:FurSet by keung.esp,SIGNAL,read,Armor,013215:FurSet by keung.esp,A_MageFur_ShoulderCape_SabreCatTiger,,,,Direct selected-signature raw-file enumeration.,ARMO:225|ENCH:51|KYWD:13,NO-ROWS,"Primary review: lighting, compatibility, update, or balance patch records are not authoritative devotional sources; defining content records are reviewed separately.",,REJECTED
1b36c6e641e1ca62,NQ083,NQ,Gameplay - Wet and Cold,FurArmorSetSE (FrostFall Aware) - Update,FurSet by keung.esp,D:\Wabbajack\modlists\ARR 2.5\mods\FurArmorSetSE (FrostFall Aware) - Update\FurSet by keung.esp,SIGNAL:013216:FurSet by keung.esp,SIGNAL,read,Armor,013216:FurSet by keung.esp,A_MageFur_ShoulderCape_SabreCatSnow,,,,Direct selected-signature raw-file enumeration.,ARMO:225|ENCH:51|KYWD:13,NO-ROWS,"Primary review: lighting, compatibility, update, or balance patch records are not authoritative devotional sources; defining content records are reviewed separately.",,REJECTED
1b36c6e641e1ca62,NQ083,NQ,Gameplay - Wet and Cold,FurArmorSetSE (FrostFall Aware) - Update,FurSet by keung.esp,D:\Wabbajack\modlists\ARR 2.5\mods\FurArmorSetSE (FrostFall Aware) - Update\FurSet by keung.esp,SIGNAL:013217:FurSet by keung.esp,SIGNAL,read,Armor,013217:FurSet by keung.esp,A_MageFur_ShoulderCape_SnowBear,,,,Direct selected-signature raw-file enumeration.,ARMO:225|ENCH:51|KYWD:13,NO-ROWS,"Primary review: lighting, compatibility, update, or balance patch records are not authoritative devotional sources; defining content records are reviewed separately.",,REJECTED
1b36c6e641e1ca62,NQ083,NQ,Gameplay - Wet and Cold,FurArmorSetSE (FrostFall Aware) - Update,FurSet by keung.esp,D:\Wabbajack\modlists\ARR 2.5\mods\FurArmorSetSE (FrostFall Aware) - Update\FurSet by keung.esp,SIGNAL:013218:FurSet by keung.esp,SIGNAL,read,Armor,013218:FurSet by keung.esp,A_MageFur_ShoulderCape_Bear,,,,Direct selected-signature raw-file enumeration.,ARMO:225|ENCH:51|KYWD:13,NO-ROWS,"Primary review: lighting, compatibility, update, or balance patch records are not authoritative devotional sources; defining content records are reviewed separately.",,REJECTED
1b36c6e641e1ca62,NQ083,NQ,Gameplay - Wet and Cold,FurArmorSetSE (FrostFall Aware) - Update,FurSet by keung.esp,D:\Wabbajack\modlists\ARR 2.5\mods\FurArmorSetSE (FrostFall Aware) - Update\FurSet by keung.esp,SIGNAL:013219:FurSet by keung.esp,SIGNAL,read,Armor,013219:FurSet by keung.esp,A_MageFur_ShoulderCape_Werewolf,,,,Direct selected-signature raw-file enumeration.,ARMO:225|ENCH:51|KYWD:13,NO-ROWS,"Primary review: lighting, compatibility, update, or balance patch records are not authoritative devotional sources; defining content records are reviewed separately.",,REJECTED
1b36c6e641e1ca62,NQ083,NQ,Gameplay - Wet and Cold,FurArmorSetSE (FrostFall Aware) - Update,FurSet by keung.esp,D:\Wabbajack\modlists\ARR 2.5\mods\FurArmorSetSE (FrostFall Aware) - Update\FurSet by keung.esp,SIGNAL:01321A:FurSet by keung.esp,SIGNAL,read,Armor,01321A:FurSet by keung.esp,A_MageFur_Coat_SabreCatLeopard,,,,Direct selected-signature raw-file enumeration.,ARMO:225|ENCH:51|KYWD:13,NO-ROWS,"Primary review: lighting, compatibility, update, or balance patch records are not authoritative devotional sources; defining content records are reviewed separately.",,REJECTED
1b36c6e641e1ca62,NQ083,NQ,Gameplay - Wet and Cold,FurArmorSetSE (FrostFall Aware) - Update,FurSet by keung.esp,D:\Wabbajack\modlists\ARR 2.5\mods\FurArmorSetSE (FrostFall Aware) - Update\FurSet by keung.esp,SIGNAL:01321B:FurSet by keung.esp,SIGNAL,read,Armor,01321B:FurSet by keung.esp,A_MageFur_Coat_SabreCatTiger,,,,Direct selected-signature raw-file enumeration.,ARMO:225|ENCH:51|KYWD:13,NO-ROWS,"Primary review: lighting, compatibility, update, or balance patch records are not authoritative devotional sources; defining content records are reviewed separately.",,REJECTED
1b36c6e641e1ca62,NQ083,NQ,Gameplay - Wet and Cold,FurArmorSetSE (FrostFall Aware) - Update,FurSet by keung.esp,D:\Wabbajack\modlists\ARR 2.5\mods\FurArmorSetSE (FrostFall Aware) - Update\FurSet by keung.esp,SIGNAL:01321C:FurSet by keung.esp,SIGNAL,read,Armor,01321C:FurSet by keung.esp,A_MageFur_Coat_SabreCatSnow,,,,Direct selected-signature raw-file enumeration.,ARMO:225|ENCH:51|KYWD:13,NO-ROWS,"Primary review: lighting, compatibility, update, or balance patch records are not authoritative devotional sources; defining content records are reviewed separately.",,REJECTED
1b36c6e641e1ca62,NQ083,NQ,Gameplay - Wet and Cold,FurArmorSetSE (FrostFall Aware) - Update,FurSet by keung.esp,D:\Wabbajack\modlists\ARR 2.5\mods\FurArmorSetSE (FrostFall Aware) - Update\FurSet by keung.esp,SIGNAL:01321D:FurSet by keung.esp,SIGNAL,read,Armor,01321D:FurSet by keung.esp,A_MageFur_Coat_SnowBear,,,,Direct selected-signature raw-file enumeration.,ARMO:225|ENCH:51|KYWD:13,NO-ROWS,"Primary review: lighting, compatibility, update, or balance patch records are not authoritative devotional sources; defining content records are reviewed separately.",,REJECTED
1b36c6e641e1ca62,NQ083,NQ,Gameplay - Wet and Cold,FurArmorSetSE (FrostFall Aware) - Update,FurSet by keung.esp,D:\Wabbajack\modlists\ARR 2.5\mods\FurArmorSetSE (FrostFall Aware) - Update\FurSet by keung.esp,SIGNAL:01321E:FurSet by keung.esp,SIGNAL,read,Armor,01321E:FurSet by keung.esp,A_MageFur_Coat_Werewolf,,,,Direct selected-signature raw-file enumeration.,ARMO:225|ENCH:51|KYWD:13,NO-ROWS,"Primary review: lighting, compatibility, update, or balance patch records are not authoritative devotional sources; defining content records are reviewed separately.",,REJECTED
1b36c6e641e1ca62,NQ083,NQ,Gameplay - Wet and Cold,FurArmorSetSE (FrostFall Aware) - Update,FurSet by keung.esp,D:\Wabbajack\modlists\ARR 2.5\mods\FurArmorSetSE (FrostFall Aware) - Update\FurSet by keung.esp,SIGNAL:01321F:FurSet by keung.esp,SIGNAL,read,Armor,01321F:FurSet by keung.esp,A_MageFur_Coat_Bear,,,,Direct selected-signature raw-file enumeration.,ARMO:225|ENCH:51|KYWD:13,NO-ROWS,"Primary review: lighting, compatibility, update, or balance patch records are not authoritative devotional sources; defining content records are reviewed separately.",,REJECTED
1b36c6e641e1ca62,NQ083,NQ,Gameplay - Wet and Cold,FurArmorSetSE (FrostFall Aware) - Update,FurSet by keung.esp,D:\Wabbajack\modlists\ARR 2.5\mods\FurArmorSetSE (FrostFall Aware) - Update\FurSet by keung.esp,SIGNAL:013220:FurSet by keung.esp,SIGNAL,read,Armor,013220:FurSet by keung.esp,A_MageFur_GlovesOF_SabreCatLeopard,,,,Direct selected-signature raw-file enumeration.,ARMO:225|ENCH:51|KYWD:13,NO-ROWS,"Primary review: lighting, compatibility, update, or balance patch records are not authoritative devotional sources; defining content records are reviewed separately.",,REJECTED
1b36c6e641e1ca62,NQ083,NQ,Gameplay - Wet and Cold,FurArmorSetSE (FrostFall Aware) - Update,FurSet by keung.esp,D:\Wabbajack\modlists\ARR 2.5\mods\FurArmorSetSE (FrostFall Aware) - Update\FurSet by keung.esp,SIGNAL:013221:FurSet by keung.esp,SIGNAL,read,Armor,013221:FurSet by keung.esp,A_MageFur_GlovesOF_SabreCatTiger,,,,Direct selected-signature raw-file enumeration.,ARMO:225|ENCH:51|KYWD:13,NO-ROWS,"Primary review: lighting, compatibility, update, or balance patch records are not authoritative devotional sources; defining content records are reviewed separately.",,REJECTED
1b36c6e641e1ca62,NQ083,NQ,Gameplay - Wet and Cold,FurArmorSetSE (FrostFall Aware) - Update,FurSet by keung.esp,D:\Wabbajack\modlists\ARR 2.5\mods\FurArmorSetSE (FrostFall Aware) - Update\FurSet by keung.esp,SIGNAL:013222:FurSet by keung.esp,SIGNAL,read,Armor,013222:FurSet by keung.esp,A_MageFur_GlovesOF_SabreCatSnow,,,,Direct selected-signature raw-file enumeration.,ARMO:225|ENCH:51|KYWD:13,NO-ROWS,"Primary review: lighting, compatibility, update, or balance patch records are not authoritative devotional sources; defining content records are reviewed separately.",,REJECTED
1b36c6e641e1ca62,NQ083,NQ,Gameplay - Wet and Cold,FurArmorSetSE (FrostFall Aware) - Update,FurSet by keung.esp,D:\Wabbajack\modlists\ARR 2.5\mods\FurArmorSetSE (FrostFall Aware) - Update\FurSet by keung.esp,SIGNAL:013223:FurSet by keung.esp,SIGNAL,read,Armor,013223:FurSet by keung.esp,A_MageFur_GlovesOF_SnowBear,,,,Direct selected-signature raw-file enumeration.,ARMO:225|ENCH:51|KYWD:13,NO-ROWS,"Primary review: lighting, compatibility, update, or balance patch records are not authoritative devotional sources; defining content records are reviewed separately.",,REJECTED
1b36c6e641e1ca62,NQ083,NQ,Gameplay - Wet and Cold,FurArmorSetSE (FrostFall Aware) - Update,FurSet by keung.esp,D:\Wabbajack\modlists\ARR 2.5\mods\FurArmorSetSE (FrostFall Aware) - Update\FurSet by keung.esp,SIGNAL:013224:FurSet by keung.esp,SIGNAL,read,Armor,013224:FurSet by keung.esp,A_MageFur_GlovesOF_Bear,,,,Direct selected-signature raw-file enumeration.,ARMO:225|ENCH:51|KYWD:13,NO-ROWS,"Primary review: lighting, compatibility, update, or balance patch records are not authoritative devotional sources; defining content records are reviewed separately.",,REJECTED
1b36c6e641e1ca62,NQ083,NQ,Gameplay - Wet and Cold,FurArmorSetSE (FrostFall Aware) - Update,FurSet by keung.esp,D:\Wabbajack\modlists\ARR 2.5\mods\FurArmorSetSE (FrostFall Aware) - Update\FurSet by keung.esp,SIGNAL:013225:FurSet by keung.esp,SIGNAL,read,Armor,013225:FurSet by keung.esp,A_MageFur_GlovesOF_Werewolf,,,,Direct selected-signature raw-file enumeration.,ARMO:225|ENCH:51|KYWD:13,NO-ROWS,"Primary review: lighting, compatibility, update, or balance patch records are not authoritative devotional sources; defining content records are reviewed separately.",,REJECTED
1b36c6e641e1ca62,NQ083,NQ,Gameplay - Wet and Cold,FurArmorSetSE (FrostFall Aware) - Update,FurSet by keung.esp,D:\Wabbajack\modlists\ARR 2.5\mods\FurArmorSetSE (FrostFall Aware) - Update\FurSet by keung.esp,SIGNAL:013226:FurSet by keung.esp,SIGNAL,read,Armor,013226:FurSet by keung.esp,AM_MageFur_Coat_SabreCatLeopard,,,,Direct selected-signature raw-file enumeration.,ARMO:225|ENCH:51|KYWD:13,NO-ROWS,"Primary review: lighting, compatibility, update, or balance patch records are not authoritative devotional sources; defining content records are reviewed separately.",,REJECTED
1b36c6e641e1ca62,NQ083,NQ,Gameplay - Wet and Cold,FurArmorSetSE (FrostFall Aware) - Update,FurSet by keung.esp,D:\Wabbajack\modlists\ARR 2.5\mods\FurArmorSetSE (FrostFall Aware) - Update\FurSet by keung.esp,SIGNAL:013805:FurSet by keung.esp,SIGNAL,read,Armor,013805:FurSet by keung.esp,AM_Furset_Coat_SabreCatSnow,,,,Direct selected-signature raw-file enumeration.,ARMO:225|ENCH:51|KYWD:13,NO-ROWS,"Primary review: lighting, compatibility, update, or balance patch records are not authoritative devotional sources; defining content records are reviewed separately.",,REJECTED
1b36c6e641e1ca62,NQ083,NQ,Gameplay - Wet and Cold,FurArmorSetSE (FrostFall Aware) - Update,FurSet by keung.esp,D:\Wabbajack\modlists\ARR 2.5\mods\FurArmorSetSE (FrostFall Aware) - Update\FurSet by keung.esp,SIGNAL:013806:FurSet by keung.esp,SIGNAL,read,Armor,013806:FurSet by keung.esp,AM_Furset_Coat_SnowBear,,,,Direct selected-signature raw-file enumeration.,ARMO:225|ENCH:51|KYWD:13,NO-ROWS,"Primary review: lighting, compatibility, update, or balance patch records are not authoritative devotional sources; defining content records are reviewed separately.",,REJECTED
1b36c6e641e1ca62,NQ083,NQ,Gameplay - Wet and Cold,FurArmorSetSE (FrostFall Aware) - Update,FurSet by keung.esp,D:\Wabbajack\modlists\ARR 2.5\mods\FurArmorSetSE (FrostFall Aware) - Update\FurSet by keung.esp,SIGNAL:01380B:FurSet by keung.esp,SIGNAL,read,Armor,01380B:FurSet by keung.esp,AM_MageFur_Coat_SabreCatSnow,,,,Direct selected-signature raw-file enumeration.,ARMO:225|ENCH:51|KYWD:13,NO-ROWS,"Primary review: lighting, compatibility, update, or balance patch records are not authoritative devotional sources; defining content records are reviewed separately.",,REJECTED
1b36c6e641e1ca62,NQ083,NQ,Gameplay - Wet and Cold,FurArmorSetSE (FrostFall Aware) - Update,FurSet by keung.esp,D:\Wabbajack\modlists\ARR 2.5\mods\FurArmorSetSE (FrostFall Aware) - Update\FurSet by keung.esp,SIGNAL:01380C:FurSet by keung.esp,SIGNAL,read,Armor,01380C:FurSet by keung.esp,AM_MageFur_Coat_SnowBear,,,,Direct selected-signature raw-file enumeration.,ARMO:225|ENCH:51|KYWD:13,NO-ROWS,"Primary review: lighting, compatibility, update, or balance patch records are not authoritative devotional sources; defining content records are reviewed separately.",,REJECTED
1b36c6e641e1ca62,NQ083,NQ,Gameplay - Wet and Cold,FurArmorSetSE (FrostFall Aware) - Update,FurSet by keung.esp,D:\Wabbajack\modlists\ARR 2.5\mods\FurArmorSetSE (FrostFall Aware) - Update\FurSet by keung.esp,SIGNAL:013811:FurSet by keung.esp,SIGNAL,read,Armor,013811:FurSet by keung.esp,AM_FurSet_Coat_SabreCatTiger_07,,,,Direct selected-signature raw-file enumeration.,ARMO:225|ENCH:51|KYWD:13,NO-ROWS,"Primary review: lighting, compatibility, update, or balance patch records are not authoritative devotional sources; defining content records are reviewed separately.",,REJECTED
1b36c6e641e1ca62,NQ083,NQ,Gameplay - Wet and Cold,FurArmorSetSE (FrostFall Aware) - Update,FurSet by keung.esp,D:\Wabbajack\modlists\ARR 2.5\mods\FurArmorSetSE (FrostFall Aware) - Update\FurSet by keung.esp,SIGNAL:013812:FurSet by keung.esp,SIGNAL,read,Armor,013812:FurSet by keung.esp,AM_MageFur_Coat_SabreCatTiger,,,,Direct selected-signature raw-file enumeration.,ARMO:225|ENCH:51|KYWD:13,NO-ROWS,"Primary review: lighting, compatibility, update, or balance patch records are not authoritative devotional sources; defining content records are reviewed separately.",,REJECTED
1b36c6e641e1ca62,NQ083,NQ,Gameplay - Wet and Cold,FurArmorSetSE (FrostFall Aware) - Update,FurSet by keung.esp,D:\Wabbajack\modlists\ARR 2.5\mods\FurArmorSetSE (FrostFall Aware) - Update\FurSet by keung.esp,SIGNAL:013817:FurSet by keung.esp,SIGNAL,read,Armor,013817:FurSet by keung.esp,AM_Furset_Coat_Bear,,,,Direct selected-signature raw-file enumeration.,ARMO:225|ENCH:51|KYWD:13,NO-ROWS,"Primary review: lighting, compatibility, update, or balance patch records are not authoritative devotional sources; defining content records are reviewed separately.",,REJECTED
1b36c6e641e1ca62,NQ083,NQ,Gameplay - Wet and Cold,FurArmorSetSE (FrostFall Aware) - Update,FurSet by keung.esp,D:\Wabbajack\modlists\ARR 2.5\mods\FurArmorSetSE (FrostFall Aware) - Update\FurSet by keung.esp,SIGNAL:013818:FurSet by keung.esp,SIGNAL,read,Armor,013818:FurSet by keung.esp,AM_MageFur_Coat_Bear,,,,Direct selected-signature raw-file enumeration.,ARMO:225|ENCH:51|KYWD:13,NO-ROWS,"Primary review: lighting, compatibility, update, or balance patch records are not authoritative devotional sources; defining content records are reviewed separately.",,REJECTED
1b36c6e641e1ca62,NQ083,NQ,Gameplay - Wet and Cold,FurArmorSetSE (FrostFall Aware) - Update,FurSet by keung.esp,D:\Wabbajack\modlists\ARR 2.5\mods\FurArmorSetSE (FrostFall Aware) - Update\FurSet by keung.esp,SIGNAL:01382F:FurSet by keung.esp,SIGNAL,read,Armor,01382F:FurSet by keung.esp,AM_FurSet_Poncho_Bear,,,,Direct selected-signature raw-file enumeration.,ARMO:225|ENCH:51|KYWD:13,NO-ROWS,"Primary review: lighting, compatibility, update, or balance patch records are not authoritative devotional sources; defining content records are reviewed separately.",,REJECTED
1b36c6e641e1ca62,NQ083,NQ,Gameplay - Wet and Cold,FurArmorSetSE (FrostFall Aware) - Update,FurSet by keung.esp,D:\Wabbajack\modlists\ARR 2.5\mods\FurArmorSetSE (FrostFall Aware) - Update\FurSet by keung.esp,SIGNAL:013830:FurSet by keung.esp,SIGNAL,read,Armor,013830:FurSet by keung.esp,AM_Furset_Poncho_SabreCatLeopard_05,,,,Direct selected-signature raw-file enumeration.,ARMO:225|ENCH:51|KYWD:13,NO-ROWS,"Primary review: lighting, compatibility, update, or balance patch records are not authoritative devotional sources; defining content records are reviewed separately.",,REJECTED
1b36c6e641e1ca62,NQ083,NQ,Gameplay - Wet and Cold,FurArmorSetSE (FrostFall Aware) - Update,FurSet by keung.esp,D:\Wabbajack\modlists\ARR 2.5\mods\FurArmorSetSE (FrostFall Aware) - Update\FurSet by keung.esp,SIGNAL:013831:FurSet by keung.esp,SIGNAL,read,Armor,013831:FurSet by keung.esp,AM_Furset_Poncho_SabreCatSnow,,,,Direct selected-signature raw-file enumeration.,ARMO:225|ENCH:51|KYWD:13,NO-ROWS,"Primary review: lighting, compatibility, update, or balance patch records are not authoritative devotional sources; defining content records are reviewed separately.",,REJECTED
1b36c6e641e1ca62,NQ083,NQ,Gameplay - Wet and Cold,FurArmorSetSE (FrostFall Aware) - Update,FurSet by keung.esp,D:\Wabbajack\modlists\ARR 2.5\mods\FurArmorSetSE (FrostFall Aware) - Update\FurSet by keung.esp,SIGNAL:013832:FurSet by keung.esp,SIGNAL,read,Armor,013832:FurSet by keung.esp,AM_Furset_Poncho_SabreCatTiger_07,,,,Direct selected-signature raw-file enumeration.,ARMO:225|ENCH:51|KYWD:13,NO-ROWS,"Primary review: lighting, compatibility, update, or balance patch records are not authoritative devotional sources; defining content records are reviewed separately.",,REJECTED
1b36c6e641e1ca62,NQ083,NQ,Gameplay - Wet and Cold,FurArmorSetSE (FrostFall Aware) - Update,FurSet by keung.esp,D:\Wabbajack\modlists\ARR 2.5\mods\FurArmorSetSE (FrostFall Aware) - Update\FurSet by keung.esp,SIGNAL:013833:FurSet by keung.esp,SIGNAL,read,Armor,013833:FurSet by keung.esp,AM_FurSet_Poncho_SnowBear,,,,Direct selected-signature raw-file enumeration.,ARMO:225|ENCH:51|KYWD:13,NO-ROWS,"Primary review: lighting, compatibility, update, or balance patch records are not authoritative devotional sources; defining content records are reviewed separately.",,REJECTED
1b36c6e641e1ca62,NQ083,NQ,Gameplay - Wet and Cold,FurArmorSetSE (FrostFall Aware) - Update,FurSet by keung.esp,D:\Wabbajack\modlists\ARR 2.5\mods\FurArmorSetSE (FrostFall Aware) - Update\FurSet by keung.esp,SIGNAL:013834:FurSet by keung.esp,SIGNAL,read,Armor,013834:FurSet by keung.esp,AM_MageFur_Poncho_Bear,,,,Direct selected-signature raw-file enumeration.,ARMO:225|ENCH:51|KYWD:13,NO-ROWS,"Primary review: lighting, compatibility, update, or balance patch records are not authoritative devotional sources; defining content records are reviewed separately.",,REJECTED
1b36c6e641e1ca62,NQ083,NQ,Gameplay - Wet and Cold,FurArmorSetSE (FrostFall Aware) - Update,FurSet by keung.esp,D:\Wabbajack\modlists\ARR 2.5\mods\FurArmorSetSE (FrostFall Aware) - Update\FurSet by keung.esp,SIGNAL:013835:FurSet by keung.esp,SIGNAL,read,Armor,013835:FurSet by keung.esp,AM_MageFur_Poncho_SabreCatLeopard,,,,Direct selected-signature raw-file enumeration.,ARMO:225|ENCH:51|KYWD:13,NO-ROWS,"Primary review: lighting, compatibility, update, or balance patch records are not authoritative devotional sources; defining content records are reviewed separately.",,REJECTED
1b36c6e641e1ca62,NQ083,NQ,Gameplay - Wet and Cold,FurArmorSetSE (FrostFall Aware) - Update,FurSet by keung.esp,D:\Wabbajack\modlists\ARR 2.5\mods\FurArmorSetSE (FrostFall Aware) - Update\FurSet by keung.esp,SIGNAL:013836:FurSet by keung.esp,SIGNAL,read,Armor,013836:FurSet by keung.esp,AM_MageFur_Poncho_SabreCatSnow,,,,Direct selected-signature raw-file enumeration.,ARMO:225|ENCH:51|KYWD:13,NO-ROWS,"Primary review: lighting, compatibility, update, or balance patch records are not authoritative devotional sources; defining content records are reviewed separately.",,REJECTED
1b36c6e641e1ca62,NQ083,NQ,Gameplay - Wet and Cold,FurArmorSetSE (FrostFall Aware) - Update,FurSet by keung.esp,D:\Wabbajack\modlists\ARR 2.5\mods\FurArmorSetSE (FrostFall Aware) - Update\FurSet by keung.esp,SIGNAL:013837:FurSet by keung.esp,SIGNAL,read,Armor,013837:FurSet by keung.esp,AM_MageFur_Poncho_SabreCatTiger,,,,Direct selected-signature raw-file enumeration.,ARMO:225|ENCH:51|KYWD:13,NO-ROWS,"Primary review: lighting, compatibility, update, or balance patch records are not authoritative devotional sources; defining content records are reviewed separately.",,REJECTED
1b36c6e641e1ca62,NQ083,NQ,Gameplay - Wet and Cold,FurArmorSetSE (FrostFall Aware) - Update,FurSet by keung.esp,D:\Wabbajack\modlists\ARR 2.5\mods\FurArmorSetSE (FrostFall Aware) - Update\FurSet by keung.esp,SIGNAL:013838:FurSet by keung.esp,SIGNAL,read,Armor,013838:FurSet by keung.esp,AM_MageFur_Poncho_SnowBear,,,,Direct selected-signature raw-file enumeration.,ARMO:225|ENCH:51|KYWD:13,NO-ROWS,"Primary review: lighting, compatibility, update, or balance patch records are not authoritative devotional sources; defining content records are reviewed separately.",,REJECTED
1b36c6e641e1ca62,NQ083,NQ,Gameplay - Wet and Cold,FurArmorSetSE (FrostFall Aware) - Update,FurSet by keung.esp,D:\Wabbajack\modlists\ARR 2.5\mods\FurArmorSetSE (FrostFall Aware) - Update\FurSet by keung.esp,SIGNAL:015DEC:FurSet by keung.esp,SIGNAL,read,Armor,015DEC:FurSet by keung.esp,AM_Furset_Coat_Werewolf,,,,Direct selected-signature raw-file enumeration.,ARMO:225|ENCH:51|KYWD:13,NO-ROWS,"Primary review: lighting, compatibility, update, or balance patch records are not authoritative devotional sources; defining content records are reviewed separately.",,REJECTED
1b36c6e641e1ca62,NQ083,NQ,Gameplay - Wet and Cold,FurArmorSetSE (FrostFall Aware) - Update,FurSet by keung.esp,D:\Wabbajack\modlists\ARR 2.5\mods\FurArmorSetSE (FrostFall Aware) - Update\FurSet by keung.esp,SIGNAL:015DED:FurSet by keung.esp,SIGNAL,read,Armor,015DED:FurSet by keung.esp,AM_Furset_Poncho_Werewolf,,,,Direct selected-signature raw-file enumeration.,ARMO:225|ENCH:51|KYWD:13,NO-ROWS,"Primary review: lighting, compatibility, update, or balance patch records are not authoritative devotional sources; defining content records are reviewed separately.",,REJECTED
1b36c6e641e1ca62,NQ083,NQ,Gameplay - Wet and Cold,FurArmorSetSE (FrostFall Aware) - Update,FurSet by keung.esp,D:\Wabbajack\modlists\ARR 2.5\mods\FurArmorSetSE (FrostFall Aware) - Update\FurSet by keung.esp,SIGNAL:015DEE:FurSet by keung.esp,SIGNAL,read,Armor,015DEE:FurSet by keung.esp,AM_MageFur_Coat_Werewolf,,,,Direct selected-signature raw-file enumeration.,ARMO:225|ENCH:51|KYWD:13,NO-ROWS,"Primary review: lighting, compatibility, update, or balance patch records are not authoritative devotional sources; defining content records are reviewed separately.",,REJECTED
1b36c6e641e1ca62,NQ083,NQ,Gameplay - Wet and Cold,FurArmorSetSE (FrostFall Aware) - Update,FurSet by keung.esp,D:\Wabbajack\modlists\ARR 2.5\mods\FurArmorSetSE (FrostFall Aware) - Update\FurSet by keung.esp,SIGNAL:015DEF:FurSet by keung.esp,SIGNAL,read,Armor,015DEF:FurSet by keung.esp,AM_MageFur_Poncho_Werewolf,,,,Direct selected-signature raw-file enumeration.,ARMO:225|ENCH:51|KYWD:13,NO-ROWS,"Primary review: lighting, compatibility, update, or balance patch records are not authoritative devotional sources; defining content records are reviewed separately.",,REJECTED
1b36c6e641e1ca62,NQ083,NQ,Gameplay - Wet and Cold,FurArmorSetSE (FrostFall Aware) - Update,FurSet by keung.esp,D:\Wabbajack\modlists\ARR 2.5\mods\FurArmorSetSE (FrostFall Aware) - Update\FurSet by keung.esp,SIGNAL:015DF4:FurSet by keung.esp,SIGNAL,read,Armor,015DF4:FurSet by keung.esp,AM_FurSet_GlovesOF_SnowBear_05,,,,Direct selected-signature raw-file enumeration.,ARMO:225|ENCH:51|KYWD:13,NO-ROWS,"Primary review: lighting, compatibility, update, or balance patch records are not authoritative devotional sources; defining content records are reviewed separately.",,REJECTED
1b36c6e641e1ca62,NQ083,NQ,Gameplay - Wet and Cold,FurArmorSetSE (FrostFall Aware) - Update,FurSet by keung.esp,D:\Wabbajack\modlists\ARR 2.5\mods\FurArmorSetSE (FrostFall Aware) - Update\FurSet by keung.esp,SIGNAL:015DF5:FurSet by keung.esp,SIGNAL,read,Armor,015DF5:FurSet by keung.esp,AM_MageFur_GlovesOF_SnowBear_05,,,,Direct selected-signature raw-file enumeration.,ARMO:225|ENCH:51|KYWD:13,NO-ROWS,"Primary review: lighting, compatibility, update, or balance patch records are not authoritative devotional sources; defining content records are reviewed separately.",,REJECTED
1b36c6e641e1ca62,NQ083,NQ,Gameplay - Wet and Cold,FurArmorSetSE (FrostFall Aware) - Update,FurSet by keung.esp,D:\Wabbajack\modlists\ARR 2.5\mods\FurArmorSetSE (FrostFall Aware) - Update\FurSet by keung.esp,SIGNAL:015DF9:FurSet by keung.esp,SIGNAL,read,Armor,015DF9:FurSet by keung.esp,AM_FurSet_Boots_Wolf_05,,,,Direct selected-signature raw-file enumeration.,ARMO:225|ENCH:51|KYWD:13,NO-ROWS,"Primary review: lighting, compatibility, update, or balance patch records are not authoritative devotional sources; defining content records are reviewed separately.",,REJECTED
1b36c6e641e1ca62,NQ083,NQ,Gameplay - Wet and Cold,FurArmorSetSE (FrostFall Aware) - Update,FurSet by keung.esp,D:\Wabbajack\modlists\ARR 2.5\mods\FurArmorSetSE (FrostFall Aware) - Update\FurSet by keung.esp,SIGNAL:015DFA:FurSet by keung.esp,SIGNAL,read,Armor,015DFA:FurSet by keung.esp,AM_MageFur_Boots_Wolf_05,,,,Direct selected-signature raw-file enumeration.,ARMO:225|ENCH:51|KYWD:13,NO-ROWS,"Primary review: lighting, compatibility, update, or balance patch records are not authoritative devotional sources; defining content records are reviewed separately.",,REJECTED
1b36c6e641e1ca62,NQ083,NQ,Gameplay - Wet and Cold,FurArmorSetSE (FrostFall Aware) - Update,FurSet by keung.esp,D:\Wabbajack\modlists\ARR 2.5\mods\FurArmorSetSE (FrostFall Aware) - Update\FurSet by keung.esp,SIGNAL:015DFE:FurSet by keung.esp,SIGNAL,read,Armor,015DFE:FurSet by keung.esp,AM_FurSet_Gloves_Werewolf_Sten_05,,,,Direct selected-signature raw-file enumeration.,ARMO:225|ENCH:51|KYWD:13,NO-ROWS,"Primary review: lighting, compatibility, update, or balance patch records are not authoritative devotional sources; defining content records are reviewed separately.",,REJECTED
1b36c6e641e1ca62,NQ083,NQ,Gameplay - Wet and Cold,FurArmorSetSE (FrostFall Aware) - Update,FurSet by keung.esp,D:\Wabbajack\modlists\ARR 2.5\mods\FurArmorSetSE (FrostFall Aware) - Update\FurSet by keung.esp,SIGNAL:015DFF:FurSet by keung.esp,SIGNAL,read,Armor,015DFF:FurSet by keung.esp,AM_MageFur_Gloves_Werewolf_Sten_05,,,,Direct selected-signature raw-file enumeration.,ARMO:225|ENCH:51|KYWD:13,NO-ROWS,"Primary review: lighting, compatibility, update, or balance patch records are not authoritative devotional sources; defining content records are reviewed separately.",,REJECTED
1b36c6e641e1ca62,NQ083,NQ,Gameplay - Wet and Cold,FurArmorSetSE (FrostFall Aware) - Update,FurSet by keung.esp,D:\Wabbajack\modlists\ARR 2.5\mods\FurArmorSetSE (FrostFall Aware) - Update\FurSet by keung.esp,SIGNAL:015E08:FurSet by keung.esp,SIGNAL,read,Armor,015E08:FurSet by keung.esp,AM_FurSet_Boots_Wolf_10,,,,Direct selected-signature raw-file enumeration.,ARMO:225|ENCH:51|KYWD:13,NO-ROWS,"Primary review: lighting, compatibility, update, or balance patch records are not authoritative devotional sources; defining content records are reviewed separately.",,REJECTED
1b36c6e641e1ca62,NQ083,NQ,Gameplay - Wet and Cold,FurArmorSetSE (FrostFall Aware) - Update,FurSet by keung.esp,D:\Wabbajack\modlists\ARR 2.5\mods\FurArmorSetSE (FrostFall Aware) - Update\FurSet by keung.esp,SIGNAL:015E09:FurSet by keung.esp,SIGNAL,read,Armor,015E09:FurSet by keung.esp,AM_FurSet_Boots_Wolf_15,,,,Direct selected-signature raw-file enumeration.,ARMO:225|ENCH:51|KYWD:13,NO-ROWS,"Primary review: lighting, compatibility, update, or balance patch records are not authoritative devotional sources; defining content records are reviewed separately.",,REJECTED
1b36c6e641e1ca62,NQ083,NQ,Gameplay - Wet and Cold,FurArmorSetSE (FrostFall Aware) - Update,FurSet by keung.esp,D:\Wabbajack\modlists\ARR 2.5\mods\FurArmorSetSE (FrostFall Aware) - Update\FurSet by keung.esp,SIGNAL:015E0A:FurSet by keung.esp,SIGNAL,read,Armor,015E0A:FurSet by keung.esp,AM_FurSet_Boots_Wolf_20,,,,Direct selected-signature raw-file enumeration.,ARMO:225|ENCH:51|KYWD:13,NO-ROWS,"Primary review: lighting, compatibility, update, or balance patch records are not authoritative devotional sources; defining content records are reviewed separately.",,REJECTED
1b36c6e641e1ca62,NQ083,NQ,Gameplay - Wet and Cold,FurArmorSetSE (FrostFall Aware) - Update,FurSet by keung.esp,D:\Wabbajack\modlists\ARR 2.5\mods\FurArmorSetSE (FrostFall Aware) - Update\FurSet by keung.esp,SIGNAL:015E0B:FurSet by keung.esp,SIGNAL,read,Armor,015E0B:FurSet by keung.esp,AM_FurSet_Boots_Wolf_25,,,,Direct selected-signature raw-file enumeration.,ARMO:225|ENCH:51|KYWD:13,NO-ROWS,"Primary review: lighting, compatibility, update, or balance patch records are not authoritative devotional sources; defining content records are reviewed separately.",,REJECTED
1b36c6e641e1ca62,NQ083,NQ,Gameplay - Wet and Cold,FurArmorSetSE (FrostFall Aware) - Update,FurSet by keung.esp,D:\Wabbajack\modlists\ARR 2.5\mods\FurArmorSetSE (FrostFall Aware) - Update\FurSet by keung.esp,SIGNAL:015E0C:FurSet by keung.esp,SIGNAL,read,Armor,015E0C:FurSet by keung.esp,AM_FurSet_Boots_Wolf_30,,,,Direct selected-signature raw-file enumeration.,ARMO:225|ENCH:51|KYWD:13,NO-ROWS,"Primary review: lighting, compatibility, update, or balance patch records are not authoritative devotional sources; defining content records are reviewed separately.",,REJECTED
1b36c6e641e1ca62,NQ083,NQ,Gameplay - Wet and Cold,FurArmorSetSE (FrostFall Aware) - Update,FurSet by keung.esp,D:\Wabbajack\modlists\ARR 2.5\mods\FurArmorSetSE (FrostFall Aware) - Update\FurSet by keung.esp,SIGNAL:015E0D:FurSet by keung.esp,SIGNAL,read,Armor,015E0D:FurSet by keung.esp,AM_MageFur_Boots_Wolf_10,,,,Direct selected-signature raw-file enumeration.,ARMO:225|ENCH:51|KYWD:13,NO-ROWS,"Primary review: lighting, compatibility, update, or balance patch records are not authoritative devotional sources; defining content records are reviewed separately.",,REJECTED
1b36c6e641e1ca62,NQ083,NQ,Gameplay - Wet and Cold,FurArmorSetSE (FrostFall Aware) - Update,FurSet by keung.esp,D:\Wabbajack\modlists\ARR 2.5\mods\FurArmorSetSE (FrostFall Aware) - Update\FurSet by keung.esp,SIGNAL:015E0E:FurSet by keung.esp,SIGNAL,read,Armor,015E0E:FurSet by keung.esp,AM_MageFur_Boots_Wolf_15,,,,Direct selected-signature raw-file enumeration.,ARMO:225|ENCH:51|KYWD:13,NO-ROWS,"Primary review: lighting, compatibility, update, or balance patch records are not authoritative devotional sources; defining content records are reviewed separately.",,REJECTED
1b36c6e641e1ca62,NQ083,NQ,Gameplay - Wet and Cold,FurArmorSetSE (FrostFall Aware) - Update,FurSet by keung.esp,D:\Wabbajack\modlists\ARR 2.5\mods\FurArmorSetSE (FrostFall Aware) - Update\FurSet by keung.esp,SIGNAL:015E0F:FurSet by keung.esp,SIGNAL,read,Armor,015E0F:FurSet by keung.esp,AM_MageFur_Boots_Wolf_20,,,,Direct selected-signature raw-file enumeration.,ARMO:225|ENCH:51|KYWD:13,NO-ROWS,"Primary review: lighting, compatibility, update, or balance patch records are not authoritative devotional sources; defining content records are reviewed separately.",,REJECTED
1b36c6e641e1ca62,NQ083,NQ,Gameplay - Wet and Cold,FurArmorSetSE (FrostFall Aware) - Update,FurSet by keung.esp,D:\Wabbajack\modlists\ARR 2.5\mods\FurArmorSetSE (FrostFall Aware) - Update\FurSet by keung.esp,SIGNAL:015E10:FurSet by keung.esp,SIGNAL,read,Armor,015E10:FurSet by keung.esp,AM_MageFur_Boots_Wolf_25,,,,Direct selected-signature raw-file enumeration.,ARMO:225|ENCH:51|KYWD:13,NO-ROWS,"Primary review: lighting, compatibility, update, or balance patch records are not authoritative devotional sources; defining content records are reviewed separately.",,REJECTED
1b36c6e641e1ca62,NQ083,NQ,Gameplay - Wet and Cold,FurArmorSetSE (FrostFall Aware) - Update,FurSet by keung.esp,D:\Wabbajack\modlists\ARR 2.5\mods\FurArmorSetSE (FrostFall Aware) - Update\FurSet by keung.esp,SIGNAL:015E11:FurSet by keung.esp,SIGNAL,read,Armor,015E11:FurSet by keung.esp,AM_MageFur_Boots_Wolf_30,,,,Direct selected-signature raw-file enumeration.,ARMO:225|ENCH:51|KYWD:13,NO-ROWS,"Primary review: lighting, compatibility, update, or balance patch records are not authoritative devotional sources; defining content records are reviewed separately.",,REJECTED
1b36c6e641e1ca62,NQ083,NQ,Gameplay - Wet and Cold,FurArmorSetSE (FrostFall Aware) - Update,FurSet by keung.esp,D:\Wabbajack\modlists\ARR 2.5\mods\FurArmorSetSE (FrostFall Aware) - Update\FurSet by keung.esp,SIGNAL:015E23:FurSet by keung.esp,SIGNAL,read,Armor,015E23:FurSet by keung.esp,AM_Furset_Poncho_SabreCatLeopard_10,,,,Direct selected-signature raw-file enumeration.,ARMO:225|ENCH:51|KYWD:13,NO-ROWS,"Primary review: lighting, compatibility, update, or balance patch records are not authoritative devotional sources; defining content records are reviewed separately.",,REJECTED
1b36c6e641e1ca62,NQ083,NQ,Gameplay - Wet and Cold,FurArmorSetSE (FrostFall Aware) - Update,FurSet by keung.esp,D:\Wabbajack\modlists\ARR 2.5\mods\FurArmorSetSE (FrostFall Aware) - Update\FurSet by keung.esp,SIGNAL:015E24:FurSet by keung.esp,SIGNAL,read,Armor,015E24:FurSet by keung.esp,AM_Furset_Poncho_SabreCatTiger_15,,,,Direct selected-signature raw-file enumeration.,ARMO:225|ENCH:51|KYWD:13,NO-ROWS,"Primary review: lighting, compatibility, update, or balance patch records are not authoritative devotional sources; defining content records are reviewed separately.",,REJECTED
1b36c6e641e1ca62,NQ083,NQ,Gameplay - Wet and Cold,FurArmorSetSE (FrostFall Aware) - Update,FurSet by keung.esp,D:\Wabbajack\modlists\ARR 2.5\mods\FurArmorSetSE (FrostFall Aware) - Update\FurSet by keung.esp,SIGNAL:015E25:FurSet by keung.esp,SIGNAL,read,Armor,015E25:FurSet by keung.esp,AM_Furset_Poncho_SabreCatLeopard_15,,,,Direct selected-signature raw-file enumeration.,ARMO:225|ENCH:51|KYWD:13,NO-ROWS,"Primary review: lighting, compatibility, update, or balance patch records are not authoritative devotional sources; defining content records are reviewed separately.",,REJECTED
1b36c6e641e1ca62,NQ083,NQ,Gameplay - Wet and Cold,FurArmorSetSE (FrostFall Aware) - Update,FurSet by keung.esp,D:\Wabbajack\modlists\ARR 2.5\mods\FurArmorSetSE (FrostFall Aware) - Update\FurSet by keung.esp,SIGNAL:015E26:FurSet by keung.esp,SIGNAL,read,Armor,015E26:FurSet by keung.esp,AM_Furset_Poncho_SabreCatTiger_22,,,,Direct selected-signature raw-file enumeration.,ARMO:225|ENCH:51|KYWD:13,NO-ROWS,"Primary review: lighting, compatibility, update, or balance patch records are not authoritative devotional sources; defining content records are reviewed separately.",,REJECTED
1b36c6e641e1ca62,NQ083,NQ,Gameplay - Wet and Cold,FurArmorSetSE (FrostFall Aware) - Update,FurSet by keung.esp,D:\Wabbajack\modlists\ARR 2.5\mods\FurArmorSetSE (FrostFall Aware) - Update\FurSet by keung.esp,SIGNAL:015E27:FurSet by keung.esp,SIGNAL,read,Armor,015E27:FurSet by keung.esp,AM_Furset_Poncho_SabreCatLeopard_20,,,,Direct selected-signature raw-file enumeration.,ARMO:225|ENCH:51|KYWD:13,NO-ROWS,"Primary review: lighting, compatibility, update, or balance patch records are not authoritative devotional sources; defining content records are reviewed separately.",,REJECTED
1b36c6e641e1ca62,NQ083,NQ,Gameplay - Wet and Cold,FurArmorSetSE (FrostFall Aware) - Update,FurSet by keung.esp,D:\Wabbajack\modlists\ARR 2.5\mods\FurArmorSetSE (FrostFall Aware) - Update\FurSet by keung.esp,SIGNAL:015E28:FurSet by keung.esp,SIGNAL,read,Armor,015E28:FurSet by keung.esp,AM_Furset_Poncho_SabreCatTiger_30,,,,Direct selected-signature raw-file enumeration.,ARMO:225|ENCH:51|KYWD:13,NO-ROWS,"Primary review: lighting, compatibility, update, or balance patch records are not authoritative devotional sources; defining content records are reviewed separately.",,REJECTED
1b36c6e641e1ca62,NQ083,NQ,Gameplay - Wet and Cold,FurArmorSetSE (FrostFall Aware) - Update,FurSet by keung.esp,D:\Wabbajack\modlists\ARR 2.5\mods\FurArmorSetSE (FrostFall Aware) - Update\FurSet by keung.esp,SIGNAL:015E29:FurSet by keung.esp,SIGNAL,read,Armor,015E29:FurSet by keung.esp,AM_Furset_Poncho_SabreCatLeopard_25,,,,Direct selected-signature raw-file enumeration.,ARMO:225|ENCH:51|KYWD:13,NO-ROWS,"Primary review: lighting, compatibility, update, or balance patch records are not authoritative devotional sources; defining content records are reviewed separately.",,REJECTED
1b36c6e641e1ca62,NQ083,NQ,Gameplay - Wet and Cold,FurArmorSetSE (FrostFall Aware) - Update,FurSet by keung.esp,D:\Wabbajack\modlists\ARR 2.5\mods\FurArmorSetSE (FrostFall Aware) - Update\FurSet by keung.esp,SIGNAL:015E2A:FurSet by keung.esp,SIGNAL,read,Armor,015E2A:FurSet by keung.esp,AM_Furset_Poncho_SabreCatTiger_37,,,,Direct selected-signature raw-file enumeration.,ARMO:225|ENCH:51|KYWD:13,NO-ROWS,"Primary review: lighting, compatibility, update, or balance patch records are not authoritative devotional sources; defining content records are reviewed separately.",,REJECTED
1b36c6e641e1ca62,NQ083,NQ,Gameplay - Wet and Cold,FurArmorSetSE (FrostFall Aware) - Update,FurSet by keung.esp,D:\Wabbajack\modlists\ARR 2.5\mods\FurArmorSetSE (FrostFall Aware) - Update\FurSet by keung.esp,SIGNAL:015E2B:FurSet by keung.esp,SIGNAL,read,Armor,015E2B:FurSet by keung.esp,AM_Furset_Coat_SabreCatLeopard_10,,,,Direct selected-signature raw-file enumeration.,ARMO:225|ENCH:51|KYWD:13,NO-ROWS,"Primary review: lighting, compatibility, update, or balance patch records are not authoritative devotional sources; defining content records are reviewed separately.",,REJECTED
1b36c6e641e1ca62,NQ083,NQ,Gameplay - Wet and Cold,FurArmorSetSE (FrostFall Aware) - Update,FurSet by keung.esp,D:\Wabbajack\modlists\ARR 2.5\mods\FurArmorSetSE (FrostFall Aware) - Update\FurSet by keung.esp,SIGNAL:015E2C:FurSet by keung.esp,SIGNAL,read,Armor,015E2C:FurSet by keung.esp,AM_Furset_Coat_SabreCatTiger_15,,,,Direct selected-signature raw-file enumeration.,ARMO:225|ENCH:51|KYWD:13,NO-ROWS,"Primary review: lighting, compatibility, update, or balance patch records are not authoritative devotional sources; defining content records are reviewed separately.",,REJECTED
1b36c6e641e1ca62,NQ083,NQ,Gameplay - Wet and Cold,FurArmorSetSE (FrostFall Aware) - Update,FurSet by keung.esp,D:\Wabbajack\modlists\ARR 2.5\mods\FurArmorSetSE (FrostFall Aware) - Update\FurSet by keung.esp,SIGNAL:015E2D:FurSet by keung.esp,SIGNAL,read,Armor,015E2D:FurSet by keung.esp,AM_Furset_Coat_SabreCatLeopard_15,,,,Direct selected-signature raw-file enumeration.,ARMO:225|ENCH:51|KYWD:13,NO-ROWS,"Primary review: lighting, compatibility, update, or balance patch records are not authoritative devotional sources; defining content records are reviewed separately.",,REJECTED
1b36c6e641e1ca62,NQ083,NQ,Gameplay - Wet and Cold,FurArmorSetSE (FrostFall Aware) - Update,FurSet by keung.esp,D:\Wabbajack\modlists\ARR 2.5\mods\FurArmorSetSE (FrostFall Aware) - Update\FurSet by keung.esp,SIGNAL:015E2E:FurSet by keung.esp,SIGNAL,read,Armor,015E2E:FurSet by keung.esp,AM_Furset_Coat_SabreCatTiger_22,,,,Direct selected-signature raw-file enumeration.,ARMO:225|ENCH:51|KYWD:13,NO-ROWS,"Primary review: lighting, compatibility, update, or balance patch records are not authoritative devotional sources; defining content records are reviewed separately.",,REJECTED
1b36c6e641e1ca62,NQ083,NQ,Gameplay - Wet and Cold,FurArmorSetSE (FrostFall Aware) - Update,FurSet by keung.esp,D:\Wabbajack\modlists\ARR 2.5\mods\FurArmorSetSE (FrostFall Aware) - Update\FurSet by keung.esp,SIGNAL:015E2F:FurSet by keung.esp,SIGNAL,read,Armor,015E2F:FurSet by keung.esp,AM_Furset_Coat_SabreCatLeopard_20,,,,Direct selected-signature raw-file enumeration.,ARMO:225|ENCH:51|KYWD:13,NO-ROWS,"Primary review: lighting, compatibility, update, or balance patch records are not authoritative devotional sources; defining content records are reviewed separately.",,REJECTED
1b36c6e641e1ca62,NQ083,NQ,Gameplay - Wet and Cold,FurArmorSetSE (FrostFall Aware) - Update,FurSet by keung.esp,D:\Wabbajack\modlists\ARR 2.5\mods\FurArmorSetSE (FrostFall Aware) - Update\FurSet by keung.esp,SIGNAL:015E30:FurSet by keung.esp,SIGNAL,read,Armor,015E30:FurSet by keung.esp,AM_Furset_Coat_SabreCatTiger_30,,,,Direct selected-signature raw-file enumeration.,ARMO:225|ENCH:51|KYWD:13,NO-ROWS,"Primary review: lighting, compatibility, update, or balance patch records are not authoritative devotional sources; defining content records are reviewed separately.",,REJECTED
1b36c6e641e1ca62,NQ083,NQ,Gameplay - Wet and Cold,FurArmorSetSE (FrostFall Aware) - Update,FurSet by keung.esp,D:\Wabbajack\modlists\ARR 2.5\mods\FurArmorSetSE (FrostFall Aware) - Update\FurSet by keung.esp,SIGNAL:015E31:FurSet by keung.esp,SIGNAL,read,Armor,015E31:FurSet by keung.esp,AM_Furset_Coat_SabreCatLeopard_25,,,,Direct selected-signature raw-file enumeration.,ARMO:225|ENCH:51|KYWD:13,NO-ROWS,"Primary review: lighting, compatibility, update, or balance patch records are not authoritative devotional sources; defining content records are reviewed separately.",,REJECTED
1b36c6e641e1ca62,NQ083,NQ,Gameplay - Wet and Cold,FurArmorSetSE (FrostFall Aware) - Update,FurSet by keung.esp,D:\Wabbajack\modlists\ARR 2.5\mods\FurArmorSetSE (FrostFall Aware) - Update\FurSet by keung.esp,SIGNAL:015E32:FurSet by keung.esp,SIGNAL,read,Armor,015E32:FurSet by keung.esp,AM_Furset_Coat_SabreCatTiger_37,,,,Direct selected-signature raw-file enumeration.,ARMO:225|ENCH:51|KYWD:13,NO-ROWS,"Primary review: lighting, compatibility, update, or balance patch records are not authoritative devotional sources; defining content records are reviewed separately.",,REJECTED
1b36c6e641e1ca62,NQ083,NQ,Gameplay - Wet and Cold,FurArmorSetSE (FrostFall Aware) - Update,FurSet by keung.esp,D:\Wabbajack\modlists\ARR 2.5\mods\FurArmorSetSE (FrostFall Aware) - Update\FurSet by keung.esp,SIGNAL:015E48:FurSet by keung.esp,SIGNAL,read,Armor,015E48:FurSet by keung.esp,AM_FurSet_Coat_SabreCatTiger_45,,,,Direct selected-signature raw-file enumeration.,ARMO:225|ENCH:51|KYWD:13,NO-ROWS,"Primary review: lighting, compatibility, update, or balance patch records are not authoritative devotional sources; defining content records are reviewed separately.",,REJECTED
1b36c6e641e1ca62,NQ083,NQ,Gameplay - Wet and Cold,FurArmorSetSE (FrostFall Aware) - Update,FurSet by keung.esp,D:\Wabbajack\modlists\ARR 2.5\mods\FurArmorSetSE (FrostFall Aware) - Update\FurSet by keung.esp,SIGNAL:015E49:FurSet by keung.esp,SIGNAL,read,Armor,015E49:FurSet by keung.esp,AM_MageFur_Coat_SabreCatTiger_45,,,,Direct selected-signature raw-file enumeration.,ARMO:225|ENCH:51|KYWD:13,NO-ROWS,"Primary review: lighting, compatibility, update, or balance patch records are not authoritative devotional sources; defining content records are reviewed separately.",,REJECTED
1b36c6e641e1ca62,NQ083,NQ,Gameplay - Wet and Cold,FurArmorSetSE (FrostFall Aware) - Update,FurSet by keung.esp,D:\Wabbajack\modlists\ARR 2.5\mods\FurArmorSetSE (FrostFall Aware) - Update\FurSet by keung.esp,SIGNAL:015E59:FurSet by keung.esp,SIGNAL,read,Armor,015E59:FurSet by keung.esp,AM_MageFur_Coat_Werewolf_Necro,,,,Direct selected-signature raw-file enumeration.,ARMO:225|ENCH:51|KYWD:13,NO-ROWS,"Primary review: lighting, compatibility, update, or balance patch records are not authoritative devotional sources; defining content records are reviewed separately.",,REJECTED
1b36c6e641e1ca62,NQ083,NQ,Gameplay - Wet and Cold,FurArmorSetSE (FrostFall Aware) - Update,FurSet by keung.esp,D:\Wabbajack\modlists\ARR 2.5\mods\FurArmorSetSE (FrostFall Aware) - Update\FurSet by keung.esp,SIGNAL:015E61:FurSet by keung.esp,SIGNAL,read,Armor,015E61:FurSet by keung.esp,AM_FurSet_Boots_Wolf_05x2,,,,Direct selected-signature raw-file enumeration.,ARMO:225|ENCH:51|KYWD:13,NO-ROWS,"Primary review: lighting, compatibility, update, or balance patch records are not authoritative devotional sources; defining content records are reviewed separately.",,REJECTED
1b36c6e641e1ca62,NQ083,NQ,Gameplay - Wet and Cold,FurArmorSetSE (FrostFall Aware) - Update,FurSet by keung.esp,D:\Wabbajack\modlists\ARR 2.5\mods\FurArmorSetSE (FrostFall Aware) - Update\FurSet by keung.esp,SIGNAL:015E62:FurSet by keung.esp,SIGNAL,read,Armor,015E62:FurSet by keung.esp,AM_MageFur_Boots_Wolf_05x2,,,,Direct selected-signature raw-file enumeration.,ARMO:225|ENCH:51|KYWD:13,NO-ROWS,"Primary review: lighting, compatibility, update, or balance patch records are not authoritative devotional sources; defining content records are reviewed separately.",,REJECTED
1b36c6e641e1ca62,NQ083,NQ,Gameplay - Wet and Cold,FurArmorSetSE (FrostFall Aware) - Update,FurSet by keung.esp,D:\Wabbajack\modlists\ARR 2.5\mods\FurArmorSetSE (FrostFall Aware) - Update\FurSet by keung.esp,SIGNAL:015E63:FurSet by keung.esp,SIGNAL,read,Armor,015E63:FurSet by keung.esp,AM_FurSet_Boots_Wolf_10x2,,,,Direct selected-signature raw-file enumeration.,ARMO:225|ENCH:51|KYWD:13,NO-ROWS,"Primary review: lighting, compatibility, update, or balance patch records are not authoritative devotional sources; defining content records are reviewed separately.",,REJECTED
1b36c6e641e1ca62,NQ083,NQ,Gameplay - Wet and Cold,FurArmorSetSE (FrostFall Aware) - Update,FurSet by keung.esp,D:\Wabbajack\modlists\ARR 2.5\mods\FurArmorSetSE (FrostFall Aware) - Update\FurSet by keung.esp,SIGNAL:015E64:FurSet by keung.esp,SIGNAL,read,Armor,015E64:FurSet by keung.esp,AM_FurSet_Boots_Wolf_15x2,,,,Direct selected-signature raw-file enumeration.,ARMO:225|ENCH:51|KYWD:13,NO-ROWS,"Primary review: lighting, compatibility, update, or balance patch records are not authoritative devotional sources; defining content records are reviewed separately.",,REJECTED
1b36c6e641e1ca62,NQ083,NQ,Gameplay - Wet and Cold,FurArmorSetSE (FrostFall Aware) - Update,FurSet by keung.esp,D:\Wabbajack\modlists\ARR 2.5\mods\FurArmorSetSE (FrostFall Aware) - Update\FurSet by keung.esp,SIGNAL:015E65:FurSet by keung.esp,SIGNAL,read,Armor,015E65:FurSet by keung.esp,AM_FurSet_Boots_Wolf_20x2,,,,Direct selected-signature raw-file enumeration.,ARMO:225|ENCH:51|KYWD:13,NO-ROWS,"Primary review: lighting, compatibility, update, or balance patch records are not authoritative devotional sources; defining content records are reviewed separately.",,REJECTED
1b36c6e641e1ca62,NQ083,NQ,Gameplay - Wet and Cold,FurArmorSetSE (FrostFall Aware) - Update,FurSet by keung.esp,D:\Wabbajack\modlists\ARR 2.5\mods\FurArmorSetSE (FrostFall Aware) - Update\FurSet by keung.esp,SIGNAL:015E66:FurSet by keung.esp,SIGNAL,read,Armor,015E66:FurSet by keung.esp,AM_FurSet_Boots_Wolf_25x2,,,,Direct selected-signature raw-file enumeration.,ARMO:225|ENCH:51|KYWD:13,NO-ROWS,"Primary review: lighting, compatibility, update, or balance patch records are not authoritative devotional sources; defining content records are reviewed separately.",,REJECTED
1b36c6e641e1ca62,NQ083,NQ,Gameplay - Wet and Cold,FurArmorSetSE (FrostFall Aware) - Update,FurSet by keung.esp,D:\Wabbajack\modlists\ARR 2.5\mods\FurArmorSetSE (FrostFall Aware) - Update\FurSet by keung.esp,SIGNAL:015E67:FurSet by keung.esp,SIGNAL,read,Armor,015E67:FurSet by keung.esp,AM_FurSet_Boots_Wolf_30x2,,,,Direct selected-signature raw-file enumeration.,ARMO:225|ENCH:51|KYWD:13,NO-ROWS,"Primary review: lighting, compatibility, update, or balance patch records are not authoritative devotional sources; defining content records are reviewed separately.",,REJECTED
1b36c6e641e1ca62,NQ083,NQ,Gameplay - Wet and Cold,FurArmorSetSE (FrostFall Aware) - Update,FurSet by keung.esp,D:\Wabbajack\modlists\ARR 2.5\mods\FurArmorSetSE (FrostFall Aware) - Update\FurSet by keung.esp,SIGNAL:015E68:FurSet by keung.esp,SIGNAL,read,Armor,015E68:FurSet by keung.esp,AM_MageFur_Boots_Wolf_10x2,,,,Direct selected-signature raw-file enumeration.,ARMO:225|ENCH:51|KYWD:13,NO-ROWS,"Primary review: lighting, compatibility, update, or balance patch records are not authoritative devotional sources; defining content records are reviewed separately.",,REJECTED
1b36c6e641e1ca62,NQ083,NQ,Gameplay - Wet and Cold,FurArmorSetSE (FrostFall Aware) - Update,FurSet by keung.esp,D:\Wabbajack\modlists\ARR 2.5\mods\FurArmorSetSE (FrostFall Aware) - Update\FurSet by keung.esp,SIGNAL:015E69:FurSet by keung.esp,SIGNAL,read,Armor,015E69:FurSet by keung.esp,AM_MageFur_Boots_Wolf_15x2,,,,Direct selected-signature raw-file enumeration.,ARMO:225|ENCH:51|KYWD:13,NO-ROWS,"Primary review: lighting, compatibility, update, or balance patch records are not authoritative devotional sources; defining content records are reviewed separately.",,REJECTED
1b36c6e641e1ca62,NQ083,NQ,Gameplay - Wet and Cold,FurArmorSetSE (FrostFall Aware) - Update,FurSet by keung.esp,D:\Wabbajack\modlists\ARR 2.5\mods\FurArmorSetSE (FrostFall Aware) - Update\FurSet by keung.esp,SIGNAL:015E6A:FurSet by keung.esp,SIGNAL,read,Armor,015E6A:FurSet by keung.esp,AM_MageFur_Boots_Wolf_20x2,,,,Direct selected-signature raw-file enumeration.,ARMO:225|ENCH:51|KYWD:13,NO-ROWS,"Primary review: lighting, compatibility, update, or balance patch records are not authoritative devotional sources; defining content records are reviewed separately.",,REJECTED
1b36c6e641e1ca62,NQ083,NQ,Gameplay - Wet and Cold,FurArmorSetSE (FrostFall Aware) - Update,FurSet by keung.esp,D:\Wabbajack\modlists\ARR 2.5\mods\FurArmorSetSE (FrostFall Aware) - Update\FurSet by keung.esp,SIGNAL:015E6B:FurSet by keung.esp,SIGNAL,read,Armor,015E6B:FurSet by keung.esp,AM_MageFur_Boots_Wolf_25x2,,,,Direct selected-signature raw-file enumeration.,ARMO:225|ENCH:51|KYWD:13,NO-ROWS,"Primary review: lighting, compatibility, update, or balance patch records are not authoritative devotional sources; defining content records are reviewed separately.",,REJECTED
1b36c6e641e1ca62,NQ083,NQ,Gameplay - Wet and Cold,FurArmorSetSE (FrostFall Aware) - Update,FurSet by keung.esp,D:\Wabbajack\modlists\ARR 2.5\mods\FurArmorSetSE (FrostFall Aware) - Update\FurSet by keung.esp,SIGNAL:015E6C:FurSet by keung.esp,SIGNAL,read,Armor,015E6C:FurSet by keung.esp,AM_MageFur_Boots_Wolf_30x2,,,,Direct selected-signature raw-file enumeration.,ARMO:225|ENCH:51|KYWD:13,NO-ROWS,"Primary review: lighting, compatibility, update, or balance patch records are not authoritative devotional sources; defining content records are reviewed separately.",,REJECTED
1b36c6e641e1ca62,NQ083,NQ,Gameplay - Wet and Cold,FurArmorSetSE (FrostFall Aware) - Update,FurSet by keung.esp,D:\Wabbajack\modlists\ARR 2.5\mods\FurArmorSetSE (FrostFall Aware) - Update\FurSet by keung.esp,SIGNAL:015E91:FurSet by keung.esp,SIGNAL,read,Armor,015E91:FurSet by keung.esp,AM_FurSet_GlovesOF_Wolf_07,,,,Direct selected-signature raw-file enumeration.,ARMO:225|ENCH:51|KYWD:13,NO-ROWS,"Primary review: lighting, compatibility, update, or balance patch records are not authoritative devotional sources; defining content records are reviewed separately.",,REJECTED
1b36c6e641e1ca62,NQ083,NQ,Gameplay - Wet and Cold,FurArmorSetSE (FrostFall Aware) - Update,FurSet by keung.esp,D:\Wabbajack\modlists\ARR 2.5\mods\FurArmorSetSE (FrostFall Aware) - Update\FurSet by keung.esp,SIGNAL:015E92:FurSet by keung.esp,SIGNAL,read,Armor,015E92:FurSet by keung.esp,AM_MageFur_GlovesOF_Wolf_07,,,,Direct selected-signature raw-file enumeration.,ARMO:225|ENCH:51|KYWD:13,NO-ROWS,"Primary review: lighting, compatibility, update, or balance patch records are not authoritative devotional sources; defining content records are reviewed separately.",,REJECTED
1b36c6e641e1ca62,NQ083,NQ,Gameplay - Wet and Cold,FurArmorSetSE (FrostFall Aware) - Update,FurSet by keung.esp,D:\Wabbajack\modlists\ARR 2.5\mods\FurArmorSetSE (FrostFall Aware) - Update\FurSet by keung.esp,SIGNAL:015E93:FurSet by keung.esp,SIGNAL,read,Armor,015E93:FurSet by keung.esp,AM_FurSet_GlovesOF_Wolf_10,,,,Direct selected-signature raw-file enumeration.,ARMO:225|ENCH:51|KYWD:13,NO-ROWS,"Primary review: lighting, compatibility, update, or balance patch records are not authoritative devotional sources; defining content records are reviewed separately.",,REJECTED
1b36c6e641e1ca62,NQ083,NQ,Gameplay - Wet and Cold,FurArmorSetSE (FrostFall Aware) - Update,FurSet by keung.esp,D:\Wabbajack\modlists\ARR 2.5\mods\FurArmorSetSE (FrostFall Aware) - Update\FurSet by keung.esp,SIGNAL:015E94:FurSet by keung.esp,SIGNAL,read,Armor,015E94:FurSet by keung.esp,AM_MageFur_GlovesOF_Wolf_10,,,,Direct selected-signature raw-file enumeration.,ARMO:225|ENCH:51|KYWD:13,NO-ROWS,"Primary review: lighting, compatibility, update, or balance patch records are not authoritative devotional sources; defining content records are reviewed separately.",,REJECTED
1b36c6e641e1ca62,NQ083,NQ,Gameplay - Wet and Cold,FurArmorSetSE (FrostFall Aware) - Update,FurSet by keung.esp,D:\Wabbajack\modlists\ARR 2.5\mods\FurArmorSetSE (FrostFall Aware) - Update\FurSet by keung.esp,SIGNAL:015E97:FurSet by keung.esp,SIGNAL,read,Armor,015E97:FurSet by keung.esp,AM_FurSet_GlovesOF_Wolf_15,,,,Direct selected-signature raw-file enumeration.,ARMO:225|ENCH:51|KYWD:13,NO-ROWS,"Primary review: lighting, compatibility, update, or balance patch records are not authoritative devotional sources; defining content records are reviewed separately.",,REJECTED
1b36c6e641e1ca62,NQ083,NQ,Gameplay - Wet and Cold,FurArmorSetSE (FrostFall Aware) - Update,FurSet by keung.esp,D:\Wabbajack\modlists\ARR 2.5\mods\FurArmorSetSE (FrostFall Aware) - Update\FurSet by keung.esp,SIGNAL:015E98:FurSet by keung.esp,SIGNAL,read,Armor,015E98:FurSet by keung.esp,AM_MageFur_GlovesOF_Wolf_15,,,,Direct selected-signature raw-file enumeration.,ARMO:225|ENCH:51|KYWD:13,NO-ROWS,"Primary review: lighting, compatibility, update, or balance patch records are not authoritative devotional sources; defining content records are reviewed separately.",,REJECTED
1b36c6e641e1ca62,NQ083,NQ,Gameplay - Wet and Cold,FurArmorSetSE (FrostFall Aware) - Update,FurSet by keung.esp,D:\Wabbajack\modlists\ARR 2.5\mods\FurArmorSetSE (FrostFall Aware) - Update\FurSet by keung.esp,SIGNAL:015E99:FurSet by keung.esp,SIGNAL,read,Armor,015E99:FurSet by keung.esp,AM_FurSet_GlovesOF_Wolf_12,,,,Direct selected-signature raw-file enumeration.,ARMO:225|ENCH:51|KYWD:13,NO-ROWS,"Primary review: lighting, compatibility, update, or balance patch records are not authoritative devotional sources; defining content records are reviewed separately.",,REJECTED
1b36c6e641e1ca62,NQ083,NQ,Gameplay - Wet and Cold,FurArmorSetSE (FrostFall Aware) - Update,FurSet by keung.esp,D:\Wabbajack\modlists\ARR 2.5\mods\FurArmorSetSE (FrostFall Aware) - Update\FurSet by keung.esp,SIGNAL:015E9A:FurSet by keung.esp,SIGNAL,read,Armor,015E9A:FurSet by keung.esp,AM_MageFur_GlovesOF_Wolf_12,,,,Direct selected-signature raw-file enumeration.,ARMO:225|ENCH:51|KYWD:13,NO-ROWS,"Primary review: lighting, compatibility, update, or balance patch records are not authoritative devotional sources; defining content records are reviewed separately.",,REJECTED
1b36c6e641e1ca62,NQ083,NQ,Gameplay - Wet and Cold,FurArmorSetSE (FrostFall Aware) - Update,FurSet by keung.esp,D:\Wabbajack\modlists\ARR 2.5\mods\FurArmorSetSE (FrostFall Aware) - Update\FurSet by keung.esp,SIGNAL:015E9B:FurSet by keung.esp,SIGNAL,read,Armor,015E9B:FurSet by keung.esp,AM_FurSet_GlovesOF_Wolf_20,,,,Direct selected-signature raw-file enumeration.,ARMO:225|ENCH:51|KYWD:13,NO-ROWS,"Primary review: lighting, compatibility, update, or balance patch records are not authoritative devotional sources; defining content records are reviewed separately.",,REJECTED
1b36c6e641e1ca62,NQ083,NQ,Gameplay - Wet and Cold,FurArmorSetSE (FrostFall Aware) - Update,FurSet by keung.esp,D:\Wabbajack\modlists\ARR 2.5\mods\FurArmorSetSE (FrostFall Aware) - Update\FurSet by keung.esp,SIGNAL:015E9C:FurSet by keung.esp,SIGNAL,read,Armor,015E9C:FurSet by keung.esp,AM_MageFur_GlovesOF_Wolf_20,,,,Direct selected-signature raw-file enumeration.,ARMO:225|ENCH:51|KYWD:13,NO-ROWS,"Primary review: lighting, compatibility, update, or balance patch records are not authoritative devotional sources; defining content records are reviewed separately.",,REJECTED
1b36c6e641e1ca62,NQ083,NQ,Gameplay - Wet and Cold,FurArmorSetSE (FrostFall Aware) - Update,FurSet by keung.esp,D:\Wabbajack\modlists\ARR 2.5\mods\FurArmorSetSE (FrostFall Aware) - Update\FurSet by keung.esp,SIGNAL:015E9D:FurSet by keung.esp,SIGNAL,read,Armor,015E9D:FurSet by keung.esp,AM_FurSet_GlovesOF_Wolf_17,,,,Direct selected-signature raw-file enumeration.,ARMO:225|ENCH:51|KYWD:13,NO-ROWS,"Primary review: lighting, compatibility, update, or balance patch records are not authoritative devotional sources; defining content records are reviewed separately.",,REJECTED
1b36c6e641e1ca62,NQ083,NQ,Gameplay - Wet and Cold,FurArmorSetSE (FrostFall Aware) - Update,FurSet by keung.esp,D:\Wabbajack\modlists\ARR 2.5\mods\FurArmorSetSE (FrostFall Aware) - Update\FurSet by keung.esp,SIGNAL:015E9E:FurSet by keung.esp,SIGNAL,read,Armor,015E9E:FurSet by keung.esp,AM_MageFur_GlovesOF_Wolf_17,,,,Direct selected-signature raw-file enumeration.,ARMO:225|ENCH:51|KYWD:13,NO-ROWS,"Primary review: lighting, compatibility, update, or balance patch records are not authoritative devotional sources; defining content records are reviewed separately.",,REJECTED
1b36c6e641e1ca62,NQ083,NQ,Gameplay - Wet and Cold,FurArmorSetSE (FrostFall Aware) - Update,FurSet by keung.esp,D:\Wabbajack\modlists\ARR 2.5\mods\FurArmorSetSE (FrostFall Aware) - Update\FurSet by keung.esp,SIGNAL:015EB1:FurSet by keung.esp,SIGNAL,read,Armor,015EB1:FurSet by keung.esp,AM_MageFur_Hat_SabreCatLeopard_25,,,,Direct selected-signature raw-file enumeration.,ARMO:225|ENCH:51|KYWD:13,NO-ROWS,"Primary review: lighting, compatibility, update, or balance patch records are not authoritative devotional sources; defining content records are reviewed separately.",,REJECTED
1b36c6e641e1ca62,NQ083,NQ,Gameplay - Wet and Cold,FurArmorSetSE (FrostFall Aware) - Update,FurSet by keung.esp,D:\Wabbajack\modlists\ARR 2.5\mods\FurArmorSetSE (FrostFall Aware) - Update\FurSet by keung.esp,SIGNAL:015EB2:FurSet by keung.esp,SIGNAL,read,Armor,015EB2:FurSet by keung.esp,AM_MageFur_Hat_SabreCatLeopard_30,,,,Direct selected-signature raw-file enumeration.,ARMO:225|ENCH:51|KYWD:13,NO-ROWS,"Primary review: lighting, compatibility, update, or balance patch records are not authoritative devotional sources; defining content records are reviewed separately.",,REJECTED
1b36c6e641e1ca62,NQ083,NQ,Gameplay - Wet and Cold,FurArmorSetSE (FrostFall Aware) - Update,FurSet by keung.esp,D:\Wabbajack\modlists\ARR 2.5\mods\FurArmorSetSE (FrostFall Aware) - Update\FurSet by keung.esp,SIGNAL:015EB3:FurSet by keung.esp,SIGNAL,read,Armor,015EB3:FurSet by keung.esp,AM_MageFur_Hat_SabreCatLeopard_35,,,,Direct selected-signature raw-file enumeration.,ARMO:225|ENCH:51|KYWD:13,NO-ROWS,"Primary review: lighting, compatibility, update, or balance patch records are not authoritative devotional sources; defining content records are reviewed separately.",,REJECTED
1b36c6e641e1ca62,NQ083,NQ,Gameplay - Wet and Cold,FurArmorSetSE (FrostFall Aware) - Update,FurSet by keung.esp,D:\Wabbajack\modlists\ARR 2.5\mods\FurArmorSetSE (FrostFall Aware) - Update\FurSet by keung.esp,SIGNAL:015EB4:FurSet by keung.esp,SIGNAL,read,Armor,015EB4:FurSet by keung.esp,AM_MageFur_Hat_SabreCatLeopard_40,,,,Direct selected-signature raw-file enumeration.,ARMO:225|ENCH:51|KYWD:13,NO-ROWS,"Primary review: lighting, compatibility, update, or balance patch records are not authoritative devotional sources; defining content records are reviewed separately.",,REJECTED
1b36c6e641e1ca62,NQ083,NQ,Gameplay - Wet and Cold,FurArmorSetSE (FrostFall Aware) - Update,FurSet by keung.esp,D:\Wabbajack\modlists\ARR 2.5\mods\FurArmorSetSE (FrostFall Aware) - Update\FurSet by keung.esp,SIGNAL:015EB5:FurSet by keung.esp,SIGNAL,read,Armor,015EB5:FurSet by keung.esp,AM_MageFur_Hat_SabreCatLeopard_45,,,,Direct selected-signature raw-file enumeration.,ARMO:225|ENCH:51|KYWD:13,NO-ROWS,"Primary review: lighting, compatibility, update, or balance patch records are not authoritative devotional sources; defining content records are reviewed separately.",,REJECTED
1b36c6e641e1ca62,NQ083,NQ,Gameplay - Wet and Cold,FurArmorSetSE (FrostFall Aware) - Update,FurSet by keung.esp,D:\Wabbajack\modlists\ARR 2.5\mods\FurArmorSetSE (FrostFall Aware) - Update\FurSet by keung.esp,SIGNAL:015EB6:FurSet by keung.esp,SIGNAL,read,Armor,015EB6:FurSet by keung.esp,AM_MageFur_Hat_SabreCatLeopard_50,,,,Direct selected-signature raw-file enumeration.,ARMO:225|ENCH:51|KYWD:13,NO-ROWS,"Primary review: lighting, compatibility, update, or balance patch records are not authoritative devotional sources; defining content records are reviewed separately.",,REJECTED
1b36c6e641e1ca62,NQ083,NQ,Gameplay - Wet and Cold,FurArmorSetSE (FrostFall Aware) - Update,FurSet by keung.esp,D:\Wabbajack\modlists\ARR 2.5\mods\FurArmorSetSE (FrostFall Aware) - Update\FurSet by keung.esp,SIGNAL:015EBF:FurSet by keung.esp,SIGNAL,read,Armor,015EBF:FurSet by keung.esp,AM_FurSet_Gloves_Werewolf_Sten_05x2,,,,Direct selected-signature raw-file enumeration.,ARMO:225|ENCH:51|KYWD:13,NO-ROWS,"Primary review: lighting, compatibility, update, or balance patch records are not authoritative devotional sources; defining content records are reviewed separately.",,REJECTED
1b36c6e641e1ca62,NQ083,NQ,Gameplay - Wet and Cold,FurArmorSetSE (FrostFall Aware) - Update,FurSet by keung.esp,D:\Wabbajack\modlists\ARR 2.5\mods\FurArmorSetSE (FrostFall Aware) - Update\FurSet by keung.esp,SIGNAL:015EC0:FurSet by keung.esp,SIGNAL,read,Armor,015EC0:FurSet by keung.esp,AM_MageFur_Gloves_Werewolf_Sten_05x2,,,,Direct selected-signature raw-file enumeration.,ARMO:225|ENCH:51|KYWD:13,NO-ROWS,"Primary review: lighting, compatibility, update, or balance patch records are not authoritative devotional sources; defining content records are reviewed separately.",,REJECTED
1b36c6e641e1ca62,NQ083,NQ,Gameplay - Wet and Cold,FurArmorSetSE (FrostFall Aware) - Update,FurSet by keung.esp,D:\Wabbajack\modlists\ARR 2.5\mods\FurArmorSetSE (FrostFall Aware) - Update\FurSet by keung.esp,SIGNAL:015EC1:FurSet by keung.esp,SIGNAL,read,Armor,015EC1:FurSet by keung.esp,AM_MageFur_GlovesOF_SnowBear_10,,,,Direct selected-signature raw-file enumeration.,ARMO:225|ENCH:51|KYWD:13,NO-ROWS,"Primary review: lighting, compatibility, update, or balance patch records are not authoritative devotional sources; defining content records are reviewed separately.",,REJECTED
1b36c6e641e1ca62,NQ083,NQ,Gameplay - Wet and Cold,FurArmorSetSE (FrostFall Aware) - Update,FurSet by keung.esp,D:\Wabbajack\modlists\ARR 2.5\mods\FurArmorSetSE (FrostFall Aware) - Update\FurSet by keung.esp,SIGNAL:015EC2:FurSet by keung.esp,SIGNAL,read,Armor,015EC2:FurSet by keung.esp,AM_FurSet_GlovesOF_SnowBear_10,,,,Direct selected-signature raw-file enumeration.,ARMO:225|ENCH:51|KYWD:13,NO-ROWS,"Primary review: lighting, compatibility, update, or balance patch records are not authoritative devotional sources; defining content records are reviewed separately.",,REJECTED
1b36c6e641e1ca62,NQ083,NQ,Gameplay - Wet and Cold,FurArmorSetSE (FrostFall Aware) - Update,FurSet by keung.esp,D:\Wabbajack\modlists\ARR 2.5\mods\FurArmorSetSE (FrostFall Aware) - Update\FurSet by keung.esp,SIGNAL:015EDA:FurSet by keung.esp,SIGNAL,read,Armor,015EDA:FurSet by keung.esp,AM_FurSet_Gloves_Werewolf_Boe_W07,,,,Direct selected-signature raw-file enumeration.,ARMO:225|ENCH:51|KYWD:13,NO-ROWS,"Primary review: lighting, compatibility, update, or balance patch records are not authoritative devotional sources; defining content records are reviewed separately.",,REJECTED
1b36c6e641e1ca62,NQ083,NQ,Gameplay - Wet and Cold,FurArmorSetSE (FrostFall Aware) - Update,FurSet by keung.esp,D:\Wabbajack\modlists\ARR 2.5\mods\FurArmorSetSE (FrostFall Aware) - Update\FurSet by keung.esp,SIGNAL:015EDB:FurSet by keung.esp,SIGNAL,read,Armor,015EDB:FurSet by keung.esp,AM_FurSet_Gloves_Werewolf_Boe_W10,,,,Direct selected-signature raw-file enumeration.,ARMO:225|ENCH:51|KYWD:13,NO-ROWS,"Primary review: lighting, compatibility, update, or balance patch records are not authoritative devotional sources; defining content records are reviewed separately.",,REJECTED
1b36c6e641e1ca62,NQ083,NQ,Gameplay - Wet and Cold,FurArmorSetSE (FrostFall Aware) - Update,FurSet by keung.esp,D:\Wabbajack\modlists\ARR 2.5\mods\FurArmorSetSE (FrostFall Aware) - Update\FurSet by keung.esp,SIGNAL:015EDC:FurSet by keung.esp,SIGNAL,read,Armor,015EDC:FurSet by keung.esp,AM_FurSet_Gloves_Werewolf_Boe_W12,,,,Direct selected-signature raw-file enumeration.,ARMO:225|ENCH:51|KYWD:13,NO-ROWS,"Primary review: lighting, compatibility, update, or balance patch records are not authoritative devotional sources; defining content records are reviewed separately.",,REJECTED
1b36c6e641e1ca62,NQ083,NQ,Gameplay - Wet and Cold,FurArmorSetSE (FrostFall Aware) - Update,FurSet by keung.esp,D:\Wabbajack\modlists\ARR 2.5\mods\FurArmorSetSE (FrostFall Aware) - Update\FurSet by keung.esp,SIGNAL:015EDD:FurSet by keung.esp,SIGNAL,read,Armor,015EDD:FurSet by keung.esp,AM_FurSet_Gloves_Werewolf_Boe_W15,,,,Direct selected-signature raw-file enumeration.,ARMO:225|ENCH:51|KYWD:13,NO-ROWS,"Primary review: lighting, compatibility, update, or balance patch records are not authoritative devotional sources; defining content records are reviewed separately.",,REJECTED
1b36c6e641e1ca62,NQ083,NQ,Gameplay - Wet and Cold,FurArmorSetSE (FrostFall Aware) - Update,FurSet by keung.esp,D:\Wabbajack\modlists\ARR 2.5\mods\FurArmorSetSE (FrostFall Aware) - Update\FurSet by keung.esp,SIGNAL:015EDE:FurSet by keung.esp,SIGNAL,read,Armor,015EDE:FurSet by keung.esp,AM_FurSet_Gloves_Werewolf_Boe_W17,,,,Direct selected-signature raw-file enumeration.,ARMO:225|ENCH:51|KYWD:13,NO-ROWS,"Primary review: lighting, compatibility, update, or balance patch records are not authoritative devotional sources; defining content records are reviewed separately.",,REJECTED
1b36c6e641e1ca62,NQ083,NQ,Gameplay - Wet and Cold,FurArmorSetSE (FrostFall Aware) - Update,FurSet by keung.esp,D:\Wabbajack\modlists\ARR 2.5\mods\FurArmorSetSE (FrostFall Aware) - Update\FurSet by keung.esp,SIGNAL:015EDF:FurSet by keung.esp,SIGNAL,read,Armor,015EDF:FurSet by keung.esp,AM_FurSet_Gloves_Werewolf_Boe_W20,,,,Direct selected-signature raw-file enumeration.,ARMO:225|ENCH:51|KYWD:13,NO-ROWS,"Primary review: lighting, compatibility, update, or balance patch records are not authoritative devotional sources; defining content records are reviewed separately.",,REJECTED
1b36c6e641e1ca62,NQ083,NQ,Gameplay - Wet and Cold,FurArmorSetSE (FrostFall Aware) - Update,FurSet by keung.esp,D:\Wabbajack\modlists\ARR 2.5\mods\FurArmorSetSE (FrostFall Aware) - Update\FurSet by keung.esp,SIGNAL:0137F9:FurSet by keung.esp,SIGNAL,read,ObjectEffect,0137F9:FurSet by keung.esp,EnchReligiousJulianos_05,,,,Direct selected-signature raw-file enumeration.,ARMO:225|ENCH:51|KYWD:13,NO-ROWS,"Primary review: lighting, compatibility, update, or balance patch records are not authoritative devotional sources; defining content records are reviewed separately.",,REJECTED
1b36c6e641e1ca62,NQ083,NQ,Gameplay - Wet and Cold,FurArmorSetSE (FrostFall Aware) - Update,FurSet by keung.esp,D:\Wabbajack\modlists\ARR 2.5\mods\FurArmorSetSE (FrostFall Aware) - Update\FurSet by keung.esp,SIGNAL:0137FA:FurSet by keung.esp,SIGNAL,read,ObjectEffect,0137FA:FurSet by keung.esp,EnchReligiousAkatosh_12,,,,Direct selected-signature raw-file enumeration.,ARMO:225|ENCH:51|KYWD:13,NO-ROWS,"Primary review: lighting, compatibility, update, or balance patch records are not authoritative devotional sources; defining content records are reviewed separately.",,REJECTED
1b36c6e641e1ca62,NQ083,NQ,Gameplay - Wet and Cold,FurArmorSetSE (FrostFall Aware) - Update,FurSet by keung.esp,D:\Wabbajack\modlists\ARR 2.5\mods\FurArmorSetSE (FrostFall Aware) - Update\FurSet by keung.esp,SIGNAL:0137FB:FurSet by keung.esp,SIGNAL,read,ObjectEffect,0137FB:FurSet by keung.esp,EnchReligiousArkay_05,,,,Direct selected-signature raw-file enumeration.,ARMO:225|ENCH:51|KYWD:13,NO-ROWS,"Primary review: lighting, compatibility, update, or balance patch records are not authoritative devotional sources; defining content records are reviewed separately.",,REJECTED
1b36c6e641e1ca62,NQ083,NQ,Gameplay - Wet and Cold,FurArmorSetSE (FrostFall Aware) - Update,FurSet by keung.esp,D:\Wabbajack\modlists\ARR 2.5\mods\FurArmorSetSE (FrostFall Aware) - Update\FurSet by keung.esp,SIGNAL:0137FC:FurSet by keung.esp,SIGNAL,read,ObjectEffect,0137FC:FurSet by keung.esp,EnchReligiousDibella_07,,,,Direct selected-signature raw-file enumeration.,ARMO:225|ENCH:51|KYWD:13,NO-ROWS,"Primary review: lighting, compatibility, update, or balance patch records are not authoritative devotional sources; defining content records are reviewed separately.",,REJECTED
1b36c6e641e1ca62,NQ083,NQ,Gameplay - Wet and Cold,FurArmorSetSE (FrostFall Aware) - Update,FurSet by keung.esp,D:\Wabbajack\modlists\ARR 2.5\mods\FurArmorSetSE (FrostFall Aware) - Update\FurSet by keung.esp,SIGNAL:0137FD:FurSet by keung.esp,SIGNAL,read,ObjectEffect,0137FD:FurSet by keung.esp,EnchReligiousKynareth_05,,,,Direct selected-signature raw-file enumeration.,ARMO:225|ENCH:51|KYWD:13,NO-ROWS,"Primary review: lighting, compatibility, update, or balance patch records are not authoritative devotional sources; defining content records are reviewed separately.",,REJECTED
1b36c6e641e1ca62,NQ083,NQ,Gameplay - Wet and Cold,FurArmorSetSE (FrostFall Aware) - Update,FurSet by keung.esp,D:\Wabbajack\modlists\ARR 2.5\mods\FurArmorSetSE (FrostFall Aware) - Update\FurSet by keung.esp,SIGNAL:0137FE:FurSet by keung.esp,SIGNAL,read,ObjectEffect,0137FE:FurSet by keung.esp,EnchReligiousMara_05,,,,Direct selected-signature raw-file enumeration.,ARMO:225|ENCH:51|KYWD:13,NO-ROWS,"Primary review: lighting, compatibility, update, or balance patch records are not authoritative devotional sources; defining content records are reviewed separately.",,REJECTED
1b36c6e641e1ca62,NQ083,NQ,Gameplay - Wet and Cold,FurArmorSetSE (FrostFall Aware) - Update,FurSet by keung.esp,D:\Wabbajack\modlists\ARR 2.5\mods\FurArmorSetSE (FrostFall Aware) - Update\FurSet by keung.esp,SIGNAL:0137FF:FurSet by keung.esp,SIGNAL,read,ObjectEffect,0137FF:FurSet by keung.esp,EnchReligiousStendarr_05,,,,Direct selected-signature raw-file enumeration.,ARMO:225|ENCH:51|KYWD:13,NO-ROWS,"Primary review: lighting, compatibility, update, or balance patch records are not authoritative devotional sources; defining content records are reviewed separately.",,REJECTED
1b36c6e641e1ca62,NQ083,NQ,Gameplay - Wet and Cold,FurArmorSetSE (FrostFall Aware) - Update,FurSet by keung.esp,D:\Wabbajack\modlists\ARR 2.5\mods\FurArmorSetSE (FrostFall Aware) - Update\FurSet by keung.esp,SIGNAL:013800:FurSet by keung.esp,SIGNAL,read,ObjectEffect,013800:FurSet by keung.esp,EnchReligiousTalos_07,,,,Direct selected-signature raw-file enumeration.,ARMO:225|ENCH:51|KYWD:13,NO-ROWS,"Primary review: lighting, compatibility, update, or balance patch records are not authoritative devotional sources; defining content records are reviewed separately.",,REJECTED
1b36c6e641e1ca62,NQ083,NQ,Gameplay - Wet and Cold,FurArmorSetSE (FrostFall Aware) - Update,FurSet by keung.esp,D:\Wabbajack\modlists\ARR 2.5\mods\FurArmorSetSE (FrostFall Aware) - Update\FurSet by keung.esp,SIGNAL:013801:FurSet by keung.esp,SIGNAL,read,ObjectEffect,013801:FurSet by keung.esp,EnchReligiousZenithar_05,,,,Direct selected-signature raw-file enumeration.,ARMO:225|ENCH:51|KYWD:13,NO-ROWS,"Primary review: lighting, compatibility, update, or balance patch records are not authoritative devotional sources; defining content records are reviewed separately.",,REJECTED
1b36c6e641e1ca62,NQ083,NQ,Gameplay - Wet and Cold,FurArmorSetSE (FrostFall Aware) - Update,FurSet by keung.esp,D:\Wabbajack\modlists\ARR 2.5\mods\FurArmorSetSE (FrostFall Aware) - Update\FurSet by keung.esp,SIGNAL:015DF8:FurSet by keung.esp,SIGNAL,read,ObjectEffect,015DF8:FurSet by keung.esp,EnchReligiousNocturnal_05,,,,Direct selected-signature raw-file enumeration.,ARMO:225|ENCH:51|KYWD:13,NO-ROWS,"Primary review: lighting, compatibility, update, or balance patch records are not authoritative devotional sources; defining content records are reviewed separately.",,REJECTED
1b36c6e641e1ca62,NQ083,NQ,Gameplay - Wet and Cold,FurArmorSetSE (FrostFall Aware) - Update,FurSet by keung.esp,D:\Wabbajack\modlists\ARR 2.5\mods\FurArmorSetSE (FrostFall Aware) - Update\FurSet by keung.esp,SIGNAL:015E02:FurSet by keung.esp,SIGNAL,read,ObjectEffect,015E02:FurSet by keung.esp,EnchReligiousNocturnal_10,,,,Direct selected-signature raw-file enumeration.,ARMO:225|ENCH:51|KYWD:13,NO-ROWS,"Primary review: lighting, compatibility, update, or balance patch records are not authoritative devotional sources; defining content records are reviewed separately.",,REJECTED
1b36c6e641e1ca62,NQ083,NQ,Gameplay - Wet and Cold,FurArmorSetSE (FrostFall Aware) - Update,FurSet by keung.esp,D:\Wabbajack\modlists\ARR 2.5\mods\FurArmorSetSE (FrostFall Aware) - Update\FurSet by keung.esp,SIGNAL:015E03:FurSet by keung.esp,SIGNAL,read,ObjectEffect,015E03:FurSet by keung.esp,EnchReligiousNocturnal_15,,,,Direct selected-signature raw-file enumeration.,ARMO:225|ENCH:51|KYWD:13,NO-ROWS,"Primary review: lighting, compatibility, update, or balance patch records are not authoritative devotional sources; defining content records are reviewed separately.",,REJECTED
1b36c6e641e1ca62,NQ083,NQ,Gameplay - Wet and Cold,FurArmorSetSE (FrostFall Aware) - Update,FurSet by keung.esp,D:\Wabbajack\modlists\ARR 2.5\mods\FurArmorSetSE (FrostFall Aware) - Update\FurSet by keung.esp,SIGNAL:015E04:FurSet by keung.esp,SIGNAL,read,ObjectEffect,015E04:FurSet by keung.esp,EnchReligiousNocturnal_20,,,,Direct selected-signature raw-file enumeration.,ARMO:225|ENCH:51|KYWD:13,NO-ROWS,"Primary review: lighting, compatibility, update, or balance patch records are not authoritative devotional sources; defining content records are reviewed separately.",,REJECTED
1b36c6e641e1ca62,NQ083,NQ,Gameplay - Wet and Cold,FurArmorSetSE (FrostFall Aware) - Update,FurSet by keung.esp,D:\Wabbajack\modlists\ARR 2.5\mods\FurArmorSetSE (FrostFall Aware) - Update\FurSet by keung.esp,SIGNAL:015E05:FurSet by keung.esp,SIGNAL,read,ObjectEffect,015E05:FurSet by keung.esp,EnchReligiousNocturnal_25,,,,Direct selected-signature raw-file enumeration.,ARMO:225|ENCH:51|KYWD:13,NO-ROWS,"Primary review: lighting, compatibility, update, or balance patch records are not authoritative devotional sources; defining content records are reviewed separately.",,REJECTED
1b36c6e641e1ca62,NQ083,NQ,Gameplay - Wet and Cold,FurArmorSetSE (FrostFall Aware) - Update,FurSet by keung.esp,D:\Wabbajack\modlists\ARR 2.5\mods\FurArmorSetSE (FrostFall Aware) - Update\FurSet by keung.esp,SIGNAL:015E06:FurSet by keung.esp,SIGNAL,read,ObjectEffect,015E06:FurSet by keung.esp,EnchReligiousNocturnal_30,,,,Direct selected-signature raw-file enumeration.,ARMO:225|ENCH:51|KYWD:13,NO-ROWS,"Primary review: lighting, compatibility, update, or balance patch records are not authoritative devotional sources; defining content records are reviewed separately.",,REJECTED
1b36c6e641e1ca62,NQ083,NQ,Gameplay - Wet and Cold,FurArmorSetSE (FrostFall Aware) - Update,FurSet by keung.esp,D:\Wabbajack\modlists\ARR 2.5\mods\FurArmorSetSE (FrostFall Aware) - Update\FurSet by keung.esp,SIGNAL:015E1B:FurSet by keung.esp,SIGNAL,read,ObjectEffect,015E1B:FurSet by keung.esp,EnchReligiousZenithar_10,,,,Direct selected-signature raw-file enumeration.,ARMO:225|ENCH:51|KYWD:13,NO-ROWS,"Primary review: lighting, compatibility, update, or balance patch records are not authoritative devotional sources; defining content records are reviewed separately.",,REJECTED
1b36c6e641e1ca62,NQ083,NQ,Gameplay - Wet and Cold,FurArmorSetSE (FrostFall Aware) - Update,FurSet by keung.esp,D:\Wabbajack\modlists\ARR 2.5\mods\FurArmorSetSE (FrostFall Aware) - Update\FurSet by keung.esp,SIGNAL:015E1C:FurSet by keung.esp,SIGNAL,read,ObjectEffect,015E1C:FurSet by keung.esp,EnchReligiousZenithar_15,,,,Direct selected-signature raw-file enumeration.,ARMO:225|ENCH:51|KYWD:13,NO-ROWS,"Primary review: lighting, compatibility, update, or balance patch records are not authoritative devotional sources; defining content records are reviewed separately.",,REJECTED
1b36c6e641e1ca62,NQ083,NQ,Gameplay - Wet and Cold,FurArmorSetSE (FrostFall Aware) - Update,FurSet by keung.esp,D:\Wabbajack\modlists\ARR 2.5\mods\FurArmorSetSE (FrostFall Aware) - Update\FurSet by keung.esp,SIGNAL:015E1D:FurSet by keung.esp,SIGNAL,read,ObjectEffect,015E1D:FurSet by keung.esp,EnchReligiousZenithar_20,,,,Direct selected-signature raw-file enumeration.,ARMO:225|ENCH:51|KYWD:13,NO-ROWS,"Primary review: lighting, compatibility, update, or balance patch records are not authoritative devotional sources; defining content records are reviewed separately.",,REJECTED
1b36c6e641e1ca62,NQ083,NQ,Gameplay - Wet and Cold,FurArmorSetSE (FrostFall Aware) - Update,FurSet by keung.esp,D:\Wabbajack\modlists\ARR 2.5\mods\FurArmorSetSE (FrostFall Aware) - Update\FurSet by keung.esp,SIGNAL:015E1E:FurSet by keung.esp,SIGNAL,read,ObjectEffect,015E1E:FurSet by keung.esp,EnchReligiousZenithar_25,,,,Direct selected-signature raw-file enumeration.,ARMO:225|ENCH:51|KYWD:13,NO-ROWS,"Primary review: lighting, compatibility, update, or balance patch records are not authoritative devotional sources; defining content records are reviewed separately.",,REJECTED
1b36c6e641e1ca62,NQ083,NQ,Gameplay - Wet and Cold,FurArmorSetSE (FrostFall Aware) - Update,FurSet by keung.esp,D:\Wabbajack\modlists\ARR 2.5\mods\FurArmorSetSE (FrostFall Aware) - Update\FurSet by keung.esp,SIGNAL:015E1F:FurSet by keung.esp,SIGNAL,read,ObjectEffect,015E1F:FurSet by keung.esp,EnchReligiousDibella_15,,,,Direct selected-signature raw-file enumeration.,ARMO:225|ENCH:51|KYWD:13,NO-ROWS,"Primary review: lighting, compatibility, update, or balance patch records are not authoritative devotional sources; defining content records are reviewed separately.",,REJECTED
1b36c6e641e1ca62,NQ083,NQ,Gameplay - Wet and Cold,FurArmorSetSE (FrostFall Aware) - Update,FurSet by keung.esp,D:\Wabbajack\modlists\ARR 2.5\mods\FurArmorSetSE (FrostFall Aware) - Update\FurSet by keung.esp,SIGNAL:015E20:FurSet by keung.esp,SIGNAL,read,ObjectEffect,015E20:FurSet by keung.esp,EnchReligiousDibella_22,,,,Direct selected-signature raw-file enumeration.,ARMO:225|ENCH:51|KYWD:13,NO-ROWS,"Primary review: lighting, compatibility, update, or balance patch records are not authoritative devotional sources; defining content records are reviewed separately.",,REJECTED
1b36c6e641e1ca62,NQ083,NQ,Gameplay - Wet and Cold,FurArmorSetSE (FrostFall Aware) - Update,FurSet by keung.esp,D:\Wabbajack\modlists\ARR 2.5\mods\FurArmorSetSE (FrostFall Aware) - Update\FurSet by keung.esp,SIGNAL:015E21:FurSet by keung.esp,SIGNAL,read,ObjectEffect,015E21:FurSet by keung.esp,EnchReligiousDibella_30,,,,Direct selected-signature raw-file enumeration.,ARMO:225|ENCH:51|KYWD:13,NO-ROWS,"Primary review: lighting, compatibility, update, or balance patch records are not authoritative devotional sources; defining content records are reviewed separately.",,REJECTED
1b36c6e641e1ca62,NQ083,NQ,Gameplay - Wet and Cold,FurArmorSetSE (FrostFall Aware) - Update,FurSet by keung.esp,D:\Wabbajack\modlists\ARR 2.5\mods\FurArmorSetSE (FrostFall Aware) - Update\FurSet by keung.esp,SIGNAL:015E22:FurSet by keung.esp,SIGNAL,read,ObjectEffect,015E22:FurSet by keung.esp,EnchReligiousDibella_37,,,,Direct selected-signature raw-file enumeration.,ARMO:225|ENCH:51|KYWD:13,NO-ROWS,"Primary review: lighting, compatibility, update, or balance patch records are not authoritative devotional sources; defining content records are reviewed separately.",,REJECTED
1b36c6e641e1ca62,NQ083,NQ,Gameplay - Wet and Cold,FurArmorSetSE (FrostFall Aware) - Update,FurSet by keung.esp,D:\Wabbajack\modlists\ARR 2.5\mods\FurArmorSetSE (FrostFall Aware) - Update\FurSet by keung.esp,SIGNAL:015E47:FurSet by keung.esp,SIGNAL,read,ObjectEffect,015E47:FurSet by keung.esp,EnchReligiousAzura_45,,,,Direct selected-signature raw-file enumeration.,ARMO:225|ENCH:51|KYWD:13,NO-ROWS,"Primary review: lighting, compatibility, update, or balance patch records are not authoritative devotional sources; defining content records are reviewed separately.",,REJECTED
1b36c6e641e1ca62,NQ083,NQ,Gameplay - Wet and Cold,FurArmorSetSE (FrostFall Aware) - Update,FurSet by keung.esp,D:\Wabbajack\modlists\ARR 2.5\mods\FurArmorSetSE (FrostFall Aware) - Update\FurSet by keung.esp,SIGNAL:015E58:FurSet by keung.esp,SIGNAL,read,ObjectEffect,015E58:FurSet by keung.esp,EnchNecromancersAmulet_Minor,,,,Direct selected-signature raw-file enumeration.,ARMO:225|ENCH:51|KYWD:13,NO-ROWS,"Primary review: lighting, compatibility, update, or balance patch records are not authoritative devotional sources; defining content records are reviewed separately.",,REJECTED
1b36c6e641e1ca62,NQ083,NQ,Gameplay - Wet and Cold,FurArmorSetSE (FrostFall Aware) - Update,FurSet by keung.esp,D:\Wabbajack\modlists\ARR 2.5\mods\FurArmorSetSE (FrostFall Aware) - Update\FurSet by keung.esp,SIGNAL:015E5B:FurSet by keung.esp,SIGNAL,read,ObjectEffect,015E5B:FurSet by keung.esp,EnchReligiousNocturnal_05x2,,,,Direct selected-signature raw-file enumeration.,ARMO:225|ENCH:51|KYWD:13,NO-ROWS,"Primary review: lighting, compatibility, update, or balance patch records are not authoritative devotional sources; defining content records are reviewed separately.",,REJECTED
1b36c6e641e1ca62,NQ083,NQ,Gameplay - Wet and Cold,FurArmorSetSE (FrostFall Aware) - Update,FurSet by keung.esp,D:\Wabbajack\modlists\ARR 2.5\mods\FurArmorSetSE (FrostFall Aware) - Update\FurSet by keung.esp,SIGNAL:015E5C:FurSet by keung.esp,SIGNAL,read,ObjectEffect,015E5C:FurSet by keung.esp,EnchReligiousNocturnal_10x2,,,,Direct selected-signature raw-file enumeration.,ARMO:225|ENCH:51|KYWD:13,NO-ROWS,"Primary review: lighting, compatibility, update, or balance patch records are not authoritative devotional sources; defining content records are reviewed separately.",,REJECTED
1b36c6e641e1ca62,NQ083,NQ,Gameplay - Wet and Cold,FurArmorSetSE (FrostFall Aware) - Update,FurSet by keung.esp,D:\Wabbajack\modlists\ARR 2.5\mods\FurArmorSetSE (FrostFall Aware) - Update\FurSet by keung.esp,SIGNAL:015E5D:FurSet by keung.esp,SIGNAL,read,ObjectEffect,015E5D:FurSet by keung.esp,EnchReligiousNocturnal_15x2,,,,Direct selected-signature raw-file enumeration.,ARMO:225|ENCH:51|KYWD:13,NO-ROWS,"Primary review: lighting, compatibility, update, or balance patch records are not authoritative devotional sources; defining content records are reviewed separately.",,REJECTED
1b36c6e641e1ca62,NQ083,NQ,Gameplay - Wet and Cold,FurArmorSetSE (FrostFall Aware) - Update,FurSet by keung.esp,D:\Wabbajack\modlists\ARR 2.5\mods\FurArmorSetSE (FrostFall Aware) - Update\FurSet by keung.esp,SIGNAL:015E5E:FurSet by keung.esp,SIGNAL,read,ObjectEffect,015E5E:FurSet by keung.esp,EnchReligiousNocturnal_20x2,,,,Direct selected-signature raw-file enumeration.,ARMO:225|ENCH:51|KYWD:13,NO-ROWS,"Primary review: lighting, compatibility, update, or balance patch records are not authoritative devotional sources; defining content records are reviewed separately.",,REJECTED
1b36c6e641e1ca62,NQ083,NQ,Gameplay - Wet and Cold,FurArmorSetSE (FrostFall Aware) - Update,FurSet by keung.esp,D:\Wabbajack\modlists\ARR 2.5\mods\FurArmorSetSE (FrostFall Aware) - Update\FurSet by keung.esp,SIGNAL:015E5F:FurSet by keung.esp,SIGNAL,read,ObjectEffect,015E5F:FurSet by keung.esp,EnchReligiousNocturnal_25x2,,,,Direct selected-signature raw-file enumeration.,ARMO:225|ENCH:51|KYWD:13,NO-ROWS,"Primary review: lighting, compatibility, update, or balance patch records are not authoritative devotional sources; defining content records are reviewed separately.",,REJECTED
1b36c6e641e1ca62,NQ083,NQ,Gameplay - Wet and Cold,FurArmorSetSE (FrostFall Aware) - Update,FurSet by keung.esp,D:\Wabbajack\modlists\ARR 2.5\mods\FurArmorSetSE (FrostFall Aware) - Update\FurSet by keung.esp,SIGNAL:015E60:FurSet by keung.esp,SIGNAL,read,ObjectEffect,015E60:FurSet by keung.esp,EnchReligiousNocturnal_30x2,,,,Direct selected-signature raw-file enumeration.,ARMO:225|ENCH:51|KYWD:13,NO-ROWS,"Primary review: lighting, compatibility, update, or balance patch records are not authoritative devotional sources; defining content records are reviewed separately.",,REJECTED
1b36c6e641e1ca62,NQ083,NQ,Gameplay - Wet and Cold,FurArmorSetSE (FrostFall Aware) - Update,FurSet by keung.esp,D:\Wabbajack\modlists\ARR 2.5\mods\FurArmorSetSE (FrostFall Aware) - Update\FurSet by keung.esp,SIGNAL:015E8B:FurSet by keung.esp,SIGNAL,read,ObjectEffect,015E8B:FurSet by keung.esp,EnchReligiousNocturnal_07LP,,,,Direct selected-signature raw-file enumeration.,ARMO:225|ENCH:51|KYWD:13,NO-ROWS,"Primary review: lighting, compatibility, update, or balance patch records are not authoritative devotional sources; defining content records are reviewed separately.",,REJECTED
1b36c6e641e1ca62,NQ083,NQ,Gameplay - Wet and Cold,FurArmorSetSE (FrostFall Aware) - Update,FurSet by keung.esp,D:\Wabbajack\modlists\ARR 2.5\mods\FurArmorSetSE (FrostFall Aware) - Update\FurSet by keung.esp,SIGNAL:015E8C:FurSet by keung.esp,SIGNAL,read,ObjectEffect,015E8C:FurSet by keung.esp,EnchReligiousNocturnal_10LP,,,,Direct selected-signature raw-file enumeration.,ARMO:225|ENCH:51|KYWD:13,NO-ROWS,"Primary review: lighting, compatibility, update, or balance patch records are not authoritative devotional sources; defining content records are reviewed separately.",,REJECTED
1b36c6e641e1ca62,NQ083,NQ,Gameplay - Wet and Cold,FurArmorSetSE (FrostFall Aware) - Update,FurSet by keung.esp,D:\Wabbajack\modlists\ARR 2.5\mods\FurArmorSetSE (FrostFall Aware) - Update\FurSet by keung.esp,SIGNAL:015E8D:FurSet by keung.esp,SIGNAL,read,ObjectEffect,015E8D:FurSet by keung.esp,EnchReligiousNocturnal_12LP,,,,Direct selected-signature raw-file enumeration.,ARMO:225|ENCH:51|KYWD:13,NO-ROWS,"Primary review: lighting, compatibility, update, or balance patch records are not authoritative devotional sources; defining content records are reviewed separately.",,REJECTED
1b36c6e641e1ca62,NQ083,NQ,Gameplay - Wet and Cold,FurArmorSetSE (FrostFall Aware) - Update,FurSet by keung.esp,D:\Wabbajack\modlists\ARR 2.5\mods\FurArmorSetSE (FrostFall Aware) - Update\FurSet by keung.esp,SIGNAL:015E8E:FurSet by keung.esp,SIGNAL,read,ObjectEffect,015E8E:FurSet by keung.esp,EnchReligiousNocturnal_15LP,,,,Direct selected-signature raw-file enumeration.,ARMO:225|ENCH:51|KYWD:13,NO-ROWS,"Primary review: lighting, compatibility, update, or balance patch records are not authoritative devotional sources; defining content records are reviewed separately.",,REJECTED
1b36c6e641e1ca62,NQ083,NQ,Gameplay - Wet and Cold,FurArmorSetSE (FrostFall Aware) - Update,FurSet by keung.esp,D:\Wabbajack\modlists\ARR 2.5\mods\FurArmorSetSE (FrostFall Aware) - Update\FurSet by keung.esp,SIGNAL:015E8F:FurSet by keung.esp,SIGNAL,read,ObjectEffect,015E8F:FurSet by keung.esp,EnchReligiousNocturnal_17LP,,,,Direct selected-signature raw-file enumeration.,ARMO:225|ENCH:51|KYWD:13,NO-ROWS,"Primary review: lighting, compatibility, update, or balance patch records are not authoritative devotional sources; defining content records are reviewed separately.",,REJECTED
1b36c6e641e1ca62,NQ083,NQ,Gameplay - Wet and Cold,FurArmorSetSE (FrostFall Aware) - Update,FurSet by keung.esp,D:\Wabbajack\modlists\ARR 2.5\mods\FurArmorSetSE (FrostFall Aware) - Update\FurSet by keung.esp,SIGNAL:015E90:FurSet by keung.esp,SIGNAL,read,ObjectEffect,015E90:FurSet by keung.esp,EnchReligiousNocturnal_20LP,,,,Direct selected-signature raw-file enumeration.,ARMO:225|ENCH:51|KYWD:13,NO-ROWS,"Primary review: lighting, compatibility, update, or balance patch records are not authoritative devotional sources; defining content records are reviewed separately.",,REJECTED
1b36c6e641e1ca62,NQ083,NQ,Gameplay - Wet and Cold,FurArmorSetSE (FrostFall Aware) - Update,FurSet by keung.esp,D:\Wabbajack\modlists\ARR 2.5\mods\FurArmorSetSE (FrostFall Aware) - Update\FurSet by keung.esp,SIGNAL:015EAB:FurSet by keung.esp,SIGNAL,read,ObjectEffect,015EAB:FurSet by keung.esp,EnchReligiousSheogorth_25,,,,Direct selected-signature raw-file enumeration.,ARMO:225|ENCH:51|KYWD:13,NO-ROWS,"Primary review: lighting, compatibility, update, or balance patch records are not authoritative devotional sources; defining content records are reviewed separately.",,REJECTED
1b36c6e641e1ca62,NQ083,NQ,Gameplay - Wet and Cold,FurArmorSetSE (FrostFall Aware) - Update,FurSet by keung.esp,D:\Wabbajack\modlists\ARR 2.5\mods\FurArmorSetSE (FrostFall Aware) - Update\FurSet by keung.esp,SIGNAL:015EAC:FurSet by keung.esp,SIGNAL,read,ObjectEffect,015EAC:FurSet by keung.esp,EnchReligiousSheogorth_30,,,,Direct selected-signature raw-file enumeration.,ARMO:225|ENCH:51|KYWD:13,NO-ROWS,"Primary review: lighting, compatibility, update, or balance patch records are not authoritative devotional sources; defining content records are reviewed separately.",,REJECTED
1b36c6e641e1ca62,NQ083,NQ,Gameplay - Wet and Cold,FurArmorSetSE (FrostFall Aware) - Update,FurSet by keung.esp,D:\Wabbajack\modlists\ARR 2.5\mods\FurArmorSetSE (FrostFall Aware) - Update\FurSet by keung.esp,SIGNAL:015EAD:FurSet by keung.esp,SIGNAL,read,ObjectEffect,015EAD:FurSet by keung.esp,EnchReligiousSheogorth_35,,,,Direct selected-signature raw-file enumeration.,ARMO:225|ENCH:51|KYWD:13,NO-ROWS,"Primary review: lighting, compatibility, update, or balance patch records are not authoritative devotional sources; defining content records are reviewed separately.",,REJECTED
1b36c6e641e1ca62,NQ083,NQ,Gameplay - Wet and Cold,FurArmorSetSE (FrostFall Aware) - Update,FurSet by keung.esp,D:\Wabbajack\modlists\ARR 2.5\mods\FurArmorSetSE (FrostFall Aware) - Update\FurSet by keung.esp,SIGNAL:015EAE:FurSet by keung.esp,SIGNAL,read,ObjectEffect,015EAE:FurSet by keung.esp,EnchReligiousSheogorth_40,,,,Direct selected-signature raw-file enumeration.,ARMO:225|ENCH:51|KYWD:13,NO-ROWS,"Primary review: lighting, compatibility, update, or balance patch records are not authoritative devotional sources; defining content records are reviewed separately.",,REJECTED
1b36c6e641e1ca62,NQ083,NQ,Gameplay - Wet and Cold,FurArmorSetSE (FrostFall Aware) - Update,FurSet by keung.esp,D:\Wabbajack\modlists\ARR 2.5\mods\FurArmorSetSE (FrostFall Aware) - Update\FurSet by keung.esp,SIGNAL:015EAF:FurSet by keung.esp,SIGNAL,read,ObjectEffect,015EAF:FurSet by keung.esp,EnchReligiousSheogorth_45,,,,Direct selected-signature raw-file enumeration.,ARMO:225|ENCH:51|KYWD:13,NO-ROWS,"Primary review: lighting, compatibility, update, or balance patch records are not authoritative devotional sources; defining content records are reviewed separately.",,REJECTED
1b36c6e641e1ca62,NQ083,NQ,Gameplay - Wet and Cold,FurArmorSetSE (FrostFall Aware) - Update,FurSet by keung.esp,D:\Wabbajack\modlists\ARR 2.5\mods\FurArmorSetSE (FrostFall Aware) - Update\FurSet by keung.esp,SIGNAL:015EB0:FurSet by keung.esp,SIGNAL,read,ObjectEffect,015EB0:FurSet by keung.esp,EnchReligiousSheogorth_50,,,,Direct selected-signature raw-file enumeration.,ARMO:225|ENCH:51|KYWD:13,NO-ROWS,"Primary review: lighting, compatibility, update, or balance patch records are not authoritative devotional sources; defining content records are reviewed separately.",,REJECTED
1b36c6e641e1ca62,NQ083,NQ,Gameplay - Wet and Cold,FurArmorSetSE (FrostFall Aware) - Update,FurSet by keung.esp,D:\Wabbajack\modlists\ARR 2.5\mods\FurArmorSetSE (FrostFall Aware) - Update\FurSet by keung.esp,SIGNAL:015EBD:FurSet by keung.esp,SIGNAL,read,ObjectEffect,015EBD:FurSet by keung.esp,EnchReligiousMara_10,,,,Direct selected-signature raw-file enumeration.,ARMO:225|ENCH:51|KYWD:13,NO-ROWS,"Primary review: lighting, compatibility, update, or balance patch records are not authoritative devotional sources; defining content records are reviewed separately.",,REJECTED
1b36c6e641e1ca62,NQ083,NQ,Gameplay - Wet and Cold,FurArmorSetSE (FrostFall Aware) - Update,FurSet by keung.esp,D:\Wabbajack\modlists\ARR 2.5\mods\FurArmorSetSE (FrostFall Aware) - Update\FurSet by keung.esp,SIGNAL:015EBE:FurSet by keung.esp,SIGNAL,read,ObjectEffect,015EBE:FurSet by keung.esp,EnchReligiousStendarr_05x2,,,,Direct selected-signature raw-file enumeration.,ARMO:225|ENCH:51|KYWD:13,NO-ROWS,"Primary review: lighting, compatibility, update, or balance patch records are not authoritative devotional sources; defining content records are reviewed separately.",,REJECTED
1b36c6e641e1ca62,NQ083,NQ,Gameplay - Wet and Cold,FurArmorSetSE (FrostFall Aware) - Update,FurSet by keung.esp,D:\Wabbajack\modlists\ARR 2.5\mods\FurArmorSetSE (FrostFall Aware) - Update\FurSet by keung.esp,SIGNAL:015EC8:FurSet by keung.esp,SIGNAL,read,ObjectEffect,015EC8:FurSet by keung.esp,EnchReligiousBoethiah_W07,,,,Direct selected-signature raw-file enumeration.,ARMO:225|ENCH:51|KYWD:13,NO-ROWS,"Primary review: lighting, compatibility, update, or balance patch records are not authoritative devotional sources; defining content records are reviewed separately.",,REJECTED
1b36c6e641e1ca62,NQ083,NQ,Gameplay - Wet and Cold,FurArmorSetSE (FrostFall Aware) - Update,FurSet by keung.esp,D:\Wabbajack\modlists\ARR 2.5\mods\FurArmorSetSE (FrostFall Aware) - Update\FurSet by keung.esp,SIGNAL:015EC9:FurSet by keung.esp,SIGNAL,read,ObjectEffect,015EC9:FurSet by keung.esp,EnchReligiousBoethiah_W10,,,,Direct selected-signature raw-file enumeration.,ARMO:225|ENCH:51|KYWD:13,NO-ROWS,"Primary review: lighting, compatibility, update, or balance patch records are not authoritative devotional sources; defining content records are reviewed separately.",,REJECTED
1b36c6e641e1ca62,NQ083,NQ,Gameplay - Wet and Cold,FurArmorSetSE (FrostFall Aware) - Update,FurSet by keung.esp,D:\Wabbajack\modlists\ARR 2.5\mods\FurArmorSetSE (FrostFall Aware) - Update\FurSet by keung.esp,SIGNAL:015ECA:FurSet by keung.esp,SIGNAL,read,ObjectEffect,015ECA:FurSet by keung.esp,EnchReligiousBoethiah_W12,,,,Direct selected-signature raw-file enumeration.,ARMO:225|ENCH:51|KYWD:13,NO-ROWS,"Primary review: lighting, compatibility, update, or balance patch records are not authoritative devotional sources; defining content records are reviewed separately.",,REJECTED
1b36c6e641e1ca62,NQ083,NQ,Gameplay - Wet and Cold,FurArmorSetSE (FrostFall Aware) - Update,FurSet by keung.esp,D:\Wabbajack\modlists\ARR 2.5\mods\FurArmorSetSE (FrostFall Aware) - Update\FurSet by keung.esp,SIGNAL:015ECB:FurSet by keung.esp,SIGNAL,read,ObjectEffect,015ECB:FurSet by keung.esp,EnchReligiousBoethiah_W15,,,,Direct selected-signature raw-file enumeration.,ARMO:225|ENCH:51|KYWD:13,NO-ROWS,"Primary review: lighting, compatibility, update, or balance patch records are not authoritative devotional sources; defining content records are reviewed separately.",,REJECTED
1b36c6e641e1ca62,NQ083,NQ,Gameplay - Wet and Cold,FurArmorSetSE (FrostFall Aware) - Update,FurSet by keung.esp,D:\Wabbajack\modlists\ARR 2.5\mods\FurArmorSetSE (FrostFall Aware) - Update\FurSet by keung.esp,SIGNAL:015ECC:FurSet by keung.esp,SIGNAL,read,ObjectEffect,015ECC:FurSet by keung.esp,EnchReligiousBoethiah_W17,,,,Direct selected-signature raw-file enumeration.,ARMO:225|ENCH:51|KYWD:13,NO-ROWS,"Primary review: lighting, compatibility, update, or balance patch records are not authoritative devotional sources; defining content records are reviewed separately.",,REJECTED
1b36c6e641e1ca62,NQ083,NQ,Gameplay - Wet and Cold,FurArmorSetSE (FrostFall Aware) - Update,FurSet by keung.esp,D:\Wabbajack\modlists\ARR 2.5\mods\FurArmorSetSE (FrostFall Aware) - Update\FurSet by keung.esp,SIGNAL:015ECD:FurSet by keung.esp,SIGNAL,read,ObjectEffect,015ECD:FurSet by keung.esp,EnchReligiousBoethiah_W20,,,,Direct selected-signature raw-file enumeration.,ARMO:225|ENCH:51|KYWD:13,NO-ROWS,"Primary review: lighting, compatibility, update, or balance patch records are not authoritative devotional sources; defining content records are reviewed separately.",,REJECTED
1b36c6e641e1ca62,NQ083,NQ,Gameplay - Wet and Cold,FurArmorSetSE (FrostFall Aware) - Update,FurSet by keung.esp,D:\Wabbajack\modlists\ARR 2.5\mods\FurArmorSetSE (FrostFall Aware) - Update\FurSet by keung.esp,SIGNAL:CC0E0F:Update.esm,SIGNAL,read,Keyword,CC0E0F:Update.esm,FrostfallWarmthPoor,,,,Direct selected-signature raw-file enumeration.,ARMO:225|ENCH:51|KYWD:13,NO-ROWS,"Primary review: lighting, compatibility, update, or balance patch records are not authoritative devotional sources; defining content records are reviewed separately.",,REJECTED
1b36c6e641e1ca62,NQ083,NQ,Gameplay - Wet and Cold,FurArmorSetSE (FrostFall Aware) - Update,FurSet by keung.esp,D:\Wabbajack\modlists\ARR 2.5\mods\FurArmorSetSE (FrostFall Aware) - Update\FurSet by keung.esp,SIGNAL:CC0E11:Update.esm,SIGNAL,read,Keyword,CC0E11:Update.esm,FrostfallWarmthFair,,,,Direct selected-signature raw-file enumeration.,ARMO:225|ENCH:51|KYWD:13,NO-ROWS,"Primary review: lighting, compatibility, update, or balance patch records are not authoritative devotional sources; defining content records are reviewed separately.",,REJECTED
1b36c6e641e1ca62,NQ083,NQ,Gameplay - Wet and Cold,FurArmorSetSE (FrostFall Aware) - Update,FurSet by keung.esp,D:\Wabbajack\modlists\ARR 2.5\mods\FurArmorSetSE (FrostFall Aware) - Update\FurSet by keung.esp,SIGNAL:CC0E12:Update.esm,SIGNAL,read,Keyword,CC0E12:Update.esm,FrostfallWarmthGood,,,,Direct selected-signature raw-file enumeration.,ARMO:225|ENCH:51|KYWD:13,NO-ROWS,"Primary review: lighting, compatibility, update, or balance patch records are not authoritative devotional sources; defining content records are reviewed separately.",,REJECTED
1b36c6e641e1ca62,NQ083,NQ,Gameplay - Wet and Cold,FurArmorSetSE (FrostFall Aware) - Update,FurSet by keung.esp,D:\Wabbajack\modlists\ARR 2.5\mods\FurArmorSetSE (FrostFall Aware) - Update\FurSet by keung.esp,SIGNAL:CC0E13:Update.esm,SIGNAL,read,Keyword,CC0E13:Update.esm,FrostfallWarmthExcellent,,,,Direct selected-signature raw-file enumeration.,ARMO:225|ENCH:51|KYWD:13,NO-ROWS,"Primary review: lighting, compatibility, update, or balance patch records are not authoritative devotional sources; defining content records are reviewed separately.",,REJECTED
1b36c6e641e1ca62,NQ083,NQ,Gameplay - Wet and Cold,FurArmorSetSE (FrostFall Aware) - Update,FurSet by keung.esp,D:\Wabbajack\modlists\ARR 2.5\mods\FurArmorSetSE (FrostFall Aware) - Update\FurSet by keung.esp,SIGNAL:CC0E14:Update.esm,SIGNAL,read,Keyword,CC0E14:Update.esm,FrostfallWarmthMax,,,,Direct selected-signature raw-file enumeration.,ARMO:225|ENCH:51|KYWD:13,NO-ROWS,"Primary review: lighting, compatibility, update, or balance patch records are not authoritative devotional sources; defining content records are reviewed separately.",,REJECTED
1b36c6e641e1ca62,NQ083,NQ,Gameplay - Wet and Cold,FurArmorSetSE (FrostFall Aware) - Update,FurSet by keung.esp,D:\Wabbajack\modlists\ARR 2.5\mods\FurArmorSetSE (FrostFall Aware) - Update\FurSet by keung.esp,SIGNAL:CC0E15:Update.esm,SIGNAL,read,Keyword,CC0E15:Update.esm,FrostfallCoveragePoor,,,,Direct selected-signature raw-file enumeration.,ARMO:225|ENCH:51|KYWD:13,NO-ROWS,"Primary review: lighting, compatibility, update, or balance patch records are not authoritative devotional sources; defining content records are reviewed separately.",,REJECTED
1b36c6e641e1ca62,NQ083,NQ,Gameplay - Wet and Cold,FurArmorSetSE (FrostFall Aware) - Update,FurSet by keung.esp,D:\Wabbajack\modlists\ARR 2.5\mods\FurArmorSetSE (FrostFall Aware) - Update\FurSet by keung.esp,SIGNAL:CC0E17:Update.esm,SIGNAL,read,Keyword,CC0E17:Update.esm,FrostfallCoverageFair,,,,Direct selected-signature raw-file enumeration.,ARMO:225|ENCH:51|KYWD:13,NO-ROWS,"Primary review: lighting, compatibility, update, or balance patch records are not authoritative devotional sources; defining content records are reviewed separately.",,REJECTED
1b36c6e641e1ca62,NQ083,NQ,Gameplay - Wet and Cold,FurArmorSetSE (FrostFall Aware) - Update,FurSet by keung.esp,D:\Wabbajack\modlists\ARR 2.5\mods\FurArmorSetSE (FrostFall Aware) - Update\FurSet by keung.esp,SIGNAL:CC0E18:Update.esm,SIGNAL,read,Keyword,CC0E18:Update.esm,FrostfallCoverageGood,,,,Direct selected-signature raw-file enumeration.,ARMO:225|ENCH:51|KYWD:13,NO-ROWS,"Primary review: lighting, compatibility, update, or balance patch records are not authoritative devotional sources; defining content records are reviewed separately.",,REJECTED
1b36c6e641e1ca62,NQ083,NQ,Gameplay - Wet and Cold,FurArmorSetSE (FrostFall Aware) - Update,FurSet by keung.esp,D:\Wabbajack\modlists\ARR 2.5\mods\FurArmorSetSE (FrostFall Aware) - Update\FurSet by keung.esp,SIGNAL:CC0E19:Update.esm,SIGNAL,read,Keyword,CC0E19:Update.esm,FrostfallCoverageExcellent,,,,Direct selected-signature raw-file enumeration.,ARMO:225|ENCH:51|KYWD:13,NO-ROWS,"Primary review: lighting, compatibility, update, or balance patch records are not authoritative devotional sources; defining content records are reviewed separately.",,REJECTED
1b36c6e641e1ca62,NQ083,NQ,Gameplay - Wet and Cold,FurArmorSetSE (FrostFall Aware) - Update,FurSet by keung.esp,D:\Wabbajack\modlists\ARR 2.5\mods\FurArmorSetSE (FrostFall Aware) - Update\FurSet by keung.esp,SIGNAL:CC0E1A:Update.esm,SIGNAL,read,Keyword,CC0E1A:Update.esm,FrostfallCoverageMax,,,,Direct selected-signature raw-file enumeration.,ARMO:225|ENCH:51|KYWD:13,NO-ROWS,"Primary review: lighting, compatibility, update, or balance patch records are not authoritative devotional sources; defining content records are reviewed separately.",,REJECTED
1b36c6e641e1ca62,NQ083,NQ,Gameplay - Wet and Cold,FurArmorSetSE (FrostFall Aware) - Update,FurSet by keung.esp,D:\Wabbajack\modlists\ARR 2.5\mods\FurArmorSetSE (FrostFall Aware) - Update\FurSet by keung.esp,SIGNAL:CC0E1E:Update.esm,SIGNAL,read,Keyword,CC0E1E:Update.esm,FrostfallIsCloakFur,,,,Direct selected-signature raw-file enumeration.,ARMO:225|ENCH:51|KYWD:13,NO-ROWS,"Primary review: lighting, compatibility, update, or balance patch records are not authoritative devotional sources; defining content records are reviewed separately.",,REJECTED
1b36c6e641e1ca62,NQ083,NQ,Gameplay - Wet and Cold,FurArmorSetSE (FrostFall Aware) - Update,FurSet by keung.esp,D:\Wabbajack\modlists\ARR 2.5\mods\FurArmorSetSE (FrostFall Aware) - Update\FurSet by keung.esp,SIGNAL:CC0E20:Update.esm,SIGNAL,read,Keyword,CC0E20:Update.esm,FrostfallIsWarmAccessory,,,,Direct selected-signature raw-file enumeration.,ARMO:225|ENCH:51|KYWD:13,NO-ROWS,"Primary review: lighting, compatibility, update, or balance patch records are not authoritative devotional sources; defining content records are reviewed separately.",,REJECTED
1b36c6e641e1ca62,NQ083,NQ,Gameplay - Wet and Cold,FurArmorSetSE (FrostFall Aware) - Update,FurSet by keung.esp,D:\Wabbajack\modlists\ARR 2.5\mods\FurArmorSetSE (FrostFall Aware) - Update\FurSet by keung.esp,SIGNAL:CC0E28:Update.esm,SIGNAL,read,Keyword,CC0E28:Update.esm,FrostfallEnableKeywordProtection,,,,Direct selected-signature raw-file enumeration.,ARMO:225|ENCH:51|KYWD:13,NO-ROWS,"Primary review: lighting, compatibility, update, or balance patch records are not authoritative devotional sources; defining content records are reviewed separately.",,REJECTED
ad8f37e7b8ee6dc2,NQ083,NQ,Gameplay - Wet and Cold,HDT-SMP Cloaks and Capes for Wet and Cold,SMP Cloaks and Capes for Wet and Cold.esp,D:\Wabbajack\modlists\ARR 2.5\mods\HDT-SMP Cloaks and Capes for Wet and Cold\SMP Cloaks and Capes for Wet and Cold.esp,PLUGIN,PLUGIN-SUMMARY,read,,,,,,,Direct signal candidate enumeration: 12,ARMO:12,NO-ROWS,"Primary review: cosmetic armor, visual resource, ingredient replacer, outfit distribution, or miscellaneous support records do not encode a distinct player devotional act.",,REJECTED
ad8f37e7b8ee6dc2,NQ083,NQ,Gameplay - Wet and Cold,HDT-SMP Cloaks and Capes for Wet and Cold,SMP Cloaks and Capes for Wet and Cold.esp,D:\Wabbajack\modlists\ARR 2.5\mods\HDT-SMP Cloaks and Capes for Wet and Cold\SMP Cloaks and Capes for Wet and Cold.esp,SIGNAL:0CB0B2:WetandCold.esp,SIGNAL,read,Armor,0CB0B2:WetandCold.esp,_WetCloakFur2,,,,Direct selected-signature raw-file enumeration.,ARMO:12,NO-ROWS,"Primary review: cosmetic armor, visual resource, ingredient replacer, outfit distribution, or miscellaneous support records do not encode a distinct player devotional act.",,REJECTED
ad8f37e7b8ee6dc2,NQ083,NQ,Gameplay - Wet and Cold,HDT-SMP Cloaks and Capes for Wet and Cold,SMP Cloaks and Capes for Wet and Cold.esp,D:\Wabbajack\modlists\ARR 2.5\mods\HDT-SMP Cloaks and Capes for Wet and Cold\SMP Cloaks and Capes for Wet and Cold.esp,SIGNAL:0CB0B9:WetandCold.esp,SIGNAL,read,Armor,0CB0B9:WetandCold.esp,_WetCloakFur2_Black,,,,Direct selected-signature raw-file enumeration.,ARMO:12,NO-ROWS,"Primary review: cosmetic armor, visual resource, ingredient replacer, outfit distribution, or miscellaneous support records do not encode a distinct player devotional act.",,REJECTED
ad8f37e7b8ee6dc2,NQ083,NQ,Gameplay - Wet and Cold,HDT-SMP Cloaks and Capes for Wet and Cold,SMP Cloaks and Capes for Wet and Cold.esp,D:\Wabbajack\modlists\ARR 2.5\mods\HDT-SMP Cloaks and Capes for Wet and Cold\SMP Cloaks and Capes for Wet and Cold.esp,SIGNAL:0CB0BA:WetandCold.esp,SIGNAL,read,Armor,0CB0BA:WetandCold.esp,_WetCloakFur2_Brown,,,,Direct selected-signature raw-file enumeration.,ARMO:12,NO-ROWS,"Primary review: cosmetic armor, visual resource, ingredient replacer, outfit distribution, or miscellaneous support records do not encode a distinct player devotional act.",,REJECTED
ad8f37e7b8ee6dc2,NQ083,NQ,Gameplay - Wet and Cold,HDT-SMP Cloaks and Capes for Wet and Cold,SMP Cloaks and Capes for Wet and Cold.esp,D:\Wabbajack\modlists\ARR 2.5\mods\HDT-SMP Cloaks and Capes for Wet and Cold\SMP Cloaks and Capes for Wet and Cold.esp,SIGNAL:0CB0BB:WetandCold.esp,SIGNAL,read,Armor,0CB0BB:WetandCold.esp,_WetCloakFur2_Gray,,,,Direct selected-signature raw-file enumeration.,ARMO:12,NO-ROWS,"Primary review: cosmetic armor, visual resource, ingredient replacer, outfit distribution, or miscellaneous support records do not encode a distinct player devotional act.",,REJECTED
ad8f37e7b8ee6dc2,NQ083,NQ,Gameplay - Wet and Cold,HDT-SMP Cloaks and Capes for Wet and Cold,SMP Cloaks and Capes for Wet and Cold.esp,D:\Wabbajack\modlists\ARR 2.5\mods\HDT-SMP Cloaks and Capes for Wet and Cold\SMP Cloaks and Capes for Wet and Cold.esp,SIGNAL:0D21E0:WetandCold.esp,SIGNAL,read,Armor,0D21E0:WetandCold.esp,_WetCloak1,,,,Direct selected-signature raw-file enumeration.,ARMO:12,NO-ROWS,"Primary review: cosmetic armor, visual resource, ingredient replacer, outfit distribution, or miscellaneous support records do not encode a distinct player devotional act.",,REJECTED
ad8f37e7b8ee6dc2,NQ083,NQ,Gameplay - Wet and Cold,HDT-SMP Cloaks and Capes for Wet and Cold,SMP Cloaks and Capes for Wet and Cold.esp,D:\Wabbajack\modlists\ARR 2.5\mods\HDT-SMP Cloaks and Capes for Wet and Cold\SMP Cloaks and Capes for Wet and Cold.esp,SIGNAL:0D21E9:WetandCold.esp,SIGNAL,read,Armor,0D21E9:WetandCold.esp,_WetCloak1_Black,,,,Direct selected-signature raw-file enumeration.,ARMO:12,NO-ROWS,"Primary review: cosmetic armor, visual resource, ingredient replacer, outfit distribution, or miscellaneous support records do not encode a distinct player devotional act.",,REJECTED
ad8f37e7b8ee6dc2,NQ083,NQ,Gameplay - Wet and Cold,HDT-SMP Cloaks and Capes for Wet and Cold,SMP Cloaks and Capes for Wet and Cold.esp,D:\Wabbajack\modlists\ARR 2.5\mods\HDT-SMP Cloaks and Capes for Wet and Cold\SMP Cloaks and Capes for Wet and Cold.esp,SIGNAL:0D3217:WetandCold.esp,SIGNAL,read,Armor,0D3217:WetandCold.esp,_WetCloak1_Gray,,,,Direct selected-signature raw-file enumeration.,ARMO:12,NO-ROWS,"Primary review: cosmetic armor, visual resource, ingredient replacer, outfit distribution, or miscellaneous support records do not encode a distinct player devotional act.",,REJECTED
ad8f37e7b8ee6dc2,NQ083,NQ,Gameplay - Wet and Cold,HDT-SMP Cloaks and Capes for Wet and Cold,SMP Cloaks and Capes for Wet and Cold.esp,D:\Wabbajack\modlists\ARR 2.5\mods\HDT-SMP Cloaks and Capes for Wet and Cold\SMP Cloaks and Capes for Wet and Cold.esp,SIGNAL:0D3218:WetandCold.esp,SIGNAL,read,Armor,0D3218:WetandCold.esp,_WetCloak1_Red,,,,Direct selected-signature raw-file enumeration.,ARMO:12,NO-ROWS,"Primary review: cosmetic armor, visual resource, ingredient replacer, outfit distribution, or miscellaneous support records do not encode a distinct player devotional act.",,REJECTED
ad8f37e7b8ee6dc2,NQ083,NQ,Gameplay - Wet and Cold,HDT-SMP Cloaks and Capes for Wet and Cold,SMP Cloaks and Capes for Wet and Cold.esp,D:\Wabbajack\modlists\ARR 2.5\mods\HDT-SMP Cloaks and Capes for Wet and Cold\SMP Cloaks and Capes for Wet and Cold.esp,SIGNAL:0D3219:WetandCold.esp,SIGNAL,read,Armor,0D3219:WetandCold.esp,_WetCloak1_Yellow,,,,Direct selected-signature raw-file enumeration.,ARMO:12,NO-ROWS,"Primary review: cosmetic armor, visual resource, ingredient replacer, outfit distribution, or miscellaneous support records do not encode a distinct player devotional act.",,REJECTED
ad8f37e7b8ee6dc2,NQ083,NQ,Gameplay - Wet and Cold,HDT-SMP Cloaks and Capes for Wet and Cold,SMP Cloaks and Capes for Wet and Cold.esp,D:\Wabbajack\modlists\ARR 2.5\mods\HDT-SMP Cloaks and Capes for Wet and Cold\SMP Cloaks and Capes for Wet and Cold.esp,SIGNAL:0D321A:WetandCold.esp,SIGNAL,read,Armor,0D321A:WetandCold.esp,_WetCloak1_Green,,,,Direct selected-signature raw-file enumeration.,ARMO:12,NO-ROWS,"Primary review: cosmetic armor, visual resource, ingredient replacer, outfit distribution, or miscellaneous support records do not encode a distinct player devotional act.",,REJECTED
ad8f37e7b8ee6dc2,NQ083,NQ,Gameplay - Wet and Cold,HDT-SMP Cloaks and Capes for Wet and Cold,SMP Cloaks and Capes for Wet and Cold.esp,D:\Wabbajack\modlists\ARR 2.5\mods\HDT-SMP Cloaks and Capes for Wet and Cold\SMP Cloaks and Capes for Wet and Cold.esp,SIGNAL:0D321B:WetandCold.esp,SIGNAL,read,Armor,0D321B:WetandCold.esp,_WetCloak1_Blue,,,,Direct selected-signature raw-file enumeration.,ARMO:12,NO-ROWS,"Primary review: cosmetic armor, visual resource, ingredient replacer, outfit distribution, or miscellaneous support records do not encode a distinct player devotional act.",,REJECTED
ad8f37e7b8ee6dc2,NQ083,NQ,Gameplay - Wet and Cold,HDT-SMP Cloaks and Capes for Wet and Cold,SMP Cloaks and Capes for Wet and Cold.esp,D:\Wabbajack\modlists\ARR 2.5\mods\HDT-SMP Cloaks and Capes for Wet and Cold\SMP Cloaks and Capes for Wet and Cold.esp,SIGNAL:0D321C:WetandCold.esp,SIGNAL,read,Armor,0D321C:WetandCold.esp,_WetCloak1_Purple,,,,Direct selected-signature raw-file enumeration.,ARMO:12,NO-ROWS,"Primary review: cosmetic armor, visual resource, ingredient replacer, outfit distribution, or miscellaneous support records do not encode a distinct player devotional act.",,REJECTED
b1244483e76e88ee,NQ083,NQ,Gameplay - Wet and Cold,More Scarves - CBBE 3BA,moe-scarves.esl,D:\Wabbajack\modlists\ARR 2.5\mods\More Scarves - CBBE 3BA\moe-scarves.esl,PLUGIN,PLUGIN-SUMMARY,read,,,,,,,Direct signal candidate enumeration: 12,ARMO:12,NO-ROWS,"Primary review: cosmetic armor, visual resource, ingredient replacer, outfit distribution, or miscellaneous support records do not encode a distinct player devotional act.",,REJECTED
b1244483e76e88ee,NQ083,NQ,Gameplay - Wet and Cold,More Scarves - CBBE 3BA,moe-scarves.esl,D:\Wabbajack\modlists\ARR 2.5\mods\More Scarves - CBBE 3BA\moe-scarves.esl,SIGNAL:000803:moe-scarves.esl,SIGNAL,read,Armor,000803:moe-scarves.esl,_MOE_scarf001aAM,,,,Direct selected-signature raw-file enumeration.,ARMO:12,NO-ROWS,"Primary review: cosmetic armor, visual resource, ingredient replacer, outfit distribution, or miscellaneous support records do not encode a distinct player devotional act.",,REJECTED
b1244483e76e88ee,NQ083,NQ,Gameplay - Wet and Cold,More Scarves - CBBE 3BA,moe-scarves.esl,D:\Wabbajack\modlists\ARR 2.5\mods\More Scarves - CBBE 3BA\moe-scarves.esl,SIGNAL:000805:moe-scarves.esl,SIGNAL,read,Armor,000805:moe-scarves.esl,_MOE_cape001AM,,,,Direct selected-signature raw-file enumeration.,ARMO:12,NO-ROWS,"Primary review: cosmetic armor, visual resource, ingredient replacer, outfit distribution, or miscellaneous support records do not encode a distinct player devotional act.",,REJECTED
b1244483e76e88ee,NQ083,NQ,Gameplay - Wet and Cold,More Scarves - CBBE 3BA,moe-scarves.esl,D:\Wabbajack\modlists\ARR 2.5\mods\More Scarves - CBBE 3BA\moe-scarves.esl,SIGNAL:000807:moe-scarves.esl,SIGNAL,read,Armor,000807:moe-scarves.esl,_MOE_scarf002AM,,,,Direct selected-signature raw-file enumeration.,ARMO:12,NO-ROWS,"Primary review: cosmetic armor, visual resource, ingredient replacer, outfit distribution, or miscellaneous support records do not encode a distinct player devotional act.",,REJECTED
b1244483e76e88ee,NQ083,NQ,Gameplay - Wet and Cold,More Scarves - CBBE 3BA,moe-scarves.esl,D:\Wabbajack\modlists\ARR 2.5\mods\More Scarves - CBBE 3BA\moe-scarves.esl,SIGNAL:000809:moe-scarves.esl,SIGNAL,read,Armor,000809:moe-scarves.esl,_MOE_cape002gAM,,,,Direct selected-signature raw-file enumeration.,ARMO:12,NO-ROWS,"Primary review: cosmetic armor, visual resource, ingredient replacer, outfit distribution, or miscellaneous support records do not encode a distinct player devotional act.",,REJECTED
b1244483e76e88ee,NQ083,NQ,Gameplay - Wet and Cold,More Scarves - CBBE 3BA,moe-scarves.esl,D:\Wabbajack\modlists\ARR 2.5\mods\More Scarves - CBBE 3BA\moe-scarves.esl,SIGNAL:00080B:moe-scarves.esl,SIGNAL,read,Armor,00080B:moe-scarves.esl,_MOE_neck001AM,,,,Direct selected-signature raw-file enumeration.,ARMO:12,NO-ROWS,"Primary review: cosmetic armor, visual resource, ingredient replacer, outfit distribution, or miscellaneous support records do not encode a distinct player devotional act.",,REJECTED
b1244483e76e88ee,NQ083,NQ,Gameplay - Wet and Cold,More Scarves - CBBE 3BA,moe-scarves.esl,D:\Wabbajack\modlists\ARR 2.5\mods\More Scarves - CBBE 3BA\moe-scarves.esl,SIGNAL:00080D:moe-scarves.esl,SIGNAL,read,Armor,00080D:moe-scarves.esl,_MOE_cape002rAM,,,,Direct selected-signature raw-file enumeration.,ARMO:12,NO-ROWS,"Primary review: cosmetic armor, visual resource, ingredient replacer, outfit distribution, or miscellaneous support records do not encode a distinct player devotional act.",,REJECTED
b1244483e76e88ee,NQ083,NQ,Gameplay - Wet and Cold,More Scarves - CBBE 3BA,moe-scarves.esl,D:\Wabbajack\modlists\ARR 2.5\mods\More Scarves - CBBE 3BA\moe-scarves.esl,SIGNAL:000810:moe-scarves.esl,SIGNAL,read,Armor,000810:moe-scarves.esl,_MOE_scarf004AM,,,,Direct selected-signature raw-file enumeration.,ARMO:12,NO-ROWS,"Primary review: cosmetic armor, visual resource, ingredient replacer, outfit distribution, or miscellaneous support records do not encode a distinct player devotional act.",,REJECTED
b1244483e76e88ee,NQ083,NQ,Gameplay - Wet and Cold,More Scarves - CBBE 3BA,moe-scarves.esl,D:\Wabbajack\modlists\ARR 2.5\mods\More Scarves - CBBE 3BA\moe-scarves.esl,SIGNAL:000813:moe-scarves.esl,SIGNAL,read,Armor,000813:moe-scarves.esl,_MOE_scarf004bAM,,,,Direct selected-signature raw-file enumeration.,ARMO:12,NO-ROWS,"Primary review: cosmetic armor, visual resource, ingredient replacer, outfit distribution, or miscellaneous support records do not encode a distinct player devotional act.",,REJECTED
b1244483e76e88ee,NQ083,NQ,Gameplay - Wet and Cold,More Scarves - CBBE 3BA,moe-scarves.esl,D:\Wabbajack\modlists\ARR 2.5\mods\More Scarves - CBBE 3BA\moe-scarves.esl,SIGNAL:000815:moe-scarves.esl,SIGNAL,read,Armor,000815:moe-scarves.esl,_MOE_scarf006pAM,,,,Direct selected-signature raw-file enumeration.,ARMO:12,NO-ROWS,"Primary review: cosmetic armor, visual resource, ingredient replacer, outfit distribution, or miscellaneous support records do not encode a distinct player devotional act.",,REJECTED
b1244483e76e88ee,NQ083,NQ,Gameplay - Wet and Cold,More Scarves - CBBE 3BA,moe-scarves.esl,D:\Wabbajack\modlists\ARR 2.5\mods\More Scarves - CBBE 3BA\moe-scarves.esl,SIGNAL:000818:moe-scarves.esl,SIGNAL,read,Armor,000818:moe-scarves.esl,_MOE_scarf006gAM,,,,Direct selected-signature raw-file enumeration.,ARMO:12,NO-ROWS,"Primary review: cosmetic armor, visual resource, ingredient replacer, outfit distribution, or miscellaneous support records do not encode a distinct player devotional act.",,REJECTED
b1244483e76e88ee,NQ083,NQ,Gameplay - Wet and Cold,More Scarves - CBBE 3BA,moe-scarves.esl,D:\Wabbajack\modlists\ARR 2.5\mods\More Scarves - CBBE 3BA\moe-scarves.esl,SIGNAL:00081A:moe-scarves.esl,SIGNAL,read,Armor,00081A:moe-scarves.esl,_MOE_scarf006bAM,,,,Direct selected-signature raw-file enumeration.,ARMO:12,NO-ROWS,"Primary review: cosmetic armor, visual resource, ingredient replacer, outfit distribution, or miscellaneous support records do not encode a distinct player devotional act.",,REJECTED
b1244483e76e88ee,NQ083,NQ,Gameplay - Wet and Cold,More Scarves - CBBE 3BA,moe-scarves.esl,D:\Wabbajack\modlists\ARR 2.5\mods\More Scarves - CBBE 3BA\moe-scarves.esl,SIGNAL:00081D:moe-scarves.esl,SIGNAL,read,Armor,00081D:moe-scarves.esl,_MOE_scarf001bAM,,,,Direct selected-signature raw-file enumeration.,ARMO:12,NO-ROWS,"Primary review: cosmetic armor, visual resource, ingredient replacer, outfit distribution, or miscellaneous support records do not encode a distinct player devotional act.",,REJECTED
9ddbca7052ab709e,NQ083,NQ,Interface - HUD,Follower Stats - Simply Order Summons,Follower Stats - Simply Order Summons.esp,D:\Wabbajack\modlists\ARR 2.5\mods\Follower Stats - Simply Order Summons\Follower Stats - Simply Order Summons.esp,PLUGIN,PLUGIN-SUMMARY,read,,,,,,,Direct signal candidate enumeration: 1,PERK:1,NO-ROWS,"Primary review: cosmetic armor, visual resource, ingredient replacer, outfit distribution, or miscellaneous support records do not encode a distinct player devotional act.",,REJECTED
9ddbca7052ab709e,NQ083,NQ,Interface - HUD,Follower Stats - Simply Order Summons,Follower Stats - Simply Order Summons.esp,D:\Wabbajack\modlists\ARR 2.5\mods\Follower Stats - Simply Order Summons\Follower Stats - Simply Order Summons.esp,SIGNAL:000800:talkToSummons.esp,SIGNAL,read,Perk,000800:talkToSummons.esp,talkToSummonsPerk,,,,Direct selected-signature raw-file enumeration.,PERK:1,NO-ROWS,"Primary review: cosmetic armor, visual resource, ingredient replacer, outfit distribution, or miscellaneous support records do not encode a distinct player devotional act.",,REJECTED
340656d1686945a4,NQ083,NQ,Interface - HUD,Lorebox - Requiem armor bonus addon,Lorebox Requiem Armor Bonus addon.esp,D:\Wabbajack\modlists\ARR 2.5\mods\Lorebox - Requiem armor bonus addon\Lorebox Requiem Armor Bonus addon.esp,PLUGIN,PLUGIN-SUMMARY,read,,,,,,,Direct signal candidate enumeration: 26,KYWD:26,NO-ROWS,"Primary review: lighting, compatibility, update, or balance patch records are not authoritative devotional sources; defining content records are reviewed separately.",,REJECTED
340656d1686945a4,NQ083,NQ,Interface - HUD,Lorebox - Requiem armor bonus addon,Lorebox Requiem Armor Bonus addon.esp,D:\Wabbajack\modlists\ARR 2.5\mods\Lorebox - Requiem armor bonus addon\Lorebox Requiem Armor Bonus addon.esp,SIGNAL:000801:Lorebox Requiem Armor Bonus addon.esp,SIGNAL,read,Keyword,000801:Lorebox Requiem Armor Bonus addon.esp,LoreBox_RequiemAKAVIRIARMOR,,,,Direct selected-signature raw-file enumeration.,KYWD:26,NO-ROWS,"Primary review: lighting, compatibility, update, or balance patch records are not authoritative devotional sources; defining content records are reviewed separately.",,REJECTED
340656d1686945a4,NQ083,NQ,Interface - HUD,Lorebox - Requiem armor bonus addon,Lorebox Requiem Armor Bonus addon.esp,D:\Wabbajack\modlists\ARR 2.5\mods\Lorebox - Requiem armor bonus addon\Lorebox Requiem Armor Bonus addon.esp,SIGNAL:000802:Lorebox Requiem Armor Bonus addon.esp,SIGNAL,read,Keyword,000802:Lorebox Requiem Armor Bonus addon.esp,LoreBox_RequiemANCIENTFALMERARMOR,,,,Direct selected-signature raw-file enumeration.,KYWD:26,NO-ROWS,"Primary review: lighting, compatibility, update, or balance patch records are not authoritative devotional sources; defining content records are reviewed separately.",,REJECTED
340656d1686945a4,NQ083,NQ,Interface - HUD,Lorebox - Requiem armor bonus addon,Lorebox Requiem Armor Bonus addon.esp,D:\Wabbajack\modlists\ARR 2.5\mods\Lorebox - Requiem armor bonus addon\Lorebox Requiem Armor Bonus addon.esp,SIGNAL:000803:Lorebox Requiem Armor Bonus addon.esp,SIGNAL,read,Keyword,000803:Lorebox Requiem Armor Bonus addon.esp,LoreBox_RequiemCHAINMAILARMOR,,,,Direct selected-signature raw-file enumeration.,KYWD:26,NO-ROWS,"Primary review: lighting, compatibility, update, or balance patch records are not authoritative devotional sources; defining content records are reviewed separately.",,REJECTED
340656d1686945a4,NQ083,NQ,Interface - HUD,Lorebox - Requiem armor bonus addon,Lorebox Requiem Armor Bonus addon.esp,D:\Wabbajack\modlists\ARR 2.5\mods\Lorebox - Requiem armor bonus addon\Lorebox Requiem Armor Bonus addon.esp,SIGNAL:000804:Lorebox Requiem Armor Bonus addon.esp,SIGNAL,read,Keyword,000804:Lorebox Requiem Armor Bonus addon.esp,LoreBox_RequiemCHITINARMORHEAVY,,,,Direct selected-signature raw-file enumeration.,KYWD:26,NO-ROWS,"Primary review: lighting, compatibility, update, or balance patch records are not authoritative devotional sources; defining content records are reviewed separately.",,REJECTED
340656d1686945a4,NQ083,NQ,Interface - HUD,Lorebox - Requiem armor bonus addon,Lorebox Requiem Armor Bonus addon.esp,D:\Wabbajack\modlists\ARR 2.5\mods\Lorebox - Requiem armor bonus addon\Lorebox Requiem Armor Bonus addon.esp,SIGNAL:000805:Lorebox Requiem Armor Bonus addon.esp,SIGNAL,read,Keyword,000805:Lorebox Requiem Armor Bonus addon.esp,LoreBox_RequiemCHITINARMORLIGHT,,,,Direct selected-signature raw-file enumeration.,KYWD:26,NO-ROWS,"Primary review: lighting, compatibility, update, or balance patch records are not authoritative devotional sources; defining content records are reviewed separately.",,REJECTED
340656d1686945a4,NQ083,NQ,Interface - HUD,Lorebox - Requiem armor bonus addon,Lorebox Requiem Armor Bonus addon.esp,D:\Wabbajack\modlists\ARR 2.5\mods\Lorebox - Requiem armor bonus addon\Lorebox Requiem Armor Bonus addon.esp,SIGNAL:000806:Lorebox Requiem Armor Bonus addon.esp,SIGNAL,read,Keyword,000806:Lorebox Requiem Armor Bonus addon.esp,LoreBox_RequiemDAEDRICARMORHEAVY,,,,Direct selected-signature raw-file enumeration.,KYWD:26,NO-ROWS,"Primary review: lighting, compatibility, update, or balance patch records are not authoritative devotional sources; defining content records are reviewed separately.",,REJECTED
340656d1686945a4,NQ083,NQ,Interface - HUD,Lorebox - Requiem armor bonus addon,Lorebox Requiem Armor Bonus addon.esp,D:\Wabbajack\modlists\ARR 2.5\mods\Lorebox - Requiem armor bonus addon\Lorebox Requiem Armor Bonus addon.esp,SIGNAL:000807:Lorebox Requiem Armor Bonus addon.esp,SIGNAL,read,Keyword,000807:Lorebox Requiem Armor Bonus addon.esp,LoreBox_RequiemDAWNGUARDARMORHEAVY,,,,Direct selected-signature raw-file enumeration.,KYWD:26,NO-ROWS,"Primary review: lighting, compatibility, update, or balance patch records are not authoritative devotional sources; defining content records are reviewed separately.",,REJECTED
340656d1686945a4,NQ083,NQ,Interface - HUD,Lorebox - Requiem armor bonus addon,Lorebox Requiem Armor Bonus addon.esp,D:\Wabbajack\modlists\ARR 2.5\mods\Lorebox - Requiem armor bonus addon\Lorebox Requiem Armor Bonus addon.esp,SIGNAL:000808:Lorebox Requiem Armor Bonus addon.esp,SIGNAL,read,Keyword,000808:Lorebox Requiem Armor Bonus addon.esp,LoreBox_RequiemDAWNGUARDARMORLIGHT,,,,Direct selected-signature raw-file enumeration.,KYWD:26,NO-ROWS,"Primary review: lighting, compatibility, update, or balance patch records are not authoritative devotional sources; defining content records are reviewed separately.",,REJECTED
340656d1686945a4,NQ083,NQ,Interface - HUD,Lorebox - Requiem armor bonus addon,Lorebox Requiem Armor Bonus addon.esp,D:\Wabbajack\modlists\ARR 2.5\mods\Lorebox - Requiem armor bonus addon\Lorebox Requiem Armor Bonus addon.esp,SIGNAL:000809:Lorebox Requiem Armor Bonus addon.esp,SIGNAL,read,Keyword,000809:Lorebox Requiem Armor Bonus addon.esp,LoreBox_RequiemDRAGONPLATEARMOR,,,,Direct selected-signature raw-file enumeration.,KYWD:26,NO-ROWS,"Primary review: lighting, compatibility, update, or balance patch records are not authoritative devotional sources; defining content records are reviewed separately.",,REJECTED
340656d1686945a4,NQ083,NQ,Interface - HUD,Lorebox - Requiem armor bonus addon,Lorebox Requiem Armor Bonus addon.esp,D:\Wabbajack\modlists\ARR 2.5\mods\Lorebox - Requiem armor bonus addon\Lorebox Requiem Armor Bonus addon.esp,SIGNAL:00080A:Lorebox Requiem Armor Bonus addon.esp,SIGNAL,read,Keyword,00080A:Lorebox Requiem Armor Bonus addon.esp,LoreBox_RequiemDRAGONSCALEARMOR,,,,Direct selected-signature raw-file enumeration.,KYWD:26,NO-ROWS,"Primary review: lighting, compatibility, update, or balance patch records are not authoritative devotional sources; defining content records are reviewed separately.",,REJECTED
340656d1686945a4,NQ083,NQ,Interface - HUD,Lorebox - Requiem armor bonus addon,Lorebox Requiem Armor Bonus addon.esp,D:\Wabbajack\modlists\ARR 2.5\mods\Lorebox - Requiem armor bonus addon\Lorebox Requiem Armor Bonus addon.esp,SIGNAL:00080B:Lorebox Requiem Armor Bonus addon.esp,SIGNAL,read,Keyword,00080B:Lorebox Requiem Armor Bonus addon.esp,LoreBox_RequiemDWARVENARMORHEAVY,,,,Direct selected-signature raw-file enumeration.,KYWD:26,NO-ROWS,"Primary review: lighting, compatibility, update, or balance patch records are not authoritative devotional sources; defining content records are reviewed separately.",,REJECTED
340656d1686945a4,NQ083,NQ,Interface - HUD,Lorebox - Requiem armor bonus addon,Lorebox Requiem Armor Bonus addon.esp,D:\Wabbajack\modlists\ARR 2.5\mods\Lorebox - Requiem armor bonus addon\Lorebox Requiem Armor Bonus addon.esp,SIGNAL:00080C:Lorebox Requiem Armor Bonus addon.esp,SIGNAL,read,Keyword,00080C:Lorebox Requiem Armor Bonus addon.esp,LoreBox_RequiemDWARVENARMORLIGHT,,,,Direct selected-signature raw-file enumeration.,KYWD:26,NO-ROWS,"Primary review: lighting, compatibility, update, or balance patch records are not authoritative devotional sources; defining content records are reviewed separately.",,REJECTED
340656d1686945a4,NQ083,NQ,Interface - HUD,Lorebox - Requiem armor bonus addon,Lorebox Requiem Armor Bonus addon.esp,D:\Wabbajack\modlists\ARR 2.5\mods\Lorebox - Requiem armor bonus addon\Lorebox Requiem Armor Bonus addon.esp,SIGNAL:00080D:Lorebox Requiem Armor Bonus addon.esp,SIGNAL,read,Keyword,00080D:Lorebox Requiem Armor Bonus addon.esp,LoreBox_RequiemEBONYARMOR,,,,Direct selected-signature raw-file enumeration.,KYWD:26,NO-ROWS,"Primary review: lighting, compatibility, update, or balance patch records are not authoritative devotional sources; defining content records are reviewed separately.",,REJECTED
340656d1686945a4,NQ083,NQ,Interface - HUD,Lorebox - Requiem armor bonus addon,Lorebox Requiem Armor Bonus addon.esp,D:\Wabbajack\modlists\ARR 2.5\mods\Lorebox - Requiem armor bonus addon\Lorebox Requiem Armor Bonus addon.esp,SIGNAL:00080E:Lorebox Requiem Armor Bonus addon.esp,SIGNAL,read,Keyword,00080E:Lorebox Requiem Armor Bonus addon.esp,LoreBox_RequiemELVENARMOR,,,,Direct selected-signature raw-file enumeration.,KYWD:26,NO-ROWS,"Primary review: lighting, compatibility, update, or balance patch records are not authoritative devotional sources; defining content records are reviewed separately.",,REJECTED
340656d1686945a4,NQ083,NQ,Interface - HUD,Lorebox - Requiem armor bonus addon,Lorebox Requiem Armor Bonus addon.esp,D:\Wabbajack\modlists\ARR 2.5\mods\Lorebox - Requiem armor bonus addon\Lorebox Requiem Armor Bonus addon.esp,SIGNAL:00080F:Lorebox Requiem Armor Bonus addon.esp,SIGNAL,read,Keyword,00080F:Lorebox Requiem Armor Bonus addon.esp,LoreBox_RequiemFALMERARMORHEAVY,,,,Direct selected-signature raw-file enumeration.,KYWD:26,NO-ROWS,"Primary review: lighting, compatibility, update, or balance patch records are not authoritative devotional sources; defining content records are reviewed separately.",,REJECTED
340656d1686945a4,NQ083,NQ,Interface - HUD,Lorebox - Requiem armor bonus addon,Lorebox Requiem Armor Bonus addon.esp,D:\Wabbajack\modlists\ARR 2.5\mods\Lorebox - Requiem armor bonus addon\Lorebox Requiem Armor Bonus addon.esp,SIGNAL:000810:Lorebox Requiem Armor Bonus addon.esp,SIGNAL,read,Keyword,000810:Lorebox Requiem Armor Bonus addon.esp,LoreBox_RequiemFALMERARMORLIGHT,,,,Direct selected-signature raw-file enumeration.,KYWD:26,NO-ROWS,"Primary review: lighting, compatibility, update, or balance patch records are not authoritative devotional sources; defining content records are reviewed separately.",,REJECTED
340656d1686945a4,NQ083,NQ,Interface - HUD,Lorebox - Requiem armor bonus addon,Lorebox Requiem Armor Bonus addon.esp,D:\Wabbajack\modlists\ARR 2.5\mods\Lorebox - Requiem armor bonus addon\Lorebox Requiem Armor Bonus addon.esp,SIGNAL:000811:Lorebox Requiem Armor Bonus addon.esp,SIGNAL,read,Keyword,000811:Lorebox Requiem Armor Bonus addon.esp,LoreBox_RequiemGLASSARMOR,,,,Direct selected-signature raw-file enumeration.,KYWD:26,NO-ROWS,"Primary review: lighting, compatibility, update, or balance patch records are not authoritative devotional sources; defining content records are reviewed separately.",,REJECTED
340656d1686945a4,NQ083,NQ,Interface - HUD,Lorebox - Requiem armor bonus addon,Lorebox Requiem Armor Bonus addon.esp,D:\Wabbajack\modlists\ARR 2.5\mods\Lorebox - Requiem armor bonus addon\Lorebox Requiem Armor Bonus addon.esp,SIGNAL:000812:Lorebox Requiem Armor Bonus addon.esp,SIGNAL,read,Keyword,000812:Lorebox Requiem Armor Bonus addon.esp,LoreBox_RequiemIMPERIALOFFICER,,,,Direct selected-signature raw-file enumeration.,KYWD:26,NO-ROWS,"Primary review: lighting, compatibility, update, or balance patch records are not authoritative devotional sources; defining content records are reviewed separately.",,REJECTED
340656d1686945a4,NQ083,NQ,Interface - HUD,Lorebox - Requiem armor bonus addon,Lorebox Requiem Armor Bonus addon.esp,D:\Wabbajack\modlists\ARR 2.5\mods\Lorebox - Requiem armor bonus addon\Lorebox Requiem Armor Bonus addon.esp,SIGNAL:000813:Lorebox Requiem Armor Bonus addon.esp,SIGNAL,read,Keyword,000813:Lorebox Requiem Armor Bonus addon.esp,LoreBox_RequiemNETCHLEATHERARMOR,,,,Direct selected-signature raw-file enumeration.,KYWD:26,NO-ROWS,"Primary review: lighting, compatibility, update, or balance patch records are not authoritative devotional sources; defining content records are reviewed separately.",,REJECTED
340656d1686945a4,NQ083,NQ,Interface - HUD,Lorebox - Requiem armor bonus addon,Lorebox Requiem Armor Bonus addon.esp,D:\Wabbajack\modlists\ARR 2.5\mods\Lorebox - Requiem armor bonus addon\Lorebox Requiem Armor Bonus addon.esp,SIGNAL:000814:Lorebox Requiem Armor Bonus addon.esp,SIGNAL,read,Keyword,000814:Lorebox Requiem Armor Bonus addon.esp,LoreBox_RequiemQUICKSILVERARMOR,,,,Direct selected-signature raw-file enumeration.,KYWD:26,NO-ROWS,"Primary review: lighting, compatibility, update, or balance patch records are not authoritative devotional sources; defining content records are reviewed separately.",,REJECTED
340656d1686945a4,NQ083,NQ,Interface - HUD,Lorebox - Requiem armor bonus addon,Lorebox Requiem Armor Bonus addon.esp,D:\Wabbajack\modlists\ARR 2.5\mods\Lorebox - Requiem armor bonus addon\Lorebox Requiem Armor Bonus addon.esp,SIGNAL:000815:Lorebox Requiem Armor Bonus addon.esp,SIGNAL,read,Keyword,000815:Lorebox Requiem Armor Bonus addon.esp,LoreBox_RequiemSTALHRIMARMORHEAVY,,,,Direct selected-signature raw-file enumeration.,KYWD:26,NO-ROWS,"Primary review: lighting, compatibility, update, or balance patch records are not authoritative devotional sources; defining content records are reviewed separately.",,REJECTED
340656d1686945a4,NQ083,NQ,Interface - HUD,Lorebox - Requiem armor bonus addon,Lorebox Requiem Armor Bonus addon.esp,D:\Wabbajack\modlists\ARR 2.5\mods\Lorebox - Requiem armor bonus addon\Lorebox Requiem Armor Bonus addon.esp,SIGNAL:000816:Lorebox Requiem Armor Bonus addon.esp,SIGNAL,read,Keyword,000816:Lorebox Requiem Armor Bonus addon.esp,LoreBox_RequiemSTALHRIMARMORLIGHT,,,,Direct selected-signature raw-file enumeration.,KYWD:26,NO-ROWS,"Primary review: lighting, compatibility, update, or balance patch records are not authoritative devotional sources; defining content records are reviewed separately.",,REJECTED
340656d1686945a4,NQ083,NQ,Interface - HUD,Lorebox - Requiem armor bonus addon,Lorebox Requiem Armor Bonus addon.esp,D:\Wabbajack\modlists\ARR 2.5\mods\Lorebox - Requiem armor bonus addon\Lorebox Requiem Armor Bonus addon.esp,SIGNAL:000817:Lorebox Requiem Armor Bonus addon.esp,SIGNAL,read,Keyword,000817:Lorebox Requiem Armor Bonus addon.esp,LoreBox_RequiemSTEELPLATEARMOR,,,,Direct selected-signature raw-file enumeration.,KYWD:26,NO-ROWS,"Primary review: lighting, compatibility, update, or balance patch records are not authoritative devotional sources; defining content records are reviewed separately.",,REJECTED
340656d1686945a4,NQ083,NQ,Interface - HUD,Lorebox - Requiem armor bonus addon,Lorebox Requiem Armor Bonus addon.esp,D:\Wabbajack\modlists\ARR 2.5\mods\Lorebox - Requiem armor bonus addon\Lorebox Requiem Armor Bonus addon.esp,SIGNAL:000818:Lorebox Requiem Armor Bonus addon.esp,SIGNAL,read,Keyword,000818:Lorebox Requiem Armor Bonus addon.esp,LoreBox_RequiemSTORMCLOAKOFFICER,,,,Direct selected-signature raw-file enumeration.,KYWD:26,NO-ROWS,"Primary review: lighting, compatibility, update, or balance patch records are not authoritative devotional sources; defining content records are reviewed separately.",,REJECTED
340656d1686945a4,NQ083,NQ,Interface - HUD,Lorebox - Requiem armor bonus addon,Lorebox Requiem Armor Bonus addon.esp,D:\Wabbajack\modlists\ARR 2.5\mods\Lorebox - Requiem armor bonus addon\Lorebox Requiem Armor Bonus addon.esp,SIGNAL:000819:Lorebox Requiem Armor Bonus addon.esp,SIGNAL,read,Keyword,000819:Lorebox Requiem Armor Bonus addon.esp,LoreBox_RequiemVAMPIREARMOR,,,,Direct selected-signature raw-file enumeration.,KYWD:26,NO-ROWS,"Primary review: lighting, compatibility, update, or balance patch records are not authoritative devotional sources; defining content records are reviewed separately.",,REJECTED
340656d1686945a4,NQ083,NQ,Interface - HUD,Lorebox - Requiem armor bonus addon,Lorebox Requiem Armor Bonus addon.esp,D:\Wabbajack\modlists\ARR 2.5\mods\Lorebox - Requiem armor bonus addon\Lorebox Requiem Armor Bonus addon.esp,SIGNAL:00081A:Lorebox Requiem Armor Bonus addon.esp,SIGNAL,read,Keyword,00081A:Lorebox Requiem Armor Bonus addon.esp,LoreBox_RequiemVIGILANTARMOR,,,,Direct selected-signature raw-file enumeration.,KYWD:26,NO-ROWS,"Primary review: lighting, compatibility, update, or balance patch records are not authoritative devotional sources; defining content records are reviewed separately.",,REJECTED
c32e85399d03ca90,NQ083,NQ,Interface - HUD,Lorebox - Requiem armor bonus addon,Requiem Armor Insight.esp,D:\Wabbajack\modlists\ARR 2.5\mods\Lorebox - Requiem armor bonus addon\Requiem Armor Insight.esp,PLUGIN,PLUGIN-SUMMARY,read,,,,,,,Direct signal candidate enumeration: 20,KYWD:20,NO-ROWS,"Primary review: lighting, compatibility, update, or balance patch records are not authoritative devotional sources; defining content records are reviewed separately.",,REJECTED
c32e85399d03ca90,NQ083,NQ,Interface - HUD,Lorebox - Requiem armor bonus addon,Requiem Armor Insight.esp,D:\Wabbajack\modlists\ARR 2.5\mods\Lorebox - Requiem armor bonus addon\Requiem Armor Insight.esp,SIGNAL:000001:Requiem Armor Insight.esp,SIGNAL,read,Keyword,000001:Requiem Armor Insight.esp,LoreBox_REQ_Armor_Resistance_Blunt_Tier1,,,,Direct selected-signature raw-file enumeration.,KYWD:20,NO-ROWS,"Primary review: lighting, compatibility, update, or balance patch records are not authoritative devotional sources; defining content records are reviewed separately.",,REJECTED
c32e85399d03ca90,NQ083,NQ,Interface - HUD,Lorebox - Requiem armor bonus addon,Requiem Armor Insight.esp,D:\Wabbajack\modlists\ARR 2.5\mods\Lorebox - Requiem armor bonus addon\Requiem Armor Insight.esp,SIGNAL:000002:Requiem Armor Insight.esp,SIGNAL,read,Keyword,000002:Requiem Armor Insight.esp,LoreBox_REQ_Armor_Resistance_Blunt_Tier2,,,,Direct selected-signature raw-file enumeration.,KYWD:20,NO-ROWS,"Primary review: lighting, compatibility, update, or balance patch records are not authoritative devotional sources; defining content records are reviewed separately.",,REJECTED
c32e85399d03ca90,NQ083,NQ,Interface - HUD,Lorebox - Requiem armor bonus addon,Requiem Armor Insight.esp,D:\Wabbajack\modlists\ARR 2.5\mods\Lorebox - Requiem armor bonus addon\Requiem Armor Insight.esp,SIGNAL:000003:Requiem Armor Insight.esp,SIGNAL,read,Keyword,000003:Requiem Armor Insight.esp,LoreBox_REQ_Armor_Resistance_Blunt_Tier3,,,,Direct selected-signature raw-file enumeration.,KYWD:20,NO-ROWS,"Primary review: lighting, compatibility, update, or balance patch records are not authoritative devotional sources; defining content records are reviewed separately.",,REJECTED
c32e85399d03ca90,NQ083,NQ,Interface - HUD,Lorebox - Requiem armor bonus addon,Requiem Armor Insight.esp,D:\Wabbajack\modlists\ARR 2.5\mods\Lorebox - Requiem armor bonus addon\Requiem Armor Insight.esp,SIGNAL:000004:Requiem Armor Insight.esp,SIGNAL,read,Keyword,000004:Requiem Armor Insight.esp,LoreBox_REQ_Armor_Resistance_Blunt_Tier4,,,,Direct selected-signature raw-file enumeration.,KYWD:20,NO-ROWS,"Primary review: lighting, compatibility, update, or balance patch records are not authoritative devotional sources; defining content records are reviewed separately.",,REJECTED
c32e85399d03ca90,NQ083,NQ,Interface - HUD,Lorebox - Requiem armor bonus addon,Requiem Armor Insight.esp,D:\Wabbajack\modlists\ARR 2.5\mods\Lorebox - Requiem armor bonus addon\Requiem Armor Insight.esp,SIGNAL:000005:Requiem Armor Insight.esp,SIGNAL,read,Keyword,000005:Requiem Armor Insight.esp,LoreBox_REQ_Armor_Resistance_Blunt_Tier5,,,,Direct selected-signature raw-file enumeration.,KYWD:20,NO-ROWS,"Primary review: lighting, compatibility, update, or balance patch records are not authoritative devotional sources; defining content records are reviewed separately.",,REJECTED
c32e85399d03ca90,NQ083,NQ,Interface - HUD,Lorebox - Requiem armor bonus addon,Requiem Armor Insight.esp,D:\Wabbajack\modlists\ARR 2.5\mods\Lorebox - Requiem armor bonus addon\Requiem Armor Insight.esp,SIGNAL:000006:Requiem Armor Insight.esp,SIGNAL,read,Keyword,000006:Requiem Armor Insight.esp,LoreBox_REQ_Armor_Resistance_Pierce_Tier1,,,,Direct selected-signature raw-file enumeration.,KYWD:20,NO-ROWS,"Primary review: lighting, compatibility, update, or balance patch records are not authoritative devotional sources; defining content records are reviewed separately.",,REJECTED
c32e85399d03ca90,NQ083,NQ,Interface - HUD,Lorebox - Requiem armor bonus addon,Requiem Armor Insight.esp,D:\Wabbajack\modlists\ARR 2.5\mods\Lorebox - Requiem armor bonus addon\Requiem Armor Insight.esp,SIGNAL:000007:Requiem Armor Insight.esp,SIGNAL,read,Keyword,000007:Requiem Armor Insight.esp,LoreBox_REQ_Armor_Resistance_Pierce_Tier2,,,,Direct selected-signature raw-file enumeration.,KYWD:20,NO-ROWS,"Primary review: lighting, compatibility, update, or balance patch records are not authoritative devotional sources; defining content records are reviewed separately.",,REJECTED
c32e85399d03ca90,NQ083,NQ,Interface - HUD,Lorebox - Requiem armor bonus addon,Requiem Armor Insight.esp,D:\Wabbajack\modlists\ARR 2.5\mods\Lorebox - Requiem armor bonus addon\Requiem Armor Insight.esp,SIGNAL:000008:Requiem Armor Insight.esp,SIGNAL,read,Keyword,000008:Requiem Armor Insight.esp,LoreBox_REQ_Armor_Resistance_Pierce_Tier3,,,,Direct selected-signature raw-file enumeration.,KYWD:20,NO-ROWS,"Primary review: lighting, compatibility, update, or balance patch records are not authoritative devotional sources; defining content records are reviewed separately.",,REJECTED
c32e85399d03ca90,NQ083,NQ,Interface - HUD,Lorebox - Requiem armor bonus addon,Requiem Armor Insight.esp,D:\Wabbajack\modlists\ARR 2.5\mods\Lorebox - Requiem armor bonus addon\Requiem Armor Insight.esp,SIGNAL:000009:Requiem Armor Insight.esp,SIGNAL,read,Keyword,000009:Requiem Armor Insight.esp,LoreBox_REQ_Armor_Resistance_Pierce_Tier4,,,,Direct selected-signature raw-file enumeration.,KYWD:20,NO-ROWS,"Primary review: lighting, compatibility, update, or balance patch records are not authoritative devotional sources; defining content records are reviewed separately.",,REJECTED
c32e85399d03ca90,NQ083,NQ,Interface - HUD,Lorebox - Requiem armor bonus addon,Requiem Armor Insight.esp,D:\Wabbajack\modlists\ARR 2.5\mods\Lorebox - Requiem armor bonus addon\Requiem Armor Insight.esp,SIGNAL:00000A:Requiem Armor Insight.esp,SIGNAL,read,Keyword,00000A:Requiem Armor Insight.esp,LoreBox_REQ_Armor_Resistance_Pierce_Tier5,,,,Direct selected-signature raw-file enumeration.,KYWD:20,NO-ROWS,"Primary review: lighting, compatibility, update, or balance patch records are not authoritative devotional sources; defining content records are reviewed separately.",,REJECTED
c32e85399d03ca90,NQ083,NQ,Interface - HUD,Lorebox - Requiem armor bonus addon,Requiem Armor Insight.esp,D:\Wabbajack\modlists\ARR 2.5\mods\Lorebox - Requiem armor bonus addon\Requiem Armor Insight.esp,SIGNAL:00000B:Requiem Armor Insight.esp,SIGNAL,read,Keyword,00000B:Requiem Armor Insight.esp,LoreBox_REQ_Armor_Resistance_Ranged_Tier1,,,,Direct selected-signature raw-file enumeration.,KYWD:20,NO-ROWS,"Primary review: lighting, compatibility, update, or balance patch records are not authoritative devotional sources; defining content records are reviewed separately.",,REJECTED
c32e85399d03ca90,NQ083,NQ,Interface - HUD,Lorebox - Requiem armor bonus addon,Requiem Armor Insight.esp,D:\Wabbajack\modlists\ARR 2.5\mods\Lorebox - Requiem armor bonus addon\Requiem Armor Insight.esp,SIGNAL:00000C:Requiem Armor Insight.esp,SIGNAL,read,Keyword,00000C:Requiem Armor Insight.esp,LoreBox_REQ_Armor_Resistance_Ranged_Tier2,,,,Direct selected-signature raw-file enumeration.,KYWD:20,NO-ROWS,"Primary review: lighting, compatibility, update, or balance patch records are not authoritative devotional sources; defining content records are reviewed separately.",,REJECTED
c32e85399d03ca90,NQ083,NQ,Interface - HUD,Lorebox - Requiem armor bonus addon,Requiem Armor Insight.esp,D:\Wabbajack\modlists\ARR 2.5\mods\Lorebox - Requiem armor bonus addon\Requiem Armor Insight.esp,SIGNAL:00000D:Requiem Armor Insight.esp,SIGNAL,read,Keyword,00000D:Requiem Armor Insight.esp,LoreBox_REQ_Armor_Resistance_Ranged_Tier3,,,,Direct selected-signature raw-file enumeration.,KYWD:20,NO-ROWS,"Primary review: lighting, compatibility, update, or balance patch records are not authoritative devotional sources; defining content records are reviewed separately.",,REJECTED
c32e85399d03ca90,NQ083,NQ,Interface - HUD,Lorebox - Requiem armor bonus addon,Requiem Armor Insight.esp,D:\Wabbajack\modlists\ARR 2.5\mods\Lorebox - Requiem armor bonus addon\Requiem Armor Insight.esp,SIGNAL:00000E:Requiem Armor Insight.esp,SIGNAL,read,Keyword,00000E:Requiem Armor Insight.esp,LoreBox_REQ_Armor_Resistance_Ranged_Tier4,,,,Direct selected-signature raw-file enumeration.,KYWD:20,NO-ROWS,"Primary review: lighting, compatibility, update, or balance patch records are not authoritative devotional sources; defining content records are reviewed separately.",,REJECTED
c32e85399d03ca90,NQ083,NQ,Interface - HUD,Lorebox - Requiem armor bonus addon,Requiem Armor Insight.esp,D:\Wabbajack\modlists\ARR 2.5\mods\Lorebox - Requiem armor bonus addon\Requiem Armor Insight.esp,SIGNAL:00000F:Requiem Armor Insight.esp,SIGNAL,read,Keyword,00000F:Requiem Armor Insight.esp,LoreBox_REQ_Armor_Resistance_Ranged_Tier5,,,,Direct selected-signature raw-file enumeration.,KYWD:20,NO-ROWS,"Primary review: lighting, compatibility, update, or balance patch records are not authoritative devotional sources; defining content records are reviewed separately.",,REJECTED
c32e85399d03ca90,NQ083,NQ,Interface - HUD,Lorebox - Requiem armor bonus addon,Requiem Armor Insight.esp,D:\Wabbajack\modlists\ARR 2.5\mods\Lorebox - Requiem armor bonus addon\Requiem Armor Insight.esp,SIGNAL:000010:Requiem Armor Insight.esp,SIGNAL,read,Keyword,000010:Requiem Armor Insight.esp,LoreBox_REQ_Armor_Resistance_Slash_Tier1,,,,Direct selected-signature raw-file enumeration.,KYWD:20,NO-ROWS,"Primary review: lighting, compatibility, update, or balance patch records are not authoritative devotional sources; defining content records are reviewed separately.",,REJECTED
c32e85399d03ca90,NQ083,NQ,Interface - HUD,Lorebox - Requiem armor bonus addon,Requiem Armor Insight.esp,D:\Wabbajack\modlists\ARR 2.5\mods\Lorebox - Requiem armor bonus addon\Requiem Armor Insight.esp,SIGNAL:000011:Requiem Armor Insight.esp,SIGNAL,read,Keyword,000011:Requiem Armor Insight.esp,LoreBox_REQ_Armor_Resistance_Slash_Tier2,,,,Direct selected-signature raw-file enumeration.,KYWD:20,NO-ROWS,"Primary review: lighting, compatibility, update, or balance patch records are not authoritative devotional sources; defining content records are reviewed separately.",,REJECTED
c32e85399d03ca90,NQ083,NQ,Interface - HUD,Lorebox - Requiem armor bonus addon,Requiem Armor Insight.esp,D:\Wabbajack\modlists\ARR 2.5\mods\Lorebox - Requiem armor bonus addon\Requiem Armor Insight.esp,SIGNAL:000012:Requiem Armor Insight.esp,SIGNAL,read,Keyword,000012:Requiem Armor Insight.esp,LoreBox_REQ_Armor_Resistance_Slash_Tier3,,,,Direct selected-signature raw-file enumeration.,KYWD:20,NO-ROWS,"Primary review: lighting, compatibility, update, or balance patch records are not authoritative devotional sources; defining content records are reviewed separately.",,REJECTED
c32e85399d03ca90,NQ083,NQ,Interface - HUD,Lorebox - Requiem armor bonus addon,Requiem Armor Insight.esp,D:\Wabbajack\modlists\ARR 2.5\mods\Lorebox - Requiem armor bonus addon\Requiem Armor Insight.esp,SIGNAL:000013:Requiem Armor Insight.esp,SIGNAL,read,Keyword,000013:Requiem Armor Insight.esp,LoreBox_REQ_Armor_Resistance_Slash_Tier4,,,,Direct selected-signature raw-file enumeration.,KYWD:20,NO-ROWS,"Primary review: lighting, compatibility, update, or balance patch records are not authoritative devotional sources; defining content records are reviewed separately.",,REJECTED
c32e85399d03ca90,NQ083,NQ,Interface - HUD,Lorebox - Requiem armor bonus addon,Requiem Armor Insight.esp,D:\Wabbajack\modlists\ARR 2.5\mods\Lorebox - Requiem armor bonus addon\Requiem Armor Insight.esp,SIGNAL:000014:Requiem Armor Insight.esp,SIGNAL,read,Keyword,000014:Requiem Armor Insight.esp,LoreBox_REQ_Armor_Resistance_Slash_Tier5,,,,Direct selected-signature raw-file enumeration.,KYWD:20,NO-ROWS,"Primary review: lighting, compatibility, update, or balance patch records are not authoritative devotional sources; defining content records are reviewed separately.",,REJECTED
a4a2061d91c49963,NQ083,NQ,Interface - HUD,Object Categorization Framework,OCF.esp,D:\Wabbajack\modlists\ARR 2.5\mods\Object Categorization Framework\OCF.esp,PLUGIN,PLUGIN-SUMMARY,read,,,,,,,Direct signal candidate enumeration: 755,FLST:238|KYWD:517,NO-ROWS,"Primary review: taxonomy, icon, categorization, bestiary, or UI-framework records do not encode a deliberate player devotional act or outcome.",,REJECTED
a4a2061d91c49963,NQ083,NQ,Interface - HUD,Object Categorization Framework,OCF.esp,D:\Wabbajack\modlists\ARR 2.5\mods\Object Categorization Framework\OCF.esp,SIGNAL:000A15:OCF.esp,SIGNAL,read,FormList,000A15:OCF.esp,OCF_FL_WRLD_Mundus_ExteriorSettlement,,,,Direct selected-signature raw-file enumeration.,FLST:238|KYWD:517,NO-ROWS,"Primary review: taxonomy, icon, categorization, bestiary, or UI-framework records do not encode a deliberate player devotional act or outcome.",,REJECTED
a4a2061d91c49963,NQ083,NQ,Interface - HUD,Object Categorization Framework,OCF.esp,D:\Wabbajack\modlists\ARR 2.5\mods\Object Categorization Framework\OCF.esp,SIGNAL:000A16:OCF.esp,SIGNAL,read,FormList,000A16:OCF.esp,OCF_FL_WRLD_Mundus_ExteriorWilderness,,,,Direct selected-signature raw-file enumeration.,FLST:238|KYWD:517,NO-ROWS,"Primary review: taxonomy, icon, categorization, bestiary, or UI-framework records do not encode a deliberate player devotional act or outcome.",,REJECTED
a4a2061d91c49963,NQ083,NQ,Interface - HUD,Object Categorization Framework,OCF.esp,D:\Wabbajack\modlists\ARR 2.5\mods\Object Categorization Framework\OCF.esp,SIGNAL:000A17:OCF.esp,SIGNAL,read,FormList,000A17:OCF.esp,OCF_FL_WRLD_Mundus_Exterior,,,,Direct selected-signature raw-file enumeration.,FLST:238|KYWD:517,NO-ROWS,"Primary review: taxonomy, icon, categorization, bestiary, or UI-framework records do not encode a deliberate player devotional act or outcome.",,REJECTED
a4a2061d91c49963,NQ083,NQ,Interface - HUD,Object Categorization Framework,OCF.esp,D:\Wabbajack\modlists\ARR 2.5\mods\Object Categorization Framework\OCF.esp,SIGNAL:000A18:OCF.esp,SIGNAL,read,FormList,000A18:OCF.esp,OCF_FL_WRLD_Mundus_Interior,,,,Direct selected-signature raw-file enumeration.,FLST:238|KYWD:517,NO-ROWS,"Primary review: taxonomy, icon, categorization, bestiary, or UI-framework records do not encode a deliberate player devotional act or outcome.",,REJECTED
a4a2061d91c49963,NQ083,NQ,Interface - HUD,Object Categorization Framework,OCF.esp,D:\Wabbajack\modlists\ARR 2.5\mods\Object Categorization Framework\OCF.esp,SIGNAL:000A19:OCF.esp,SIGNAL,read,FormList,000A19:OCF.esp,OCF_FL_WRLD_Mundus,,,,Direct selected-signature raw-file enumeration.,FLST:238|KYWD:517,NO-ROWS,"Primary review: taxonomy, icon, categorization, bestiary, or UI-framework records do not encode a deliberate player devotional act or outcome.",,REJECTED
a4a2061d91c49963,NQ083,NQ,Interface - HUD,Object Categorization Framework,OCF.esp,D:\Wabbajack\modlists\ARR 2.5\mods\Object Categorization Framework\OCF.esp,SIGNAL:000A1A:OCF.esp,SIGNAL,read,FormList,000A1A:OCF.esp,OCF_FL_WRLD_Aetherius,,,,Direct selected-signature raw-file enumeration.,FLST:238|KYWD:517,NO-ROWS,"Primary review: taxonomy, icon, categorization, bestiary, or UI-framework records do not encode a deliberate player devotional act or outcome.",,REJECTED
a4a2061d91c49963,NQ083,NQ,Interface - HUD,Object Categorization Framework,OCF.esp,D:\Wabbajack\modlists\ARR 2.5\mods\Object Categorization Framework\OCF.esp,SIGNAL:000A1B:OCF.esp,SIGNAL,read,FormList,000A1B:OCF.esp,OCF_FL_WRLD_Oblivion,,,,Direct selected-signature raw-file enumeration.,FLST:238|KYWD:517,NO-ROWS,"Primary review: taxonomy, icon, categorization, bestiary, or UI-framework records do not encode a deliberate player devotional act or outcome.",,REJECTED
a4a2061d91c49963,NQ083,NQ,Interface - HUD,Object Categorization Framework,OCF.esp,D:\Wabbajack\modlists\ARR 2.5\mods\Object Categorization Framework\OCF.esp,SIGNAL:000A1C:OCF.esp,SIGNAL,read,FormList,000A1C:OCF.esp,OCF_FL_WTHR_Ash,,,,Direct selected-signature raw-file enumeration.,FLST:238|KYWD:517,NO-ROWS,"Primary review: taxonomy, icon, categorization, bestiary, or UI-framework records do not encode a deliberate player devotional act or outcome.",,REJECTED
a4a2061d91c49963,NQ083,NQ,Interface - HUD,Object Categorization Framework,OCF.esp,D:\Wabbajack\modlists\ARR 2.5\mods\Object Categorization Framework\OCF.esp,SIGNAL:000A1D:OCF.esp,SIGNAL,read,FormList,000A1D:OCF.esp,OCF_FL_PROJ_Trap,,,,Direct selected-signature raw-file enumeration.,FLST:238|KYWD:517,NO-ROWS,"Primary review: taxonomy, icon, categorization, bestiary, or UI-framework records do not encode a deliberate player devotional act or outcome.",,REJECTED
a4a2061d91c49963,NQ083,NQ,Interface - HUD,Object Categorization Framework,OCF.esp,D:\Wabbajack\modlists\ARR 2.5\mods\Object Categorization Framework\OCF.esp,SIGNAL:000A1E:OCF.esp,SIGNAL,read,FormList,000A1E:OCF.esp,OCF_FL_WRLD_Test,,,,Direct selected-signature raw-file enumeration.,FLST:238|KYWD:517,NO-ROWS,"Primary review: taxonomy, icon, categorization, bestiary, or UI-framework records do not encode a deliberate player devotional act or outcome.",,REJECTED
a4a2061d91c49963,NQ083,NQ,Interface - HUD,Object Categorization Framework,OCF.esp,D:\Wabbajack\modlists\ARR 2.5\mods\Object Categorization Framework\OCF.esp,SIGNAL:000A1F:OCF.esp,SIGNAL,read,FormList,000A1F:OCF.esp,OCF_FL_CELL_Aetherius,,,,Direct selected-signature raw-file enumeration.,FLST:238|KYWD:517,NO-ROWS,"Primary review: taxonomy, icon, categorization, bestiary, or UI-framework records do not encode a deliberate player devotional act or outcome.",,REJECTED
a4a2061d91c49963,NQ083,NQ,Interface - HUD,Object Categorization Framework,OCF.esp,D:\Wabbajack\modlists\ARR 2.5\mods\Object Categorization Framework\OCF.esp,SIGNAL:000A20:OCF.esp,SIGNAL,read,FormList,000A20:OCF.esp,OCF_FL_CELL_Oblivion,,,,Direct selected-signature raw-file enumeration.,FLST:238|KYWD:517,NO-ROWS,"Primary review: taxonomy, icon, categorization, bestiary, or UI-framework records do not encode a deliberate player devotional act or outcome.",,REJECTED
a4a2061d91c49963,NQ083,NQ,Interface - HUD,Object Categorization Framework,OCF.esp,D:\Wabbajack\modlists\ARR 2.5\mods\Object Categorization Framework\OCF.esp,SIGNAL:000A21:OCF.esp,SIGNAL,read,FormList,000A21:OCF.esp,OCF_FL_CELL_Test,,,,Direct selected-signature raw-file enumeration.,FLST:238|KYWD:517,NO-ROWS,"Primary review: taxonomy, icon, categorization, bestiary, or UI-framework records do not encode a deliberate player devotional act or outcome.",,REJECTED
a4a2061d91c49963,NQ083,NQ,Interface - HUD,Object Categorization Framework,OCF.esp,D:\Wabbajack\modlists\ARR 2.5\mods\Object Categorization Framework\OCF.esp,SIGNAL:000A22:OCF.esp,SIGNAL,read,FormList,000A22:OCF.esp,OCF_FL_CONT_Barrel,,,,Direct selected-signature raw-file enumeration.,FLST:238|KYWD:517,NO-ROWS,"Primary review: taxonomy, icon, categorization, bestiary, or UI-framework records do not encode a deliberate player devotional act or outcome.",,REJECTED
a4a2061d91c49963,NQ083,NQ,Interface - HUD,Object Categorization Framework,OCF.esp,D:\Wabbajack\modlists\ARR 2.5\mods\Object Categorization Framework\OCF.esp,SIGNAL:000A23:OCF.esp,SIGNAL,read,FormList,000A23:OCF.esp,OCF_FL_CONT_Sack,,,,Direct selected-signature raw-file enumeration.,FLST:238|KYWD:517,NO-ROWS,"Primary review: taxonomy, icon, categorization, bestiary, or UI-framework records do not encode a deliberate player devotional act or outcome.",,REJECTED
a4a2061d91c49963,NQ083,NQ,Interface - HUD,Object Categorization Framework,OCF.esp,D:\Wabbajack\modlists\ARR 2.5\mods\Object Categorization Framework\OCF.esp,SIGNAL:000A24:OCF.esp,SIGNAL,read,FormList,000A24:OCF.esp,OCF_FL_LIGH_Held,,,,Direct selected-signature raw-file enumeration.,FLST:238|KYWD:517,NO-ROWS,"Primary review: taxonomy, icon, categorization, bestiary, or UI-framework records do not encode a deliberate player devotional act or outcome.",,REJECTED
a4a2061d91c49963,NQ083,NQ,Interface - HUD,Object Categorization Framework,OCF.esp,D:\Wabbajack\modlists\ARR 2.5\mods\Object Categorization Framework\OCF.esp,SIGNAL:000A25:OCF.esp,SIGNAL,read,FormList,000A25:OCF.esp,OCF_FL_LIGH_HeldTorch,,,,Direct selected-signature raw-file enumeration.,FLST:238|KYWD:517,NO-ROWS,"Primary review: taxonomy, icon, categorization, bestiary, or UI-framework records do not encode a deliberate player devotional act or outcome.",,REJECTED
a4a2061d91c49963,NQ083,NQ,Interface - HUD,Object Categorization Framework,OCF.esp,D:\Wabbajack\modlists\ARR 2.5\mods\Object Categorization Framework\OCF.esp,SIGNAL:000A26:OCF.esp,SIGNAL,read,FormList,000A26:OCF.esp,OCF_FL_LIGH_HeldCandle,,,,Direct selected-signature raw-file enumeration.,FLST:238|KYWD:517,NO-ROWS,"Primary review: taxonomy, icon, categorization, bestiary, or UI-framework records do not encode a deliberate player devotional act or outcome.",,REJECTED
a4a2061d91c49963,NQ083,NQ,Interface - HUD,Object Categorization Framework,OCF.esp,D:\Wabbajack\modlists\ARR 2.5\mods\Object Categorization Framework\OCF.esp,SIGNAL:000A27:OCF.esp,SIGNAL,read,FormList,000A27:OCF.esp,OCF_FL_LIGH_HeldEverlight,,,,Direct selected-signature raw-file enumeration.,FLST:238|KYWD:517,NO-ROWS,"Primary review: taxonomy, icon, categorization, bestiary, or UI-framework records do not encode a deliberate player devotional act or outcome.",,REJECTED
a4a2061d91c49963,NQ083,NQ,Interface - HUD,Object Categorization Framework,OCF.esp,D:\Wabbajack\modlists\ARR 2.5\mods\Object Categorization Framework\OCF.esp,SIGNAL:000A28:OCF.esp,SIGNAL,read,FormList,000A28:OCF.esp,OCF_FL_LIGH_HeldDwemer,,,,Direct selected-signature raw-file enumeration.,FLST:238|KYWD:517,NO-ROWS,"Primary review: taxonomy, icon, categorization, bestiary, or UI-framework records do not encode a deliberate player devotional act or outcome.",,REJECTED
a4a2061d91c49963,NQ083,NQ,Interface - HUD,Object Categorization Framework,OCF.esp,D:\Wabbajack\modlists\ARR 2.5\mods\Object Categorization Framework\OCF.esp,SIGNAL:000A29:OCF.esp,SIGNAL,read,FormList,000A29:OCF.esp,OCF_FL_PROJ_Ammo,,,,Direct selected-signature raw-file enumeration.,FLST:238|KYWD:517,NO-ROWS,"Primary review: taxonomy, icon, categorization, bestiary, or UI-framework records do not encode a deliberate player devotional act or outcome.",,REJECTED
a4a2061d91c49963,NQ083,NQ,Interface - HUD,Object Categorization Framework,OCF.esp,D:\Wabbajack\modlists\ARR 2.5\mods\Object Categorization Framework\OCF.esp,SIGNAL:000A2A:OCF.esp,SIGNAL,read,FormList,000A2A:OCF.esp,OCF_FL_PROJ_AmmoArrow,,,,Direct selected-signature raw-file enumeration.,FLST:238|KYWD:517,NO-ROWS,"Primary review: taxonomy, icon, categorization, bestiary, or UI-framework records do not encode a deliberate player devotional act or outcome.",,REJECTED
a4a2061d91c49963,NQ083,NQ,Interface - HUD,Object Categorization Framework,OCF.esp,D:\Wabbajack\modlists\ARR 2.5\mods\Object Categorization Framework\OCF.esp,SIGNAL:000A2B:OCF.esp,SIGNAL,read,FormList,000A2B:OCF.esp,OCF_FL_PROJ_AmmoBolt,,,,Direct selected-signature raw-file enumeration.,FLST:238|KYWD:517,NO-ROWS,"Primary review: taxonomy, icon, categorization, bestiary, or UI-framework records do not encode a deliberate player devotional act or outcome.",,REJECTED
a4a2061d91c49963,NQ083,NQ,Interface - HUD,Object Categorization Framework,OCF.esp,D:\Wabbajack\modlists\ARR 2.5\mods\Object Categorization Framework\OCF.esp,SIGNAL:000A2C:OCF.esp,SIGNAL,read,FormList,000A2C:OCF.esp,OCF_FL_PROJ_AmmoBullet,,,,Direct selected-signature raw-file enumeration.,FLST:238|KYWD:517,NO-ROWS,"Primary review: taxonomy, icon, categorization, bestiary, or UI-framework records do not encode a deliberate player devotional act or outcome.",,REJECTED
a4a2061d91c49963,NQ083,NQ,Interface - HUD,Object Categorization Framework,OCF.esp,D:\Wabbajack\modlists\ARR 2.5\mods\Object Categorization Framework\OCF.esp,SIGNAL:000A2D:OCF.esp,SIGNAL,read,FormList,000A2D:OCF.esp,OCF_FL_PROJ_AmmoDart,,,,Direct selected-signature raw-file enumeration.,FLST:238|KYWD:517,NO-ROWS,"Primary review: taxonomy, icon, categorization, bestiary, or UI-framework records do not encode a deliberate player devotional act or outcome.",,REJECTED
a4a2061d91c49963,NQ083,NQ,Interface - HUD,Object Categorization Framework,OCF.esp,D:\Wabbajack\modlists\ARR 2.5\mods\Object Categorization Framework\OCF.esp,SIGNAL:000A2E:OCF.esp,SIGNAL,read,FormList,000A2E:OCF.esp,OCF_FL_PROJ_AmmoSlingshot,,,,Direct selected-signature raw-file enumeration.,FLST:238|KYWD:517,NO-ROWS,"Primary review: taxonomy, icon, categorization, bestiary, or UI-framework records do not encode a deliberate player devotional act or outcome.",,REJECTED
a4a2061d91c49963,NQ083,NQ,Interface - HUD,Object Categorization Framework,OCF.esp,D:\Wabbajack\modlists\ARR 2.5\mods\Object Categorization Framework\OCF.esp,SIGNAL:000A2F:OCF.esp,SIGNAL,read,FormList,000A2F:OCF.esp,OCF_FL_PROJ_ElementFrostFire,,,,Direct selected-signature raw-file enumeration.,FLST:238|KYWD:517,NO-ROWS,"Primary review: taxonomy, icon, categorization, bestiary, or UI-framework records do not encode a deliberate player devotional act or outcome.",,REJECTED
a4a2061d91c49963,NQ083,NQ,Interface - HUD,Object Categorization Framework,OCF.esp,D:\Wabbajack\modlists\ARR 2.5\mods\Object Categorization Framework\OCF.esp,SIGNAL:000A30:OCF.esp,SIGNAL,read,FormList,000A30:OCF.esp,OCF_FL_PROJ_ElementFire,,,,Direct selected-signature raw-file enumeration.,FLST:238|KYWD:517,NO-ROWS,"Primary review: taxonomy, icon, categorization, bestiary, or UI-framework records do not encode a deliberate player devotional act or outcome.",,REJECTED
a4a2061d91c49963,NQ083,NQ,Interface - HUD,Object Categorization Framework,OCF.esp,D:\Wabbajack\modlists\ARR 2.5\mods\Object Categorization Framework\OCF.esp,SIGNAL:000A31:OCF.esp,SIGNAL,read,FormList,000A31:OCF.esp,OCF_FL_PROJ_ElementFrost,,,,Direct selected-signature raw-file enumeration.,FLST:238|KYWD:517,NO-ROWS,"Primary review: taxonomy, icon, categorization, bestiary, or UI-framework records do not encode a deliberate player devotional act or outcome.",,REJECTED
a4a2061d91c49963,NQ083,NQ,Interface - HUD,Object Categorization Framework,OCF.esp,D:\Wabbajack\modlists\ARR 2.5\mods\Object Categorization Framework\OCF.esp,SIGNAL:000A32:OCF.esp,SIGNAL,read,FormList,000A32:OCF.esp,OCF_FL_PROJ_ElementShock,,,,Direct selected-signature raw-file enumeration.,FLST:238|KYWD:517,NO-ROWS,"Primary review: taxonomy, icon, categorization, bestiary, or UI-framework records do not encode a deliberate player devotional act or outcome.",,REJECTED
a4a2061d91c49963,NQ083,NQ,Interface - HUD,Object Categorization Framework,OCF.esp,D:\Wabbajack\modlists\ARR 2.5\mods\Object Categorization Framework\OCF.esp,SIGNAL:000A33:OCF.esp,SIGNAL,read,FormList,000A33:OCF.esp,OCF_FL_PROJ_ElementHolySun,,,,Direct selected-signature raw-file enumeration.,FLST:238|KYWD:517,NO-ROWS,"Primary review: taxonomy, icon, categorization, bestiary, or UI-framework records do not encode a deliberate player devotional act or outcome.",,REJECTED
a4a2061d91c49963,NQ083,NQ,Interface - HUD,Object Categorization Framework,OCF.esp,D:\Wabbajack\modlists\ARR 2.5\mods\Object Categorization Framework\OCF.esp,SIGNAL:000A34:OCF.esp,SIGNAL,read,FormList,000A34:OCF.esp,OCF_FL_PROJ_ElementWater,,,,Direct selected-signature raw-file enumeration.,FLST:238|KYWD:517,NO-ROWS,"Primary review: taxonomy, icon, categorization, bestiary, or UI-framework records do not encode a deliberate player devotional act or outcome.",,REJECTED
a4a2061d91c49963,NQ083,NQ,Interface - HUD,Object Categorization Framework,OCF.esp,D:\Wabbajack\modlists\ARR 2.5\mods\Object Categorization Framework\OCF.esp,SIGNAL:000A35:OCF.esp,SIGNAL,read,FormList,000A35:OCF.esp,OCF_FL_TREE_FlorPlant,,,,Direct selected-signature raw-file enumeration.,FLST:238|KYWD:517,NO-ROWS,"Primary review: taxonomy, icon, categorization, bestiary, or UI-framework records do not encode a deliberate player devotional act or outcome.",,REJECTED
a4a2061d91c49963,NQ083,NQ,Interface - HUD,Object Categorization Framework,OCF.esp,D:\Wabbajack\modlists\ARR 2.5\mods\Object Categorization Framework\OCF.esp,SIGNAL:000A36:OCF.esp,SIGNAL,read,FormList,000A36:OCF.esp,OCF_FL_TREE_FlorPlant_Food,,,,Direct selected-signature raw-file enumeration.,FLST:238|KYWD:517,NO-ROWS,"Primary review: taxonomy, icon, categorization, bestiary, or UI-framework records do not encode a deliberate player devotional act or outcome.",,REJECTED
a4a2061d91c49963,NQ083,NQ,Interface - HUD,Object Categorization Framework,OCF.esp,D:\Wabbajack\modlists\ARR 2.5\mods\Object Categorization Framework\OCF.esp,SIGNAL:000A37:OCF.esp,SIGNAL,read,FormList,000A37:OCF.esp,OCF_FL_TREE_FlorPlant_Ingr,,,,Direct selected-signature raw-file enumeration.,FLST:238|KYWD:517,NO-ROWS,"Primary review: taxonomy, icon, categorization, bestiary, or UI-framework records do not encode a deliberate player devotional act or outcome.",,REJECTED
a4a2061d91c49963,NQ083,NQ,Interface - HUD,Object Categorization Framework,OCF.esp,D:\Wabbajack\modlists\ARR 2.5\mods\Object Categorization Framework\OCF.esp,SIGNAL:000A38:OCF.esp,SIGNAL,read,FormList,000A38:OCF.esp,OCF_FL_TREE_FlorPlant_Mushroom,,,,Direct selected-signature raw-file enumeration.,FLST:238|KYWD:517,NO-ROWS,"Primary review: taxonomy, icon, categorization, bestiary, or UI-framework records do not encode a deliberate player devotional act or outcome.",,REJECTED
a4a2061d91c49963,NQ083,NQ,Interface - HUD,Object Categorization Framework,OCF.esp,D:\Wabbajack\modlists\ARR 2.5\mods\Object Categorization Framework\OCF.esp,SIGNAL:000A39:OCF.esp,SIGNAL,read,FormList,000A39:OCF.esp,OCF_FL_TREE_FlorPlant_Nirnroot,,,,Direct selected-signature raw-file enumeration.,FLST:238|KYWD:517,NO-ROWS,"Primary review: taxonomy, icon, categorization, bestiary, or UI-framework records do not encode a deliberate player devotional act or outcome.",,REJECTED
a4a2061d91c49963,NQ083,NQ,Interface - HUD,Object Categorization Framework,OCF.esp,D:\Wabbajack\modlists\ARR 2.5\mods\Object Categorization Framework\OCF.esp,SIGNAL:000A3A:OCF.esp,SIGNAL,read,FormList,000A3A:OCF.esp,OCF_FL_TREE_WoodSource,,,,Direct selected-signature raw-file enumeration.,FLST:238|KYWD:517,NO-ROWS,"Primary review: taxonomy, icon, categorization, bestiary, or UI-framework records do not encode a deliberate player devotional act or outcome.",,REJECTED
a4a2061d91c49963,NQ083,NQ,Interface - HUD,Object Categorization Framework,OCF.esp,D:\Wabbajack\modlists\ARR 2.5\mods\Object Categorization Framework\OCF.esp,SIGNAL:000A3B:OCF.esp,SIGNAL,read,FormList,000A3B:OCF.esp,OCF_FL_TREE_FlorPlant_Other,,,,Direct selected-signature raw-file enumeration.,FLST:238|KYWD:517,NO-ROWS,"Primary review: taxonomy, icon, categorization, bestiary, or UI-framework records do not encode a deliberate player devotional act or outcome.",,REJECTED
a4a2061d91c49963,NQ083,NQ,Interface - HUD,Object Categorization Framework,OCF.esp,D:\Wabbajack\modlists\ARR 2.5\mods\Object Categorization Framework\OCF.esp,SIGNAL:000A3C:OCF.esp,SIGNAL,read,FormList,000A3C:OCF.esp,OCF_FL_TREE_FlorOther_Ingr,,,,Direct selected-signature raw-file enumeration.,FLST:238|KYWD:517,NO-ROWS,"Primary review: taxonomy, icon, categorization, bestiary, or UI-framework records do not encode a deliberate player devotional act or outcome.",,REJECTED
a4a2061d91c49963,NQ083,NQ,Interface - HUD,Object Categorization Framework,OCF.esp,D:\Wabbajack\modlists\ARR 2.5\mods\Object Categorization Framework\OCF.esp,SIGNAL:000A3D:OCF.esp,SIGNAL,read,FormList,000A3D:OCF.esp,OCF_FL_TREE_FlorOther,,,,Direct selected-signature raw-file enumeration.,FLST:238|KYWD:517,NO-ROWS,"Primary review: taxonomy, icon, categorization, bestiary, or UI-framework records do not encode a deliberate player devotional act or outcome.",,REJECTED
a4a2061d91c49963,NQ083,NQ,Interface - HUD,Object Categorization Framework,OCF.esp,D:\Wabbajack\modlists\ARR 2.5\mods\Object Categorization Framework\OCF.esp,SIGNAL:000A3E:OCF.esp,SIGNAL,read,FormList,000A3E:OCF.esp,OCF_FL_TREE_Flor,,,,Direct selected-signature raw-file enumeration.,FLST:238|KYWD:517,NO-ROWS,"Primary review: taxonomy, icon, categorization, bestiary, or UI-framework records do not encode a deliberate player devotional act or outcome.",,REJECTED
a4a2061d91c49963,NQ083,NQ,Interface - HUD,Object Categorization Framework,OCF.esp,D:\Wabbajack\modlists\ARR 2.5\mods\Object Categorization Framework\OCF.esp,SIGNAL:000A3F:OCF.esp,SIGNAL,read,FormList,000A3F:OCF.esp,OCF_FL_HAZD_ElementFire,,,,Direct selected-signature raw-file enumeration.,FLST:238|KYWD:517,NO-ROWS,"Primary review: taxonomy, icon, categorization, bestiary, or UI-framework records do not encode a deliberate player devotional act or outcome.",,REJECTED
a4a2061d91c49963,NQ083,NQ,Interface - HUD,Object Categorization Framework,OCF.esp,D:\Wabbajack\modlists\ARR 2.5\mods\Object Categorization Framework\OCF.esp,SIGNAL:000A40:OCF.esp,SIGNAL,read,FormList,000A40:OCF.esp,OCF_FL_HAZD_ElementPoison,,,,Direct selected-signature raw-file enumeration.,FLST:238|KYWD:517,NO-ROWS,"Primary review: taxonomy, icon, categorization, bestiary, or UI-framework records do not encode a deliberate player devotional act or outcome.",,REJECTED
a4a2061d91c49963,NQ083,NQ,Interface - HUD,Object Categorization Framework,OCF.esp,D:\Wabbajack\modlists\ARR 2.5\mods\Object Categorization Framework\OCF.esp,SIGNAL:000A41:OCF.esp,SIGNAL,read,FormList,000A41:OCF.esp,OCF_FL_HAZD_ElementFrost,,,,Direct selected-signature raw-file enumeration.,FLST:238|KYWD:517,NO-ROWS,"Primary review: taxonomy, icon, categorization, bestiary, or UI-framework records do not encode a deliberate player devotional act or outcome.",,REJECTED
a4a2061d91c49963,NQ083,NQ,Interface - HUD,Object Categorization Framework,OCF.esp,D:\Wabbajack\modlists\ARR 2.5\mods\Object Categorization Framework\OCF.esp,SIGNAL:000A42:OCF.esp,SIGNAL,read,FormList,000A42:OCF.esp,OCF_FL_HAZD_ElementShock,,,,Direct selected-signature raw-file enumeration.,FLST:238|KYWD:517,NO-ROWS,"Primary review: taxonomy, icon, categorization, bestiary, or UI-framework records do not encode a deliberate player devotional act or outcome.",,REJECTED
a4a2061d91c49963,NQ083,NQ,Interface - HUD,Object Categorization Framework,OCF.esp,D:\Wabbajack\modlists\ARR 2.5\mods\Object Categorization Framework\OCF.esp,SIGNAL:000A43:OCF.esp,SIGNAL,read,FormList,000A43:OCF.esp,OCF_FL_PROJ_ElementPoison,,,,Direct selected-signature raw-file enumeration.,FLST:238|KYWD:517,NO-ROWS,"Primary review: taxonomy, icon, categorization, bestiary, or UI-framework records do not encode a deliberate player devotional act or outcome.",,REJECTED
a4a2061d91c49963,NQ083,NQ,Interface - HUD,Object Categorization Framework,OCF.esp,D:\Wabbajack\modlists\ARR 2.5\mods\Object Categorization Framework\OCF.esp,SIGNAL:000A44:OCF.esp,SIGNAL,read,FormList,000A44:OCF.esp,OCF_FL_PROJ_ElementShadow,,,,Direct selected-signature raw-file enumeration.,FLST:238|KYWD:517,NO-ROWS,"Primary review: taxonomy, icon, categorization, bestiary, or UI-framework records do not encode a deliberate player devotional act or outcome.",,REJECTED
a4a2061d91c49963,NQ083,NQ,Interface - HUD,Object Categorization Framework,OCF.esp,D:\Wabbajack\modlists\ARR 2.5\mods\Object Categorization Framework\OCF.esp,SIGNAL:000A45:OCF.esp,SIGNAL,read,FormList,000A45:OCF.esp,OCF_FL_EXPL_ElementAsh,,,,Direct selected-signature raw-file enumeration.,FLST:238|KYWD:517,NO-ROWS,"Primary review: taxonomy, icon, categorization, bestiary, or UI-framework records do not encode a deliberate player devotional act or outcome.",,REJECTED
a4a2061d91c49963,NQ083,NQ,Interface - HUD,Object Categorization Framework,OCF.esp,D:\Wabbajack\modlists\ARR 2.5\mods\Object Categorization Framework\OCF.esp,SIGNAL:000A46:OCF.esp,SIGNAL,read,FormList,000A46:OCF.esp,OCF_FL_EXPL_ElementFire,,,,Direct selected-signature raw-file enumeration.,FLST:238|KYWD:517,NO-ROWS,"Primary review: taxonomy, icon, categorization, bestiary, or UI-framework records do not encode a deliberate player devotional act or outcome.",,REJECTED
a4a2061d91c49963,NQ083,NQ,Interface - HUD,Object Categorization Framework,OCF.esp,D:\Wabbajack\modlists\ARR 2.5\mods\Object Categorization Framework\OCF.esp,SIGNAL:000A47:OCF.esp,SIGNAL,read,FormList,000A47:OCF.esp,OCF_FL_EXPL_ElementFrost,,,,Direct selected-signature raw-file enumeration.,FLST:238|KYWD:517,NO-ROWS,"Primary review: taxonomy, icon, categorization, bestiary, or UI-framework records do not encode a deliberate player devotional act or outcome.",,REJECTED
a4a2061d91c49963,NQ083,NQ,Interface - HUD,Object Categorization Framework,OCF.esp,D:\Wabbajack\modlists\ARR 2.5\mods\Object Categorization Framework\OCF.esp,SIGNAL:000A48:OCF.esp,SIGNAL,read,FormList,000A48:OCF.esp,OCF_FL_EXPL_ElementShock,,,,Direct selected-signature raw-file enumeration.,FLST:238|KYWD:517,NO-ROWS,"Primary review: taxonomy, icon, categorization, bestiary, or UI-framework records do not encode a deliberate player devotional act or outcome.",,REJECTED
a4a2061d91c49963,NQ083,NQ,Interface - HUD,Object Categorization Framework,OCF.esp,D:\Wabbajack\modlists\ARR 2.5\mods\Object Categorization Framework\OCF.esp,SIGNAL:000A49:OCF.esp,SIGNAL,read,FormList,000A49:OCF.esp,OCF_FL_EXPL_ElementHolySun,,,,Direct selected-signature raw-file enumeration.,FLST:238|KYWD:517,NO-ROWS,"Primary review: taxonomy, icon, categorization, bestiary, or UI-framework records do not encode a deliberate player devotional act or outcome.",,REJECTED
a4a2061d91c49963,NQ083,NQ,Interface - HUD,Object Categorization Framework,OCF.esp,D:\Wabbajack\modlists\ARR 2.5\mods\Object Categorization Framework\OCF.esp,SIGNAL:000A4A:OCF.esp,SIGNAL,read,FormList,000A4A:OCF.esp,OCF_FL_EXPL_ElementWater,,,,Direct selected-signature raw-file enumeration.,FLST:238|KYWD:517,NO-ROWS,"Primary review: taxonomy, icon, categorization, bestiary, or UI-framework records do not encode a deliberate player devotional act or outcome.",,REJECTED
a4a2061d91c49963,NQ083,NQ,Interface - HUD,Object Categorization Framework,OCF.esp,D:\Wabbajack\modlists\ARR 2.5\mods\Object Categorization Framework\OCF.esp,SIGNAL:000A4B:OCF.esp,SIGNAL,read,FormList,000A4B:OCF.esp,OCF_FL_EXPL_ElementSteam,,,,Direct selected-signature raw-file enumeration.,FLST:238|KYWD:517,NO-ROWS,"Primary review: taxonomy, icon, categorization, bestiary, or UI-framework records do not encode a deliberate player devotional act or outcome.",,REJECTED
a4a2061d91c49963,NQ083,NQ,Interface - HUD,Object Categorization Framework,OCF.esp,D:\Wabbajack\modlists\ARR 2.5\mods\Object Categorization Framework\OCF.esp,SIGNAL:000A4C:OCF.esp,SIGNAL,read,FormList,000A4C:OCF.esp,OCF_FL_EXPL_ElementPoison,,,,Direct selected-signature raw-file enumeration.,FLST:238|KYWD:517,NO-ROWS,"Primary review: taxonomy, icon, categorization, bestiary, or UI-framework records do not encode a deliberate player devotional act or outcome.",,REJECTED
a4a2061d91c49963,NQ083,NQ,Interface - HUD,Object Categorization Framework,OCF.esp,D:\Wabbajack\modlists\ARR 2.5\mods\Object Categorization Framework\OCF.esp,SIGNAL:000A4D:OCF.esp,SIGNAL,read,FormList,000A4D:OCF.esp,OCF_FL_PROJ_ElementAsh,,,,Direct selected-signature raw-file enumeration.,FLST:238|KYWD:517,NO-ROWS,"Primary review: taxonomy, icon, categorization, bestiary, or UI-framework records do not encode a deliberate player devotional act or outcome.",,REJECTED
a4a2061d91c49963,NQ083,NQ,Interface - HUD,Object Categorization Framework,OCF.esp,D:\Wabbajack\modlists\ARR 2.5\mods\Object Categorization Framework\OCF.esp,SIGNAL:000A4E:OCF.esp,SIGNAL,read,FormList,000A4E:OCF.esp,OCF_FL_PROJ_ElementSteam,,,,Direct selected-signature raw-file enumeration.,FLST:238|KYWD:517,NO-ROWS,"Primary review: taxonomy, icon, categorization, bestiary, or UI-framework records do not encode a deliberate player devotional act or outcome.",,REJECTED
a4a2061d91c49963,NQ083,NQ,Interface - HUD,Object Categorization Framework,OCF.esp,D:\Wabbajack\modlists\ARR 2.5\mods\Object Categorization Framework\OCF.esp,SIGNAL:000A4F:OCF.esp,SIGNAL,read,FormList,000A4F:OCF.esp,OCF_FL_PROJ_ElementWind,,,,Direct selected-signature raw-file enumeration.,FLST:238|KYWD:517,NO-ROWS,"Primary review: taxonomy, icon, categorization, bestiary, or UI-framework records do not encode a deliberate player devotional act or outcome.",,REJECTED
a4a2061d91c49963,NQ083,NQ,Interface - HUD,Object Categorization Framework,OCF.esp,D:\Wabbajack\modlists\ARR 2.5\mods\Object Categorization Framework\OCF.esp,SIGNAL:000A50:OCF.esp,SIGNAL,read,FormList,000A50:OCF.esp,OCF_FL_PROJ_MagicRune,,,,Direct selected-signature raw-file enumeration.,FLST:238|KYWD:517,NO-ROWS,"Primary review: taxonomy, icon, categorization, bestiary, or UI-framework records do not encode a deliberate player devotional act or outcome.",,REJECTED
a4a2061d91c49963,NQ083,NQ,Interface - HUD,Object Categorization Framework,OCF.esp,D:\Wabbajack\modlists\ARR 2.5\mods\Object Categorization Framework\OCF.esp,SIGNAL:000A51:OCF.esp,SIGNAL,read,FormList,000A51:OCF.esp,OCF_FL_PROJ_SpiderScroll,,,,Direct selected-signature raw-file enumeration.,FLST:238|KYWD:517,NO-ROWS,"Primary review: taxonomy, icon, categorization, bestiary, or UI-framework records do not encode a deliberate player devotional act or outcome.",,REJECTED
a4a2061d91c49963,NQ083,NQ,Interface - HUD,Object Categorization Framework,OCF.esp,D:\Wabbajack\modlists\ARR 2.5\mods\Object Categorization Framework\OCF.esp,SIGNAL:000A52:OCF.esp,SIGNAL,read,FormList,000A52:OCF.esp,OCF_FL_DOOR_Trap,,,,Direct selected-signature raw-file enumeration.,FLST:238|KYWD:517,NO-ROWS,"Primary review: taxonomy, icon, categorization, bestiary, or UI-framework records do not encode a deliberate player devotional act or outcome.",,REJECTED
a4a2061d91c49963,NQ083,NQ,Interface - HUD,Object Categorization Framework,OCF.esp,D:\Wabbajack\modlists\ARR 2.5\mods\Object Categorization Framework\OCF.esp,SIGNAL:000A53:OCF.esp,SIGNAL,read,FormList,000A53:OCF.esp,OCF_FL_STAT_Trap,,,,Direct selected-signature raw-file enumeration.,FLST:238|KYWD:517,NO-ROWS,"Primary review: taxonomy, icon, categorization, bestiary, or UI-framework records do not encode a deliberate player devotional act or outcome.",,REJECTED
a4a2061d91c49963,NQ083,NQ,Interface - HUD,Object Categorization Framework,OCF.esp,D:\Wabbajack\modlists\ARR 2.5\mods\Object Categorization Framework\OCF.esp,SIGNAL:000A54:OCF.esp,SIGNAL,read,FormList,000A54:OCF.esp,OCF_FL_STAT_WoodSource,,,,Direct selected-signature raw-file enumeration.,FLST:238|KYWD:517,NO-ROWS,"Primary review: taxonomy, icon, categorization, bestiary, or UI-framework records do not encode a deliberate player devotional act or outcome.",,REJECTED
a4a2061d91c49963,NQ083,NQ,Interface - HUD,Object Categorization Framework,OCF.esp,D:\Wabbajack\modlists\ARR 2.5\mods\Object Categorization Framework\OCF.esp,SIGNAL:000A55:OCF.esp,SIGNAL,read,FormList,000A55:OCF.esp,OCF_FL_SOUN_Waterfall,,,,Direct selected-signature raw-file enumeration.,FLST:238|KYWD:517,NO-ROWS,"Primary review: taxonomy, icon, categorization, bestiary, or UI-framework records do not encode a deliberate player devotional act or outcome.",,REJECTED
a4a2061d91c49963,NQ083,NQ,Interface - HUD,Object Categorization Framework,OCF.esp,D:\Wabbajack\modlists\ARR 2.5\mods\Object Categorization Framework\OCF.esp,SIGNAL:000A56:OCF.esp,SIGNAL,read,FormList,000A56:OCF.esp,OCF_FL_LIGH_HeatSource_FireHuge,,,,Direct selected-signature raw-file enumeration.,FLST:238|KYWD:517,NO-ROWS,"Primary review: taxonomy, icon, categorization, bestiary, or UI-framework records do not encode a deliberate player devotional act or outcome.",,REJECTED
a4a2061d91c49963,NQ083,NQ,Interface - HUD,Object Categorization Framework,OCF.esp,D:\Wabbajack\modlists\ARR 2.5\mods\Object Categorization Framework\OCF.esp,SIGNAL:000A57:OCF.esp,SIGNAL,read,FormList,000A57:OCF.esp,OCF_FL_LIGH_HeatSource_FireLarge,,,,Direct selected-signature raw-file enumeration.,FLST:238|KYWD:517,NO-ROWS,"Primary review: taxonomy, icon, categorization, bestiary, or UI-framework records do not encode a deliberate player devotional act or outcome.",,REJECTED
a4a2061d91c49963,NQ083,NQ,Interface - HUD,Object Categorization Framework,OCF.esp,D:\Wabbajack\modlists\ARR 2.5\mods\Object Categorization Framework\OCF.esp,SIGNAL:000A58:OCF.esp,SIGNAL,read,FormList,000A58:OCF.esp,OCF_FL_LIGH_HeatSource_FireMedium,,,,Direct selected-signature raw-file enumeration.,FLST:238|KYWD:517,NO-ROWS,"Primary review: taxonomy, icon, categorization, bestiary, or UI-framework records do not encode a deliberate player devotional act or outcome.",,REJECTED
a4a2061d91c49963,NQ083,NQ,Interface - HUD,Object Categorization Framework,OCF.esp,D:\Wabbajack\modlists\ARR 2.5\mods\Object Categorization Framework\OCF.esp,SIGNAL:000A59:OCF.esp,SIGNAL,read,FormList,000A59:OCF.esp,OCF_FL_LIGH_HeatSource_FireSmall,,,,Direct selected-signature raw-file enumeration.,FLST:238|KYWD:517,NO-ROWS,"Primary review: taxonomy, icon, categorization, bestiary, or UI-framework records do not encode a deliberate player devotional act or outcome.",,REJECTED
a4a2061d91c49963,NQ083,NQ,Interface - HUD,Object Categorization Framework,OCF.esp,D:\Wabbajack\modlists\ARR 2.5\mods\Object Categorization Framework\OCF.esp,SIGNAL:000A5A:OCF.esp,SIGNAL,read,FormList,000A5A:OCF.esp,OCF_FL_LIGH_HeatSource_FireTiny,,,,Direct selected-signature raw-file enumeration.,FLST:238|KYWD:517,NO-ROWS,"Primary review: taxonomy, icon, categorization, bestiary, or UI-framework records do not encode a deliberate player devotional act or outcome.",,REJECTED
a4a2061d91c49963,NQ083,NQ,Interface - HUD,Object Categorization Framework,OCF.esp,D:\Wabbajack\modlists\ARR 2.5\mods\Object Categorization Framework\OCF.esp,SIGNAL:000A5B:OCF.esp,SIGNAL,read,FormList,000A5B:OCF.esp,OCF_FL_LIGH_HeatSource_Fire,,,,Direct selected-signature raw-file enumeration.,FLST:238|KYWD:517,NO-ROWS,"Primary review: taxonomy, icon, categorization, bestiary, or UI-framework records do not encode a deliberate player devotional act or outcome.",,REJECTED
a4a2061d91c49963,NQ083,NQ,Interface - HUD,Object Categorization Framework,OCF.esp,D:\Wabbajack\modlists\ARR 2.5\mods\Object Categorization Framework\OCF.esp,SIGNAL:000A5C:OCF.esp,SIGNAL,read,FormList,000A5C:OCF.esp,OCF_FL_LIGH_HeatSource_OtherHuge,,,,Direct selected-signature raw-file enumeration.,FLST:238|KYWD:517,NO-ROWS,"Primary review: taxonomy, icon, categorization, bestiary, or UI-framework records do not encode a deliberate player devotional act or outcome.",,REJECTED
a4a2061d91c49963,NQ083,NQ,Interface - HUD,Object Categorization Framework,OCF.esp,D:\Wabbajack\modlists\ARR 2.5\mods\Object Categorization Framework\OCF.esp,SIGNAL:000A5D:OCF.esp,SIGNAL,read,FormList,000A5D:OCF.esp,OCF_FL_LIGH_HeatSource_OtherLarge,,,,Direct selected-signature raw-file enumeration.,FLST:238|KYWD:517,NO-ROWS,"Primary review: taxonomy, icon, categorization, bestiary, or UI-framework records do not encode a deliberate player devotional act or outcome.",,REJECTED
a4a2061d91c49963,NQ083,NQ,Interface - HUD,Object Categorization Framework,OCF.esp,D:\Wabbajack\modlists\ARR 2.5\mods\Object Categorization Framework\OCF.esp,SIGNAL:000A5E:OCF.esp,SIGNAL,read,FormList,000A5E:OCF.esp,OCF_FL_LIGH_HeatSource_OtherMedium,,,,Direct selected-signature raw-file enumeration.,FLST:238|KYWD:517,NO-ROWS,"Primary review: taxonomy, icon, categorization, bestiary, or UI-framework records do not encode a deliberate player devotional act or outcome.",,REJECTED
a4a2061d91c49963,NQ083,NQ,Interface - HUD,Object Categorization Framework,OCF.esp,D:\Wabbajack\modlists\ARR 2.5\mods\Object Categorization Framework\OCF.esp,SIGNAL:000A5F:OCF.esp,SIGNAL,read,FormList,000A5F:OCF.esp,OCF_FL_LIGH_HeatSource_OtherSmall,,,,Direct selected-signature raw-file enumeration.,FLST:238|KYWD:517,NO-ROWS,"Primary review: taxonomy, icon, categorization, bestiary, or UI-framework records do not encode a deliberate player devotional act or outcome.",,REJECTED
a4a2061d91c49963,NQ083,NQ,Interface - HUD,Object Categorization Framework,OCF.esp,D:\Wabbajack\modlists\ARR 2.5\mods\Object Categorization Framework\OCF.esp,SIGNAL:000A60:OCF.esp,SIGNAL,read,FormList,000A60:OCF.esp,OCF_FL_LIGH_HeatSource_OtherTiny,,,,Direct selected-signature raw-file enumeration.,FLST:238|KYWD:517,NO-ROWS,"Primary review: taxonomy, icon, categorization, bestiary, or UI-framework records do not encode a deliberate player devotional act or outcome.",,REJECTED
a4a2061d91c49963,NQ083,NQ,Interface - HUD,Object Categorization Framework,OCF.esp,D:\Wabbajack\modlists\ARR 2.5\mods\Object Categorization Framework\OCF.esp,SIGNAL:000A61:OCF.esp,SIGNAL,read,FormList,000A61:OCF.esp,OCF_FL_LIGH_HeatSource_Other,,,,Direct selected-signature raw-file enumeration.,FLST:238|KYWD:517,NO-ROWS,"Primary review: taxonomy, icon, categorization, bestiary, or UI-framework records do not encode a deliberate player devotional act or outcome.",,REJECTED
a4a2061d91c49963,NQ083,NQ,Interface - HUD,Object Categorization Framework,OCF.esp,D:\Wabbajack\modlists\ARR 2.5\mods\Object Categorization Framework\OCF.esp,SIGNAL:000A62:OCF.esp,SIGNAL,read,FormList,000A62:OCF.esp,OCF_FL_LIGH_HeatSource,,,,Direct selected-signature raw-file enumeration.,FLST:238|KYWD:517,NO-ROWS,"Primary review: taxonomy, icon, categorization, bestiary, or UI-framework records do not encode a deliberate player devotional act or outcome.",,REJECTED
a4a2061d91c49963,NQ083,NQ,Interface - HUD,Object Categorization Framework,OCF.esp,D:\Wabbajack\modlists\ARR 2.5\mods\Object Categorization Framework\OCF.esp,SIGNAL:000A63:OCF.esp,SIGNAL,read,FormList,000A63:OCF.esp,OCF_FL_MSTT_HeatSource_FireHuge,,,,Direct selected-signature raw-file enumeration.,FLST:238|KYWD:517,NO-ROWS,"Primary review: taxonomy, icon, categorization, bestiary, or UI-framework records do not encode a deliberate player devotional act or outcome.",,REJECTED
a4a2061d91c49963,NQ083,NQ,Interface - HUD,Object Categorization Framework,OCF.esp,D:\Wabbajack\modlists\ARR 2.5\mods\Object Categorization Framework\OCF.esp,SIGNAL:000A64:OCF.esp,SIGNAL,read,FormList,000A64:OCF.esp,OCF_FL_MSTT_HeatSource_FireLarge,,,,Direct selected-signature raw-file enumeration.,FLST:238|KYWD:517,NO-ROWS,"Primary review: taxonomy, icon, categorization, bestiary, or UI-framework records do not encode a deliberate player devotional act or outcome.",,REJECTED
a4a2061d91c49963,NQ083,NQ,Interface - HUD,Object Categorization Framework,OCF.esp,D:\Wabbajack\modlists\ARR 2.5\mods\Object Categorization Framework\OCF.esp,SIGNAL:000A65:OCF.esp,SIGNAL,read,FormList,000A65:OCF.esp,OCF_FL_MSTT_HeatSource_FireMedium,,,,Direct selected-signature raw-file enumeration.,FLST:238|KYWD:517,NO-ROWS,"Primary review: taxonomy, icon, categorization, bestiary, or UI-framework records do not encode a deliberate player devotional act or outcome.",,REJECTED
a4a2061d91c49963,NQ083,NQ,Interface - HUD,Object Categorization Framework,OCF.esp,D:\Wabbajack\modlists\ARR 2.5\mods\Object Categorization Framework\OCF.esp,SIGNAL:000A66:OCF.esp,SIGNAL,read,FormList,000A66:OCF.esp,OCF_FL_MSTT_HeatSource_FireSmall,,,,Direct selected-signature raw-file enumeration.,FLST:238|KYWD:517,NO-ROWS,"Primary review: taxonomy, icon, categorization, bestiary, or UI-framework records do not encode a deliberate player devotional act or outcome.",,REJECTED
a4a2061d91c49963,NQ083,NQ,Interface - HUD,Object Categorization Framework,OCF.esp,D:\Wabbajack\modlists\ARR 2.5\mods\Object Categorization Framework\OCF.esp,SIGNAL:000A67:OCF.esp,SIGNAL,read,FormList,000A67:OCF.esp,OCF_FL_MSTT_HeatSource_FireTiny,,,,Direct selected-signature raw-file enumeration.,FLST:238|KYWD:517,NO-ROWS,"Primary review: taxonomy, icon, categorization, bestiary, or UI-framework records do not encode a deliberate player devotional act or outcome.",,REJECTED
a4a2061d91c49963,NQ083,NQ,Interface - HUD,Object Categorization Framework,OCF.esp,D:\Wabbajack\modlists\ARR 2.5\mods\Object Categorization Framework\OCF.esp,SIGNAL:000A68:OCF.esp,SIGNAL,read,FormList,000A68:OCF.esp,OCF_FL_MSTT_HeatSource_Fire,,,,Direct selected-signature raw-file enumeration.,FLST:238|KYWD:517,NO-ROWS,"Primary review: taxonomy, icon, categorization, bestiary, or UI-framework records do not encode a deliberate player devotional act or outcome.",,REJECTED
a4a2061d91c49963,NQ083,NQ,Interface - HUD,Object Categorization Framework,OCF.esp,D:\Wabbajack\modlists\ARR 2.5\mods\Object Categorization Framework\OCF.esp,SIGNAL:000A69:OCF.esp,SIGNAL,read,FormList,000A69:OCF.esp,OCF_FL_MSTT_HeatSource_OtherHuge,,,,Direct selected-signature raw-file enumeration.,FLST:238|KYWD:517,NO-ROWS,"Primary review: taxonomy, icon, categorization, bestiary, or UI-framework records do not encode a deliberate player devotional act or outcome.",,REJECTED
a4a2061d91c49963,NQ083,NQ,Interface - HUD,Object Categorization Framework,OCF.esp,D:\Wabbajack\modlists\ARR 2.5\mods\Object Categorization Framework\OCF.esp,SIGNAL:000A6A:OCF.esp,SIGNAL,read,FormList,000A6A:OCF.esp,OCF_FL_MSTT_HeatSource_OtherLarge,,,,Direct selected-signature raw-file enumeration.,FLST:238|KYWD:517,NO-ROWS,"Primary review: taxonomy, icon, categorization, bestiary, or UI-framework records do not encode a deliberate player devotional act or outcome.",,REJECTED
a4a2061d91c49963,NQ083,NQ,Interface - HUD,Object Categorization Framework,OCF.esp,D:\Wabbajack\modlists\ARR 2.5\mods\Object Categorization Framework\OCF.esp,SIGNAL:000A6B:OCF.esp,SIGNAL,read,FormList,000A6B:OCF.esp,OCF_FL_MSTT_HeatSource_OtherMedium,,,,Direct selected-signature raw-file enumeration.,FLST:238|KYWD:517,NO-ROWS,"Primary review: taxonomy, icon, categorization, bestiary, or UI-framework records do not encode a deliberate player devotional act or outcome.",,REJECTED
a4a2061d91c49963,NQ083,NQ,Interface - HUD,Object Categorization Framework,OCF.esp,D:\Wabbajack\modlists\ARR 2.5\mods\Object Categorization Framework\OCF.esp,SIGNAL:000A6C:OCF.esp,SIGNAL,read,FormList,000A6C:OCF.esp,OCF_FL_MSTT_HeatSource_OtherSmall,,,,Direct selected-signature raw-file enumeration.,FLST:238|KYWD:517,NO-ROWS,"Primary review: taxonomy, icon, categorization, bestiary, or UI-framework records do not encode a deliberate player devotional act or outcome.",,REJECTED
a4a2061d91c49963,NQ083,NQ,Interface - HUD,Object Categorization Framework,OCF.esp,D:\Wabbajack\modlists\ARR 2.5\mods\Object Categorization Framework\OCF.esp,SIGNAL:000A6D:OCF.esp,SIGNAL,read,FormList,000A6D:OCF.esp,OCF_FL_MSTT_HeatSource_OtherTiny,,,,Direct selected-signature raw-file enumeration.,FLST:238|KYWD:517,NO-ROWS,"Primary review: taxonomy, icon, categorization, bestiary, or UI-framework records do not encode a deliberate player devotional act or outcome.",,REJECTED
a4a2061d91c49963,NQ083,NQ,Interface - HUD,Object Categorization Framework,OCF.esp,D:\Wabbajack\modlists\ARR 2.5\mods\Object Categorization Framework\OCF.esp,SIGNAL:000A6E:OCF.esp,SIGNAL,read,FormList,000A6E:OCF.esp,OCF_FL_MSTT_HeatSource_Other,,,,Direct selected-signature raw-file enumeration.,FLST:238|KYWD:517,NO-ROWS,"Primary review: taxonomy, icon, categorization, bestiary, or UI-framework records do not encode a deliberate player devotional act or outcome.",,REJECTED
a4a2061d91c49963,NQ083,NQ,Interface - HUD,Object Categorization Framework,OCF.esp,D:\Wabbajack\modlists\ARR 2.5\mods\Object Categorization Framework\OCF.esp,SIGNAL:000A6F:OCF.esp,SIGNAL,read,FormList,000A6F:OCF.esp,OCF_FL_MSTT_HeatSource,,,,Direct selected-signature raw-file enumeration.,FLST:238|KYWD:517,NO-ROWS,"Primary review: taxonomy, icon, categorization, bestiary, or UI-framework records do not encode a deliberate player devotional act or outcome.",,REJECTED
a4a2061d91c49963,NQ083,NQ,Interface - HUD,Object Categorization Framework,OCF.esp,D:\Wabbajack\modlists\ARR 2.5\mods\Object Categorization Framework\OCF.esp,SIGNAL:000A70:OCF.esp,SIGNAL,read,FormList,000A70:OCF.esp,OCF_FL_STAT_HeatSource_FireHuge,,,,Direct selected-signature raw-file enumeration.,FLST:238|KYWD:517,NO-ROWS,"Primary review: taxonomy, icon, categorization, bestiary, or UI-framework records do not encode a deliberate player devotional act or outcome.",,REJECTED
a4a2061d91c49963,NQ083,NQ,Interface - HUD,Object Categorization Framework,OCF.esp,D:\Wabbajack\modlists\ARR 2.5\mods\Object Categorization Framework\OCF.esp,SIGNAL:000A71:OCF.esp,SIGNAL,read,FormList,000A71:OCF.esp,OCF_FL_STAT_HeatSource_FireLarge,,,,Direct selected-signature raw-file enumeration.,FLST:238|KYWD:517,NO-ROWS,"Primary review: taxonomy, icon, categorization, bestiary, or UI-framework records do not encode a deliberate player devotional act or outcome.",,REJECTED
a4a2061d91c49963,NQ083,NQ,Interface - HUD,Object Categorization Framework,OCF.esp,D:\Wabbajack\modlists\ARR 2.5\mods\Object Categorization Framework\OCF.esp,SIGNAL:000A72:OCF.esp,SIGNAL,read,FormList,000A72:OCF.esp,OCF_FL_STAT_HeatSource_FireMedium,,,,Direct selected-signature raw-file enumeration.,FLST:238|KYWD:517,NO-ROWS,"Primary review: taxonomy, icon, categorization, bestiary, or UI-framework records do not encode a deliberate player devotional act or outcome.",,REJECTED
a4a2061d91c49963,NQ083,NQ,Interface - HUD,Object Categorization Framework,OCF.esp,D:\Wabbajack\modlists\ARR 2.5\mods\Object Categorization Framework\OCF.esp,SIGNAL:000A73:OCF.esp,SIGNAL,read,FormList,000A73:OCF.esp,OCF_FL_STAT_HeatSource_FireSmall,,,,Direct selected-signature raw-file enumeration.,FLST:238|KYWD:517,NO-ROWS,"Primary review: taxonomy, icon, categorization, bestiary, or UI-framework records do not encode a deliberate player devotional act or outcome.",,REJECTED
a4a2061d91c49963,NQ083,NQ,Interface - HUD,Object Categorization Framework,OCF.esp,D:\Wabbajack\modlists\ARR 2.5\mods\Object Categorization Framework\OCF.esp,SIGNAL:000A74:OCF.esp,SIGNAL,read,FormList,000A74:OCF.esp,OCF_FL_STAT_HeatSource_FireTiny,,,,Direct selected-signature raw-file enumeration.,FLST:238|KYWD:517,NO-ROWS,"Primary review: taxonomy, icon, categorization, bestiary, or UI-framework records do not encode a deliberate player devotional act or outcome.",,REJECTED
a4a2061d91c49963,NQ083,NQ,Interface - HUD,Object Categorization Framework,OCF.esp,D:\Wabbajack\modlists\ARR 2.5\mods\Object Categorization Framework\OCF.esp,SIGNAL:000A75:OCF.esp,SIGNAL,read,FormList,000A75:OCF.esp,OCF_FL_STAT_HeatSource_Fire,,,,Direct selected-signature raw-file enumeration.,FLST:238|KYWD:517,NO-ROWS,"Primary review: taxonomy, icon, categorization, bestiary, or UI-framework records do not encode a deliberate player devotional act or outcome.",,REJECTED
a4a2061d91c49963,NQ083,NQ,Interface - HUD,Object Categorization Framework,OCF.esp,D:\Wabbajack\modlists\ARR 2.5\mods\Object Categorization Framework\OCF.esp,SIGNAL:000A76:OCF.esp,SIGNAL,read,FormList,000A76:OCF.esp,OCF_FL_STAT_HeatSource_OtherHuge,,,,Direct selected-signature raw-file enumeration.,FLST:238|KYWD:517,NO-ROWS,"Primary review: taxonomy, icon, categorization, bestiary, or UI-framework records do not encode a deliberate player devotional act or outcome.",,REJECTED
a4a2061d91c49963,NQ083,NQ,Interface - HUD,Object Categorization Framework,OCF.esp,D:\Wabbajack\modlists\ARR 2.5\mods\Object Categorization Framework\OCF.esp,SIGNAL:000A77:OCF.esp,SIGNAL,read,FormList,000A77:OCF.esp,OCF_FL_STAT_HeatSource_OtherLarge,,,,Direct selected-signature raw-file enumeration.,FLST:238|KYWD:517,NO-ROWS,"Primary review: taxonomy, icon, categorization, bestiary, or UI-framework records do not encode a deliberate player devotional act or outcome.",,REJECTED
a4a2061d91c49963,NQ083,NQ,Interface - HUD,Object Categorization Framework,OCF.esp,D:\Wabbajack\modlists\ARR 2.5\mods\Object Categorization Framework\OCF.esp,SIGNAL:000A78:OCF.esp,SIGNAL,read,FormList,000A78:OCF.esp,OCF_FL_STAT_HeatSource_OtherMedium,,,,Direct selected-signature raw-file enumeration.,FLST:238|KYWD:517,NO-ROWS,"Primary review: taxonomy, icon, categorization, bestiary, or UI-framework records do not encode a deliberate player devotional act or outcome.",,REJECTED
a4a2061d91c49963,NQ083,NQ,Interface - HUD,Object Categorization Framework,OCF.esp,D:\Wabbajack\modlists\ARR 2.5\mods\Object Categorization Framework\OCF.esp,SIGNAL:000A79:OCF.esp,SIGNAL,read,FormList,000A79:OCF.esp,OCF_FL_STAT_HeatSource_OtherSmall,,,,Direct selected-signature raw-file enumeration.,FLST:238|KYWD:517,NO-ROWS,"Primary review: taxonomy, icon, categorization, bestiary, or UI-framework records do not encode a deliberate player devotional act or outcome.",,REJECTED
a4a2061d91c49963,NQ083,NQ,Interface - HUD,Object Categorization Framework,OCF.esp,D:\Wabbajack\modlists\ARR 2.5\mods\Object Categorization Framework\OCF.esp,SIGNAL:000A7A:OCF.esp,SIGNAL,read,FormList,000A7A:OCF.esp,OCF_FL_STAT_HeatSource_OtherTiny,,,,Direct selected-signature raw-file enumeration.,FLST:238|KYWD:517,NO-ROWS,"Primary review: taxonomy, icon, categorization, bestiary, or UI-framework records do not encode a deliberate player devotional act or outcome.",,REJECTED
a4a2061d91c49963,NQ083,NQ,Interface - HUD,Object Categorization Framework,OCF.esp,D:\Wabbajack\modlists\ARR 2.5\mods\Object Categorization Framework\OCF.esp,SIGNAL:000A7B:OCF.esp,SIGNAL,read,FormList,000A7B:OCF.esp,OCF_FL_STAT_HeatSource_Other,,,,Direct selected-signature raw-file enumeration.,FLST:238|KYWD:517,NO-ROWS,"Primary review: taxonomy, icon, categorization, bestiary, or UI-framework records do not encode a deliberate player devotional act or outcome.",,REJECTED
a4a2061d91c49963,NQ083,NQ,Interface - HUD,Object Categorization Framework,OCF.esp,D:\Wabbajack\modlists\ARR 2.5\mods\Object Categorization Framework\OCF.esp,SIGNAL:000A7C:OCF.esp,SIGNAL,read,FormList,000A7C:OCF.esp,OCF_FL_STAT_HeatSource,,,,Direct selected-signature raw-file enumeration.,FLST:238|KYWD:517,NO-ROWS,"Primary review: taxonomy, icon, categorization, bestiary, or UI-framework records do not encode a deliberate player devotional act or outcome.",,REJECTED
a4a2061d91c49963,NQ083,NQ,Interface - HUD,Object Categorization Framework,OCF.esp,D:\Wabbajack\modlists\ARR 2.5\mods\Object Categorization Framework\OCF.esp,SIGNAL:000A7D:OCF.esp,SIGNAL,read,FormList,000A7D:OCF.esp,OCF_FL_LIGH_HeldLantern,,,,Direct selected-signature raw-file enumeration.,FLST:238|KYWD:517,NO-ROWS,"Primary review: taxonomy, icon, categorization, bestiary, or UI-framework records do not encode a deliberate player devotional act or outcome.",,REJECTED
a4a2061d91c49963,NQ083,NQ,Interface - HUD,Object Categorization Framework,OCF.esp,D:\Wabbajack\modlists\ARR 2.5\mods\Object Categorization Framework\OCF.esp,SIGNAL:000A7E:OCF.esp,SIGNAL,read,FormList,000A7E:OCF.esp,OCF_FL_AMMO_PlayableArrow,,,,Direct selected-signature raw-file enumeration.,FLST:238|KYWD:517,NO-ROWS,"Primary review: taxonomy, icon, categorization, bestiary, or UI-framework records do not encode a deliberate player devotional act or outcome.",,REJECTED
a4a2061d91c49963,NQ083,NQ,Interface - HUD,Object Categorization Framework,OCF.esp,D:\Wabbajack\modlists\ARR 2.5\mods\Object Categorization Framework\OCF.esp,SIGNAL:000A7F:OCF.esp,SIGNAL,read,FormList,000A7F:OCF.esp,OCF_FL_AMMO_PlayableBolt,,,,Direct selected-signature raw-file enumeration.,FLST:238|KYWD:517,NO-ROWS,"Primary review: taxonomy, icon, categorization, bestiary, or UI-framework records do not encode a deliberate player devotional act or outcome.",,REJECTED
a4a2061d91c49963,NQ083,NQ,Interface - HUD,Object Categorization Framework,OCF.esp,D:\Wabbajack\modlists\ARR 2.5\mods\Object Categorization Framework\OCF.esp,SIGNAL:000A80:OCF.esp,SIGNAL,read,FormList,000A80:OCF.esp,OCF_FL_AMMO_PlayableBullet,,,,Direct selected-signature raw-file enumeration.,FLST:238|KYWD:517,NO-ROWS,"Primary review: taxonomy, icon, categorization, bestiary, or UI-framework records do not encode a deliberate player devotional act or outcome.",,REJECTED
a4a2061d91c49963,NQ083,NQ,Interface - HUD,Object Categorization Framework,OCF.esp,D:\Wabbajack\modlists\ARR 2.5\mods\Object Categorization Framework\OCF.esp,SIGNAL:000A81:OCF.esp,SIGNAL,read,FormList,000A81:OCF.esp,OCF_FL_AMMO_PlayableDart,,,,Direct selected-signature raw-file enumeration.,FLST:238|KYWD:517,NO-ROWS,"Primary review: taxonomy, icon, categorization, bestiary, or UI-framework records do not encode a deliberate player devotional act or outcome.",,REJECTED
a4a2061d91c49963,NQ083,NQ,Interface - HUD,Object Categorization Framework,OCF.esp,D:\Wabbajack\modlists\ARR 2.5\mods\Object Categorization Framework\OCF.esp,SIGNAL:000A82:OCF.esp,SIGNAL,read,FormList,000A82:OCF.esp,OCF_FL_AMMO_PlayableSlingshot,,,,Direct selected-signature raw-file enumeration.,FLST:238|KYWD:517,NO-ROWS,"Primary review: taxonomy, icon, categorization, bestiary, or UI-framework records do not encode a deliberate player devotional act or outcome.",,REJECTED
a4a2061d91c49963,NQ083,NQ,Interface - HUD,Object Categorization Framework,OCF.esp,D:\Wabbajack\modlists\ARR 2.5\mods\Object Categorization Framework\OCF.esp,SIGNAL:000A83:OCF.esp,SIGNAL,read,FormList,000A83:OCF.esp,OCF_FL_HAZD_HeatSource_Fire,,,,Direct selected-signature raw-file enumeration.,FLST:238|KYWD:517,NO-ROWS,"Primary review: taxonomy, icon, categorization, bestiary, or UI-framework records do not encode a deliberate player devotional act or outcome.",,REJECTED
a4a2061d91c49963,NQ083,NQ,Interface - HUD,Object Categorization Framework,OCF.esp,D:\Wabbajack\modlists\ARR 2.5\mods\Object Categorization Framework\OCF.esp,SIGNAL:000A84:OCF.esp,SIGNAL,read,FormList,000A84:OCF.esp,OCF_FL_HAZD_HeatSource_FireHuge,,,,Direct selected-signature raw-file enumeration.,FLST:238|KYWD:517,NO-ROWS,"Primary review: taxonomy, icon, categorization, bestiary, or UI-framework records do not encode a deliberate player devotional act or outcome.",,REJECTED
a4a2061d91c49963,NQ083,NQ,Interface - HUD,Object Categorization Framework,OCF.esp,D:\Wabbajack\modlists\ARR 2.5\mods\Object Categorization Framework\OCF.esp,SIGNAL:000A85:OCF.esp,SIGNAL,read,FormList,000A85:OCF.esp,OCF_FL_HAZD_HeatSource_FireLarge,,,,Direct selected-signature raw-file enumeration.,FLST:238|KYWD:517,NO-ROWS,"Primary review: taxonomy, icon, categorization, bestiary, or UI-framework records do not encode a deliberate player devotional act or outcome.",,REJECTED
a4a2061d91c49963,NQ083,NQ,Interface - HUD,Object Categorization Framework,OCF.esp,D:\Wabbajack\modlists\ARR 2.5\mods\Object Categorization Framework\OCF.esp,SIGNAL:000A86:OCF.esp,SIGNAL,read,FormList,000A86:OCF.esp,OCF_FL_HAZD_HeatSource_FireMedium,,,,Direct selected-signature raw-file enumeration.,FLST:238|KYWD:517,NO-ROWS,"Primary review: taxonomy, icon, categorization, bestiary, or UI-framework records do not encode a deliberate player devotional act or outcome.",,REJECTED
a4a2061d91c49963,NQ083,NQ,Interface - HUD,Object Categorization Framework,OCF.esp,D:\Wabbajack\modlists\ARR 2.5\mods\Object Categorization Framework\OCF.esp,SIGNAL:000A87:OCF.esp,SIGNAL,read,FormList,000A87:OCF.esp,OCF_FL_HAZD_HeatSource_FireSmall,,,,Direct selected-signature raw-file enumeration.,FLST:238|KYWD:517,NO-ROWS,"Primary review: taxonomy, icon, categorization, bestiary, or UI-framework records do not encode a deliberate player devotional act or outcome.",,REJECTED
a4a2061d91c49963,NQ083,NQ,Interface - HUD,Object Categorization Framework,OCF.esp,D:\Wabbajack\modlists\ARR 2.5\mods\Object Categorization Framework\OCF.esp,SIGNAL:000A88:OCF.esp,SIGNAL,read,FormList,000A88:OCF.esp,OCF_FL_HAZD_HeatSource_FireTiny,,,,Direct selected-signature raw-file enumeration.,FLST:238|KYWD:517,NO-ROWS,"Primary review: taxonomy, icon, categorization, bestiary, or UI-framework records do not encode a deliberate player devotional act or outcome.",,REJECTED
a4a2061d91c49963,NQ083,NQ,Interface - HUD,Object Categorization Framework,OCF.esp,D:\Wabbajack\modlists\ARR 2.5\mods\Object Categorization Framework\OCF.esp,SIGNAL:000A89:OCF.esp,SIGNAL,read,FormList,000A89:OCF.esp,OCF_FL_HAZD_HeatSource_Other,,,,Direct selected-signature raw-file enumeration.,FLST:238|KYWD:517,NO-ROWS,"Primary review: taxonomy, icon, categorization, bestiary, or UI-framework records do not encode a deliberate player devotional act or outcome.",,REJECTED
a4a2061d91c49963,NQ083,NQ,Interface - HUD,Object Categorization Framework,OCF.esp,D:\Wabbajack\modlists\ARR 2.5\mods\Object Categorization Framework\OCF.esp,SIGNAL:000A8A:OCF.esp,SIGNAL,read,FormList,000A8A:OCF.esp,OCF_FL_HAZD_HeatSource_OtherHuge,,,,Direct selected-signature raw-file enumeration.,FLST:238|KYWD:517,NO-ROWS,"Primary review: taxonomy, icon, categorization, bestiary, or UI-framework records do not encode a deliberate player devotional act or outcome.",,REJECTED
a4a2061d91c49963,NQ083,NQ,Interface - HUD,Object Categorization Framework,OCF.esp,D:\Wabbajack\modlists\ARR 2.5\mods\Object Categorization Framework\OCF.esp,SIGNAL:000A8B:OCF.esp,SIGNAL,read,FormList,000A8B:OCF.esp,OCF_FL_HAZD_HeatSource_OtherLarge,,,,Direct selected-signature raw-file enumeration.,FLST:238|KYWD:517,NO-ROWS,"Primary review: taxonomy, icon, categorization, bestiary, or UI-framework records do not encode a deliberate player devotional act or outcome.",,REJECTED
a4a2061d91c49963,NQ083,NQ,Interface - HUD,Object Categorization Framework,OCF.esp,D:\Wabbajack\modlists\ARR 2.5\mods\Object Categorization Framework\OCF.esp,SIGNAL:000A8C:OCF.esp,SIGNAL,read,FormList,000A8C:OCF.esp,OCF_FL_HAZD_HeatSource_OtherMedium,,,,Direct selected-signature raw-file enumeration.,FLST:238|KYWD:517,NO-ROWS,"Primary review: taxonomy, icon, categorization, bestiary, or UI-framework records do not encode a deliberate player devotional act or outcome.",,REJECTED
a4a2061d91c49963,NQ083,NQ,Interface - HUD,Object Categorization Framework,OCF.esp,D:\Wabbajack\modlists\ARR 2.5\mods\Object Categorization Framework\OCF.esp,SIGNAL:000A8D:OCF.esp,SIGNAL,read,FormList,000A8D:OCF.esp,OCF_FL_HAZD_HeatSource_OtherSmall,,,,Direct selected-signature raw-file enumeration.,FLST:238|KYWD:517,NO-ROWS,"Primary review: taxonomy, icon, categorization, bestiary, or UI-framework records do not encode a deliberate player devotional act or outcome.",,REJECTED
a4a2061d91c49963,NQ083,NQ,Interface - HUD,Object Categorization Framework,OCF.esp,D:\Wabbajack\modlists\ARR 2.5\mods\Object Categorization Framework\OCF.esp,SIGNAL:000A8E:OCF.esp,SIGNAL,read,FormList,000A8E:OCF.esp,OCF_FL_HAZD_HeatSource_OtherTiny,,,,Direct selected-signature raw-file enumeration.,FLST:238|KYWD:517,NO-ROWS,"Primary review: taxonomy, icon, categorization, bestiary, or UI-framework records do not encode a deliberate player devotional act or outcome.",,REJECTED
a4a2061d91c49963,NQ083,NQ,Interface - HUD,Object Categorization Framework,OCF.esp,D:\Wabbajack\modlists\ARR 2.5\mods\Object Categorization Framework\OCF.esp,SIGNAL:000A8F:OCF.esp,SIGNAL,read,FormList,000A8F:OCF.esp,OCF_FL_PROJ_HeatSource,,,,Direct selected-signature raw-file enumeration.,FLST:238|KYWD:517,NO-ROWS,"Primary review: taxonomy, icon, categorization, bestiary, or UI-framework records do not encode a deliberate player devotional act or outcome.",,REJECTED
a4a2061d91c49963,NQ083,NQ,Interface - HUD,Object Categorization Framework,OCF.esp,D:\Wabbajack\modlists\ARR 2.5\mods\Object Categorization Framework\OCF.esp,SIGNAL:000A90:OCF.esp,SIGNAL,read,FormList,000A90:OCF.esp,OCF_FL_PROJ_HeatSource_Fire,,,,Direct selected-signature raw-file enumeration.,FLST:238|KYWD:517,NO-ROWS,"Primary review: taxonomy, icon, categorization, bestiary, or UI-framework records do not encode a deliberate player devotional act or outcome.",,REJECTED
a4a2061d91c49963,NQ083,NQ,Interface - HUD,Object Categorization Framework,OCF.esp,D:\Wabbajack\modlists\ARR 2.5\mods\Object Categorization Framework\OCF.esp,SIGNAL:000A91:OCF.esp,SIGNAL,read,FormList,000A91:OCF.esp,OCF_FL_PROJ_HeatSource_FireHuge,,,,Direct selected-signature raw-file enumeration.,FLST:238|KYWD:517,NO-ROWS,"Primary review: taxonomy, icon, categorization, bestiary, or UI-framework records do not encode a deliberate player devotional act or outcome.",,REJECTED
a4a2061d91c49963,NQ083,NQ,Interface - HUD,Object Categorization Framework,OCF.esp,D:\Wabbajack\modlists\ARR 2.5\mods\Object Categorization Framework\OCF.esp,SIGNAL:000A92:OCF.esp,SIGNAL,read,FormList,000A92:OCF.esp,OCF_FL_PROJ_HeatSource_FireLarge,,,,Direct selected-signature raw-file enumeration.,FLST:238|KYWD:517,NO-ROWS,"Primary review: taxonomy, icon, categorization, bestiary, or UI-framework records do not encode a deliberate player devotional act or outcome.",,REJECTED
a4a2061d91c49963,NQ083,NQ,Interface - HUD,Object Categorization Framework,OCF.esp,D:\Wabbajack\modlists\ARR 2.5\mods\Object Categorization Framework\OCF.esp,SIGNAL:000A93:OCF.esp,SIGNAL,read,FormList,000A93:OCF.esp,OCF_FL_PROJ_HeatSource_FireMedium,,,,Direct selected-signature raw-file enumeration.,FLST:238|KYWD:517,NO-ROWS,"Primary review: taxonomy, icon, categorization, bestiary, or UI-framework records do not encode a deliberate player devotional act or outcome.",,REJECTED
a4a2061d91c49963,NQ083,NQ,Interface - HUD,Object Categorization Framework,OCF.esp,D:\Wabbajack\modlists\ARR 2.5\mods\Object Categorization Framework\OCF.esp,SIGNAL:000A94:OCF.esp,SIGNAL,read,FormList,000A94:OCF.esp,OCF_FL_PROJ_HeatSource_FireSmall,,,,Direct selected-signature raw-file enumeration.,FLST:238|KYWD:517,NO-ROWS,"Primary review: taxonomy, icon, categorization, bestiary, or UI-framework records do not encode a deliberate player devotional act or outcome.",,REJECTED
a4a2061d91c49963,NQ083,NQ,Interface - HUD,Object Categorization Framework,OCF.esp,D:\Wabbajack\modlists\ARR 2.5\mods\Object Categorization Framework\OCF.esp,SIGNAL:000A95:OCF.esp,SIGNAL,read,FormList,000A95:OCF.esp,OCF_FL_PROJ_HeatSource_FireTiny,,,,Direct selected-signature raw-file enumeration.,FLST:238|KYWD:517,NO-ROWS,"Primary review: taxonomy, icon, categorization, bestiary, or UI-framework records do not encode a deliberate player devotional act or outcome.",,REJECTED
a4a2061d91c49963,NQ083,NQ,Interface - HUD,Object Categorization Framework,OCF.esp,D:\Wabbajack\modlists\ARR 2.5\mods\Object Categorization Framework\OCF.esp,SIGNAL:000A96:OCF.esp,SIGNAL,read,FormList,000A96:OCF.esp,OCF_FL_PROJ_HeatSource_Other,,,,Direct selected-signature raw-file enumeration.,FLST:238|KYWD:517,NO-ROWS,"Primary review: taxonomy, icon, categorization, bestiary, or UI-framework records do not encode a deliberate player devotional act or outcome.",,REJECTED
a4a2061d91c49963,NQ083,NQ,Interface - HUD,Object Categorization Framework,OCF.esp,D:\Wabbajack\modlists\ARR 2.5\mods\Object Categorization Framework\OCF.esp,SIGNAL:000A97:OCF.esp,SIGNAL,read,FormList,000A97:OCF.esp,OCF_FL_PROJ_HeatSource_OtherHuge,,,,Direct selected-signature raw-file enumeration.,FLST:238|KYWD:517,NO-ROWS,"Primary review: taxonomy, icon, categorization, bestiary, or UI-framework records do not encode a deliberate player devotional act or outcome.",,REJECTED
a4a2061d91c49963,NQ083,NQ,Interface - HUD,Object Categorization Framework,OCF.esp,D:\Wabbajack\modlists\ARR 2.5\mods\Object Categorization Framework\OCF.esp,SIGNAL:000A98:OCF.esp,SIGNAL,read,FormList,000A98:OCF.esp,OCF_FL_PROJ_HeatSource_OtherLarge,,,,Direct selected-signature raw-file enumeration.,FLST:238|KYWD:517,NO-ROWS,"Primary review: taxonomy, icon, categorization, bestiary, or UI-framework records do not encode a deliberate player devotional act or outcome.",,REJECTED
a4a2061d91c49963,NQ083,NQ,Interface - HUD,Object Categorization Framework,OCF.esp,D:\Wabbajack\modlists\ARR 2.5\mods\Object Categorization Framework\OCF.esp,SIGNAL:000A99:OCF.esp,SIGNAL,read,FormList,000A99:OCF.esp,OCF_FL_PROJ_HeatSource_OtherMedium,,,,Direct selected-signature raw-file enumeration.,FLST:238|KYWD:517,NO-ROWS,"Primary review: taxonomy, icon, categorization, bestiary, or UI-framework records do not encode a deliberate player devotional act or outcome.",,REJECTED
a4a2061d91c49963,NQ083,NQ,Interface - HUD,Object Categorization Framework,OCF.esp,D:\Wabbajack\modlists\ARR 2.5\mods\Object Categorization Framework\OCF.esp,SIGNAL:000A9A:OCF.esp,SIGNAL,read,FormList,000A9A:OCF.esp,OCF_FL_PROJ_HeatSource_OtherSmall,,,,Direct selected-signature raw-file enumeration.,FLST:238|KYWD:517,NO-ROWS,"Primary review: taxonomy, icon, categorization, bestiary, or UI-framework records do not encode a deliberate player devotional act or outcome.",,REJECTED
a4a2061d91c49963,NQ083,NQ,Interface - HUD,Object Categorization Framework,OCF.esp,D:\Wabbajack\modlists\ARR 2.5\mods\Object Categorization Framework\OCF.esp,SIGNAL:000A9B:OCF.esp,SIGNAL,read,FormList,000A9B:OCF.esp,OCF_FL_PROJ_HeatSource_OtherTiny,,,,Direct selected-signature raw-file enumeration.,FLST:238|KYWD:517,NO-ROWS,"Primary review: taxonomy, icon, categorization, bestiary, or UI-framework records do not encode a deliberate player devotional act or outcome.",,REJECTED
a4a2061d91c49963,NQ083,NQ,Interface - HUD,Object Categorization Framework,OCF.esp,D:\Wabbajack\modlists\ARR 2.5\mods\Object Categorization Framework\OCF.esp,SIGNAL:000A9C:OCF.esp,SIGNAL,read,FormList,000A9C:OCF.esp,OCF_FL_FACT_Hostile,,,,Direct selected-signature raw-file enumeration.,FLST:238|KYWD:517,NO-ROWS,"Primary review: taxonomy, icon, categorization, bestiary, or UI-framework records do not encode a deliberate player devotional act or outcome.",,REJECTED
a4a2061d91c49963,NQ083,NQ,Interface - HUD,Object Categorization Framework,OCF.esp,D:\Wabbajack\modlists\ARR 2.5\mods\Object Categorization Framework\OCF.esp,SIGNAL:000A9D:OCF.esp,SIGNAL,read,FormList,000A9D:OCF.esp,OCF_FL_WTHR_AshIntense,,,,Direct selected-signature raw-file enumeration.,FLST:238|KYWD:517,NO-ROWS,"Primary review: taxonomy, icon, categorization, bestiary, or UI-framework records do not encode a deliberate player devotional act or outcome.",,REJECTED
a4a2061d91c49963,NQ083,NQ,Interface - HUD,Object Categorization Framework,OCF.esp,D:\Wabbajack\modlists\ARR 2.5\mods\Object Categorization Framework\OCF.esp,SIGNAL:000A9E:OCF.esp,SIGNAL,read,FormList,000A9E:OCF.esp,OCF_FL_WTHR_Snow,,,,Direct selected-signature raw-file enumeration.,FLST:238|KYWD:517,NO-ROWS,"Primary review: taxonomy, icon, categorization, bestiary, or UI-framework records do not encode a deliberate player devotional act or outcome.",,REJECTED
a4a2061d91c49963,NQ083,NQ,Interface - HUD,Object Categorization Framework,OCF.esp,D:\Wabbajack\modlists\ARR 2.5\mods\Object Categorization Framework\OCF.esp,SIGNAL:000A9F:OCF.esp,SIGNAL,read,FormList,000A9F:OCF.esp,OCF_FL_WTHR_SnowIntense,,,,Direct selected-signature raw-file enumeration.,FLST:238|KYWD:517,NO-ROWS,"Primary review: taxonomy, icon, categorization, bestiary, or UI-framework records do not encode a deliberate player devotional act or outcome.",,REJECTED
a4a2061d91c49963,NQ083,NQ,Interface - HUD,Object Categorization Framework,OCF.esp,D:\Wabbajack\modlists\ARR 2.5\mods\Object Categorization Framework\OCF.esp,SIGNAL:000AA0:OCF.esp,SIGNAL,read,FormList,000AA0:OCF.esp,OCF_FL_WTHR_Rain,,,,Direct selected-signature raw-file enumeration.,FLST:238|KYWD:517,NO-ROWS,"Primary review: taxonomy, icon, categorization, bestiary, or UI-framework records do not encode a deliberate player devotional act or outcome.",,REJECTED
a4a2061d91c49963,NQ083,NQ,Interface - HUD,Object Categorization Framework,OCF.esp,D:\Wabbajack\modlists\ARR 2.5\mods\Object Categorization Framework\OCF.esp,SIGNAL:000AA1:OCF.esp,SIGNAL,read,FormList,000AA1:OCF.esp,OCF_FL_WTHR_RainIntense,,,,Direct selected-signature raw-file enumeration.,FLST:238|KYWD:517,NO-ROWS,"Primary review: taxonomy, icon, categorization, bestiary, or UI-framework records do not encode a deliberate player devotional act or outcome.",,REJECTED
a4a2061d91c49963,NQ083,NQ,Interface - HUD,Object Categorization Framework,OCF.esp,D:\Wabbajack\modlists\ARR 2.5\mods\Object Categorization Framework\OCF.esp,SIGNAL:000AA2:OCF.esp,SIGNAL,read,FormList,000AA2:OCF.esp,OCF_FL_WRLD_Cramped,,,,Direct selected-signature raw-file enumeration.,FLST:238|KYWD:517,NO-ROWS,"Primary review: taxonomy, icon, categorization, bestiary, or UI-framework records do not encode a deliberate player devotional act or outcome.",,REJECTED
a4a2061d91c49963,NQ083,NQ,Interface - HUD,Object Categorization Framework,OCF.esp,D:\Wabbajack\modlists\ARR 2.5\mods\Object Categorization Framework\OCF.esp,SIGNAL:000AA3:OCF.esp,SIGNAL,read,FormList,000AA3:OCF.esp,OCF_FL_CELL_Cold,,,,Direct selected-signature raw-file enumeration.,FLST:238|KYWD:517,NO-ROWS,"Primary review: taxonomy, icon, categorization, bestiary, or UI-framework records do not encode a deliberate player devotional act or outcome.",,REJECTED
a4a2061d91c49963,NQ083,NQ,Interface - HUD,Object Categorization Framework,OCF.esp,D:\Wabbajack\modlists\ARR 2.5\mods\Object Categorization Framework\OCF.esp,SIGNAL:000AA4:OCF.esp,SIGNAL,read,FormList,000AA4:OCF.esp,OCF_FL_CONT_Box,,,,Direct selected-signature raw-file enumeration.,FLST:238|KYWD:517,NO-ROWS,"Primary review: taxonomy, icon, categorization, bestiary, or UI-framework records do not encode a deliberate player devotional act or outcome.",,REJECTED
a4a2061d91c49963,NQ083,NQ,Interface - HUD,Object Categorization Framework,OCF.esp,D:\Wabbajack\modlists\ARR 2.5\mods\Object Categorization Framework\OCF.esp,SIGNAL:000AA5:OCF.esp,SIGNAL,read,FormList,000AA5:OCF.esp,OCF_FL_CONT_Chest,,,,Direct selected-signature raw-file enumeration.,FLST:238|KYWD:517,NO-ROWS,"Primary review: taxonomy, icon, categorization, bestiary, or UI-framework records do not encode a deliberate player devotional act or outcome.",,REJECTED
a4a2061d91c49963,NQ083,NQ,Interface - HUD,Object Categorization Framework,OCF.esp,D:\Wabbajack\modlists\ARR 2.5\mods\Object Categorization Framework\OCF.esp,SIGNAL:000AA6:OCF.esp,SIGNAL,read,FormList,000AA6:OCF.esp,OCF_FL_CONT_Safe,,,,Direct selected-signature raw-file enumeration.,FLST:238|KYWD:517,NO-ROWS,"Primary review: taxonomy, icon, categorization, bestiary, or UI-framework records do not encode a deliberate player devotional act or outcome.",,REJECTED
a4a2061d91c49963,NQ083,NQ,Interface - HUD,Object Categorization Framework,OCF.esp,D:\Wabbajack\modlists\ARR 2.5\mods\Object Categorization Framework\OCF.esp,SIGNAL:000AA7:OCF.esp,SIGNAL,read,FormList,000AA7:OCF.esp,OCF_FL_CONT_Satchel,,,,Direct selected-signature raw-file enumeration.,FLST:238|KYWD:517,NO-ROWS,"Primary review: taxonomy, icon, categorization, bestiary, or UI-framework records do not encode a deliberate player devotional act or outcome.",,REJECTED
a4a2061d91c49963,NQ083,NQ,Interface - HUD,Object Categorization Framework,OCF.esp,D:\Wabbajack\modlists\ARR 2.5\mods\Object Categorization Framework\OCF.esp,SIGNAL:000AA8:OCF.esp,SIGNAL,read,FormList,000AA8:OCF.esp,OCF_FL_CONT_Strongbox,,,,Direct selected-signature raw-file enumeration.,FLST:238|KYWD:517,NO-ROWS,"Primary review: taxonomy, icon, categorization, bestiary, or UI-framework records do not encode a deliberate player devotional act or outcome.",,REJECTED
a4a2061d91c49963,NQ083,NQ,Interface - HUD,Object Categorization Framework,OCF.esp,D:\Wabbajack\modlists\ARR 2.5\mods\Object Categorization Framework\OCF.esp,SIGNAL:000AA9:OCF.esp,SIGNAL,read,FormList,000AA9:OCF.esp,OCF_FL_CONT_Hidden,,,,Direct selected-signature raw-file enumeration.,FLST:238|KYWD:517,NO-ROWS,"Primary review: taxonomy, icon, categorization, bestiary, or UI-framework records do not encode a deliberate player devotional act or outcome.",,REJECTED
a4a2061d91c49963,NQ083,NQ,Interface - HUD,Object Categorization Framework,OCF.esp,D:\Wabbajack\modlists\ARR 2.5\mods\Object Categorization Framework\OCF.esp,SIGNAL:000AAA:OCF.esp,SIGNAL,read,FormList,000AAA:OCF.esp,OCF_FL_CONT_Corpse,,,,Direct selected-signature raw-file enumeration.,FLST:238|KYWD:517,NO-ROWS,"Primary review: taxonomy, icon, categorization, bestiary, or UI-framework records do not encode a deliberate player devotional act or outcome.",,REJECTED
a4a2061d91c49963,NQ083,NQ,Interface - HUD,Object Categorization Framework,OCF.esp,D:\Wabbajack\modlists\ARR 2.5\mods\Object Categorization Framework\OCF.esp,SIGNAL:000AAB:OCF.esp,SIGNAL,read,FormList,000AAB:OCF.esp,OCF_FL_CONT_Crate,,,,Direct selected-signature raw-file enumeration.,FLST:238|KYWD:517,NO-ROWS,"Primary review: taxonomy, icon, categorization, bestiary, or UI-framework records do not encode a deliberate player devotional act or outcome.",,REJECTED
a4a2061d91c49963,NQ083,NQ,Interface - HUD,Object Categorization Framework,OCF.esp,D:\Wabbajack\modlists\ARR 2.5\mods\Object Categorization Framework\OCF.esp,SIGNAL:000AAC:OCF.esp,SIGNAL,read,FormList,000AAC:OCF.esp,OCF_FL_HAZD_ElementFrostFire,,,,Direct selected-signature raw-file enumeration.,FLST:238|KYWD:517,NO-ROWS,"Primary review: taxonomy, icon, categorization, bestiary, or UI-framework records do not encode a deliberate player devotional act or outcome.",,REJECTED
a4a2061d91c49963,NQ083,NQ,Interface - HUD,Object Categorization Framework,OCF.esp,D:\Wabbajack\modlists\ARR 2.5\mods\Object Categorization Framework\OCF.esp,SIGNAL:000AAD:OCF.esp,SIGNAL,read,FormList,000AAD:OCF.esp,OCF_FL_EXPL_ElementNecrotic,,,,Direct selected-signature raw-file enumeration.,FLST:238|KYWD:517,NO-ROWS,"Primary review: taxonomy, icon, categorization, bestiary, or UI-framework records do not encode a deliberate player devotional act or outcome.",,REJECTED
a4a2061d91c49963,NQ083,NQ,Interface - HUD,Object Categorization Framework,OCF.esp,D:\Wabbajack\modlists\ARR 2.5\mods\Object Categorization Framework\OCF.esp,SIGNAL:000AAE:OCF.esp,SIGNAL,read,FormList,000AAE:OCF.esp,OCF_FL_HAZD_ElementNecrotic,,,,Direct selected-signature raw-file enumeration.,FLST:238|KYWD:517,NO-ROWS,"Primary review: taxonomy, icon, categorization, bestiary, or UI-framework records do not encode a deliberate player devotional act or outcome.",,REJECTED
a4a2061d91c49963,NQ083,NQ,Interface - HUD,Object Categorization Framework,OCF.esp,D:\Wabbajack\modlists\ARR 2.5\mods\Object Categorization Framework\OCF.esp,SIGNAL:000AAF:OCF.esp,SIGNAL,read,FormList,000AAF:OCF.esp,OCF_FL_PROJ_ElementNecrotic,,,,Direct selected-signature raw-file enumeration.,FLST:238|KYWD:517,NO-ROWS,"Primary review: taxonomy, icon, categorization, bestiary, or UI-framework records do not encode a deliberate player devotional act or outcome.",,REJECTED
a4a2061d91c49963,NQ083,NQ,Interface - HUD,Object Categorization Framework,OCF.esp,D:\Wabbajack\modlists\ARR 2.5\mods\Object Categorization Framework\OCF.esp,SIGNAL:000AB0:OCF.esp,SIGNAL,read,FormList,000AB0:OCF.esp,OCF_FL_EXPL_ElementFrostFire,,,,Direct selected-signature raw-file enumeration.,FLST:238|KYWD:517,NO-ROWS,"Primary review: taxonomy, icon, categorization, bestiary, or UI-framework records do not encode a deliberate player devotional act or outcome.",,REJECTED
a4a2061d91c49963,NQ083,NQ,Interface - HUD,Object Categorization Framework,OCF.esp,D:\Wabbajack\modlists\ARR 2.5\mods\Object Categorization Framework\OCF.esp,SIGNAL:000AB1:OCF.esp,SIGNAL,read,FormList,000AB1:OCF.esp,OCF_FL_EXPL_ElementWind,,,,Direct selected-signature raw-file enumeration.,FLST:238|KYWD:517,NO-ROWS,"Primary review: taxonomy, icon, categorization, bestiary, or UI-framework records do not encode a deliberate player devotional act or outcome.",,REJECTED
a4a2061d91c49963,NQ083,NQ,Interface - HUD,Object Categorization Framework,OCF.esp,D:\Wabbajack\modlists\ARR 2.5\mods\Object Categorization Framework\OCF.esp,SIGNAL:000AB2:OCF.esp,SIGNAL,read,FormList,000AB2:OCF.esp,OCF_FL_PROJ_ElementEarth,,,,Direct selected-signature raw-file enumeration.,FLST:238|KYWD:517,NO-ROWS,"Primary review: taxonomy, icon, categorization, bestiary, or UI-framework records do not encode a deliberate player devotional act or outcome.",,REJECTED
a4a2061d91c49963,NQ083,NQ,Interface - HUD,Object Categorization Framework,OCF.esp,D:\Wabbajack\modlists\ARR 2.5\mods\Object Categorization Framework\OCF.esp,SIGNAL:000AB3:OCF.esp,SIGNAL,read,FormList,000AB3:OCF.esp,OCF_FL_EXPL_ElementEarth,,,,Direct selected-signature raw-file enumeration.,FLST:238|KYWD:517,NO-ROWS,"Primary review: taxonomy, icon, categorization, bestiary, or UI-framework records do not encode a deliberate player devotional act or outcome.",,REJECTED
a4a2061d91c49963,NQ083,NQ,Interface - HUD,Object Categorization Framework,OCF.esp,D:\Wabbajack\modlists\ARR 2.5\mods\Object Categorization Framework\OCF.esp,SIGNAL:000AB4:OCF.esp,SIGNAL,read,FormList,000AB4:OCF.esp,OCF_FL_EXPL_ElementShadow,,,,Direct selected-signature raw-file enumeration.,FLST:238|KYWD:517,NO-ROWS,"Primary review: taxonomy, icon, categorization, bestiary, or UI-framework records do not encode a deliberate player devotional act or outcome.",,REJECTED
a4a2061d91c49963,NQ083,NQ,Interface - HUD,Object Categorization Framework,OCF.esp,D:\Wabbajack\modlists\ARR 2.5\mods\Object Categorization Framework\OCF.esp,SIGNAL:000AB5:OCF.esp,SIGNAL,read,FormList,000AB5:OCF.esp,OCF_FL_HAZD_ElementShadow,,,,Direct selected-signature raw-file enumeration.,FLST:238|KYWD:517,NO-ROWS,"Primary review: taxonomy, icon, categorization, bestiary, or UI-framework records do not encode a deliberate player devotional act or outcome.",,REJECTED
a4a2061d91c49963,NQ083,NQ,Interface - HUD,Object Categorization Framework,OCF.esp,D:\Wabbajack\modlists\ARR 2.5\mods\Object Categorization Framework\OCF.esp,SIGNAL:000AB6:OCF.esp,SIGNAL,read,FormList,000AB6:OCF.esp,OCF_FL_EXPL_ElementBlood,,,,Direct selected-signature raw-file enumeration.,FLST:238|KYWD:517,NO-ROWS,"Primary review: taxonomy, icon, categorization, bestiary, or UI-framework records do not encode a deliberate player devotional act or outcome.",,REJECTED
a4a2061d91c49963,NQ083,NQ,Interface - HUD,Object Categorization Framework,OCF.esp,D:\Wabbajack\modlists\ARR 2.5\mods\Object Categorization Framework\OCF.esp,SIGNAL:000AB7:OCF.esp,SIGNAL,read,FormList,000AB7:OCF.esp,OCF_FL_PROJ_ElementBlood,,,,Direct selected-signature raw-file enumeration.,FLST:238|KYWD:517,NO-ROWS,"Primary review: taxonomy, icon, categorization, bestiary, or UI-framework records do not encode a deliberate player devotional act or outcome.",,REJECTED
a4a2061d91c49963,NQ083,NQ,Interface - HUD,Object Categorization Framework,OCF.esp,D:\Wabbajack\modlists\ARR 2.5\mods\Object Categorization Framework\OCF.esp,SIGNAL:000AB8:OCF.esp,SIGNAL,read,FormList,000AB8:OCF.esp,OCF_FL_EXPL_ElementHolyLunar,,,,Direct selected-signature raw-file enumeration.,FLST:238|KYWD:517,NO-ROWS,"Primary review: taxonomy, icon, categorization, bestiary, or UI-framework records do not encode a deliberate player devotional act or outcome.",,REJECTED
a4a2061d91c49963,NQ083,NQ,Interface - HUD,Object Categorization Framework,OCF.esp,D:\Wabbajack\modlists\ARR 2.5\mods\Object Categorization Framework\OCF.esp,SIGNAL:000AB9:OCF.esp,SIGNAL,read,FormList,000AB9:OCF.esp,OCF_FL_HAZD_ElementHolyLunar,,,,Direct selected-signature raw-file enumeration.,FLST:238|KYWD:517,NO-ROWS,"Primary review: taxonomy, icon, categorization, bestiary, or UI-framework records do not encode a deliberate player devotional act or outcome.",,REJECTED
a4a2061d91c49963,NQ083,NQ,Interface - HUD,Object Categorization Framework,OCF.esp,D:\Wabbajack\modlists\ARR 2.5\mods\Object Categorization Framework\OCF.esp,SIGNAL:000ABA:OCF.esp,SIGNAL,read,FormList,000ABA:OCF.esp,OCF_FL_PROJ_ElementHolyLunar,,,,Direct selected-signature raw-file enumeration.,FLST:238|KYWD:517,NO-ROWS,"Primary review: taxonomy, icon, categorization, bestiary, or UI-framework records do not encode a deliberate player devotional act or outcome.",,REJECTED
a4a2061d91c49963,NQ083,NQ,Interface - HUD,Object Categorization Framework,OCF.esp,D:\Wabbajack\modlists\ARR 2.5\mods\Object Categorization Framework\OCF.esp,SIGNAL:000ABB:OCF.esp,SIGNAL,read,FormList,000ABB:OCF.esp,OCF_FL_PROJ_ElementAstral,,,,Direct selected-signature raw-file enumeration.,FLST:238|KYWD:517,NO-ROWS,"Primary review: taxonomy, icon, categorization, bestiary, or UI-framework records do not encode a deliberate player devotional act or outcome.",,REJECTED
a4a2061d91c49963,NQ083,NQ,Interface - HUD,Object Categorization Framework,OCF.esp,D:\Wabbajack\modlists\ARR 2.5\mods\Object Categorization Framework\OCF.esp,SIGNAL:000ABC:OCF.esp,SIGNAL,read,FormList,000ABC:OCF.esp,OCF_FL_EXPL_ElementAstral,,,,Direct selected-signature raw-file enumeration.,FLST:238|KYWD:517,NO-ROWS,"Primary review: taxonomy, icon, categorization, bestiary, or UI-framework records do not encode a deliberate player devotional act or outcome.",,REJECTED
a4a2061d91c49963,NQ083,NQ,Interface - HUD,Object Categorization Framework,OCF.esp,D:\Wabbajack\modlists\ARR 2.5\mods\Object Categorization Framework\OCF.esp,SIGNAL:000ABD:OCF.esp,SIGNAL,read,FormList,000ABD:OCF.esp,OCF_FL_HAZD_ElementAstral,,,,Direct selected-signature raw-file enumeration.,FLST:238|KYWD:517,NO-ROWS,"Primary review: taxonomy, icon, categorization, bestiary, or UI-framework records do not encode a deliberate player devotional act or outcome.",,REJECTED
a4a2061d91c49963,NQ083,NQ,Interface - HUD,Object Categorization Framework,OCF.esp,D:\Wabbajack\modlists\ARR 2.5\mods\Object Categorization Framework\OCF.esp,SIGNAL:000ABE:OCF.esp,SIGNAL,read,FormList,000ABE:OCF.esp,OCF_FL_HAZD_ElementEarth,,,,Direct selected-signature raw-file enumeration.,FLST:238|KYWD:517,NO-ROWS,"Primary review: taxonomy, icon, categorization, bestiary, or UI-framework records do not encode a deliberate player devotional act or outcome.",,REJECTED
a4a2061d91c49963,NQ083,NQ,Interface - HUD,Object Categorization Framework,OCF.esp,D:\Wabbajack\modlists\ARR 2.5\mods\Object Categorization Framework\OCF.esp,SIGNAL:000ABF:OCF.esp,SIGNAL,read,FormList,000ABF:OCF.esp,OCF_FL_HAZD_HeatSource,,,,Direct selected-signature raw-file enumeration.,FLST:238|KYWD:517,NO-ROWS,"Primary review: taxonomy, icon, categorization, bestiary, or UI-framework records do not encode a deliberate player devotional act or outcome.",,REJECTED
a4a2061d91c49963,NQ083,NQ,Interface - HUD,Object Categorization Framework,OCF.esp,D:\Wabbajack\modlists\ARR 2.5\mods\Object Categorization Framework\OCF.esp,SIGNAL:000AC0:OCF.esp,SIGNAL,read,FormList,000AC0:OCF.esp,OCF_FL_WRLD_ExtraPlanar,,,,Direct selected-signature raw-file enumeration.,FLST:238|KYWD:517,NO-ROWS,"Primary review: taxonomy, icon, categorization, bestiary, or UI-framework records do not encode a deliberate player devotional act or outcome.",,REJECTED
a4a2061d91c49963,NQ083,NQ,Interface - HUD,Object Categorization Framework,OCF.esp,D:\Wabbajack\modlists\ARR 2.5\mods\Object Categorization Framework\OCF.esp,SIGNAL:000AC1:OCF.esp,SIGNAL,read,FormList,000AC1:OCF.esp,OCF_FL_LIGH_HeldElementFrostFire,,,,Direct selected-signature raw-file enumeration.,FLST:238|KYWD:517,NO-ROWS,"Primary review: taxonomy, icon, categorization, bestiary, or UI-framework records do not encode a deliberate player devotional act or outcome.",,REJECTED
a4a2061d91c49963,NQ083,NQ,Interface - HUD,Object Categorization Framework,OCF.esp,D:\Wabbajack\modlists\ARR 2.5\mods\Object Categorization Framework\OCF.esp,SIGNAL:000AC2:OCF.esp,SIGNAL,read,FormList,000AC2:OCF.esp,OCF_FL_LIGH_HeldElementFire,,,,Direct selected-signature raw-file enumeration.,FLST:238|KYWD:517,NO-ROWS,"Primary review: taxonomy, icon, categorization, bestiary, or UI-framework records do not encode a deliberate player devotional act or outcome.",,REJECTED
a4a2061d91c49963,NQ083,NQ,Interface - HUD,Object Categorization Framework,OCF.esp,D:\Wabbajack\modlists\ARR 2.5\mods\Object Categorization Framework\OCF.esp,SIGNAL:000AC3:OCF.esp,SIGNAL,read,FormList,000AC3:OCF.esp,OCF_FL_LIGH_HeldElementFrost,,,,Direct selected-signature raw-file enumeration.,FLST:238|KYWD:517,NO-ROWS,"Primary review: taxonomy, icon, categorization, bestiary, or UI-framework records do not encode a deliberate player devotional act or outcome.",,REJECTED
a4a2061d91c49963,NQ083,NQ,Interface - HUD,Object Categorization Framework,OCF.esp,D:\Wabbajack\modlists\ARR 2.5\mods\Object Categorization Framework\OCF.esp,SIGNAL:000AC4:OCF.esp,SIGNAL,read,FormList,000AC4:OCF.esp,OCF_FL_LIGH_HeldElementShock,,,,Direct selected-signature raw-file enumeration.,FLST:238|KYWD:517,NO-ROWS,"Primary review: taxonomy, icon, categorization, bestiary, or UI-framework records do not encode a deliberate player devotional act or outcome.",,REJECTED
a4a2061d91c49963,NQ083,NQ,Interface - HUD,Object Categorization Framework,OCF.esp,D:\Wabbajack\modlists\ARR 2.5\mods\Object Categorization Framework\OCF.esp,SIGNAL:000AC5:OCF.esp,SIGNAL,read,FormList,000AC5:OCF.esp,OCF_FL_LIGH_HeldElementHolySun,,,,Direct selected-signature raw-file enumeration.,FLST:238|KYWD:517,NO-ROWS,"Primary review: taxonomy, icon, categorization, bestiary, or UI-framework records do not encode a deliberate player devotional act or outcome.",,REJECTED
a4a2061d91c49963,NQ083,NQ,Interface - HUD,Object Categorization Framework,OCF.esp,D:\Wabbajack\modlists\ARR 2.5\mods\Object Categorization Framework\OCF.esp,SIGNAL:000AC6:OCF.esp,SIGNAL,read,FormList,000AC6:OCF.esp,OCF_FL_LIGH_HeldChandelier,,,,Direct selected-signature raw-file enumeration.,FLST:238|KYWD:517,NO-ROWS,"Primary review: taxonomy, icon, categorization, bestiary, or UI-framework records do not encode a deliberate player devotional act or outcome.",,REJECTED
a4a2061d91c49963,NQ083,NQ,Interface - HUD,Object Categorization Framework,OCF.esp,D:\Wabbajack\modlists\ARR 2.5\mods\Object Categorization Framework\OCF.esp,SIGNAL:000AC7:OCF.esp,SIGNAL,read,FormList,000AC7:OCF.esp,OCF_FL_LIGH_HeldGlowstick,,,,Direct selected-signature raw-file enumeration.,FLST:238|KYWD:517,NO-ROWS,"Primary review: taxonomy, icon, categorization, bestiary, or UI-framework records do not encode a deliberate player devotional act or outcome.",,REJECTED
a4a2061d91c49963,NQ083,NQ,Interface - HUD,Object Categorization Framework,OCF.esp,D:\Wabbajack\modlists\ARR 2.5\mods\Object Categorization Framework\OCF.esp,SIGNAL:000AC8:OCF.esp,SIGNAL,read,FormList,000AC8:OCF.esp,OCF_FL_LIGH_HeldElementPoison,,,,Direct selected-signature raw-file enumeration.,FLST:238|KYWD:517,NO-ROWS,"Primary review: taxonomy, icon, categorization, bestiary, or UI-framework records do not encode a deliberate player devotional act or outcome.",,REJECTED
a4a2061d91c49963,NQ083,NQ,Interface - HUD,Object Categorization Framework,OCF.esp,D:\Wabbajack\modlists\ARR 2.5\mods\Object Categorization Framework\OCF.esp,SIGNAL:000AC9:OCF.esp,SIGNAL,read,FormList,000AC9:OCF.esp,OCF_FL_LIGH_HeldElementBlood,,,,Direct selected-signature raw-file enumeration.,FLST:238|KYWD:517,NO-ROWS,"Primary review: taxonomy, icon, categorization, bestiary, or UI-framework records do not encode a deliberate player devotional act or outcome.",,REJECTED
a4a2061d91c49963,NQ083,NQ,Interface - HUD,Object Categorization Framework,OCF.esp,D:\Wabbajack\modlists\ARR 2.5\mods\Object Categorization Framework\OCF.esp,SIGNAL:000ACA:OCF.esp,SIGNAL,read,FormList,000ACA:OCF.esp,OCF_FL_DOOR_Portal,,,,Direct selected-signature raw-file enumeration.,FLST:238|KYWD:517,NO-ROWS,"Primary review: taxonomy, icon, categorization, bestiary, or UI-framework records do not encode a deliberate player devotional act or outcome.",,REJECTED
a4a2061d91c49963,NQ083,NQ,Interface - HUD,Object Categorization Framework,OCF.esp,D:\Wabbajack\modlists\ARR 2.5\mods\Object Categorization Framework\OCF.esp,SIGNAL:000ACB:OCF.esp,SIGNAL,read,FormList,000ACB:OCF.esp,OCF_FL_WRLD_Mundus_InteriorCave,,,,Direct selected-signature raw-file enumeration.,FLST:238|KYWD:517,NO-ROWS,"Primary review: taxonomy, icon, categorization, bestiary, or UI-framework records do not encode a deliberate player devotional act or outcome.",,REJECTED
a4a2061d91c49963,NQ083,NQ,Interface - HUD,Object Categorization Framework,OCF.esp,D:\Wabbajack\modlists\ARR 2.5\mods\Object Categorization Framework\OCF.esp,SIGNAL:000ACC:OCF.esp,SIGNAL,read,FormList,000ACC:OCF.esp,OCF_FL_WRLD_Mundus_InteriorSettlement,,,,Direct selected-signature raw-file enumeration.,FLST:238|KYWD:517,NO-ROWS,"Primary review: taxonomy, icon, categorization, bestiary, or UI-framework records do not encode a deliberate player devotional act or outcome.",,REJECTED
a4a2061d91c49963,NQ083,NQ,Interface - HUD,Object Categorization Framework,OCF.esp,D:\Wabbajack\modlists\ARR 2.5\mods\Object Categorization Framework\OCF.esp,SIGNAL:000ACD:OCF.esp,SIGNAL,read,FormList,000ACD:OCF.esp,OCF_FL_AMMO_Playable,,,,Direct selected-signature raw-file enumeration.,FLST:238|KYWD:517,NO-ROWS,"Primary review: taxonomy, icon, categorization, bestiary, or UI-framework records do not encode a deliberate player devotional act or outcome.",,REJECTED
a4a2061d91c49963,NQ083,NQ,Interface - HUD,Object Categorization Framework,OCF.esp,D:\Wabbajack\modlists\ARR 2.5\mods\Object Categorization Framework\OCF.esp,SIGNAL:000ACE:OCF.esp,SIGNAL,read,FormList,000ACE:OCF.esp,OCF_FL_AMMO_Unplayable,,,,Direct selected-signature raw-file enumeration.,FLST:238|KYWD:517,NO-ROWS,"Primary review: taxonomy, icon, categorization, bestiary, or UI-framework records do not encode a deliberate player devotional act or outcome.",,REJECTED
a4a2061d91c49963,NQ083,NQ,Interface - HUD,Object Categorization Framework,OCF.esp,D:\Wabbajack\modlists\ARR 2.5\mods\Object Categorization Framework\OCF.esp,SIGNAL:000ACF:OCF.esp,SIGNAL,read,FormList,000ACF:OCF.esp,OCF_FL_AMMO_UnplayableArrow,,,,Direct selected-signature raw-file enumeration.,FLST:238|KYWD:517,NO-ROWS,"Primary review: taxonomy, icon, categorization, bestiary, or UI-framework records do not encode a deliberate player devotional act or outcome.",,REJECTED
a4a2061d91c49963,NQ083,NQ,Interface - HUD,Object Categorization Framework,OCF.esp,D:\Wabbajack\modlists\ARR 2.5\mods\Object Categorization Framework\OCF.esp,SIGNAL:000AD0:OCF.esp,SIGNAL,read,FormList,000AD0:OCF.esp,OCF_FL_AMMO_UnplayableBolt,,,,Direct selected-signature raw-file enumeration.,FLST:238|KYWD:517,NO-ROWS,"Primary review: taxonomy, icon, categorization, bestiary, or UI-framework records do not encode a deliberate player devotional act or outcome.",,REJECTED
a4a2061d91c49963,NQ083,NQ,Interface - HUD,Object Categorization Framework,OCF.esp,D:\Wabbajack\modlists\ARR 2.5\mods\Object Categorization Framework\OCF.esp,SIGNAL:000AD1:OCF.esp,SIGNAL,read,FormList,000AD1:OCF.esp,OCF_FL_AMMO_UnplayableBullet,,,,Direct selected-signature raw-file enumeration.,FLST:238|KYWD:517,NO-ROWS,"Primary review: taxonomy, icon, categorization, bestiary, or UI-framework records do not encode a deliberate player devotional act or outcome.",,REJECTED
a4a2061d91c49963,NQ083,NQ,Interface - HUD,Object Categorization Framework,OCF.esp,D:\Wabbajack\modlists\ARR 2.5\mods\Object Categorization Framework\OCF.esp,SIGNAL:000AD2:OCF.esp,SIGNAL,read,FormList,000AD2:OCF.esp,OCF_FL_AMMO_UnplayableDart,,,,Direct selected-signature raw-file enumeration.,FLST:238|KYWD:517,NO-ROWS,"Primary review: taxonomy, icon, categorization, bestiary, or UI-framework records do not encode a deliberate player devotional act or outcome.",,REJECTED
a4a2061d91c49963,NQ083,NQ,Interface - HUD,Object Categorization Framework,OCF.esp,D:\Wabbajack\modlists\ARR 2.5\mods\Object Categorization Framework\OCF.esp,SIGNAL:000AD3:OCF.esp,SIGNAL,read,FormList,000AD3:OCF.esp,OCF_FL_AMMO_UnplayableSlingshot,,,,Direct selected-signature raw-file enumeration.,FLST:238|KYWD:517,NO-ROWS,"Primary review: taxonomy, icon, categorization, bestiary, or UI-framework records do not encode a deliberate player devotional act or outcome.",,REJECTED
a4a2061d91c49963,NQ083,NQ,Interface - HUD,Object Categorization Framework,OCF.esp,D:\Wabbajack\modlists\ARR 2.5\mods\Object Categorization Framework\OCF.esp,SIGNAL:000AD4:OCF.esp,SIGNAL,read,FormList,000AD4:OCF.esp,OCF_FL_CELL_Hot,,,,Direct selected-signature raw-file enumeration.,FLST:238|KYWD:517,NO-ROWS,"Primary review: taxonomy, icon, categorization, bestiary, or UI-framework records do not encode a deliberate player devotional act or outcome.",,REJECTED
a4a2061d91c49963,NQ083,NQ,Interface - HUD,Object Categorization Framework,OCF.esp,D:\Wabbajack\modlists\ARR 2.5\mods\Object Categorization Framework\OCF.esp,SIGNAL:000AD5:OCF.esp,SIGNAL,read,FormList,000AD5:OCF.esp,OCF_FL_CELL_ExtraPlanar,,,,Direct selected-signature raw-file enumeration.,FLST:238|KYWD:517,NO-ROWS,"Primary review: taxonomy, icon, categorization, bestiary, or UI-framework records do not encode a deliberate player devotional act or outcome.",,REJECTED
a4a2061d91c49963,NQ083,NQ,Interface - HUD,Object Categorization Framework,OCF.esp,D:\Wabbajack\modlists\ARR 2.5\mods\Object Categorization Framework\OCF.esp,SIGNAL:000AD6:OCF.esp,SIGNAL,read,FormList,000AD6:OCF.esp,OCF_FL_WRLD_Cold,,,,Direct selected-signature raw-file enumeration.,FLST:238|KYWD:517,NO-ROWS,"Primary review: taxonomy, icon, categorization, bestiary, or UI-framework records do not encode a deliberate player devotional act or outcome.",,REJECTED
a4a2061d91c49963,NQ083,NQ,Interface - HUD,Object Categorization Framework,OCF.esp,D:\Wabbajack\modlists\ARR 2.5\mods\Object Categorization Framework\OCF.esp,SIGNAL:000AD7:OCF.esp,SIGNAL,read,FormList,000AD7:OCF.esp,OCF_FL_WRLD_Hot,,,,Direct selected-signature raw-file enumeration.,FLST:238|KYWD:517,NO-ROWS,"Primary review: taxonomy, icon, categorization, bestiary, or UI-framework records do not encode a deliberate player devotional act or outcome.",,REJECTED
a4a2061d91c49963,NQ083,NQ,Interface - HUD,Object Categorization Framework,OCF.esp,D:\Wabbajack\modlists\ARR 2.5\mods\Object Categorization Framework\OCF.esp,SIGNAL:000AD8:OCF.esp,SIGNAL,read,FormList,000AD8:OCF.esp,OCF_FL_TREE_FlorOther_Other,,,,Direct selected-signature raw-file enumeration.,FLST:238|KYWD:517,NO-ROWS,"Primary review: taxonomy, icon, categorization, bestiary, or UI-framework records do not encode a deliberate player devotional act or outcome.",,REJECTED
a4a2061d91c49963,NQ083,NQ,Interface - HUD,Object Categorization Framework,OCF.esp,D:\Wabbajack\modlists\ARR 2.5\mods\Object Categorization Framework\OCF.esp,SIGNAL:000AD9:OCF.esp,SIGNAL,read,FormList,000AD9:OCF.esp,OCF_FL_TREE_FlorPlant_SoulHusk,,,,Direct selected-signature raw-file enumeration.,FLST:238|KYWD:517,NO-ROWS,"Primary review: taxonomy, icon, categorization, bestiary, or UI-framework records do not encode a deliberate player devotional act or outcome.",,REJECTED
a4a2061d91c49963,NQ083,NQ,Interface - HUD,Object Categorization Framework,OCF.esp,D:\Wabbajack\modlists\ARR 2.5\mods\Object Categorization Framework\OCF.esp,SIGNAL:000ADA:OCF.esp,SIGNAL,read,FormList,000ADA:OCF.esp,OCF_FL_TREE_FlorBirdNest,,,,Direct selected-signature raw-file enumeration.,FLST:238|KYWD:517,NO-ROWS,"Primary review: taxonomy, icon, categorization, bestiary, or UI-framework records do not encode a deliberate player devotional act or outcome.",,REJECTED
a4a2061d91c49963,NQ083,NQ,Interface - HUD,Object Categorization Framework,OCF.esp,D:\Wabbajack\modlists\ARR 2.5\mods\Object Categorization Framework\OCF.esp,SIGNAL:000ADB:OCF.esp,SIGNAL,read,FormList,000ADB:OCF.esp,OCF_FL_TREE_FlorEggSac,,,,Direct selected-signature raw-file enumeration.,FLST:238|KYWD:517,NO-ROWS,"Primary review: taxonomy, icon, categorization, bestiary, or UI-framework records do not encode a deliberate player devotional act or outcome.",,REJECTED
a4a2061d91c49963,NQ083,NQ,Interface - HUD,Object Categorization Framework,OCF.esp,D:\Wabbajack\modlists\ARR 2.5\mods\Object Categorization Framework\OCF.esp,SIGNAL:000ADC:OCF.esp,SIGNAL,read,FormList,000ADC:OCF.esp,OCF_FL_EXPL_ElementArcane,,,,Direct selected-signature raw-file enumeration.,FLST:238|KYWD:517,NO-ROWS,"Primary review: taxonomy, icon, categorization, bestiary, or UI-framework records do not encode a deliberate player devotional act or outcome.",,REJECTED
a4a2061d91c49963,NQ083,NQ,Interface - HUD,Object Categorization Framework,OCF.esp,D:\Wabbajack\modlists\ARR 2.5\mods\Object Categorization Framework\OCF.esp,SIGNAL:000ADD:OCF.esp,SIGNAL,read,FormList,000ADD:OCF.esp,OCF_FL_EXPL_ElementArcaneFire,,,,Direct selected-signature raw-file enumeration.,FLST:238|KYWD:517,NO-ROWS,"Primary review: taxonomy, icon, categorization, bestiary, or UI-framework records do not encode a deliberate player devotional act or outcome.",,REJECTED
a4a2061d91c49963,NQ083,NQ,Interface - HUD,Object Categorization Framework,OCF.esp,D:\Wabbajack\modlists\ARR 2.5\mods\Object Categorization Framework\OCF.esp,SIGNAL:000ADE:OCF.esp,SIGNAL,read,FormList,000ADE:OCF.esp,OCF_FL_EXPL_ElementAshFire,,,,Direct selected-signature raw-file enumeration.,FLST:238|KYWD:517,NO-ROWS,"Primary review: taxonomy, icon, categorization, bestiary, or UI-framework records do not encode a deliberate player devotional act or outcome.",,REJECTED
a4a2061d91c49963,NQ083,NQ,Interface - HUD,Object Categorization Framework,OCF.esp,D:\Wabbajack\modlists\ARR 2.5\mods\Object Categorization Framework\OCF.esp,SIGNAL:000ADF:OCF.esp,SIGNAL,read,FormList,000ADF:OCF.esp,OCF_FL_EXPL_ElementFireShock,,,,Direct selected-signature raw-file enumeration.,FLST:238|KYWD:517,NO-ROWS,"Primary review: taxonomy, icon, categorization, bestiary, or UI-framework records do not encode a deliberate player devotional act or outcome.",,REJECTED
a4a2061d91c49963,NQ083,NQ,Interface - HUD,Object Categorization Framework,OCF.esp,D:\Wabbajack\modlists\ARR 2.5\mods\Object Categorization Framework\OCF.esp,SIGNAL:000AE0:OCF.esp,SIGNAL,read,FormList,000AE0:OCF.esp,OCF_FL_EXPL_ElementFireShockFrost,,,,Direct selected-signature raw-file enumeration.,FLST:238|KYWD:517,NO-ROWS,"Primary review: taxonomy, icon, categorization, bestiary, or UI-framework records do not encode a deliberate player devotional act or outcome.",,REJECTED
a4a2061d91c49963,NQ083,NQ,Interface - HUD,Object Categorization Framework,OCF.esp,D:\Wabbajack\modlists\ARR 2.5\mods\Object Categorization Framework\OCF.esp,SIGNAL:000AE1:OCF.esp,SIGNAL,read,FormList,000AE1:OCF.esp,OCF_FL_EXPL_ElementNecroticFire,,,,Direct selected-signature raw-file enumeration.,FLST:238|KYWD:517,NO-ROWS,"Primary review: taxonomy, icon, categorization, bestiary, or UI-framework records do not encode a deliberate player devotional act or outcome.",,REJECTED
a4a2061d91c49963,NQ083,NQ,Interface - HUD,Object Categorization Framework,OCF.esp,D:\Wabbajack\modlists\ARR 2.5\mods\Object Categorization Framework\OCF.esp,SIGNAL:000AE2:OCF.esp,SIGNAL,read,FormList,000AE2:OCF.esp,OCF_FL_HAZD_ElementArcane,,,,Direct selected-signature raw-file enumeration.,FLST:238|KYWD:517,NO-ROWS,"Primary review: taxonomy, icon, categorization, bestiary, or UI-framework records do not encode a deliberate player devotional act or outcome.",,REJECTED
a4a2061d91c49963,NQ083,NQ,Interface - HUD,Object Categorization Framework,OCF.esp,D:\Wabbajack\modlists\ARR 2.5\mods\Object Categorization Framework\OCF.esp,SIGNAL:000AE3:OCF.esp,SIGNAL,read,FormList,000AE3:OCF.esp,OCF_FL_HAZD_ElementArcaneFire,,,,Direct selected-signature raw-file enumeration.,FLST:238|KYWD:517,NO-ROWS,"Primary review: taxonomy, icon, categorization, bestiary, or UI-framework records do not encode a deliberate player devotional act or outcome.",,REJECTED
a4a2061d91c49963,NQ083,NQ,Interface - HUD,Object Categorization Framework,OCF.esp,D:\Wabbajack\modlists\ARR 2.5\mods\Object Categorization Framework\OCF.esp,SIGNAL:000AE4:OCF.esp,SIGNAL,read,FormList,000AE4:OCF.esp,OCF_FL_HAZD_ElementAsh,,,,Direct selected-signature raw-file enumeration.,FLST:238|KYWD:517,NO-ROWS,"Primary review: taxonomy, icon, categorization, bestiary, or UI-framework records do not encode a deliberate player devotional act or outcome.",,REJECTED
a4a2061d91c49963,NQ083,NQ,Interface - HUD,Object Categorization Framework,OCF.esp,D:\Wabbajack\modlists\ARR 2.5\mods\Object Categorization Framework\OCF.esp,SIGNAL:000AE5:OCF.esp,SIGNAL,read,FormList,000AE5:OCF.esp,OCF_FL_HAZD_ElementAshFire,,,,Direct selected-signature raw-file enumeration.,FLST:238|KYWD:517,NO-ROWS,"Primary review: taxonomy, icon, categorization, bestiary, or UI-framework records do not encode a deliberate player devotional act or outcome.",,REJECTED
a4a2061d91c49963,NQ083,NQ,Interface - HUD,Object Categorization Framework,OCF.esp,D:\Wabbajack\modlists\ARR 2.5\mods\Object Categorization Framework\OCF.esp,SIGNAL:000AE6:OCF.esp,SIGNAL,read,FormList,000AE6:OCF.esp,OCF_FL_HAZD_ElementFireShock,,,,Direct selected-signature raw-file enumeration.,FLST:238|KYWD:517,NO-ROWS,"Primary review: taxonomy, icon, categorization, bestiary, or UI-framework records do not encode a deliberate player devotional act or outcome.",,REJECTED
a4a2061d91c49963,NQ083,NQ,Interface - HUD,Object Categorization Framework,OCF.esp,D:\Wabbajack\modlists\ARR 2.5\mods\Object Categorization Framework\OCF.esp,SIGNAL:000AE7:OCF.esp,SIGNAL,read,FormList,000AE7:OCF.esp,OCF_FL_HAZD_ElementFireShockFrost,,,,Direct selected-signature raw-file enumeration.,FLST:238|KYWD:517,NO-ROWS,"Primary review: taxonomy, icon, categorization, bestiary, or UI-framework records do not encode a deliberate player devotional act or outcome.",,REJECTED
a4a2061d91c49963,NQ083,NQ,Interface - HUD,Object Categorization Framework,OCF.esp,D:\Wabbajack\modlists\ARR 2.5\mods\Object Categorization Framework\OCF.esp,SIGNAL:000AE8:OCF.esp,SIGNAL,read,FormList,000AE8:OCF.esp,OCF_FL_HAZD_ElementNecroticFire,,,,Direct selected-signature raw-file enumeration.,FLST:238|KYWD:517,NO-ROWS,"Primary review: taxonomy, icon, categorization, bestiary, or UI-framework records do not encode a deliberate player devotional act or outcome.",,REJECTED
a4a2061d91c49963,NQ083,NQ,Interface - HUD,Object Categorization Framework,OCF.esp,D:\Wabbajack\modlists\ARR 2.5\mods\Object Categorization Framework\OCF.esp,SIGNAL:000AE9:OCF.esp,SIGNAL,read,FormList,000AE9:OCF.esp,OCF_FL_HAZD_ElementSteam,,,,Direct selected-signature raw-file enumeration.,FLST:238|KYWD:517,NO-ROWS,"Primary review: taxonomy, icon, categorization, bestiary, or UI-framework records do not encode a deliberate player devotional act or outcome.",,REJECTED
a4a2061d91c49963,NQ083,NQ,Interface - HUD,Object Categorization Framework,OCF.esp,D:\Wabbajack\modlists\ARR 2.5\mods\Object Categorization Framework\OCF.esp,SIGNAL:000AEA:OCF.esp,SIGNAL,read,FormList,000AEA:OCF.esp,OCF_FL_HAZD_ElementWater,,,,Direct selected-signature raw-file enumeration.,FLST:238|KYWD:517,NO-ROWS,"Primary review: taxonomy, icon, categorization, bestiary, or UI-framework records do not encode a deliberate player devotional act or outcome.",,REJECTED
a4a2061d91c49963,NQ083,NQ,Interface - HUD,Object Categorization Framework,OCF.esp,D:\Wabbajack\modlists\ARR 2.5\mods\Object Categorization Framework\OCF.esp,SIGNAL:000AEB:OCF.esp,SIGNAL,read,FormList,000AEB:OCF.esp,OCF_FL_HAZD_ElementWind,,,,Direct selected-signature raw-file enumeration.,FLST:238|KYWD:517,NO-ROWS,"Primary review: taxonomy, icon, categorization, bestiary, or UI-framework records do not encode a deliberate player devotional act or outcome.",,REJECTED
a4a2061d91c49963,NQ083,NQ,Interface - HUD,Object Categorization Framework,OCF.esp,D:\Wabbajack\modlists\ARR 2.5\mods\Object Categorization Framework\OCF.esp,SIGNAL:000AEC:OCF.esp,SIGNAL,read,FormList,000AEC:OCF.esp,OCF_FL_HAZD_ElementHolySun,,,,Direct selected-signature raw-file enumeration.,FLST:238|KYWD:517,NO-ROWS,"Primary review: taxonomy, icon, categorization, bestiary, or UI-framework records do not encode a deliberate player devotional act or outcome.",,REJECTED
a4a2061d91c49963,NQ083,NQ,Interface - HUD,Object Categorization Framework,OCF.esp,D:\Wabbajack\modlists\ARR 2.5\mods\Object Categorization Framework\OCF.esp,SIGNAL:000AED:OCF.esp,SIGNAL,read,FormList,000AED:OCF.esp,OCF_FL_LIGH_HeldElementArcane,,,,Direct selected-signature raw-file enumeration.,FLST:238|KYWD:517,NO-ROWS,"Primary review: taxonomy, icon, categorization, bestiary, or UI-framework records do not encode a deliberate player devotional act or outcome.",,REJECTED
a4a2061d91c49963,NQ083,NQ,Interface - HUD,Object Categorization Framework,OCF.esp,D:\Wabbajack\modlists\ARR 2.5\mods\Object Categorization Framework\OCF.esp,SIGNAL:000AEE:OCF.esp,SIGNAL,read,FormList,000AEE:OCF.esp,OCF_FL_LIGH_HeldElementArcaneFire,,,,Direct selected-signature raw-file enumeration.,FLST:238|KYWD:517,NO-ROWS,"Primary review: taxonomy, icon, categorization, bestiary, or UI-framework records do not encode a deliberate player devotional act or outcome.",,REJECTED
a4a2061d91c49963,NQ083,NQ,Interface - HUD,Object Categorization Framework,OCF.esp,D:\Wabbajack\modlists\ARR 2.5\mods\Object Categorization Framework\OCF.esp,SIGNAL:000AEF:OCF.esp,SIGNAL,read,FormList,000AEF:OCF.esp,OCF_FL_LIGH_HeldElementAsh,,,,Direct selected-signature raw-file enumeration.,FLST:238|KYWD:517,NO-ROWS,"Primary review: taxonomy, icon, categorization, bestiary, or UI-framework records do not encode a deliberate player devotional act or outcome.",,REJECTED
a4a2061d91c49963,NQ083,NQ,Interface - HUD,Object Categorization Framework,OCF.esp,D:\Wabbajack\modlists\ARR 2.5\mods\Object Categorization Framework\OCF.esp,SIGNAL:000AF0:OCF.esp,SIGNAL,read,FormList,000AF0:OCF.esp,OCF_FL_LIGH_HeldElementAshFire,,,,Direct selected-signature raw-file enumeration.,FLST:238|KYWD:517,NO-ROWS,"Primary review: taxonomy, icon, categorization, bestiary, or UI-framework records do not encode a deliberate player devotional act or outcome.",,REJECTED
a4a2061d91c49963,NQ083,NQ,Interface - HUD,Object Categorization Framework,OCF.esp,D:\Wabbajack\modlists\ARR 2.5\mods\Object Categorization Framework\OCF.esp,SIGNAL:000AF1:OCF.esp,SIGNAL,read,FormList,000AF1:OCF.esp,OCF_FL_LIGH_HeldElementAstral,,,,Direct selected-signature raw-file enumeration.,FLST:238|KYWD:517,NO-ROWS,"Primary review: taxonomy, icon, categorization, bestiary, or UI-framework records do not encode a deliberate player devotional act or outcome.",,REJECTED
a4a2061d91c49963,NQ083,NQ,Interface - HUD,Object Categorization Framework,OCF.esp,D:\Wabbajack\modlists\ARR 2.5\mods\Object Categorization Framework\OCF.esp,SIGNAL:000AF2:OCF.esp,SIGNAL,read,FormList,000AF2:OCF.esp,OCF_FL_LIGH_HeldElementEarth,,,,Direct selected-signature raw-file enumeration.,FLST:238|KYWD:517,NO-ROWS,"Primary review: taxonomy, icon, categorization, bestiary, or UI-framework records do not encode a deliberate player devotional act or outcome.",,REJECTED
a4a2061d91c49963,NQ083,NQ,Interface - HUD,Object Categorization Framework,OCF.esp,D:\Wabbajack\modlists\ARR 2.5\mods\Object Categorization Framework\OCF.esp,SIGNAL:000AF3:OCF.esp,SIGNAL,read,FormList,000AF3:OCF.esp,OCF_FL_LIGH_HeldElementFireShock,,,,Direct selected-signature raw-file enumeration.,FLST:238|KYWD:517,NO-ROWS,"Primary review: taxonomy, icon, categorization, bestiary, or UI-framework records do not encode a deliberate player devotional act or outcome.",,REJECTED
a4a2061d91c49963,NQ083,NQ,Interface - HUD,Object Categorization Framework,OCF.esp,D:\Wabbajack\modlists\ARR 2.5\mods\Object Categorization Framework\OCF.esp,SIGNAL:000AF4:OCF.esp,SIGNAL,read,FormList,000AF4:OCF.esp,OCF_FL_LIGH_HeldElementFireShockFrost,,,,Direct selected-signature raw-file enumeration.,FLST:238|KYWD:517,NO-ROWS,"Primary review: taxonomy, icon, categorization, bestiary, or UI-framework records do not encode a deliberate player devotional act or outcome.",,REJECTED
a4a2061d91c49963,NQ083,NQ,Interface - HUD,Object Categorization Framework,OCF.esp,D:\Wabbajack\modlists\ARR 2.5\mods\Object Categorization Framework\OCF.esp,SIGNAL:000AF5:OCF.esp,SIGNAL,read,FormList,000AF5:OCF.esp,OCF_FL_LIGH_HeldElementHolyLunar,,,,Direct selected-signature raw-file enumeration.,FLST:238|KYWD:517,NO-ROWS,"Primary review: taxonomy, icon, categorization, bestiary, or UI-framework records do not encode a deliberate player devotional act or outcome.",,REJECTED
a4a2061d91c49963,NQ083,NQ,Interface - HUD,Object Categorization Framework,OCF.esp,D:\Wabbajack\modlists\ARR 2.5\mods\Object Categorization Framework\OCF.esp,SIGNAL:000AF6:OCF.esp,SIGNAL,read,FormList,000AF6:OCF.esp,OCF_FL_LIGH_HeldElementNecrotic,,,,Direct selected-signature raw-file enumeration.,FLST:238|KYWD:517,NO-ROWS,"Primary review: taxonomy, icon, categorization, bestiary, or UI-framework records do not encode a deliberate player devotional act or outcome.",,REJECTED
a4a2061d91c49963,NQ083,NQ,Interface - HUD,Object Categorization Framework,OCF.esp,D:\Wabbajack\modlists\ARR 2.5\mods\Object Categorization Framework\OCF.esp,SIGNAL:000AF7:OCF.esp,SIGNAL,read,FormList,000AF7:OCF.esp,OCF_FL_LIGH_HeldElementNecroticFire,,,,Direct selected-signature raw-file enumeration.,FLST:238|KYWD:517,NO-ROWS,"Primary review: taxonomy, icon, categorization, bestiary, or UI-framework records do not encode a deliberate player devotional act or outcome.",,REJECTED
a4a2061d91c49963,NQ083,NQ,Interface - HUD,Object Categorization Framework,OCF.esp,D:\Wabbajack\modlists\ARR 2.5\mods\Object Categorization Framework\OCF.esp,SIGNAL:000AF8:OCF.esp,SIGNAL,read,FormList,000AF8:OCF.esp,OCF_FL_LIGH_HeldElementShadow,,,,Direct selected-signature raw-file enumeration.,FLST:238|KYWD:517,NO-ROWS,"Primary review: taxonomy, icon, categorization, bestiary, or UI-framework records do not encode a deliberate player devotional act or outcome.",,REJECTED
a4a2061d91c49963,NQ083,NQ,Interface - HUD,Object Categorization Framework,OCF.esp,D:\Wabbajack\modlists\ARR 2.5\mods\Object Categorization Framework\OCF.esp,SIGNAL:000AF9:OCF.esp,SIGNAL,read,FormList,000AF9:OCF.esp,OCF_FL_LIGH_HeldElementSteam,,,,Direct selected-signature raw-file enumeration.,FLST:238|KYWD:517,NO-ROWS,"Primary review: taxonomy, icon, categorization, bestiary, or UI-framework records do not encode a deliberate player devotional act or outcome.",,REJECTED
a4a2061d91c49963,NQ083,NQ,Interface - HUD,Object Categorization Framework,OCF.esp,D:\Wabbajack\modlists\ARR 2.5\mods\Object Categorization Framework\OCF.esp,SIGNAL:000AFA:OCF.esp,SIGNAL,read,FormList,000AFA:OCF.esp,OCF_FL_LIGH_HeldElementWater,,,,Direct selected-signature raw-file enumeration.,FLST:238|KYWD:517,NO-ROWS,"Primary review: taxonomy, icon, categorization, bestiary, or UI-framework records do not encode a deliberate player devotional act or outcome.",,REJECTED
a4a2061d91c49963,NQ083,NQ,Interface - HUD,Object Categorization Framework,OCF.esp,D:\Wabbajack\modlists\ARR 2.5\mods\Object Categorization Framework\OCF.esp,SIGNAL:000AFB:OCF.esp,SIGNAL,read,FormList,000AFB:OCF.esp,OCF_FL_LIGH_HeldElementWind,,,,Direct selected-signature raw-file enumeration.,FLST:238|KYWD:517,NO-ROWS,"Primary review: taxonomy, icon, categorization, bestiary, or UI-framework records do not encode a deliberate player devotional act or outcome.",,REJECTED
a4a2061d91c49963,NQ083,NQ,Interface - HUD,Object Categorization Framework,OCF.esp,D:\Wabbajack\modlists\ARR 2.5\mods\Object Categorization Framework\OCF.esp,SIGNAL:000AFC:OCF.esp,SIGNAL,read,FormList,000AFC:OCF.esp,OCF_FL_PROJ_ElementArcane,,,,Direct selected-signature raw-file enumeration.,FLST:238|KYWD:517,NO-ROWS,"Primary review: taxonomy, icon, categorization, bestiary, or UI-framework records do not encode a deliberate player devotional act or outcome.",,REJECTED
a4a2061d91c49963,NQ083,NQ,Interface - HUD,Object Categorization Framework,OCF.esp,D:\Wabbajack\modlists\ARR 2.5\mods\Object Categorization Framework\OCF.esp,SIGNAL:000AFD:OCF.esp,SIGNAL,read,FormList,000AFD:OCF.esp,OCF_FL_PROJ_ElementArcaneFire,,,,Direct selected-signature raw-file enumeration.,FLST:238|KYWD:517,NO-ROWS,"Primary review: taxonomy, icon, categorization, bestiary, or UI-framework records do not encode a deliberate player devotional act or outcome.",,REJECTED
a4a2061d91c49963,NQ083,NQ,Interface - HUD,Object Categorization Framework,OCF.esp,D:\Wabbajack\modlists\ARR 2.5\mods\Object Categorization Framework\OCF.esp,SIGNAL:000AFE:OCF.esp,SIGNAL,read,FormList,000AFE:OCF.esp,OCF_FL_PROJ_ElementAshFire,,,,Direct selected-signature raw-file enumeration.,FLST:238|KYWD:517,NO-ROWS,"Primary review: taxonomy, icon, categorization, bestiary, or UI-framework records do not encode a deliberate player devotional act or outcome.",,REJECTED
a4a2061d91c49963,NQ083,NQ,Interface - HUD,Object Categorization Framework,OCF.esp,D:\Wabbajack\modlists\ARR 2.5\mods\Object Categorization Framework\OCF.esp,SIGNAL:000AFF:OCF.esp,SIGNAL,read,FormList,000AFF:OCF.esp,OCF_FL_PROJ_ElementFireShock,,,,Direct selected-signature raw-file enumeration.,FLST:238|KYWD:517,NO-ROWS,"Primary review: taxonomy, icon, categorization, bestiary, or UI-framework records do not encode a deliberate player devotional act or outcome.",,REJECTED
a4a2061d91c49963,NQ083,NQ,Interface - HUD,Object Categorization Framework,OCF.esp,D:\Wabbajack\modlists\ARR 2.5\mods\Object Categorization Framework\OCF.esp,SIGNAL:000B00:OCF.esp,SIGNAL,read,FormList,000B00:OCF.esp,OCF_FL_PROJ_ElementFireShockFrost,,,,Direct selected-signature raw-file enumeration.,FLST:238|KYWD:517,NO-ROWS,"Primary review: taxonomy, icon, categorization, bestiary, or UI-framework records do not encode a deliberate player devotional act or outcome.",,REJECTED
a4a2061d91c49963,NQ083,NQ,Interface - HUD,Object Categorization Framework,OCF.esp,D:\Wabbajack\modlists\ARR 2.5\mods\Object Categorization Framework\OCF.esp,SIGNAL:000B01:OCF.esp,SIGNAL,read,FormList,000B01:OCF.esp,OCF_FL_PROJ_ElementNecroticFire,,,,Direct selected-signature raw-file enumeration.,FLST:238|KYWD:517,NO-ROWS,"Primary review: taxonomy, icon, categorization, bestiary, or UI-framework records do not encode a deliberate player devotional act or outcome.",,REJECTED
a4a2061d91c49963,NQ083,NQ,Interface - HUD,Object Categorization Framework,OCF.esp,D:\Wabbajack\modlists\ARR 2.5\mods\Object Categorization Framework\OCF.esp,SIGNAL:000B02:OCF.esp,SIGNAL,read,FormList,000B02:OCF.esp,OCF_FL_HDPT_Hair,,,,Direct selected-signature raw-file enumeration.,FLST:238|KYWD:517,NO-ROWS,"Primary review: taxonomy, icon, categorization, bestiary, or UI-framework records do not encode a deliberate player devotional act or outcome.",,REJECTED
a4a2061d91c49963,NQ083,NQ,Interface - HUD,Object Categorization Framework,OCF.esp,D:\Wabbajack\modlists\ARR 2.5\mods\Object Categorization Framework\OCF.esp,SIGNAL:000997:Update.esm,SIGNAL,read,Keyword,000997:Update.esm,DA15WabbajackExcludedKeyword,,,,Direct selected-signature raw-file enumeration.,FLST:238|KYWD:517,NO-ROWS,"Primary review: taxonomy, icon, categorization, bestiary, or UI-framework records do not encode a deliberate player devotional act or outcome.",,REJECTED
a4a2061d91c49963,NQ083,NQ,Interface - HUD,Object Categorization Framework,OCF.esp,D:\Wabbajack\modlists\ARR 2.5\mods\Object Categorization Framework\OCF.esp,SIGNAL:00099F:Update.esm,SIGNAL,read,Keyword,00099F:Update.esm,WEDL06Letrush,,,,Direct selected-signature raw-file enumeration.,FLST:238|KYWD:517,NO-ROWS,"Primary review: taxonomy, icon, categorization, bestiary, or UI-framework records do not encode a deliberate player devotional act or outcome.",,REJECTED
a4a2061d91c49963,NQ083,NQ,Interface - HUD,Object Categorization Framework,OCF.esp,D:\Wabbajack\modlists\ARR 2.5\mods\Object Categorization Framework\OCF.esp,SIGNAL:0009A2:Update.esm,SIGNAL,read,Keyword,0009A2:Update.esm,ImmuneDragonPairedKill,,,,Direct selected-signature raw-file enumeration.,FLST:238|KYWD:517,NO-ROWS,"Primary review: taxonomy, icon, categorization, bestiary, or UI-framework records do not encode a deliberate player devotional act or outcome.",,REJECTED
a4a2061d91c49963,NQ083,NQ,Interface - HUD,Object Categorization Framework,OCF.esp,D:\Wabbajack\modlists\ARR 2.5\mods\Object Categorization Framework\OCF.esp,SIGNAL:0009B9:Update.esm,SIGNAL,read,Keyword,0009B9:Update.esm,ArmorMaterialForsworn,,,,Direct selected-signature raw-file enumeration.,FLST:238|KYWD:517,NO-ROWS,"Primary review: taxonomy, icon, categorization, bestiary, or UI-framework records do not encode a deliberate player devotional act or outcome.",,REJECTED
a4a2061d91c49963,NQ083,NQ,Interface - HUD,Object Categorization Framework,OCF.esp,D:\Wabbajack\modlists\ARR 2.5\mods\Object Categorization Framework\OCF.esp,SIGNAL:0009BA:Update.esm,SIGNAL,read,Keyword,0009BA:Update.esm,ArmorMaterialMS02Forsworn,,,,Direct selected-signature raw-file enumeration.,FLST:238|KYWD:517,NO-ROWS,"Primary review: taxonomy, icon, categorization, bestiary, or UI-framework records do not encode a deliberate player devotional act or outcome.",,REJECTED
a4a2061d91c49963,NQ083,NQ,Interface - HUD,Object Categorization Framework,OCF.esp,D:\Wabbajack\modlists\ARR 2.5\mods\Object Categorization Framework\OCF.esp,SIGNAL:0009BB:Update.esm,SIGNAL,read,Keyword,0009BB:Update.esm,ArmorMaterialPenitus,,,,Direct selected-signature raw-file enumeration.,FLST:238|KYWD:517,NO-ROWS,"Primary review: taxonomy, icon, categorization, bestiary, or UI-framework records do not encode a deliberate player devotional act or outcome.",,REJECTED
a4a2061d91c49963,NQ083,NQ,Interface - HUD,Object Categorization Framework,OCF.esp,D:\Wabbajack\modlists\ARR 2.5\mods\Object Categorization Framework\OCF.esp,SIGNAL:0009BC:Update.esm,SIGNAL,read,Keyword,0009BC:Update.esm,ArmorMaterialThievesGuild,,,,Direct selected-signature raw-file enumeration.,FLST:238|KYWD:517,NO-ROWS,"Primary review: taxonomy, icon, categorization, bestiary, or UI-framework records do not encode a deliberate player devotional act or outcome.",,REJECTED
a4a2061d91c49963,NQ083,NQ,Interface - HUD,Object Categorization Framework,OCF.esp,D:\Wabbajack\modlists\ARR 2.5\mods\Object Categorization Framework\OCF.esp,SIGNAL:0009BD:Update.esm,SIGNAL,read,Keyword,0009BD:Update.esm,ArmorMaterialFalmer,,,,Direct selected-signature raw-file enumeration.,FLST:238|KYWD:517,NO-ROWS,"Primary review: taxonomy, icon, categorization, bestiary, or UI-framework records do not encode a deliberate player devotional act or outcome.",,REJECTED
a4a2061d91c49963,NQ083,NQ,Interface - HUD,Object Categorization Framework,OCF.esp,D:\Wabbajack\modlists\ARR 2.5\mods\Object Categorization Framework\OCF.esp,SIGNAL:0009BE:Update.esm,SIGNAL,read,Keyword,0009BE:Update.esm,ArmorMaterialBearStormcloak,,,,Direct selected-signature raw-file enumeration.,FLST:238|KYWD:517,NO-ROWS,"Primary review: taxonomy, icon, categorization, bestiary, or UI-framework records do not encode a deliberate player devotional act or outcome.",,REJECTED
a4a2061d91c49963,NQ083,NQ,Interface - HUD,Object Categorization Framework,OCF.esp,D:\Wabbajack\modlists\ARR 2.5\mods\Object Categorization Framework\OCF.esp,SIGNAL:0009BF:Update.esm,SIGNAL,read,Keyword,0009BF:Update.esm,ArmorMaterialThievesGuildLeader,,,,Direct selected-signature raw-file enumeration.,FLST:238|KYWD:517,NO-ROWS,"Primary review: taxonomy, icon, categorization, bestiary, or UI-framework records do not encode a deliberate player devotional act or outcome.",,REJECTED
a4a2061d91c49963,NQ083,NQ,Interface - HUD,Object Categorization Framework,OCF.esp,D:\Wabbajack\modlists\ARR 2.5\mods\Object Categorization Framework\OCF.esp,SIGNAL:0009C0:Update.esm,SIGNAL,read,Keyword,0009C0:Update.esm,ArmorMaterialBlades,,,,Direct selected-signature raw-file enumeration.,FLST:238|KYWD:517,NO-ROWS,"Primary review: taxonomy, icon, categorization, bestiary, or UI-framework records do not encode a deliberate player devotional act or outcome.",,REJECTED
a4a2061d91c49963,NQ083,NQ,Interface - HUD,Object Categorization Framework,OCF.esp,D:\Wabbajack\modlists\ARR 2.5\mods\Object Categorization Framework\OCF.esp,SIGNAL:002ED8:Update.esm,SIGNAL,read,Keyword,002ED8:Update.esm,Survival_ArmorCold,,,,Direct selected-signature raw-file enumeration.,FLST:238|KYWD:517,NO-ROWS,"Primary review: taxonomy, icon, categorization, bestiary, or UI-framework records do not encode a deliberate player devotional act or outcome.",,REJECTED
a4a2061d91c49963,NQ083,NQ,Interface - HUD,Object Categorization Framework,OCF.esp,D:\Wabbajack\modlists\ARR 2.5\mods\Object Categorization Framework\OCF.esp,SIGNAL:002ED9:Update.esm,SIGNAL,read,Keyword,002ED9:Update.esm,Survival_ArmorWarm,,,,Direct selected-signature raw-file enumeration.,FLST:238|KYWD:517,NO-ROWS,"Primary review: taxonomy, icon, categorization, bestiary, or UI-framework records do not encode a deliberate player devotional act or outcome.",,REJECTED
a4a2061d91c49963,NQ083,NQ,Interface - HUD,Object Categorization Framework,OCF.esp,D:\Wabbajack\modlists\ARR 2.5\mods\Object Categorization Framework\OCF.esp,SIGNAL:002EDA:Update.esm,SIGNAL,read,Keyword,002EDA:Update.esm,MagicFlameCloak,,,,Direct selected-signature raw-file enumeration.,FLST:238|KYWD:517,NO-ROWS,"Primary review: taxonomy, icon, categorization, bestiary, or UI-framework records do not encode a deliberate player devotional act or outcome.",,REJECTED
a4a2061d91c49963,NQ083,NQ,Interface - HUD,Object Categorization Framework,OCF.esp,D:\Wabbajack\modlists\ARR 2.5\mods\Object Categorization Framework\OCF.esp,SIGNAL:002EDB:Update.esm,SIGNAL,read,Keyword,002EDB:Update.esm,Survival_BodyAndHead,,,,Direct selected-signature raw-file enumeration.,FLST:238|KYWD:517,NO-ROWS,"Primary review: taxonomy, icon, categorization, bestiary, or UI-framework records do not encode a deliberate player devotional act or outcome.",,REJECTED
a4a2061d91c49963,NQ083,NQ,Interface - HUD,Object Categorization Framework,OCF.esp,D:\Wabbajack\modlists\ARR 2.5\mods\Object Categorization Framework\OCF.esp,SIGNAL:002EDC:Update.esm,SIGNAL,read,Keyword,002EDC:Update.esm,Survival_LocTypeFreeShrineUse,,,,Direct selected-signature raw-file enumeration.,FLST:238|KYWD:517,NO-ROWS,"Primary review: taxonomy, icon, categorization, bestiary, or UI-framework records do not encode a deliberate player devotional act or outcome.",,REJECTED
a4a2061d91c49963,NQ083,NQ,Interface - HUD,Object Categorization Framework,OCF.esp,D:\Wabbajack\modlists\ARR 2.5\mods\Object Categorization Framework\OCF.esp,SIGNAL:002F95:Update.esm,SIGNAL,read,Keyword,002F95:Update.esm,ccDisallowSaddleSwap,,,,Direct selected-signature raw-file enumeration.,FLST:238|KYWD:517,NO-ROWS,"Primary review: taxonomy, icon, categorization, bestiary, or UI-framework records do not encode a deliberate player devotional act or outcome.",,REJECTED
a4a2061d91c49963,NQ083,NQ,Interface - HUD,Object Categorization Framework,OCF.esp,D:\Wabbajack\modlists\ARR 2.5\mods\Object Categorization Framework\OCF.esp,SIGNAL:003054:Update.esm,SIGNAL,read,Keyword,003054:Update.esm,CommandedVoiceExcluded,,,,Direct selected-signature raw-file enumeration.,FLST:238|KYWD:517,NO-ROWS,"Primary review: taxonomy, icon, categorization, bestiary, or UI-framework records do not encode a deliberate player devotional act or outcome.",,REJECTED
a4a2061d91c49963,NQ083,NQ,Interface - HUD,Object Categorization Framework,OCF.esp,D:\Wabbajack\modlists\ARR 2.5\mods\Object Categorization Framework\OCF.esp,SIGNAL:003093:Update.esm,SIGNAL,read,Keyword,003093:Update.esm,ccBGS_ActorTypeCustomPetResponse01_Stay,,,,Direct selected-signature raw-file enumeration.,FLST:238|KYWD:517,NO-ROWS,"Primary review: taxonomy, icon, categorization, bestiary, or UI-framework records do not encode a deliberate player devotional act or outcome.",,REJECTED
a4a2061d91c49963,NQ083,NQ,Interface - HUD,Object Categorization Framework,OCF.esp,D:\Wabbajack\modlists\ARR 2.5\mods\Object Categorization Framework\OCF.esp,SIGNAL:003094:Update.esm,SIGNAL,read,Keyword,003094:Update.esm,ccBGS_ActorTypeCustomPetResponse02_Wait,,,,Direct selected-signature raw-file enumeration.,FLST:238|KYWD:517,NO-ROWS,"Primary review: taxonomy, icon, categorization, bestiary, or UI-framework records do not encode a deliberate player devotional act or outcome.",,REJECTED
a4a2061d91c49963,NQ083,NQ,Interface - HUD,Object Categorization Framework,OCF.esp,D:\Wabbajack\modlists\ARR 2.5\mods\Object Categorization Framework\OCF.esp,SIGNAL:003095:Update.esm,SIGNAL,read,Keyword,003095:Update.esm,ccBGS_ActorTypeCustomPetResponse03_GoHome,,,,Direct selected-signature raw-file enumeration.,FLST:238|KYWD:517,NO-ROWS,"Primary review: taxonomy, icon, categorization, bestiary, or UI-framework records do not encode a deliberate player devotional act or outcome.",,REJECTED
a4a2061d91c49963,NQ083,NQ,Interface - HUD,Object Categorization Framework,OCF.esp,D:\Wabbajack\modlists\ARR 2.5\mods\Object Categorization Framework\OCF.esp,SIGNAL:003096:Update.esm,SIGNAL,read,Keyword,003096:Update.esm,ccBGS_ActorTypeCustomPetResponse04_Trade,,,,Direct selected-signature raw-file enumeration.,FLST:238|KYWD:517,NO-ROWS,"Primary review: taxonomy, icon, categorization, bestiary, or UI-framework records do not encode a deliberate player devotional act or outcome.",,REJECTED
a4a2061d91c49963,NQ083,NQ,Interface - HUD,Object Categorization Framework,OCF.esp,D:\Wabbajack\modlists\ARR 2.5\mods\Object Categorization Framework\OCF.esp,SIGNAL:003097:Update.esm,SIGNAL,read,Keyword,003097:Update.esm,ccBGS_ActorTypeCustomPetResponse05_FollowfromDismissed,,,,Direct selected-signature raw-file enumeration.,FLST:238|KYWD:517,NO-ROWS,"Primary review: taxonomy, icon, categorization, bestiary, or UI-framework records do not encode a deliberate player devotional act or outcome.",,REJECTED
a4a2061d91c49963,NQ083,NQ,Interface - HUD,Object Categorization Framework,OCF.esp,D:\Wabbajack\modlists\ARR 2.5\mods\Object Categorization Framework\OCF.esp,SIGNAL:003098:Update.esm,SIGNAL,read,Keyword,003098:Update.esm,ccBGS_ActorTypeCustomPetResponse06_Wait,,,,Direct selected-signature raw-file enumeration.,FLST:238|KYWD:517,NO-ROWS,"Primary review: taxonomy, icon, categorization, bestiary, or UI-framework records do not encode a deliberate player devotional act or outcome.",,REJECTED
a4a2061d91c49963,NQ083,NQ,Interface - HUD,Object Categorization Framework,OCF.esp,D:\Wabbajack\modlists\ARR 2.5\mods\Object Categorization Framework\OCF.esp,SIGNAL:003099:Update.esm,SIGNAL,read,Keyword,003099:Update.esm,ccBGS_ActorTypeCustomPetResponse07_FollowfromWait,,,,Direct selected-signature raw-file enumeration.,FLST:238|KYWD:517,NO-ROWS,"Primary review: taxonomy, icon, categorization, bestiary, or UI-framework records do not encode a deliberate player devotional act or outcome.",,REJECTED
a4a2061d91c49963,NQ083,NQ,Interface - HUD,Object Categorization Framework,OCF.esp,D:\Wabbajack\modlists\ARR 2.5\mods\Object Categorization Framework\OCF.esp,SIGNAL:0030C6:Update.esm,SIGNAL,read,Keyword,0030C6:Update.esm,CCHorseArmorKeyword,,,,Direct selected-signature raw-file enumeration.,FLST:238|KYWD:517,NO-ROWS,"Primary review: taxonomy, icon, categorization, bestiary, or UI-framework records do not encode a deliberate player devotional act or outcome.",,REJECTED
a4a2061d91c49963,NQ083,NQ,Interface - HUD,Object Categorization Framework,OCF.esp,D:\Wabbajack\modlists\ARR 2.5\mods\Object Categorization Framework\OCF.esp,SIGNAL:00314B:Update.esm,SIGNAL,read,Keyword,00314B:Update.esm,Camping_CampfireCookingShared,,,,Direct selected-signature raw-file enumeration.,FLST:238|KYWD:517,NO-ROWS,"Primary review: taxonomy, icon, categorization, bestiary, or UI-framework records do not encode a deliberate player devotional act or outcome.",,REJECTED
a4a2061d91c49963,NQ083,NQ,Interface - HUD,Object Categorization Framework,OCF.esp,D:\Wabbajack\modlists\ARR 2.5\mods\Object Categorization Framework\OCF.esp,SIGNAL:003277:Update.esm,SIGNAL,read,Keyword,003277:Update.esm,ccBGS_ArmorMaterialOrcishLight,,,,Direct selected-signature raw-file enumeration.,FLST:238|KYWD:517,NO-ROWS,"Primary review: taxonomy, icon, categorization, bestiary, or UI-framework records do not encode a deliberate player devotional act or outcome.",,REJECTED
a4a2061d91c49963,NQ083,NQ,Interface - HUD,Object Categorization Framework,OCF.esp,D:\Wabbajack\modlists\ARR 2.5\mods\Object Categorization Framework\OCF.esp,SIGNAL:003278:Update.esm,SIGNAL,read,Keyword,003278:Update.esm,MatchingSetHeavyExclude,,,,Direct selected-signature raw-file enumeration.,FLST:238|KYWD:517,NO-ROWS,"Primary review: taxonomy, icon, categorization, bestiary, or UI-framework records do not encode a deliberate player devotional act or outcome.",,REJECTED
a4a2061d91c49963,NQ083,NQ,Interface - HUD,Object Categorization Framework,OCF.esp,D:\Wabbajack\modlists\ARR 2.5\mods\Object Categorization Framework\OCF.esp,SIGNAL:003279:Update.esm,SIGNAL,read,Keyword,003279:Update.esm,MatchingSetLightExclude,,,,Direct selected-signature raw-file enumeration.,FLST:238|KYWD:517,NO-ROWS,"Primary review: taxonomy, icon, categorization, bestiary, or UI-framework records do not encode a deliberate player devotional act or outcome.",,REJECTED
a4a2061d91c49963,NQ083,NQ,Interface - HUD,Object Categorization Framework,OCF.esp,D:\Wabbajack\modlists\ARR 2.5\mods\Object Categorization Framework\OCF.esp,SIGNAL:0DD103:Update.esm,SIGNAL,read,Keyword,0DD103:Update.esm,ClothingChoker,,,,Direct selected-signature raw-file enumeration.,FLST:238|KYWD:517,NO-ROWS,"Primary review: taxonomy, icon, categorization, bestiary, or UI-framework records do not encode a deliberate player devotional act or outcome.",,REJECTED
a4a2061d91c49963,NQ083,NQ,Interface - HUD,Object Categorization Framework,OCF.esp,D:\Wabbajack\modlists\ARR 2.5\mods\Object Categorization Framework\OCF.esp,SIGNAL:0EC4C8:Update.esm,SIGNAL,read,Keyword,0EC4C8:Update.esm,ClothingEarCuffs,,,,Direct selected-signature raw-file enumeration.,FLST:238|KYWD:517,NO-ROWS,"Primary review: taxonomy, icon, categorization, bestiary, or UI-framework records do not encode a deliberate player devotional act or outcome.",,REJECTED
a4a2061d91c49963,NQ083,NQ,Interface - HUD,Object Categorization Framework,OCF.esp,D:\Wabbajack\modlists\ARR 2.5\mods\Object Categorization Framework\OCF.esp,SIGNAL:0FB81E:Update.esm,SIGNAL,read,Keyword,0FB81E:Update.esm,ClothingHighNecklace,,,,Direct selected-signature raw-file enumeration.,FLST:238|KYWD:517,NO-ROWS,"Primary review: taxonomy, icon, categorization, bestiary, or UI-framework records do not encode a deliberate player devotional act or outcome.",,REJECTED
a4a2061d91c49963,NQ083,NQ,Interface - HUD,Object Categorization Framework,OCF.esp,D:\Wabbajack\modlists\ARR 2.5\mods\Object Categorization Framework\OCF.esp,SIGNAL:10AB46:Update.esm,SIGNAL,read,Keyword,10AB46:Update.esm,ClothingCrown,,,,Direct selected-signature raw-file enumeration.,FLST:238|KYWD:517,NO-ROWS,"Primary review: taxonomy, icon, categorization, bestiary, or UI-framework records do not encode a deliberate player devotional act or outcome.",,REJECTED
a4a2061d91c49963,NQ083,NQ,Interface - HUD,Object Categorization Framework,OCF.esp,D:\Wabbajack\modlists\ARR 2.5\mods\Object Categorization Framework\OCF.esp,SIGNAL:777771:Update.esm,SIGNAL,read,Keyword,777771:Update.esm,OCF_WeapTypeJavelin1H,,,,Direct selected-signature raw-file enumeration.,FLST:238|KYWD:517,NO-ROWS,"Primary review: taxonomy, icon, categorization, bestiary, or UI-framework records do not encode a deliberate player devotional act or outcome.",,REJECTED
a4a2061d91c49963,NQ083,NQ,Interface - HUD,Object Categorization Framework,OCF.esp,D:\Wabbajack\modlists\ARR 2.5\mods\Object Categorization Framework\OCF.esp,SIGNAL:777772:Update.esm,SIGNAL,read,Keyword,777772:Update.esm,OCF_WeapTypePole2H_Thrust,,,,Direct selected-signature raw-file enumeration.,FLST:238|KYWD:517,NO-ROWS,"Primary review: taxonomy, icon, categorization, bestiary, or UI-framework records do not encode a deliberate player devotional act or outcome.",,REJECTED
a4a2061d91c49963,NQ083,NQ,Interface - HUD,Object Categorization Framework,OCF.esp,D:\Wabbajack\modlists\ARR 2.5\mods\Object Categorization Framework\OCF.esp,SIGNAL:777773:Update.esm,SIGNAL,read,Keyword,777773:Update.esm,OCF_WeapTypePole2H_Swing,,,,Direct selected-signature raw-file enumeration.,FLST:238|KYWD:517,NO-ROWS,"Primary review: taxonomy, icon, categorization, bestiary, or UI-framework records do not encode a deliberate player devotional act or outcome.",,REJECTED
a4a2061d91c49963,NQ083,NQ,Interface - HUD,Object Categorization Framework,OCF.esp,D:\Wabbajack\modlists\ARR 2.5\mods\Object Categorization Framework\OCF.esp,SIGNAL:777774:Update.esm,SIGNAL,read,Keyword,777774:Update.esm,OCF_WeapTypeRapier1H,,,,Direct selected-signature raw-file enumeration.,FLST:238|KYWD:517,NO-ROWS,"Primary review: taxonomy, icon, categorization, bestiary, or UI-framework records do not encode a deliberate player devotional act or outcome.",,REJECTED
a4a2061d91c49963,NQ083,NQ,Interface - HUD,Object Categorization Framework,OCF.esp,D:\Wabbajack\modlists\ARR 2.5\mods\Object Categorization Framework\OCF.esp,SIGNAL:777775:Update.esm,SIGNAL,read,Keyword,777775:Update.esm,OCF_WeapTypeQuarterstaff2H,,,,Direct selected-signature raw-file enumeration.,FLST:238|KYWD:517,NO-ROWS,"Primary review: taxonomy, icon, categorization, bestiary, or UI-framework records do not encode a deliberate player devotional act or outcome.",,REJECTED
a4a2061d91c49963,NQ083,NQ,Interface - HUD,Object Categorization Framework,OCF.esp,D:\Wabbajack\modlists\ARR 2.5\mods\Object Categorization Framework\OCF.esp,SIGNAL:777776:Update.esm,SIGNAL,read,Keyword,777776:Update.esm,OCF_WeapTypeClaw1H,,,,Direct selected-signature raw-file enumeration.,FLST:238|KYWD:517,NO-ROWS,"Primary review: taxonomy, icon, categorization, bestiary, or UI-framework records do not encode a deliberate player devotional act or outcome.",,REJECTED
a4a2061d91c49963,NQ083,NQ,Interface - HUD,Object Categorization Framework,OCF.esp,D:\Wabbajack\modlists\ARR 2.5\mods\Object Categorization Framework\OCF.esp,SIGNAL:777777:Update.esm,SIGNAL,read,Keyword,777777:Update.esm,OCF_WeapTypeScythe2H,,,,Direct selected-signature raw-file enumeration.,FLST:238|KYWD:517,NO-ROWS,"Primary review: taxonomy, icon, categorization, bestiary, or UI-framework records do not encode a deliberate player devotional act or outcome.",,REJECTED
a4a2061d91c49963,NQ083,NQ,Interface - HUD,Object Categorization Framework,OCF.esp,D:\Wabbajack\modlists\ARR 2.5\mods\Object Categorization Framework\OCF.esp,SIGNAL:777778:Update.esm,SIGNAL,read,Keyword,777778:Update.esm,OCF_WeapTypeWhip1H,,,,Direct selected-signature raw-file enumeration.,FLST:238|KYWD:517,NO-ROWS,"Primary review: taxonomy, icon, categorization, bestiary, or UI-framework records do not encode a deliberate player devotional act or outcome.",,REJECTED
a4a2061d91c49963,NQ083,NQ,Interface - HUD,Object Categorization Framework,OCF.esp,D:\Wabbajack\modlists\ARR 2.5\mods\Object Categorization Framework\OCF.esp,SIGNAL:777779:Update.esm,SIGNAL,read,Keyword,777779:Update.esm,OCF_WeapTypeKatana1H,,,,Direct selected-signature raw-file enumeration.,FLST:238|KYWD:517,NO-ROWS,"Primary review: taxonomy, icon, categorization, bestiary, or UI-framework records do not encode a deliberate player devotional act or outcome.",,REJECTED
a4a2061d91c49963,NQ083,NQ,Interface - HUD,Object Categorization Framework,OCF.esp,D:\Wabbajack\modlists\ARR 2.5\mods\Object Categorization Framework\OCF.esp,SIGNAL:77777A:Update.esm,SIGNAL,read,Keyword,77777A:Update.esm,OCF_WeapTypeGun,,,,Direct selected-signature raw-file enumeration.,FLST:238|KYWD:517,NO-ROWS,"Primary review: taxonomy, icon, categorization, bestiary, or UI-framework records do not encode a deliberate player devotional act or outcome.",,REJECTED
a4a2061d91c49963,NQ083,NQ,Interface - HUD,Object Categorization Framework,OCF.esp,D:\Wabbajack\modlists\ARR 2.5\mods\Object Categorization Framework\OCF.esp,SIGNAL:900014:Update.esm,SIGNAL,read,Keyword,900014:Update.esm,USLEEPArmorMaterialBlackguard,,,,Direct selected-signature raw-file enumeration.,FLST:238|KYWD:517,NO-ROWS,"Primary review: taxonomy, icon, categorization, bestiary, or UI-framework records do not encode a deliberate player devotional act or outcome.",,REJECTED
a4a2061d91c49963,NQ083,NQ,Interface - HUD,Object Categorization Framework,OCF.esp,D:\Wabbajack\modlists\ARR 2.5\mods\Object Categorization Framework\OCF.esp,SIGNAL:900015:Update.esm,SIGNAL,read,Keyword,900015:Update.esm,USKPArmorMaterialLinwe,,,,Direct selected-signature raw-file enumeration.,FLST:238|KYWD:517,NO-ROWS,"Primary review: taxonomy, icon, categorization, bestiary, or UI-framework records do not encode a deliberate player devotional act or outcome.",,REJECTED
a4a2061d91c49963,NQ083,NQ,Interface - HUD,Object Categorization Framework,OCF.esp,D:\Wabbajack\modlists\ARR 2.5\mods\Object Categorization Framework\OCF.esp,SIGNAL:ADA001:Update.esm,SIGNAL,read,Keyword,ADA001:Update.esm,MAG_MagicDamagePoison,,,,Direct selected-signature raw-file enumeration.,FLST:238|KYWD:517,NO-ROWS,"Primary review: taxonomy, icon, categorization, bestiary, or UI-framework records do not encode a deliberate player devotional act or outcome.",,REJECTED
a4a2061d91c49963,NQ083,NQ,Interface - HUD,Object Categorization Framework,OCF.esp,D:\Wabbajack\modlists\ARR 2.5\mods\Object Categorization Framework\OCF.esp,SIGNAL:ADA002:Update.esm,SIGNAL,read,Keyword,ADA002:Update.esm,MAG_MagicDamageSun,,,,Direct selected-signature raw-file enumeration.,FLST:238|KYWD:517,NO-ROWS,"Primary review: taxonomy, icon, categorization, bestiary, or UI-framework records do not encode a deliberate player devotional act or outcome.",,REJECTED
a4a2061d91c49963,NQ083,NQ,Interface - HUD,Object Categorization Framework,OCF.esp,D:\Wabbajack\modlists\ARR 2.5\mods\Object Categorization Framework\OCF.esp,SIGNAL:ADA003:Update.esm,SIGNAL,read,Keyword,ADA003:Update.esm,MAG_MagicInfluenceParalysis,,,,Direct selected-signature raw-file enumeration.,FLST:238|KYWD:517,NO-ROWS,"Primary review: taxonomy, icon, categorization, bestiary, or UI-framework records do not encode a deliberate player devotional act or outcome.",,REJECTED
a4a2061d91c49963,NQ083,NQ,Interface - HUD,Object Categorization Framework,OCF.esp,D:\Wabbajack\modlists\ARR 2.5\mods\Object Categorization Framework\OCF.esp,SIGNAL:ADA004:Update.esm,SIGNAL,read,Keyword,ADA004:Update.esm,MAG_MagicInfluenceSilence,,,,Direct selected-signature raw-file enumeration.,FLST:238|KYWD:517,NO-ROWS,"Primary review: taxonomy, icon, categorization, bestiary, or UI-framework records do not encode a deliberate player devotional act or outcome.",,REJECTED
a4a2061d91c49963,NQ083,NQ,Interface - HUD,Object Categorization Framework,OCF.esp,D:\Wabbajack\modlists\ARR 2.5\mods\Object Categorization Framework\OCF.esp,SIGNAL:ADA005:Update.esm,SIGNAL,read,Keyword,ADA005:Update.esm,MAG_MagicInfluenceCommand,,,,Direct selected-signature raw-file enumeration.,FLST:238|KYWD:517,NO-ROWS,"Primary review: taxonomy, icon, categorization, bestiary, or UI-framework records do not encode a deliberate player devotional act or outcome.",,REJECTED
a4a2061d91c49963,NQ083,NQ,Interface - HUD,Object Categorization Framework,OCF.esp,D:\Wabbajack\modlists\ARR 2.5\mods\Object Categorization Framework\OCF.esp,SIGNAL:ADA006:Update.esm,SIGNAL,read,Keyword,ADA006:Update.esm,MAG_MagicSummonReanimate,,,,Direct selected-signature raw-file enumeration.,FLST:238|KYWD:517,NO-ROWS,"Primary review: taxonomy, icon, categorization, bestiary, or UI-framework records do not encode a deliberate player devotional act or outcome.",,REJECTED
a4a2061d91c49963,NQ083,NQ,Interface - HUD,Object Categorization Framework,OCF.esp,D:\Wabbajack\modlists\ARR 2.5\mods\Object Categorization Framework\OCF.esp,SIGNAL:ADA007:Update.esm,SIGNAL,read,Keyword,ADA007:Update.esm,MAG_MagicInfluenceCourage,,,,Direct selected-signature raw-file enumeration.,FLST:238|KYWD:517,NO-ROWS,"Primary review: taxonomy, icon, categorization, bestiary, or UI-framework records do not encode a deliberate player devotional act or outcome.",,REJECTED
a4a2061d91c49963,NQ083,NQ,Interface - HUD,Object Categorization Framework,OCF.esp,D:\Wabbajack\modlists\ARR 2.5\mods\Object Categorization Framework\OCF.esp,SIGNAL:ADA117:Update.esm,SIGNAL,read,Keyword,ADA117:Update.esm,MAG_WeapTypeBound,,,,Direct selected-signature raw-file enumeration.,FLST:238|KYWD:517,NO-ROWS,"Primary review: taxonomy, icon, categorization, bestiary, or UI-framework records do not encode a deliberate player devotional act or outcome.",,REJECTED
a4a2061d91c49963,NQ083,NQ,Interface - HUD,Object Categorization Framework,OCF.esp,D:\Wabbajack\modlists\ARR 2.5\mods\Object Categorization Framework\OCF.esp,SIGNAL:ADA119:Update.esm,SIGNAL,read,Keyword,ADA119:Update.esm,MAG_MagicDamageBleed,,,,Direct selected-signature raw-file enumeration.,FLST:238|KYWD:517,NO-ROWS,"Primary review: taxonomy, icon, categorization, bestiary, or UI-framework records do not encode a deliberate player devotional act or outcome.",,REJECTED
a4a2061d91c49963,NQ083,NQ,Interface - HUD,Object Categorization Framework,OCF.esp,D:\Wabbajack\modlists\ARR 2.5\mods\Object Categorization Framework\OCF.esp,SIGNAL:ADA124:Update.esm,SIGNAL,read,Keyword,ADA124:Update.esm,MAG_MagicJumpSpell,,,,Direct selected-signature raw-file enumeration.,FLST:238|KYWD:517,NO-ROWS,"Primary review: taxonomy, icon, categorization, bestiary, or UI-framework records do not encode a deliberate player devotional act or outcome.",,REJECTED
a4a2061d91c49963,NQ083,NQ,Interface - HUD,Object Categorization Framework,OCF.esp,D:\Wabbajack\modlists\ARR 2.5\mods\Object Categorization Framework\OCF.esp,SIGNAL:ADA127:Update.esm,SIGNAL,read,Keyword,ADA127:Update.esm,MAG_PoisonCloakSpell,,,,Direct selected-signature raw-file enumeration.,FLST:238|KYWD:517,NO-ROWS,"Primary review: taxonomy, icon, categorization, bestiary, or UI-framework records do not encode a deliberate player devotional act or outcome.",,REJECTED
a4a2061d91c49963,NQ083,NQ,Interface - HUD,Object Categorization Framework,OCF.esp,D:\Wabbajack\modlists\ARR 2.5\mods\Object Categorization Framework\OCF.esp,SIGNAL:ADA130:Update.esm,SIGNAL,read,Keyword,ADA130:Update.esm,MAG_MagicDamageMagicka,,,,Direct selected-signature raw-file enumeration.,FLST:238|KYWD:517,NO-ROWS,"Primary review: taxonomy, icon, categorization, bestiary, or UI-framework records do not encode a deliberate player devotional act or outcome.",,REJECTED
a4a2061d91c49963,NQ083,NQ,Interface - HUD,Object Categorization Framework,OCF.esp,D:\Wabbajack\modlists\ARR 2.5\mods\Object Categorization Framework\OCF.esp,SIGNAL:ADA131:Update.esm,SIGNAL,read,Keyword,ADA131:Update.esm,MAG_MagicDamageStamina,,,,Direct selected-signature raw-file enumeration.,FLST:238|KYWD:517,NO-ROWS,"Primary review: taxonomy, icon, categorization, bestiary, or UI-framework records do not encode a deliberate player devotional act or outcome.",,REJECTED
a4a2061d91c49963,NQ083,NQ,Interface - HUD,Object Categorization Framework,OCF.esp,D:\Wabbajack\modlists\ARR 2.5\mods\Object Categorization Framework\OCF.esp,SIGNAL:ADA134:Update.esm,SIGNAL,read,Keyword,ADA134:Update.esm,MAG_MagicShieldFire,,,,Direct selected-signature raw-file enumeration.,FLST:238|KYWD:517,NO-ROWS,"Primary review: taxonomy, icon, categorization, bestiary, or UI-framework records do not encode a deliberate player devotional act or outcome.",,REJECTED
a4a2061d91c49963,NQ083,NQ,Interface - HUD,Object Categorization Framework,OCF.esp,D:\Wabbajack\modlists\ARR 2.5\mods\Object Categorization Framework\OCF.esp,SIGNAL:ADA135:Update.esm,SIGNAL,read,Keyword,ADA135:Update.esm,MAG_MagicShieldFrost,,,,Direct selected-signature raw-file enumeration.,FLST:238|KYWD:517,NO-ROWS,"Primary review: taxonomy, icon, categorization, bestiary, or UI-framework records do not encode a deliberate player devotional act or outcome.",,REJECTED
a4a2061d91c49963,NQ083,NQ,Interface - HUD,Object Categorization Framework,OCF.esp,D:\Wabbajack\modlists\ARR 2.5\mods\Object Categorization Framework\OCF.esp,SIGNAL:ADA136:Update.esm,SIGNAL,read,Keyword,ADA136:Update.esm,MAG_MagicShieldShock,,,,Direct selected-signature raw-file enumeration.,FLST:238|KYWD:517,NO-ROWS,"Primary review: taxonomy, icon, categorization, bestiary, or UI-framework records do not encode a deliberate player devotional act or outcome.",,REJECTED
a4a2061d91c49963,NQ083,NQ,Interface - HUD,Object Categorization Framework,OCF.esp,D:\Wabbajack\modlists\ARR 2.5\mods\Object Categorization Framework\OCF.esp,SIGNAL:ADA137:Update.esm,SIGNAL,read,Keyword,ADA137:Update.esm,MAG_MagicShieldPoison,,,,Direct selected-signature raw-file enumeration.,FLST:238|KYWD:517,NO-ROWS,"Primary review: taxonomy, icon, categorization, bestiary, or UI-framework records do not encode a deliberate player devotional act or outcome.",,REJECTED
a4a2061d91c49963,NQ083,NQ,Interface - HUD,Object Categorization Framework,OCF.esp,D:\Wabbajack\modlists\ARR 2.5\mods\Object Categorization Framework\OCF.esp,SIGNAL:AF0100:Update.esm,SIGNAL,read,Keyword,AF0100:Update.esm,WAF_ArmorMaterialTGLinwe,,,,Direct selected-signature raw-file enumeration.,FLST:238|KYWD:517,NO-ROWS,"Primary review: taxonomy, icon, categorization, bestiary, or UI-framework records do not encode a deliberate player devotional act or outcome.",,REJECTED
a4a2061d91c49963,NQ083,NQ,Interface - HUD,Object Categorization Framework,OCF.esp,D:\Wabbajack\modlists\ARR 2.5\mods\Object Categorization Framework\OCF.esp,SIGNAL:AF0101:Update.esm,SIGNAL,read,Keyword,AF0101:Update.esm,WAF_ArmorMaterialTGSummerset,,,,Direct selected-signature raw-file enumeration.,FLST:238|KYWD:517,NO-ROWS,"Primary review: taxonomy, icon, categorization, bestiary, or UI-framework records do not encode a deliberate player devotional act or outcome.",,REJECTED
a4a2061d91c49963,NQ083,NQ,Interface - HUD,Object Categorization Framework,OCF.esp,D:\Wabbajack\modlists\ARR 2.5\mods\Object Categorization Framework\OCF.esp,SIGNAL:AF0102:Update.esm,SIGNAL,read,Keyword,AF0102:Update.esm,WAF_MaterialNordic,,,,Direct selected-signature raw-file enumeration.,FLST:238|KYWD:517,NO-ROWS,"Primary review: taxonomy, icon, categorization, bestiary, or UI-framework records do not encode a deliberate player devotional act or outcome.",,REJECTED
a4a2061d91c49963,NQ083,NQ,Interface - HUD,Object Categorization Framework,OCF.esp,D:\Wabbajack\modlists\ARR 2.5\mods\Object Categorization Framework\OCF.esp,SIGNAL:AF0103:Update.esm,SIGNAL,read,Keyword,AF0103:Update.esm,WAF_WeapMaterialBlades,,,,Direct selected-signature raw-file enumeration.,FLST:238|KYWD:517,NO-ROWS,"Primary review: taxonomy, icon, categorization, bestiary, or UI-framework records do not encode a deliberate player devotional act or outcome.",,REJECTED
a4a2061d91c49963,NQ083,NQ,Interface - HUD,Object Categorization Framework,OCF.esp,D:\Wabbajack\modlists\ARR 2.5\mods\Object Categorization Framework\OCF.esp,SIGNAL:AF0104:Update.esm,SIGNAL,read,Keyword,AF0104:Update.esm,WAF_WeapMaterialForsworn,,,,Direct selected-signature raw-file enumeration.,FLST:238|KYWD:517,NO-ROWS,"Primary review: taxonomy, icon, categorization, bestiary, or UI-framework records do not encode a deliberate player devotional act or outcome.",,REJECTED
a4a2061d91c49963,NQ083,NQ,Interface - HUD,Object Categorization Framework,OCF.esp,D:\Wabbajack\modlists\ARR 2.5\mods\Object Categorization Framework\OCF.esp,SIGNAL:AF0105:Update.esm,SIGNAL,read,Keyword,AF0105:Update.esm,WAF_ArmorMatchingSetLeather,,,,Direct selected-signature raw-file enumeration.,FLST:238|KYWD:517,NO-ROWS,"Primary review: taxonomy, icon, categorization, bestiary, or UI-framework records do not encode a deliberate player devotional act or outcome.",,REJECTED
a4a2061d91c49963,NQ083,NQ,Interface - HUD,Object Categorization Framework,OCF.esp,D:\Wabbajack\modlists\ARR 2.5\mods\Object Categorization Framework\OCF.esp,SIGNAL:AF0106:Update.esm,SIGNAL,read,Keyword,AF0106:Update.esm,WAF_ArmorMatchingSetHide,,,,Direct selected-signature raw-file enumeration.,FLST:238|KYWD:517,NO-ROWS,"Primary review: taxonomy, icon, categorization, bestiary, or UI-framework records do not encode a deliberate player devotional act or outcome.",,REJECTED
a4a2061d91c49963,NQ083,NQ,Interface - HUD,Object Categorization Framework,OCF.esp,D:\Wabbajack\modlists\ARR 2.5\mods\Object Categorization Framework\OCF.esp,SIGNAL:AF0107:Update.esm,SIGNAL,read,Keyword,AF0107:Update.esm,WAF_ArmorWolf,,,,Direct selected-signature raw-file enumeration.,FLST:238|KYWD:517,NO-ROWS,"Primary review: taxonomy, icon, categorization, bestiary, or UI-framework records do not encode a deliberate player devotional act or outcome.",,REJECTED
a4a2061d91c49963,NQ083,NQ,Interface - HUD,Object Categorization Framework,OCF.esp,D:\Wabbajack\modlists\ARR 2.5\mods\Object Categorization Framework\OCF.esp,SIGNAL:AF0108:Update.esm,SIGNAL,read,Keyword,AF0108:Update.esm,WAF_ArmorMatchingSetFur,,,,Direct selected-signature raw-file enumeration.,FLST:238|KYWD:517,NO-ROWS,"Primary review: taxonomy, icon, categorization, bestiary, or UI-framework records do not encode a deliberate player devotional act or outcome.",,REJECTED
a4a2061d91c49963,NQ083,NQ,Interface - HUD,Object Categorization Framework,OCF.esp,D:\Wabbajack\modlists\ARR 2.5\mods\Object Categorization Framework\OCF.esp,SIGNAL:AF0109:Update.esm,SIGNAL,read,Keyword,AF0109:Update.esm,WAF_MaterialFaction,,,,Direct selected-signature raw-file enumeration.,FLST:238|KYWD:517,NO-ROWS,"Primary review: taxonomy, icon, categorization, bestiary, or UI-framework records do not encode a deliberate player devotional act or outcome.",,REJECTED
a4a2061d91c49963,NQ083,NQ,Interface - HUD,Object Categorization Framework,OCF.esp,D:\Wabbajack\modlists\ARR 2.5\mods\Object Categorization Framework\OCF.esp,SIGNAL:AF0110:Update.esm,SIGNAL,read,Keyword,AF0110:Update.esm,WAF_WeapMaterialFaction,,,,Direct selected-signature raw-file enumeration.,FLST:238|KYWD:517,NO-ROWS,"Primary review: taxonomy, icon, categorization, bestiary, or UI-framework records do not encode a deliberate player devotional act or outcome.",,REJECTED
a4a2061d91c49963,NQ083,NQ,Interface - HUD,Object Categorization Framework,OCF.esp,D:\Wabbajack\modlists\ARR 2.5\mods\Object Categorization Framework\OCF.esp,SIGNAL:AF0111:Update.esm,SIGNAL,read,Keyword,AF0111:Update.esm,WAF_WeapNightingale,,,,Direct selected-signature raw-file enumeration.,FLST:238|KYWD:517,NO-ROWS,"Primary review: taxonomy, icon, categorization, bestiary, or UI-framework records do not encode a deliberate player devotional act or outcome.",,REJECTED
a4a2061d91c49963,NQ083,NQ,Interface - HUD,Object Categorization Framework,OCF.esp,D:\Wabbajack\modlists\ARR 2.5\mods\Object Categorization Framework\OCF.esp,SIGNAL:AF0112:Update.esm,SIGNAL,read,Keyword,AF0112:Update.esm,WAF_ArmorMaterialGuard,,,,Direct selected-signature raw-file enumeration.,FLST:238|KYWD:517,NO-ROWS,"Primary review: taxonomy, icon, categorization, bestiary, or UI-framework records do not encode a deliberate player devotional act or outcome.",,REJECTED
a4a2061d91c49963,NQ083,NQ,Interface - HUD,Object Categorization Framework,OCF.esp,D:\Wabbajack\modlists\ARR 2.5\mods\Object Categorization Framework\OCF.esp,SIGNAL:AF0113:Update.esm,SIGNAL,read,Keyword,AF0113:Update.esm,WAF_ArmorDarkBrotherhoodAncient,,,,Direct selected-signature raw-file enumeration.,FLST:238|KYWD:517,NO-ROWS,"Primary review: taxonomy, icon, categorization, bestiary, or UI-framework records do not encode a deliberate player devotional act or outcome.",,REJECTED
a4a2061d91c49963,NQ083,NQ,Interface - HUD,Object Categorization Framework,OCF.esp,D:\Wabbajack\modlists\ARR 2.5\mods\Object Categorization Framework\OCF.esp,SIGNAL:AF0114:Update.esm,SIGNAL,read,Keyword,AF0114:Update.esm,WAF_WeapMaterialSkyforge,,,,Direct selected-signature raw-file enumeration.,FLST:238|KYWD:517,NO-ROWS,"Primary review: taxonomy, icon, categorization, bestiary, or UI-framework records do not encode a deliberate player devotional act or outcome.",,REJECTED
a4a2061d91c49963,NQ083,NQ,Interface - HUD,Object Categorization Framework,OCF.esp,D:\Wabbajack\modlists\ARR 2.5\mods\Object Categorization Framework\OCF.esp,SIGNAL:AF0115:Update.esm,SIGNAL,read,Keyword,AF0115:Update.esm,WAF_WeapMaterialRedguard,,,,Direct selected-signature raw-file enumeration.,FLST:238|KYWD:517,NO-ROWS,"Primary review: taxonomy, icon, categorization, bestiary, or UI-framework records do not encode a deliberate player devotional act or outcome.",,REJECTED
a4a2061d91c49963,NQ083,NQ,Interface - HUD,Object Categorization Framework,OCF.esp,D:\Wabbajack\modlists\ARR 2.5\mods\Object Categorization Framework\OCF.esp,SIGNAL:AF0116:Update.esm,SIGNAL,read,Keyword,AF0116:Update.esm,WAF_DLC1WeapMaterialDawnguard,,,,Direct selected-signature raw-file enumeration.,FLST:238|KYWD:517,NO-ROWS,"Primary review: taxonomy, icon, categorization, bestiary, or UI-framework records do not encode a deliberate player devotional act or outcome.",,REJECTED
a4a2061d91c49963,NQ083,NQ,Interface - HUD,Object Categorization Framework,OCF.esp,D:\Wabbajack\modlists\ARR 2.5\mods\Object Categorization Framework\OCF.esp,SIGNAL:AF0117:Update.esm,SIGNAL,read,Keyword,AF0117:Update.esm,WAF_DLC1ArmorDawnguardHeavy,,,,Direct selected-signature raw-file enumeration.,FLST:238|KYWD:517,NO-ROWS,"Primary review: taxonomy, icon, categorization, bestiary, or UI-framework records do not encode a deliberate player devotional act or outcome.",,REJECTED
a4a2061d91c49963,NQ083,NQ,Interface - HUD,Object Categorization Framework,OCF.esp,D:\Wabbajack\modlists\ARR 2.5\mods\Object Categorization Framework\OCF.esp,SIGNAL:AF0118:Update.esm,SIGNAL,read,Keyword,AF0118:Update.esm,WAF_DLC1ArmorDawnguardLight,,,,Direct selected-signature raw-file enumeration.,FLST:238|KYWD:517,NO-ROWS,"Primary review: taxonomy, icon, categorization, bestiary, or UI-framework records do not encode a deliberate player devotional act or outcome.",,REJECTED
a4a2061d91c49963,NQ083,NQ,Interface - HUD,Object Categorization Framework,OCF.esp,D:\Wabbajack\modlists\ARR 2.5\mods\Object Categorization Framework\OCF.esp,SIGNAL:AF0119:Update.esm,SIGNAL,read,Keyword,AF0119:Update.esm,WAF_ArmorMaterialAdvanced,,,,Direct selected-signature raw-file enumeration.,FLST:238|KYWD:517,NO-ROWS,"Primary review: taxonomy, icon, categorization, bestiary, or UI-framework records do not encode a deliberate player devotional act or outcome.",,REJECTED
a4a2061d91c49963,NQ083,NQ,Interface - HUD,Object Categorization Framework,OCF.esp,D:\Wabbajack\modlists\ARR 2.5\mods\Object Categorization Framework\OCF.esp,SIGNAL:AF0120:Update.esm,SIGNAL,read,Keyword,AF0120:Update.esm,WAF_DLC1ArmorMatchingSetAncientFalmer,,,,Direct selected-signature raw-file enumeration.,FLST:238|KYWD:517,NO-ROWS,"Primary review: taxonomy, icon, categorization, bestiary, or UI-framework records do not encode a deliberate player devotional act or outcome.",,REJECTED
a4a2061d91c49963,NQ083,NQ,Interface - HUD,Object Categorization Framework,OCF.esp,D:\Wabbajack\modlists\ARR 2.5\mods\Object Categorization Framework\OCF.esp,SIGNAL:AF0121:Update.esm,SIGNAL,read,Keyword,AF0121:Update.esm,WAF_WeapMaterialAdvanced,,,,Direct selected-signature raw-file enumeration.,FLST:238|KYWD:517,NO-ROWS,"Primary review: taxonomy, icon, categorization, bestiary, or UI-framework records do not encode a deliberate player devotional act or outcome.",,REJECTED
a4a2061d91c49963,NQ083,NQ,Interface - HUD,Object Categorization Framework,OCF.esp,D:\Wabbajack\modlists\ARR 2.5\mods\Object Categorization Framework\OCF.esp,SIGNAL:AF0122:Update.esm,SIGNAL,read,Keyword,AF0122:Update.esm,WAF_FingerlessGauntletsBracers,,,,Direct selected-signature raw-file enumeration.,FLST:238|KYWD:517,NO-ROWS,"Primary review: taxonomy, icon, categorization, bestiary, or UI-framework records do not encode a deliberate player devotional act or outcome.",,REJECTED
a4a2061d91c49963,NQ083,NQ,Interface - HUD,Object Categorization Framework,OCF.esp,D:\Wabbajack\modlists\ARR 2.5\mods\Object Categorization Framework\OCF.esp,SIGNAL:AF0123:Update.esm,SIGNAL,read,Keyword,AF0123:Update.esm,WAF_ClothingMedicalHealing,,,,Direct selected-signature raw-file enumeration.,FLST:238|KYWD:517,NO-ROWS,"Primary review: taxonomy, icon, categorization, bestiary, or UI-framework records do not encode a deliberate player devotional act or outcome.",,REJECTED
a4a2061d91c49963,NQ083,NQ,Interface - HUD,Object Categorization Framework,OCF.esp,D:\Wabbajack\modlists\ARR 2.5\mods\Object Categorization Framework\OCF.esp,SIGNAL:AF0124:Update.esm,SIGNAL,read,Keyword,AF0124:Update.esm,WAF_ClothingBlacksmith,,,,Direct selected-signature raw-file enumeration.,FLST:238|KYWD:517,NO-ROWS,"Primary review: taxonomy, icon, categorization, bestiary, or UI-framework records do not encode a deliberate player devotional act or outcome.",,REJECTED
a4a2061d91c49963,NQ083,NQ,Interface - HUD,Object Categorization Framework,OCF.esp,D:\Wabbajack\modlists\ARR 2.5\mods\Object Categorization Framework\OCF.esp,SIGNAL:AF0125:Update.esm,SIGNAL,read,Keyword,AF0125:Update.esm,WAF_ArmorMatchingSetUlfric,,,,Direct selected-signature raw-file enumeration.,FLST:238|KYWD:517,NO-ROWS,"Primary review: taxonomy, icon, categorization, bestiary, or UI-framework records do not encode a deliberate player devotional act or outcome.",,REJECTED
a4a2061d91c49963,NQ083,NQ,Interface - HUD,Object Categorization Framework,OCF.esp,D:\Wabbajack\modlists\ARR 2.5\mods\Object Categorization Framework\OCF.esp,SIGNAL:AF0127:Update.esm,SIGNAL,read,Keyword,AF0127:Update.esm,WAF_VisuallyVeryBrightArmor,,,,Direct selected-signature raw-file enumeration.,FLST:238|KYWD:517,NO-ROWS,"Primary review: taxonomy, icon, categorization, bestiary, or UI-framework records do not encode a deliberate player devotional act or outcome.",,REJECTED
a4a2061d91c49963,NQ083,NQ,Interface - HUD,Object Categorization Framework,OCF.esp,D:\Wabbajack\modlists\ARR 2.5\mods\Object Categorization Framework\OCF.esp,SIGNAL:AF0128:Update.esm,SIGNAL,read,Keyword,AF0128:Update.esm,WAF_ClothingCloak,,,,Direct selected-signature raw-file enumeration.,FLST:238|KYWD:517,NO-ROWS,"Primary review: taxonomy, icon, categorization, bestiary, or UI-framework records do not encode a deliberate player devotional act or outcome.",,REJECTED
a4a2061d91c49963,NQ083,NQ,Interface - HUD,Object Categorization Framework,OCF.esp,D:\Wabbajack\modlists\ARR 2.5\mods\Object Categorization Framework\OCF.esp,SIGNAL:AF0129:Update.esm,SIGNAL,read,Keyword,AF0129:Update.esm,WAF_ClothingPouch,,,,Direct selected-signature raw-file enumeration.,FLST:238|KYWD:517,NO-ROWS,"Primary review: taxonomy, icon, categorization, bestiary, or UI-framework records do not encode a deliberate player devotional act or outcome.",,REJECTED
a4a2061d91c49963,NQ083,NQ,Interface - HUD,Object Categorization Framework,OCF.esp,D:\Wabbajack\modlists\ARR 2.5\mods\Object Categorization Framework\OCF.esp,SIGNAL:AF0130:Update.esm,SIGNAL,read,Keyword,AF0130:Update.esm,WAF_DLC1ArmorMaterialVampireRoyal,,,,Direct selected-signature raw-file enumeration.,FLST:238|KYWD:517,NO-ROWS,"Primary review: taxonomy, icon, categorization, bestiary, or UI-framework records do not encode a deliberate player devotional act or outcome.",,REJECTED
a4a2061d91c49963,NQ083,NQ,Interface - HUD,Object Categorization Framework,OCF.esp,D:\Wabbajack\modlists\ARR 2.5\mods\Object Categorization Framework\OCF.esp,SIGNAL:AF0131:Update.esm,SIGNAL,read,Keyword,AF0131:Update.esm,WAF_JewelryExquisite,,,,Direct selected-signature raw-file enumeration.,FLST:238|KYWD:517,NO-ROWS,"Primary review: taxonomy, icon, categorization, bestiary, or UI-framework records do not encode a deliberate player devotional act or outcome.",,REJECTED
a4a2061d91c49963,NQ083,NQ,Interface - HUD,Object Categorization Framework,OCF.esp,D:\Wabbajack\modlists\ARR 2.5\mods\Object Categorization Framework\OCF.esp,SIGNAL:AF0132:Update.esm,SIGNAL,read,Keyword,AF0132:Update.esm,WAF_MaterialSilver,,,,Direct selected-signature raw-file enumeration.,FLST:238|KYWD:517,NO-ROWS,"Primary review: taxonomy, icon, categorization, bestiary, or UI-framework records do not encode a deliberate player devotional act or outcome.",,REJECTED
a4a2061d91c49963,NQ083,NQ,Interface - HUD,Object Categorization Framework,OCF.esp,D:\Wabbajack\modlists\ARR 2.5\mods\Object Categorization Framework\OCF.esp,SIGNAL:AF0133:Update.esm,SIGNAL,read,Keyword,AF0133:Update.esm,WAF_MaterialChitin,,,,Direct selected-signature raw-file enumeration.,FLST:238|KYWD:517,NO-ROWS,"Primary review: taxonomy, icon, categorization, bestiary, or UI-framework records do not encode a deliberate player devotional act or outcome.",,REJECTED
a4a2061d91c49963,NQ083,NQ,Interface - HUD,Object Categorization Framework,OCF.esp,D:\Wabbajack\modlists\ARR 2.5\mods\Object Categorization Framework\OCF.esp,SIGNAL:AF0135:Update.esm,SIGNAL,read,Keyword,AF0135:Update.esm,WAF_ArmorMaterialDraugr,,,,Direct selected-signature raw-file enumeration.,FLST:238|KYWD:517,NO-ROWS,"Primary review: taxonomy, icon, categorization, bestiary, or UI-framework records do not encode a deliberate player devotional act or outcome.",,REJECTED
a4a2061d91c49963,NQ083,NQ,Interface - HUD,Object Categorization Framework,OCF.esp,D:\Wabbajack\modlists\ARR 2.5\mods\Object Categorization Framework\OCF.esp,SIGNAL:AF0136:Update.esm,SIGNAL,read,Keyword,AF0136:Update.esm,WAF_ClothingAccessories,,,,Direct selected-signature raw-file enumeration.,FLST:238|KYWD:517,NO-ROWS,"Primary review: taxonomy, icon, categorization, bestiary, or UI-framework records do not encode a deliberate player devotional act or outcome.",,REJECTED
a4a2061d91c49963,NQ083,NQ,Interface - HUD,Object Categorization Framework,OCF.esp,D:\Wabbajack\modlists\ARR 2.5\mods\Object Categorization Framework\OCF.esp,SIGNAL:AF0137:Update.esm,SIGNAL,read,Keyword,AF0137:Update.esm,WAF_ToolsMaterials,,,,Direct selected-signature raw-file enumeration.,FLST:238|KYWD:517,NO-ROWS,"Primary review: taxonomy, icon, categorization, bestiary, or UI-framework records do not encode a deliberate player devotional act or outcome.",,REJECTED
a4a2061d91c49963,NQ083,NQ,Interface - HUD,Object Categorization Framework,OCF.esp,D:\Wabbajack\modlists\ARR 2.5\mods\Object Categorization Framework\OCF.esp,SIGNAL:AF0138:Update.esm,SIGNAL,read,Keyword,AF0138:Update.esm,WAF_ArmorMatchingSetExecutioner,,,,Direct selected-signature raw-file enumeration.,FLST:238|KYWD:517,NO-ROWS,"Primary review: taxonomy, icon, categorization, bestiary, or UI-framework records do not encode a deliberate player devotional act or outcome.",,REJECTED
a4a2061d91c49963,NQ083,NQ,Interface - HUD,Object Categorization Framework,OCF.esp,D:\Wabbajack\modlists\ARR 2.5\mods\Object Categorization Framework\OCF.esp,SIGNAL:AF0140:Update.esm,SIGNAL,read,Keyword,AF0140:Update.esm,WAF_DLC2ArmorMaterialSkaal,,,,Direct selected-signature raw-file enumeration.,FLST:238|KYWD:517,NO-ROWS,"Primary review: taxonomy, icon, categorization, bestiary, or UI-framework records do not encode a deliberate player devotional act or outcome.",,REJECTED
a4a2061d91c49963,NQ083,NQ,Interface - HUD,Object Categorization Framework,OCF.esp,D:\Wabbajack\modlists\ARR 2.5\mods\Object Categorization Framework\OCF.esp,SIGNAL:AF0141:Update.esm,SIGNAL,read,Keyword,AF0141:Update.esm,WAF_DLC2ArmorMatchingSetChitinLight,,,,Direct selected-signature raw-file enumeration.,FLST:238|KYWD:517,NO-ROWS,"Primary review: taxonomy, icon, categorization, bestiary, or UI-framework records do not encode a deliberate player devotional act or outcome.",,REJECTED
a4a2061d91c49963,NQ083,NQ,Interface - HUD,Object Categorization Framework,OCF.esp,D:\Wabbajack\modlists\ARR 2.5\mods\Object Categorization Framework\OCF.esp,SIGNAL:AF0142:Update.esm,SIGNAL,read,Keyword,AF0142:Update.esm,WAF_DLC2ArmorMaterialBonemoldImproved,,,,Direct selected-signature raw-file enumeration.,FLST:238|KYWD:517,NO-ROWS,"Primary review: taxonomy, icon, categorization, bestiary, or UI-framework records do not encode a deliberate player devotional act or outcome.",,REJECTED
a4a2061d91c49963,NQ083,NQ,Interface - HUD,Object Categorization Framework,OCF.esp,D:\Wabbajack\modlists\ARR 2.5\mods\Object Categorization Framework\OCF.esp,SIGNAL:AF0143:Update.esm,SIGNAL,read,Keyword,AF0143:Update.esm,WAF_DLC2ArmorMaterialCultist,,,,Direct selected-signature raw-file enumeration.,FLST:238|KYWD:517,NO-ROWS,"Primary review: taxonomy, icon, categorization, bestiary, or UI-framework records do not encode a deliberate player devotional act or outcome.",,REJECTED
a4a2061d91c49963,NQ083,NQ,Interface - HUD,Object Categorization Framework,OCF.esp,D:\Wabbajack\modlists\ARR 2.5\mods\Object Categorization Framework\OCF.esp,SIGNAL:AF0200:Update.esm,SIGNAL,read,Keyword,AF0200:Update.esm,WAF_TemperBonusSteelPerk,,,,Direct selected-signature raw-file enumeration.,FLST:238|KYWD:517,NO-ROWS,"Primary review: taxonomy, icon, categorization, bestiary, or UI-framework records do not encode a deliberate player devotional act or outcome.",,REJECTED
a4a2061d91c49963,NQ083,NQ,Interface - HUD,Object Categorization Framework,OCF.esp,D:\Wabbajack\modlists\ARR 2.5\mods\Object Categorization Framework\OCF.esp,SIGNAL:AF0201:Update.esm,SIGNAL,read,Keyword,AF0201:Update.esm,WAF_TemperBonusDwarvenPerk,,,,Direct selected-signature raw-file enumeration.,FLST:238|KYWD:517,NO-ROWS,"Primary review: taxonomy, icon, categorization, bestiary, or UI-framework records do not encode a deliberate player devotional act or outcome.",,REJECTED
a4a2061d91c49963,NQ083,NQ,Interface - HUD,Object Categorization Framework,OCF.esp,D:\Wabbajack\modlists\ARR 2.5\mods\Object Categorization Framework\OCF.esp,SIGNAL:AF0202:Update.esm,SIGNAL,read,Keyword,AF0202:Update.esm,WAF_TemperBonusElvenPerk,,,,Direct selected-signature raw-file enumeration.,FLST:238|KYWD:517,NO-ROWS,"Primary review: taxonomy, icon, categorization, bestiary, or UI-framework records do not encode a deliberate player devotional act or outcome.",,REJECTED
a4a2061d91c49963,NQ083,NQ,Interface - HUD,Object Categorization Framework,OCF.esp,D:\Wabbajack\modlists\ARR 2.5\mods\Object Categorization Framework\OCF.esp,SIGNAL:AF0203:Update.esm,SIGNAL,read,Keyword,AF0203:Update.esm,WAF_TemperBonusOrcishPerk,,,,Direct selected-signature raw-file enumeration.,FLST:238|KYWD:517,NO-ROWS,"Primary review: taxonomy, icon, categorization, bestiary, or UI-framework records do not encode a deliberate player devotional act or outcome.",,REJECTED
a4a2061d91c49963,NQ083,NQ,Interface - HUD,Object Categorization Framework,OCF.esp,D:\Wabbajack\modlists\ARR 2.5\mods\Object Categorization Framework\OCF.esp,SIGNAL:AF0204:Update.esm,SIGNAL,read,Keyword,AF0204:Update.esm,WAF_TemperBonusAdvancedPerk,,,,Direct selected-signature raw-file enumeration.,FLST:238|KYWD:517,NO-ROWS,"Primary review: taxonomy, icon, categorization, bestiary, or UI-framework records do not encode a deliberate player devotional act or outcome.",,REJECTED
a4a2061d91c49963,NQ083,NQ,Interface - HUD,Object Categorization Framework,OCF.esp,D:\Wabbajack\modlists\ARR 2.5\mods\Object Categorization Framework\OCF.esp,SIGNAL:AF0205:Update.esm,SIGNAL,read,Keyword,AF0205:Update.esm,WAF_TemperBonusGlassPerk,,,,Direct selected-signature raw-file enumeration.,FLST:238|KYWD:517,NO-ROWS,"Primary review: taxonomy, icon, categorization, bestiary, or UI-framework records do not encode a deliberate player devotional act or outcome.",,REJECTED
a4a2061d91c49963,NQ083,NQ,Interface - HUD,Object Categorization Framework,OCF.esp,D:\Wabbajack\modlists\ARR 2.5\mods\Object Categorization Framework\OCF.esp,SIGNAL:AF0206:Update.esm,SIGNAL,read,Keyword,AF0206:Update.esm,WAF_TemperBonusEbonyPerk,,,,Direct selected-signature raw-file enumeration.,FLST:238|KYWD:517,NO-ROWS,"Primary review: taxonomy, icon, categorization, bestiary, or UI-framework records do not encode a deliberate player devotional act or outcome.",,REJECTED
a4a2061d91c49963,NQ083,NQ,Interface - HUD,Object Categorization Framework,OCF.esp,D:\Wabbajack\modlists\ARR 2.5\mods\Object Categorization Framework\OCF.esp,SIGNAL:AF0207:Update.esm,SIGNAL,read,Keyword,AF0207:Update.esm,WAF_TemperBonusDragonPerk,,,,Direct selected-signature raw-file enumeration.,FLST:238|KYWD:517,NO-ROWS,"Primary review: taxonomy, icon, categorization, bestiary, or UI-framework records do not encode a deliberate player devotional act or outcome.",,REJECTED
a4a2061d91c49963,NQ083,NQ,Interface - HUD,Object Categorization Framework,OCF.esp,D:\Wabbajack\modlists\ARR 2.5\mods\Object Categorization Framework\OCF.esp,SIGNAL:AF0208:Update.esm,SIGNAL,read,Keyword,AF0208:Update.esm,WAF_TemperBonusDaedricPerk,,,,Direct selected-signature raw-file enumeration.,FLST:238|KYWD:517,NO-ROWS,"Primary review: taxonomy, icon, categorization, bestiary, or UI-framework records do not encode a deliberate player devotional act or outcome.",,REJECTED
a4a2061d91c49963,NQ083,NQ,Interface - HUD,Object Categorization Framework,OCF.esp,D:\Wabbajack\modlists\ARR 2.5\mods\Object Categorization Framework\OCF.esp,SIGNAL:AF0209:Update.esm,SIGNAL,read,Keyword,AF0209:Update.esm,WAF_TreatAsMaterialIron,,,,Direct selected-signature raw-file enumeration.,FLST:238|KYWD:517,NO-ROWS,"Primary review: taxonomy, icon, categorization, bestiary, or UI-framework records do not encode a deliberate player devotional act or outcome.",,REJECTED
a4a2061d91c49963,NQ083,NQ,Interface - HUD,Object Categorization Framework,OCF.esp,D:\Wabbajack\modlists\ARR 2.5\mods\Object Categorization Framework\OCF.esp,SIGNAL:AF0210:Update.esm,SIGNAL,read,Keyword,AF0210:Update.esm,WAF_TreatAsMaterialSteel,,,,Direct selected-signature raw-file enumeration.,FLST:238|KYWD:517,NO-ROWS,"Primary review: taxonomy, icon, categorization, bestiary, or UI-framework records do not encode a deliberate player devotional act or outcome.",,REJECTED
a4a2061d91c49963,NQ083,NQ,Interface - HUD,Object Categorization Framework,OCF.esp,D:\Wabbajack\modlists\ARR 2.5\mods\Object Categorization Framework\OCF.esp,SIGNAL:AF0211:Update.esm,SIGNAL,read,Keyword,AF0211:Update.esm,WAF_TreatAsMaterialDwarven,,,,Direct selected-signature raw-file enumeration.,FLST:238|KYWD:517,NO-ROWS,"Primary review: taxonomy, icon, categorization, bestiary, or UI-framework records do not encode a deliberate player devotional act or outcome.",,REJECTED
a4a2061d91c49963,NQ083,NQ,Interface - HUD,Object Categorization Framework,OCF.esp,D:\Wabbajack\modlists\ARR 2.5\mods\Object Categorization Framework\OCF.esp,SIGNAL:AF0212:Update.esm,SIGNAL,read,Keyword,AF0212:Update.esm,WAF_TreatAsMaterialElven,,,,Direct selected-signature raw-file enumeration.,FLST:238|KYWD:517,NO-ROWS,"Primary review: taxonomy, icon, categorization, bestiary, or UI-framework records do not encode a deliberate player devotional act or outcome.",,REJECTED
a4a2061d91c49963,NQ083,NQ,Interface - HUD,Object Categorization Framework,OCF.esp,D:\Wabbajack\modlists\ARR 2.5\mods\Object Categorization Framework\OCF.esp,SIGNAL:AF0213:Update.esm,SIGNAL,read,Keyword,AF0213:Update.esm,WAF_TreatAsMaterialOrcish,,,,Direct selected-signature raw-file enumeration.,FLST:238|KYWD:517,NO-ROWS,"Primary review: taxonomy, icon, categorization, bestiary, or UI-framework records do not encode a deliberate player devotional act or outcome.",,REJECTED
a4a2061d91c49963,NQ083,NQ,Interface - HUD,Object Categorization Framework,OCF.esp,D:\Wabbajack\modlists\ARR 2.5\mods\Object Categorization Framework\OCF.esp,SIGNAL:AF0214:Update.esm,SIGNAL,read,Keyword,AF0214:Update.esm,WAF_TreatAsMaterialGlass,,,,Direct selected-signature raw-file enumeration.,FLST:238|KYWD:517,NO-ROWS,"Primary review: taxonomy, icon, categorization, bestiary, or UI-framework records do not encode a deliberate player devotional act or outcome.",,REJECTED
a4a2061d91c49963,NQ083,NQ,Interface - HUD,Object Categorization Framework,OCF.esp,D:\Wabbajack\modlists\ARR 2.5\mods\Object Categorization Framework\OCF.esp,SIGNAL:AF0215:Update.esm,SIGNAL,read,Keyword,AF0215:Update.esm,WAF_TreatAsMaterialEbony,,,,Direct selected-signature raw-file enumeration.,FLST:238|KYWD:517,NO-ROWS,"Primary review: taxonomy, icon, categorization, bestiary, or UI-framework records do not encode a deliberate player devotional act or outcome.",,REJECTED
a4a2061d91c49963,NQ083,NQ,Interface - HUD,Object Categorization Framework,OCF.esp,D:\Wabbajack\modlists\ARR 2.5\mods\Object Categorization Framework\OCF.esp,SIGNAL:AF0216:Update.esm,SIGNAL,read,Keyword,AF0216:Update.esm,WAF_TreatAsMaterialDragon,,,,Direct selected-signature raw-file enumeration.,FLST:238|KYWD:517,NO-ROWS,"Primary review: taxonomy, icon, categorization, bestiary, or UI-framework records do not encode a deliberate player devotional act or outcome.",,REJECTED
a4a2061d91c49963,NQ083,NQ,Interface - HUD,Object Categorization Framework,OCF.esp,D:\Wabbajack\modlists\ARR 2.5\mods\Object Categorization Framework\OCF.esp,SIGNAL:AF0217:Update.esm,SIGNAL,read,Keyword,AF0217:Update.esm,WAF_TreatAsMaterialDaedric,,,,Direct selected-signature raw-file enumeration.,FLST:238|KYWD:517,NO-ROWS,"Primary review: taxonomy, icon, categorization, bestiary, or UI-framework records do not encode a deliberate player devotional act or outcome.",,REJECTED
a4a2061d91c49963,NQ083,NQ,Interface - HUD,Object Categorization Framework,OCF.esp,D:\Wabbajack\modlists\ARR 2.5\mods\Object Categorization Framework\OCF.esp,SIGNAL:AF0218:Update.esm,SIGNAL,read,Keyword,AF0218:Update.esm,WAF_IgnoreVanillaMaterialKeywordPerks,,,,Direct selected-signature raw-file enumeration.,FLST:238|KYWD:517,NO-ROWS,"Primary review: taxonomy, icon, categorization, bestiary, or UI-framework records do not encode a deliberate player devotional act or outcome.",,REJECTED
a4a2061d91c49963,NQ083,NQ,Interface - HUD,Object Categorization Framework,OCF.esp,D:\Wabbajack\modlists\ARR 2.5\mods\Object Categorization Framework\OCF.esp,SIGNAL:AF0219:Update.esm,SIGNAL,read,Keyword,AF0219:Update.esm,WAF_TreatAsMaterialLeather,,,,Direct selected-signature raw-file enumeration.,FLST:238|KYWD:517,NO-ROWS,"Primary review: taxonomy, icon, categorization, bestiary, or UI-framework records do not encode a deliberate player devotional act or outcome.",,REJECTED
a4a2061d91c49963,NQ083,NQ,Interface - HUD,Object Categorization Framework,OCF.esp,D:\Wabbajack\modlists\ARR 2.5\mods\Object Categorization Framework\OCF.esp,SIGNAL:AF0220:Update.esm,SIGNAL,read,Keyword,AF0220:Update.esm,WAF_ArmorPerkSilver,,,,Direct selected-signature raw-file enumeration.,FLST:238|KYWD:517,NO-ROWS,"Primary review: taxonomy, icon, categorization, bestiary, or UI-framework records do not encode a deliberate player devotional act or outcome.",,REJECTED
a4a2061d91c49963,NQ083,NQ,Interface - HUD,Object Categorization Framework,OCF.esp,D:\Wabbajack\modlists\ARR 2.5\mods\Object Categorization Framework\OCF.esp,SIGNAL:AF0221:Update.esm,SIGNAL,read,Keyword,AF0221:Update.esm,WAF_ArmorPerkGold,,,,Direct selected-signature raw-file enumeration.,FLST:238|KYWD:517,NO-ROWS,"Primary review: taxonomy, icon, categorization, bestiary, or UI-framework records do not encode a deliberate player devotional act or outcome.",,REJECTED
a4a2061d91c49963,NQ083,NQ,Interface - HUD,Object Categorization Framework,OCF.esp,D:\Wabbajack\modlists\ARR 2.5\mods\Object Categorization Framework\OCF.esp,SIGNAL:AF0222:Update.esm,SIGNAL,read,Keyword,AF0222:Update.esm,WAF_ArmorMaterialThalmor,,,,Direct selected-signature raw-file enumeration.,FLST:238|KYWD:517,NO-ROWS,"Primary review: taxonomy, icon, categorization, bestiary, or UI-framework records do not encode a deliberate player devotional act or outcome.",,REJECTED
a4a2061d91c49963,NQ083,NQ,Interface - HUD,Object Categorization Framework,OCF.esp,D:\Wabbajack\modlists\ARR 2.5\mods\Object Categorization Framework\OCF.esp,SIGNAL:AF0223:Update.esm,SIGNAL,read,Keyword,AF0223:Update.esm,WAF_ArmorPerkSilverShield,,,,Direct selected-signature raw-file enumeration.,FLST:238|KYWD:517,NO-ROWS,"Primary review: taxonomy, icon, categorization, bestiary, or UI-framework records do not encode a deliberate player devotional act or outcome.",,REJECTED
a4a2061d91c49963,NQ083,NQ,Interface - HUD,Object Categorization Framework,OCF.esp,D:\Wabbajack\modlists\ARR 2.5\mods\Object Categorization Framework\OCF.esp,SIGNAL:AF0224:Update.esm,SIGNAL,read,Keyword,AF0224:Update.esm,WAF_ArmorPerkGoldShield,,,,Direct selected-signature raw-file enumeration.,FLST:238|KYWD:517,NO-ROWS,"Primary review: taxonomy, icon, categorization, bestiary, or UI-framework records do not encode a deliberate player devotional act or outcome.",,REJECTED
a4a2061d91c49963,NQ083,NQ,Interface - HUD,Object Categorization Framework,OCF.esp,D:\Wabbajack\modlists\ARR 2.5\mods\Object Categorization Framework\OCF.esp,SIGNAL:AF0225:Update.esm,SIGNAL,read,Keyword,AF0225:Update.esm,WAF_WeaponPerkGold,,,,Direct selected-signature raw-file enumeration.,FLST:238|KYWD:517,NO-ROWS,"Primary review: taxonomy, icon, categorization, bestiary, or UI-framework records do not encode a deliberate player devotional act or outcome.",,REJECTED
a4a2061d91c49963,NQ083,NQ,Interface - HUD,Object Categorization Framework,OCF.esp,D:\Wabbajack\modlists\ARR 2.5\mods\Object Categorization Framework\OCF.esp,SIGNAL:AF0226:Update.esm,SIGNAL,read,Keyword,AF0226:Update.esm,WAF_SpikedGauntletGloves,,,,Direct selected-signature raw-file enumeration.,FLST:238|KYWD:517,NO-ROWS,"Primary review: taxonomy, icon, categorization, bestiary, or UI-framework records do not encode a deliberate player devotional act or outcome.",,REJECTED
a4a2061d91c49963,NQ083,NQ,Interface - HUD,Object Categorization Framework,OCF.esp,D:\Wabbajack\modlists\ARR 2.5\mods\Object Categorization Framework\OCF.esp,SIGNAL:AF0237:Update.esm,SIGNAL,read,Keyword,AF0237:Update.esm,WAF_WeapTypeGrenade,,,,Direct selected-signature raw-file enumeration.,FLST:238|KYWD:517,NO-ROWS,"Primary review: taxonomy, icon, categorization, bestiary, or UI-framework records do not encode a deliberate player devotional act or outcome.",,REJECTED
a4a2061d91c49963,NQ083,NQ,Interface - HUD,Object Categorization Framework,OCF.esp,D:\Wabbajack\modlists\ARR 2.5\mods\Object Categorization Framework\OCF.esp,SIGNAL:AF0239:Update.esm,SIGNAL,read,Keyword,AF0239:Update.esm,WAF_WeapTypeScalpel,,,,Direct selected-signature raw-file enumeration.,FLST:238|KYWD:517,NO-ROWS,"Primary review: taxonomy, icon, categorization, bestiary, or UI-framework records do not encode a deliberate player devotional act or outcome.",,REJECTED
a4a2061d91c49963,NQ083,NQ,Interface - HUD,Object Categorization Framework,OCF.esp,D:\Wabbajack\modlists\ARR 2.5\mods\Object Categorization Framework\OCF.esp,SIGNAL:AF0240:Update.esm,SIGNAL,read,Keyword,AF0240:Update.esm,WAF_PerkFists05,,,,Direct selected-signature raw-file enumeration.,FLST:238|KYWD:517,NO-ROWS,"Primary review: taxonomy, icon, categorization, bestiary, or UI-framework records do not encode a deliberate player devotional act or outcome.",,REJECTED
a4a2061d91c49963,NQ083,NQ,Interface - HUD,Object Categorization Framework,OCF.esp,D:\Wabbajack\modlists\ARR 2.5\mods\Object Categorization Framework\OCF.esp,SIGNAL:AF0241:Update.esm,SIGNAL,read,Keyword,AF0241:Update.esm,WAF_PerkFists06,,,,Direct selected-signature raw-file enumeration.,FLST:238|KYWD:517,NO-ROWS,"Primary review: taxonomy, icon, categorization, bestiary, or UI-framework records do not encode a deliberate player devotional act or outcome.",,REJECTED
a4a2061d91c49963,NQ083,NQ,Interface - HUD,Object Categorization Framework,OCF.esp,D:\Wabbajack\modlists\ARR 2.5\mods\Object Categorization Framework\OCF.esp,SIGNAL:AF0242:Update.esm,SIGNAL,read,Keyword,AF0242:Update.esm,WAF_PerkFists07,,,,Direct selected-signature raw-file enumeration.,FLST:238|KYWD:517,NO-ROWS,"Primary review: taxonomy, icon, categorization, bestiary, or UI-framework records do not encode a deliberate player devotional act or outcome.",,REJECTED
a4a2061d91c49963,NQ083,NQ,Interface - HUD,Object Categorization Framework,OCF.esp,D:\Wabbajack\modlists\ARR 2.5\mods\Object Categorization Framework\OCF.esp,SIGNAL:AF0243:Update.esm,SIGNAL,read,Keyword,AF0243:Update.esm,WAF_PerkFists08,,,,Direct selected-signature raw-file enumeration.,FLST:238|KYWD:517,NO-ROWS,"Primary review: taxonomy, icon, categorization, bestiary, or UI-framework records do not encode a deliberate player devotional act or outcome.",,REJECTED
a4a2061d91c49963,NQ083,NQ,Interface - HUD,Object Categorization Framework,OCF.esp,D:\Wabbajack\modlists\ARR 2.5\mods\Object Categorization Framework\OCF.esp,SIGNAL:AF0244:Update.esm,SIGNAL,read,Keyword,AF0244:Update.esm,WAF_PerkFists09,,,,Direct selected-signature raw-file enumeration.,FLST:238|KYWD:517,NO-ROWS,"Primary review: taxonomy, icon, categorization, bestiary, or UI-framework records do not encode a deliberate player devotional act or outcome.",,REJECTED
a4a2061d91c49963,NQ083,NQ,Interface - HUD,Object Categorization Framework,OCF.esp,D:\Wabbajack\modlists\ARR 2.5\mods\Object Categorization Framework\OCF.esp,SIGNAL:AF0245:Update.esm,SIGNAL,read,Keyword,AF0245:Update.esm,WAF_PerkFists10,,,,Direct selected-signature raw-file enumeration.,FLST:238|KYWD:517,NO-ROWS,"Primary review: taxonomy, icon, categorization, bestiary, or UI-framework records do not encode a deliberate player devotional act or outcome.",,REJECTED
a4a2061d91c49963,NQ083,NQ,Interface - HUD,Object Categorization Framework,OCF.esp,D:\Wabbajack\modlists\ARR 2.5\mods\Object Categorization Framework\OCF.esp,SIGNAL:AF0246:Update.esm,SIGNAL,read,Keyword,AF0246:Update.esm,WAF_PerkFists11,,,,Direct selected-signature raw-file enumeration.,FLST:238|KYWD:517,NO-ROWS,"Primary review: taxonomy, icon, categorization, bestiary, or UI-framework records do not encode a deliberate player devotional act or outcome.",,REJECTED
a4a2061d91c49963,NQ083,NQ,Interface - HUD,Object Categorization Framework,OCF.esp,D:\Wabbajack\modlists\ARR 2.5\mods\Object Categorization Framework\OCF.esp,SIGNAL:AF0247:Update.esm,SIGNAL,read,Keyword,AF0247:Update.esm,WAF_PerkFists12,,,,Direct selected-signature raw-file enumeration.,FLST:238|KYWD:517,NO-ROWS,"Primary review: taxonomy, icon, categorization, bestiary, or UI-framework records do not encode a deliberate player devotional act or outcome.",,REJECTED
a4a2061d91c49963,NQ083,NQ,Interface - HUD,Object Categorization Framework,OCF.esp,D:\Wabbajack\modlists\ARR 2.5\mods\Object Categorization Framework\OCF.esp,SIGNAL:AF0250:Update.esm,SIGNAL,read,Keyword,AF0250:Update.esm,WAF_ProtectiveClothingCCF_01,,,,Direct selected-signature raw-file enumeration.,FLST:238|KYWD:517,NO-ROWS,"Primary review: taxonomy, icon, categorization, bestiary, or UI-framework records do not encode a deliberate player devotional act or outcome.",,REJECTED
a4a2061d91c49963,NQ083,NQ,Interface - HUD,Object Categorization Framework,OCF.esp,D:\Wabbajack\modlists\ARR 2.5\mods\Object Categorization Framework\OCF.esp,SIGNAL:AF0251:Update.esm,SIGNAL,read,Keyword,AF0251:Update.esm,WAF_ProtectiveClothingCCF_02,,,,Direct selected-signature raw-file enumeration.,FLST:238|KYWD:517,NO-ROWS,"Primary review: taxonomy, icon, categorization, bestiary, or UI-framework records do not encode a deliberate player devotional act or outcome.",,REJECTED
a4a2061d91c49963,NQ083,NQ,Interface - HUD,Object Categorization Framework,OCF.esp,D:\Wabbajack\modlists\ARR 2.5\mods\Object Categorization Framework\OCF.esp,SIGNAL:AF0252:Update.esm,SIGNAL,read,Keyword,AF0252:Update.esm,WAF_ProtectiveClothingCCF_03,,,,Direct selected-signature raw-file enumeration.,FLST:238|KYWD:517,NO-ROWS,"Primary review: taxonomy, icon, categorization, bestiary, or UI-framework records do not encode a deliberate player devotional act or outcome.",,REJECTED
a4a2061d91c49963,NQ083,NQ,Interface - HUD,Object Categorization Framework,OCF.esp,D:\Wabbajack\modlists\ARR 2.5\mods\Object Categorization Framework\OCF.esp,SIGNAL:AF0253:Update.esm,SIGNAL,read,Keyword,AF0253:Update.esm,WAF_ProtectiveClothingCCF_04,,,,Direct selected-signature raw-file enumeration.,FLST:238|KYWD:517,NO-ROWS,"Primary review: taxonomy, icon, categorization, bestiary, or UI-framework records do not encode a deliberate player devotional act or outcome.",,REJECTED
a4a2061d91c49963,NQ083,NQ,Interface - HUD,Object Categorization Framework,OCF.esp,D:\Wabbajack\modlists\ARR 2.5\mods\Object Categorization Framework\OCF.esp,SIGNAL:AF0254:Update.esm,SIGNAL,read,Keyword,AF0254:Update.esm,WAF_ProtectiveClothingCCF_05,,,,Direct selected-signature raw-file enumeration.,FLST:238|KYWD:517,NO-ROWS,"Primary review: taxonomy, icon, categorization, bestiary, or UI-framework records do not encode a deliberate player devotional act or outcome.",,REJECTED
a4a2061d91c49963,NQ083,NQ,Interface - HUD,Object Categorization Framework,OCF.esp,D:\Wabbajack\modlists\ARR 2.5\mods\Object Categorization Framework\OCF.esp,SIGNAL:AF0255:Update.esm,SIGNAL,read,Keyword,AF0255:Update.esm,WAF_ProtectiveClothingCCF_06,,,,Direct selected-signature raw-file enumeration.,FLST:238|KYWD:517,NO-ROWS,"Primary review: taxonomy, icon, categorization, bestiary, or UI-framework records do not encode a deliberate player devotional act or outcome.",,REJECTED
a4a2061d91c49963,NQ083,NQ,Interface - HUD,Object Categorization Framework,OCF.esp,D:\Wabbajack\modlists\ARR 2.5\mods\Object Categorization Framework\OCF.esp,SIGNAL:AF0256:Update.esm,SIGNAL,read,Keyword,AF0256:Update.esm,WAF_ProtectiveClothingCCF_07,,,,Direct selected-signature raw-file enumeration.,FLST:238|KYWD:517,NO-ROWS,"Primary review: taxonomy, icon, categorization, bestiary, or UI-framework records do not encode a deliberate player devotional act or outcome.",,REJECTED
a4a2061d91c49963,NQ083,NQ,Interface - HUD,Object Categorization Framework,OCF.esp,D:\Wabbajack\modlists\ARR 2.5\mods\Object Categorization Framework\OCF.esp,SIGNAL:AF0257:Update.esm,SIGNAL,read,Keyword,AF0257:Update.esm,WAF_ProtectiveClothingCCF_08,,,,Direct selected-signature raw-file enumeration.,FLST:238|KYWD:517,NO-ROWS,"Primary review: taxonomy, icon, categorization, bestiary, or UI-framework records do not encode a deliberate player devotional act or outcome.",,REJECTED
a4a2061d91c49963,NQ083,NQ,Interface - HUD,Object Categorization Framework,OCF.esp,D:\Wabbajack\modlists\ARR 2.5\mods\Object Categorization Framework\OCF.esp,SIGNAL:AF0258:Update.esm,SIGNAL,read,Keyword,AF0258:Update.esm,WAF_ProtectiveClothingCCF_09,,,,Direct selected-signature raw-file enumeration.,FLST:238|KYWD:517,NO-ROWS,"Primary review: taxonomy, icon, categorization, bestiary, or UI-framework records do not encode a deliberate player devotional act or outcome.",,REJECTED
a4a2061d91c49963,NQ083,NQ,Interface - HUD,Object Categorization Framework,OCF.esp,D:\Wabbajack\modlists\ARR 2.5\mods\Object Categorization Framework\OCF.esp,SIGNAL:AF0259:Update.esm,SIGNAL,read,Keyword,AF0259:Update.esm,WAF_ProtectiveClothingCCF_10,,,,Direct selected-signature raw-file enumeration.,FLST:238|KYWD:517,NO-ROWS,"Primary review: taxonomy, icon, categorization, bestiary, or UI-framework records do not encode a deliberate player devotional act or outcome.",,REJECTED
a4a2061d91c49963,NQ083,NQ,Interface - HUD,Object Categorization Framework,OCF.esp,D:\Wabbajack\modlists\ARR 2.5\mods\Object Categorization Framework\OCF.esp,SIGNAL:AF0260:Update.esm,SIGNAL,read,Keyword,AF0260:Update.esm,WAF_ProtectiveClothingCCF_11,,,,Direct selected-signature raw-file enumeration.,FLST:238|KYWD:517,NO-ROWS,"Primary review: taxonomy, icon, categorization, bestiary, or UI-framework records do not encode a deliberate player devotional act or outcome.",,REJECTED
a4a2061d91c49963,NQ083,NQ,Interface - HUD,Object Categorization Framework,OCF.esp,D:\Wabbajack\modlists\ARR 2.5\mods\Object Categorization Framework\OCF.esp,SIGNAL:AF0261:Update.esm,SIGNAL,read,Keyword,AF0261:Update.esm,WAF_ProtectiveClothingCCF_12,,,,Direct selected-signature raw-file enumeration.,FLST:238|KYWD:517,NO-ROWS,"Primary review: taxonomy, icon, categorization, bestiary, or UI-framework records do not encode a deliberate player devotional act or outcome.",,REJECTED
a4a2061d91c49963,NQ083,NQ,Interface - HUD,Object Categorization Framework,OCF.esp,D:\Wabbajack\modlists\ARR 2.5\mods\Object Categorization Framework\OCF.esp,SIGNAL:AF0262:Update.esm,SIGNAL,read,Keyword,AF0262:Update.esm,WAF_ProtectiveClothingCCF_13,,,,Direct selected-signature raw-file enumeration.,FLST:238|KYWD:517,NO-ROWS,"Primary review: taxonomy, icon, categorization, bestiary, or UI-framework records do not encode a deliberate player devotional act or outcome.",,REJECTED
a4a2061d91c49963,NQ083,NQ,Interface - HUD,Object Categorization Framework,OCF.esp,D:\Wabbajack\modlists\ARR 2.5\mods\Object Categorization Framework\OCF.esp,SIGNAL:AF0263:Update.esm,SIGNAL,read,Keyword,AF0263:Update.esm,WAF_ProtectiveClothingCCF_14,,,,Direct selected-signature raw-file enumeration.,FLST:238|KYWD:517,NO-ROWS,"Primary review: taxonomy, icon, categorization, bestiary, or UI-framework records do not encode a deliberate player devotional act or outcome.",,REJECTED
a4a2061d91c49963,NQ083,NQ,Interface - HUD,Object Categorization Framework,OCF.esp,D:\Wabbajack\modlists\ARR 2.5\mods\Object Categorization Framework\OCF.esp,SIGNAL:AF0264:Update.esm,SIGNAL,read,Keyword,AF0264:Update.esm,WAF_ProtectiveClothingCCF_15,,,,Direct selected-signature raw-file enumeration.,FLST:238|KYWD:517,NO-ROWS,"Primary review: taxonomy, icon, categorization, bestiary, or UI-framework records do not encode a deliberate player devotional act or outcome.",,REJECTED
a4a2061d91c49963,NQ083,NQ,Interface - HUD,Object Categorization Framework,OCF.esp,D:\Wabbajack\modlists\ARR 2.5\mods\Object Categorization Framework\OCF.esp,SIGNAL:AF0265:Update.esm,SIGNAL,read,Keyword,AF0265:Update.esm,WAF_ProtectiveClothingCCF_16,,,,Direct selected-signature raw-file enumeration.,FLST:238|KYWD:517,NO-ROWS,"Primary review: taxonomy, icon, categorization, bestiary, or UI-framework records do not encode a deliberate player devotional act or outcome.",,REJECTED
a4a2061d91c49963,NQ083,NQ,Interface - HUD,Object Categorization Framework,OCF.esp,D:\Wabbajack\modlists\ARR 2.5\mods\Object Categorization Framework\OCF.esp,SIGNAL:AF0266:Update.esm,SIGNAL,read,Keyword,AF0266:Update.esm,WAF_ProtectiveClothingCCF_17,,,,Direct selected-signature raw-file enumeration.,FLST:238|KYWD:517,NO-ROWS,"Primary review: taxonomy, icon, categorization, bestiary, or UI-framework records do not encode a deliberate player devotional act or outcome.",,REJECTED
a4a2061d91c49963,NQ083,NQ,Interface - HUD,Object Categorization Framework,OCF.esp,D:\Wabbajack\modlists\ARR 2.5\mods\Object Categorization Framework\OCF.esp,SIGNAL:AF0267:Update.esm,SIGNAL,read,Keyword,AF0267:Update.esm,WAF_ProtectiveClothingCCF_18,,,,Direct selected-signature raw-file enumeration.,FLST:238|KYWD:517,NO-ROWS,"Primary review: taxonomy, icon, categorization, bestiary, or UI-framework records do not encode a deliberate player devotional act or outcome.",,REJECTED
a4a2061d91c49963,NQ083,NQ,Interface - HUD,Object Categorization Framework,OCF.esp,D:\Wabbajack\modlists\ARR 2.5\mods\Object Categorization Framework\OCF.esp,SIGNAL:AF0268:Update.esm,SIGNAL,read,Keyword,AF0268:Update.esm,WAF_ProtectiveClothingCCF_19,,,,Direct selected-signature raw-file enumeration.,FLST:238|KYWD:517,NO-ROWS,"Primary review: taxonomy, icon, categorization, bestiary, or UI-framework records do not encode a deliberate player devotional act or outcome.",,REJECTED
a4a2061d91c49963,NQ083,NQ,Interface - HUD,Object Categorization Framework,OCF.esp,D:\Wabbajack\modlists\ARR 2.5\mods\Object Categorization Framework\OCF.esp,SIGNAL:AF0269:Update.esm,SIGNAL,read,Keyword,AF0269:Update.esm,WAF_ProtectiveClothingCCF_20,,,,Direct selected-signature raw-file enumeration.,FLST:238|KYWD:517,NO-ROWS,"Primary review: taxonomy, icon, categorization, bestiary, or UI-framework records do not encode a deliberate player devotional act or outcome.",,REJECTED
a4a2061d91c49963,NQ083,NQ,Interface - HUD,Object Categorization Framework,OCF.esp,D:\Wabbajack\modlists\ARR 2.5\mods\Object Categorization Framework\OCF.esp,SIGNAL:AF0270:Update.esm,SIGNAL,read,Keyword,AF0270:Update.esm,WAF_ProtectiveClothingCCF_21,,,,Direct selected-signature raw-file enumeration.,FLST:238|KYWD:517,NO-ROWS,"Primary review: taxonomy, icon, categorization, bestiary, or UI-framework records do not encode a deliberate player devotional act or outcome.",,REJECTED
a4a2061d91c49963,NQ083,NQ,Interface - HUD,Object Categorization Framework,OCF.esp,D:\Wabbajack\modlists\ARR 2.5\mods\Object Categorization Framework\OCF.esp,SIGNAL:AF0271:Update.esm,SIGNAL,read,Keyword,AF0271:Update.esm,WAF_ProtectiveClothingCCF_22,,,,Direct selected-signature raw-file enumeration.,FLST:238|KYWD:517,NO-ROWS,"Primary review: taxonomy, icon, categorization, bestiary, or UI-framework records do not encode a deliberate player devotional act or outcome.",,REJECTED
a4a2061d91c49963,NQ083,NQ,Interface - HUD,Object Categorization Framework,OCF.esp,D:\Wabbajack\modlists\ARR 2.5\mods\Object Categorization Framework\OCF.esp,SIGNAL:AF0272:Update.esm,SIGNAL,read,Keyword,AF0272:Update.esm,WAF_ProtectiveClothingCCF_23,,,,Direct selected-signature raw-file enumeration.,FLST:238|KYWD:517,NO-ROWS,"Primary review: taxonomy, icon, categorization, bestiary, or UI-framework records do not encode a deliberate player devotional act or outcome.",,REJECTED
a4a2061d91c49963,NQ083,NQ,Interface - HUD,Object Categorization Framework,OCF.esp,D:\Wabbajack\modlists\ARR 2.5\mods\Object Categorization Framework\OCF.esp,SIGNAL:AF0273:Update.esm,SIGNAL,read,Keyword,AF0273:Update.esm,WAF_ProtectiveClothingCCF_24,,,,Direct selected-signature raw-file enumeration.,FLST:238|KYWD:517,NO-ROWS,"Primary review: taxonomy, icon, categorization, bestiary, or UI-framework records do not encode a deliberate player devotional act or outcome.",,REJECTED
a4a2061d91c49963,NQ083,NQ,Interface - HUD,Object Categorization Framework,OCF.esp,D:\Wabbajack\modlists\ARR 2.5\mods\Object Categorization Framework\OCF.esp,SIGNAL:AF0274:Update.esm,SIGNAL,read,Keyword,AF0274:Update.esm,WAF_ProtectiveClothingCCF_25,,,,Direct selected-signature raw-file enumeration.,FLST:238|KYWD:517,NO-ROWS,"Primary review: taxonomy, icon, categorization, bestiary, or UI-framework records do not encode a deliberate player devotional act or outcome.",,REJECTED
a4a2061d91c49963,NQ083,NQ,Interface - HUD,Object Categorization Framework,OCF.esp,D:\Wabbajack\modlists\ARR 2.5\mods\Object Categorization Framework\OCF.esp,SIGNAL:AF0275:Update.esm,SIGNAL,read,Keyword,AF0275:Update.esm,WAF_ProtectiveClothingCCF_26,,,,Direct selected-signature raw-file enumeration.,FLST:238|KYWD:517,NO-ROWS,"Primary review: taxonomy, icon, categorization, bestiary, or UI-framework records do not encode a deliberate player devotional act or outcome.",,REJECTED
a4a2061d91c49963,NQ083,NQ,Interface - HUD,Object Categorization Framework,OCF.esp,D:\Wabbajack\modlists\ARR 2.5\mods\Object Categorization Framework\OCF.esp,SIGNAL:AF0276:Update.esm,SIGNAL,read,Keyword,AF0276:Update.esm,WAF_ProtectiveClothingCCF_27,,,,Direct selected-signature raw-file enumeration.,FLST:238|KYWD:517,NO-ROWS,"Primary review: taxonomy, icon, categorization, bestiary, or UI-framework records do not encode a deliberate player devotional act or outcome.",,REJECTED
a4a2061d91c49963,NQ083,NQ,Interface - HUD,Object Categorization Framework,OCF.esp,D:\Wabbajack\modlists\ARR 2.5\mods\Object Categorization Framework\OCF.esp,SIGNAL:AF0277:Update.esm,SIGNAL,read,Keyword,AF0277:Update.esm,WAF_ProtectiveClothingCCF_28,,,,Direct selected-signature raw-file enumeration.,FLST:238|KYWD:517,NO-ROWS,"Primary review: taxonomy, icon, categorization, bestiary, or UI-framework records do not encode a deliberate player devotional act or outcome.",,REJECTED
a4a2061d91c49963,NQ083,NQ,Interface - HUD,Object Categorization Framework,OCF.esp,D:\Wabbajack\modlists\ARR 2.5\mods\Object Categorization Framework\OCF.esp,SIGNAL:AF0278:Update.esm,SIGNAL,read,Keyword,AF0278:Update.esm,WAF_ProtectiveClothingCCF_29,,,,Direct selected-signature raw-file enumeration.,FLST:238|KYWD:517,NO-ROWS,"Primary review: taxonomy, icon, categorization, bestiary, or UI-framework records do not encode a deliberate player devotional act or outcome.",,REJECTED
a4a2061d91c49963,NQ083,NQ,Interface - HUD,Object Categorization Framework,OCF.esp,D:\Wabbajack\modlists\ARR 2.5\mods\Object Categorization Framework\OCF.esp,SIGNAL:AF0279:Update.esm,SIGNAL,read,Keyword,AF0279:Update.esm,WAF_ProtectiveClothingCCF_30,,,,Direct selected-signature raw-file enumeration.,FLST:238|KYWD:517,NO-ROWS,"Primary review: taxonomy, icon, categorization, bestiary, or UI-framework records do not encode a deliberate player devotional act or outcome.",,REJECTED
a4a2061d91c49963,NQ083,NQ,Interface - HUD,Object Categorization Framework,OCF.esp,D:\Wabbajack\modlists\ARR 2.5\mods\Object Categorization Framework\OCF.esp,SIGNAL:AF0290:Update.esm,SIGNAL,read,Keyword,AF0290:Update.esm,WAF_Survival_AddWarmth_05,,,,Direct selected-signature raw-file enumeration.,FLST:238|KYWD:517,NO-ROWS,"Primary review: taxonomy, icon, categorization, bestiary, or UI-framework records do not encode a deliberate player devotional act or outcome.",,REJECTED
a4a2061d91c49963,NQ083,NQ,Interface - HUD,Object Categorization Framework,OCF.esp,D:\Wabbajack\modlists\ARR 2.5\mods\Object Categorization Framework\OCF.esp,SIGNAL:AF0291:Update.esm,SIGNAL,read,Keyword,AF0291:Update.esm,WAF_Survival_AddWarmth_10,,,,Direct selected-signature raw-file enumeration.,FLST:238|KYWD:517,NO-ROWS,"Primary review: taxonomy, icon, categorization, bestiary, or UI-framework records do not encode a deliberate player devotional act or outcome.",,REJECTED
a4a2061d91c49963,NQ083,NQ,Interface - HUD,Object Categorization Framework,OCF.esp,D:\Wabbajack\modlists\ARR 2.5\mods\Object Categorization Framework\OCF.esp,SIGNAL:AF0292:Update.esm,SIGNAL,read,Keyword,AF0292:Update.esm,WAF_Survival_AddWarmth_20,,,,Direct selected-signature raw-file enumeration.,FLST:238|KYWD:517,NO-ROWS,"Primary review: taxonomy, icon, categorization, bestiary, or UI-framework records do not encode a deliberate player devotional act or outcome.",,REJECTED
a4a2061d91c49963,NQ083,NQ,Interface - HUD,Object Categorization Framework,OCF.esp,D:\Wabbajack\modlists\ARR 2.5\mods\Object Categorization Framework\OCF.esp,SIGNAL:AF0293:Update.esm,SIGNAL,read,Keyword,AF0293:Update.esm,WAF_Survival_AddWarmth_30,,,,Direct selected-signature raw-file enumeration.,FLST:238|KYWD:517,NO-ROWS,"Primary review: taxonomy, icon, categorization, bestiary, or UI-framework records do not encode a deliberate player devotional act or outcome.",,REJECTED
a4a2061d91c49963,NQ083,NQ,Interface - HUD,Object Categorization Framework,OCF.esp,D:\Wabbajack\modlists\ARR 2.5\mods\Object Categorization Framework\OCF.esp,SIGNAL:AF0294:Update.esm,SIGNAL,read,Keyword,AF0294:Update.esm,WAF_Survival_AddWarmth_40,,,,Direct selected-signature raw-file enumeration.,FLST:238|KYWD:517,NO-ROWS,"Primary review: taxonomy, icon, categorization, bestiary, or UI-framework records do not encode a deliberate player devotional act or outcome.",,REJECTED
a4a2061d91c49963,NQ083,NQ,Interface - HUD,Object Categorization Framework,OCF.esp,D:\Wabbajack\modlists\ARR 2.5\mods\Object Categorization Framework\OCF.esp,SIGNAL:AF0295:Update.esm,SIGNAL,read,Keyword,AF0295:Update.esm,WAF_Survival_AddWarmth_50,,,,Direct selected-signature raw-file enumeration.,FLST:238|KYWD:517,NO-ROWS,"Primary review: taxonomy, icon, categorization, bestiary, or UI-framework records do not encode a deliberate player devotional act or outcome.",,REJECTED
a4a2061d91c49963,NQ083,NQ,Interface - HUD,Object Categorization Framework,OCF.esp,D:\Wabbajack\modlists\ARR 2.5\mods\Object Categorization Framework\OCF.esp,SIGNAL:AF0500:Update.esm,SIGNAL,read,Keyword,AF0500:Update.esm,ClothingBra,,,,Direct selected-signature raw-file enumeration.,FLST:238|KYWD:517,NO-ROWS,"Primary review: taxonomy, icon, categorization, bestiary, or UI-framework records do not encode a deliberate player devotional act or outcome.",,REJECTED
a4a2061d91c49963,NQ083,NQ,Interface - HUD,Object Categorization Framework,OCF.esp,D:\Wabbajack\modlists\ARR 2.5\mods\Object Categorization Framework\OCF.esp,SIGNAL:AF0501:Update.esm,SIGNAL,read,Keyword,AF0501:Update.esm,ClothingPanties,,,,Direct selected-signature raw-file enumeration.,FLST:238|KYWD:517,NO-ROWS,"Primary review: taxonomy, icon, categorization, bestiary, or UI-framework records do not encode a deliberate player devotional act or outcome.",,REJECTED
a4a2061d91c49963,NQ083,NQ,Interface - HUD,Object Categorization Framework,OCF.esp,D:\Wabbajack\modlists\ARR 2.5\mods\Object Categorization Framework\OCF.esp,SIGNAL:AF0502:Update.esm,SIGNAL,read,Keyword,AF0502:Update.esm,ClothingStrapOn,,,,Direct selected-signature raw-file enumeration.,FLST:238|KYWD:517,NO-ROWS,"Primary review: taxonomy, icon, categorization, bestiary, or UI-framework records do not encode a deliberate player devotional act or outcome.",,REJECTED
a4a2061d91c49963,NQ083,NQ,Interface - HUD,Object Categorization Framework,OCF.esp,D:\Wabbajack\modlists\ARR 2.5\mods\Object Categorization Framework\OCF.esp,SIGNAL:AF0509:Update.esm,SIGNAL,read,Keyword,AF0509:Update.esm,WearWhenStripped,,,,Direct selected-signature raw-file enumeration.,FLST:238|KYWD:517,NO-ROWS,"Primary review: taxonomy, icon, categorization, bestiary, or UI-framework records do not encode a deliberate player devotional act or outcome.",,REJECTED
a4a2061d91c49963,NQ083,NQ,Interface - HUD,Object Categorization Framework,OCF.esp,D:\Wabbajack\modlists\ARR 2.5\mods\Object Categorization Framework\OCF.esp,SIGNAL:AF1001:Update.esm,SIGNAL,read,Keyword,AF1001:Update.esm,VendorItemFoodCooked,,,,Direct selected-signature raw-file enumeration.,FLST:238|KYWD:517,NO-ROWS,"Primary review: taxonomy, icon, categorization, bestiary, or UI-framework records do not encode a deliberate player devotional act or outcome.",,REJECTED
a4a2061d91c49963,NQ083,NQ,Interface - HUD,Object Categorization Framework,OCF.esp,D:\Wabbajack\modlists\ARR 2.5\mods\Object Categorization Framework\OCF.esp,SIGNAL:AF1002:Update.esm,SIGNAL,read,Keyword,AF1002:Update.esm,VendorItemFoodUncooked,,,,Direct selected-signature raw-file enumeration.,FLST:238|KYWD:517,NO-ROWS,"Primary review: taxonomy, icon, categorization, bestiary, or UI-framework records do not encode a deliberate player devotional act or outcome.",,REJECTED
a4a2061d91c49963,NQ083,NQ,Interface - HUD,Object Categorization Framework,OCF.esp,D:\Wabbajack\modlists\ARR 2.5\mods\Object Categorization Framework\OCF.esp,SIGNAL:AF1003:Update.esm,SIGNAL,read,Keyword,AF1003:Update.esm,VendorItemFoodPreserved,,,,Direct selected-signature raw-file enumeration.,FLST:238|KYWD:517,NO-ROWS,"Primary review: taxonomy, icon, categorization, bestiary, or UI-framework records do not encode a deliberate player devotional act or outcome.",,REJECTED
a4a2061d91c49963,NQ083,NQ,Interface - HUD,Object Categorization Framework,OCF.esp,D:\Wabbajack\modlists\ARR 2.5\mods\Object Categorization Framework\OCF.esp,SIGNAL:AF1004:Update.esm,SIGNAL,read,Keyword,AF1004:Update.esm,OCF_AlchFood_Meat,,,,Direct selected-signature raw-file enumeration.,FLST:238|KYWD:517,NO-ROWS,"Primary review: taxonomy, icon, categorization, bestiary, or UI-framework records do not encode a deliberate player devotional act or outcome.",,REJECTED
a4a2061d91c49963,NQ083,NQ,Interface - HUD,Object Categorization Framework,OCF.esp,D:\Wabbajack\modlists\ARR 2.5\mods\Object Categorization Framework\OCF.esp,SIGNAL:AF1005:Update.esm,SIGNAL,read,Keyword,AF1005:Update.esm,OCF_AlchFood_MeatSmall,,,,Direct selected-signature raw-file enumeration.,FLST:238|KYWD:517,NO-ROWS,"Primary review: taxonomy, icon, categorization, bestiary, or UI-framework records do not encode a deliberate player devotional act or outcome.",,REJECTED
a4a2061d91c49963,NQ083,NQ,Interface - HUD,Object Categorization Framework,OCF.esp,D:\Wabbajack\modlists\ARR 2.5\mods\Object Categorization Framework\OCF.esp,SIGNAL:AF1006:Update.esm,SIGNAL,read,Keyword,AF1006:Update.esm,OCF_AlchFood_Seafood,,,,Direct selected-signature raw-file enumeration.,FLST:238|KYWD:517,NO-ROWS,"Primary review: taxonomy, icon, categorization, bestiary, or UI-framework records do not encode a deliberate player devotional act or outcome.",,REJECTED
a4a2061d91c49963,NQ083,NQ,Interface - HUD,Object Categorization Framework,OCF.esp,D:\Wabbajack\modlists\ARR 2.5\mods\Object Categorization Framework\OCF.esp,SIGNAL:AF1007:Update.esm,SIGNAL,read,Keyword,AF1007:Update.esm,OCF_AlchFood_Fish,,,,Direct selected-signature raw-file enumeration.,FLST:238|KYWD:517,NO-ROWS,"Primary review: taxonomy, icon, categorization, bestiary, or UI-framework records do not encode a deliberate player devotional act or outcome.",,REJECTED
a4a2061d91c49963,NQ083,NQ,Interface - HUD,Object Categorization Framework,OCF.esp,D:\Wabbajack\modlists\ARR 2.5\mods\Object Categorization Framework\OCF.esp,SIGNAL:AF1008:Update.esm,SIGNAL,read,Keyword,AF1008:Update.esm,OCF_AlchFood_Fruit,,,,Direct selected-signature raw-file enumeration.,FLST:238|KYWD:517,NO-ROWS,"Primary review: taxonomy, icon, categorization, bestiary, or UI-framework records do not encode a deliberate player devotional act or outcome.",,REJECTED
a4a2061d91c49963,NQ083,NQ,Interface - HUD,Object Categorization Framework,OCF.esp,D:\Wabbajack\modlists\ARR 2.5\mods\Object Categorization Framework\OCF.esp,SIGNAL:AF1009:Update.esm,SIGNAL,read,Keyword,AF1009:Update.esm,OCF_AlchFood_Vegetable,,,,Direct selected-signature raw-file enumeration.,FLST:238|KYWD:517,NO-ROWS,"Primary review: taxonomy, icon, categorization, bestiary, or UI-framework records do not encode a deliberate player devotional act or outcome.",,REJECTED
a4a2061d91c49963,NQ083,NQ,Interface - HUD,Object Categorization Framework,OCF.esp,D:\Wabbajack\modlists\ARR 2.5\mods\Object Categorization Framework\OCF.esp,SIGNAL:AF100A:Update.esm,SIGNAL,read,Keyword,AF100A:Update.esm,OCF_AlchFood_Cheese,,,,Direct selected-signature raw-file enumeration.,FLST:238|KYWD:517,NO-ROWS,"Primary review: taxonomy, icon, categorization, bestiary, or UI-framework records do not encode a deliberate player devotional act or outcome.",,REJECTED
a4a2061d91c49963,NQ083,NQ,Interface - HUD,Object Categorization Framework,OCF.esp,D:\Wabbajack\modlists\ARR 2.5\mods\Object Categorization Framework\OCF.esp,SIGNAL:AF100B:Update.esm,SIGNAL,read,Keyword,AF100B:Update.esm,OCF_AlchFood_CheeseBowl,,,,Direct selected-signature raw-file enumeration.,FLST:238|KYWD:517,NO-ROWS,"Primary review: taxonomy, icon, categorization, bestiary, or UI-framework records do not encode a deliberate player devotional act or outcome.",,REJECTED
a4a2061d91c49963,NQ083,NQ,Interface - HUD,Object Categorization Framework,OCF.esp,D:\Wabbajack\modlists\ARR 2.5\mods\Object Categorization Framework\OCF.esp,SIGNAL:AF100C:Update.esm,SIGNAL,read,Keyword,AF100C:Update.esm,OCF_AlchFood_Egg,,,,Direct selected-signature raw-file enumeration.,FLST:238|KYWD:517,NO-ROWS,"Primary review: taxonomy, icon, categorization, bestiary, or UI-framework records do not encode a deliberate player devotional act or outcome.",,REJECTED
a4a2061d91c49963,NQ083,NQ,Interface - HUD,Object Categorization Framework,OCF.esp,D:\Wabbajack\modlists\ARR 2.5\mods\Object Categorization Framework\OCF.esp,SIGNAL:AF100D:Update.esm,SIGNAL,read,Keyword,AF100D:Update.esm,OCF_AlchFood_IngredientWet,,,,Direct selected-signature raw-file enumeration.,FLST:238|KYWD:517,NO-ROWS,"Primary review: taxonomy, icon, categorization, bestiary, or UI-framework records do not encode a deliberate player devotional act or outcome.",,REJECTED
a4a2061d91c49963,NQ083,NQ,Interface - HUD,Object Categorization Framework,OCF.esp,D:\Wabbajack\modlists\ARR 2.5\mods\Object Categorization Framework\OCF.esp,SIGNAL:AF100E:Update.esm,SIGNAL,read,Keyword,AF100E:Update.esm,OCF_AlchFood_IngredientDry,,,,Direct selected-signature raw-file enumeration.,FLST:238|KYWD:517,NO-ROWS,"Primary review: taxonomy, icon, categorization, bestiary, or UI-framework records do not encode a deliberate player devotional act or outcome.",,REJECTED
a4a2061d91c49963,NQ083,NQ,Interface - HUD,Object Categorization Framework,OCF.esp,D:\Wabbajack\modlists\ARR 2.5\mods\Object Categorization Framework\OCF.esp,SIGNAL:AF100F:Update.esm,SIGNAL,read,Keyword,AF100F:Update.esm,OCF_AlchFood_Bread,,,,Direct selected-signature raw-file enumeration.,FLST:238|KYWD:517,NO-ROWS,"Primary review: taxonomy, icon, categorization, bestiary, or UI-framework records do not encode a deliberate player devotional act or outcome.",,REJECTED
a4a2061d91c49963,NQ083,NQ,Interface - HUD,Object Categorization Framework,OCF.esp,D:\Wabbajack\modlists\ARR 2.5\mods\Object Categorization Framework\OCF.esp,SIGNAL:AF1010:Update.esm,SIGNAL,read,Keyword,AF1010:Update.esm,OCF_AlchFood_Baked,,,,Direct selected-signature raw-file enumeration.,FLST:238|KYWD:517,NO-ROWS,"Primary review: taxonomy, icon, categorization, bestiary, or UI-framework records do not encode a deliberate player devotional act or outcome.",,REJECTED
a4a2061d91c49963,NQ083,NQ,Interface - HUD,Object Categorization Framework,OCF.esp,D:\Wabbajack\modlists\ARR 2.5\mods\Object Categorization Framework\OCF.esp,SIGNAL:AF1011:Update.esm,SIGNAL,read,Keyword,AF1011:Update.esm,OCF_AlchFood_Treat,,,,Direct selected-signature raw-file enumeration.,FLST:238|KYWD:517,NO-ROWS,"Primary review: taxonomy, icon, categorization, bestiary, or UI-framework records do not encode a deliberate player devotional act or outcome.",,REJECTED
a4a2061d91c49963,NQ083,NQ,Interface - HUD,Object Categorization Framework,OCF.esp,D:\Wabbajack\modlists\ARR 2.5\mods\Object Categorization Framework\OCF.esp,SIGNAL:AF1012:Update.esm,SIGNAL,read,Keyword,AF1012:Update.esm,OCF_AlchFood_Stew,,,,Direct selected-signature raw-file enumeration.,FLST:238|KYWD:517,NO-ROWS,"Primary review: taxonomy, icon, categorization, bestiary, or UI-framework records do not encode a deliberate player devotional act or outcome.",,REJECTED
a4a2061d91c49963,NQ083,NQ,Interface - HUD,Object Categorization Framework,OCF.esp,D:\Wabbajack\modlists\ARR 2.5\mods\Object Categorization Framework\OCF.esp,SIGNAL:AF1013:Update.esm,SIGNAL,read,Keyword,AF1013:Update.esm,OCF_AlchFood_Meal,,,,Direct selected-signature raw-file enumeration.,FLST:238|KYWD:517,NO-ROWS,"Primary review: taxonomy, icon, categorization, bestiary, or UI-framework records do not encode a deliberate player devotional act or outcome.",,REJECTED
a4a2061d91c49963,NQ083,NQ,Interface - HUD,Object Categorization Framework,OCF.esp,D:\Wabbajack\modlists\ARR 2.5\mods\Object Categorization Framework\OCF.esp,SIGNAL:AF101A:Update.esm,SIGNAL,read,Keyword,AF101A:Update.esm,OCF_AlchDrinkAlcohol,,,,Direct selected-signature raw-file enumeration.,FLST:238|KYWD:517,NO-ROWS,"Primary review: taxonomy, icon, categorization, bestiary, or UI-framework records do not encode a deliberate player devotional act or outcome.",,REJECTED
a4a2061d91c49963,NQ083,NQ,Interface - HUD,Object Categorization Framework,OCF.esp,D:\Wabbajack\modlists\ARR 2.5\mods\Object Categorization Framework\OCF.esp,SIGNAL:AF101B:Update.esm,SIGNAL,read,Keyword,AF101B:Update.esm,OCF_AlchDrinkSoft,,,,Direct selected-signature raw-file enumeration.,FLST:238|KYWD:517,NO-ROWS,"Primary review: taxonomy, icon, categorization, bestiary, or UI-framework records do not encode a deliberate player devotional act or outcome.",,REJECTED
a4a2061d91c49963,NQ083,NQ,Interface - HUD,Object Categorization Framework,OCF.esp,D:\Wabbajack\modlists\ARR 2.5\mods\Object Categorization Framework\OCF.esp,SIGNAL:AF101C:Update.esm,SIGNAL,read,Keyword,AF101C:Update.esm,OCF_AlchDrink_Water,,,,Direct selected-signature raw-file enumeration.,FLST:238|KYWD:517,NO-ROWS,"Primary review: taxonomy, icon, categorization, bestiary, or UI-framework records do not encode a deliberate player devotional act or outcome.",,REJECTED
a4a2061d91c49963,NQ083,NQ,Interface - HUD,Object Categorization Framework,OCF.esp,D:\Wabbajack\modlists\ARR 2.5\mods\Object Categorization Framework\OCF.esp,SIGNAL:AF101D:Update.esm,SIGNAL,read,Keyword,AF101D:Update.esm,OCF_AlchDrink_Milk,,,,Direct selected-signature raw-file enumeration.,FLST:238|KYWD:517,NO-ROWS,"Primary review: taxonomy, icon, categorization, bestiary, or UI-framework records do not encode a deliberate player devotional act or outcome.",,REJECTED
a4a2061d91c49963,NQ083,NQ,Interface - HUD,Object Categorization Framework,OCF.esp,D:\Wabbajack\modlists\ARR 2.5\mods\Object Categorization Framework\OCF.esp,SIGNAL:CC0E08:Update.esm,SIGNAL,read,Keyword,CC0E08:Update.esm,FrostfallWarmFoodDrinkKeyword,,,,Direct selected-signature raw-file enumeration.,FLST:238|KYWD:517,NO-ROWS,"Primary review: taxonomy, icon, categorization, bestiary, or UI-framework records do not encode a deliberate player devotional act or outcome.",,REJECTED
a4a2061d91c49963,NQ083,NQ,Interface - HUD,Object Categorization Framework,OCF.esp,D:\Wabbajack\modlists\ARR 2.5\mods\Object Categorization Framework\OCF.esp,SIGNAL:CC0E0E:Update.esm,SIGNAL,read,Keyword,CC0E0E:Update.esm,FrostfallIgnore,,,,Direct selected-signature raw-file enumeration.,FLST:238|KYWD:517,NO-ROWS,"Primary review: taxonomy, icon, categorization, bestiary, or UI-framework records do not encode a deliberate player devotional act or outcome.",,REJECTED
a4a2061d91c49963,NQ083,NQ,Interface - HUD,Object Categorization Framework,OCF.esp,D:\Wabbajack\modlists\ARR 2.5\mods\Object Categorization Framework\OCF.esp,SIGNAL:CC0E0F:Update.esm,SIGNAL,read,Keyword,CC0E0F:Update.esm,FrostfallWarmthPoor,,,,Direct selected-signature raw-file enumeration.,FLST:238|KYWD:517,NO-ROWS,"Primary review: taxonomy, icon, categorization, bestiary, or UI-framework records do not encode a deliberate player devotional act or outcome.",,REJECTED
a4a2061d91c49963,NQ083,NQ,Interface - HUD,Object Categorization Framework,OCF.esp,D:\Wabbajack\modlists\ARR 2.5\mods\Object Categorization Framework\OCF.esp,SIGNAL:CC0E11:Update.esm,SIGNAL,read,Keyword,CC0E11:Update.esm,FrostfallWarmthFair,,,,Direct selected-signature raw-file enumeration.,FLST:238|KYWD:517,NO-ROWS,"Primary review: taxonomy, icon, categorization, bestiary, or UI-framework records do not encode a deliberate player devotional act or outcome.",,REJECTED
a4a2061d91c49963,NQ083,NQ,Interface - HUD,Object Categorization Framework,OCF.esp,D:\Wabbajack\modlists\ARR 2.5\mods\Object Categorization Framework\OCF.esp,SIGNAL:CC0E12:Update.esm,SIGNAL,read,Keyword,CC0E12:Update.esm,FrostfallWarmthGood,,,,Direct selected-signature raw-file enumeration.,FLST:238|KYWD:517,NO-ROWS,"Primary review: taxonomy, icon, categorization, bestiary, or UI-framework records do not encode a deliberate player devotional act or outcome.",,REJECTED
a4a2061d91c49963,NQ083,NQ,Interface - HUD,Object Categorization Framework,OCF.esp,D:\Wabbajack\modlists\ARR 2.5\mods\Object Categorization Framework\OCF.esp,SIGNAL:CC0E13:Update.esm,SIGNAL,read,Keyword,CC0E13:Update.esm,FrostfallWarmthExcellent,,,,Direct selected-signature raw-file enumeration.,FLST:238|KYWD:517,NO-ROWS,"Primary review: taxonomy, icon, categorization, bestiary, or UI-framework records do not encode a deliberate player devotional act or outcome.",,REJECTED
a4a2061d91c49963,NQ083,NQ,Interface - HUD,Object Categorization Framework,OCF.esp,D:\Wabbajack\modlists\ARR 2.5\mods\Object Categorization Framework\OCF.esp,SIGNAL:CC0E14:Update.esm,SIGNAL,read,Keyword,CC0E14:Update.esm,FrostfallWarmthMax,,,,Direct selected-signature raw-file enumeration.,FLST:238|KYWD:517,NO-ROWS,"Primary review: taxonomy, icon, categorization, bestiary, or UI-framework records do not encode a deliberate player devotional act or outcome.",,REJECTED
a4a2061d91c49963,NQ083,NQ,Interface - HUD,Object Categorization Framework,OCF.esp,D:\Wabbajack\modlists\ARR 2.5\mods\Object Categorization Framework\OCF.esp,SIGNAL:CC0E15:Update.esm,SIGNAL,read,Keyword,CC0E15:Update.esm,FrostfallCoveragePoor,,,,Direct selected-signature raw-file enumeration.,FLST:238|KYWD:517,NO-ROWS,"Primary review: taxonomy, icon, categorization, bestiary, or UI-framework records do not encode a deliberate player devotional act or outcome.",,REJECTED
a4a2061d91c49963,NQ083,NQ,Interface - HUD,Object Categorization Framework,OCF.esp,D:\Wabbajack\modlists\ARR 2.5\mods\Object Categorization Framework\OCF.esp,SIGNAL:CC0E17:Update.esm,SIGNAL,read,Keyword,CC0E17:Update.esm,FrostfallCoverageFair,,,,Direct selected-signature raw-file enumeration.,FLST:238|KYWD:517,NO-ROWS,"Primary review: taxonomy, icon, categorization, bestiary, or UI-framework records do not encode a deliberate player devotional act or outcome.",,REJECTED
a4a2061d91c49963,NQ083,NQ,Interface - HUD,Object Categorization Framework,OCF.esp,D:\Wabbajack\modlists\ARR 2.5\mods\Object Categorization Framework\OCF.esp,SIGNAL:CC0E18:Update.esm,SIGNAL,read,Keyword,CC0E18:Update.esm,FrostfallCoverageGood,,,,Direct selected-signature raw-file enumeration.,FLST:238|KYWD:517,NO-ROWS,"Primary review: taxonomy, icon, categorization, bestiary, or UI-framework records do not encode a deliberate player devotional act or outcome.",,REJECTED
a4a2061d91c49963,NQ083,NQ,Interface - HUD,Object Categorization Framework,OCF.esp,D:\Wabbajack\modlists\ARR 2.5\mods\Object Categorization Framework\OCF.esp,SIGNAL:CC0E19:Update.esm,SIGNAL,read,Keyword,CC0E19:Update.esm,FrostfallCoverageExcellent,,,,Direct selected-signature raw-file enumeration.,FLST:238|KYWD:517,NO-ROWS,"Primary review: taxonomy, icon, categorization, bestiary, or UI-framework records do not encode a deliberate player devotional act or outcome.",,REJECTED
a4a2061d91c49963,NQ083,NQ,Interface - HUD,Object Categorization Framework,OCF.esp,D:\Wabbajack\modlists\ARR 2.5\mods\Object Categorization Framework\OCF.esp,SIGNAL:CC0E1A:Update.esm,SIGNAL,read,Keyword,CC0E1A:Update.esm,FrostfallCoverageMax,,,,Direct selected-signature raw-file enumeration.,FLST:238|KYWD:517,NO-ROWS,"Primary review: taxonomy, icon, categorization, bestiary, or UI-framework records do not encode a deliberate player devotional act or outcome.",,REJECTED
a4a2061d91c49963,NQ083,NQ,Interface - HUD,Object Categorization Framework,OCF.esp,D:\Wabbajack\modlists\ARR 2.5\mods\Object Categorization Framework\OCF.esp,SIGNAL:CC0E1B:Update.esm,SIGNAL,read,Keyword,CC0E1B:Update.esm,FrostfallIsCloakCloth,,,,Direct selected-signature raw-file enumeration.,FLST:238|KYWD:517,NO-ROWS,"Primary review: taxonomy, icon, categorization, bestiary, or UI-framework records do not encode a deliberate player devotional act or outcome.",,REJECTED
a4a2061d91c49963,NQ083,NQ,Interface - HUD,Object Categorization Framework,OCF.esp,D:\Wabbajack\modlists\ARR 2.5\mods\Object Categorization Framework\OCF.esp,SIGNAL:CC0E1D:Update.esm,SIGNAL,read,Keyword,CC0E1D:Update.esm,FrostfallIsCloakLeather,,,,Direct selected-signature raw-file enumeration.,FLST:238|KYWD:517,NO-ROWS,"Primary review: taxonomy, icon, categorization, bestiary, or UI-framework records do not encode a deliberate player devotional act or outcome.",,REJECTED
a4a2061d91c49963,NQ083,NQ,Interface - HUD,Object Categorization Framework,OCF.esp,D:\Wabbajack\modlists\ARR 2.5\mods\Object Categorization Framework\OCF.esp,SIGNAL:CC0E1E:Update.esm,SIGNAL,read,Keyword,CC0E1E:Update.esm,FrostfallIsCloakFur,,,,Direct selected-signature raw-file enumeration.,FLST:238|KYWD:517,NO-ROWS,"Primary review: taxonomy, icon, categorization, bestiary, or UI-framework records do not encode a deliberate player devotional act or outcome.",,REJECTED
a4a2061d91c49963,NQ083,NQ,Interface - HUD,Object Categorization Framework,OCF.esp,D:\Wabbajack\modlists\ARR 2.5\mods\Object Categorization Framework\OCF.esp,SIGNAL:CC0E1F:Update.esm,SIGNAL,read,Keyword,CC0E1F:Update.esm,FrostfallIsWeatherproofAccessory,,,,Direct selected-signature raw-file enumeration.,FLST:238|KYWD:517,NO-ROWS,"Primary review: taxonomy, icon, categorization, bestiary, or UI-framework records do not encode a deliberate player devotional act or outcome.",,REJECTED
a4a2061d91c49963,NQ083,NQ,Interface - HUD,Object Categorization Framework,OCF.esp,D:\Wabbajack\modlists\ARR 2.5\mods\Object Categorization Framework\OCF.esp,SIGNAL:CC0E20:Update.esm,SIGNAL,read,Keyword,CC0E20:Update.esm,FrostfallIsWarmAccessory,,,,Direct selected-signature raw-file enumeration.,FLST:238|KYWD:517,NO-ROWS,"Primary review: taxonomy, icon, categorization, bestiary, or UI-framework records do not encode a deliberate player devotional act or outcome.",,REJECTED
a4a2061d91c49963,NQ083,NQ,Interface - HUD,Object Categorization Framework,OCF.esp,D:\Wabbajack\modlists\ARR 2.5\mods\Object Categorization Framework\OCF.esp,SIGNAL:CC0E21:Update.esm,SIGNAL,read,Keyword,CC0E21:Update.esm,FrostfallExtraHeadCloth,,,,Direct selected-signature raw-file enumeration.,FLST:238|KYWD:517,NO-ROWS,"Primary review: taxonomy, icon, categorization, bestiary, or UI-framework records do not encode a deliberate player devotional act or outcome.",,REJECTED
a4a2061d91c49963,NQ083,NQ,Interface - HUD,Object Categorization Framework,OCF.esp,D:\Wabbajack\modlists\ARR 2.5\mods\Object Categorization Framework\OCF.esp,SIGNAL:CC0E23:Update.esm,SIGNAL,read,Keyword,CC0E23:Update.esm,FrostfallExtraHeadWeatherproof,,,,Direct selected-signature raw-file enumeration.,FLST:238|KYWD:517,NO-ROWS,"Primary review: taxonomy, icon, categorization, bestiary, or UI-framework records do not encode a deliberate player devotional act or outcome.",,REJECTED
a4a2061d91c49963,NQ083,NQ,Interface - HUD,Object Categorization Framework,OCF.esp,D:\Wabbajack\modlists\ARR 2.5\mods\Object Categorization Framework\OCF.esp,SIGNAL:CC0E24:Update.esm,SIGNAL,read,Keyword,CC0E24:Update.esm,FrostfallExtraHeadWarm,,,,Direct selected-signature raw-file enumeration.,FLST:238|KYWD:517,NO-ROWS,"Primary review: taxonomy, icon, categorization, bestiary, or UI-framework records do not encode a deliberate player devotional act or outcome.",,REJECTED
a4a2061d91c49963,NQ083,NQ,Interface - HUD,Object Categorization Framework,OCF.esp,D:\Wabbajack\modlists\ARR 2.5\mods\Object Categorization Framework\OCF.esp,SIGNAL:CC0E25:Update.esm,SIGNAL,read,Keyword,CC0E25:Update.esm,FrostfallExtraCloakCloth,,,,Direct selected-signature raw-file enumeration.,FLST:238|KYWD:517,NO-ROWS,"Primary review: taxonomy, icon, categorization, bestiary, or UI-framework records do not encode a deliberate player devotional act or outcome.",,REJECTED
a4a2061d91c49963,NQ083,NQ,Interface - HUD,Object Categorization Framework,OCF.esp,D:\Wabbajack\modlists\ARR 2.5\mods\Object Categorization Framework\OCF.esp,SIGNAL:CC0E26:Update.esm,SIGNAL,read,Keyword,CC0E26:Update.esm,FrostfallExtraCloakLeather,,,,Direct selected-signature raw-file enumeration.,FLST:238|KYWD:517,NO-ROWS,"Primary review: taxonomy, icon, categorization, bestiary, or UI-framework records do not encode a deliberate player devotional act or outcome.",,REJECTED
a4a2061d91c49963,NQ083,NQ,Interface - HUD,Object Categorization Framework,OCF.esp,D:\Wabbajack\modlists\ARR 2.5\mods\Object Categorization Framework\OCF.esp,SIGNAL:CC0E27:Update.esm,SIGNAL,read,Keyword,CC0E27:Update.esm,FrostfallExtraCloakFur,,,,Direct selected-signature raw-file enumeration.,FLST:238|KYWD:517,NO-ROWS,"Primary review: taxonomy, icon, categorization, bestiary, or UI-framework records do not encode a deliberate player devotional act or outcome.",,REJECTED
a4a2061d91c49963,NQ083,NQ,Interface - HUD,Object Categorization Framework,OCF.esp,D:\Wabbajack\modlists\ARR 2.5\mods\Object Categorization Framework\OCF.esp,SIGNAL:CCA048:Update.esm,SIGNAL,read,Keyword,CCA048:Update.esm,CACO_MagicAlchWeaponOil,,,,Direct selected-signature raw-file enumeration.,FLST:238|KYWD:517,NO-ROWS,"Primary review: taxonomy, icon, categorization, bestiary, or UI-framework records do not encode a deliberate player devotional act or outcome.",,REJECTED
a4a2061d91c49963,NQ083,NQ,Interface - HUD,Object Categorization Framework,OCF.esp,D:\Wabbajack\modlists\ARR 2.5\mods\Object Categorization Framework\OCF.esp,SIGNAL:CD0000:Update.esm,SIGNAL,read,Keyword,CD0000:Update.esm,VendorNoBuy,,,,Direct selected-signature raw-file enumeration.,FLST:238|KYWD:517,NO-ROWS,"Primary review: taxonomy, icon, categorization, bestiary, or UI-framework records do not encode a deliberate player devotional act or outcome.",,REJECTED
a4a2061d91c49963,NQ083,NQ,Interface - HUD,Object Categorization Framework,OCF.esp,D:\Wabbajack\modlists\ARR 2.5\mods\Object Categorization Framework\OCF.esp,SIGNAL:CD0100:Update.esm,SIGNAL,read,Keyword,CD0100:Update.esm,OCF_WeapTypePole1H_Thrust,,,,Direct selected-signature raw-file enumeration.,FLST:238|KYWD:517,NO-ROWS,"Primary review: taxonomy, icon, categorization, bestiary, or UI-framework records do not encode a deliberate player devotional act or outcome.",,REJECTED
a4a2061d91c49963,NQ083,NQ,Interface - HUD,Object Categorization Framework,OCF.esp,D:\Wabbajack\modlists\ARR 2.5\mods\Object Categorization Framework\OCF.esp,SIGNAL:CD0212:Update.esm,SIGNAL,read,Keyword,CD0212:Update.esm,WK_MagicBanish,,,,Direct selected-signature raw-file enumeration.,FLST:238|KYWD:517,NO-ROWS,"Primary review: taxonomy, icon, categorization, bestiary, or UI-framework records do not encode a deliberate player devotional act or outcome.",,REJECTED
a4a2061d91c49963,NQ083,NQ,Interface - HUD,Object Categorization Framework,OCF.esp,D:\Wabbajack\modlists\ARR 2.5\mods\Object Categorization Framework\OCF.esp,SIGNAL:CD0213:Update.esm,SIGNAL,read,Keyword,CD0213:Update.esm,WK_MagicBlood,,,,Direct selected-signature raw-file enumeration.,FLST:238|KYWD:517,NO-ROWS,"Primary review: taxonomy, icon, categorization, bestiary, or UI-framework records do not encode a deliberate player devotional act or outcome.",,REJECTED
a4a2061d91c49963,NQ083,NQ,Interface - HUD,Object Categorization Framework,OCF.esp,D:\Wabbajack\modlists\ARR 2.5\mods\Object Categorization Framework\OCF.esp,SIGNAL:CD0214:Update.esm,SIGNAL,read,Keyword,CD0214:Update.esm,WK_MagicBound,,,,Direct selected-signature raw-file enumeration.,FLST:238|KYWD:517,NO-ROWS,"Primary review: taxonomy, icon, categorization, bestiary, or UI-framework records do not encode a deliberate player devotional act or outcome.",,REJECTED
a4a2061d91c49963,NQ083,NQ,Interface - HUD,Object Categorization Framework,OCF.esp,D:\Wabbajack\modlists\ARR 2.5\mods\Object Categorization Framework\OCF.esp,SIGNAL:CD0215:Update.esm,SIGNAL,read,Keyword,CD0215:Update.esm,WK_MagicBuff,,,,Direct selected-signature raw-file enumeration.,FLST:238|KYWD:517,NO-ROWS,"Primary review: taxonomy, icon, categorization, bestiary, or UI-framework records do not encode a deliberate player devotional act or outcome.",,REJECTED
a4a2061d91c49963,NQ083,NQ,Interface - HUD,Object Categorization Framework,OCF.esp,D:\Wabbajack\modlists\ARR 2.5\mods\Object Categorization Framework\OCF.esp,SIGNAL:CD0216:Update.esm,SIGNAL,read,Keyword,CD0216:Update.esm,WK_MagicBuffAlly,,,,Direct selected-signature raw-file enumeration.,FLST:238|KYWD:517,NO-ROWS,"Primary review: taxonomy, icon, categorization, bestiary, or UI-framework records do not encode a deliberate player devotional act or outcome.",,REJECTED
a4a2061d91c49963,NQ083,NQ,Interface - HUD,Object Categorization Framework,OCF.esp,D:\Wabbajack\modlists\ARR 2.5\mods\Object Categorization Framework\OCF.esp,SIGNAL:CD0217:Update.esm,SIGNAL,read,Keyword,CD0217:Update.esm,WK_MagicBuffSummon,,,,Direct selected-signature raw-file enumeration.,FLST:238|KYWD:517,NO-ROWS,"Primary review: taxonomy, icon, categorization, bestiary, or UI-framework records do not encode a deliberate player devotional act or outcome.",,REJECTED
a4a2061d91c49963,NQ083,NQ,Interface - HUD,Object Categorization Framework,OCF.esp,D:\Wabbajack\modlists\ARR 2.5\mods\Object Categorization Framework\OCF.esp,SIGNAL:CD0218:Update.esm,SIGNAL,read,Keyword,CD0218:Update.esm,WK_MagicConfuse,,,,Direct selected-signature raw-file enumeration.,FLST:238|KYWD:517,NO-ROWS,"Primary review: taxonomy, icon, categorization, bestiary, or UI-framework records do not encode a deliberate player devotional act or outcome.",,REJECTED
a4a2061d91c49963,NQ083,NQ,Interface - HUD,Object Categorization Framework,OCF.esp,D:\Wabbajack\modlists\ARR 2.5\mods\Object Categorization Framework\OCF.esp,SIGNAL:CD0219:Update.esm,SIGNAL,read,Keyword,CD0219:Update.esm,WK_MagicCurse,,,,Direct selected-signature raw-file enumeration.,FLST:238|KYWD:517,NO-ROWS,"Primary review: taxonomy, icon, categorization, bestiary, or UI-framework records do not encode a deliberate player devotional act or outcome.",,REJECTED
a4a2061d91c49963,NQ083,NQ,Interface - HUD,Object Categorization Framework,OCF.esp,D:\Wabbajack\modlists\ARR 2.5\mods\Object Categorization Framework\OCF.esp,SIGNAL:CD021A:Update.esm,SIGNAL,read,Keyword,CD021A:Update.esm,WK_MagicDebuff,,,,Direct selected-signature raw-file enumeration.,FLST:238|KYWD:517,NO-ROWS,"Primary review: taxonomy, icon, categorization, bestiary, or UI-framework records do not encode a deliberate player devotional act or outcome.",,REJECTED
a4a2061d91c49963,NQ083,NQ,Interface - HUD,Object Categorization Framework,OCF.esp,D:\Wabbajack\modlists\ARR 2.5\mods\Object Categorization Framework\OCF.esp,SIGNAL:CD021B:Update.esm,SIGNAL,read,Keyword,CD021B:Update.esm,WK_MagicDemi,,,,Direct selected-signature raw-file enumeration.,FLST:238|KYWD:517,NO-ROWS,"Primary review: taxonomy, icon, categorization, bestiary, or UI-framework records do not encode a deliberate player devotional act or outcome.",,REJECTED
a4a2061d91c49963,NQ083,NQ,Interface - HUD,Object Categorization Framework,OCF.esp,D:\Wabbajack\modlists\ARR 2.5\mods\Object Categorization Framework\OCF.esp,SIGNAL:CD021C:Update.esm,SIGNAL,read,Keyword,CD021C:Update.esm,WK_MagicDisease,,,,Direct selected-signature raw-file enumeration.,FLST:238|KYWD:517,NO-ROWS,"Primary review: taxonomy, icon, categorization, bestiary, or UI-framework records do not encode a deliberate player devotional act or outcome.",,REJECTED
a4a2061d91c49963,NQ083,NQ,Interface - HUD,Object Categorization Framework,OCF.esp,D:\Wabbajack\modlists\ARR 2.5\mods\Object Categorization Framework\OCF.esp,SIGNAL:CD021D:Update.esm,SIGNAL,read,Keyword,CD021D:Update.esm,WK_MagicDispel,,,,Direct selected-signature raw-file enumeration.,FLST:238|KYWD:517,NO-ROWS,"Primary review: taxonomy, icon, categorization, bestiary, or UI-framework records do not encode a deliberate player devotional act or outcome.",,REJECTED
a4a2061d91c49963,NQ083,NQ,Interface - HUD,Object Categorization Framework,OCF.esp,D:\Wabbajack\modlists\ARR 2.5\mods\Object Categorization Framework\OCF.esp,SIGNAL:CD021E:Update.esm,SIGNAL,read,Keyword,CD021E:Update.esm,WK_MagicEarth,,,,Direct selected-signature raw-file enumeration.,FLST:238|KYWD:517,NO-ROWS,"Primary review: taxonomy, icon, categorization, bestiary, or UI-framework records do not encode a deliberate player devotional act or outcome.",,REJECTED
a4a2061d91c49963,NQ083,NQ,Interface - HUD,Object Categorization Framework,OCF.esp,D:\Wabbajack\modlists\ARR 2.5\mods\Object Categorization Framework\OCF.esp,SIGNAL:CD021F:Update.esm,SIGNAL,read,Keyword,CD021F:Update.esm,WK_MagicGhost,,,,Direct selected-signature raw-file enumeration.,FLST:238|KYWD:517,NO-ROWS,"Primary review: taxonomy, icon, categorization, bestiary, or UI-framework records do not encode a deliberate player devotional act or outcome.",,REJECTED
a4a2061d91c49963,NQ083,NQ,Interface - HUD,Object Categorization Framework,OCF.esp,D:\Wabbajack\modlists\ARR 2.5\mods\Object Categorization Framework\OCF.esp,SIGNAL:CD0220:Update.esm,SIGNAL,read,Keyword,CD0220:Update.esm,WK_MagicGravity,,,,Direct selected-signature raw-file enumeration.,FLST:238|KYWD:517,NO-ROWS,"Primary review: taxonomy, icon, categorization, bestiary, or UI-framework records do not encode a deliberate player devotional act or outcome.",,REJECTED
a4a2061d91c49963,NQ083,NQ,Interface - HUD,Object Categorization Framework,OCF.esp,D:\Wabbajack\modlists\ARR 2.5\mods\Object Categorization Framework\OCF.esp,SIGNAL:CD0221:Update.esm,SIGNAL,read,Keyword,CD0221:Update.esm,WK_MagicHoly,,,,Direct selected-signature raw-file enumeration.,FLST:238|KYWD:517,NO-ROWS,"Primary review: taxonomy, icon, categorization, bestiary, or UI-framework records do not encode a deliberate player devotional act or outcome.",,REJECTED
a4a2061d91c49963,NQ083,NQ,Interface - HUD,Object Categorization Framework,OCF.esp,D:\Wabbajack\modlists\ARR 2.5\mods\Object Categorization Framework\OCF.esp,SIGNAL:CD0222:Update.esm,SIGNAL,read,Keyword,CD0222:Update.esm,WK_MagicLight,,,,Direct selected-signature raw-file enumeration.,FLST:238|KYWD:517,NO-ROWS,"Primary review: taxonomy, icon, categorization, bestiary, or UI-framework records do not encode a deliberate player devotional act or outcome.",,REJECTED
a4a2061d91c49963,NQ083,NQ,Interface - HUD,Object Categorization Framework,OCF.esp,D:\Wabbajack\modlists\ARR 2.5\mods\Object Categorization Framework\OCF.esp,SIGNAL:CD0223:Update.esm,SIGNAL,read,Keyword,CD0223:Update.esm,WK_MagicLink,,,,Direct selected-signature raw-file enumeration.,FLST:238|KYWD:517,NO-ROWS,"Primary review: taxonomy, icon, categorization, bestiary, or UI-framework records do not encode a deliberate player devotional act or outcome.",,REJECTED
a4a2061d91c49963,NQ083,NQ,Interface - HUD,Object Categorization Framework,OCF.esp,D:\Wabbajack\modlists\ARR 2.5\mods\Object Categorization Framework\OCF.esp,SIGNAL:CD0224:Update.esm,SIGNAL,read,Keyword,CD0224:Update.esm,WK_MagicMimic,,,,Direct selected-signature raw-file enumeration.,FLST:238|KYWD:517,NO-ROWS,"Primary review: taxonomy, icon, categorization, bestiary, or UI-framework records do not encode a deliberate player devotional act or outcome.",,REJECTED
a4a2061d91c49963,NQ083,NQ,Interface - HUD,Object Categorization Framework,OCF.esp,D:\Wabbajack\modlists\ARR 2.5\mods\Object Categorization Framework\OCF.esp,SIGNAL:CD0225:Update.esm,SIGNAL,read,Keyword,CD0225:Update.esm,WK_MagicNecromancy,,,,Direct selected-signature raw-file enumeration.,FLST:238|KYWD:517,NO-ROWS,"Primary review: taxonomy, icon, categorization, bestiary, or UI-framework records do not encode a deliberate player devotional act or outcome.",,REJECTED
a4a2061d91c49963,NQ083,NQ,Interface - HUD,Object Categorization Framework,OCF.esp,D:\Wabbajack\modlists\ARR 2.5\mods\Object Categorization Framework\OCF.esp,SIGNAL:CD0226:Update.esm,SIGNAL,read,Keyword,CD0226:Update.esm,WK_MagicOsmoose,,,,Direct selected-signature raw-file enumeration.,FLST:238|KYWD:517,NO-ROWS,"Primary review: taxonomy, icon, categorization, bestiary, or UI-framework records do not encode a deliberate player devotional act or outcome.",,REJECTED
a4a2061d91c49963,NQ083,NQ,Interface - HUD,Object Categorization Framework,OCF.esp,D:\Wabbajack\modlists\ARR 2.5\mods\Object Categorization Framework\OCF.esp,SIGNAL:CD0227:Update.esm,SIGNAL,read,Keyword,CD0227:Update.esm,WK_MagicPoison,,,,Direct selected-signature raw-file enumeration.,FLST:238|KYWD:517,NO-ROWS,"Primary review: taxonomy, icon, categorization, bestiary, or UI-framework records do not encode a deliberate player devotional act or outcome.",,REJECTED
a4a2061d91c49963,NQ083,NQ,Interface - HUD,Object Categorization Framework,OCF.esp,D:\Wabbajack\modlists\ARR 2.5\mods\Object Categorization Framework\OCF.esp,SIGNAL:CD0228:Update.esm,SIGNAL,read,Keyword,CD0228:Update.esm,WK_MagicPurify,,,,Direct selected-signature raw-file enumeration.,FLST:238|KYWD:517,NO-ROWS,"Primary review: taxonomy, icon, categorization, bestiary, or UI-framework records do not encode a deliberate player devotional act or outcome.",,REJECTED
a4a2061d91c49963,NQ083,NQ,Interface - HUD,Object Categorization Framework,OCF.esp,D:\Wabbajack\modlists\ARR 2.5\mods\Object Categorization Framework\OCF.esp,SIGNAL:CD0229:Update.esm,SIGNAL,read,Keyword,CD0229:Update.esm,WK_MagicSilence,,,,Direct selected-signature raw-file enumeration.,FLST:238|KYWD:517,NO-ROWS,"Primary review: taxonomy, icon, categorization, bestiary, or UI-framework records do not encode a deliberate player devotional act or outcome.",,REJECTED
a4a2061d91c49963,NQ083,NQ,Interface - HUD,Object Categorization Framework,OCF.esp,D:\Wabbajack\modlists\ARR 2.5\mods\Object Categorization Framework\OCF.esp,SIGNAL:CD022A:Update.esm,SIGNAL,read,Keyword,CD022A:Update.esm,WK_MagicSneak,,,,Direct selected-signature raw-file enumeration.,FLST:238|KYWD:517,NO-ROWS,"Primary review: taxonomy, icon, categorization, bestiary, or UI-framework records do not encode a deliberate player devotional act or outcome.",,REJECTED
a4a2061d91c49963,NQ083,NQ,Interface - HUD,Object Categorization Framework,OCF.esp,D:\Wabbajack\modlists\ARR 2.5\mods\Object Categorization Framework\OCF.esp,SIGNAL:CD022B:Update.esm,SIGNAL,read,Keyword,CD022B:Update.esm,WK_MagicSprint,,,,Direct selected-signature raw-file enumeration.,FLST:238|KYWD:517,NO-ROWS,"Primary review: taxonomy, icon, categorization, bestiary, or UI-framework records do not encode a deliberate player devotional act or outcome.",,REJECTED
a4a2061d91c49963,NQ083,NQ,Interface - HUD,Object Categorization Framework,OCF.esp,D:\Wabbajack\modlists\ARR 2.5\mods\Object Categorization Framework\OCF.esp,SIGNAL:CD022C:Update.esm,SIGNAL,read,Keyword,CD022C:Update.esm,WK_MagicSummonAnimal,,,,Direct selected-signature raw-file enumeration.,FLST:238|KYWD:517,NO-ROWS,"Primary review: taxonomy, icon, categorization, bestiary, or UI-framework records do not encode a deliberate player devotional act or outcome.",,REJECTED
a4a2061d91c49963,NQ083,NQ,Interface - HUD,Object Categorization Framework,OCF.esp,D:\Wabbajack\modlists\ARR 2.5\mods\Object Categorization Framework\OCF.esp,SIGNAL:CD022D:Update.esm,SIGNAL,read,Keyword,CD022D:Update.esm,WK_MagicSummonBlood,,,,Direct selected-signature raw-file enumeration.,FLST:238|KYWD:517,NO-ROWS,"Primary review: taxonomy, icon, categorization, bestiary, or UI-framework records do not encode a deliberate player devotional act or outcome.",,REJECTED
a4a2061d91c49963,NQ083,NQ,Interface - HUD,Object Categorization Framework,OCF.esp,D:\Wabbajack\modlists\ARR 2.5\mods\Object Categorization Framework\OCF.esp,SIGNAL:CD022E:Update.esm,SIGNAL,read,Keyword,CD022E:Update.esm,WK_MagicSummonDaedra,,,,Direct selected-signature raw-file enumeration.,FLST:238|KYWD:517,NO-ROWS,"Primary review: taxonomy, icon, categorization, bestiary, or UI-framework records do not encode a deliberate player devotional act or outcome.",,REJECTED
a4a2061d91c49963,NQ083,NQ,Interface - HUD,Object Categorization Framework,OCF.esp,D:\Wabbajack\modlists\ARR 2.5\mods\Object Categorization Framework\OCF.esp,SIGNAL:CD022F:Update.esm,SIGNAL,read,Keyword,CD022F:Update.esm,WK_MagicSummonDragon,,,,Direct selected-signature raw-file enumeration.,FLST:238|KYWD:517,NO-ROWS,"Primary review: taxonomy, icon, categorization, bestiary, or UI-framework records do not encode a deliberate player devotional act or outcome.",,REJECTED
a4a2061d91c49963,NQ083,NQ,Interface - HUD,Object Categorization Framework,OCF.esp,D:\Wabbajack\modlists\ARR 2.5\mods\Object Categorization Framework\OCF.esp,SIGNAL:CD0230:Update.esm,SIGNAL,read,Keyword,CD0230:Update.esm,WK_MagicSummonDwarven,,,,Direct selected-signature raw-file enumeration.,FLST:238|KYWD:517,NO-ROWS,"Primary review: taxonomy, icon, categorization, bestiary, or UI-framework records do not encode a deliberate player devotional act or outcome.",,REJECTED
a4a2061d91c49963,NQ083,NQ,Interface - HUD,Object Categorization Framework,OCF.esp,D:\Wabbajack\modlists\ARR 2.5\mods\Object Categorization Framework\OCF.esp,SIGNAL:CD0231:Update.esm,SIGNAL,read,Keyword,CD0231:Update.esm,WK_MagicSummonGoblin,,,,Direct selected-signature raw-file enumeration.,FLST:238|KYWD:517,NO-ROWS,"Primary review: taxonomy, icon, categorization, bestiary, or UI-framework records do not encode a deliberate player devotional act or outcome.",,REJECTED
a4a2061d91c49963,NQ083,NQ,Interface - HUD,Object Categorization Framework,OCF.esp,D:\Wabbajack\modlists\ARR 2.5\mods\Object Categorization Framework\OCF.esp,SIGNAL:CD0232:Update.esm,SIGNAL,read,Keyword,CD0232:Update.esm,WK_MagicSummonMage,,,,Direct selected-signature raw-file enumeration.,FLST:238|KYWD:517,NO-ROWS,"Primary review: taxonomy, icon, categorization, bestiary, or UI-framework records do not encode a deliberate player devotional act or outcome.",,REJECTED
a4a2061d91c49963,NQ083,NQ,Interface - HUD,Object Categorization Framework,OCF.esp,D:\Wabbajack\modlists\ARR 2.5\mods\Object Categorization Framework\OCF.esp,SIGNAL:CD0233:Update.esm,SIGNAL,read,Keyword,CD0233:Update.esm,WK_MagicSummonPoison,,,,Direct selected-signature raw-file enumeration.,FLST:238|KYWD:517,NO-ROWS,"Primary review: taxonomy, icon, categorization, bestiary, or UI-framework records do not encode a deliberate player devotional act or outcome.",,REJECTED
a4a2061d91c49963,NQ083,NQ,Interface - HUD,Object Categorization Framework,OCF.esp,D:\Wabbajack\modlists\ARR 2.5\mods\Object Categorization Framework\OCF.esp,SIGNAL:CD0234:Update.esm,SIGNAL,read,Keyword,CD0234:Update.esm,WK_MagicTeleport,,,,Direct selected-signature raw-file enumeration.,FLST:238|KYWD:517,NO-ROWS,"Primary review: taxonomy, icon, categorization, bestiary, or UI-framework records do not encode a deliberate player devotional act or outcome.",,REJECTED
a4a2061d91c49963,NQ083,NQ,Interface - HUD,Object Categorization Framework,OCF.esp,D:\Wabbajack\modlists\ARR 2.5\mods\Object Categorization Framework\OCF.esp,SIGNAL:CD0235:Update.esm,SIGNAL,read,Keyword,CD0235:Update.esm,WK_MagicTime,,,,Direct selected-signature raw-file enumeration.,FLST:238|KYWD:517,NO-ROWS,"Primary review: taxonomy, icon, categorization, bestiary, or UI-framework records do not encode a deliberate player devotional act or outcome.",,REJECTED
a4a2061d91c49963,NQ083,NQ,Interface - HUD,Object Categorization Framework,OCF.esp,D:\Wabbajack\modlists\ARR 2.5\mods\Object Categorization Framework\OCF.esp,SIGNAL:CD0236:Update.esm,SIGNAL,read,Keyword,CD0236:Update.esm,WK_MagicUnlock,,,,Direct selected-signature raw-file enumeration.,FLST:238|KYWD:517,NO-ROWS,"Primary review: taxonomy, icon, categorization, bestiary, or UI-framework records do not encode a deliberate player devotional act or outcome.",,REJECTED
a4a2061d91c49963,NQ083,NQ,Interface - HUD,Object Categorization Framework,OCF.esp,D:\Wabbajack\modlists\ARR 2.5\mods\Object Categorization Framework\OCF.esp,SIGNAL:CD0237:Update.esm,SIGNAL,read,Keyword,CD0237:Update.esm,WK_MagicSummonDremora,,,,Direct selected-signature raw-file enumeration.,FLST:238|KYWD:517,NO-ROWS,"Primary review: taxonomy, icon, categorization, bestiary, or UI-framework records do not encode a deliberate player devotional act or outcome.",,REJECTED
a4a2061d91c49963,NQ083,NQ,Interface - HUD,Object Categorization Framework,OCF.esp,D:\Wabbajack\modlists\ARR 2.5\mods\Object Categorization Framework\OCF.esp,SIGNAL:D9FF02:Update.esm,SIGNAL,read,Keyword,D9FF02:Update.esm,VendorItemFoodPastryLarge,,,,Direct selected-signature raw-file enumeration.,FLST:238|KYWD:517,NO-ROWS,"Primary review: taxonomy, icon, categorization, bestiary, or UI-framework records do not encode a deliberate player devotional act or outcome.",,REJECTED
a4a2061d91c49963,NQ083,NQ,Interface - HUD,Object Categorization Framework,OCF.esp,D:\Wabbajack\modlists\ARR 2.5\mods\Object Categorization Framework\OCF.esp,SIGNAL:D9FF03:Update.esm,SIGNAL,read,Keyword,D9FF03:Update.esm,VendorItemFoodStewComplex,,,,Direct selected-signature raw-file enumeration.,FLST:238|KYWD:517,NO-ROWS,"Primary review: taxonomy, icon, categorization, bestiary, or UI-framework records do not encode a deliberate player devotional act or outcome.",,REJECTED
a4a2061d91c49963,NQ083,NQ,Interface - HUD,Object Categorization Framework,OCF.esp,D:\Wabbajack\modlists\ARR 2.5\mods\Object Categorization Framework\OCF.esp,SIGNAL:D9FF04:Update.esm,SIGNAL,read,Keyword,D9FF04:Update.esm,VendorItemDrinkAlcoholModerate,,,,Direct selected-signature raw-file enumeration.,FLST:238|KYWD:517,NO-ROWS,"Primary review: taxonomy, icon, categorization, bestiary, or UI-framework records do not encode a deliberate player devotional act or outcome.",,REJECTED
a4a2061d91c49963,NQ083,NQ,Interface - HUD,Object Categorization Framework,OCF.esp,D:\Wabbajack\modlists\ARR 2.5\mods\Object Categorization Framework\OCF.esp,SIGNAL:D9FF05:Update.esm,SIGNAL,read,Keyword,D9FF05:Update.esm,VendorItemDrinkAlcoholStrong,,,,Direct selected-signature raw-file enumeration.,FLST:238|KYWD:517,NO-ROWS,"Primary review: taxonomy, icon, categorization, bestiary, or UI-framework records do not encode a deliberate player devotional act or outcome.",,REJECTED
a4a2061d91c49963,NQ083,NQ,Interface - HUD,Object Categorization Framework,OCF.esp,D:\Wabbajack\modlists\ARR 2.5\mods\Object Categorization Framework\OCF.esp,SIGNAL:D9FF06:Update.esm,SIGNAL,read,Keyword,D9FF06:Update.esm,OCF_AlchDrugSkooma,,,,Direct selected-signature raw-file enumeration.,FLST:238|KYWD:517,NO-ROWS,"Primary review: taxonomy, icon, categorization, bestiary, or UI-framework records do not encode a deliberate player devotional act or outcome.",,REJECTED
a4a2061d91c49963,NQ083,NQ,Interface - HUD,Object Categorization Framework,OCF.esp,D:\Wabbajack\modlists\ARR 2.5\mods\Object Categorization Framework\OCF.esp,SIGNAL:D9FF07:Update.esm,SIGNAL,read,Keyword,D9FF07:Update.esm,VendorItemDrinkSkoomaStrong,,,,Direct selected-signature raw-file enumeration.,FLST:238|KYWD:517,NO-ROWS,"Primary review: taxonomy, icon, categorization, bestiary, or UI-framework records do not encode a deliberate player devotional act or outcome.",,REJECTED
a4a2061d91c49963,NQ083,NQ,Interface - HUD,Object Categorization Framework,OCF.esp,D:\Wabbajack\modlists\ARR 2.5\mods\Object Categorization Framework\OCF.esp,SIGNAL:D9FF08:Update.esm,SIGNAL,read,Keyword,D9FF08:Update.esm,VendorItemFoodRestoreHungerLight,,,,Direct selected-signature raw-file enumeration.,FLST:238|KYWD:517,NO-ROWS,"Primary review: taxonomy, icon, categorization, bestiary, or UI-framework records do not encode a deliberate player devotional act or outcome.",,REJECTED
a4a2061d91c49963,NQ083,NQ,Interface - HUD,Object Categorization Framework,OCF.esp,D:\Wabbajack\modlists\ARR 2.5\mods\Object Categorization Framework\OCF.esp,SIGNAL:D9FF09:Update.esm,SIGNAL,read,Keyword,D9FF09:Update.esm,VendorItemFoodRestoreHungerMedium,,,,Direct selected-signature raw-file enumeration.,FLST:238|KYWD:517,NO-ROWS,"Primary review: taxonomy, icon, categorization, bestiary, or UI-framework records do not encode a deliberate player devotional act or outcome.",,REJECTED
a4a2061d91c49963,NQ083,NQ,Interface - HUD,Object Categorization Framework,OCF.esp,D:\Wabbajack\modlists\ARR 2.5\mods\Object Categorization Framework\OCF.esp,SIGNAL:D9FF0A:Update.esm,SIGNAL,read,Keyword,D9FF0A:Update.esm,VendorItemFoodRestoreHungerFilling,,,,Direct selected-signature raw-file enumeration.,FLST:238|KYWD:517,NO-ROWS,"Primary review: taxonomy, icon, categorization, bestiary, or UI-framework records do not encode a deliberate player devotional act or outcome.",,REJECTED
a4a2061d91c49963,NQ083,NQ,Interface - HUD,Object Categorization Framework,OCF.esp,D:\Wabbajack\modlists\ARR 2.5\mods\Object Categorization Framework\OCF.esp,SIGNAL:D9FF0B:Update.esm,SIGNAL,read,Keyword,D9FF0B:Update.esm,VendorItemFoodRestoreHungerHearty,,,,Direct selected-signature raw-file enumeration.,FLST:238|KYWD:517,NO-ROWS,"Primary review: taxonomy, icon, categorization, bestiary, or UI-framework records do not encode a deliberate player devotional act or outcome.",,REJECTED
a4a2061d91c49963,NQ083,NQ,Interface - HUD,Object Categorization Framework,OCF.esp,D:\Wabbajack\modlists\ARR 2.5\mods\Object Categorization Framework\OCF.esp,SIGNAL:D9FF0C:Update.esm,SIGNAL,read,Keyword,D9FF0C:Update.esm,VendorItemFoodSalted,,,,Direct selected-signature raw-file enumeration.,FLST:238|KYWD:517,NO-ROWS,"Primary review: taxonomy, icon, categorization, bestiary, or UI-framework records do not encode a deliberate player devotional act or outcome.",,REJECTED
a4a2061d91c49963,NQ083,NQ,Interface - HUD,Object Categorization Framework,OCF.esp,D:\Wabbajack\modlists\ARR 2.5\mods\Object Categorization Framework\OCF.esp,SIGNAL:D9FF0D:Update.esm,SIGNAL,read,Keyword,D9FF0D:Update.esm,VendorItemFoodMultiPart,,,,Direct selected-signature raw-file enumeration.,FLST:238|KYWD:517,NO-ROWS,"Primary review: taxonomy, icon, categorization, bestiary, or UI-framework records do not encode a deliberate player devotional act or outcome.",,REJECTED
a4a2061d91c49963,NQ083,NQ,Interface - HUD,Object Categorization Framework,OCF.esp,D:\Wabbajack\modlists\ARR 2.5\mods\Object Categorization Framework\OCF.esp,SIGNAL:D9FF0E:Update.esm,SIGNAL,read,Keyword,D9FF0E:Update.esm,VendorItemDrinkBloodPotion,,,,Direct selected-signature raw-file enumeration.,FLST:238|KYWD:517,NO-ROWS,"Primary review: taxonomy, icon, categorization, bestiary, or UI-framework records do not encode a deliberate player devotional act or outcome.",,REJECTED
a4a2061d91c49963,NQ083,NQ,Interface - HUD,Object Categorization Framework,OCF.esp,D:\Wabbajack\modlists\ARR 2.5\mods\Object Categorization Framework\OCF.esp,SIGNAL:DA0101:Update.esm,SIGNAL,read,Keyword,DA0101:Update.esm,SPIKEArmorAssassin,,,,Direct selected-signature raw-file enumeration.,FLST:238|KYWD:517,NO-ROWS,"Primary review: taxonomy, icon, categorization, bestiary, or UI-framework records do not encode a deliberate player devotional act or outcome.",,REJECTED
a4a2061d91c49963,NQ083,NQ,Interface - HUD,Object Categorization Framework,OCF.esp,D:\Wabbajack\modlists\ARR 2.5\mods\Object Categorization Framework\OCF.esp,SIGNAL:DA0103:Update.esm,SIGNAL,read,Keyword,DA0103:Update.esm,SPIKEArmorBrigand,,,,Direct selected-signature raw-file enumeration.,FLST:238|KYWD:517,NO-ROWS,"Primary review: taxonomy, icon, categorization, bestiary, or UI-framework records do not encode a deliberate player devotional act or outcome.",,REJECTED
a4a2061d91c49963,NQ083,NQ,Interface - HUD,Object Categorization Framework,OCF.esp,D:\Wabbajack\modlists\ARR 2.5\mods\Object Categorization Framework\OCF.esp,SIGNAL:DA0105:Update.esm,SIGNAL,read,Keyword,DA0105:Update.esm,SPIKEArmorDragonBone,,,,Direct selected-signature raw-file enumeration.,FLST:238|KYWD:517,NO-ROWS,"Primary review: taxonomy, icon, categorization, bestiary, or UI-framework records do not encode a deliberate player devotional act or outcome.",,REJECTED
a4a2061d91c49963,NQ083,NQ,Interface - HUD,Object Categorization Framework,OCF.esp,D:\Wabbajack\modlists\ARR 2.5\mods\Object Categorization Framework\OCF.esp,SIGNAL:DA0107:Update.esm,SIGNAL,read,Keyword,DA0107:Update.esm,SPIKEArmorDragonScale,,,,Direct selected-signature raw-file enumeration.,FLST:238|KYWD:517,NO-ROWS,"Primary review: taxonomy, icon, categorization, bestiary, or UI-framework records do not encode a deliberate player devotional act or outcome.",,REJECTED
a4a2061d91c49963,NQ083,NQ,Interface - HUD,Object Categorization Framework,OCF.esp,D:\Wabbajack\modlists\ARR 2.5\mods\Object Categorization Framework\OCF.esp,SIGNAL:DA0109:Update.esm,SIGNAL,read,Keyword,DA0109:Update.esm,SPIKEArmorDwarven,,,,Direct selected-signature raw-file enumeration.,FLST:238|KYWD:517,NO-ROWS,"Primary review: taxonomy, icon, categorization, bestiary, or UI-framework records do not encode a deliberate player devotional act or outcome.",,REJECTED
a4a2061d91c49963,NQ083,NQ,Interface - HUD,Object Categorization Framework,OCF.esp,D:\Wabbajack\modlists\ARR 2.5\mods\Object Categorization Framework\OCF.esp,SIGNAL:DA010B:Update.esm,SIGNAL,read,Keyword,DA010B:Update.esm,SPIKEArmorEbony,,,,Direct selected-signature raw-file enumeration.,FLST:238|KYWD:517,NO-ROWS,"Primary review: taxonomy, icon, categorization, bestiary, or UI-framework records do not encode a deliberate player devotional act or outcome.",,REJECTED
a4a2061d91c49963,NQ083,NQ,Interface - HUD,Object Categorization Framework,OCF.esp,D:\Wabbajack\modlists\ARR 2.5\mods\Object Categorization Framework\OCF.esp,SIGNAL:DA010D:Update.esm,SIGNAL,read,Keyword,DA010D:Update.esm,SPIKEArmorFancyBlack,,,,Direct selected-signature raw-file enumeration.,FLST:238|KYWD:517,NO-ROWS,"Primary review: taxonomy, icon, categorization, bestiary, or UI-framework records do not encode a deliberate player devotional act or outcome.",,REJECTED
a4a2061d91c49963,NQ083,NQ,Interface - HUD,Object Categorization Framework,OCF.esp,D:\Wabbajack\modlists\ARR 2.5\mods\Object Categorization Framework\OCF.esp,SIGNAL:DA010F:Update.esm,SIGNAL,read,Keyword,DA010F:Update.esm,SPIKEArmorImperial,,,,Direct selected-signature raw-file enumeration.,FLST:238|KYWD:517,NO-ROWS,"Primary review: taxonomy, icon, categorization, bestiary, or UI-framework records do not encode a deliberate player devotional act or outcome.",,REJECTED
a4a2061d91c49963,NQ083,NQ,Interface - HUD,Object Categorization Framework,OCF.esp,D:\Wabbajack\modlists\ARR 2.5\mods\Object Categorization Framework\OCF.esp,SIGNAL:DA0111:Update.esm,SIGNAL,read,Keyword,DA0111:Update.esm,SPIKEArmorImperialScout,,,,Direct selected-signature raw-file enumeration.,FLST:238|KYWD:517,NO-ROWS,"Primary review: taxonomy, icon, categorization, bestiary, or UI-framework records do not encode a deliberate player devotional act or outcome.",,REJECTED
a4a2061d91c49963,NQ083,NQ,Interface - HUD,Object Categorization Framework,OCF.esp,D:\Wabbajack\modlists\ARR 2.5\mods\Object Categorization Framework\OCF.esp,SIGNAL:DA0113:Update.esm,SIGNAL,read,Keyword,DA0113:Update.esm,SPIKEArmorImperialSecurity,,,,Direct selected-signature raw-file enumeration.,FLST:238|KYWD:517,NO-ROWS,"Primary review: taxonomy, icon, categorization, bestiary, or UI-framework records do not encode a deliberate player devotional act or outcome.",,REJECTED
a4a2061d91c49963,NQ083,NQ,Interface - HUD,Object Categorization Framework,OCF.esp,D:\Wabbajack\modlists\ARR 2.5\mods\Object Categorization Framework\OCF.esp,SIGNAL:DA0115:Update.esm,SIGNAL,read,Keyword,DA0115:Update.esm,SPIKEArmorIron,,,,Direct selected-signature raw-file enumeration.,FLST:238|KYWD:517,NO-ROWS,"Primary review: taxonomy, icon, categorization, bestiary, or UI-framework records do not encode a deliberate player devotional act or outcome.",,REJECTED
a4a2061d91c49963,NQ083,NQ,Interface - HUD,Object Categorization Framework,OCF.esp,D:\Wabbajack\modlists\ARR 2.5\mods\Object Categorization Framework\OCF.esp,SIGNAL:DA0117:Update.esm,SIGNAL,read,Keyword,DA0117:Update.esm,SPIKEArmorLeather,,,,Direct selected-signature raw-file enumeration.,FLST:238|KYWD:517,NO-ROWS,"Primary review: taxonomy, icon, categorization, bestiary, or UI-framework records do not encode a deliberate player devotional act or outcome.",,REJECTED
a4a2061d91c49963,NQ083,NQ,Interface - HUD,Object Categorization Framework,OCF.esp,D:\Wabbajack\modlists\ARR 2.5\mods\Object Categorization Framework\OCF.esp,SIGNAL:DA0119:Update.esm,SIGNAL,read,Keyword,DA0119:Update.esm,SPIKEArmorMerc,,,,Direct selected-signature raw-file enumeration.,FLST:238|KYWD:517,NO-ROWS,"Primary review: taxonomy, icon, categorization, bestiary, or UI-framework records do not encode a deliberate player devotional act or outcome.",,REJECTED
a4a2061d91c49963,NQ083,NQ,Interface - HUD,Object Categorization Framework,OCF.esp,D:\Wabbajack\modlists\ARR 2.5\mods\Object Categorization Framework\OCF.esp,SIGNAL:DA011B:Update.esm,SIGNAL,read,Keyword,DA011B:Update.esm,SPIKEArmorOrcish,,,,Direct selected-signature raw-file enumeration.,FLST:238|KYWD:517,NO-ROWS,"Primary review: taxonomy, icon, categorization, bestiary, or UI-framework records do not encode a deliberate player devotional act or outcome.",,REJECTED
a4a2061d91c49963,NQ083,NQ,Interface - HUD,Object Categorization Framework,OCF.esp,D:\Wabbajack\modlists\ARR 2.5\mods\Object Categorization Framework\OCF.esp,SIGNAL:DA011D:Update.esm,SIGNAL,read,Keyword,DA011D:Update.esm,SPIKEArmorScaleShiny,,,,Direct selected-signature raw-file enumeration.,FLST:238|KYWD:517,NO-ROWS,"Primary review: taxonomy, icon, categorization, bestiary, or UI-framework records do not encode a deliberate player devotional act or outcome.",,REJECTED
a4a2061d91c49963,NQ083,NQ,Interface - HUD,Object Categorization Framework,OCF.esp,D:\Wabbajack\modlists\ARR 2.5\mods\Object Categorization Framework\OCF.esp,SIGNAL:DA011F:Update.esm,SIGNAL,read,Keyword,DA011F:Update.esm,SPIKEArmorSons,,,,Direct selected-signature raw-file enumeration.,FLST:238|KYWD:517,NO-ROWS,"Primary review: taxonomy, icon, categorization, bestiary, or UI-framework records do not encode a deliberate player devotional act or outcome.",,REJECTED
a4a2061d91c49963,NQ083,NQ,Interface - HUD,Object Categorization Framework,OCF.esp,D:\Wabbajack\modlists\ARR 2.5\mods\Object Categorization Framework\OCF.esp,SIGNAL:DA0121:Update.esm,SIGNAL,read,Keyword,DA0121:Update.esm,SPIKEArmorSonsBear,,,,Direct selected-signature raw-file enumeration.,FLST:238|KYWD:517,NO-ROWS,"Primary review: taxonomy, icon, categorization, bestiary, or UI-framework records do not encode a deliberate player devotional act or outcome.",,REJECTED
a4a2061d91c49963,NQ083,NQ,Interface - HUD,Object Categorization Framework,OCF.esp,D:\Wabbajack\modlists\ARR 2.5\mods\Object Categorization Framework\OCF.esp,SIGNAL:DA0123:Update.esm,SIGNAL,read,Keyword,DA0123:Update.esm,SPIKEArmorSteel,,,,Direct selected-signature raw-file enumeration.,FLST:238|KYWD:517,NO-ROWS,"Primary review: taxonomy, icon, categorization, bestiary, or UI-framework records do not encode a deliberate player devotional act or outcome.",,REJECTED
a4a2061d91c49963,NQ083,NQ,Interface - HUD,Object Categorization Framework,OCF.esp,D:\Wabbajack\modlists\ARR 2.5\mods\Object Categorization Framework\OCF.esp,SIGNAL:DA0125:Update.esm,SIGNAL,read,Keyword,DA0125:Update.esm,SPIKEArmorSteelPlate,,,,Direct selected-signature raw-file enumeration.,FLST:238|KYWD:517,NO-ROWS,"Primary review: taxonomy, icon, categorization, bestiary, or UI-framework records do not encode a deliberate player devotional act or outcome.",,REJECTED
a4a2061d91c49963,NQ083,NQ,Interface - HUD,Object Categorization Framework,OCF.esp,D:\Wabbajack\modlists\ARR 2.5\mods\Object Categorization Framework\OCF.esp,SIGNAL:DA0127:Update.esm,SIGNAL,read,Keyword,DA0127:Update.esm,SPIKEArmorStinksDeath,,,,Direct selected-signature raw-file enumeration.,FLST:238|KYWD:517,NO-ROWS,"Primary review: taxonomy, icon, categorization, bestiary, or UI-framework records do not encode a deliberate player devotional act or outcome.",,REJECTED
a4a2061d91c49963,NQ083,NQ,Interface - HUD,Object Categorization Framework,OCF.esp,D:\Wabbajack\modlists\ARR 2.5\mods\Object Categorization Framework\OCF.esp,SIGNAL:DA0129:Update.esm,SIGNAL,read,Keyword,DA0129:Update.esm,SPIKEArmorThievesGuild,,,,Direct selected-signature raw-file enumeration.,FLST:238|KYWD:517,NO-ROWS,"Primary review: taxonomy, icon, categorization, bestiary, or UI-framework records do not encode a deliberate player devotional act or outcome.",,REJECTED
a4a2061d91c49963,NQ083,NQ,Interface - HUD,Object Categorization Framework,OCF.esp,D:\Wabbajack\modlists\ARR 2.5\mods\Object Categorization Framework\OCF.esp,SIGNAL:DA012B:Update.esm,SIGNAL,read,Keyword,DA012B:Update.esm,SPIKEArmorTrueNord,,,,Direct selected-signature raw-file enumeration.,FLST:238|KYWD:517,NO-ROWS,"Primary review: taxonomy, icon, categorization, bestiary, or UI-framework records do not encode a deliberate player devotional act or outcome.",,REJECTED
a4a2061d91c49963,NQ083,NQ,Interface - HUD,Object Categorization Framework,OCF.esp,D:\Wabbajack\modlists\ARR 2.5\mods\Object Categorization Framework\OCF.esp,SIGNAL:DA012D:Update.esm,SIGNAL,read,Keyword,DA012D:Update.esm,SPIKEArmorWeak,,,,Direct selected-signature raw-file enumeration.,FLST:238|KYWD:517,NO-ROWS,"Primary review: taxonomy, icon, categorization, bestiary, or UI-framework records do not encode a deliberate player devotional act or outcome.",,REJECTED
a4a2061d91c49963,NQ083,NQ,Interface - HUD,Object Categorization Framework,OCF.esp,D:\Wabbajack\modlists\ARR 2.5\mods\Object Categorization Framework\OCF.esp,SIGNAL:DA012F:Update.esm,SIGNAL,read,Keyword,DA012F:Update.esm,SPIKEGodsBlessings,,,,Direct selected-signature raw-file enumeration.,FLST:238|KYWD:517,NO-ROWS,"Primary review: taxonomy, icon, categorization, bestiary, or UI-framework records do not encode a deliberate player devotional act or outcome.",,REJECTED
a4a2061d91c49963,NQ083,NQ,Interface - HUD,Object Categorization Framework,OCF.esp,D:\Wabbajack\modlists\ARR 2.5\mods\Object Categorization Framework\OCF.esp,SIGNAL:DA0131:Update.esm,SIGNAL,read,Keyword,DA0131:Update.esm,SPIKEGodsPraised,,,,Direct selected-signature raw-file enumeration.,FLST:238|KYWD:517,NO-ROWS,"Primary review: taxonomy, icon, categorization, bestiary, or UI-framework records do not encode a deliberate player devotional act or outcome.",,REJECTED
a4a2061d91c49963,NQ083,NQ,Interface - HUD,Object Categorization Framework,OCF.esp,D:\Wabbajack\modlists\ARR 2.5\mods\Object Categorization Framework\OCF.esp,SIGNAL:DA0133:Update.esm,SIGNAL,read,Keyword,DA0133:Update.esm,SPIKEImperialAuxiliary,,,,Direct selected-signature raw-file enumeration.,FLST:238|KYWD:517,NO-ROWS,"Primary review: taxonomy, icon, categorization, bestiary, or UI-framework records do not encode a deliberate player devotional act or outcome.",,REJECTED
a4a2061d91c49963,NQ083,NQ,Interface - HUD,Object Categorization Framework,OCF.esp,D:\Wabbajack\modlists\ARR 2.5\mods\Object Categorization Framework\OCF.esp,SIGNAL:DA0135:Update.esm,SIGNAL,read,Keyword,DA0135:Update.esm,SPIKEImperialLegate,,,,Direct selected-signature raw-file enumeration.,FLST:238|KYWD:517,NO-ROWS,"Primary review: taxonomy, icon, categorization, bestiary, or UI-framework records do not encode a deliberate player devotional act or outcome.",,REJECTED
a4a2061d91c49963,NQ083,NQ,Interface - HUD,Object Categorization Framework,OCF.esp,D:\Wabbajack\modlists\ARR 2.5\mods\Object Categorization Framework\OCF.esp,SIGNAL:DA0137:Update.esm,SIGNAL,read,Keyword,DA0137:Update.esm,SPIKEImperialPraefect,,,,Direct selected-signature raw-file enumeration.,FLST:238|KYWD:517,NO-ROWS,"Primary review: taxonomy, icon, categorization, bestiary, or UI-framework records do not encode a deliberate player devotional act or outcome.",,REJECTED
a4a2061d91c49963,NQ083,NQ,Interface - HUD,Object Categorization Framework,OCF.esp,D:\Wabbajack\modlists\ARR 2.5\mods\Object Categorization Framework\OCF.esp,SIGNAL:DA0139:Update.esm,SIGNAL,read,Keyword,DA0139:Update.esm,SPIKEImperialQuaestor,,,,Direct selected-signature raw-file enumeration.,FLST:238|KYWD:517,NO-ROWS,"Primary review: taxonomy, icon, categorization, bestiary, or UI-framework records do not encode a deliberate player devotional act or outcome.",,REJECTED
a4a2061d91c49963,NQ083,NQ,Interface - HUD,Object Categorization Framework,OCF.esp,D:\Wabbajack\modlists\ARR 2.5\mods\Object Categorization Framework\OCF.esp,SIGNAL:DA013B:Update.esm,SIGNAL,read,Keyword,DA013B:Update.esm,SPIKEImperialTribune,,,,Direct selected-signature raw-file enumeration.,FLST:238|KYWD:517,NO-ROWS,"Primary review: taxonomy, icon, categorization, bestiary, or UI-framework records do not encode a deliberate player devotional act or outcome.",,REJECTED
a4a2061d91c49963,NQ083,NQ,Interface - HUD,Object Categorization Framework,OCF.esp,D:\Wabbajack\modlists\ARR 2.5\mods\Object Categorization Framework\OCF.esp,SIGNAL:DA013D:Update.esm,SIGNAL,read,Keyword,DA013D:Update.esm,SPIKERedguardMerc,,,,Direct selected-signature raw-file enumeration.,FLST:238|KYWD:517,NO-ROWS,"Primary review: taxonomy, icon, categorization, bestiary, or UI-framework records do not encode a deliberate player devotional act or outcome.",,REJECTED
a4a2061d91c49963,NQ083,NQ,Interface - HUD,Object Categorization Framework,OCF.esp,D:\Wabbajack\modlists\ARR 2.5\mods\Object Categorization Framework\OCF.esp,SIGNAL:DA013F:Update.esm,SIGNAL,read,Keyword,DA013F:Update.esm,SPIKEShieldFancyDwarven,,,,Direct selected-signature raw-file enumeration.,FLST:238|KYWD:517,NO-ROWS,"Primary review: taxonomy, icon, categorization, bestiary, or UI-framework records do not encode a deliberate player devotional act or outcome.",,REJECTED
a4a2061d91c49963,NQ083,NQ,Interface - HUD,Object Categorization Framework,OCF.esp,D:\Wabbajack\modlists\ARR 2.5\mods\Object Categorization Framework\OCF.esp,SIGNAL:DA0141:Update.esm,SIGNAL,read,Keyword,DA0141:Update.esm,SPIKESonsBoneBreaker,,,,Direct selected-signature raw-file enumeration.,FLST:238|KYWD:517,NO-ROWS,"Primary review: taxonomy, icon, categorization, bestiary, or UI-framework records do not encode a deliberate player devotional act or outcome.",,REJECTED
a4a2061d91c49963,NQ083,NQ,Interface - HUD,Object Categorization Framework,OCF.esp,D:\Wabbajack\modlists\ARR 2.5\mods\Object Categorization Framework\OCF.esp,SIGNAL:DA0143:Update.esm,SIGNAL,read,Keyword,DA0143:Update.esm,SPIKESonsIceVeins,,,,Direct selected-signature raw-file enumeration.,FLST:238|KYWD:517,NO-ROWS,"Primary review: taxonomy, icon, categorization, bestiary, or UI-framework records do not encode a deliberate player devotional act or outcome.",,REJECTED
a4a2061d91c49963,NQ083,NQ,Interface - HUD,Object Categorization Framework,OCF.esp,D:\Wabbajack\modlists\ARR 2.5\mods\Object Categorization Framework\OCF.esp,SIGNAL:DA0145:Update.esm,SIGNAL,read,Keyword,DA0145:Update.esm,SPIKESonsSnowHammer,,,,Direct selected-signature raw-file enumeration.,FLST:238|KYWD:517,NO-ROWS,"Primary review: taxonomy, icon, categorization, bestiary, or UI-framework records do not encode a deliberate player devotional act or outcome.",,REJECTED
a4a2061d91c49963,NQ083,NQ,Interface - HUD,Object Categorization Framework,OCF.esp,D:\Wabbajack\modlists\ARR 2.5\mods\Object Categorization Framework\OCF.esp,SIGNAL:DA0147:Update.esm,SIGNAL,read,Keyword,DA0147:Update.esm,SPIKESonsStormblade,,,,Direct selected-signature raw-file enumeration.,FLST:238|KYWD:517,NO-ROWS,"Primary review: taxonomy, icon, categorization, bestiary, or UI-framework records do not encode a deliberate player devotional act or outcome.",,REJECTED
a4a2061d91c49963,NQ083,NQ,Interface - HUD,Object Categorization Framework,OCF.esp,D:\Wabbajack\modlists\ARR 2.5\mods\Object Categorization Framework\OCF.esp,SIGNAL:DA0149:Update.esm,SIGNAL,read,Keyword,DA0149:Update.esm,SPIKESonsUnblooded,,,,Direct selected-signature raw-file enumeration.,FLST:238|KYWD:517,NO-ROWS,"Primary review: taxonomy, icon, categorization, bestiary, or UI-framework records do not encode a deliberate player devotional act or outcome.",,REJECTED
a4a2061d91c49963,NQ083,NQ,Interface - HUD,Object Categorization Framework,OCF.esp,D:\Wabbajack\modlists\ARR 2.5\mods\Object Categorization Framework\OCF.esp,SIGNAL:DA014B:Update.esm,SIGNAL,read,Keyword,DA014B:Update.esm,SPIKEStaffHorror,,,,Direct selected-signature raw-file enumeration.,FLST:238|KYWD:517,NO-ROWS,"Primary review: taxonomy, icon, categorization, bestiary, or UI-framework records do not encode a deliberate player devotional act or outcome.",,REJECTED
a4a2061d91c49963,NQ083,NQ,Interface - HUD,Object Categorization Framework,OCF.esp,D:\Wabbajack\modlists\ARR 2.5\mods\Object Categorization Framework\OCF.esp,SIGNAL:DA014D:Update.esm,SIGNAL,read,Keyword,DA014D:Update.esm,SPIKEWeapBigHammer,,,,Direct selected-signature raw-file enumeration.,FLST:238|KYWD:517,NO-ROWS,"Primary review: taxonomy, icon, categorization, bestiary, or UI-framework records do not encode a deliberate player devotional act or outcome.",,REJECTED
a4a2061d91c49963,NQ083,NQ,Interface - HUD,Object Categorization Framework,OCF.esp,D:\Wabbajack\modlists\ARR 2.5\mods\Object Categorization Framework\OCF.esp,SIGNAL:DA014F:Update.esm,SIGNAL,read,Keyword,DA014F:Update.esm,SPIKEWeapElvenBlade,,,,Direct selected-signature raw-file enumeration.,FLST:238|KYWD:517,NO-ROWS,"Primary review: taxonomy, icon, categorization, bestiary, or UI-framework records do not encode a deliberate player devotional act or outcome.",,REJECTED
a4a2061d91c49963,NQ083,NQ,Interface - HUD,Object Categorization Framework,OCF.esp,D:\Wabbajack\modlists\ARR 2.5\mods\Object Categorization Framework\OCF.esp,SIGNAL:DA0151:Update.esm,SIGNAL,read,Keyword,DA0151:Update.esm,SPIKEWeapFancySwordBlack,,,,Direct selected-signature raw-file enumeration.,FLST:238|KYWD:517,NO-ROWS,"Primary review: taxonomy, icon, categorization, bestiary, or UI-framework records do not encode a deliberate player devotional act or outcome.",,REJECTED
a4a2061d91c49963,NQ083,NQ,Interface - HUD,Object Categorization Framework,OCF.esp,D:\Wabbajack\modlists\ARR 2.5\mods\Object Categorization Framework\OCF.esp,SIGNAL:DA0153:Update.esm,SIGNAL,read,Keyword,DA0153:Update.esm,SPIKEWeapFoul,,,,Direct selected-signature raw-file enumeration.,FLST:238|KYWD:517,NO-ROWS,"Primary review: taxonomy, icon, categorization, bestiary, or UI-framework records do not encode a deliberate player devotional act or outcome.",,REJECTED
a4a2061d91c49963,NQ083,NQ,Interface - HUD,Object Categorization Framework,OCF.esp,D:\Wabbajack\modlists\ARR 2.5\mods\Object Categorization Framework\OCF.esp,SIGNAL:DA0155:Update.esm,SIGNAL,read,Keyword,DA0155:Update.esm,SPIKEWeapIronSword,,,,Direct selected-signature raw-file enumeration.,FLST:238|KYWD:517,NO-ROWS,"Primary review: taxonomy, icon, categorization, bestiary, or UI-framework records do not encode a deliberate player devotional act or outcome.",,REJECTED
a4a2061d91c49963,NQ083,NQ,Interface - HUD,Object Categorization Framework,OCF.esp,D:\Wabbajack\modlists\ARR 2.5\mods\Object Categorization Framework\OCF.esp,SIGNAL:DA0157:Update.esm,SIGNAL,read,Keyword,DA0157:Update.esm,SPIKEWeapKillerBlade,,,,Direct selected-signature raw-file enumeration.,FLST:238|KYWD:517,NO-ROWS,"Primary review: taxonomy, icon, categorization, bestiary, or UI-framework records do not encode a deliberate player devotional act or outcome.",,REJECTED
a4a2061d91c49963,NQ083,NQ,Interface - HUD,Object Categorization Framework,OCF.esp,D:\Wabbajack\modlists\ARR 2.5\mods\Object Categorization Framework\OCF.esp,SIGNAL:DA0159:Update.esm,SIGNAL,read,Keyword,DA0159:Update.esm,SPIKEWeapPigsticker,,,,Direct selected-signature raw-file enumeration.,FLST:238|KYWD:517,NO-ROWS,"Primary review: taxonomy, icon, categorization, bestiary, or UI-framework records do not encode a deliberate player devotional act or outcome.",,REJECTED
a4a2061d91c49963,NQ083,NQ,Interface - HUD,Object Categorization Framework,OCF.esp,D:\Wabbajack\modlists\ARR 2.5\mods\Object Categorization Framework\OCF.esp,SIGNAL:DA015B:Update.esm,SIGNAL,read,Keyword,DA015B:Update.esm,SPIKEWeapScaryMace,,,,Direct selected-signature raw-file enumeration.,FLST:238|KYWD:517,NO-ROWS,"Primary review: taxonomy, icon, categorization, bestiary, or UI-framework records do not encode a deliberate player devotional act or outcome.",,REJECTED
a4a2061d91c49963,NQ083,NQ,Interface - HUD,Object Categorization Framework,OCF.esp,D:\Wabbajack\modlists\ARR 2.5\mods\Object Categorization Framework\OCF.esp,SIGNAL:DA015D:Update.esm,SIGNAL,read,Keyword,DA015D:Update.esm,SPIKEWeapSteelSword,,,,Direct selected-signature raw-file enumeration.,FLST:238|KYWD:517,NO-ROWS,"Primary review: taxonomy, icon, categorization, bestiary, or UI-framework records do not encode a deliberate player devotional act or outcome.",,REJECTED
a4a2061d91c49963,NQ083,NQ,Interface - HUD,Object Categorization Framework,OCF.esp,D:\Wabbajack\modlists\ARR 2.5\mods\Object Categorization Framework\OCF.esp,SIGNAL:DA015F:Update.esm,SIGNAL,read,Keyword,DA015F:Update.esm,SPIKEWeapWickedAxe,,,,Direct selected-signature raw-file enumeration.,FLST:238|KYWD:517,NO-ROWS,"Primary review: taxonomy, icon, categorization, bestiary, or UI-framework records do not encode a deliberate player devotional act or outcome.",,REJECTED
a4a2061d91c49963,NQ083,NQ,Interface - HUD,Object Categorization Framework,OCF.esp,D:\Wabbajack\modlists\ARR 2.5\mods\Object Categorization Framework\OCF.esp,SIGNAL:DE3399:Update.esm,SIGNAL,read,Keyword,DE3399:Update.esm,JewelryTorc,,,,Direct selected-signature raw-file enumeration.,FLST:238|KYWD:517,NO-ROWS,"Primary review: taxonomy, icon, categorization, bestiary, or UI-framework records do not encode a deliberate player devotional act or outcome.",,REJECTED
a4a2061d91c49963,NQ083,NQ,Interface - HUD,Object Categorization Framework,OCF.esp,D:\Wabbajack\modlists\ARR 2.5\mods\Object Categorization Framework\OCF.esp,SIGNAL:DE33A9:Update.esm,SIGNAL,read,Keyword,DE33A9:Update.esm,ArmorTorc,,,,Direct selected-signature raw-file enumeration.,FLST:238|KYWD:517,NO-ROWS,"Primary review: taxonomy, icon, categorization, bestiary, or UI-framework records do not encode a deliberate player devotional act or outcome.",,REJECTED
a4a2061d91c49963,NQ083,NQ,Interface - HUD,Object Categorization Framework,OCF.esp,D:\Wabbajack\modlists\ARR 2.5\mods\Object Categorization Framework\OCF.esp,SIGNAL:DE37AF:Update.esm,SIGNAL,read,Keyword,DE37AF:Update.esm,MagicDamageLunar,,,,Direct selected-signature raw-file enumeration.,FLST:238|KYWD:517,NO-ROWS,"Primary review: taxonomy, icon, categorization, bestiary, or UI-framework records do not encode a deliberate player devotional act or outcome.",,REJECTED
a4a2061d91c49963,NQ083,NQ,Interface - HUD,Object Categorization Framework,OCF.esp,D:\Wabbajack\modlists\ARR 2.5\mods\Object Categorization Framework\OCF.esp,SIGNAL:DE3FD2:Update.esm,SIGNAL,read,Keyword,DE3FD2:Update.esm,ClothingEarrings,,,,Direct selected-signature raw-file enumeration.,FLST:238|KYWD:517,NO-ROWS,"Primary review: taxonomy, icon, categorization, bestiary, or UI-framework records do not encode a deliberate player devotional act or outcome.",,REJECTED
a4a2061d91c49963,NQ083,NQ,Interface - HUD,Object Categorization Framework,OCF.esp,D:\Wabbajack\modlists\ARR 2.5\mods\Object Categorization Framework\OCF.esp,SIGNAL:E814F1:Update.esm,SIGNAL,read,Keyword,E814F1:Update.esm,ClothingBracelet,,,,Direct selected-signature raw-file enumeration.,FLST:238|KYWD:517,NO-ROWS,"Primary review: taxonomy, icon, categorization, bestiary, or UI-framework records do not encode a deliberate player devotional act or outcome.",,REJECTED
a4a2061d91c49963,NQ083,NQ,Interface - HUD,Object Categorization Framework,OCF.esp,D:\Wabbajack\modlists\ARR 2.5\mods\Object Categorization Framework\OCF.esp,SIGNAL:F3DD3F:Update.esm,SIGNAL,read,Keyword,F3DD3F:Update.esm,_SHSaltWaterKeyword,,,,Direct selected-signature raw-file enumeration.,FLST:238|KYWD:517,NO-ROWS,"Primary review: taxonomy, icon, categorization, bestiary, or UI-framework records do not encode a deliberate player devotional act or outcome.",,REJECTED
a4a2061d91c49963,NQ083,NQ,Interface - HUD,Object Categorization Framework,OCF.esp,D:\Wabbajack\modlists\ARR 2.5\mods\Object Categorization Framework\OCF.esp,SIGNAL:F3DD6D:Update.esm,SIGNAL,read,Keyword,F3DD6D:Update.esm,_SH_LightFoodKeyword,,,,Direct selected-signature raw-file enumeration.,FLST:238|KYWD:517,NO-ROWS,"Primary review: taxonomy, icon, categorization, bestiary, or UI-framework records do not encode a deliberate player devotional act or outcome.",,REJECTED
a4a2061d91c49963,NQ083,NQ,Interface - HUD,Object Categorization Framework,OCF.esp,D:\Wabbajack\modlists\ARR 2.5\mods\Object Categorization Framework\OCF.esp,SIGNAL:F3DD6E:Update.esm,SIGNAL,read,Keyword,F3DD6E:Update.esm,_SH_MediumFoodKeyword,,,,Direct selected-signature raw-file enumeration.,FLST:238|KYWD:517,NO-ROWS,"Primary review: taxonomy, icon, categorization, bestiary, or UI-framework records do not encode a deliberate player devotional act or outcome.",,REJECTED
a4a2061d91c49963,NQ083,NQ,Interface - HUD,Object Categorization Framework,OCF.esp,D:\Wabbajack\modlists\ARR 2.5\mods\Object Categorization Framework\OCF.esp,SIGNAL:F3DD6F:Update.esm,SIGNAL,read,Keyword,F3DD6F:Update.esm,_SH_HeavyFoodKeyword,,,,Direct selected-signature raw-file enumeration.,FLST:238|KYWD:517,NO-ROWS,"Primary review: taxonomy, icon, categorization, bestiary, or UI-framework records do not encode a deliberate player devotional act or outcome.",,REJECTED
a4a2061d91c49963,NQ083,NQ,Interface - HUD,Object Categorization Framework,OCF.esp,D:\Wabbajack\modlists\ARR 2.5\mods\Object Categorization Framework\OCF.esp,SIGNAL:F3DD70:Update.esm,SIGNAL,read,Keyword,F3DD70:Update.esm,_SH_MeadBottleKeyword,,,,Direct selected-signature raw-file enumeration.,FLST:238|KYWD:517,NO-ROWS,"Primary review: taxonomy, icon, categorization, bestiary, or UI-framework records do not encode a deliberate player devotional act or outcome.",,REJECTED
a4a2061d91c49963,NQ083,NQ,Interface - HUD,Object Categorization Framework,OCF.esp,D:\Wabbajack\modlists\ARR 2.5\mods\Object Categorization Framework\OCF.esp,SIGNAL:F3DD71:Update.esm,SIGNAL,read,Keyword,F3DD71:Update.esm,_SH_WineBottleKeyword,,,,Direct selected-signature raw-file enumeration.,FLST:238|KYWD:517,NO-ROWS,"Primary review: taxonomy, icon, categorization, bestiary, or UI-framework records do not encode a deliberate player devotional act or outcome.",,REJECTED
a4a2061d91c49963,NQ083,NQ,Interface - HUD,Object Categorization Framework,OCF.esp,D:\Wabbajack\modlists\ARR 2.5\mods\Object Categorization Framework\OCF.esp,SIGNAL:F3DD72:Update.esm,SIGNAL,read,Keyword,F3DD72:Update.esm,_SH_DrinkKeyword,,,,Direct selected-signature raw-file enumeration.,FLST:238|KYWD:517,NO-ROWS,"Primary review: taxonomy, icon, categorization, bestiary, or UI-framework records do not encode a deliberate player devotional act or outcome.",,REJECTED
a4a2061d91c49963,NQ083,NQ,Interface - HUD,Object Categorization Framework,OCF.esp,D:\Wabbajack\modlists\ARR 2.5\mods\Object Categorization Framework\OCF.esp,SIGNAL:F3DD73:Update.esm,SIGNAL,read,Keyword,F3DD73:Update.esm,_SH_AlcoholDrinkKeyword,,,,Direct selected-signature raw-file enumeration.,FLST:238|KYWD:517,NO-ROWS,"Primary review: taxonomy, icon, categorization, bestiary, or UI-framework records do not encode a deliberate player devotional act or outcome.",,REJECTED
a4a2061d91c49963,NQ083,NQ,Interface - HUD,Object Categorization Framework,OCF.esp,D:\Wabbajack\modlists\ARR 2.5\mods\Object Categorization Framework\OCF.esp,SIGNAL:F3DD74:Update.esm,SIGNAL,read,Keyword,F3DD74:Update.esm,_SH_SoupKeyword,,,,Direct selected-signature raw-file enumeration.,FLST:238|KYWD:517,NO-ROWS,"Primary review: taxonomy, icon, categorization, bestiary, or UI-framework records do not encode a deliberate player devotional act or outcome.",,REJECTED
a4a2061d91c49963,NQ083,NQ,Interface - HUD,Object Categorization Framework,OCF.esp,D:\Wabbajack\modlists\ARR 2.5\mods\Object Categorization Framework\OCF.esp,SIGNAL:F3DD76:Update.esm,SIGNAL,read,Keyword,F3DD76:Update.esm,_SH_SujammaBottleKeyword,,,,Direct selected-signature raw-file enumeration.,FLST:238|KYWD:517,NO-ROWS,"Primary review: taxonomy, icon, categorization, bestiary, or UI-framework records do not encode a deliberate player devotional act or outcome.",,REJECTED
a4a2061d91c49963,NQ083,NQ,Interface - HUD,Object Categorization Framework,OCF.esp,D:\Wabbajack\modlists\ARR 2.5\mods\Object Categorization Framework\OCF.esp,SIGNAL:F3DD77:Update.esm,SIGNAL,read,Keyword,F3DD77:Update.esm,_SH_MeadWATERBottleKeyword,,,,Direct selected-signature raw-file enumeration.,FLST:238|KYWD:517,NO-ROWS,"Primary review: taxonomy, icon, categorization, bestiary, or UI-framework records do not encode a deliberate player devotional act or outcome.",,REJECTED
a4a2061d91c49963,NQ083,NQ,Interface - HUD,Object Categorization Framework,OCF.esp,D:\Wabbajack\modlists\ARR 2.5\mods\Object Categorization Framework\OCF.esp,SIGNAL:F3DD78:Update.esm,SIGNAL,read,Keyword,F3DD78:Update.esm,_SH_WineWATERBottleKeyword,,,,Direct selected-signature raw-file enumeration.,FLST:238|KYWD:517,NO-ROWS,"Primary review: taxonomy, icon, categorization, bestiary, or UI-framework records do not encode a deliberate player devotional act or outcome.",,REJECTED
a4a2061d91c49963,NQ083,NQ,Interface - HUD,Object Categorization Framework,OCF.esp,D:\Wabbajack\modlists\ARR 2.5\mods\Object Categorization Framework\OCF.esp,SIGNAL:F3DD79:Update.esm,SIGNAL,read,Keyword,F3DD79:Update.esm,_SH_SujammaWATERBottleKeyword,,,,Direct selected-signature raw-file enumeration.,FLST:238|KYWD:517,NO-ROWS,"Primary review: taxonomy, icon, categorization, bestiary, or UI-framework records do not encode a deliberate player devotional act or outcome.",,REJECTED
a4a2061d91c49963,NQ083,NQ,Interface - HUD,Object Categorization Framework,OCF.esp,D:\Wabbajack\modlists\ARR 2.5\mods\Object Categorization Framework\OCF.esp,SIGNAL:F3DD80:Update.esm,SIGNAL,read,Keyword,F3DD80:Update.esm,_SHBloodDrink,,,,Direct selected-signature raw-file enumeration.,FLST:238|KYWD:517,NO-ROWS,"Primary review: taxonomy, icon, categorization, bestiary, or UI-framework records do not encode a deliberate player devotional act or outcome.",,REJECTED
a4a2061d91c49963,NQ083,NQ,Interface - HUD,Object Categorization Framework,OCF.esp,D:\Wabbajack\modlists\ARR 2.5\mods\Object Categorization Framework\OCF.esp,SIGNAL:F3DD81:Update.esm,SIGNAL,read,Keyword,F3DD81:Update.esm,_SHRefillActivator,,,,Direct selected-signature raw-file enumeration.,FLST:238|KYWD:517,NO-ROWS,"Primary review: taxonomy, icon, categorization, bestiary, or UI-framework records do not encode a deliberate player devotional act or outcome.",,REJECTED
a4a2061d91c49963,NQ083,NQ,Interface - HUD,Object Categorization Framework,OCF.esp,D:\Wabbajack\modlists\ARR 2.5\mods\Object Categorization Framework\OCF.esp,SIGNAL:000800:OCF.esp,SIGNAL,read,Keyword,000800:OCF.esp,OCF_WeapTypeChakram1H,,,,Direct selected-signature raw-file enumeration.,FLST:238|KYWD:517,NO-ROWS,"Primary review: taxonomy, icon, categorization, bestiary, or UI-framework records do not encode a deliberate player devotional act or outcome.",,REJECTED
a4a2061d91c49963,NQ083,NQ,Interface - HUD,Object Categorization Framework,OCF.esp,D:\Wabbajack\modlists\ARR 2.5\mods\Object Categorization Framework\OCF.esp,SIGNAL:000801:OCF.esp,SIGNAL,read,Keyword,000801:OCF.esp,OCF_WeapTypeCutlery1H,,,,Direct selected-signature raw-file enumeration.,FLST:238|KYWD:517,NO-ROWS,"Primary review: taxonomy, icon, categorization, bestiary, or UI-framework records do not encode a deliberate player devotional act or outcome.",,REJECTED
a4a2061d91c49963,NQ083,NQ,Interface - HUD,Object Categorization Framework,OCF.esp,D:\Wabbajack\modlists\ARR 2.5\mods\Object Categorization Framework\OCF.esp,SIGNAL:000802:OCF.esp,SIGNAL,read,Keyword,000802:OCF.esp,OCF_WeapTypeDagger1H,,,,Direct selected-signature raw-file enumeration.,FLST:238|KYWD:517,NO-ROWS,"Primary review: taxonomy, icon, categorization, bestiary, or UI-framework records do not encode a deliberate player devotional act or outcome.",,REJECTED
a4a2061d91c49963,NQ083,NQ,Interface - HUD,Object Categorization Framework,OCF.esp,D:\Wabbajack\modlists\ARR 2.5\mods\Object Categorization Framework\OCF.esp,SIGNAL:000803:OCF.esp,SIGNAL,read,Keyword,000803:OCF.esp,OCF_WeapTypeKunai1H,,,,Direct selected-signature raw-file enumeration.,FLST:238|KYWD:517,NO-ROWS,"Primary review: taxonomy, icon, categorization, bestiary, or UI-framework records do not encode a deliberate player devotional act or outcome.",,REJECTED
a4a2061d91c49963,NQ083,NQ,Interface - HUD,Object Categorization Framework,OCF.esp,D:\Wabbajack\modlists\ARR 2.5\mods\Object Categorization Framework\OCF.esp,SIGNAL:000804:OCF.esp,SIGNAL,read,Keyword,000804:OCF.esp,OCF_WeapTypeRevDagger1H,,,,Direct selected-signature raw-file enumeration.,FLST:238|KYWD:517,NO-ROWS,"Primary review: taxonomy, icon, categorization, bestiary, or UI-framework records do not encode a deliberate player devotional act or outcome.",,REJECTED
a4a2061d91c49963,NQ083,NQ,Interface - HUD,Object Categorization Framework,OCF.esp,D:\Wabbajack\modlists\ARR 2.5\mods\Object Categorization Framework\OCF.esp,SIGNAL:000805:OCF.esp,SIGNAL,read,Keyword,000805:OCF.esp,OCF_WeapTypeSai1H,,,,Direct selected-signature raw-file enumeration.,FLST:238|KYWD:517,NO-ROWS,"Primary review: taxonomy, icon, categorization, bestiary, or UI-framework records do not encode a deliberate player devotional act or outcome.",,REJECTED
a4a2061d91c49963,NQ083,NQ,Interface - HUD,Object Categorization Framework,OCF.esp,D:\Wabbajack\modlists\ARR 2.5\mods\Object Categorization Framework\OCF.esp,SIGNAL:000806:OCF.esp,SIGNAL,read,Keyword,000806:OCF.esp,OCF_WeapTypeShiv1H,,,,Direct selected-signature raw-file enumeration.,FLST:238|KYWD:517,NO-ROWS,"Primary review: taxonomy, icon, categorization, bestiary, or UI-framework records do not encode a deliberate player devotional act or outcome.",,REJECTED
a4a2061d91c49963,NQ083,NQ,Interface - HUD,Object Categorization Framework,OCF.esp,D:\Wabbajack\modlists\ARR 2.5\mods\Object Categorization Framework\OCF.esp,SIGNAL:000807:OCF.esp,SIGNAL,read,Keyword,000807:OCF.esp,OCF_WeapTypeShuriken1H,,,,Direct selected-signature raw-file enumeration.,FLST:238|KYWD:517,NO-ROWS,"Primary review: taxonomy, icon, categorization, bestiary, or UI-framework records do not encode a deliberate player devotional act or outcome.",,REJECTED
a4a2061d91c49963,NQ083,NQ,Interface - HUD,Object Categorization Framework,OCF.esp,D:\Wabbajack\modlists\ARR 2.5\mods\Object Categorization Framework\OCF.esp,SIGNAL:000808:OCF.esp,SIGNAL,read,Keyword,000808:OCF.esp,OCF_WeapTypeTanto1H,,,,Direct selected-signature raw-file enumeration.,FLST:238|KYWD:517,NO-ROWS,"Primary review: taxonomy, icon, categorization, bestiary, or UI-framework records do not encode a deliberate player devotional act or outcome.",,REJECTED
a4a2061d91c49963,NQ083,NQ,Interface - HUD,Object Categorization Framework,OCF.esp,D:\Wabbajack\modlists\ARR 2.5\mods\Object Categorization Framework\OCF.esp,SIGNAL:000809:OCF.esp,SIGNAL,read,Keyword,000809:OCF.esp,OCF_WeapTypeToolKnife1H,,,,Direct selected-signature raw-file enumeration.,FLST:238|KYWD:517,NO-ROWS,"Primary review: taxonomy, icon, categorization, bestiary, or UI-framework records do not encode a deliberate player devotional act or outcome.",,REJECTED
a4a2061d91c49963,NQ083,NQ,Interface - HUD,Object Categorization Framework,OCF.esp,D:\Wabbajack\modlists\ARR 2.5\mods\Object Categorization Framework\OCF.esp,SIGNAL:00080A:OCF.esp,SIGNAL,read,Keyword,00080A:OCF.esp,OCF_WeapTypeHuntingKnife1H,,,,Direct selected-signature raw-file enumeration.,FLST:238|KYWD:517,NO-ROWS,"Primary review: taxonomy, icon, categorization, bestiary, or UI-framework records do not encode a deliberate player devotional act or outcome.",,REJECTED
a4a2061d91c49963,NQ083,NQ,Interface - HUD,Object Categorization Framework,OCF.esp,D:\Wabbajack\modlists\ARR 2.5\mods\Object Categorization Framework\OCF.esp,SIGNAL:00080B:OCF.esp,SIGNAL,read,Keyword,00080B:OCF.esp,OCF_WeapTypeLightsaber1H,,,,Direct selected-signature raw-file enumeration.,FLST:238|KYWD:517,NO-ROWS,"Primary review: taxonomy, icon, categorization, bestiary, or UI-framework records do not encode a deliberate player devotional act or outcome.",,REJECTED
a4a2061d91c49963,NQ083,NQ,Interface - HUD,Object Categorization Framework,OCF.esp,D:\Wabbajack\modlists\ARR 2.5\mods\Object Categorization Framework\OCF.esp,SIGNAL:00080C:OCF.esp,SIGNAL,read,Keyword,00080C:OCF.esp,OCF_WeapTypeLightsaber1H_1Blade,,,,Direct selected-signature raw-file enumeration.,FLST:238|KYWD:517,NO-ROWS,"Primary review: taxonomy, icon, categorization, bestiary, or UI-framework records do not encode a deliberate player devotional act or outcome.",,REJECTED
a4a2061d91c49963,NQ083,NQ,Interface - HUD,Object Categorization Framework,OCF.esp,D:\Wabbajack\modlists\ARR 2.5\mods\Object Categorization Framework\OCF.esp,SIGNAL:00080D:OCF.esp,SIGNAL,read,Keyword,00080D:OCF.esp,OCF_WeapTypeLightsaber1H_2Blade,,,,Direct selected-signature raw-file enumeration.,FLST:238|KYWD:517,NO-ROWS,"Primary review: taxonomy, icon, categorization, bestiary, or UI-framework records do not encode a deliberate player devotional act or outcome.",,REJECTED
a4a2061d91c49963,NQ083,NQ,Interface - HUD,Object Categorization Framework,OCF.esp,D:\Wabbajack\modlists\ARR 2.5\mods\Object Categorization Framework\OCF.esp,SIGNAL:00080E:OCF.esp,SIGNAL,read,Keyword,00080E:OCF.esp,OCF_WeapTypeSaber1H,,,,Direct selected-signature raw-file enumeration.,FLST:238|KYWD:517,NO-ROWS,"Primary review: taxonomy, icon, categorization, bestiary, or UI-framework records do not encode a deliberate player devotional act or outcome.",,REJECTED
a4a2061d91c49963,NQ083,NQ,Interface - HUD,Object Categorization Framework,OCF.esp,D:\Wabbajack\modlists\ARR 2.5\mods\Object Categorization Framework\OCF.esp,SIGNAL:00080F:OCF.esp,SIGNAL,read,Keyword,00080F:OCF.esp,OCF_WeapTypeScimitar1H,,,,Direct selected-signature raw-file enumeration.,FLST:238|KYWD:517,NO-ROWS,"Primary review: taxonomy, icon, categorization, bestiary, or UI-framework records do not encode a deliberate player devotional act or outcome.",,REJECTED
a4a2061d91c49963,NQ083,NQ,Interface - HUD,Object Categorization Framework,OCF.esp,D:\Wabbajack\modlists\ARR 2.5\mods\Object Categorization Framework\OCF.esp,SIGNAL:000810:OCF.esp,SIGNAL,read,Keyword,000810:OCF.esp,OCF_WeapTypeSword1H,,,,Direct selected-signature raw-file enumeration.,FLST:238|KYWD:517,NO-ROWS,"Primary review: taxonomy, icon, categorization, bestiary, or UI-framework records do not encode a deliberate player devotional act or outcome.",,REJECTED
a4a2061d91c49963,NQ083,NQ,Interface - HUD,Object Categorization Framework,OCF.esp,D:\Wabbajack\modlists\ARR 2.5\mods\Object Categorization Framework\OCF.esp,SIGNAL:000811:OCF.esp,SIGNAL,read,Keyword,000811:OCF.esp,OCF_WeapTypeTwinblade1H,,,,Direct selected-signature raw-file enumeration.,FLST:238|KYWD:517,NO-ROWS,"Primary review: taxonomy, icon, categorization, bestiary, or UI-framework records do not encode a deliberate player devotional act or outcome.",,REJECTED
a4a2061d91c49963,NQ083,NQ,Interface - HUD,Object Categorization Framework,OCF.esp,D:\Wabbajack\modlists\ARR 2.5\mods\Object Categorization Framework\OCF.esp,SIGNAL:000812:OCF.esp,SIGNAL,read,Keyword,000812:OCF.esp,OCF_WeapTypeCleaver1H,,,,Direct selected-signature raw-file enumeration.,FLST:238|KYWD:517,NO-ROWS,"Primary review: taxonomy, icon, categorization, bestiary, or UI-framework records do not encode a deliberate player devotional act or outcome.",,REJECTED
a4a2061d91c49963,NQ083,NQ,Interface - HUD,Object Categorization Framework,OCF.esp,D:\Wabbajack\modlists\ARR 2.5\mods\Object Categorization Framework\OCF.esp,SIGNAL:000813:OCF.esp,SIGNAL,read,Keyword,000813:OCF.esp,OCF_WeapTypeCrescent1H,,,,Direct selected-signature raw-file enumeration.,FLST:238|KYWD:517,NO-ROWS,"Primary review: taxonomy, icon, categorization, bestiary, or UI-framework records do not encode a deliberate player devotional act or outcome.",,REJECTED
a4a2061d91c49963,NQ083,NQ,Interface - HUD,Object Categorization Framework,OCF.esp,D:\Wabbajack\modlists\ARR 2.5\mods\Object Categorization Framework\OCF.esp,SIGNAL:000814:OCF.esp,SIGNAL,read,Keyword,000814:OCF.esp,OCF_WeapTypeHandBlade1H,,,,Direct selected-signature raw-file enumeration.,FLST:238|KYWD:517,NO-ROWS,"Primary review: taxonomy, icon, categorization, bestiary, or UI-framework records do not encode a deliberate player devotional act or outcome.",,REJECTED
a4a2061d91c49963,NQ083,NQ,Interface - HUD,Object Categorization Framework,OCF.esp,D:\Wabbajack\modlists\ARR 2.5\mods\Object Categorization Framework\OCF.esp,SIGNAL:000815:OCF.esp,SIGNAL,read,Keyword,000815:OCF.esp,OCF_WeapTypeHatchet1H,,,,Direct selected-signature raw-file enumeration.,FLST:238|KYWD:517,NO-ROWS,"Primary review: taxonomy, icon, categorization, bestiary, or UI-framework records do not encode a deliberate player devotional act or outcome.",,REJECTED
a4a2061d91c49963,NQ083,NQ,Interface - HUD,Object Categorization Framework,OCF.esp,D:\Wabbajack\modlists\ARR 2.5\mods\Object Categorization Framework\OCF.esp,SIGNAL:000816:OCF.esp,SIGNAL,read,Keyword,000816:OCF.esp,OCF_WeapTypePickaxe1H,,,,Direct selected-signature raw-file enumeration.,FLST:238|KYWD:517,NO-ROWS,"Primary review: taxonomy, icon, categorization, bestiary, or UI-framework records do not encode a deliberate player devotional act or outcome.",,REJECTED
a4a2061d91c49963,NQ083,NQ,Interface - HUD,Object Categorization Framework,OCF.esp,D:\Wabbajack\modlists\ARR 2.5\mods\Object Categorization Framework\OCF.esp,SIGNAL:000817:OCF.esp,SIGNAL,read,Keyword,000817:OCF.esp,OCF_WeapTypeSickle1H,,,,Direct selected-signature raw-file enumeration.,FLST:238|KYWD:517,NO-ROWS,"Primary review: taxonomy, icon, categorization, bestiary, or UI-framework records do not encode a deliberate player devotional act or outcome.",,REJECTED
a4a2061d91c49963,NQ083,NQ,Interface - HUD,Object Categorization Framework,OCF.esp,D:\Wabbajack\modlists\ARR 2.5\mods\Object Categorization Framework\OCF.esp,SIGNAL:000818:OCF.esp,SIGNAL,read,Keyword,000818:OCF.esp,OCF_WeapTypeWarAxe1H,,,,Direct selected-signature raw-file enumeration.,FLST:238|KYWD:517,NO-ROWS,"Primary review: taxonomy, icon, categorization, bestiary, or UI-framework records do not encode a deliberate player devotional act or outcome.",,REJECTED
a4a2061d91c49963,NQ083,NQ,Interface - HUD,Object Categorization Framework,OCF.esp,D:\Wabbajack\modlists\ARR 2.5\mods\Object Categorization Framework\OCF.esp,SIGNAL:000819:OCF.esp,SIGNAL,read,Keyword,000819:OCF.esp,OCF_WeapTypeWarpick1H,,,,Direct selected-signature raw-file enumeration.,FLST:238|KYWD:517,NO-ROWS,"Primary review: taxonomy, icon, categorization, bestiary, or UI-framework records do not encode a deliberate player devotional act or outcome.",,REJECTED
a4a2061d91c49963,NQ083,NQ,Interface - HUD,Object Categorization Framework,OCF.esp,D:\Wabbajack\modlists\ARR 2.5\mods\Object Categorization Framework\OCF.esp,SIGNAL:00081A:OCF.esp,SIGNAL,read,Keyword,00081A:OCF.esp,OCF_WeapTypeWoodaxe1H,,,,Direct selected-signature raw-file enumeration.,FLST:238|KYWD:517,NO-ROWS,"Primary review: taxonomy, icon, categorization, bestiary, or UI-framework records do not encode a deliberate player devotional act or outcome.",,REJECTED
a4a2061d91c49963,NQ083,NQ,Interface - HUD,Object Categorization Framework,OCF.esp,D:\Wabbajack\modlists\ARR 2.5\mods\Object Categorization Framework\OCF.esp,SIGNAL:00081B:OCF.esp,SIGNAL,read,Keyword,00081B:OCF.esp,OCF_WeapTypeWoodHatchet1H,,,,Direct selected-signature raw-file enumeration.,FLST:238|KYWD:517,NO-ROWS,"Primary review: taxonomy, icon, categorization, bestiary, or UI-framework records do not encode a deliberate player devotional act or outcome.",,REJECTED
a4a2061d91c49963,NQ083,NQ,Interface - HUD,Object Categorization Framework,OCF.esp,D:\Wabbajack\modlists\ARR 2.5\mods\Object Categorization Framework\OCF.esp,SIGNAL:00081C:OCF.esp,SIGNAL,read,Keyword,00081C:OCF.esp,OCF_WeapTypeBoomerang1H,,,,Direct selected-signature raw-file enumeration.,FLST:238|KYWD:517,NO-ROWS,"Primary review: taxonomy, icon, categorization, bestiary, or UI-framework records do not encode a deliberate player devotional act or outcome.",,REJECTED
a4a2061d91c49963,NQ083,NQ,Interface - HUD,Object Categorization Framework,OCF.esp,D:\Wabbajack\modlists\ARR 2.5\mods\Object Categorization Framework\OCF.esp,SIGNAL:00081D:OCF.esp,SIGNAL,read,Keyword,00081D:OCF.esp,OCF_WeapTypeCestus1H,,,,Direct selected-signature raw-file enumeration.,FLST:238|KYWD:517,NO-ROWS,"Primary review: taxonomy, icon, categorization, bestiary, or UI-framework records do not encode a deliberate player devotional act or outcome.",,REJECTED
a4a2061d91c49963,NQ083,NQ,Interface - HUD,Object Categorization Framework,OCF.esp,D:\Wabbajack\modlists\ARR 2.5\mods\Object Categorization Framework\OCF.esp,SIGNAL:00081E:OCF.esp,SIGNAL,read,Keyword,00081E:OCF.esp,OCF_WeapTypeClub1H,,,,Direct selected-signature raw-file enumeration.,FLST:238|KYWD:517,NO-ROWS,"Primary review: taxonomy, icon, categorization, bestiary, or UI-framework records do not encode a deliberate player devotional act or outcome.",,REJECTED
a4a2061d91c49963,NQ083,NQ,Interface - HUD,Object Categorization Framework,OCF.esp,D:\Wabbajack\modlists\ARR 2.5\mods\Object Categorization Framework\OCF.esp,SIGNAL:00081F:OCF.esp,SIGNAL,read,Keyword,00081F:OCF.esp,OCF_WeapTypeFishingRod1H,,,,Direct selected-signature raw-file enumeration.,FLST:238|KYWD:517,NO-ROWS,"Primary review: taxonomy, icon, categorization, bestiary, or UI-framework records do not encode a deliberate player devotional act or outcome.",,REJECTED
a4a2061d91c49963,NQ083,NQ,Interface - HUD,Object Categorization Framework,OCF.esp,D:\Wabbajack\modlists\ARR 2.5\mods\Object Categorization Framework\OCF.esp,SIGNAL:000820:OCF.esp,SIGNAL,read,Keyword,000820:OCF.esp,OCF_WeapTypeHammer1H,,,,Direct selected-signature raw-file enumeration.,FLST:238|KYWD:517,NO-ROWS,"Primary review: taxonomy, icon, categorization, bestiary, or UI-framework records do not encode a deliberate player devotional act or outcome.",,REJECTED
a4a2061d91c49963,NQ083,NQ,Interface - HUD,Object Categorization Framework,OCF.esp,D:\Wabbajack\modlists\ARR 2.5\mods\Object Categorization Framework\OCF.esp,SIGNAL:000821:OCF.esp,SIGNAL,read,Keyword,000821:OCF.esp,OCF_WeapTypeMace1H,,,,Direct selected-signature raw-file enumeration.,FLST:238|KYWD:517,NO-ROWS,"Primary review: taxonomy, icon, categorization, bestiary, or UI-framework records do not encode a deliberate player devotional act or outcome.",,REJECTED
a4a2061d91c49963,NQ083,NQ,Interface - HUD,Object Categorization Framework,OCF.esp,D:\Wabbajack\modlists\ARR 2.5\mods\Object Categorization Framework\OCF.esp,SIGNAL:000822:OCF.esp,SIGNAL,read,Keyword,000822:OCF.esp,OCF_WeapTypeWakizashi1H,,,,Direct selected-signature raw-file enumeration.,FLST:238|KYWD:517,NO-ROWS,"Primary review: taxonomy, icon, categorization, bestiary, or UI-framework records do not encode a deliberate player devotional act or outcome.",,REJECTED
a4a2061d91c49963,NQ083,NQ,Interface - HUD,Object Categorization Framework,OCF.esp,D:\Wabbajack\modlists\ARR 2.5\mods\Object Categorization Framework\OCF.esp,SIGNAL:000823:OCF.esp,SIGNAL,read,Keyword,000823:OCF.esp,OCF_WeapTypeQuarterstaff1H,,,,Direct selected-signature raw-file enumeration.,FLST:238|KYWD:517,NO-ROWS,"Primary review: taxonomy, icon, categorization, bestiary, or UI-framework records do not encode a deliberate player devotional act or outcome.",,REJECTED
a4a2061d91c49963,NQ083,NQ,Interface - HUD,Object Categorization Framework,OCF.esp,D:\Wabbajack\modlists\ARR 2.5\mods\Object Categorization Framework\OCF.esp,SIGNAL:000824:OCF.esp,SIGNAL,read,Keyword,000824:OCF.esp,OCF_WeapPole1H,,,,Direct selected-signature raw-file enumeration.,FLST:238|KYWD:517,NO-ROWS,"Primary review: taxonomy, icon, categorization, bestiary, or UI-framework records do not encode a deliberate player devotional act or outcome.",,REJECTED
a4a2061d91c49963,NQ083,NQ,Interface - HUD,Object Categorization Framework,OCF.esp,D:\Wabbajack\modlists\ARR 2.5\mods\Object Categorization Framework\OCF.esp,SIGNAL:000825:OCF.esp,SIGNAL,read,Keyword,000825:OCF.esp,OCF_WeapTypePole1H_Swing,,,,Direct selected-signature raw-file enumeration.,FLST:238|KYWD:517,NO-ROWS,"Primary review: taxonomy, icon, categorization, bestiary, or UI-framework records do not encode a deliberate player devotional act or outcome.",,REJECTED
a4a2061d91c49963,NQ083,NQ,Interface - HUD,Object Categorization Framework,OCF.esp,D:\Wabbajack\modlists\ARR 2.5\mods\Object Categorization Framework\OCF.esp,SIGNAL:000826:OCF.esp,SIGNAL,read,Keyword,000826:OCF.esp,OCF_WeapTypeGlaive1H,,,,Direct selected-signature raw-file enumeration.,FLST:238|KYWD:517,NO-ROWS,"Primary review: taxonomy, icon, categorization, bestiary, or UI-framework records do not encode a deliberate player devotional act or outcome.",,REJECTED
a4a2061d91c49963,NQ083,NQ,Interface - HUD,Object Categorization Framework,OCF.esp,D:\Wabbajack\modlists\ARR 2.5\mods\Object Categorization Framework\OCF.esp,SIGNAL:000827:OCF.esp,SIGNAL,read,Keyword,000827:OCF.esp,OCF_WeapTypeHalberd1H,,,,Direct selected-signature raw-file enumeration.,FLST:238|KYWD:517,NO-ROWS,"Primary review: taxonomy, icon, categorization, bestiary, or UI-framework records do not encode a deliberate player devotional act or outcome.",,REJECTED
a4a2061d91c49963,NQ083,NQ,Interface - HUD,Object Categorization Framework,OCF.esp,D:\Wabbajack\modlists\ARR 2.5\mods\Object Categorization Framework\OCF.esp,SIGNAL:000828:OCF.esp,SIGNAL,read,Keyword,000828:OCF.esp,OCF_WeapTypeWarscythe1H,,,,Direct selected-signature raw-file enumeration.,FLST:238|KYWD:517,NO-ROWS,"Primary review: taxonomy, icon, categorization, bestiary, or UI-framework records do not encode a deliberate player devotional act or outcome.",,REJECTED
a4a2061d91c49963,NQ083,NQ,Interface - HUD,Object Categorization Framework,OCF.esp,D:\Wabbajack\modlists\ARR 2.5\mods\Object Categorization Framework\OCF.esp,SIGNAL:000829:OCF.esp,SIGNAL,read,Keyword,000829:OCF.esp,OCF_WeapTypeLance1H,,,,Direct selected-signature raw-file enumeration.,FLST:238|KYWD:517,NO-ROWS,"Primary review: taxonomy, icon, categorization, bestiary, or UI-framework records do not encode a deliberate player devotional act or outcome.",,REJECTED
a4a2061d91c49963,NQ083,NQ,Interface - HUD,Object Categorization Framework,OCF.esp,D:\Wabbajack\modlists\ARR 2.5\mods\Object Categorization Framework\OCF.esp,SIGNAL:00082A:OCF.esp,SIGNAL,read,Keyword,00082A:OCF.esp,OCF_WeapTypePike1H,,,,Direct selected-signature raw-file enumeration.,FLST:238|KYWD:517,NO-ROWS,"Primary review: taxonomy, icon, categorization, bestiary, or UI-framework records do not encode a deliberate player devotional act or outcome.",,REJECTED
a4a2061d91c49963,NQ083,NQ,Interface - HUD,Object Categorization Framework,OCF.esp,D:\Wabbajack\modlists\ARR 2.5\mods\Object Categorization Framework\OCF.esp,SIGNAL:00082B:OCF.esp,SIGNAL,read,Keyword,00082B:OCF.esp,OCF_WeapTypeSpear1H,,,,Direct selected-signature raw-file enumeration.,FLST:238|KYWD:517,NO-ROWS,"Primary review: taxonomy, icon, categorization, bestiary, or UI-framework records do not encode a deliberate player devotional act or outcome.",,REJECTED
a4a2061d91c49963,NQ083,NQ,Interface - HUD,Object Categorization Framework,OCF.esp,D:\Wabbajack\modlists\ARR 2.5\mods\Object Categorization Framework\OCF.esp,SIGNAL:00082C:OCF.esp,SIGNAL,read,Keyword,00082C:OCF.esp,OCF_WeapTypeTrident1H,,,,Direct selected-signature raw-file enumeration.,FLST:238|KYWD:517,NO-ROWS,"Primary review: taxonomy, icon, categorization, bestiary, or UI-framework records do not encode a deliberate player devotional act or outcome.",,REJECTED
a4a2061d91c49963,NQ083,NQ,Interface - HUD,Object Categorization Framework,OCF.esp,D:\Wabbajack\modlists\ARR 2.5\mods\Object Categorization Framework\OCF.esp,SIGNAL:00082D:OCF.esp,SIGNAL,read,Keyword,00082D:OCF.esp,OCF_WeapUnarmed,,,,Direct selected-signature raw-file enumeration.,FLST:238|KYWD:517,NO-ROWS,"Primary review: taxonomy, icon, categorization, bestiary, or UI-framework records do not encode a deliberate player devotional act or outcome.",,REJECTED
a4a2061d91c49963,NQ083,NQ,Interface - HUD,Object Categorization Framework,OCF.esp,D:\Wabbajack\modlists\ARR 2.5\mods\Object Categorization Framework\OCF.esp,SIGNAL:00082E:OCF.esp,SIGNAL,read,Keyword,00082E:OCF.esp,OCF_WeapTypeKatana2H,,,,Direct selected-signature raw-file enumeration.,FLST:238|KYWD:517,NO-ROWS,"Primary review: taxonomy, icon, categorization, bestiary, or UI-framework records do not encode a deliberate player devotional act or outcome.",,REJECTED
a4a2061d91c49963,NQ083,NQ,Interface - HUD,Object Categorization Framework,OCF.esp,D:\Wabbajack\modlists\ARR 2.5\mods\Object Categorization Framework\OCF.esp,SIGNAL:00082F:OCF.esp,SIGNAL,read,Keyword,00082F:OCF.esp,OCF_WeapTypeLightsaber2H,,,,Direct selected-signature raw-file enumeration.,FLST:238|KYWD:517,NO-ROWS,"Primary review: taxonomy, icon, categorization, bestiary, or UI-framework records do not encode a deliberate player devotional act or outcome.",,REJECTED
a4a2061d91c49963,NQ083,NQ,Interface - HUD,Object Categorization Framework,OCF.esp,D:\Wabbajack\modlists\ARR 2.5\mods\Object Categorization Framework\OCF.esp,SIGNAL:000830:OCF.esp,SIGNAL,read,Keyword,000830:OCF.esp,OCF_WeapTypeLightsaber2H_1Blade,,,,Direct selected-signature raw-file enumeration.,FLST:238|KYWD:517,NO-ROWS,"Primary review: taxonomy, icon, categorization, bestiary, or UI-framework records do not encode a deliberate player devotional act or outcome.",,REJECTED
a4a2061d91c49963,NQ083,NQ,Interface - HUD,Object Categorization Framework,OCF.esp,D:\Wabbajack\modlists\ARR 2.5\mods\Object Categorization Framework\OCF.esp,SIGNAL:000831:OCF.esp,SIGNAL,read,Keyword,000831:OCF.esp,OCF_WeapTypeLightsaber2H_2Blade,,,,Direct selected-signature raw-file enumeration.,FLST:238|KYWD:517,NO-ROWS,"Primary review: taxonomy, icon, categorization, bestiary, or UI-framework records do not encode a deliberate player devotional act or outcome.",,REJECTED
a4a2061d91c49963,NQ083,NQ,Interface - HUD,Object Categorization Framework,OCF.esp,D:\Wabbajack\modlists\ARR 2.5\mods\Object Categorization Framework\OCF.esp,SIGNAL:000832:OCF.esp,SIGNAL,read,Keyword,000832:OCF.esp,OCF_WeapTypeMassiveSword2H,,,,Direct selected-signature raw-file enumeration.,FLST:238|KYWD:517,NO-ROWS,"Primary review: taxonomy, icon, categorization, bestiary, or UI-framework records do not encode a deliberate player devotional act or outcome.",,REJECTED
a4a2061d91c49963,NQ083,NQ,Interface - HUD,Object Categorization Framework,OCF.esp,D:\Wabbajack\modlists\ARR 2.5\mods\Object Categorization Framework\OCF.esp,SIGNAL:000833:OCF.esp,SIGNAL,read,Keyword,000833:OCF.esp,OCF_WeapTypeRapier2H,,,,Direct selected-signature raw-file enumeration.,FLST:238|KYWD:517,NO-ROWS,"Primary review: taxonomy, icon, categorization, bestiary, or UI-framework records do not encode a deliberate player devotional act or outcome.",,REJECTED
a4a2061d91c49963,NQ083,NQ,Interface - HUD,Object Categorization Framework,OCF.esp,D:\Wabbajack\modlists\ARR 2.5\mods\Object Categorization Framework\OCF.esp,SIGNAL:000834:OCF.esp,SIGNAL,read,Keyword,000834:OCF.esp,OCF_WeapTypeSaber2H,,,,Direct selected-signature raw-file enumeration.,FLST:238|KYWD:517,NO-ROWS,"Primary review: taxonomy, icon, categorization, bestiary, or UI-framework records do not encode a deliberate player devotional act or outcome.",,REJECTED
a4a2061d91c49963,NQ083,NQ,Interface - HUD,Object Categorization Framework,OCF.esp,D:\Wabbajack\modlists\ARR 2.5\mods\Object Categorization Framework\OCF.esp,SIGNAL:000835:OCF.esp,SIGNAL,read,Keyword,000835:OCF.esp,OCF_WeapTypeScimitar2H,,,,Direct selected-signature raw-file enumeration.,FLST:238|KYWD:517,NO-ROWS,"Primary review: taxonomy, icon, categorization, bestiary, or UI-framework records do not encode a deliberate player devotional act or outcome.",,REJECTED
a4a2061d91c49963,NQ083,NQ,Interface - HUD,Object Categorization Framework,OCF.esp,D:\Wabbajack\modlists\ARR 2.5\mods\Object Categorization Framework\OCF.esp,SIGNAL:000836:OCF.esp,SIGNAL,read,Keyword,000836:OCF.esp,OCF_WeapTypeTwinblade2H,,,,Direct selected-signature raw-file enumeration.,FLST:238|KYWD:517,NO-ROWS,"Primary review: taxonomy, icon, categorization, bestiary, or UI-framework records do not encode a deliberate player devotional act or outcome.",,REJECTED
a4a2061d91c49963,NQ083,NQ,Interface - HUD,Object Categorization Framework,OCF.esp,D:\Wabbajack\modlists\ARR 2.5\mods\Object Categorization Framework\OCF.esp,SIGNAL:000837:OCF.esp,SIGNAL,read,Keyword,000837:OCF.esp,OCF_WeapTypeBattleaxe2H,,,,Direct selected-signature raw-file enumeration.,FLST:238|KYWD:517,NO-ROWS,"Primary review: taxonomy, icon, categorization, bestiary, or UI-framework records do not encode a deliberate player devotional act or outcome.",,REJECTED
a4a2061d91c49963,NQ083,NQ,Interface - HUD,Object Categorization Framework,OCF.esp,D:\Wabbajack\modlists\ARR 2.5\mods\Object Categorization Framework\OCF.esp,SIGNAL:000838:OCF.esp,SIGNAL,read,Keyword,000838:OCF.esp,OCF_WeapTypeCleaver2H,,,,Direct selected-signature raw-file enumeration.,FLST:238|KYWD:517,NO-ROWS,"Primary review: taxonomy, icon, categorization, bestiary, or UI-framework records do not encode a deliberate player devotional act or outcome.",,REJECTED
a4a2061d91c49963,NQ083,NQ,Interface - HUD,Object Categorization Framework,OCF.esp,D:\Wabbajack\modlists\ARR 2.5\mods\Object Categorization Framework\OCF.esp,SIGNAL:000839:OCF.esp,SIGNAL,read,Keyword,000839:OCF.esp,OCF_WeapTypeCrescent2H,,,,Direct selected-signature raw-file enumeration.,FLST:238|KYWD:517,NO-ROWS,"Primary review: taxonomy, icon, categorization, bestiary, or UI-framework records do not encode a deliberate player devotional act or outcome.",,REJECTED
a4a2061d91c49963,NQ083,NQ,Interface - HUD,Object Categorization Framework,OCF.esp,D:\Wabbajack\modlists\ARR 2.5\mods\Object Categorization Framework\OCF.esp,SIGNAL:00083A:OCF.esp,SIGNAL,read,Keyword,00083A:OCF.esp,OCF_WeapTypePickaxe2H,,,,Direct selected-signature raw-file enumeration.,FLST:238|KYWD:517,NO-ROWS,"Primary review: taxonomy, icon, categorization, bestiary, or UI-framework records do not encode a deliberate player devotional act or outcome.",,REJECTED
a4a2061d91c49963,NQ083,NQ,Interface - HUD,Object Categorization Framework,OCF.esp,D:\Wabbajack\modlists\ARR 2.5\mods\Object Categorization Framework\OCF.esp,SIGNAL:00083B:OCF.esp,SIGNAL,read,Keyword,00083B:OCF.esp,OCF_WeapTypeShortsword1H,,,,Direct selected-signature raw-file enumeration.,FLST:238|KYWD:517,NO-ROWS,"Primary review: taxonomy, icon, categorization, bestiary, or UI-framework records do not encode a deliberate player devotional act or outcome.",,REJECTED
a4a2061d91c49963,NQ083,NQ,Interface - HUD,Object Categorization Framework,OCF.esp,D:\Wabbajack\modlists\ARR 2.5\mods\Object Categorization Framework\OCF.esp,SIGNAL:00083C:OCF.esp,SIGNAL,read,Keyword,00083C:OCF.esp,OCF_WeapTypeWarpick2H,,,,Direct selected-signature raw-file enumeration.,FLST:238|KYWD:517,NO-ROWS,"Primary review: taxonomy, icon, categorization, bestiary, or UI-framework records do not encode a deliberate player devotional act or outcome.",,REJECTED
a4a2061d91c49963,NQ083,NQ,Interface - HUD,Object Categorization Framework,OCF.esp,D:\Wabbajack\modlists\ARR 2.5\mods\Object Categorization Framework\OCF.esp,SIGNAL:00083D:OCF.esp,SIGNAL,read,Keyword,00083D:OCF.esp,OCF_WeapTypeWoodaxe2H,,,,Direct selected-signature raw-file enumeration.,FLST:238|KYWD:517,NO-ROWS,"Primary review: taxonomy, icon, categorization, bestiary, or UI-framework records do not encode a deliberate player devotional act or outcome.",,REJECTED
a4a2061d91c49963,NQ083,NQ,Interface - HUD,Object Categorization Framework,OCF.esp,D:\Wabbajack\modlists\ARR 2.5\mods\Object Categorization Framework\OCF.esp,SIGNAL:00083E:OCF.esp,SIGNAL,read,Keyword,00083E:OCF.esp,OCF_WeapTypeBladestaff2H,,,,Direct selected-signature raw-file enumeration.,FLST:238|KYWD:517,NO-ROWS,"Primary review: taxonomy, icon, categorization, bestiary, or UI-framework records do not encode a deliberate player devotional act or outcome.",,REJECTED
a4a2061d91c49963,NQ083,NQ,Interface - HUD,Object Categorization Framework,OCF.esp,D:\Wabbajack\modlists\ARR 2.5\mods\Object Categorization Framework\OCF.esp,SIGNAL:00083F:OCF.esp,SIGNAL,read,Keyword,00083F:OCF.esp,OCF_WeapTypeClub2H,,,,Direct selected-signature raw-file enumeration.,FLST:238|KYWD:517,NO-ROWS,"Primary review: taxonomy, icon, categorization, bestiary, or UI-framework records do not encode a deliberate player devotional act or outcome.",,REJECTED
a4a2061d91c49963,NQ083,NQ,Interface - HUD,Object Categorization Framework,OCF.esp,D:\Wabbajack\modlists\ARR 2.5\mods\Object Categorization Framework\OCF.esp,SIGNAL:000840:OCF.esp,SIGNAL,read,Keyword,000840:OCF.esp,OCF_WeapTypeMace2H,,,,Direct selected-signature raw-file enumeration.,FLST:238|KYWD:517,NO-ROWS,"Primary review: taxonomy, icon, categorization, bestiary, or UI-framework records do not encode a deliberate player devotional act or outcome.",,REJECTED
a4a2061d91c49963,NQ083,NQ,Interface - HUD,Object Categorization Framework,OCF.esp,D:\Wabbajack\modlists\ARR 2.5\mods\Object Categorization Framework\OCF.esp,SIGNAL:000841:OCF.esp,SIGNAL,read,Keyword,000841:OCF.esp,OCF_WeapTypeWarhammer2H,,,,Direct selected-signature raw-file enumeration.,FLST:238|KYWD:517,NO-ROWS,"Primary review: taxonomy, icon, categorization, bestiary, or UI-framework records do not encode a deliberate player devotional act or outcome.",,REJECTED
a4a2061d91c49963,NQ083,NQ,Interface - HUD,Object Categorization Framework,OCF.esp,D:\Wabbajack\modlists\ARR 2.5\mods\Object Categorization Framework\OCF.esp,SIGNAL:000842:OCF.esp,SIGNAL,read,Keyword,000842:OCF.esp,OCF_WeapPole2H,,,,Direct selected-signature raw-file enumeration.,FLST:238|KYWD:517,NO-ROWS,"Primary review: taxonomy, icon, categorization, bestiary, or UI-framework records do not encode a deliberate player devotional act or outcome.",,REJECTED
a4a2061d91c49963,NQ083,NQ,Interface - HUD,Object Categorization Framework,OCF.esp,D:\Wabbajack\modlists\ARR 2.5\mods\Object Categorization Framework\OCF.esp,SIGNAL:000843:OCF.esp,SIGNAL,read,Keyword,000843:OCF.esp,OCF_WeapTypeGlaive2H,,,,Direct selected-signature raw-file enumeration.,FLST:238|KYWD:517,NO-ROWS,"Primary review: taxonomy, icon, categorization, bestiary, or UI-framework records do not encode a deliberate player devotional act or outcome.",,REJECTED
a4a2061d91c49963,NQ083,NQ,Interface - HUD,Object Categorization Framework,OCF.esp,D:\Wabbajack\modlists\ARR 2.5\mods\Object Categorization Framework\OCF.esp,SIGNAL:000844:OCF.esp,SIGNAL,read,Keyword,000844:OCF.esp,OCF_WeapTypeHalberd2H,,,,Direct selected-signature raw-file enumeration.,FLST:238|KYWD:517,NO-ROWS,"Primary review: taxonomy, icon, categorization, bestiary, or UI-framework records do not encode a deliberate player devotional act or outcome.",,REJECTED
a4a2061d91c49963,NQ083,NQ,Interface - HUD,Object Categorization Framework,OCF.esp,D:\Wabbajack\modlists\ARR 2.5\mods\Object Categorization Framework\OCF.esp,SIGNAL:000845:OCF.esp,SIGNAL,read,Keyword,000845:OCF.esp,OCF_WeapTypeWarscythe2H,,,,Direct selected-signature raw-file enumeration.,FLST:238|KYWD:517,NO-ROWS,"Primary review: taxonomy, icon, categorization, bestiary, or UI-framework records do not encode a deliberate player devotional act or outcome.",,REJECTED
a4a2061d91c49963,NQ083,NQ,Interface - HUD,Object Categorization Framework,OCF.esp,D:\Wabbajack\modlists\ARR 2.5\mods\Object Categorization Framework\OCF.esp,SIGNAL:000846:OCF.esp,SIGNAL,read,Keyword,000846:OCF.esp,OCF_WeapTypeLance2H,,,,Direct selected-signature raw-file enumeration.,FLST:238|KYWD:517,NO-ROWS,"Primary review: taxonomy, icon, categorization, bestiary, or UI-framework records do not encode a deliberate player devotional act or outcome.",,REJECTED
a4a2061d91c49963,NQ083,NQ,Interface - HUD,Object Categorization Framework,OCF.esp,D:\Wabbajack\modlists\ARR 2.5\mods\Object Categorization Framework\OCF.esp,SIGNAL:000847:OCF.esp,SIGNAL,read,Keyword,000847:OCF.esp,OCF_WeapTypePike2H,,,,Direct selected-signature raw-file enumeration.,FLST:238|KYWD:517,NO-ROWS,"Primary review: taxonomy, icon, categorization, bestiary, or UI-framework records do not encode a deliberate player devotional act or outcome.",,REJECTED
a4a2061d91c49963,NQ083,NQ,Interface - HUD,Object Categorization Framework,OCF.esp,D:\Wabbajack\modlists\ARR 2.5\mods\Object Categorization Framework\OCF.esp,SIGNAL:000848:OCF.esp,SIGNAL,read,Keyword,000848:OCF.esp,OCF_WeapTypeSpear2H,,,,Direct selected-signature raw-file enumeration.,FLST:238|KYWD:517,NO-ROWS,"Primary review: taxonomy, icon, categorization, bestiary, or UI-framework records do not encode a deliberate player devotional act or outcome.",,REJECTED
a4a2061d91c49963,NQ083,NQ,Interface - HUD,Object Categorization Framework,OCF.esp,D:\Wabbajack\modlists\ARR 2.5\mods\Object Categorization Framework\OCF.esp,SIGNAL:000849:OCF.esp,SIGNAL,read,Keyword,000849:OCF.esp,OCF_WeapTypeTrident2H,,,,Direct selected-signature raw-file enumeration.,FLST:238|KYWD:517,NO-ROWS,"Primary review: taxonomy, icon, categorization, bestiary, or UI-framework records do not encode a deliberate player devotional act or outcome.",,REJECTED
a4a2061d91c49963,NQ083,NQ,Interface - HUD,Object Categorization Framework,OCF.esp,D:\Wabbajack\modlists\ARR 2.5\mods\Object Categorization Framework\OCF.esp,SIGNAL:00084A:OCF.esp,SIGNAL,read,Keyword,00084A:OCF.esp,OCF_WeapTypeBlowgun2H,,,,Direct selected-signature raw-file enumeration.,FLST:238|KYWD:517,NO-ROWS,"Primary review: taxonomy, icon, categorization, bestiary, or UI-framework records do not encode a deliberate player devotional act or outcome.",,REJECTED
a4a2061d91c49963,NQ083,NQ,Interface - HUD,Object Categorization Framework,OCF.esp,D:\Wabbajack\modlists\ARR 2.5\mods\Object Categorization Framework\OCF.esp,SIGNAL:00084B:OCF.esp,SIGNAL,read,Keyword,00084B:OCF.esp,OCF_WeapTypeBow,,,,Direct selected-signature raw-file enumeration.,FLST:238|KYWD:517,NO-ROWS,"Primary review: taxonomy, icon, categorization, bestiary, or UI-framework records do not encode a deliberate player devotional act or outcome.",,REJECTED
a4a2061d91c49963,NQ083,NQ,Interface - HUD,Object Categorization Framework,OCF.esp,D:\Wabbajack\modlists\ARR 2.5\mods\Object Categorization Framework\OCF.esp,SIGNAL:00084C:OCF.esp,SIGNAL,read,Keyword,00084C:OCF.esp,OCF_WeapTypeBow2H,,,,Direct selected-signature raw-file enumeration.,FLST:238|KYWD:517,NO-ROWS,"Primary review: taxonomy, icon, categorization, bestiary, or UI-framework records do not encode a deliberate player devotional act or outcome.",,REJECTED
a4a2061d91c49963,NQ083,NQ,Interface - HUD,Object Categorization Framework,OCF.esp,D:\Wabbajack\modlists\ARR 2.5\mods\Object Categorization Framework\OCF.esp,SIGNAL:00084D:OCF.esp,SIGNAL,read,Keyword,00084D:OCF.esp,OCF_WeapTypeBowblade2H,,,,Direct selected-signature raw-file enumeration.,FLST:238|KYWD:517,NO-ROWS,"Primary review: taxonomy, icon, categorization, bestiary, or UI-framework records do not encode a deliberate player devotional act or outcome.",,REJECTED
a4a2061d91c49963,NQ083,NQ,Interface - HUD,Object Categorization Framework,OCF.esp,D:\Wabbajack\modlists\ARR 2.5\mods\Object Categorization Framework\OCF.esp,SIGNAL:00084E:OCF.esp,SIGNAL,read,Keyword,00084E:OCF.esp,OCF_WeapTypeGreatbow2H,,,,Direct selected-signature raw-file enumeration.,FLST:238|KYWD:517,NO-ROWS,"Primary review: taxonomy, icon, categorization, bestiary, or UI-framework records do not encode a deliberate player devotional act or outcome.",,REJECTED
a4a2061d91c49963,NQ083,NQ,Interface - HUD,Object Categorization Framework,OCF.esp,D:\Wabbajack\modlists\ARR 2.5\mods\Object Categorization Framework\OCF.esp,SIGNAL:00084F:OCF.esp,SIGNAL,read,Keyword,00084F:OCF.esp,OCF_WeapTypeLongbow2H,,,,Direct selected-signature raw-file enumeration.,FLST:238|KYWD:517,NO-ROWS,"Primary review: taxonomy, icon, categorization, bestiary, or UI-framework records do not encode a deliberate player devotional act or outcome.",,REJECTED
a4a2061d91c49963,NQ083,NQ,Interface - HUD,Object Categorization Framework,OCF.esp,D:\Wabbajack\modlists\ARR 2.5\mods\Object Categorization Framework\OCF.esp,SIGNAL:000850:OCF.esp,SIGNAL,read,Keyword,000850:OCF.esp,OCF_WeapTypeShortbow2H,,,,Direct selected-signature raw-file enumeration.,FLST:238|KYWD:517,NO-ROWS,"Primary review: taxonomy, icon, categorization, bestiary, or UI-framework records do not encode a deliberate player devotional act or outcome.",,REJECTED
a4a2061d91c49963,NQ083,NQ,Interface - HUD,Object Categorization Framework,OCF.esp,D:\Wabbajack\modlists\ARR 2.5\mods\Object Categorization Framework\OCF.esp,SIGNAL:000851:OCF.esp,SIGNAL,read,Keyword,000851:OCF.esp,OCF_WeapTypeCrossbow,,,,Direct selected-signature raw-file enumeration.,FLST:238|KYWD:517,NO-ROWS,"Primary review: taxonomy, icon, categorization, bestiary, or UI-framework records do not encode a deliberate player devotional act or outcome.",,REJECTED
a4a2061d91c49963,NQ083,NQ,Interface - HUD,Object Categorization Framework,OCF.esp,D:\Wabbajack\modlists\ARR 2.5\mods\Object Categorization Framework\OCF.esp,SIGNAL:000852:OCF.esp,SIGNAL,read,Keyword,000852:OCF.esp,OCF_WeapTypeCrossbow1H,,,,Direct selected-signature raw-file enumeration.,FLST:238|KYWD:517,NO-ROWS,"Primary review: taxonomy, icon, categorization, bestiary, or UI-framework records do not encode a deliberate player devotional act or outcome.",,REJECTED
a4a2061d91c49963,NQ083,NQ,Interface - HUD,Object Categorization Framework,OCF.esp,D:\Wabbajack\modlists\ARR 2.5\mods\Object Categorization Framework\OCF.esp,SIGNAL:000853:OCF.esp,SIGNAL,read,Keyword,000853:OCF.esp,OCF_WeapTypeCrossbow2H,,,,Direct selected-signature raw-file enumeration.,FLST:238|KYWD:517,NO-ROWS,"Primary review: taxonomy, icon, categorization, bestiary, or UI-framework records do not encode a deliberate player devotional act or outcome.",,REJECTED
a4a2061d91c49963,NQ083,NQ,Interface - HUD,Object Categorization Framework,OCF.esp,D:\Wabbajack\modlists\ARR 2.5\mods\Object Categorization Framework\OCF.esp,SIGNAL:000854:OCF.esp,SIGNAL,read,Keyword,000854:OCF.esp,OCF_WeapTypeGun1H,,,,Direct selected-signature raw-file enumeration.,FLST:238|KYWD:517,NO-ROWS,"Primary review: taxonomy, icon, categorization, bestiary, or UI-framework records do not encode a deliberate player devotional act or outcome.",,REJECTED
a4a2061d91c49963,NQ083,NQ,Interface - HUD,Object Categorization Framework,OCF.esp,D:\Wabbajack\modlists\ARR 2.5\mods\Object Categorization Framework\OCF.esp,SIGNAL:000855:OCF.esp,SIGNAL,read,Keyword,000855:OCF.esp,OCF_WeapTypeGun1H_Basic,,,,Direct selected-signature raw-file enumeration.,FLST:238|KYWD:517,NO-ROWS,"Primary review: taxonomy, icon, categorization, bestiary, or UI-framework records do not encode a deliberate player devotional act or outcome.",,REJECTED
a4a2061d91c49963,NQ083,NQ,Interface - HUD,Object Categorization Framework,OCF.esp,D:\Wabbajack\modlists\ARR 2.5\mods\Object Categorization Framework\OCF.esp,SIGNAL:000856:OCF.esp,SIGNAL,read,Keyword,000856:OCF.esp,OCF_WeapTypeGun1H_Energy,,,,Direct selected-signature raw-file enumeration.,FLST:238|KYWD:517,NO-ROWS,"Primary review: taxonomy, icon, categorization, bestiary, or UI-framework records do not encode a deliberate player devotional act or outcome.",,REJECTED
a4a2061d91c49963,NQ083,NQ,Interface - HUD,Object Categorization Framework,OCF.esp,D:\Wabbajack\modlists\ARR 2.5\mods\Object Categorization Framework\OCF.esp,SIGNAL:000857:OCF.esp,SIGNAL,read,Keyword,000857:OCF.esp,OCF_WeapTypeGun1H_Flamethrower,,,,Direct selected-signature raw-file enumeration.,FLST:238|KYWD:517,NO-ROWS,"Primary review: taxonomy, icon, categorization, bestiary, or UI-framework records do not encode a deliberate player devotional act or outcome.",,REJECTED
a4a2061d91c49963,NQ083,NQ,Interface - HUD,Object Categorization Framework,OCF.esp,D:\Wabbajack\modlists\ARR 2.5\mods\Object Categorization Framework\OCF.esp,SIGNAL:000858:OCF.esp,SIGNAL,read,Keyword,000858:OCF.esp,OCF_WeapTypeGun1H_Launcher,,,,Direct selected-signature raw-file enumeration.,FLST:238|KYWD:517,NO-ROWS,"Primary review: taxonomy, icon, categorization, bestiary, or UI-framework records do not encode a deliberate player devotional act or outcome.",,REJECTED
a4a2061d91c49963,NQ083,NQ,Interface - HUD,Object Categorization Framework,OCF.esp,D:\Wabbajack\modlists\ARR 2.5\mods\Object Categorization Framework\OCF.esp,SIGNAL:000859:OCF.esp,SIGNAL,read,Keyword,000859:OCF.esp,OCF_WeapTypeGun1H_Gravity,,,,Direct selected-signature raw-file enumeration.,FLST:238|KYWD:517,NO-ROWS,"Primary review: taxonomy, icon, categorization, bestiary, or UI-framework records do not encode a deliberate player devotional act or outcome.",,REJECTED
a4a2061d91c49963,NQ083,NQ,Interface - HUD,Object Categorization Framework,OCF.esp,D:\Wabbajack\modlists\ARR 2.5\mods\Object Categorization Framework\OCF.esp,SIGNAL:00085A:OCF.esp,SIGNAL,read,Keyword,00085A:OCF.esp,OCF_WeapTypeGun1H_Shockthrower,,,,Direct selected-signature raw-file enumeration.,FLST:238|KYWD:517,NO-ROWS,"Primary review: taxonomy, icon, categorization, bestiary, or UI-framework records do not encode a deliberate player devotional act or outcome.",,REJECTED
a4a2061d91c49963,NQ083,NQ,Interface - HUD,Object Categorization Framework,OCF.esp,D:\Wabbajack\modlists\ARR 2.5\mods\Object Categorization Framework\OCF.esp,SIGNAL:00085B:OCF.esp,SIGNAL,read,Keyword,00085B:OCF.esp,OCF_WeapTypeGun1H_Shotgun,,,,Direct selected-signature raw-file enumeration.,FLST:238|KYWD:517,NO-ROWS,"Primary review: taxonomy, icon, categorization, bestiary, or UI-framework records do not encode a deliberate player devotional act or outcome.",,REJECTED
a4a2061d91c49963,NQ083,NQ,Interface - HUD,Object Categorization Framework,OCF.esp,D:\Wabbajack\modlists\ARR 2.5\mods\Object Categorization Framework\OCF.esp,SIGNAL:00085C:OCF.esp,SIGNAL,read,Keyword,00085C:OCF.esp,OCF_WeapTypeGun2H,,,,Direct selected-signature raw-file enumeration.,FLST:238|KYWD:517,NO-ROWS,"Primary review: taxonomy, icon, categorization, bestiary, or UI-framework records do not encode a deliberate player devotional act or outcome.",,REJECTED
a4a2061d91c49963,NQ083,NQ,Interface - HUD,Object Categorization Framework,OCF.esp,D:\Wabbajack\modlists\ARR 2.5\mods\Object Categorization Framework\OCF.esp,SIGNAL:00085D:OCF.esp,SIGNAL,read,Keyword,00085D:OCF.esp,OCF_WeapTypeGun2H_Basic,,,,Direct selected-signature raw-file enumeration.,FLST:238|KYWD:517,NO-ROWS,"Primary review: taxonomy, icon, categorization, bestiary, or UI-framework records do not encode a deliberate player devotional act or outcome.",,REJECTED
a4a2061d91c49963,NQ083,NQ,Interface - HUD,Object Categorization Framework,OCF.esp,D:\Wabbajack\modlists\ARR 2.5\mods\Object Categorization Framework\OCF.esp,SIGNAL:00085E:OCF.esp,SIGNAL,read,Keyword,00085E:OCF.esp,OCF_WeapTypeGun2H_Energy,,,,Direct selected-signature raw-file enumeration.,FLST:238|KYWD:517,NO-ROWS,"Primary review: taxonomy, icon, categorization, bestiary, or UI-framework records do not encode a deliberate player devotional act or outcome.",,REJECTED
a4a2061d91c49963,NQ083,NQ,Interface - HUD,Object Categorization Framework,OCF.esp,D:\Wabbajack\modlists\ARR 2.5\mods\Object Categorization Framework\OCF.esp,SIGNAL:00085F:OCF.esp,SIGNAL,read,Keyword,00085F:OCF.esp,OCF_WeapTypeGun2H_Launcher,,,,Direct selected-signature raw-file enumeration.,FLST:238|KYWD:517,NO-ROWS,"Primary review: taxonomy, icon, categorization, bestiary, or UI-framework records do not encode a deliberate player devotional act or outcome.",,REJECTED
a4a2061d91c49963,NQ083,NQ,Interface - HUD,Object Categorization Framework,OCF.esp,D:\Wabbajack\modlists\ARR 2.5\mods\Object Categorization Framework\OCF.esp,SIGNAL:000860:OCF.esp,SIGNAL,read,Keyword,000860:OCF.esp,OCF_WeapTypeGun2H_Shotgun,,,,Direct selected-signature raw-file enumeration.,FLST:238|KYWD:517,NO-ROWS,"Primary review: taxonomy, icon, categorization, bestiary, or UI-framework records do not encode a deliberate player devotional act or outcome.",,REJECTED
a4a2061d91c49963,NQ083,NQ,Interface - HUD,Object Categorization Framework,OCF.esp,D:\Wabbajack\modlists\ARR 2.5\mods\Object Categorization Framework\OCF.esp,SIGNAL:000861:OCF.esp,SIGNAL,read,Keyword,000861:OCF.esp,OCF_WeapTypeSlingshot2H,,,,Direct selected-signature raw-file enumeration.,FLST:238|KYWD:517,NO-ROWS,"Primary review: taxonomy, icon, categorization, bestiary, or UI-framework records do not encode a deliberate player devotional act or outcome.",,REJECTED
a4a2061d91c49963,NQ083,NQ,Interface - HUD,Object Categorization Framework,OCF.esp,D:\Wabbajack\modlists\ARR 2.5\mods\Object Categorization Framework\OCF.esp,SIGNAL:000862:OCF.esp,SIGNAL,read,Keyword,000862:OCF.esp,OCF_WeapTypeStaffBlank,,,,Direct selected-signature raw-file enumeration.,FLST:238|KYWD:517,NO-ROWS,"Primary review: taxonomy, icon, categorization, bestiary, or UI-framework records do not encode a deliberate player devotional act or outcome.",,REJECTED
a4a2061d91c49963,NQ083,NQ,Interface - HUD,Object Categorization Framework,OCF.esp,D:\Wabbajack\modlists\ARR 2.5\mods\Object Categorization Framework\OCF.esp,SIGNAL:000863:OCF.esp,SIGNAL,read,Keyword,000863:OCF.esp,OCF_WeapTypeStaff1H,,,,Direct selected-signature raw-file enumeration.,FLST:238|KYWD:517,NO-ROWS,"Primary review: taxonomy, icon, categorization, bestiary, or UI-framework records do not encode a deliberate player devotional act or outcome.",,REJECTED
a4a2061d91c49963,NQ083,NQ,Interface - HUD,Object Categorization Framework,OCF.esp,D:\Wabbajack\modlists\ARR 2.5\mods\Object Categorization Framework\OCF.esp,SIGNAL:000864:OCF.esp,SIGNAL,read,Keyword,000864:OCF.esp,OCF_WeapTypeCurvedSword1H,,,,Direct selected-signature raw-file enumeration.,FLST:238|KYWD:517,NO-ROWS,"Primary review: taxonomy, icon, categorization, bestiary, or UI-framework records do not encode a deliberate player devotional act or outcome.",,REJECTED
a4a2061d91c49963,NQ083,NQ,Interface - HUD,Object Categorization Framework,OCF.esp,D:\Wabbajack\modlists\ARR 2.5\mods\Object Categorization Framework\OCF.esp,SIGNAL:000865:OCF.esp,SIGNAL,read,Keyword,000865:OCF.esp,OCF_WeapTypeCurvedSword2H,,,,Direct selected-signature raw-file enumeration.,FLST:238|KYWD:517,NO-ROWS,"Primary review: taxonomy, icon, categorization, bestiary, or UI-framework records do not encode a deliberate player devotional act or outcome.",,REJECTED
a4a2061d91c49963,NQ083,NQ,Interface - HUD,Object Categorization Framework,OCF.esp,D:\Wabbajack\modlists\ARR 2.5\mods\Object Categorization Framework\OCF.esp,SIGNAL:000866:OCF.esp,SIGNAL,read,Keyword,000866:OCF.esp,OCF_WeapMelee,,,,Direct selected-signature raw-file enumeration.,FLST:238|KYWD:517,NO-ROWS,"Primary review: taxonomy, icon, categorization, bestiary, or UI-framework records do not encode a deliberate player devotional act or outcome.",,REJECTED
a4a2061d91c49963,NQ083,NQ,Interface - HUD,Object Categorization Framework,OCF.esp,D:\Wabbajack\modlists\ARR 2.5\mods\Object Categorization Framework\OCF.esp,SIGNAL:000867:OCF.esp,SIGNAL,read,Keyword,000867:OCF.esp,OCF_WeapTypeGreatsword2H,,,,Direct selected-signature raw-file enumeration.,FLST:238|KYWD:517,NO-ROWS,"Primary review: taxonomy, icon, categorization, bestiary, or UI-framework records do not encode a deliberate player devotional act or outcome.",,REJECTED
a4a2061d91c49963,NQ083,NQ,Interface - HUD,Object Categorization Framework,OCF.esp,D:\Wabbajack\modlists\ARR 2.5\mods\Object Categorization Framework\OCF.esp,SIGNAL:000868:OCF.esp,SIGNAL,read,Keyword,000868:OCF.esp,OCF_CanChopWood,,,,Direct selected-signature raw-file enumeration.,FLST:238|KYWD:517,NO-ROWS,"Primary review: taxonomy, icon, categorization, bestiary, or UI-framework records do not encode a deliberate player devotional act or outcome.",,REJECTED
a4a2061d91c49963,NQ083,NQ,Interface - HUD,Object Categorization Framework,OCF.esp,D:\Wabbajack\modlists\ARR 2.5\mods\Object Categorization Framework\OCF.esp,SIGNAL:000869:OCF.esp,SIGNAL,read,Keyword,000869:OCF.esp,OCF_CanMineOre,,,,Direct selected-signature raw-file enumeration.,FLST:238|KYWD:517,NO-ROWS,"Primary review: taxonomy, icon, categorization, bestiary, or UI-framework records do not encode a deliberate player devotional act or outcome.",,REJECTED
a4a2061d91c49963,NQ083,NQ,Interface - HUD,Object Categorization Framework,OCF.esp,D:\Wabbajack\modlists\ARR 2.5\mods\Object Categorization Framework\OCF.esp,SIGNAL:00086A:OCF.esp,SIGNAL,read,Keyword,00086A:OCF.esp,OCF_CanMineStalhrim,,,,Direct selected-signature raw-file enumeration.,FLST:238|KYWD:517,NO-ROWS,"Primary review: taxonomy, icon, categorization, bestiary, or UI-framework records do not encode a deliberate player devotional act or outcome.",,REJECTED
a4a2061d91c49963,NQ083,NQ,Interface - HUD,Object Categorization Framework,OCF.esp,D:\Wabbajack\modlists\ARR 2.5\mods\Object Categorization Framework\OCF.esp,SIGNAL:00086B:OCF.esp,SIGNAL,read,Keyword,00086B:OCF.esp,OCF_WeapReverseGrip,,,,Direct selected-signature raw-file enumeration.,FLST:238|KYWD:517,NO-ROWS,"Primary review: taxonomy, icon, categorization, bestiary, or UI-framework records do not encode a deliberate player devotional act or outcome.",,REJECTED
a4a2061d91c49963,NQ083,NQ,Interface - HUD,Object Categorization Framework,OCF.esp,D:\Wabbajack\modlists\ARR 2.5\mods\Object Categorization Framework\OCF.esp,SIGNAL:00086C:OCF.esp,SIGNAL,read,Keyword,00086C:OCF.esp,OCF_WeapThrowable,,,,Direct selected-signature raw-file enumeration.,FLST:238|KYWD:517,NO-ROWS,"Primary review: taxonomy, icon, categorization, bestiary, or UI-framework records do not encode a deliberate player devotional act or outcome.",,REJECTED
a4a2061d91c49963,NQ083,NQ,Interface - HUD,Object Categorization Framework,OCF.esp,D:\Wabbajack\modlists\ARR 2.5\mods\Object Categorization Framework\OCF.esp,SIGNAL:00086D:OCF.esp,SIGNAL,read,Keyword,00086D:OCF.esp,OCF_AmmoTypeArrow,,,,Direct selected-signature raw-file enumeration.,FLST:238|KYWD:517,NO-ROWS,"Primary review: taxonomy, icon, categorization, bestiary, or UI-framework records do not encode a deliberate player devotional act or outcome.",,REJECTED
a4a2061d91c49963,NQ083,NQ,Interface - HUD,Object Categorization Framework,OCF.esp,D:\Wabbajack\modlists\ARR 2.5\mods\Object Categorization Framework\OCF.esp,SIGNAL:00086E:OCF.esp,SIGNAL,read,Keyword,00086E:OCF.esp,OCF_AmmoTypeBolt,,,,Direct selected-signature raw-file enumeration.,FLST:238|KYWD:517,NO-ROWS,"Primary review: taxonomy, icon, categorization, bestiary, or UI-framework records do not encode a deliberate player devotional act or outcome.",,REJECTED
a4a2061d91c49963,NQ083,NQ,Interface - HUD,Object Categorization Framework,OCF.esp,D:\Wabbajack\modlists\ARR 2.5\mods\Object Categorization Framework\OCF.esp,SIGNAL:00086F:OCF.esp,SIGNAL,read,Keyword,00086F:OCF.esp,OCF_AmmoTypeBullet,,,,Direct selected-signature raw-file enumeration.,FLST:238|KYWD:517,NO-ROWS,"Primary review: taxonomy, icon, categorization, bestiary, or UI-framework records do not encode a deliberate player devotional act or outcome.",,REJECTED
a4a2061d91c49963,NQ083,NQ,Interface - HUD,Object Categorization Framework,OCF.esp,D:\Wabbajack\modlists\ARR 2.5\mods\Object Categorization Framework\OCF.esp,SIGNAL:000870:OCF.esp,SIGNAL,read,Keyword,000870:OCF.esp,OCF_AmmoTypeDart,,,,Direct selected-signature raw-file enumeration.,FLST:238|KYWD:517,NO-ROWS,"Primary review: taxonomy, icon, categorization, bestiary, or UI-framework records do not encode a deliberate player devotional act or outcome.",,REJECTED
a4a2061d91c49963,NQ083,NQ,Interface - HUD,Object Categorization Framework,OCF.esp,D:\Wabbajack\modlists\ARR 2.5\mods\Object Categorization Framework\OCF.esp,SIGNAL:000871:OCF.esp,SIGNAL,read,Keyword,000871:OCF.esp,OCF_AmmoTypeSlingshot,,,,Direct selected-signature raw-file enumeration.,FLST:238|KYWD:517,NO-ROWS,"Primary review: taxonomy, icon, categorization, bestiary, or UI-framework records do not encode a deliberate player devotional act or outcome.",,REJECTED
a4a2061d91c49963,NQ083,NQ,Interface - HUD,Object Categorization Framework,OCF.esp,D:\Wabbajack\modlists\ARR 2.5\mods\Object Categorization Framework\OCF.esp,SIGNAL:000872:OCF.esp,SIGNAL,read,Keyword,000872:OCF.esp,OCF_AmmoTypeArrow_Basic,,,,Direct selected-signature raw-file enumeration.,FLST:238|KYWD:517,NO-ROWS,"Primary review: taxonomy, icon, categorization, bestiary, or UI-framework records do not encode a deliberate player devotional act or outcome.",,REJECTED
a4a2061d91c49963,NQ083,NQ,Interface - HUD,Object Categorization Framework,OCF.esp,D:\Wabbajack\modlists\ARR 2.5\mods\Object Categorization Framework\OCF.esp,SIGNAL:000873:OCF.esp,SIGNAL,read,Keyword,000873:OCF.esp,OCF_AmmoTypeGreatarrow,,,,Direct selected-signature raw-file enumeration.,FLST:238|KYWD:517,NO-ROWS,"Primary review: taxonomy, icon, categorization, bestiary, or UI-framework records do not encode a deliberate player devotional act or outcome.",,REJECTED
a4a2061d91c49963,NQ083,NQ,Interface - HUD,Object Categorization Framework,OCF.esp,D:\Wabbajack\modlists\ARR 2.5\mods\Object Categorization Framework\OCF.esp,SIGNAL:000874:OCF.esp,SIGNAL,read,Keyword,000874:OCF.esp,OCF_AmmoTypeJavelin,,,,Direct selected-signature raw-file enumeration.,FLST:238|KYWD:517,NO-ROWS,"Primary review: taxonomy, icon, categorization, bestiary, or UI-framework records do not encode a deliberate player devotional act or outcome.",,REJECTED
a4a2061d91c49963,NQ083,NQ,Interface - HUD,Object Categorization Framework,OCF.esp,D:\Wabbajack\modlists\ARR 2.5\mods\Object Categorization Framework\OCF.esp,SIGNAL:000875:OCF.esp,SIGNAL,read,Keyword,000875:OCF.esp,OCF_AmmoTypeBullet1H,,,,Direct selected-signature raw-file enumeration.,FLST:238|KYWD:517,NO-ROWS,"Primary review: taxonomy, icon, categorization, bestiary, or UI-framework records do not encode a deliberate player devotional act or outcome.",,REJECTED
a4a2061d91c49963,NQ083,NQ,Interface - HUD,Object Categorization Framework,OCF.esp,D:\Wabbajack\modlists\ARR 2.5\mods\Object Categorization Framework\OCF.esp,SIGNAL:000876:OCF.esp,SIGNAL,read,Keyword,000876:OCF.esp,OCF_AmmoTypeBullet2H,,,,Direct selected-signature raw-file enumeration.,FLST:238|KYWD:517,NO-ROWS,"Primary review: taxonomy, icon, categorization, bestiary, or UI-framework records do not encode a deliberate player devotional act or outcome.",,REJECTED
a4a2061d91c49963,NQ083,NQ,Interface - HUD,Object Categorization Framework,OCF.esp,D:\Wabbajack\modlists\ARR 2.5\mods\Object Categorization Framework\OCF.esp,SIGNAL:000877:OCF.esp,SIGNAL,read,Keyword,000877:OCF.esp,OCF_AmmoTypeBullet1H_Basic,,,,Direct selected-signature raw-file enumeration.,FLST:238|KYWD:517,NO-ROWS,"Primary review: taxonomy, icon, categorization, bestiary, or UI-framework records do not encode a deliberate player devotional act or outcome.",,REJECTED
a4a2061d91c49963,NQ083,NQ,Interface - HUD,Object Categorization Framework,OCF.esp,D:\Wabbajack\modlists\ARR 2.5\mods\Object Categorization Framework\OCF.esp,SIGNAL:000878:OCF.esp,SIGNAL,read,Keyword,000878:OCF.esp,OCF_AmmoTypeBullet2H_Basic,,,,Direct selected-signature raw-file enumeration.,FLST:238|KYWD:517,NO-ROWS,"Primary review: taxonomy, icon, categorization, bestiary, or UI-framework records do not encode a deliberate player devotional act or outcome.",,REJECTED
a4a2061d91c49963,NQ083,NQ,Interface - HUD,Object Categorization Framework,OCF.esp,D:\Wabbajack\modlists\ARR 2.5\mods\Object Categorization Framework\OCF.esp,SIGNAL:000879:OCF.esp,SIGNAL,read,Keyword,000879:OCF.esp,OCF_AmmoTypeBullet2H_Shotgun,,,,Direct selected-signature raw-file enumeration.,FLST:238|KYWD:517,NO-ROWS,"Primary review: taxonomy, icon, categorization, bestiary, or UI-framework records do not encode a deliberate player devotional act or outcome.",,REJECTED
a4a2061d91c49963,NQ083,NQ,Interface - HUD,Object Categorization Framework,OCF.esp,D:\Wabbajack\modlists\ARR 2.5\mods\Object Categorization Framework\OCF.esp,SIGNAL:00087A:OCF.esp,SIGNAL,read,Keyword,00087A:OCF.esp,OCF_AmmoTypeBullet2H_Launcher,,,,Direct selected-signature raw-file enumeration.,FLST:238|KYWD:517,NO-ROWS,"Primary review: taxonomy, icon, categorization, bestiary, or UI-framework records do not encode a deliberate player devotional act or outcome.",,REJECTED
a4a2061d91c49963,NQ083,NQ,Interface - HUD,Object Categorization Framework,OCF.esp,D:\Wabbajack\modlists\ARR 2.5\mods\Object Categorization Framework\OCF.esp,SIGNAL:00087B:OCF.esp,SIGNAL,read,Keyword,00087B:OCF.esp,OCF_WeapTypeMassiveAxe2H,,,,Direct selected-signature raw-file enumeration.,FLST:238|KYWD:517,NO-ROWS,"Primary review: taxonomy, icon, categorization, bestiary, or UI-framework records do not encode a deliberate player devotional act or outcome.",,REJECTED
a4a2061d91c49963,NQ083,NQ,Interface - HUD,Object Categorization Framework,OCF.esp,D:\Wabbajack\modlists\ARR 2.5\mods\Object Categorization Framework\OCF.esp,SIGNAL:00087C:OCF.esp,SIGNAL,read,Keyword,00087C:OCF.esp,OCF_WeapTypeMassiveHammer2H,,,,Direct selected-signature raw-file enumeration.,FLST:238|KYWD:517,NO-ROWS,"Primary review: taxonomy, icon, categorization, bestiary, or UI-framework records do not encode a deliberate player devotional act or outcome.",,REJECTED
a4a2061d91c49963,NQ083,NQ,Interface - HUD,Object Categorization Framework,OCF.esp,D:\Wabbajack\modlists\ARR 2.5\mods\Object Categorization Framework\OCF.esp,SIGNAL:00087D:OCF.esp,SIGNAL,read,Keyword,00087D:OCF.esp,OCF_WeapTypeFlail1H,,,,Direct selected-signature raw-file enumeration.,FLST:238|KYWD:517,NO-ROWS,"Primary review: taxonomy, icon, categorization, bestiary, or UI-framework records do not encode a deliberate player devotional act or outcome.",,REJECTED
a4a2061d91c49963,NQ083,NQ,Interface - HUD,Object Categorization Framework,OCF.esp,D:\Wabbajack\modlists\ARR 2.5\mods\Object Categorization Framework\OCF.esp,SIGNAL:00087E:OCF.esp,SIGNAL,read,Keyword,00087E:OCF.esp,OCF_WeapTypeFlail2H,,,,Direct selected-signature raw-file enumeration.,FLST:238|KYWD:517,NO-ROWS,"Primary review: taxonomy, icon, categorization, bestiary, or UI-framework records do not encode a deliberate player devotional act or outcome.",,REJECTED
a4a2061d91c49963,NQ083,NQ,Interface - HUD,Object Categorization Framework,OCF.esp,D:\Wabbajack\modlists\ARR 2.5\mods\Object Categorization Framework\OCF.esp,SIGNAL:00087F:OCF.esp,SIGNAL,read,Keyword,00087F:OCF.esp,OCF_WeapRanged,,,,Direct selected-signature raw-file enumeration.,FLST:238|KYWD:517,NO-ROWS,"Primary review: taxonomy, icon, categorization, bestiary, or UI-framework records do not encode a deliberate player devotional act or outcome.",,REJECTED
a4a2061d91c49963,NQ083,NQ,Interface - HUD,Object Categorization Framework,OCF.esp,D:\Wabbajack\modlists\ARR 2.5\mods\Object Categorization Framework\OCF.esp,SIGNAL:000880:OCF.esp,SIGNAL,read,Keyword,000880:OCF.esp,OCF_WeapCasting,,,,Direct selected-signature raw-file enumeration.,FLST:238|KYWD:517,NO-ROWS,"Primary review: taxonomy, icon, categorization, bestiary, or UI-framework records do not encode a deliberate player devotional act or outcome.",,REJECTED
a4a2061d91c49963,NQ083,NQ,Interface - HUD,Object Categorization Framework,OCF.esp,D:\Wabbajack\modlists\ARR 2.5\mods\Object Categorization Framework\OCF.esp,SIGNAL:000881:OCF.esp,SIGNAL,read,Keyword,000881:OCF.esp,OCF_WeapBladed2H,,,,Direct selected-signature raw-file enumeration.,FLST:238|KYWD:517,NO-ROWS,"Primary review: taxonomy, icon, categorization, bestiary, or UI-framework records do not encode a deliberate player devotional act or outcome.",,REJECTED
a4a2061d91c49963,NQ083,NQ,Interface - HUD,Object Categorization Framework,OCF.esp,D:\Wabbajack\modlists\ARR 2.5\mods\Object Categorization Framework\OCF.esp,SIGNAL:000882:OCF.esp,SIGNAL,read,Keyword,000882:OCF.esp,OCF_WeapBlunt2H,,,,Direct selected-signature raw-file enumeration.,FLST:238|KYWD:517,NO-ROWS,"Primary review: taxonomy, icon, categorization, bestiary, or UI-framework records do not encode a deliberate player devotional act or outcome.",,REJECTED
a4a2061d91c49963,NQ083,NQ,Interface - HUD,Object Categorization Framework,OCF.esp,D:\Wabbajack\modlists\ARR 2.5\mods\Object Categorization Framework\OCF.esp,SIGNAL:000883:OCF.esp,SIGNAL,read,Keyword,000883:OCF.esp,OCF_WeapEdged2H,,,,Direct selected-signature raw-file enumeration.,FLST:238|KYWD:517,NO-ROWS,"Primary review: taxonomy, icon, categorization, bestiary, or UI-framework records do not encode a deliberate player devotional act or outcome.",,REJECTED
a4a2061d91c49963,NQ083,NQ,Interface - HUD,Object Categorization Framework,OCF.esp,D:\Wabbajack\modlists\ARR 2.5\mods\Object Categorization Framework\OCF.esp,SIGNAL:000884:OCF.esp,SIGNAL,read,Keyword,000884:OCF.esp,OCF_WeapBladed1H,,,,Direct selected-signature raw-file enumeration.,FLST:238|KYWD:517,NO-ROWS,"Primary review: taxonomy, icon, categorization, bestiary, or UI-framework records do not encode a deliberate player devotional act or outcome.",,REJECTED
a4a2061d91c49963,NQ083,NQ,Interface - HUD,Object Categorization Framework,OCF.esp,D:\Wabbajack\modlists\ARR 2.5\mods\Object Categorization Framework\OCF.esp,SIGNAL:000885:OCF.esp,SIGNAL,read,Keyword,000885:OCF.esp,OCF_WeapBlunt1H,,,,Direct selected-signature raw-file enumeration.,FLST:238|KYWD:517,NO-ROWS,"Primary review: taxonomy, icon, categorization, bestiary, or UI-framework records do not encode a deliberate player devotional act or outcome.",,REJECTED
a4a2061d91c49963,NQ083,NQ,Interface - HUD,Object Categorization Framework,OCF.esp,D:\Wabbajack\modlists\ARR 2.5\mods\Object Categorization Framework\OCF.esp,SIGNAL:000886:OCF.esp,SIGNAL,read,Keyword,000886:OCF.esp,OCF_WeapEdged1H,,,,Direct selected-signature raw-file enumeration.,FLST:238|KYWD:517,NO-ROWS,"Primary review: taxonomy, icon, categorization, bestiary, or UI-framework records do not encode a deliberate player devotional act or outcome.",,REJECTED
a4a2061d91c49963,NQ083,NQ,Interface - HUD,Object Categorization Framework,OCF.esp,D:\Wabbajack\modlists\ARR 2.5\mods\Object Categorization Framework\OCF.esp,SIGNAL:000887:OCF.esp,SIGNAL,read,Keyword,000887:OCF.esp,OCF_WeapSmallBladed1H,,,,Direct selected-signature raw-file enumeration.,FLST:238|KYWD:517,NO-ROWS,"Primary review: taxonomy, icon, categorization, bestiary, or UI-framework records do not encode a deliberate player devotional act or outcome.",,REJECTED
a4a2061d91c49963,NQ083,NQ,Interface - HUD,Object Categorization Framework,OCF.esp,D:\Wabbajack\modlists\ARR 2.5\mods\Object Categorization Framework\OCF.esp,SIGNAL:000888:OCF.esp,SIGNAL,read,Keyword,000888:OCF.esp,OCF_WeapTypeWand1H,,,,Direct selected-signature raw-file enumeration.,FLST:238|KYWD:517,NO-ROWS,"Primary review: taxonomy, icon, categorization, bestiary, or UI-framework records do not encode a deliberate player devotional act or outcome.",,REJECTED
a4a2061d91c49963,NQ083,NQ,Interface - HUD,Object Categorization Framework,OCF.esp,D:\Wabbajack\modlists\ARR 2.5\mods\Object Categorization Framework\OCF.esp,SIGNAL:000889:OCF.esp,SIGNAL,read,Keyword,000889:OCF.esp,OCF_WeapTypeWandBlank,,,,Direct selected-signature raw-file enumeration.,FLST:238|KYWD:517,NO-ROWS,"Primary review: taxonomy, icon, categorization, bestiary, or UI-framework records do not encode a deliberate player devotional act or outcome.",,REJECTED
a4a2061d91c49963,NQ083,NQ,Interface - HUD,Object Categorization Framework,OCF.esp,D:\Wabbajack\modlists\ARR 2.5\mods\Object Categorization Framework\OCF.esp,SIGNAL:00088A:OCF.esp,SIGNAL,read,Keyword,00088A:OCF.esp,OCF_WeapTypeBomb1H,,,,Direct selected-signature raw-file enumeration.,FLST:238|KYWD:517,NO-ROWS,"Primary review: taxonomy, icon, categorization, bestiary, or UI-framework records do not encode a deliberate player devotional act or outcome.",,REJECTED
a4a2061d91c49963,NQ083,NQ,Interface - HUD,Object Categorization Framework,OCF.esp,D:\Wabbajack\modlists\ARR 2.5\mods\Object Categorization Framework\OCF.esp,SIGNAL:00088B:OCF.esp,SIGNAL,read,Keyword,00088B:OCF.esp,OCF_WeapTypeDart1H,,,,Direct selected-signature raw-file enumeration.,FLST:238|KYWD:517,NO-ROWS,"Primary review: taxonomy, icon, categorization, bestiary, or UI-framework records do not encode a deliberate player devotional act or outcome.",,REJECTED
a4a2061d91c49963,NQ083,NQ,Interface - HUD,Object Categorization Framework,OCF.esp,D:\Wabbajack\modlists\ARR 2.5\mods\Object Categorization Framework\OCF.esp,SIGNAL:00088C:OCF.esp,SIGNAL,read,Keyword,00088C:OCF.esp,OCF_HasEnchantmentT,,,,Direct selected-signature raw-file enumeration.,FLST:238|KYWD:517,NO-ROWS,"Primary review: taxonomy, icon, categorization, bestiary, or UI-framework records do not encode a deliberate player devotional act or outcome.",,REJECTED
a4a2061d91c49963,NQ083,NQ,Interface - HUD,Object Categorization Framework,OCF.esp,D:\Wabbajack\modlists\ARR 2.5\mods\Object Categorization Framework\OCF.esp,SIGNAL:00088D:OCF.esp,SIGNAL,read,Keyword,00088D:OCF.esp,OCF_HasEnchantmentF,,,,Direct selected-signature raw-file enumeration.,FLST:238|KYWD:517,NO-ROWS,"Primary review: taxonomy, icon, categorization, bestiary, or UI-framework records do not encode a deliberate player devotional act or outcome.",,REJECTED
a4a2061d91c49963,NQ083,NQ,Interface - HUD,Object Categorization Framework,OCF.esp,D:\Wabbajack\modlists\ARR 2.5\mods\Object Categorization Framework\OCF.esp,SIGNAL:00088E:OCF.esp,SIGNAL,read,Keyword,00088E:OCF.esp,OCF_WeapUnarmed_Basic,,,,Direct selected-signature raw-file enumeration.,FLST:238|KYWD:517,NO-ROWS,"Primary review: taxonomy, icon, categorization, bestiary, or UI-framework records do not encode a deliberate player devotional act or outcome.",,REJECTED
a4a2061d91c49963,NQ083,NQ,Interface - HUD,Object Categorization Framework,OCF.esp,D:\Wabbajack\modlists\ARR 2.5\mods\Object Categorization Framework\OCF.esp,SIGNAL:00088F:OCF.esp,SIGNAL,read,Keyword,00088F:OCF.esp,OCF_WeapUnarmed_Claws,,,,Direct selected-signature raw-file enumeration.,FLST:238|KYWD:517,NO-ROWS,"Primary review: taxonomy, icon, categorization, bestiary, or UI-framework records do not encode a deliberate player devotional act or outcome.",,REJECTED
a4a2061d91c49963,NQ083,NQ,Interface - HUD,Object Categorization Framework,OCF.esp,D:\Wabbajack\modlists\ARR 2.5\mods\Object Categorization Framework\OCF.esp,SIGNAL:000890:OCF.esp,SIGNAL,read,Keyword,000890:OCF.esp,OCF_ActiAllMakerStone,,,,Direct selected-signature raw-file enumeration.,FLST:238|KYWD:517,NO-ROWS,"Primary review: taxonomy, icon, categorization, bestiary, or UI-framework records do not encode a deliberate player devotional act or outcome.",,REJECTED
a4a2061d91c49963,NQ083,NQ,Interface - HUD,Object Categorization Framework,OCF.esp,D:\Wabbajack\modlists\ARR 2.5\mods\Object Categorization Framework\OCF.esp,SIGNAL:000891:OCF.esp,SIGNAL,read,Keyword,000891:OCF.esp,OCF_ActiAshPile,,,,Direct selected-signature raw-file enumeration.,FLST:238|KYWD:517,NO-ROWS,"Primary review: taxonomy, icon, categorization, bestiary, or UI-framework records do not encode a deliberate player devotional act or outcome.",,REJECTED
a4a2061d91c49963,NQ083,NQ,Interface - HUD,Object Categorization Framework,OCF.esp,D:\Wabbajack\modlists\ARR 2.5\mods\Object Categorization Framework\OCF.esp,SIGNAL:000892:OCF.esp,SIGNAL,read,Keyword,000892:OCF.esp,OCF_ActiBird,,,,Direct selected-signature raw-file enumeration.,FLST:238|KYWD:517,NO-ROWS,"Primary review: taxonomy, icon, categorization, bestiary, or UI-framework records do not encode a deliberate player devotional act or outcome.",,REJECTED
a4a2061d91c49963,NQ083,NQ,Interface - HUD,Object Categorization Framework,OCF.esp,D:\Wabbajack\modlists\ARR 2.5\mods\Object Categorization Framework\OCF.esp,SIGNAL:000893:OCF.esp,SIGNAL,read,Keyword,000893:OCF.esp,OCF_ActiBlackBook,,,,Direct selected-signature raw-file enumeration.,FLST:238|KYWD:517,NO-ROWS,"Primary review: taxonomy, icon, categorization, bestiary, or UI-framework records do not encode a deliberate player devotional act or outcome.",,REJECTED
a4a2061d91c49963,NQ083,NQ,Interface - HUD,Object Categorization Framework,OCF.esp,D:\Wabbajack\modlists\ARR 2.5\mods\Object Categorization Framework\OCF.esp,SIGNAL:000894:OCF.esp,SIGNAL,read,Keyword,000894:OCF.esp,OCF_ActiCritter,,,,Direct selected-signature raw-file enumeration.,FLST:238|KYWD:517,NO-ROWS,"Primary review: taxonomy, icon, categorization, bestiary, or UI-framework records do not encode a deliberate player devotional act or outcome.",,REJECTED
a4a2061d91c49963,NQ083,NQ,Interface - HUD,Object Categorization Framework,OCF.esp,D:\Wabbajack\modlists\ARR 2.5\mods\Object Categorization Framework\OCF.esp,SIGNAL:000895:OCF.esp,SIGNAL,read,Keyword,000895:OCF.esp,OCF_ActiDisplay,,,,Direct selected-signature raw-file enumeration.,FLST:238|KYWD:517,NO-ROWS,"Primary review: taxonomy, icon, categorization, bestiary, or UI-framework records do not encode a deliberate player devotional act or outcome.",,REJECTED
a4a2061d91c49963,NQ083,NQ,Interface - HUD,Object Categorization Framework,OCF.esp,D:\Wabbajack\modlists\ARR 2.5\mods\Object Categorization Framework\OCF.esp,SIGNAL:000896:OCF.esp,SIGNAL,read,Keyword,000896:OCF.esp,OCF_ActiDoomstone,,,,Direct selected-signature raw-file enumeration.,FLST:238|KYWD:517,NO-ROWS,"Primary review: taxonomy, icon, categorization, bestiary, or UI-framework records do not encode a deliberate player devotional act or outcome.",,REJECTED
a4a2061d91c49963,NQ083,NQ,Interface - HUD,Object Categorization Framework,OCF.esp,D:\Wabbajack\modlists\ARR 2.5\mods\Object Categorization Framework\OCF.esp,SIGNAL:000897:OCF.esp,SIGNAL,read,Keyword,000897:OCF.esp,OCF_ActiMapMarker,,,,Direct selected-signature raw-file enumeration.,FLST:238|KYWD:517,NO-ROWS,"Primary review: taxonomy, icon, categorization, bestiary, or UI-framework records do not encode a deliberate player devotional act or outcome.",,REJECTED
a4a2061d91c49963,NQ083,NQ,Interface - HUD,Object Categorization Framework,OCF.esp,D:\Wabbajack\modlists\ARR 2.5\mods\Object Categorization Framework\OCF.esp,SIGNAL:000898:OCF.esp,SIGNAL,read,Keyword,000898:OCF.esp,OCF_ActiShrine,,,,Direct selected-signature raw-file enumeration.,FLST:238|KYWD:517,NO-ROWS,"Primary review: taxonomy, icon, categorization, bestiary, or UI-framework records do not encode a deliberate player devotional act or outcome.",,REJECTED
a4a2061d91c49963,NQ083,NQ,Interface - HUD,Object Categorization Framework,OCF.esp,D:\Wabbajack\modlists\ARR 2.5\mods\Object Categorization Framework\OCF.esp,SIGNAL:000899:OCF.esp,SIGNAL,read,Keyword,000899:OCF.esp,OCF_ActiSoil,,,,Direct selected-signature raw-file enumeration.,FLST:238|KYWD:517,NO-ROWS,"Primary review: taxonomy, icon, categorization, bestiary, or UI-framework records do not encode a deliberate player devotional act or outcome.",,REJECTED
a4a2061d91c49963,NQ083,NQ,Interface - HUD,Object Categorization Framework,OCF.esp,D:\Wabbajack\modlists\ARR 2.5\mods\Object Categorization Framework\OCF.esp,SIGNAL:00089A:OCF.esp,SIGNAL,read,Keyword,00089A:OCF.esp,OCF_ActiTorchSconce,,,,Direct selected-signature raw-file enumeration.,FLST:238|KYWD:517,NO-ROWS,"Primary review: taxonomy, icon, categorization, bestiary, or UI-framework records do not encode a deliberate player devotional act or outcome.",,REJECTED
a4a2061d91c49963,NQ083,NQ,Interface - HUD,Object Categorization Framework,OCF.esp,D:\Wabbajack\modlists\ARR 2.5\mods\Object Categorization Framework\OCF.esp,SIGNAL:00089B:OCF.esp,SIGNAL,read,Keyword,00089B:OCF.esp,OCF_ActiThrallCattle,,,,Direct selected-signature raw-file enumeration.,FLST:238|KYWD:517,NO-ROWS,"Primary review: taxonomy, icon, categorization, bestiary, or UI-framework records do not encode a deliberate player devotional act or outcome.",,REJECTED
a4a2061d91c49963,NQ083,NQ,Interface - HUD,Object Categorization Framework,OCF.esp,D:\Wabbajack\modlists\ARR 2.5\mods\Object Categorization Framework\OCF.esp,SIGNAL:00089C:OCF.esp,SIGNAL,read,Keyword,00089C:OCF.esp,OCF_ActiTrigger,,,,Direct selected-signature raw-file enumeration.,FLST:238|KYWD:517,NO-ROWS,"Primary review: taxonomy, icon, categorization, bestiary, or UI-framework records do not encode a deliberate player devotional act or outcome.",,REJECTED
a4a2061d91c49963,NQ083,NQ,Interface - HUD,Object Categorization Framework,OCF.esp,D:\Wabbajack\modlists\ARR 2.5\mods\Object Categorization Framework\OCF.esp,SIGNAL:00089D:OCF.esp,SIGNAL,read,Keyword,00089D:OCF.esp,OCF_ActiVein,,,,Direct selected-signature raw-file enumeration.,FLST:238|KYWD:517,NO-ROWS,"Primary review: taxonomy, icon, categorization, bestiary, or UI-framework records do not encode a deliberate player devotional act or outcome.",,REJECTED
a4a2061d91c49963,NQ083,NQ,Interface - HUD,Object Categorization Framework,OCF.esp,D:\Wabbajack\modlists\ARR 2.5\mods\Object Categorization Framework\OCF.esp,SIGNAL:00089E:OCF.esp,SIGNAL,read,Keyword,00089E:OCF.esp,OCF_FlorCoinpile,,,,Direct selected-signature raw-file enumeration.,FLST:238|KYWD:517,NO-ROWS,"Primary review: taxonomy, icon, categorization, bestiary, or UI-framework records do not encode a deliberate player devotional act or outcome.",,REJECTED
a4a2061d91c49963,NQ083,NQ,Interface - HUD,Object Categorization Framework,OCF.esp,D:\Wabbajack\modlists\ARR 2.5\mods\Object Categorization Framework\OCF.esp,SIGNAL:00089F:OCF.esp,SIGNAL,read,Keyword,00089F:OCF.esp,OCF_FlorOther,,,,Direct selected-signature raw-file enumeration.,FLST:238|KYWD:517,NO-ROWS,"Primary review: taxonomy, icon, categorization, bestiary, or UI-framework records do not encode a deliberate player devotional act or outcome.",,REJECTED
a4a2061d91c49963,NQ083,NQ,Interface - HUD,Object Categorization Framework,OCF.esp,D:\Wabbajack\modlists\ARR 2.5\mods\Object Categorization Framework\OCF.esp,SIGNAL:0008A0:OCF.esp,SIGNAL,read,Keyword,0008A0:OCF.esp,OCF_FlorPlant,,,,Direct selected-signature raw-file enumeration.,FLST:238|KYWD:517,NO-ROWS,"Primary review: taxonomy, icon, categorization, bestiary, or UI-framework records do not encode a deliberate player devotional act or outcome.",,REJECTED
a4a2061d91c49963,NQ083,NQ,Interface - HUD,Object Categorization Framework,OCF.esp,D:\Wabbajack\modlists\ARR 2.5\mods\Object Categorization Framework\OCF.esp,SIGNAL:0008A1:OCF.esp,SIGNAL,read,Keyword,0008A1:OCF.esp,OCF_FlorBirdNest,,,,Direct selected-signature raw-file enumeration.,FLST:238|KYWD:517,NO-ROWS,"Primary review: taxonomy, icon, categorization, bestiary, or UI-framework records do not encode a deliberate player devotional act or outcome.",,REJECTED
a4a2061d91c49963,NQ083,NQ,Interface - HUD,Object Categorization Framework,OCF.esp,D:\Wabbajack\modlists\ARR 2.5\mods\Object Categorization Framework\OCF.esp,SIGNAL:0008A2:OCF.esp,SIGNAL,read,Keyword,0008A2:OCF.esp,OCF_FlorCarcass,,,,Direct selected-signature raw-file enumeration.,FLST:238|KYWD:517,NO-ROWS,"Primary review: taxonomy, icon, categorization, bestiary, or UI-framework records do not encode a deliberate player devotional act or outcome.",,REJECTED
a4a2061d91c49963,NQ083,NQ,Interface - HUD,Object Categorization Framework,OCF.esp,D:\Wabbajack\modlists\ARR 2.5\mods\Object Categorization Framework\OCF.esp,SIGNAL:0008A3:OCF.esp,SIGNAL,read,Keyword,0008A3:OCF.esp,OCF_FlorCoinpurse,,,,Direct selected-signature raw-file enumeration.,FLST:238|KYWD:517,NO-ROWS,"Primary review: taxonomy, icon, categorization, bestiary, or UI-framework records do not encode a deliberate player devotional act or outcome.",,REJECTED
a4a2061d91c49963,NQ083,NQ,Interface - HUD,Object Categorization Framework,OCF.esp,D:\Wabbajack\modlists\ARR 2.5\mods\Object Categorization Framework\OCF.esp,SIGNAL:0008A4:OCF.esp,SIGNAL,read,Keyword,0008A4:OCF.esp,OCF_FlorContainer,,,,Direct selected-signature raw-file enumeration.,FLST:238|KYWD:517,NO-ROWS,"Primary review: taxonomy, icon, categorization, bestiary, or UI-framework records do not encode a deliberate player devotional act or outcome.",,REJECTED
a4a2061d91c49963,NQ083,NQ,Interface - HUD,Object Categorization Framework,OCF.esp,D:\Wabbajack\modlists\ARR 2.5\mods\Object Categorization Framework\OCF.esp,SIGNAL:0008A5:OCF.esp,SIGNAL,read,Keyword,0008A5:OCF.esp,OCF_FlorEggSac,,,,Direct selected-signature raw-file enumeration.,FLST:238|KYWD:517,NO-ROWS,"Primary review: taxonomy, icon, categorization, bestiary, or UI-framework records do not encode a deliberate player devotional act or outcome.",,REJECTED
a4a2061d91c49963,NQ083,NQ,Interface - HUD,Object Categorization Framework,OCF.esp,D:\Wabbajack\modlists\ARR 2.5\mods\Object Categorization Framework\OCF.esp,SIGNAL:0008A6:OCF.esp,SIGNAL,read,Keyword,0008A6:OCF.esp,OCF_FlorOyster,,,,Direct selected-signature raw-file enumeration.,FLST:238|KYWD:517,NO-ROWS,"Primary review: taxonomy, icon, categorization, bestiary, or UI-framework records do not encode a deliberate player devotional act or outcome.",,REJECTED
a4a2061d91c49963,NQ083,NQ,Interface - HUD,Object Categorization Framework,OCF.esp,D:\Wabbajack\modlists\ARR 2.5\mods\Object Categorization Framework\OCF.esp,SIGNAL:0008A7:OCF.esp,SIGNAL,read,Keyword,0008A7:OCF.esp,OCF_FlorWater,,,,Direct selected-signature raw-file enumeration.,FLST:238|KYWD:517,NO-ROWS,"Primary review: taxonomy, icon, categorization, bestiary, or UI-framework records do not encode a deliberate player devotional act or outcome.",,REJECTED
