input_id,batch_id,wave,separator,mod,plugin,plugin_path,evidence_id,evidence_kind,reader_status,record_signature,formid,editor_id,name,quest_expansion_classification,stage_numbers,evidence,signal_counts,proposed_triage,proposed_reason,notes,primary_review_status
592308e4436db621,NQ092,NQ,Outfit Distribution Customization,Authoria - Modded Outfit Distribution,Authoria - Haberdashery.esp,D:\Wabbajack\modlists\ARR 2.5\mods\Authoria - Modded Outfit Distribution\Authoria - Haberdashery.esp,PLUGIN,PLUGIN-SUMMARY,read,,,,,,,Direct signal candidate enumeration: 10,ARMO:10,NO-ROWS,"Primary review: cosmetic armor, visual resource, ingredient replacer, outfit distribution, or miscellaneous support records do not encode a distinct player devotional act.",,REJECTED
592308e4436db621,NQ092,NQ,Outfit Distribution Customization,Authoria - Modded Outfit Distribution,Authoria - Haberdashery.esp,D:\Wabbajack\modlists\ARR 2.5\mods\Authoria - Modded Outfit Distribution\Authoria - Haberdashery.esp,SIGNAL:0209A6:Skyrim.esm,SIGNAL,read,Armor,0209A6:Skyrim.esm,REQ_Cloth_Farm_Body_2,,,,Direct selected-signature raw-file enumeration.,ARMO:10,NO-ROWS,"Primary review: cosmetic armor, visual resource, ingredient replacer, outfit distribution, or miscellaneous support records do not encode a distinct player devotional act.",,REJECTED
592308e4436db621,NQ092,NQ,Outfit Distribution Customization,Authoria - Modded Outfit Distribution,Authoria - Haberdashery.esp,D:\Wabbajack\modlists\ARR 2.5\mods\Authoria - Modded Outfit Distribution\Authoria - Haberdashery.esp,SIGNAL:0A1167:Requiem.esp,SIGNAL,read,Armor,0A1167:Requiem.esp,REQ_Var_Heavy_Dwarven_Feet_Aetherium,,,,Direct selected-signature raw-file enumeration.,ARMO:10,NO-ROWS,"Primary review: cosmetic armor, visual resource, ingredient replacer, outfit distribution, or miscellaneous support records do not encode a distinct player devotional act.",,REJECTED
592308e4436db621,NQ092,NQ,Outfit Distribution Customization,Authoria - Modded Outfit Distribution,Authoria - Haberdashery.esp,D:\Wabbajack\modlists\ARR 2.5\mods\Authoria - Modded Outfit Distribution\Authoria - Haberdashery.esp,SIGNAL:0A1168:Requiem.esp,SIGNAL,read,Armor,0A1168:Requiem.esp,REQ_Var_Heavy_Dwarven_Body_Aetherium,,,,Direct selected-signature raw-file enumeration.,ARMO:10,NO-ROWS,"Primary review: cosmetic armor, visual resource, ingredient replacer, outfit distribution, or miscellaneous support records do not encode a distinct player devotional act.",,REJECTED
592308e4436db621,NQ092,NQ,Outfit Distribution Customization,Authoria - Modded Outfit Distribution,Authoria - Haberdashery.esp,D:\Wabbajack\modlists\ARR 2.5\mods\Authoria - Modded Outfit Distribution\Authoria - Haberdashery.esp,SIGNAL:0A1169:Requiem.esp,SIGNAL,read,Armor,0A1169:Requiem.esp,REQ_Var_Heavy_Dwarven_Hands_Aetherium,,,,Direct selected-signature raw-file enumeration.,ARMO:10,NO-ROWS,"Primary review: cosmetic armor, visual resource, ingredient replacer, outfit distribution, or miscellaneous support records do not encode a distinct player devotional act.",,REJECTED
592308e4436db621,NQ092,NQ,Outfit Distribution Customization,Authoria - Modded Outfit Distribution,Authoria - Haberdashery.esp,D:\Wabbajack\modlists\ARR 2.5\mods\Authoria - Modded Outfit Distribution\Authoria - Haberdashery.esp,SIGNAL:0A116A:Requiem.esp,SIGNAL,read,Armor,0A116A:Requiem.esp,REQ_Var_Heavy_Dwarven_Head_Aetherium,,,,Direct selected-signature raw-file enumeration.,ARMO:10,NO-ROWS,"Primary review: cosmetic armor, visual resource, ingredient replacer, outfit distribution, or miscellaneous support records do not encode a distinct player devotional act.",,REJECTED
592308e4436db621,NQ092,NQ,Outfit Distribution Customization,Authoria - Modded Outfit Distribution,Authoria - Haberdashery.esp,D:\Wabbajack\modlists\ARR 2.5\mods\Authoria - Modded Outfit Distribution\Authoria - Haberdashery.esp,SIGNAL:00080C:Authoria - Haberdashery.esp,SIGNAL,read,Armor,00080C:Authoria - Haberdashery.esp,_Fuse00_ArmorOutfitThalmorEnch,,,,Direct selected-signature raw-file enumeration.,ARMO:10,NO-ROWS,"Primary review: cosmetic armor, visual resource, ingredient replacer, outfit distribution, or miscellaneous support records do not encode a distinct player devotional act.",,REJECTED
592308e4436db621,NQ092,NQ,Outfit Distribution Customization,Authoria - Modded Outfit Distribution,Authoria - Haberdashery.esp,D:\Wabbajack\modlists\ARR 2.5\mods\Authoria - Modded Outfit Distribution\Authoria - Haberdashery.esp,SIGNAL:00080D:Authoria - Haberdashery.esp,SIGNAL,read,Armor,00080D:Authoria - Haberdashery.esp,_Fuse00_BootsOutfitThalmorEnch,,,,Direct selected-signature raw-file enumeration.,ARMO:10,NO-ROWS,"Primary review: cosmetic armor, visual resource, ingredient replacer, outfit distribution, or miscellaneous support records do not encode a distinct player devotional act.",,REJECTED
592308e4436db621,NQ092,NQ,Outfit Distribution Customization,Authoria - Modded Outfit Distribution,Authoria - Haberdashery.esp,D:\Wabbajack\modlists\ARR 2.5\mods\Authoria - Modded Outfit Distribution\Authoria - Haberdashery.esp,SIGNAL:00080E:Authoria - Haberdashery.esp,SIGNAL,read,Armor,00080E:Authoria - Haberdashery.esp,_Fuse00_ArmsOutfitThalmorEnch,,,,Direct selected-signature raw-file enumeration.,ARMO:10,NO-ROWS,"Primary review: cosmetic armor, visual resource, ingredient replacer, outfit distribution, or miscellaneous support records do not encode a distinct player devotional act.",,REJECTED
592308e4436db621,NQ092,NQ,Outfit Distribution Customization,Authoria - Modded Outfit Distribution,Authoria - Haberdashery.esp,D:\Wabbajack\modlists\ARR 2.5\mods\Authoria - Modded Outfit Distribution\Authoria - Haberdashery.esp,SIGNAL:000812:Authoria - Haberdashery.esp,SIGNAL,read,Armor,000812:Authoria - Haberdashery.esp,_Fuse00_PantsOnlyOutfitHelgaClothingNP,,,,Direct selected-signature raw-file enumeration.,ARMO:10,NO-ROWS,"Primary review: cosmetic armor, visual resource, ingredient replacer, outfit distribution, or miscellaneous support records do not encode a distinct player devotional act.",,REJECTED
592308e4436db621,NQ092,NQ,Outfit Distribution Customization,Authoria - Modded Outfit Distribution,Authoria - Haberdashery.esp,D:\Wabbajack\modlists\ARR 2.5\mods\Authoria - Modded Outfit Distribution\Authoria - Haberdashery.esp,SIGNAL:000813:Authoria - Haberdashery.esp,SIGNAL,read,Armor,000813:Authoria - Haberdashery.esp,_Fuse00_ArmorOutfitHelgaClothingNP,,,,Direct selected-signature raw-file enumeration.,ARMO:10,NO-ROWS,"Primary review: cosmetic armor, visual resource, ingredient replacer, outfit distribution, or miscellaneous support records do not encode a distinct player devotional act.",,REJECTED
75b56f0ce9afbff0,NQ092,NQ,Patch Collections,Blue Palace Terrace Patch Collection - rerun,BluePalaceTerrace - Seasonal Landscapes patch.esp,D:\Wabbajack\modlists\ARR 2.5\mods\Blue Palace Terrace Patch Collection - rerun\BluePalaceTerrace - Seasonal Landscapes patch.esp,PLUGIN,PLUGIN-SUMMARY,read,,,,,,,Direct signal candidate enumeration: 26,FLOR:8|TREE:18,NO-ROWS,"Primary review: lighting, compatibility, update, or balance patch records are not authoritative devotional sources; defining content records are reviewed separately.",,REJECTED
75b56f0ce9afbff0,NQ092,NQ,Patch Collections,Blue Palace Terrace Patch Collection - rerun,BluePalaceTerrace - Seasonal Landscapes patch.esp,D:\Wabbajack\modlists\ARR 2.5\mods\Blue Palace Terrace Patch Collection - rerun\BluePalaceTerrace - Seasonal Landscapes patch.esp,SIGNAL:00082C:BluePalaceTerrace - Seasonal Landscapes patch.esp,SIGNAL,read,Flora,00082C:BluePalaceTerrace - Seasonal Landscapes patch.esp,FloraMushroom01SmallSGrass01_WSAUT,,,,Direct selected-signature raw-file enumeration.,FLOR:8|TREE:18,NO-ROWS,"Primary review: lighting, compatibility, update, or balance patch records are not authoritative devotional sources; defining content records are reviewed separately.",,REJECTED
75b56f0ce9afbff0,NQ092,NQ,Patch Collections,Blue Palace Terrace Patch Collection - rerun,BluePalaceTerrace - Seasonal Landscapes patch.esp,D:\Wabbajack\modlists\ARR 2.5\mods\Blue Palace Terrace Patch Collection - rerun\BluePalaceTerrace - Seasonal Landscapes patch.esp,SIGNAL:00082D:BluePalaceTerrace - Seasonal Landscapes patch.esp,SIGNAL,read,Flora,00082D:BluePalaceTerrace - Seasonal Landscapes patch.esp,FloraMushroom02SGrass01_WSAUT,,,,Direct selected-signature raw-file enumeration.,FLOR:8|TREE:18,NO-ROWS,"Primary review: lighting, compatibility, update, or balance patch records are not authoritative devotional sources; defining content records are reviewed separately.",,REJECTED
75b56f0ce9afbff0,NQ092,NQ,Patch Collections,Blue Palace Terrace Patch Collection - rerun,BluePalaceTerrace - Seasonal Landscapes patch.esp,D:\Wabbajack\modlists\ARR 2.5\mods\Blue Palace Terrace Patch Collection - rerun\BluePalaceTerrace - Seasonal Landscapes patch.esp,SIGNAL:00082E:BluePalaceTerrace - Seasonal Landscapes patch.esp,SIGNAL,read,Flora,00082E:BluePalaceTerrace - Seasonal Landscapes patch.esp,FloraMushroom02SmallSGrass01_WSAUT,,,,Direct selected-signature raw-file enumeration.,FLOR:8|TREE:18,NO-ROWS,"Primary review: lighting, compatibility, update, or balance patch records are not authoritative devotional sources; defining content records are reviewed separately.",,REJECTED
75b56f0ce9afbff0,NQ092,NQ,Patch Collections,Blue Palace Terrace Patch Collection - rerun,BluePalaceTerrace - Seasonal Landscapes patch.esp,D:\Wabbajack\modlists\ARR 2.5\mods\Blue Palace Terrace Patch Collection - rerun\BluePalaceTerrace - Seasonal Landscapes patch.esp,SIGNAL:00082F:BluePalaceTerrace - Seasonal Landscapes patch.esp,SIGNAL,read,Flora,00082F:BluePalaceTerrace - Seasonal Landscapes patch.esp,FloraMushroom04SmallSGrass01_WSAUT,,,,Direct selected-signature raw-file enumeration.,FLOR:8|TREE:18,NO-ROWS,"Primary review: lighting, compatibility, update, or balance patch records are not authoritative devotional sources; defining content records are reviewed separately.",,REJECTED
75b56f0ce9afbff0,NQ092,NQ,Patch Collections,Blue Palace Terrace Patch Collection - rerun,BluePalaceTerrace - Seasonal Landscapes patch.esp,D:\Wabbajack\modlists\ARR 2.5\mods\Blue Palace Terrace Patch Collection - rerun\BluePalaceTerrace - Seasonal Landscapes patch.esp,SIGNAL:000830:BluePalaceTerrace - Seasonal Landscapes patch.esp,SIGNAL,read,Flora,000830:BluePalaceTerrace - Seasonal Landscapes patch.esp,FloraMushroom05SGrass01_WSAUT,,,,Direct selected-signature raw-file enumeration.,FLOR:8|TREE:18,NO-ROWS,"Primary review: lighting, compatibility, update, or balance patch records are not authoritative devotional sources; defining content records are reviewed separately.",,REJECTED
75b56f0ce9afbff0,NQ092,NQ,Patch Collections,Blue Palace Terrace Patch Collection - rerun,BluePalaceTerrace - Seasonal Landscapes patch.esp,D:\Wabbajack\modlists\ARR 2.5\mods\Blue Palace Terrace Patch Collection - rerun\BluePalaceTerrace - Seasonal Landscapes patch.esp,SIGNAL:000831:BluePalaceTerrace - Seasonal Landscapes patch.esp,SIGNAL,read,Flora,000831:BluePalaceTerrace - Seasonal Landscapes patch.esp,FloraMushroom06SGrass01_WSAUT,,,,Direct selected-signature raw-file enumeration.,FLOR:8|TREE:18,NO-ROWS,"Primary review: lighting, compatibility, update, or balance patch records are not authoritative devotional sources; defining content records are reviewed separately.",,REJECTED
75b56f0ce9afbff0,NQ092,NQ,Patch Collections,Blue Palace Terrace Patch Collection - rerun,BluePalaceTerrace - Seasonal Landscapes patch.esp,D:\Wabbajack\modlists\ARR 2.5\mods\Blue Palace Terrace Patch Collection - rerun\BluePalaceTerrace - Seasonal Landscapes patch.esp,SIGNAL:000832:BluePalaceTerrace - Seasonal Landscapes patch.esp,SIGNAL,read,Flora,000832:BluePalaceTerrace - Seasonal Landscapes patch.esp,FloraMushroom06SmallSGrass01_WSAUT,,,,Direct selected-signature raw-file enumeration.,FLOR:8|TREE:18,NO-ROWS,"Primary review: lighting, compatibility, update, or balance patch records are not authoritative devotional sources; defining content records are reviewed separately.",,REJECTED
75b56f0ce9afbff0,NQ092,NQ,Patch Collections,Blue Palace Terrace Patch Collection - rerun,BluePalaceTerrace - Seasonal Landscapes patch.esp,D:\Wabbajack\modlists\ARR 2.5\mods\Blue Palace Terrace Patch Collection - rerun\BluePalaceTerrace - Seasonal Landscapes patch.esp,SIGNAL:000833:BluePalaceTerrace - Seasonal Landscapes patch.esp,SIGNAL,read,Flora,000833:BluePalaceTerrace - Seasonal Landscapes patch.esp,invisiflora,,,,Direct selected-signature raw-file enumeration.,FLOR:8|TREE:18,NO-ROWS,"Primary review: lighting, compatibility, update, or balance patch records are not authoritative devotional sources; defining content records are reviewed separately.",,REJECTED
75b56f0ce9afbff0,NQ092,NQ,Patch Collections,Blue Palace Terrace Patch Collection - rerun,BluePalaceTerrace - Seasonal Landscapes patch.esp,D:\Wabbajack\modlists\ARR 2.5\mods\Blue Palace Terrace Patch Collection - rerun\BluePalaceTerrace - Seasonal Landscapes patch.esp,SIGNAL:00080B:BluePalaceTerrace - Seasonal Landscapes patch.esp,SIGNAL,read,Tree,00080B:BluePalaceTerrace - Seasonal Landscapes patch.esp,MRP_RoseRedAUT,,,,Direct selected-signature raw-file enumeration.,FLOR:8|TREE:18,NO-ROWS,"Primary review: lighting, compatibility, update, or balance patch records are not authoritative devotional sources; defining content records are reviewed separately.",,REJECTED
75b56f0ce9afbff0,NQ092,NQ,Patch Collections,Blue Palace Terrace Patch Collection - rerun,BluePalaceTerrace - Seasonal Landscapes patch.esp,D:\Wabbajack\modlists\ARR 2.5\mods\Blue Palace Terrace Patch Collection - rerun\BluePalaceTerrace - Seasonal Landscapes patch.esp,SIGNAL:00080C:BluePalaceTerrace - Seasonal Landscapes patch.esp,SIGNAL,read,Tree,00080C:BluePalaceTerrace - Seasonal Landscapes patch.esp,MRP_Spruce11WIN,,,,Direct selected-signature raw-file enumeration.,FLOR:8|TREE:18,NO-ROWS,"Primary review: lighting, compatibility, update, or balance patch records are not authoritative devotional sources; defining content records are reviewed separately.",,REJECTED
75b56f0ce9afbff0,NQ092,NQ,Patch Collections,Blue Palace Terrace Patch Collection - rerun,BluePalaceTerrace - Seasonal Landscapes patch.esp,D:\Wabbajack\modlists\ARR 2.5\mods\Blue Palace Terrace Patch Collection - rerun\BluePalaceTerrace - Seasonal Landscapes patch.esp,SIGNAL:00080D:BluePalaceTerrace - Seasonal Landscapes patch.esp,SIGNAL,read,Tree,00080D:BluePalaceTerrace - Seasonal Landscapes patch.esp,MRP_treeoak03WIN,,,,Direct selected-signature raw-file enumeration.,FLOR:8|TREE:18,NO-ROWS,"Primary review: lighting, compatibility, update, or balance patch records are not authoritative devotional sources; defining content records are reviewed separately.",,REJECTED
75b56f0ce9afbff0,NQ092,NQ,Patch Collections,Blue Palace Terrace Patch Collection - rerun,BluePalaceTerrace - Seasonal Landscapes patch.esp,D:\Wabbajack\modlists\ARR 2.5\mods\Blue Palace Terrace Patch Collection - rerun\BluePalaceTerrace - Seasonal Landscapes patch.esp,SIGNAL:00080E:BluePalaceTerrace - Seasonal Landscapes patch.esp,SIGNAL,read,Tree,00080E:BluePalaceTerrace - Seasonal Landscapes patch.esp,MRP_treeoak08WIN,,,,Direct selected-signature raw-file enumeration.,FLOR:8|TREE:18,NO-ROWS,"Primary review: lighting, compatibility, update, or balance patch records are not authoritative devotional sources; defining content records are reviewed separately.",,REJECTED
75b56f0ce9afbff0,NQ092,NQ,Patch Collections,Blue Palace Terrace Patch Collection - rerun,BluePalaceTerrace - Seasonal Landscapes patch.esp,D:\Wabbajack\modlists\ARR 2.5\mods\Blue Palace Terrace Patch Collection - rerun\BluePalaceTerrace - Seasonal Landscapes patch.esp,SIGNAL:00080F:BluePalaceTerrace - Seasonal Landscapes patch.esp,SIGNAL,read,Tree,00080F:BluePalaceTerrace - Seasonal Landscapes patch.esp,MRP_dwarfjuniperWIN,,,,Direct selected-signature raw-file enumeration.,FLOR:8|TREE:18,NO-ROWS,"Primary review: lighting, compatibility, update, or balance patch records are not authoritative devotional sources; defining content records are reviewed separately.",,REJECTED
75b56f0ce9afbff0,NQ092,NQ,Patch Collections,Blue Palace Terrace Patch Collection - rerun,BluePalaceTerrace - Seasonal Landscapes patch.esp,D:\Wabbajack\modlists\ARR 2.5\mods\Blue Palace Terrace Patch Collection - rerun\BluePalaceTerrace - Seasonal Landscapes patch.esp,SIGNAL:000810:BluePalaceTerrace - Seasonal Landscapes patch.esp,SIGNAL,read,Tree,000810:BluePalaceTerrace - Seasonal Landscapes patch.esp,MRP_dwarfjunip04WIN,,,,Direct selected-signature raw-file enumeration.,FLOR:8|TREE:18,NO-ROWS,"Primary review: lighting, compatibility, update, or balance patch records are not authoritative devotional sources; defining content records are reviewed separately.",,REJECTED
75b56f0ce9afbff0,NQ092,NQ,Patch Collections,Blue Palace Terrace Patch Collection - rerun,BluePalaceTerrace - Seasonal Landscapes patch.esp,D:\Wabbajack\modlists\ARR 2.5\mods\Blue Palace Terrace Patch Collection - rerun\BluePalaceTerrace - Seasonal Landscapes patch.esp,SIGNAL:000811:BluePalaceTerrace - Seasonal Landscapes patch.esp,SIGNAL,read,Tree,000811:BluePalaceTerrace - Seasonal Landscapes patch.esp,MRP_dwarfjunip06WIN,,,,Direct selected-signature raw-file enumeration.,FLOR:8|TREE:18,NO-ROWS,"Primary review: lighting, compatibility, update, or balance patch records are not authoritative devotional sources; defining content records are reviewed separately.",,REJECTED
75b56f0ce9afbff0,NQ092,NQ,Patch Collections,Blue Palace Terrace Patch Collection - rerun,BluePalaceTerrace - Seasonal Landscapes patch.esp,D:\Wabbajack\modlists\ARR 2.5\mods\Blue Palace Terrace Patch Collection - rerun\BluePalaceTerrace - Seasonal Landscapes patch.esp,SIGNAL:000812:BluePalaceTerrace - Seasonal Landscapes patch.esp,SIGNAL,read,Tree,000812:BluePalaceTerrace - Seasonal Landscapes patch.esp,MRP_Bush03AWIN,,,,Direct selected-signature raw-file enumeration.,FLOR:8|TREE:18,NO-ROWS,"Primary review: lighting, compatibility, update, or balance patch records are not authoritative devotional sources; defining content records are reviewed separately.",,REJECTED
75b56f0ce9afbff0,NQ092,NQ,Patch Collections,Blue Palace Terrace Patch Collection - rerun,BluePalaceTerrace - Seasonal Landscapes patch.esp,D:\Wabbajack\modlists\ARR 2.5\mods\Blue Palace Terrace Patch Collection - rerun\BluePalaceTerrace - Seasonal Landscapes patch.esp,SIGNAL:000813:BluePalaceTerrace - Seasonal Landscapes patch.esp,SIGNAL,read,Tree,000813:BluePalaceTerrace - Seasonal Landscapes patch.esp,MRP_TamVinca01AUT,,,,Direct selected-signature raw-file enumeration.,FLOR:8|TREE:18,NO-ROWS,"Primary review: lighting, compatibility, update, or balance patch records are not authoritative devotional sources; defining content records are reviewed separately.",,REJECTED
75b56f0ce9afbff0,NQ092,NQ,Patch Collections,Blue Palace Terrace Patch Collection - rerun,BluePalaceTerrace - Seasonal Landscapes patch.esp,D:\Wabbajack\modlists\ARR 2.5\mods\Blue Palace Terrace Patch Collection - rerun\BluePalaceTerrace - Seasonal Landscapes patch.esp,SIGNAL:000814:BluePalaceTerrace - Seasonal Landscapes patch.esp,SIGNAL,read,Tree,000814:BluePalaceTerrace - Seasonal Landscapes patch.esp,invisiplant,,,,Direct selected-signature raw-file enumeration.,FLOR:8|TREE:18,NO-ROWS,"Primary review: lighting, compatibility, update, or balance patch records are not authoritative devotional sources; defining content records are reviewed separately.",,REJECTED
75b56f0ce9afbff0,NQ092,NQ,Patch Collections,Blue Palace Terrace Patch Collection - rerun,BluePalaceTerrace - Seasonal Landscapes patch.esp,D:\Wabbajack\modlists\ARR 2.5\mods\Blue Palace Terrace Patch Collection - rerun\BluePalaceTerrace - Seasonal Landscapes patch.esp,SIGNAL:000817:BluePalaceTerrace - Seasonal Landscapes patch.esp,SIGNAL,read,Tree,000817:BluePalaceTerrace - Seasonal Landscapes patch.esp,MRP_RoseRedSPR,,,,Direct selected-signature raw-file enumeration.,FLOR:8|TREE:18,NO-ROWS,"Primary review: lighting, compatibility, update, or balance patch records are not authoritative devotional sources; defining content records are reviewed separately.",,REJECTED
75b56f0ce9afbff0,NQ092,NQ,Patch Collections,Blue Palace Terrace Patch Collection - rerun,BluePalaceTerrace - Seasonal Landscapes patch.esp,D:\Wabbajack\modlists\ARR 2.5\mods\Blue Palace Terrace Patch Collection - rerun\BluePalaceTerrace - Seasonal Landscapes patch.esp,SIGNAL:000818:BluePalaceTerrace - Seasonal Landscapes patch.esp,SIGNAL,read,Tree,000818:BluePalaceTerrace - Seasonal Landscapes patch.esp,MRP_RoseRedWIN,,,,Direct selected-signature raw-file enumeration.,FLOR:8|TREE:18,NO-ROWS,"Primary review: lighting, compatibility, update, or balance patch records are not authoritative devotional sources; defining content records are reviewed separately.",,REJECTED
75b56f0ce9afbff0,NQ092,NQ,Patch Collections,Blue Palace Terrace Patch Collection - rerun,BluePalaceTerrace - Seasonal Landscapes patch.esp,D:\Wabbajack\modlists\ARR 2.5\mods\Blue Palace Terrace Patch Collection - rerun\BluePalaceTerrace - Seasonal Landscapes patch.esp,SIGNAL:000819:BluePalaceTerrace - Seasonal Landscapes patch.esp,SIGNAL,read,Tree,000819:BluePalaceTerrace - Seasonal Landscapes patch.esp,MRP_treeoak03SPR,,,,Direct selected-signature raw-file enumeration.,FLOR:8|TREE:18,NO-ROWS,"Primary review: lighting, compatibility, update, or balance patch records are not authoritative devotional sources; defining content records are reviewed separately.",,REJECTED
75b56f0ce9afbff0,NQ092,NQ,Patch Collections,Blue Palace Terrace Patch Collection - rerun,BluePalaceTerrace - Seasonal Landscapes patch.esp,D:\Wabbajack\modlists\ARR 2.5\mods\Blue Palace Terrace Patch Collection - rerun\BluePalaceTerrace - Seasonal Landscapes patch.esp,SIGNAL:00081A:BluePalaceTerrace - Seasonal Landscapes patch.esp,SIGNAL,read,Tree,00081A:BluePalaceTerrace - Seasonal Landscapes patch.esp,MRP_treeoak08SPR,,,,Direct selected-signature raw-file enumeration.,FLOR:8|TREE:18,NO-ROWS,"Primary review: lighting, compatibility, update, or balance patch records are not authoritative devotional sources; defining content records are reviewed separately.",,REJECTED
75b56f0ce9afbff0,NQ092,NQ,Patch Collections,Blue Palace Terrace Patch Collection - rerun,BluePalaceTerrace - Seasonal Landscapes patch.esp,D:\Wabbajack\modlists\ARR 2.5\mods\Blue Palace Terrace Patch Collection - rerun\BluePalaceTerrace - Seasonal Landscapes patch.esp,SIGNAL:00081B:BluePalaceTerrace - Seasonal Landscapes patch.esp,SIGNAL,read,Tree,00081B:BluePalaceTerrace - Seasonal Landscapes patch.esp,MRP_treeoak03AUT,,,,Direct selected-signature raw-file enumeration.,FLOR:8|TREE:18,NO-ROWS,"Primary review: lighting, compatibility, update, or balance patch records are not authoritative devotional sources; defining content records are reviewed separately.",,REJECTED
75b56f0ce9afbff0,NQ092,NQ,Patch Collections,Blue Palace Terrace Patch Collection - rerun,BluePalaceTerrace - Seasonal Landscapes patch.esp,D:\Wabbajack\modlists\ARR 2.5\mods\Blue Palace Terrace Patch Collection - rerun\BluePalaceTerrace - Seasonal Landscapes patch.esp,SIGNAL:00081C:BluePalaceTerrace - Seasonal Landscapes patch.esp,SIGNAL,read,Tree,00081C:BluePalaceTerrace - Seasonal Landscapes patch.esp,MRP_treeoak08AUT,,,,Direct selected-signature raw-file enumeration.,FLOR:8|TREE:18,NO-ROWS,"Primary review: lighting, compatibility, update, or balance patch records are not authoritative devotional sources; defining content records are reviewed separately.",,REJECTED
75b56f0ce9afbff0,NQ092,NQ,Patch Collections,Blue Palace Terrace Patch Collection - rerun,BluePalaceTerrace - Seasonal Landscapes patch.esp,D:\Wabbajack\modlists\ARR 2.5\mods\Blue Palace Terrace Patch Collection - rerun\BluePalaceTerrace - Seasonal Landscapes patch.esp,SIGNAL:00081D:BluePalaceTerrace - Seasonal Landscapes patch.esp,SIGNAL,read,Tree,00081D:BluePalaceTerrace - Seasonal Landscapes patch.esp,MRP_dwarfjuniperSUM,,,,Direct selected-signature raw-file enumeration.,FLOR:8|TREE:18,NO-ROWS,"Primary review: lighting, compatibility, update, or balance patch records are not authoritative devotional sources; defining content records are reviewed separately.",,REJECTED
75b56f0ce9afbff0,NQ092,NQ,Patch Collections,Blue Palace Terrace Patch Collection - rerun,BluePalaceTerrace - Seasonal Landscapes patch.esp,D:\Wabbajack\modlists\ARR 2.5\mods\Blue Palace Terrace Patch Collection - rerun\BluePalaceTerrace - Seasonal Landscapes patch.esp,SIGNAL:00081E:BluePalaceTerrace - Seasonal Landscapes patch.esp,SIGNAL,read,Tree,00081E:BluePalaceTerrace - Seasonal Landscapes patch.esp,MRP_Bush03AAUT,,,,Direct selected-signature raw-file enumeration.,FLOR:8|TREE:18,NO-ROWS,"Primary review: lighting, compatibility, update, or balance patch records are not authoritative devotional sources; defining content records are reviewed separately.",,REJECTED
8ce8ae69e4917b08,NQ092,NQ,Patch Collections,ChickenMike's Random Assortment of Patches (C.R.A.P.) - rerun,Triumvirate - USMP Patch.esp,D:\Wabbajack\modlists\ARR 2.5\mods\ChickenMike's Random Assortment of Patches (C.R.A.P.) - rerun\Triumvirate - USMP Patch.esp,PLUGIN,PLUGIN-SUMMARY,read,,,,,,,Direct signal candidate enumeration: 1,FACT:1,NO-ROWS,"Primary review: lighting, compatibility, update, or balance patch records are not authoritative devotional sources; defining content records are reviewed separately.",,REJECTED
8ce8ae69e4917b08,NQ092,NQ,Patch Collections,ChickenMike's Random Assortment of Patches (C.R.A.P.) - rerun,Triumvirate - USMP Patch.esp,D:\Wabbajack\modlists\ARR 2.5\mods\ChickenMike's Random Assortment of Patches (C.R.A.P.) - rerun\Triumvirate - USMP Patch.esp,SIGNAL:01DC62:Dragonborn.esm,SIGNAL,read,Faction,01DC62:Dragonborn.esm,DLC2dunFrostmoonWerewolvesVendorFaction,,,,Direct selected-signature raw-file enumeration.,FACT:1,NO-ROWS,"Primary review: lighting, compatibility, update, or balance patch records are not authoritative devotional sources; defining content records are reviewed separately.",,REJECTED
dec96b3a380c6cbe,NQ092,NQ,Patch Collections,Grand Solitude Patch Collection - rerun,Grand Solitude - Lux Via patch.esp,D:\Wabbajack\modlists\ARR 2.5\mods\Grand Solitude Patch Collection - rerun\Grand Solitude - Lux Via patch.esp,PLUGIN,PLUGIN-SUMMARY,read,,,,,,,Direct signal candidate enumeration: 1,LCTN:1,NO-ROWS,"Primary review: lighting, compatibility, update, or balance patch records are not authoritative devotional sources; defining content records are reviewed separately.",,REJECTED
dec96b3a380c6cbe,NQ092,NQ,Patch Collections,Grand Solitude Patch Collection - rerun,Grand Solitude - Lux Via patch.esp,D:\Wabbajack\modlists\ARR 2.5\mods\Grand Solitude Patch Collection - rerun\Grand Solitude - Lux Via patch.esp,SIGNAL:018A5A:Skyrim.esm,SIGNAL,read,Location,018A5A:Skyrim.esm,SolitudeLocation,,,,Direct selected-signature raw-file enumeration.,LCTN:1,NO-ROWS,"Primary review: lighting, compatibility, update, or balance patch records are not authoritative devotional sources; defining content records are reviewed separately.",,REJECTED
25ddc07affffe8fc,NQ092,NQ,Patch Collections,Grand Solitude Patch Collection - rerun,Grand Solitude - Seasonal Landscapes patch.esp,D:\Wabbajack\modlists\ARR 2.5\mods\Grand Solitude Patch Collection - rerun\Grand Solitude - Seasonal Landscapes patch.esp,PLUGIN,PLUGIN-SUMMARY,read,,,,,,,Direct signal candidate enumeration: 9,FLOR:4|TREE:5,NO-ROWS,"Primary review: lighting, compatibility, update, or balance patch records are not authoritative devotional sources; defining content records are reviewed separately.",,REJECTED
25ddc07affffe8fc,NQ092,NQ,Patch Collections,Grand Solitude Patch Collection - rerun,Grand Solitude - Seasonal Landscapes patch.esp,D:\Wabbajack\modlists\ARR 2.5\mods\Grand Solitude Patch Collection - rerun\Grand Solitude - Seasonal Landscapes patch.esp,SIGNAL:000800:Grand Solitude - Seasonal Landscapes patch.esp,SIGNAL,read,Flora,000800:Grand Solitude - Seasonal Landscapes patch.esp,FloraMushroom01SmallSGrass01_WSAUT,,,,Direct selected-signature raw-file enumeration.,FLOR:4|TREE:5,NO-ROWS,"Primary review: lighting, compatibility, update, or balance patch records are not authoritative devotional sources; defining content records are reviewed separately.",,REJECTED
25ddc07affffe8fc,NQ092,NQ,Patch Collections,Grand Solitude Patch Collection - rerun,Grand Solitude - Seasonal Landscapes patch.esp,D:\Wabbajack\modlists\ARR 2.5\mods\Grand Solitude Patch Collection - rerun\Grand Solitude - Seasonal Landscapes patch.esp,SIGNAL:000801:Grand Solitude - Seasonal Landscapes patch.esp,SIGNAL,read,Flora,000801:Grand Solitude - Seasonal Landscapes patch.esp,FloraMushroom02SGrass01_WSAUT,,,,Direct selected-signature raw-file enumeration.,FLOR:4|TREE:5,NO-ROWS,"Primary review: lighting, compatibility, update, or balance patch records are not authoritative devotional sources; defining content records are reviewed separately.",,REJECTED
25ddc07affffe8fc,NQ092,NQ,Patch Collections,Grand Solitude Patch Collection - rerun,Grand Solitude - Seasonal Landscapes patch.esp,D:\Wabbajack\modlists\ARR 2.5\mods\Grand Solitude Patch Collection - rerun\Grand Solitude - Seasonal Landscapes patch.esp,SIGNAL:000802:Grand Solitude - Seasonal Landscapes patch.esp,SIGNAL,read,Flora,000802:Grand Solitude - Seasonal Landscapes patch.esp,FloraMushroom05SGrass01_WSAUT,,,,Direct selected-signature raw-file enumeration.,FLOR:4|TREE:5,NO-ROWS,"Primary review: lighting, compatibility, update, or balance patch records are not authoritative devotional sources; defining content records are reviewed separately.",,REJECTED
25ddc07affffe8fc,NQ092,NQ,Patch Collections,Grand Solitude Patch Collection - rerun,Grand Solitude - Seasonal Landscapes patch.esp,D:\Wabbajack\modlists\ARR 2.5\mods\Grand Solitude Patch Collection - rerun\Grand Solitude - Seasonal Landscapes patch.esp,SIGNAL:000803:Grand Solitude - Seasonal Landscapes patch.esp,SIGNAL,read,Flora,000803:Grand Solitude - Seasonal Landscapes patch.esp,invisiflora,,,,Direct selected-signature raw-file enumeration.,FLOR:4|TREE:5,NO-ROWS,"Primary review: lighting, compatibility, update, or balance patch records are not authoritative devotional sources; defining content records are reviewed separately.",,REJECTED
25ddc07affffe8fc,NQ092,NQ,Patch Collections,Grand Solitude Patch Collection - rerun,Grand Solitude - Seasonal Landscapes patch.esp,D:\Wabbajack\modlists\ARR 2.5\mods\Grand Solitude Patch Collection - rerun\Grand Solitude - Seasonal Landscapes patch.esp,SIGNAL:000805:Grand Solitude - Seasonal Landscapes patch.esp,SIGNAL,read,Tree,000805:Grand Solitude - Seasonal Landscapes patch.esp,MRP_Spruce11WIN,,,,Direct selected-signature raw-file enumeration.,FLOR:4|TREE:5,NO-ROWS,"Primary review: lighting, compatibility, update, or balance patch records are not authoritative devotional sources; defining content records are reviewed separately.",,REJECTED
25ddc07affffe8fc,NQ092,NQ,Patch Collections,Grand Solitude Patch Collection - rerun,Grand Solitude - Seasonal Landscapes patch.esp,D:\Wabbajack\modlists\ARR 2.5\mods\Grand Solitude Patch Collection - rerun\Grand Solitude - Seasonal Landscapes patch.esp,SIGNAL:000806:Grand Solitude - Seasonal Landscapes patch.esp,SIGNAL,read,Tree,000806:Grand Solitude - Seasonal Landscapes patch.esp,MRP_dwarfjunip04WIN,,,,Direct selected-signature raw-file enumeration.,FLOR:4|TREE:5,NO-ROWS,"Primary review: lighting, compatibility, update, or balance patch records are not authoritative devotional sources; defining content records are reviewed separately.",,REJECTED
25ddc07affffe8fc,NQ092,NQ,Patch Collections,Grand Solitude Patch Collection - rerun,Grand Solitude - Seasonal Landscapes patch.esp,D:\Wabbajack\modlists\ARR 2.5\mods\Grand Solitude Patch Collection - rerun\Grand Solitude - Seasonal Landscapes patch.esp,SIGNAL:000807:Grand Solitude - Seasonal Landscapes patch.esp,SIGNAL,read,Tree,000807:Grand Solitude - Seasonal Landscapes patch.esp,MRP_dwarfjunip06WIN,,,,Direct selected-signature raw-file enumeration.,FLOR:4|TREE:5,NO-ROWS,"Primary review: lighting, compatibility, update, or balance patch records are not authoritative devotional sources; defining content records are reviewed separately.",,REJECTED
25ddc07affffe8fc,NQ092,NQ,Patch Collections,Grand Solitude Patch Collection - rerun,Grand Solitude - Seasonal Landscapes patch.esp,D:\Wabbajack\modlists\ARR 2.5\mods\Grand Solitude Patch Collection - rerun\Grand Solitude - Seasonal Landscapes patch.esp,SIGNAL:000808:Grand Solitude - Seasonal Landscapes patch.esp,SIGNAL,read,Tree,000808:Grand Solitude - Seasonal Landscapes patch.esp,MRP_TamVinca01AUT,,,,Direct selected-signature raw-file enumeration.,FLOR:4|TREE:5,NO-ROWS,"Primary review: lighting, compatibility, update, or balance patch records are not authoritative devotional sources; defining content records are reviewed separately.",,REJECTED
25ddc07affffe8fc,NQ092,NQ,Patch Collections,Grand Solitude Patch Collection - rerun,Grand Solitude - Seasonal Landscapes patch.esp,D:\Wabbajack\modlists\ARR 2.5\mods\Grand Solitude Patch Collection - rerun\Grand Solitude - Seasonal Landscapes patch.esp,SIGNAL:000809:Grand Solitude - Seasonal Landscapes patch.esp,SIGNAL,read,Tree,000809:Grand Solitude - Seasonal Landscapes patch.esp,invisiplant,,,,Direct selected-signature raw-file enumeration.,FLOR:4|TREE:5,NO-ROWS,"Primary review: lighting, compatibility, update, or balance patch records are not authoritative devotional sources; defining content records are reviewed separately.",,REJECTED
c5b014122ad41b98,NQ092,NQ,Patch Collections,Jonado's random patches - rerun,Seasonal Landscapes - Snazzy Interiors patch.esp,D:\Wabbajack\modlists\ARR 2.5\mods\Jonado's random patches - rerun\Seasonal Landscapes - Snazzy Interiors patch.esp,PLUGIN,PLUGIN-SUMMARY,read,,,,,,,Direct signal candidate enumeration: 3,TREE:3,NO-ROWS,"Primary review: lighting, compatibility, update, or balance patch records are not authoritative devotional sources; defining content records are reviewed separately.",,REJECTED
c5b014122ad41b98,NQ092,NQ,Patch Collections,Jonado's random patches - rerun,Seasonal Landscapes - Snazzy Interiors patch.esp,D:\Wabbajack\modlists\ARR 2.5\mods\Jonado's random patches - rerun\Seasonal Landscapes - Snazzy Interiors patch.esp,SIGNAL:000803:Seasonal Landscapes - Snazzy Interiors patch.esp,SIGNAL,read,Tree,000803:Seasonal Landscapes - Snazzy Interiors patch.esp,GM_RoseRedAUT,,,,Direct selected-signature raw-file enumeration.,TREE:3,NO-ROWS,"Primary review: lighting, compatibility, update, or balance patch records are not authoritative devotional sources; defining content records are reviewed separately.",,REJECTED
c5b014122ad41b98,NQ092,NQ,Patch Collections,Jonado's random patches - rerun,Seasonal Landscapes - Snazzy Interiors patch.esp,D:\Wabbajack\modlists\ARR 2.5\mods\Jonado's random patches - rerun\Seasonal Landscapes - Snazzy Interiors patch.esp,SIGNAL:000804:Seasonal Landscapes - Snazzy Interiors patch.esp,SIGNAL,read,Tree,000804:Seasonal Landscapes - Snazzy Interiors patch.esp,GM_RoseRedSPR,,,,Direct selected-signature raw-file enumeration.,TREE:3,NO-ROWS,"Primary review: lighting, compatibility, update, or balance patch records are not authoritative devotional sources; defining content records are reviewed separately.",,REJECTED
c5b014122ad41b98,NQ092,NQ,Patch Collections,Jonado's random patches - rerun,Seasonal Landscapes - Snazzy Interiors patch.esp,D:\Wabbajack\modlists\ARR 2.5\mods\Jonado's random patches - rerun\Seasonal Landscapes - Snazzy Interiors patch.esp,SIGNAL:000805:Seasonal Landscapes - Snazzy Interiors patch.esp,SIGNAL,read,Tree,000805:Seasonal Landscapes - Snazzy Interiors patch.esp,GM_RoseRedWIN,,,,Direct selected-signature raw-file enumeration.,TREE:3,NO-ROWS,"Primary review: lighting, compatibility, update, or balance patch records are not authoritative devotional sources; defining content records are reviewed separately.",,REJECTED
a991e46e480dbfb8,NQ092,NQ,Patch Collections,Requiem Patch Central - rerun,Requiem - Frostfall.esp,D:\Wabbajack\modlists\ARR 2.5\mods\Requiem Patch Central - rerun\Requiem - Frostfall.esp,PLUGIN,PLUGIN-SUMMARY,read,,,,,,,Direct signal candidate enumeration: 49,ACTI:2|ARMO:2|BOOK:13|FLST:12|SCRL:10|SPEL:10,NO-ROWS,"Primary review: lighting, compatibility, update, or balance patch records are not authoritative devotional sources; defining content records are reviewed separately.",,REJECTED
a991e46e480dbfb8,NQ092,NQ,Patch Collections,Requiem Patch Central - rerun,Requiem - Frostfall.esp,D:\Wabbajack\modlists\ARR 2.5\mods\Requiem Patch Central - rerun\Requiem - Frostfall.esp,SIGNAL:0702DC:Frostfall.esp,SIGNAL,read,Activator,0702DC:Frostfall.esp,_Frost_ConjuredShelter_Lesser,,,,Direct selected-signature raw-file enumeration.,ACTI:2|ARMO:2|BOOK:13|FLST:12|SCRL:10|SPEL:10,NO-ROWS,"Primary review: lighting, compatibility, update, or balance patch records are not authoritative devotional sources; defining content records are reviewed separately.",,REJECTED
a991e46e480dbfb8,NQ092,NQ,Patch Collections,Requiem Patch Central - rerun,Requiem - Frostfall.esp,D:\Wabbajack\modlists\ARR 2.5\mods\Requiem Patch Central - rerun\Requiem - Frostfall.esp,SIGNAL:0748DC:Frostfall.esp,SIGNAL,read,Activator,0748DC:Frostfall.esp,_Frost_ConjuredShelter_Greater,,,,Direct selected-signature raw-file enumeration.,ACTI:2|ARMO:2|BOOK:13|FLST:12|SCRL:10|SPEL:10,NO-ROWS,"Primary review: lighting, compatibility, update, or balance patch records are not authoritative devotional sources; defining content records are reviewed separately.",,REJECTED
a991e46e480dbfb8,NQ092,NQ,Patch Collections,Requiem Patch Central - rerun,Requiem - Frostfall.esp,D:\Wabbajack\modlists\ARR 2.5\mods\Requiem Patch Central - rerun\Requiem - Frostfall.esp,SIGNAL:05711D:Frostfall.esp,SIGNAL,read,Armor,05711D:Frostfall.esp,_Frost_Cloak_BoundLesser,,,,Direct selected-signature raw-file enumeration.,ACTI:2|ARMO:2|BOOK:13|FLST:12|SCRL:10|SPEL:10,NO-ROWS,"Primary review: lighting, compatibility, update, or balance patch records are not authoritative devotional sources; defining content records are reviewed separately.",,REJECTED
a991e46e480dbfb8,NQ092,NQ,Patch Collections,Requiem Patch Central - rerun,Requiem - Frostfall.esp,D:\Wabbajack\modlists\ARR 2.5\mods\Requiem Patch Central - rerun\Requiem - Frostfall.esp,SIGNAL:057BE8:Frostfall.esp,SIGNAL,read,Armor,057BE8:Frostfall.esp,_Frost_Cloak_BoundGreater,,,,Direct selected-signature raw-file enumeration.,ACTI:2|ARMO:2|BOOK:13|FLST:12|SCRL:10|SPEL:10,NO-ROWS,"Primary review: lighting, compatibility, update, or balance patch records are not authoritative devotional sources; defining content records are reviewed separately.",,REJECTED
a991e46e480dbfb8,NQ092,NQ,Patch Collections,Requiem Patch Central - rerun,Requiem - Frostfall.esp,D:\Wabbajack\modlists\ARR 2.5\mods\Requiem Patch Central - rerun\Requiem - Frostfall.esp,SIGNAL:056641:Frostfall.esp,SIGNAL,read,Book,056641:Frostfall.esp,_Frost_SpellTomeTransmuteWood,,,,Direct selected-signature raw-file enumeration.,ACTI:2|ARMO:2|BOOK:13|FLST:12|SCRL:10|SPEL:10,NO-ROWS,"Primary review: lighting, compatibility, update, or balance patch records are not authoritative devotional sources; defining content records are reviewed separately.",,REJECTED
a991e46e480dbfb8,NQ092,NQ,Patch Collections,Requiem Patch Central - rerun,Requiem - Frostfall.esp,D:\Wabbajack\modlists\ARR 2.5\mods\Requiem Patch Central - rerun\Requiem - Frostfall.esp,SIGNAL:056645:Frostfall.esp,SIGNAL,read,Book,056645:Frostfall.esp,_Frost_SpellTomeFoxskin,,,,Direct selected-signature raw-file enumeration.,ACTI:2|ARMO:2|BOOK:13|FLST:12|SCRL:10|SPEL:10,NO-ROWS,"Primary review: lighting, compatibility, update, or balance patch records are not authoritative devotional sources; defining content records are reviewed separately.",,REJECTED
a991e46e480dbfb8,NQ092,NQ,Patch Collections,Requiem Patch Central - rerun,Requiem - Frostfall.esp,D:\Wabbajack\modlists\ARR 2.5\mods\Requiem Patch Central - rerun\Requiem - Frostfall.esp,SIGNAL:056646:Frostfall.esp,SIGNAL,read,Book,056646:Frostfall.esp,_Frost_SpellTomeWolfskin,,,,Direct selected-signature raw-file enumeration.,ACTI:2|ARMO:2|BOOK:13|FLST:12|SCRL:10|SPEL:10,NO-ROWS,"Primary review: lighting, compatibility, update, or balance patch records are not authoritative devotional sources; defining content records are reviewed separately.",,REJECTED
a991e46e480dbfb8,NQ092,NQ,Patch Collections,Requiem Patch Central - rerun,Requiem - Frostfall.esp,D:\Wabbajack\modlists\ARR 2.5\mods\Requiem Patch Central - rerun\Requiem - Frostfall.esp,SIGNAL:056647:Frostfall.esp,SIGNAL,read,Book,056647:Frostfall.esp,_Frost_SpellTomeBearskin,,,,Direct selected-signature raw-file enumeration.,ACTI:2|ARMO:2|BOOK:13|FLST:12|SCRL:10|SPEL:10,NO-ROWS,"Primary review: lighting, compatibility, update, or balance patch records are not authoritative devotional sources; defining content records are reviewed separately.",,REJECTED
a991e46e480dbfb8,NQ092,NQ,Patch Collections,Requiem Patch Central - rerun,Requiem - Frostfall.esp,D:\Wabbajack\modlists\ARR 2.5\mods\Requiem Patch Central - rerun\Requiem - Frostfall.esp,SIGNAL:058C2F:Frostfall.esp,SIGNAL,read,Book,058C2F:Frostfall.esp,_Frost_SpellTomeKindle,,,,Direct selected-signature raw-file enumeration.,ACTI:2|ARMO:2|BOOK:13|FLST:12|SCRL:10|SPEL:10,NO-ROWS,"Primary review: lighting, compatibility, update, or balance patch records are not authoritative devotional sources; defining content records are reviewed separately.",,REJECTED
a991e46e480dbfb8,NQ092,NQ,Patch Collections,Requiem Patch Central - rerun,Requiem - Frostfall.esp,D:\Wabbajack\modlists\ARR 2.5\mods\Requiem Patch Central - rerun\Requiem - Frostfall.esp,SIGNAL:058C30:Frostfall.esp,SIGNAL,read,Book,058C30:Frostfall.esp,_Frost_SpellTomeBoundCloakLesser,,,,Direct selected-signature raw-file enumeration.,ACTI:2|ARMO:2|BOOK:13|FLST:12|SCRL:10|SPEL:10,NO-ROWS,"Primary review: lighting, compatibility, update, or balance patch records are not authoritative devotional sources; defining content records are reviewed separately.",,REJECTED
a991e46e480dbfb8,NQ092,NQ,Patch Collections,Requiem Patch Central - rerun,Requiem - Frostfall.esp,D:\Wabbajack\modlists\ARR 2.5\mods\Requiem Patch Central - rerun\Requiem - Frostfall.esp,SIGNAL:058C31:Frostfall.esp,SIGNAL,read,Book,058C31:Frostfall.esp,_Frost_SpellTomeBoundCloakGreater,,,,Direct selected-signature raw-file enumeration.,ACTI:2|ARMO:2|BOOK:13|FLST:12|SCRL:10|SPEL:10,NO-ROWS,"Primary review: lighting, compatibility, update, or balance patch records are not authoritative devotional sources; defining content records are reviewed separately.",,REJECTED
a991e46e480dbfb8,NQ092,NQ,Patch Collections,Requiem Patch Central - rerun,Requiem - Frostfall.esp,D:\Wabbajack\modlists\ARR 2.5\mods\Requiem Patch Central - rerun\Requiem - Frostfall.esp,SIGNAL:059CBF:Frostfall.esp,SIGNAL,read,Book,059CBF:Frostfall.esp,_Frost_SpellTomeConjureShelterLesser,,,,Direct selected-signature raw-file enumeration.,ACTI:2|ARMO:2|BOOK:13|FLST:12|SCRL:10|SPEL:10,NO-ROWS,"Primary review: lighting, compatibility, update, or balance patch records are not authoritative devotional sources; defining content records are reviewed separately.",,REJECTED
a991e46e480dbfb8,NQ092,NQ,Patch Collections,Requiem Patch Central - rerun,Requiem - Frostfall.esp,D:\Wabbajack\modlists\ARR 2.5\mods\Requiem Patch Central - rerun\Requiem - Frostfall.esp,SIGNAL:05B849:Frostfall.esp,SIGNAL,read,Book,05B849:Frostfall.esp,_Frost_SpellTomeConjureShelterGreater,,,,Direct selected-signature raw-file enumeration.,ACTI:2|ARMO:2|BOOK:13|FLST:12|SCRL:10|SPEL:10,NO-ROWS,"Primary review: lighting, compatibility, update, or balance patch records are not authoritative devotional sources; defining content records are reviewed separately.",,REJECTED
a991e46e480dbfb8,NQ092,NQ,Patch Collections,Requiem Patch Central - rerun,Requiem - Frostfall.esp,D:\Wabbajack\modlists\ARR 2.5\mods\Requiem Patch Central - rerun\Requiem - Frostfall.esp,SIGNAL:05B854:Frostfall.esp,SIGNAL,read,Book,05B854:Frostfall.esp,_Frost_SpellTomeSoothe1,,,,Direct selected-signature raw-file enumeration.,ACTI:2|ARMO:2|BOOK:13|FLST:12|SCRL:10|SPEL:10,NO-ROWS,"Primary review: lighting, compatibility, update, or balance patch records are not authoritative devotional sources; defining content records are reviewed separately.",,REJECTED
a991e46e480dbfb8,NQ092,NQ,Patch Collections,Requiem Patch Central - rerun,Requiem - Frostfall.esp,D:\Wabbajack\modlists\ARR 2.5\mods\Requiem Patch Central - rerun\Requiem - Frostfall.esp,SIGNAL:05B855:Frostfall.esp,SIGNAL,read,Book,05B855:Frostfall.esp,_Frost_SpellTomeSoothe2,,,,Direct selected-signature raw-file enumeration.,ACTI:2|ARMO:2|BOOK:13|FLST:12|SCRL:10|SPEL:10,NO-ROWS,"Primary review: lighting, compatibility, update, or balance patch records are not authoritative devotional sources; defining content records are reviewed separately.",,REJECTED
a991e46e480dbfb8,NQ092,NQ,Patch Collections,Requiem Patch Central - rerun,Requiem - Frostfall.esp,D:\Wabbajack\modlists\ARR 2.5\mods\Requiem Patch Central - rerun\Requiem - Frostfall.esp,SIGNAL:05B856:Frostfall.esp,SIGNAL,read,Book,05B856:Frostfall.esp,_Frost_SpellTomeSoothe3,,,,Direct selected-signature raw-file enumeration.,ACTI:2|ARMO:2|BOOK:13|FLST:12|SCRL:10|SPEL:10,NO-ROWS,"Primary review: lighting, compatibility, update, or balance patch records are not authoritative devotional sources; defining content records are reviewed separately.",,REJECTED
a991e46e480dbfb8,NQ092,NQ,Patch Collections,Requiem Patch Central - rerun,Requiem - Frostfall.esp,D:\Wabbajack\modlists\ARR 2.5\mods\Requiem Patch Central - rerun\Requiem - Frostfall.esp,SIGNAL:05C897:Frostfall.esp,SIGNAL,read,Book,05C897:Frostfall.esp,_Frost_SpellTomeVaporBlast,,,,Direct selected-signature raw-file enumeration.,ACTI:2|ARMO:2|BOOK:13|FLST:12|SCRL:10|SPEL:10,NO-ROWS,"Primary review: lighting, compatibility, update, or balance patch records are not authoritative devotional sources; defining content records are reviewed separately.",,REJECTED
a991e46e480dbfb8,NQ092,NQ,Patch Collections,Requiem Patch Central - rerun,Requiem - Frostfall.esp,D:\Wabbajack\modlists\ARR 2.5\mods\Requiem Patch Central - rerun\Requiem - Frostfall.esp,SIGNAL:5DF990:Requiem.esp,SIGNAL,read,FormList,5DF990:Requiem.esp,REQ_List_Illusion_NoviceSpells,,,,Direct selected-signature raw-file enumeration.,ACTI:2|ARMO:2|BOOK:13|FLST:12|SCRL:10|SPEL:10,NO-ROWS,"Primary review: lighting, compatibility, update, or balance patch records are not authoritative devotional sources; defining content records are reviewed separately.",,REJECTED
a991e46e480dbfb8,NQ092,NQ,Patch Collections,Requiem Patch Central - rerun,Requiem - Frostfall.esp,D:\Wabbajack\modlists\ARR 2.5\mods\Requiem Patch Central - rerun\Requiem - Frostfall.esp,SIGNAL:5E97FF:Requiem.esp,SIGNAL,read,FormList,5E97FF:Requiem.esp,REQ_List_Illusion_ApprenticeSpells,,,,Direct selected-signature raw-file enumeration.,ACTI:2|ARMO:2|BOOK:13|FLST:12|SCRL:10|SPEL:10,NO-ROWS,"Primary review: lighting, compatibility, update, or balance patch records are not authoritative devotional sources; defining content records are reviewed separately.",,REJECTED
a991e46e480dbfb8,NQ092,NQ,Patch Collections,Requiem Patch Central - rerun,Requiem - Frostfall.esp,D:\Wabbajack\modlists\ARR 2.5\mods\Requiem Patch Central - rerun\Requiem - Frostfall.esp,SIGNAL:5E9800:Requiem.esp,SIGNAL,read,FormList,5E9800:Requiem.esp,REQ_List_Illusion_AdeptSpells,,,,Direct selected-signature raw-file enumeration.,ACTI:2|ARMO:2|BOOK:13|FLST:12|SCRL:10|SPEL:10,NO-ROWS,"Primary review: lighting, compatibility, update, or balance patch records are not authoritative devotional sources; defining content records are reviewed separately.",,REJECTED
a991e46e480dbfb8,NQ092,NQ,Patch Collections,Requiem Patch Central - rerun,Requiem - Frostfall.esp,D:\Wabbajack\modlists\ARR 2.5\mods\Requiem Patch Central - rerun\Requiem - Frostfall.esp,SIGNAL:5EBF9E:Requiem.esp,SIGNAL,read,FormList,5EBF9E:Requiem.esp,REQ_List_Conjuration_ApprenticeSpells,,,,Direct selected-signature raw-file enumeration.,ACTI:2|ARMO:2|BOOK:13|FLST:12|SCRL:10|SPEL:10,NO-ROWS,"Primary review: lighting, compatibility, update, or balance patch records are not authoritative devotional sources; defining content records are reviewed separately.",,REJECTED
a991e46e480dbfb8,NQ092,NQ,Patch Collections,Requiem Patch Central - rerun,Requiem - Frostfall.esp,D:\Wabbajack\modlists\ARR 2.5\mods\Requiem Patch Central - rerun\Requiem - Frostfall.esp,SIGNAL:5EBF9F:Requiem.esp,SIGNAL,read,FormList,5EBF9F:Requiem.esp,REQ_List_Conjuration_AdeptSpells,,,,Direct selected-signature raw-file enumeration.,ACTI:2|ARMO:2|BOOK:13|FLST:12|SCRL:10|SPEL:10,NO-ROWS,"Primary review: lighting, compatibility, update, or balance patch records are not authoritative devotional sources; defining content records are reviewed separately.",,REJECTED
a991e46e480dbfb8,NQ092,NQ,Patch Collections,Requiem Patch Central - rerun,Requiem - Frostfall.esp,D:\Wabbajack\modlists\ARR 2.5\mods\Requiem Patch Central - rerun\Requiem - Frostfall.esp,SIGNAL:5EBFA0:Requiem.esp,SIGNAL,read,FormList,5EBFA0:Requiem.esp,REQ_List_Conjuration_ExpertSpells,,,,Direct selected-signature raw-file enumeration.,ACTI:2|ARMO:2|BOOK:13|FLST:12|SCRL:10|SPEL:10,NO-ROWS,"Primary review: lighting, compatibility, update, or balance patch records are not authoritative devotional sources; defining content records are reviewed separately.",,REJECTED
a991e46e480dbfb8,NQ092,NQ,Patch Collections,Requiem Patch Central - rerun,Requiem - Frostfall.esp,D:\Wabbajack\modlists\ARR 2.5\mods\Requiem Patch Central - rerun\Requiem - Frostfall.esp,SIGNAL:5EBFA1:Requiem.esp,SIGNAL,read,FormList,5EBFA1:Requiem.esp,REQ_List_Conjuration_MasterSpells,,,,Direct selected-signature raw-file enumeration.,ACTI:2|ARMO:2|BOOK:13|FLST:12|SCRL:10|SPEL:10,NO-ROWS,"Primary review: lighting, compatibility, update, or balance patch records are not authoritative devotional sources; defining content records are reviewed separately.",,REJECTED
a991e46e480dbfb8,NQ092,NQ,Patch Collections,Requiem Patch Central - rerun,Requiem - Frostfall.esp,D:\Wabbajack\modlists\ARR 2.5\mods\Requiem Patch Central - rerun\Requiem - Frostfall.esp,SIGNAL:5EBFA4:Requiem.esp,SIGNAL,read,FormList,5EBFA4:Requiem.esp,REQ_List_Destruction_AdeptSpells,,,,Direct selected-signature raw-file enumeration.,ACTI:2|ARMO:2|BOOK:13|FLST:12|SCRL:10|SPEL:10,NO-ROWS,"Primary review: lighting, compatibility, update, or balance patch records are not authoritative devotional sources; defining content records are reviewed separately.",,REJECTED
a991e46e480dbfb8,NQ092,NQ,Patch Collections,Requiem Patch Central - rerun,Requiem - Frostfall.esp,D:\Wabbajack\modlists\ARR 2.5\mods\Requiem Patch Central - rerun\Requiem - Frostfall.esp,SIGNAL:5EBFA9:Requiem.esp,SIGNAL,read,FormList,5EBFA9:Requiem.esp,REQ_List_Restoration_AdeptSpells,,,,Direct selected-signature raw-file enumeration.,ACTI:2|ARMO:2|BOOK:13|FLST:12|SCRL:10|SPEL:10,NO-ROWS,"Primary review: lighting, compatibility, update, or balance patch records are not authoritative devotional sources; defining content records are reviewed separately.",,REJECTED
a991e46e480dbfb8,NQ092,NQ,Patch Collections,Requiem Patch Central - rerun,Requiem - Frostfall.esp,D:\Wabbajack\modlists\ARR 2.5\mods\Requiem Patch Central - rerun\Requiem - Frostfall.esp,SIGNAL:5EBFAD:Requiem.esp,SIGNAL,read,FormList,5EBFAD:Requiem.esp,REQ_List_Alteration_ApprenticeSpells,,,,Direct selected-signature raw-file enumeration.,ACTI:2|ARMO:2|BOOK:13|FLST:12|SCRL:10|SPEL:10,NO-ROWS,"Primary review: lighting, compatibility, update, or balance patch records are not authoritative devotional sources; defining content records are reviewed separately.",,REJECTED
a991e46e480dbfb8,NQ092,NQ,Patch Collections,Requiem Patch Central - rerun,Requiem - Frostfall.esp,D:\Wabbajack\modlists\ARR 2.5\mods\Requiem Patch Central - rerun\Requiem - Frostfall.esp,SIGNAL:5EBFAE:Requiem.esp,SIGNAL,read,FormList,5EBFAE:Requiem.esp,REQ_List_Alteration_AdeptSpells,,,,Direct selected-signature raw-file enumeration.,ACTI:2|ARMO:2|BOOK:13|FLST:12|SCRL:10|SPEL:10,NO-ROWS,"Primary review: lighting, compatibility, update, or balance patch records are not authoritative devotional sources; defining content records are reviewed separately.",,REJECTED
a991e46e480dbfb8,NQ092,NQ,Patch Collections,Requiem Patch Central - rerun,Requiem - Frostfall.esp,D:\Wabbajack\modlists\ARR 2.5\mods\Requiem Patch Central - rerun\Requiem - Frostfall.esp,SIGNAL:5EBFAF:Requiem.esp,SIGNAL,read,FormList,5EBFAF:Requiem.esp,REQ_List_Alteration_ExpertSpells,,,,Direct selected-signature raw-file enumeration.,ACTI:2|ARMO:2|BOOK:13|FLST:12|SCRL:10|SPEL:10,NO-ROWS,"Primary review: lighting, compatibility, update, or balance patch records are not authoritative devotional sources; defining content records are reviewed separately.",,REJECTED
a991e46e480dbfb8,NQ092,NQ,Patch Collections,Requiem Patch Central - rerun,Requiem - Frostfall.esp,D:\Wabbajack\modlists\ARR 2.5\mods\Requiem Patch Central - rerun\Requiem - Frostfall.esp,SIGNAL:05F3FC:Frostfall.esp,SIGNAL,read,Scroll,05F3FC:Frostfall.esp,_Frost_ScrollBoundCloakGreater,,,,Direct selected-signature raw-file enumeration.,ACTI:2|ARMO:2|BOOK:13|FLST:12|SCRL:10|SPEL:10,NO-ROWS,"Primary review: lighting, compatibility, update, or balance patch records are not authoritative devotional sources; defining content records are reviewed separately.",,REJECTED
a991e46e480dbfb8,NQ092,NQ,Patch Collections,Requiem Patch Central - rerun,Requiem - Frostfall.esp,D:\Wabbajack\modlists\ARR 2.5\mods\Requiem Patch Central - rerun\Requiem - Frostfall.esp,SIGNAL:0609AB:Frostfall.esp,SIGNAL,read,Scroll,0609AB:Frostfall.esp,_Frost_ScrollBoundCloakLesser,,,,Direct selected-signature raw-file enumeration.,ACTI:2|ARMO:2|BOOK:13|FLST:12|SCRL:10|SPEL:10,NO-ROWS,"Primary review: lighting, compatibility, update, or balance patch records are not authoritative devotional sources; defining content records are reviewed separately.",,REJECTED
a991e46e480dbfb8,NQ092,NQ,Patch Collections,Requiem Patch Central - rerun,Requiem - Frostfall.esp,D:\Wabbajack\modlists\ARR 2.5\mods\Requiem Patch Central - rerun\Requiem - Frostfall.esp,SIGNAL:0609AF:Frostfall.esp,SIGNAL,read,Scroll,0609AF:Frostfall.esp,_Frost_ScrollFoxskin,,,,Direct selected-signature raw-file enumeration.,ACTI:2|ARMO:2|BOOK:13|FLST:12|SCRL:10|SPEL:10,NO-ROWS,"Primary review: lighting, compatibility, update, or balance patch records are not authoritative devotional sources; defining content records are reviewed separately.",,REJECTED
a991e46e480dbfb8,NQ092,NQ,Patch Collections,Requiem Patch Central - rerun,Requiem - Frostfall.esp,D:\Wabbajack\modlists\ARR 2.5\mods\Requiem Patch Central - rerun\Requiem - Frostfall.esp,SIGNAL:0609B1:Frostfall.esp,SIGNAL,read,Scroll,0609B1:Frostfall.esp,_Frost_ScrollWolfskin,,,,Direct selected-signature raw-file enumeration.,ACTI:2|ARMO:2|BOOK:13|FLST:12|SCRL:10|SPEL:10,NO-ROWS,"Primary review: lighting, compatibility, update, or balance patch records are not authoritative devotional sources; defining content records are reviewed separately.",,REJECTED
a991e46e480dbfb8,NQ092,NQ,Patch Collections,Requiem Patch Central - rerun,Requiem - Frostfall.esp,D:\Wabbajack\modlists\ARR 2.5\mods\Requiem Patch Central - rerun\Requiem - Frostfall.esp,SIGNAL:0609B3:Frostfall.esp,SIGNAL,read,Scroll,0609B3:Frostfall.esp,_Frost_ScrollBearskin,,,,Direct selected-signature raw-file enumeration.,ACTI:2|ARMO:2|BOOK:13|FLST:12|SCRL:10|SPEL:10,NO-ROWS,"Primary review: lighting, compatibility, update, or balance patch records are not authoritative devotional sources; defining content records are reviewed separately.",,REJECTED
a991e46e480dbfb8,NQ092,NQ,Patch Collections,Requiem Patch Central - rerun,Requiem - Frostfall.esp,D:\Wabbajack\modlists\ARR 2.5\mods\Requiem Patch Central - rerun\Requiem - Frostfall.esp,SIGNAL:0609B5:Frostfall.esp,SIGNAL,read,Scroll,0609B5:Frostfall.esp,_Frost_ScrollConjureShelterLesser,,,,Direct selected-signature raw-file enumeration.,ACTI:2|ARMO:2|BOOK:13|FLST:12|SCRL:10|SPEL:10,NO-ROWS,"Primary review: lighting, compatibility, update, or balance patch records are not authoritative devotional sources; defining content records are reviewed separately.",,REJECTED
a991e46e480dbfb8,NQ092,NQ,Patch Collections,Requiem Patch Central - rerun,Requiem - Frostfall.esp,D:\Wabbajack\modlists\ARR 2.5\mods\Requiem Patch Central - rerun\Requiem - Frostfall.esp,SIGNAL:0609B7:Frostfall.esp,SIGNAL,read,Scroll,0609B7:Frostfall.esp,_Frost_ScrollConjureShelterGreater,,,,Direct selected-signature raw-file enumeration.,ACTI:2|ARMO:2|BOOK:13|FLST:12|SCRL:10|SPEL:10,NO-ROWS,"Primary review: lighting, compatibility, update, or balance patch records are not authoritative devotional sources; defining content records are reviewed separately.",,REJECTED
a991e46e480dbfb8,NQ092,NQ,Patch Collections,Requiem Patch Central - rerun,Requiem - Frostfall.esp,D:\Wabbajack\modlists\ARR 2.5\mods\Requiem Patch Central - rerun\Requiem - Frostfall.esp,SIGNAL:0609B9:Frostfall.esp,SIGNAL,read,Scroll,0609B9:Frostfall.esp,_Frost_ScrollSoothe,,,,Direct selected-signature raw-file enumeration.,ACTI:2|ARMO:2|BOOK:13|FLST:12|SCRL:10|SPEL:10,NO-ROWS,"Primary review: lighting, compatibility, update, or balance patch records are not authoritative devotional sources; defining content records are reviewed separately.",,REJECTED
a991e46e480dbfb8,NQ092,NQ,Patch Collections,Requiem Patch Central - rerun,Requiem - Frostfall.esp,D:\Wabbajack\modlists\ARR 2.5\mods\Requiem Patch Central - rerun\Requiem - Frostfall.esp,SIGNAL:0609BB:Frostfall.esp,SIGNAL,read,Scroll,0609BB:Frostfall.esp,_Frost_ScrollBask,,,,Direct selected-signature raw-file enumeration.,ACTI:2|ARMO:2|BOOK:13|FLST:12|SCRL:10|SPEL:10,NO-ROWS,"Primary review: lighting, compatibility, update, or balance patch records are not authoritative devotional sources; defining content records are reviewed separately.",,REJECTED
a991e46e480dbfb8,NQ092,NQ,Patch Collections,Requiem Patch Central - rerun,Requiem - Frostfall.esp,D:\Wabbajack\modlists\ARR 2.5\mods\Requiem Patch Central - rerun\Requiem - Frostfall.esp,SIGNAL:0609BD:Frostfall.esp,SIGNAL,read,Scroll,0609BD:Frostfall.esp,_Frost_ScrollRevel,,,,Direct selected-signature raw-file enumeration.,ACTI:2|ARMO:2|BOOK:13|FLST:12|SCRL:10|SPEL:10,NO-ROWS,"Primary review: lighting, compatibility, update, or balance patch records are not authoritative devotional sources; defining content records are reviewed separately.",,REJECTED
a991e46e480dbfb8,NQ092,NQ,Patch Collections,Requiem Patch Central - rerun,Requiem - Frostfall.esp,D:\Wabbajack\modlists\ARR 2.5\mods\Requiem Patch Central - rerun\Requiem - Frostfall.esp,SIGNAL:04CEC2:Frostfall.esp,SIGNAL,read,Spell,04CEC2:Frostfall.esp,_Frost_ExposureArmorSpell_1,,,,Direct selected-signature raw-file enumeration.,ACTI:2|ARMO:2|BOOK:13|FLST:12|SCRL:10|SPEL:10,NO-ROWS,"Primary review: lighting, compatibility, update, or balance patch records are not authoritative devotional sources; defining content records are reviewed separately.",,REJECTED
a991e46e480dbfb8,NQ092,NQ,Patch Collections,Requiem Patch Central - rerun,Requiem - Frostfall.esp,D:\Wabbajack\modlists\ARR 2.5\mods\Requiem Patch Central - rerun\Requiem - Frostfall.esp,SIGNAL:04CEC4:Frostfall.esp,SIGNAL,read,Spell,04CEC4:Frostfall.esp,_Frost_ExposureArmorSpell_2,,,,Direct selected-signature raw-file enumeration.,ACTI:2|ARMO:2|BOOK:13|FLST:12|SCRL:10|SPEL:10,NO-ROWS,"Primary review: lighting, compatibility, update, or balance patch records are not authoritative devotional sources; defining content records are reviewed separately.",,REJECTED
a991e46e480dbfb8,NQ092,NQ,Patch Collections,Requiem Patch Central - rerun,Requiem - Frostfall.esp,D:\Wabbajack\modlists\ARR 2.5\mods\Requiem Patch Central - rerun\Requiem - Frostfall.esp,SIGNAL:04CEC6:Frostfall.esp,SIGNAL,read,Spell,04CEC6:Frostfall.esp,_Frost_ExposureArmorSpell_3,,,,Direct selected-signature raw-file enumeration.,ACTI:2|ARMO:2|BOOK:13|FLST:12|SCRL:10|SPEL:10,NO-ROWS,"Primary review: lighting, compatibility, update, or balance patch records are not authoritative devotional sources; defining content records are reviewed separately.",,REJECTED
a991e46e480dbfb8,NQ092,NQ,Patch Collections,Requiem Patch Central - rerun,Requiem - Frostfall.esp,D:\Wabbajack\modlists\ARR 2.5\mods\Requiem Patch Central - rerun\Requiem - Frostfall.esp,SIGNAL:058159:Frostfall.esp,SIGNAL,read,Spell,058159:Frostfall.esp,_Frost_BoundCloakSpellLesser,,,,Direct selected-signature raw-file enumeration.,ACTI:2|ARMO:2|BOOK:13|FLST:12|SCRL:10|SPEL:10,NO-ROWS,"Primary review: lighting, compatibility, update, or balance patch records are not authoritative devotional sources; defining content records are reviewed separately.",,REJECTED
a991e46e480dbfb8,NQ092,NQ,Patch Collections,Requiem Patch Central - rerun,Requiem - Frostfall.esp,D:\Wabbajack\modlists\ARR 2.5\mods\Requiem Patch Central - rerun\Requiem - Frostfall.esp,SIGNAL:05815A:Frostfall.esp,SIGNAL,read,Spell,05815A:Frostfall.esp,_Frost_BoundCloakSpellGreater,,,,Direct selected-signature raw-file enumeration.,ACTI:2|ARMO:2|BOOK:13|FLST:12|SCRL:10|SPEL:10,NO-ROWS,"Primary review: lighting, compatibility, update, or balance patch records are not authoritative devotional sources; defining content records are reviewed separately.",,REJECTED
a991e46e480dbfb8,NQ092,NQ,Patch Collections,Requiem Patch Central - rerun,Requiem - Frostfall.esp,D:\Wabbajack\modlists\ARR 2.5\mods\Requiem Patch Central - rerun\Requiem - Frostfall.esp,SIGNAL:0591C4:Frostfall.esp,SIGNAL,read,Spell,0591C4:Frostfall.esp,_Frost_ConjureShelter_Lesser,,,,Direct selected-signature raw-file enumeration.,ACTI:2|ARMO:2|BOOK:13|FLST:12|SCRL:10|SPEL:10,NO-ROWS,"Primary review: lighting, compatibility, update, or balance patch records are not authoritative devotional sources; defining content records are reviewed separately.",,REJECTED
a991e46e480dbfb8,NQ092,NQ,Patch Collections,Requiem Patch Central - rerun,Requiem - Frostfall.esp,D:\Wabbajack\modlists\ARR 2.5\mods\Requiem Patch Central - rerun\Requiem - Frostfall.esp,SIGNAL:05B84A:Frostfall.esp,SIGNAL,read,Spell,05B84A:Frostfall.esp,_Frost_ConjureShelter_Greater,,,,Direct selected-signature raw-file enumeration.,ACTI:2|ARMO:2|BOOK:13|FLST:12|SCRL:10|SPEL:10,NO-ROWS,"Primary review: lighting, compatibility, update, or balance patch records are not authoritative devotional sources; defining content records are reviewed separately.",,REJECTED
a991e46e480dbfb8,NQ092,NQ,Patch Collections,Requiem Patch Central - rerun,Requiem - Frostfall.esp,D:\Wabbajack\modlists\ARR 2.5\mods\Requiem Patch Central - rerun\Requiem - Frostfall.esp,SIGNAL:05B84D:Frostfall.esp,SIGNAL,read,Spell,05B84D:Frostfall.esp,_Frost_SootheSpell1,,,,Direct selected-signature raw-file enumeration.,ACTI:2|ARMO:2|BOOK:13|FLST:12|SCRL:10|SPEL:10,NO-ROWS,"Primary review: lighting, compatibility, update, or balance patch records are not authoritative devotional sources; defining content records are reviewed separately.",,REJECTED
a991e46e480dbfb8,NQ092,NQ,Patch Collections,Requiem Patch Central - rerun,Requiem - Frostfall.esp,D:\Wabbajack\modlists\ARR 2.5\mods\Requiem Patch Central - rerun\Requiem - Frostfall.esp,SIGNAL:05B850:Frostfall.esp,SIGNAL,read,Spell,05B850:Frostfall.esp,_Frost_SootheSpell2,,,,Direct selected-signature raw-file enumeration.,ACTI:2|ARMO:2|BOOK:13|FLST:12|SCRL:10|SPEL:10,NO-ROWS,"Primary review: lighting, compatibility, update, or balance patch records are not authoritative devotional sources; defining content records are reviewed separately.",,REJECTED
a991e46e480dbfb8,NQ092,NQ,Patch Collections,Requiem Patch Central - rerun,Requiem - Frostfall.esp,D:\Wabbajack\modlists\ARR 2.5\mods\Requiem Patch Central - rerun\Requiem - Frostfall.esp,SIGNAL:05B852:Frostfall.esp,SIGNAL,read,Spell,05B852:Frostfall.esp,_Frost_SootheSpell3,,,,Direct selected-signature raw-file enumeration.,ACTI:2|ARMO:2|BOOK:13|FLST:12|SCRL:10|SPEL:10,NO-ROWS,"Primary review: lighting, compatibility, update, or balance patch records are not authoritative devotional sources; defining content records are reviewed separately.",,REJECTED
0236ae5e69dc1907,NQ092,NQ,Patch Collections,Requiem Patch Central - rerun,Requiem - Immersive Sounds Compendium.esp,D:\Wabbajack\modlists\ARR 2.5\mods\Requiem Patch Central - rerun\Requiem - Immersive Sounds Compendium.esp,PLUGIN,PLUGIN-SUMMARY,read,,,,,,,Direct signal candidate enumeration: 177,ARMO:97|MISC:13|WEAP:67,NO-ROWS,"Primary review: lighting, compatibility, update, or balance patch records are not authoritative devotional sources; defining content records are reviewed separately.",,REJECTED
0236ae5e69dc1907,NQ092,NQ,Patch Collections,Requiem Patch Central - rerun,Requiem - Immersive Sounds Compendium.esp,D:\Wabbajack\modlists\ARR 2.5\mods\Requiem Patch Central - rerun\Requiem - Immersive Sounds Compendium.esp,SIGNAL:01CF2B:Skyrim.esm,SIGNAL,read,Armor,01CF2B:Skyrim.esm,REQ_Ring_Gold,,,,Direct selected-signature raw-file enumeration.,ARMO:97|MISC:13|WEAP:67,NO-ROWS,"Primary review: lighting, compatibility, update, or balance patch records are not authoritative devotional sources; defining content records are reviewed separately.",,REJECTED
0236ae5e69dc1907,NQ092,NQ,Patch Collections,Requiem Patch Central - rerun,Requiem - Immersive Sounds Compendium.esp,D:\Wabbajack\modlists\ARR 2.5\mods\Requiem Patch Central - rerun\Requiem - Immersive Sounds Compendium.esp,SIGNAL:0233D0:Skyrim.esm,SIGNAL,read,Armor,0233D0:Skyrim.esm,REQ_Var_Amulet_AncientNord_Saarthal,,,,Direct selected-signature raw-file enumeration.,ARMO:97|MISC:13|WEAP:67,NO-ROWS,"Primary review: lighting, compatibility, update, or balance patch records are not authoritative devotional sources; defining content records are reviewed separately.",,REJECTED
0236ae5e69dc1907,NQ092,NQ,Patch Collections,Requiem Patch Central - rerun,Requiem - Immersive Sounds Compendium.esp,D:\Wabbajack\modlists\ARR 2.5\mods\Requiem Patch Central - rerun\Requiem - Immersive Sounds Compendium.esp,SIGNAL:024CFF:Skyrim.esm,SIGNAL,read,Armor,024CFF:Skyrim.esm,REQ_Var_Ring_Silver_SilverBlood,,,,Direct selected-signature raw-file enumeration.,ARMO:97|MISC:13|WEAP:67,NO-ROWS,"Primary review: lighting, compatibility, update, or balance patch records are not authoritative devotional sources; defining content records are reviewed separately.",,REJECTED
0236ae5e69dc1907,NQ092,NQ,Patch Collections,Requiem Patch Central - rerun,Requiem - Immersive Sounds Compendium.esp,D:\Wabbajack\modlists\ARR 2.5\mods\Requiem Patch Central - rerun\Requiem - Immersive Sounds Compendium.esp,SIGNAL:02584C:Skyrim.esm,SIGNAL,read,Armor,02584C:Skyrim.esm,REQ_Var_Ring_Gold_Saarthal,,,,Direct selected-signature raw-file enumeration.,ARMO:97|MISC:13|WEAP:67,NO-ROWS,"Primary review: lighting, compatibility, update, or balance patch records are not authoritative devotional sources; defining content records are reviewed separately.",,REJECTED
0236ae5e69dc1907,NQ092,NQ,Patch Collections,Requiem Patch Central - rerun,Requiem - Immersive Sounds Compendium.esp,D:\Wabbajack\modlists\ARR 2.5\mods\Requiem Patch Central - rerun\Requiem - Immersive Sounds Compendium.esp,SIGNAL:02AC60:Skyrim.esm,SIGNAL,read,Armor,02AC60:Skyrim.esm,REQ_Artifact_RingOfHircine,,,,Direct selected-signature raw-file enumeration.,ARMO:97|MISC:13|WEAP:67,NO-ROWS,"Primary review: lighting, compatibility, update, or balance patch records are not authoritative devotional sources; defining content records are reviewed separately.",,REJECTED
0236ae5e69dc1907,NQ092,NQ,Patch Collections,Requiem Patch Central - rerun,Requiem - Immersive Sounds Compendium.esp,D:\Wabbajack\modlists\ARR 2.5\mods\Requiem Patch Central - rerun\Requiem - Immersive Sounds Compendium.esp,SIGNAL:02C37B:Skyrim.esm,SIGNAL,read,Armor,02C37B:Skyrim.esm,REQ_Artifact_RingOfNamira,,,,Direct selected-signature raw-file enumeration.,ARMO:97|MISC:13|WEAP:67,NO-ROWS,"Primary review: lighting, compatibility, update, or balance patch records are not authoritative devotional sources; defining content records are reviewed separately.",,REJECTED
0236ae5e69dc1907,NQ092,NQ,Patch Collections,Requiem Patch Central - rerun,Requiem - Immersive Sounds Compendium.esp,D:\Wabbajack\modlists\ARR 2.5\mods\Requiem Patch Central - rerun\Requiem - Immersive Sounds Compendium.esp,SIGNAL:02D74F:Skyrim.esm,SIGNAL,read,Armor,02D74F:Skyrim.esm,REQ_Artifact_GauldurAmulet_Mikrul,,,,Direct selected-signature raw-file enumeration.,ARMO:97|MISC:13|WEAP:67,NO-ROWS,"Primary review: lighting, compatibility, update, or balance patch records are not authoritative devotional sources; defining content records are reviewed separately.",,REJECTED
0236ae5e69dc1907,NQ092,NQ,Patch Collections,Requiem Patch Central - rerun,Requiem - Immersive Sounds Compendium.esp,D:\Wabbajack\modlists\ARR 2.5\mods\Requiem Patch Central - rerun\Requiem - Immersive Sounds Compendium.esp,SIGNAL:02D753:Skyrim.esm,SIGNAL,read,Armor,02D753:Skyrim.esm,REQ_Artifact_GauldurAmulet_Sigdis,,,,Direct selected-signature raw-file enumeration.,ARMO:97|MISC:13|WEAP:67,NO-ROWS,"Primary review: lighting, compatibility, update, or balance patch records are not authoritative devotional sources; defining content records are reviewed separately.",,REJECTED
0236ae5e69dc1907,NQ092,NQ,Patch Collections,Requiem Patch Central - rerun,Requiem - Immersive Sounds Compendium.esp,D:\Wabbajack\modlists\ARR 2.5\mods\Requiem Patch Central - rerun\Requiem - Immersive Sounds Compendium.esp,SIGNAL:02D75A:Skyrim.esm,SIGNAL,read,Armor,02D75A:Skyrim.esm,REQ_Artifact_GauldurAmulet_Jyrik,,,,Direct selected-signature raw-file enumeration.,ARMO:97|MISC:13|WEAP:67,NO-ROWS,"Primary review: lighting, compatibility, update, or balance patch records are not authoritative devotional sources; defining content records are reviewed separately.",,REJECTED
0236ae5e69dc1907,NQ092,NQ,Patch Collections,Requiem Patch Central - rerun,Requiem - Immersive Sounds Compendium.esp,D:\Wabbajack\modlists\ARR 2.5\mods\Requiem Patch Central - rerun\Requiem - Immersive Sounds Compendium.esp,SIGNAL:02D773:Skyrim.esm,SIGNAL,read,Armor,02D773:Skyrim.esm,REQ_Artifact_GauldurAmulet,,,,Direct selected-signature raw-file enumeration.,ARMO:97|MISC:13|WEAP:67,NO-ROWS,"Primary review: lighting, compatibility, update, or balance patch records are not authoritative devotional sources; defining content records are reviewed separately.",,REJECTED
0236ae5e69dc1907,NQ092,NQ,Patch Collections,Requiem Patch Central - rerun,Requiem - Immersive Sounds Compendium.esp,D:\Wabbajack\modlists\ARR 2.5\mods\Requiem Patch Central - rerun\Requiem - Immersive Sounds Compendium.esp,SIGNAL:03B97C:Skyrim.esm,SIGNAL,read,Armor,03B97C:Skyrim.esm,REQ_Ring_Silver,,,,Direct selected-signature raw-file enumeration.,ARMO:97|MISC:13|WEAP:67,NO-ROWS,"Primary review: lighting, compatibility, update, or balance patch records are not authoritative devotional sources; defining content records are reviewed separately.",,REJECTED
0236ae5e69dc1907,NQ092,NQ,Patch Collections,Requiem Patch Central - rerun,Requiem - Immersive Sounds Compendium.esp,D:\Wabbajack\modlists\ARR 2.5\mods\Requiem Patch Central - rerun\Requiem - Immersive Sounds Compendium.esp,SIGNAL:0403A9:Skyrim.esm,SIGNAL,read,Armor,0403A9:Skyrim.esm,REQ_Var_Ring_Gold_Viola,,,,Direct selected-signature raw-file enumeration.,ARMO:97|MISC:13|WEAP:67,NO-ROWS,"Primary review: lighting, compatibility, update, or balance patch records are not authoritative devotional sources; defining content records are reviewed separately.",,REJECTED
0236ae5e69dc1907,NQ092,NQ,Patch Collections,Requiem Patch Central - rerun,Requiem - Immersive Sounds Compendium.esp,D:\Wabbajack\modlists\ARR 2.5\mods\Requiem Patch Central - rerun\Requiem - Immersive Sounds Compendium.esp,SIGNAL:064796:Skyrim.esm,SIGNAL,read,Armor,064796:Skyrim.esm,REQ_Var_Amulet_ReligionTalos_Ogmund,,,,Direct selected-signature raw-file enumeration.,ARMO:97|MISC:13|WEAP:67,NO-ROWS,"Primary review: lighting, compatibility, update, or balance patch records are not authoritative devotional sources; defining content records are reviewed separately.",,REJECTED
0236ae5e69dc1907,NQ092,NQ,Patch Collections,Requiem Patch Central - rerun,Requiem - Immersive Sounds Compendium.esp,D:\Wabbajack\modlists\ARR 2.5\mods\Requiem Patch Central - rerun\Requiem - Immersive Sounds Compendium.esp,SIGNAL:0663DA:Skyrim.esm,SIGNAL,read,Armor,0663DA:Skyrim.esm,REQ_Var_Amulet_Silver_Reyda,,,,Direct selected-signature raw-file enumeration.,ARMO:97|MISC:13|WEAP:67,NO-ROWS,"Primary review: lighting, compatibility, update, or balance patch records are not authoritative devotional sources; defining content records are reviewed separately.",,REJECTED
0236ae5e69dc1907,NQ092,NQ,Patch Collections,Requiem Patch Central - rerun,Requiem - Immersive Sounds Compendium.esp,D:\Wabbajack\modlists\ARR 2.5\mods\Requiem Patch Central - rerun\Requiem - Immersive Sounds Compendium.esp,SIGNAL:068B83:Skyrim.esm,SIGNAL,read,Armor,068B83:Skyrim.esm,REQ_Var_Ring_SilverAmethyst_NightweaversBand,,,,Direct selected-signature raw-file enumeration.,ARMO:97|MISC:13|WEAP:67,NO-ROWS,"Primary review: lighting, compatibility, update, or balance patch records are not authoritative devotional sources; defining content records are reviewed separately.",,REJECTED
0236ae5e69dc1907,NQ092,NQ,Patch Collections,Requiem Patch Central - rerun,Requiem - Immersive Sounds Compendium.esp,D:\Wabbajack\modlists\ARR 2.5\mods\Requiem Patch Central - rerun\Requiem - Immersive Sounds Compendium.esp,SIGNAL:06B217:Skyrim.esm,SIGNAL,read,Armor,06B217:Skyrim.esm,REQ_Amulet_ElderCouncil,,,,Direct selected-signature raw-file enumeration.,ARMO:97|MISC:13|WEAP:67,NO-ROWS,"Primary review: lighting, compatibility, update, or balance patch records are not authoritative devotional sources; defining content records are reviewed separately.",,REJECTED
0236ae5e69dc1907,NQ092,NQ,Patch Collections,Requiem Patch Central - rerun,Requiem - Immersive Sounds Compendium.esp,D:\Wabbajack\modlists\ARR 2.5\mods\Requiem Patch Central - rerun\Requiem - Immersive Sounds Compendium.esp,SIGNAL:06B218:Skyrim.esm,SIGNAL,read,Armor,06B218:Skyrim.esm,REQ_Var_Ring_Silver_Muiri,,,,Direct selected-signature raw-file enumeration.,ARMO:97|MISC:13|WEAP:67,NO-ROWS,"Primary review: lighting, compatibility, update, or balance patch records are not authoritative devotional sources; defining content records are reviewed separately.",,REJECTED
0236ae5e69dc1907,NQ092,NQ,Patch Collections,Requiem Patch Central - rerun,Requiem - Immersive Sounds Compendium.esp,D:\Wabbajack\modlists\ARR 2.5\mods\Requiem Patch Central - rerun\Requiem - Immersive Sounds Compendium.esp,SIGNAL:076F12:Skyrim.esm,SIGNAL,read,Armor,076F12:Skyrim.esm,REQ_Var_Ring_Silver_Madesi,,,,Direct selected-signature raw-file enumeration.,ARMO:97|MISC:13|WEAP:67,NO-ROWS,"Primary review: lighting, compatibility, update, or balance patch records are not authoritative devotional sources; defining content records are reviewed separately.",,REJECTED
0236ae5e69dc1907,NQ092,NQ,Patch Collections,Requiem Patch Central - rerun,Requiem - Immersive Sounds Compendium.esp,D:\Wabbajack\modlists\ARR 2.5\mods\Requiem Patch Central - rerun\Requiem - Immersive Sounds Compendium.esp,SIGNAL:07D678:Skyrim.esm,SIGNAL,read,Armor,07D678:Skyrim.esm,REQ_Var_Amulet_Silver_Fjotli,,,,Direct selected-signature raw-file enumeration.,ARMO:97|MISC:13|WEAP:67,NO-ROWS,"Primary review: lighting, compatibility, update, or balance patch records are not authoritative devotional sources; defining content records are reviewed separately.",,REJECTED
0236ae5e69dc1907,NQ092,NQ,Patch Collections,Requiem Patch Central - rerun,Requiem - Immersive Sounds Compendium.esp,D:\Wabbajack\modlists\ARR 2.5\mods\Requiem Patch Central - rerun\Requiem - Immersive Sounds Compendium.esp,SIGNAL:0877A7:Skyrim.esm,SIGNAL,read,Armor,0877A7:Skyrim.esm,REQ_Ring_SilverAmethyst,,,,Direct selected-signature raw-file enumeration.,ARMO:97|MISC:13|WEAP:67,NO-ROWS,"Primary review: lighting, compatibility, update, or balance patch records are not authoritative devotional sources; defining content records are reviewed separately.",,REJECTED
0236ae5e69dc1907,NQ092,NQ,Patch Collections,Requiem Patch Central - rerun,Requiem - Immersive Sounds Compendium.esp,D:\Wabbajack\modlists\ARR 2.5\mods\Requiem Patch Central - rerun\Requiem - Immersive Sounds Compendium.esp,SIGNAL:0877AB:Skyrim.esm,SIGNAL,read,Armor,0877AB:Skyrim.esm,REQ_Ring_SilverGarnet,,,,Direct selected-signature raw-file enumeration.,ARMO:97|MISC:13|WEAP:67,NO-ROWS,"Primary review: lighting, compatibility, update, or balance patch records are not authoritative devotional sources; defining content records are reviewed separately.",,REJECTED
0236ae5e69dc1907,NQ092,NQ,Patch Collections,Requiem Patch Central - rerun,Requiem - Immersive Sounds Compendium.esp,D:\Wabbajack\modlists\ARR 2.5\mods\Requiem Patch Central - rerun\Requiem - Immersive Sounds Compendium.esp,SIGNAL:0877B1:Skyrim.esm,SIGNAL,read,Armor,0877B1:Skyrim.esm,REQ_Ring_SilverRuby,,,,Direct selected-signature raw-file enumeration.,ARMO:97|MISC:13|WEAP:67,NO-ROWS,"Primary review: lighting, compatibility, update, or balance patch records are not authoritative devotional sources; defining content records are reviewed separately.",,REJECTED
0236ae5e69dc1907,NQ092,NQ,Patch Collections,Requiem Patch Central - rerun,Requiem - Immersive Sounds Compendium.esp,D:\Wabbajack\modlists\ARR 2.5\mods\Requiem Patch Central - rerun\Requiem - Immersive Sounds Compendium.esp,SIGNAL:0877C9:Skyrim.esm,SIGNAL,read,Armor,0877C9:Skyrim.esm,REQ_Ring_GoldDiamond,,,,Direct selected-signature raw-file enumeration.,ARMO:97|MISC:13|WEAP:67,NO-ROWS,"Primary review: lighting, compatibility, update, or balance patch records are not authoritative devotional sources; defining content records are reviewed separately.",,REJECTED
0236ae5e69dc1907,NQ092,NQ,Patch Collections,Requiem Patch Central - rerun,Requiem - Immersive Sounds Compendium.esp,D:\Wabbajack\modlists\ARR 2.5\mods\Requiem Patch Central - rerun\Requiem - Immersive Sounds Compendium.esp,SIGNAL:0877CA:Skyrim.esm,SIGNAL,read,Armor,0877CA:Skyrim.esm,REQ_Ring_GoldEmerald,,,,Direct selected-signature raw-file enumeration.,ARMO:97|MISC:13|WEAP:67,NO-ROWS,"Primary review: lighting, compatibility, update, or balance patch records are not authoritative devotional sources; defining content records are reviewed separately.",,REJECTED
0236ae5e69dc1907,NQ092,NQ,Patch Collections,Requiem Patch Central - rerun,Requiem - Immersive Sounds Compendium.esp,D:\Wabbajack\modlists\ARR 2.5\mods\Requiem Patch Central - rerun\Requiem - Immersive Sounds Compendium.esp,SIGNAL:0877CB:Skyrim.esm,SIGNAL,read,Armor,0877CB:Skyrim.esm,REQ_Ring_GoldSapphire,,,,Direct selected-signature raw-file enumeration.,ARMO:97|MISC:13|WEAP:67,NO-ROWS,"Primary review: lighting, compatibility, update, or balance patch records are not authoritative devotional sources; defining content records are reviewed separately.",,REJECTED
0236ae5e69dc1907,NQ092,NQ,Patch Collections,Requiem Patch Central - rerun,Requiem - Immersive Sounds Compendium.esp,D:\Wabbajack\modlists\ARR 2.5\mods\Requiem Patch Central - rerun\Requiem - Immersive Sounds Compendium.esp,SIGNAL:0877D5:Skyrim.esm,SIGNAL,read,Armor,0877D5:Skyrim.esm,REQ_Amulet_Gold,,,,Direct selected-signature raw-file enumeration.,ARMO:97|MISC:13|WEAP:67,NO-ROWS,"Primary review: lighting, compatibility, update, or balance patch records are not authoritative devotional sources; defining content records are reviewed separately.",,REJECTED
0236ae5e69dc1907,NQ092,NQ,Patch Collections,Requiem Patch Central - rerun,Requiem - Immersive Sounds Compendium.esp,D:\Wabbajack\modlists\ARR 2.5\mods\Requiem Patch Central - rerun\Requiem - Immersive Sounds Compendium.esp,SIGNAL:0877DC:Skyrim.esm,SIGNAL,read,Armor,0877DC:Skyrim.esm,REQ_Amulet_GoldRuby,,,,Direct selected-signature raw-file enumeration.,ARMO:97|MISC:13|WEAP:67,NO-ROWS,"Primary review: lighting, compatibility, update, or balance patch records are not authoritative devotional sources; defining content records are reviewed separately.",,REJECTED
0236ae5e69dc1907,NQ092,NQ,Patch Collections,Requiem Patch Central - rerun,Requiem - Immersive Sounds Compendium.esp,D:\Wabbajack\modlists\ARR 2.5\mods\Requiem Patch Central - rerun\Requiem - Immersive Sounds Compendium.esp,SIGNAL:0877F1:Skyrim.esm,SIGNAL,read,Armor,0877F1:Skyrim.esm,REQ_Amulet_GoldDiamond,,,,Direct selected-signature raw-file enumeration.,ARMO:97|MISC:13|WEAP:67,NO-ROWS,"Primary review: lighting, compatibility, update, or balance patch records are not authoritative devotional sources; defining content records are reviewed separately.",,REJECTED
0236ae5e69dc1907,NQ092,NQ,Patch Collections,Requiem Patch Central - rerun,Requiem - Immersive Sounds Compendium.esp,D:\Wabbajack\modlists\ARR 2.5\mods\Requiem Patch Central - rerun\Requiem - Immersive Sounds Compendium.esp,SIGNAL:087832:Skyrim.esm,SIGNAL,read,Armor,087832:Skyrim.esm,REQ_Amulet_SilverSapphire,,,,Direct selected-signature raw-file enumeration.,ARMO:97|MISC:13|WEAP:67,NO-ROWS,"Primary review: lighting, compatibility, update, or balance patch records are not authoritative devotional sources; defining content records are reviewed separately.",,REJECTED
0236ae5e69dc1907,NQ092,NQ,Patch Collections,Requiem Patch Central - rerun,Requiem - Immersive Sounds Compendium.esp,D:\Wabbajack\modlists\ARR 2.5\mods\Requiem Patch Central - rerun\Requiem - Immersive Sounds Compendium.esp,SIGNAL:087833:Skyrim.esm,SIGNAL,read,Armor,087833:Skyrim.esm,REQ_Amulet_SilverEmerald,,,,Direct selected-signature raw-file enumeration.,ARMO:97|MISC:13|WEAP:67,NO-ROWS,"Primary review: lighting, compatibility, update, or balance patch records are not authoritative devotional sources; defining content records are reviewed separately.",,REJECTED
0236ae5e69dc1907,NQ092,NQ,Patch Collections,Requiem Patch Central - rerun,Requiem - Immersive Sounds Compendium.esp,D:\Wabbajack\modlists\ARR 2.5\mods\Requiem Patch Central - rerun\Requiem - Immersive Sounds Compendium.esp,SIGNAL:087834:Skyrim.esm,SIGNAL,read,Armor,087834:Skyrim.esm,REQ_Amulet_SilverGarnet,,,,Direct selected-signature raw-file enumeration.,ARMO:97|MISC:13|WEAP:67,NO-ROWS,"Primary review: lighting, compatibility, update, or balance patch records are not authoritative devotional sources; defining content records are reviewed separately.",,REJECTED
0236ae5e69dc1907,NQ092,NQ,Patch Collections,Requiem Patch Central - rerun,Requiem - Immersive Sounds Compendium.esp,D:\Wabbajack\modlists\ARR 2.5\mods\Requiem Patch Central - rerun\Requiem - Immersive Sounds Compendium.esp,SIGNAL:087835:Skyrim.esm,SIGNAL,read,Armor,087835:Skyrim.esm,REQ_Amulet_GoldAmethyst,,,,Direct selected-signature raw-file enumeration.,ARMO:97|MISC:13|WEAP:67,NO-ROWS,"Primary review: lighting, compatibility, update, or balance patch records are not authoritative devotional sources; defining content records are reviewed separately.",,REJECTED
0236ae5e69dc1907,NQ092,NQ,Patch Collections,Requiem Patch Central - rerun,Requiem - Immersive Sounds Compendium.esp,D:\Wabbajack\modlists\ARR 2.5\mods\Requiem Patch Central - rerun\Requiem - Immersive Sounds Compendium.esp,SIGNAL:0878BB:Skyrim.esm,SIGNAL,read,Armor,0878BB:Skyrim.esm,REQ_Amulet_ReligionZenithar,,,,Direct selected-signature raw-file enumeration.,ARMO:97|MISC:13|WEAP:67,NO-ROWS,"Primary review: lighting, compatibility, update, or balance patch records are not authoritative devotional sources; defining content records are reviewed separately.",,REJECTED
0236ae5e69dc1907,NQ092,NQ,Patch Collections,Requiem Patch Central - rerun,Requiem - Immersive Sounds Compendium.esp,D:\Wabbajack\modlists\ARR 2.5\mods\Requiem Patch Central - rerun\Requiem - Immersive Sounds Compendium.esp,SIGNAL:090E32:Skyrim.esm,SIGNAL,read,Armor,090E32:Skyrim.esm,REQ_Var_Ring_Gold_Frida,,,,Direct selected-signature raw-file enumeration.,ARMO:97|MISC:13|WEAP:67,NO-ROWS,"Primary review: lighting, compatibility, update, or balance patch records are not authoritative devotional sources; defining content records are reviewed separately.",,REJECTED
0236ae5e69dc1907,NQ092,NQ,Patch Collections,Requiem Patch Central - rerun,Requiem - Immersive Sounds Compendium.esp,D:\Wabbajack\modlists\ARR 2.5\mods\Requiem Patch Central - rerun\Requiem - Immersive Sounds Compendium.esp,SIGNAL:09171B:Skyrim.esm,SIGNAL,read,Armor,09171B:Skyrim.esm,REQ_Amulet_Silver,,,,Direct selected-signature raw-file enumeration.,ARMO:97|MISC:13|WEAP:67,NO-ROWS,"Primary review: lighting, compatibility, update, or balance patch records are not authoritative devotional sources; defining content records are reviewed separately.",,REJECTED
0236ae5e69dc1907,NQ092,NQ,Patch Collections,Requiem Patch Central - rerun,Requiem - Immersive Sounds Compendium.esp,D:\Wabbajack\modlists\ARR 2.5\mods\Requiem Patch Central - rerun\Requiem - Immersive Sounds Compendium.esp,SIGNAL:094E3E:Skyrim.esm,SIGNAL,read,Armor,094E3E:Skyrim.esm,REQ_Var_Amulet_ReligionArkay_Andur,,,,Direct selected-signature raw-file enumeration.,ARMO:97|MISC:13|WEAP:67,NO-ROWS,"Primary review: lighting, compatibility, update, or balance patch records are not authoritative devotional sources; defining content records are reviewed separately.",,REJECTED
0236ae5e69dc1907,NQ092,NQ,Patch Collections,Requiem Patch Central - rerun,Requiem - Immersive Sounds Compendium.esp,D:\Wabbajack\modlists\ARR 2.5\mods\Requiem Patch Central - rerun\Requiem - Immersive Sounds Compendium.esp,SIGNAL:09DFF7:Skyrim.esm,SIGNAL,read,Armor,09DFF7:Skyrim.esm,REQ_NULL_TGAmuletofArticulation01,,,,Direct selected-signature raw-file enumeration.,ARMO:97|MISC:13|WEAP:67,NO-ROWS,"Primary review: lighting, compatibility, update, or balance patch records are not authoritative devotional sources; defining content records are reviewed separately.",,REJECTED
0236ae5e69dc1907,NQ092,NQ,Patch Collections,Requiem Patch Central - rerun,Requiem - Immersive Sounds Compendium.esp,D:\Wabbajack\modlists\ARR 2.5\mods\Requiem Patch Central - rerun\Requiem - Immersive Sounds Compendium.esp,SIGNAL:0BFA0A:Skyrim.esm,SIGNAL,read,Armor,0BFA0A:Skyrim.esm,REQ_Var_Amulet_ReligionZenithar_Shahvee,,,,Direct selected-signature raw-file enumeration.,ARMO:97|MISC:13|WEAP:67,NO-ROWS,"Primary review: lighting, compatibility, update, or balance patch records are not authoritative devotional sources; defining content records are reviewed separately.",,REJECTED
0236ae5e69dc1907,NQ092,NQ,Patch Collections,Requiem Patch Central - rerun,Requiem - Immersive Sounds Compendium.esp,D:\Wabbajack\modlists\ARR 2.5\mods\Requiem Patch Central - rerun\Requiem - Immersive Sounds Compendium.esp,SIGNAL:0C0164:Skyrim.esm,SIGNAL,read,Armor,0C0164:Skyrim.esm,REQ_Var_Ring_Silver_Fjola,,,,Direct selected-signature raw-file enumeration.,ARMO:97|MISC:13|WEAP:67,NO-ROWS,"Primary review: lighting, compatibility, update, or balance patch records are not authoritative devotional sources; defining content records are reviewed separately.",,REJECTED
0236ae5e69dc1907,NQ092,NQ,Patch Collections,Requiem Patch Central - rerun,Requiem - Immersive Sounds Compendium.esp,D:\Wabbajack\modlists\ARR 2.5\mods\Requiem Patch Central - rerun\Requiem - Immersive Sounds Compendium.esp,SIGNAL:0C5809:Skyrim.esm,SIGNAL,read,Armor,0C5809:Skyrim.esm,REQ_Var_Ring_Gold_Marriage,,,,Direct selected-signature raw-file enumeration.,ARMO:97|MISC:13|WEAP:67,NO-ROWS,"Primary review: lighting, compatibility, update, or balance patch records are not authoritative devotional sources; defining content records are reviewed separately.",,REJECTED
0236ae5e69dc1907,NQ092,NQ,Patch Collections,Requiem Patch Central - rerun,Requiem - Immersive Sounds Compendium.esp,D:\Wabbajack\modlists\ARR 2.5\mods\Requiem Patch Central - rerun\Requiem - Immersive Sounds Compendium.esp,SIGNAL:0C72E8:Skyrim.esm,SIGNAL,read,Armor,0C72E8:Skyrim.esm,REQ_Var_Amulet_Gold_Charmed,,,,Direct selected-signature raw-file enumeration.,ARMO:97|MISC:13|WEAP:67,NO-ROWS,"Primary review: lighting, compatibility, update, or balance patch records are not authoritative devotional sources; defining content records are reviewed separately.",,REJECTED
0236ae5e69dc1907,NQ092,NQ,Patch Collections,Requiem Patch Central - rerun,Requiem - Immersive Sounds Compendium.esp,D:\Wabbajack\modlists\ARR 2.5\mods\Requiem Patch Central - rerun\Requiem - Immersive Sounds Compendium.esp,SIGNAL:0C8911:Skyrim.esm,SIGNAL,read,Armor,0C8911:Skyrim.esm,REQ_Amulet_ReligionAkatosh,,,,Direct selected-signature raw-file enumeration.,ARMO:97|MISC:13|WEAP:67,NO-ROWS,"Primary review: lighting, compatibility, update, or balance patch records are not authoritative devotional sources; defining content records are reviewed separately.",,REJECTED
0236ae5e69dc1907,NQ092,NQ,Patch Collections,Requiem Patch Central - rerun,Requiem - Immersive Sounds Compendium.esp,D:\Wabbajack\modlists\ARR 2.5\mods\Requiem Patch Central - rerun\Requiem - Immersive Sounds Compendium.esp,SIGNAL:0C8915:Skyrim.esm,SIGNAL,read,Armor,0C8915:Skyrim.esm,REQ_Amulet_ReligionDibella,,,,Direct selected-signature raw-file enumeration.,ARMO:97|MISC:13|WEAP:67,NO-ROWS,"Primary review: lighting, compatibility, update, or balance patch records are not authoritative devotional sources; defining content records are reviewed separately.",,REJECTED
0236ae5e69dc1907,NQ092,NQ,Patch Collections,Requiem Patch Central - rerun,Requiem - Immersive Sounds Compendium.esp,D:\Wabbajack\modlists\ARR 2.5\mods\Requiem Patch Central - rerun\Requiem - Immersive Sounds Compendium.esp,SIGNAL:0C8917:Skyrim.esm,SIGNAL,read,Armor,0C8917:Skyrim.esm,REQ_Amulet_ReligionJulianos,,,,Direct selected-signature raw-file enumeration.,ARMO:97|MISC:13|WEAP:67,NO-ROWS,"Primary review: lighting, compatibility, update, or balance patch records are not authoritative devotional sources; defining content records are reviewed separately.",,REJECTED
0236ae5e69dc1907,NQ092,NQ,Patch Collections,Requiem Patch Central - rerun,Requiem - Immersive Sounds Compendium.esp,D:\Wabbajack\modlists\ARR 2.5\mods\Requiem Patch Central - rerun\Requiem - Immersive Sounds Compendium.esp,SIGNAL:0C8919:Skyrim.esm,SIGNAL,read,Armor,0C8919:Skyrim.esm,REQ_Amulet_ReligionKynareth,,,,Direct selected-signature raw-file enumeration.,ARMO:97|MISC:13|WEAP:67,NO-ROWS,"Primary review: lighting, compatibility, update, or balance patch records are not authoritative devotional sources; defining content records are reviewed separately.",,REJECTED
0236ae5e69dc1907,NQ092,NQ,Patch Collections,Requiem Patch Central - rerun,Requiem - Immersive Sounds Compendium.esp,D:\Wabbajack\modlists\ARR 2.5\mods\Requiem Patch Central - rerun\Requiem - Immersive Sounds Compendium.esp,SIGNAL:0C891B:Skyrim.esm,SIGNAL,read,Armor,0C891B:Skyrim.esm,REQ_Amulet_ReligionMara,,,,Direct selected-signature raw-file enumeration.,ARMO:97|MISC:13|WEAP:67,NO-ROWS,"Primary review: lighting, compatibility, update, or balance patch records are not authoritative devotional sources; defining content records are reviewed separately.",,REJECTED
0236ae5e69dc1907,NQ092,NQ,Patch Collections,Requiem Patch Central - rerun,Requiem - Immersive Sounds Compendium.esp,D:\Wabbajack\modlists\ARR 2.5\mods\Requiem Patch Central - rerun\Requiem - Immersive Sounds Compendium.esp,SIGNAL:0C891D:Skyrim.esm,SIGNAL,read,Armor,0C891D:Skyrim.esm,REQ_Artifact_NecromancersAmulet,,,,Direct selected-signature raw-file enumeration.,ARMO:97|MISC:13|WEAP:67,NO-ROWS,"Primary review: lighting, compatibility, update, or balance patch records are not authoritative devotional sources; defining content records are reviewed separately.",,REJECTED
0236ae5e69dc1907,NQ092,NQ,Patch Collections,Requiem Patch Central - rerun,Requiem - Immersive Sounds Compendium.esp,D:\Wabbajack\modlists\ARR 2.5\mods\Requiem Patch Central - rerun\Requiem - Immersive Sounds Compendium.esp,SIGNAL:0CC842:Skyrim.esm,SIGNAL,read,Armor,0CC842:Skyrim.esm,REQ_Amulet_AncientNord,,,,Direct selected-signature raw-file enumeration.,ARMO:97|MISC:13|WEAP:67,NO-ROWS,"Primary review: lighting, compatibility, update, or balance patch records are not authoritative devotional sources; defining content records are reviewed separately.",,REJECTED
0236ae5e69dc1907,NQ092,NQ,Patch Collections,Requiem Patch Central - rerun,Requiem - Immersive Sounds Compendium.esp,D:\Wabbajack\modlists\ARR 2.5\mods\Requiem Patch Central - rerun\Requiem - Immersive Sounds Compendium.esp,SIGNAL:0CC844:Skyrim.esm,SIGNAL,read,Armor,0CC844:Skyrim.esm,REQ_Amulet_ReligionStendarr,,,,Direct selected-signature raw-file enumeration.,ARMO:97|MISC:13|WEAP:67,NO-ROWS,"Primary review: lighting, compatibility, update, or balance patch records are not authoritative devotional sources; defining content records are reviewed separately.",,REJECTED
0236ae5e69dc1907,NQ092,NQ,Patch Collections,Requiem Patch Central - rerun,Requiem - Immersive Sounds Compendium.esp,D:\Wabbajack\modlists\ARR 2.5\mods\Requiem Patch Central - rerun\Requiem - Immersive Sounds Compendium.esp,SIGNAL:0CC846:Skyrim.esm,SIGNAL,read,Armor,0CC846:Skyrim.esm,REQ_Amulet_ReligionTalos,,,,Direct selected-signature raw-file enumeration.,ARMO:97|MISC:13|WEAP:67,NO-ROWS,"Primary review: lighting, compatibility, update, or balance patch records are not authoritative devotional sources; defining content records are reviewed separately.",,REJECTED
0236ae5e69dc1907,NQ092,NQ,Patch Collections,Requiem Patch Central - rerun,Requiem - Immersive Sounds Compendium.esp,D:\Wabbajack\modlists\ARR 2.5\mods\Requiem Patch Central - rerun\Requiem - Immersive Sounds Compendium.esp,SIGNAL:0CC848:Skyrim.esm,SIGNAL,read,Armor,0CC848:Skyrim.esm,REQ_Amulet_ReligionArkay,,,,Direct selected-signature raw-file enumeration.,ARMO:97|MISC:13|WEAP:67,NO-ROWS,"Primary review: lighting, compatibility, update, or balance patch records are not authoritative devotional sources; defining content records are reviewed separately.",,REJECTED
0236ae5e69dc1907,NQ092,NQ,Patch Collections,Requiem Patch Central - rerun,Requiem - Immersive Sounds Compendium.esp,D:\Wabbajack\modlists\ARR 2.5\mods\Requiem Patch Central - rerun\Requiem - Immersive Sounds Compendium.esp,SIGNAL:0D2328:Skyrim.esm,SIGNAL,read,Armor,0D2328:Skyrim.esm,REQ_Artifact_StrangeAmulet,,,,Direct selected-signature raw-file enumeration.,ARMO:97|MISC:13|WEAP:67,NO-ROWS,"Primary review: lighting, compatibility, update, or balance patch records are not authoritative devotional sources; defining content records are reviewed separately.",,REJECTED
0236ae5e69dc1907,NQ092,NQ,Patch Collections,Requiem Patch Central - rerun,Requiem - Immersive Sounds Compendium.esp,D:\Wabbajack\modlists\ARR 2.5\mods\Requiem Patch Central - rerun\Requiem - Immersive Sounds Compendium.esp,SIGNAL:0D3BDB:Skyrim.esm,SIGNAL,read,Armor,0D3BDB:Skyrim.esm,REQ_Var_Ring_Silver_FjolaSell,,,,Direct selected-signature raw-file enumeration.,ARMO:97|MISC:13|WEAP:67,NO-ROWS,"Primary review: lighting, compatibility, update, or balance patch records are not authoritative devotional sources; defining content records are reviewed separately.",,REJECTED
0236ae5e69dc1907,NQ092,NQ,Patch Collections,Requiem Patch Central - rerun,Requiem - Immersive Sounds Compendium.esp,D:\Wabbajack\modlists\ARR 2.5\mods\Requiem Patch Central - rerun\Requiem - Immersive Sounds Compendium.esp,SIGNAL:0D4FF7:Skyrim.esm,SIGNAL,read,Armor,0D4FF7:Skyrim.esm,REQ_Var_Amulet_Silver_Yisras,,,,Direct selected-signature raw-file enumeration.,ARMO:97|MISC:13|WEAP:67,NO-ROWS,"Primary review: lighting, compatibility, update, or balance patch records are not authoritative devotional sources; defining content records are reviewed separately.",,REJECTED
0236ae5e69dc1907,NQ092,NQ,Patch Collections,Requiem Patch Central - rerun,Requiem - Immersive Sounds Compendium.esp,D:\Wabbajack\modlists\ARR 2.5\mods\Requiem Patch Central - rerun\Requiem - Immersive Sounds Compendium.esp,SIGNAL:0D5047:Skyrim.esm,SIGNAL,read,Armor,0D5047:Skyrim.esm,REQ_Var_Ring_SilverAmethyst_IlasTeis,,,,Direct selected-signature raw-file enumeration.,ARMO:97|MISC:13|WEAP:67,NO-ROWS,"Primary review: lighting, compatibility, update, or balance patch records are not authoritative devotional sources; defining content records are reviewed separately.",,REJECTED
0236ae5e69dc1907,NQ092,NQ,Patch Collections,Requiem Patch Central - rerun,Requiem - Immersive Sounds Compendium.esp,D:\Wabbajack\modlists\ARR 2.5\mods\Requiem Patch Central - rerun\Requiem - Immersive Sounds Compendium.esp,SIGNAL:0D8482:Skyrim.esm,SIGNAL,read,Armor,0D8482:Skyrim.esm,REQ_Var_Ring_Silver_Calcemo,,,,Direct selected-signature raw-file enumeration.,ARMO:97|MISC:13|WEAP:67,NO-ROWS,"Primary review: lighting, compatibility, update, or balance patch records are not authoritative devotional sources; defining content records are reviewed separately.",,REJECTED
0236ae5e69dc1907,NQ092,NQ,Patch Collections,Requiem Patch Central - rerun,Requiem - Immersive Sounds Compendium.esp,D:\Wabbajack\modlists\ARR 2.5\mods\Requiem Patch Central - rerun\Requiem - Immersive Sounds Compendium.esp,SIGNAL:0D9394:Skyrim.esm,SIGNAL,read,Armor,0D9394:Skyrim.esm,REQ_Var_Amulet_Silver_Kharjo,,,,Direct selected-signature raw-file enumeration.,ARMO:97|MISC:13|WEAP:67,NO-ROWS,"Primary review: lighting, compatibility, update, or balance patch records are not authoritative devotional sources; defining content records are reviewed separately.",,REJECTED
0236ae5e69dc1907,NQ092,NQ,Patch Collections,Requiem Patch Central - rerun,Requiem - Immersive Sounds Compendium.esp,D:\Wabbajack\modlists\ARR 2.5\mods\Requiem Patch Central - rerun\Requiem - Immersive Sounds Compendium.esp,SIGNAL:0F1B33:Skyrim.esm,SIGNAL,read,Armor,0F1B33:Skyrim.esm,REQ_Var_Amulet_SilverSapphire_Savos,,,,Direct selected-signature raw-file enumeration.,ARMO:97|MISC:13|WEAP:67,NO-ROWS,"Primary review: lighting, compatibility, update, or balance patch records are not authoritative devotional sources; defining content records are reviewed separately.",,REJECTED
0236ae5e69dc1907,NQ092,NQ,Patch Collections,Requiem Patch Central - rerun,Requiem - Immersive Sounds Compendium.esp,D:\Wabbajack\modlists\ARR 2.5\mods\Requiem Patch Central - rerun\Requiem - Immersive Sounds Compendium.esp,SIGNAL:0F5A1C:Skyrim.esm,SIGNAL,read,Armor,0F5A1C:Skyrim.esm,REQ_Var_Ring_Gold_Vittoria,,,,Direct selected-signature raw-file enumeration.,ARMO:97|MISC:13|WEAP:67,NO-ROWS,"Primary review: lighting, compatibility, update, or balance patch records are not authoritative devotional sources; defining content records are reviewed separately.",,REJECTED
0236ae5e69dc1907,NQ092,NQ,Patch Collections,Requiem Patch Central - rerun,Requiem - Immersive Sounds Compendium.esp,D:\Wabbajack\modlists\ARR 2.5\mods\Requiem Patch Central - rerun\Requiem - Immersive Sounds Compendium.esp,SIGNAL:0F5A1D:Skyrim.esm,SIGNAL,read,Armor,0F5A1D:Skyrim.esm,REQ_Var_Ring_Gold_Asgeir,,,,Direct selected-signature raw-file enumeration.,ARMO:97|MISC:13|WEAP:67,NO-ROWS,"Primary review: lighting, compatibility, update, or balance patch records are not authoritative devotional sources; defining content records are reviewed separately.",,REJECTED
0236ae5e69dc1907,NQ092,NQ,Patch Collections,Requiem Patch Central - rerun,Requiem - Immersive Sounds Compendium.esp,D:\Wabbajack\modlists\ARR 2.5\mods\Requiem Patch Central - rerun\Requiem - Immersive Sounds Compendium.esp,SIGNAL:0F6904:Skyrim.esm,SIGNAL,read,Armor,0F6904:Skyrim.esm,REQ_NULL_TGAmuletofArticulation02,,,,Direct selected-signature raw-file enumeration.,ARMO:97|MISC:13|WEAP:67,NO-ROWS,"Primary review: lighting, compatibility, update, or balance patch records are not authoritative devotional sources; defining content records are reviewed separately.",,REJECTED
0236ae5e69dc1907,NQ092,NQ,Patch Collections,Requiem Patch Central - rerun,Requiem - Immersive Sounds Compendium.esp,D:\Wabbajack\modlists\ARR 2.5\mods\Requiem Patch Central - rerun\Requiem - Immersive Sounds Compendium.esp,SIGNAL:0F690D:Skyrim.esm,SIGNAL,read,Armor,0F690D:Skyrim.esm,REQ_NULL_TGAmuletofArticulation03,,,,Direct selected-signature raw-file enumeration.,ARMO:97|MISC:13|WEAP:67,NO-ROWS,"Primary review: lighting, compatibility, update, or balance patch records are not authoritative devotional sources; defining content records are reviewed separately.",,REJECTED
0236ae5e69dc1907,NQ092,NQ,Patch Collections,Requiem Patch Central - rerun,Requiem - Immersive Sounds Compendium.esp,D:\Wabbajack\modlists\ARR 2.5\mods\Requiem Patch Central - rerun\Requiem - Immersive Sounds Compendium.esp,SIGNAL:0F690E:Skyrim.esm,SIGNAL,read,Armor,0F690E:Skyrim.esm,REQ_NULL_TGAmuletofArticulation04,,,,Direct selected-signature raw-file enumeration.,ARMO:97|MISC:13|WEAP:67,NO-ROWS,"Primary review: lighting, compatibility, update, or balance patch records are not authoritative devotional sources; defining content records are reviewed separately.",,REJECTED
0236ae5e69dc1907,NQ092,NQ,Patch Collections,Requiem Patch Central - rerun,Requiem - Immersive Sounds Compendium.esp,D:\Wabbajack\modlists\ARR 2.5\mods\Requiem Patch Central - rerun\Requiem - Immersive Sounds Compendium.esp,SIGNAL:0F690F:Skyrim.esm,SIGNAL,read,Armor,0F690F:Skyrim.esm,REQ_NULL_TGAmuletofArticulation05,,,,Direct selected-signature raw-file enumeration.,ARMO:97|MISC:13|WEAP:67,NO-ROWS,"Primary review: lighting, compatibility, update, or balance patch records are not authoritative devotional sources; defining content records are reviewed separately.",,REJECTED
0236ae5e69dc1907,NQ092,NQ,Patch Collections,Requiem Patch Central - rerun,Requiem - Immersive Sounds Compendium.esp,D:\Wabbajack\modlists\ARR 2.5\mods\Requiem Patch Central - rerun\Requiem - Immersive Sounds Compendium.esp,SIGNAL:0F6910:Skyrim.esm,SIGNAL,read,Armor,0F6910:Skyrim.esm,REQ_NULL_TGAmuletofArticulation06,,,,Direct selected-signature raw-file enumeration.,ARMO:97|MISC:13|WEAP:67,NO-ROWS,"Primary review: lighting, compatibility, update, or balance patch records are not authoritative devotional sources; defining content records are reviewed separately.",,REJECTED
0236ae5e69dc1907,NQ092,NQ,Patch Collections,Requiem Patch Central - rerun,Requiem - Immersive Sounds Compendium.esp,D:\Wabbajack\modlists\ARR 2.5\mods\Requiem Patch Central - rerun\Requiem - Immersive Sounds Compendium.esp,SIGNAL:0F6911:Skyrim.esm,SIGNAL,read,Armor,0F6911:Skyrim.esm,REQ_Artifact_AmuletOfArticulation,,,,Direct selected-signature raw-file enumeration.,ARMO:97|MISC:13|WEAP:67,NO-ROWS,"Primary review: lighting, compatibility, update, or balance patch records are not authoritative devotional sources; defining content records are reviewed separately.",,REJECTED
0236ae5e69dc1907,NQ092,NQ,Patch Collections,Requiem Patch Central - rerun,Requiem - Immersive Sounds Compendium.esp,D:\Wabbajack\modlists\ARR 2.5\mods\Requiem Patch Central - rerun\Requiem - Immersive Sounds Compendium.esp,SIGNAL:0F82FE:Skyrim.esm,SIGNAL,read,Armor,0F82FE:Skyrim.esm,REQ_Artifact_CursedRingOfHircine,,,,Direct selected-signature raw-file enumeration.,ARMO:97|MISC:13|WEAP:67,NO-ROWS,"Primary review: lighting, compatibility, update, or balance patch records are not authoritative devotional sources; defining content records are reviewed separately.",,REJECTED
0236ae5e69dc1907,NQ092,NQ,Patch Collections,Requiem Patch Central - rerun,Requiem - Immersive Sounds Compendium.esp,D:\Wabbajack\modlists\ARR 2.5\mods\Requiem Patch Central - rerun\Requiem - Immersive Sounds Compendium.esp,SIGNAL:0FDEAF:Skyrim.esm,SIGNAL,read,Armor,0FDEAF:Skyrim.esm,REQ_NP_Amulet_AmuletOfArticulation,,,,Direct selected-signature raw-file enumeration.,ARMO:97|MISC:13|WEAP:67,NO-ROWS,"Primary review: lighting, compatibility, update, or balance patch records are not authoritative devotional sources; defining content records are reviewed separately.",,REJECTED
0236ae5e69dc1907,NQ092,NQ,Patch Collections,Requiem Patch Central - rerun,Requiem - Immersive Sounds Compendium.esp,D:\Wabbajack\modlists\ARR 2.5\mods\Requiem Patch Central - rerun\Requiem - Immersive Sounds Compendium.esp,SIGNAL:107E2D:Skyrim.esm,SIGNAL,read,Armor,107E2D:Skyrim.esm,REQ_Artifact_KynesToken,,,,Direct selected-signature raw-file enumeration.,ARMO:97|MISC:13|WEAP:67,NO-ROWS,"Primary review: lighting, compatibility, update, or balance patch records are not authoritative devotional sources; defining content records are reviewed separately.",,REJECTED
0236ae5e69dc1907,NQ092,NQ,Patch Collections,Requiem Patch Central - rerun,Requiem - Immersive Sounds Compendium.esp,D:\Wabbajack\modlists\ARR 2.5\mods\Requiem Patch Central - rerun\Requiem - Immersive Sounds Compendium.esp,SIGNAL:0068AE:Dawnguard.esm,SIGNAL,read,Armor,0068AE:Dawnguard.esm,REQ_Artifact_AmuletOfBats,,,,Direct selected-signature raw-file enumeration.,ARMO:97|MISC:13|WEAP:67,NO-ROWS,"Primary review: lighting, compatibility, update, or balance patch records are not authoritative devotional sources; defining content records are reviewed separately.",,REJECTED
0236ae5e69dc1907,NQ092,NQ,Patch Collections,Requiem Patch Central - rerun,Requiem - Immersive Sounds Compendium.esp,D:\Wabbajack\modlists\ARR 2.5\mods\Requiem Patch Central - rerun\Requiem - Immersive Sounds Compendium.esp,SIGNAL:00E7FD:Dawnguard.esm,SIGNAL,read,Armor,00E7FD:Dawnguard.esm,REQ_Artifact_RingOfTheBeast,,,,Direct selected-signature raw-file enumeration.,ARMO:97|MISC:13|WEAP:67,NO-ROWS,"Primary review: lighting, compatibility, update, or balance patch records are not authoritative devotional sources; defining content records are reviewed separately.",,REJECTED
0236ae5e69dc1907,NQ092,NQ,Patch Collections,Requiem Patch Central - rerun,Requiem - Immersive Sounds Compendium.esp,D:\Wabbajack\modlists\ARR 2.5\mods\Requiem Patch Central - rerun\Requiem - Immersive Sounds Compendium.esp,SIGNAL:00E7FE:Dawnguard.esm,SIGNAL,read,Armor,00E7FE:Dawnguard.esm,REQ_Artifact_RingOfTheErudite,,,,Direct selected-signature raw-file enumeration.,ARMO:97|MISC:13|WEAP:67,NO-ROWS,"Primary review: lighting, compatibility, update, or balance patch records are not authoritative devotional sources; defining content records are reviewed separately.",,REJECTED
0236ae5e69dc1907,NQ092,NQ,Patch Collections,Requiem Patch Central - rerun,Requiem - Immersive Sounds Compendium.esp,D:\Wabbajack\modlists\ARR 2.5\mods\Requiem Patch Central - rerun\Requiem - Immersive Sounds Compendium.esp,SIGNAL:00F4D5:Dawnguard.esm,SIGNAL,read,Armor,00F4D5:Dawnguard.esm,REQ_Artifact_AmuletOfTheGargoyle,,,,Direct selected-signature raw-file enumeration.,ARMO:97|MISC:13|WEAP:67,NO-ROWS,"Primary review: lighting, compatibility, update, or balance patch records are not authoritative devotional sources; defining content records are reviewed separately.",,REJECTED
0236ae5e69dc1907,NQ092,NQ,Patch Collections,Requiem Patch Central - rerun,Requiem - Immersive Sounds Compendium.esp,D:\Wabbajack\modlists\ARR 2.5\mods\Requiem Patch Central - rerun\Requiem - Immersive Sounds Compendium.esp,SIGNAL:011CF5:Dawnguard.esm,SIGNAL,read,Armor,011CF5:Dawnguard.esm,REQ_Ring_BoneHawk,,,,Direct selected-signature raw-file enumeration.,ARMO:97|MISC:13|WEAP:67,NO-ROWS,"Primary review: lighting, compatibility, update, or balance patch records are not authoritative devotional sources; defining content records are reviewed separately.",,REJECTED
0236ae5e69dc1907,NQ092,NQ,Patch Collections,Requiem Patch Central - rerun,Requiem - Immersive Sounds Compendium.esp,D:\Wabbajack\modlists\ARR 2.5\mods\Requiem Patch Central - rerun\Requiem - Immersive Sounds Compendium.esp,SIGNAL:018B91:Dawnguard.esm,SIGNAL,read,Armor,018B91:Dawnguard.esm,REQ_Var_Amulet_GoldAmethyst_LocketOfSaintJiub,,,,Direct selected-signature raw-file enumeration.,ARMO:97|MISC:13|WEAP:67,NO-ROWS,"Primary review: lighting, compatibility, update, or balance patch records are not authoritative devotional sources; defining content records are reviewed separately.",,REJECTED
0236ae5e69dc1907,NQ092,NQ,Patch Collections,Requiem Patch Central - rerun,Requiem - Immersive Sounds Compendium.esp,D:\Wabbajack\modlists\ARR 2.5\mods\Requiem Patch Central - rerun\Requiem - Immersive Sounds Compendium.esp,SIGNAL:01AA0B:Dawnguard.esm,SIGNAL,read,Armor,01AA0B:Dawnguard.esm,REQ_Amulet_BoneHawk,,,,Direct selected-signature raw-file enumeration.,ARMO:97|MISC:13|WEAP:67,NO-ROWS,"Primary review: lighting, compatibility, update, or balance patch records are not authoritative devotional sources; defining content records are reviewed separately.",,REJECTED
0236ae5e69dc1907,NQ092,NQ,Patch Collections,Requiem Patch Central - rerun,Requiem - Immersive Sounds Compendium.esp,D:\Wabbajack\modlists\ARR 2.5\mods\Requiem Patch Central - rerun\Requiem - Immersive Sounds Compendium.esp,SIGNAL:01961C:Dragonborn.esm,SIGNAL,read,Armor,01961C:Dragonborn.esm,REQ_Var_Ring_SilverGarnet_Neloth,,,,Direct selected-signature raw-file enumeration.,ARMO:97|MISC:13|WEAP:67,NO-ROWS,"Primary review: lighting, compatibility, update, or balance patch records are not authoritative devotional sources; defining content records are reviewed separately.",,REJECTED
0236ae5e69dc1907,NQ092,NQ,Patch Collections,Requiem Patch Central - rerun,Requiem - Immersive Sounds Compendium.esp,D:\Wabbajack\modlists\ARR 2.5\mods\Requiem Patch Central - rerun\Requiem - Immersive Sounds Compendium.esp,SIGNAL:01DB9A:Dragonborn.esm,SIGNAL,read,Armor,01DB9A:Dragonborn.esm,REQ_Artifact_AhzidalsRingOfNecromancy,,,,Direct selected-signature raw-file enumeration.,ARMO:97|MISC:13|WEAP:67,NO-ROWS,"Primary review: lighting, compatibility, update, or balance patch records are not authoritative devotional sources; defining content records are reviewed separately.",,REJECTED
0236ae5e69dc1907,NQ092,NQ,Patch Collections,Requiem Patch Central - rerun,Requiem - Immersive Sounds Compendium.esp,D:\Wabbajack\modlists\ARR 2.5\mods\Requiem Patch Central - rerun\Requiem - Immersive Sounds Compendium.esp,SIGNAL:01DB9B:Dragonborn.esm,SIGNAL,read,Armor,01DB9B:Dragonborn.esm,REQ_Artifact_AhzidalsRingOfArcana,,,,Direct selected-signature raw-file enumeration.,ARMO:97|MISC:13|WEAP:67,NO-ROWS,"Primary review: lighting, compatibility, update, or balance patch records are not authoritative devotional sources; defining content records are reviewed separately.",,REJECTED
0236ae5e69dc1907,NQ092,NQ,Patch Collections,Requiem Patch Central - rerun,Requiem - Immersive Sounds Compendium.esp,D:\Wabbajack\modlists\ARR 2.5\mods\Requiem Patch Central - rerun\Requiem - Immersive Sounds Compendium.esp,SIGNAL:024FA4:Dragonborn.esm,SIGNAL,read,Armor,024FA4:Dragonborn.esm,REQ_Amulet_EastEmpire,,,,Direct selected-signature raw-file enumeration.,ARMO:97|MISC:13|WEAP:67,NO-ROWS,"Primary review: lighting, compatibility, update, or balance patch records are not authoritative devotional sources; defining content records are reviewed separately.",,REJECTED
0236ae5e69dc1907,NQ092,NQ,Patch Collections,Requiem Patch Central - rerun,Requiem - Immersive Sounds Compendium.esp,D:\Wabbajack\modlists\ARR 2.5\mods\Requiem Patch Central - rerun\Requiem - Immersive Sounds Compendium.esp,SIGNAL:0275B6:Dragonborn.esm,SIGNAL,read,Armor,0275B6:Dragonborn.esm,REQ_Artifact_RingOfBloodlust,,,,Direct selected-signature raw-file enumeration.,ARMO:97|MISC:13|WEAP:67,NO-ROWS,"Primary review: lighting, compatibility, update, or balance patch records are not authoritative devotional sources; defining content records are reviewed separately.",,REJECTED
0236ae5e69dc1907,NQ092,NQ,Patch Collections,Requiem Patch Central - rerun,Requiem - Immersive Sounds Compendium.esp,D:\Wabbajack\modlists\ARR 2.5\mods\Requiem Patch Central - rerun\Requiem - Immersive Sounds Compendium.esp,SIGNAL:0275B7:Dragonborn.esm,SIGNAL,read,Armor,0275B7:Dragonborn.esm,REQ_Artifact_RingOfInstinct,,,,Direct selected-signature raw-file enumeration.,ARMO:97|MISC:13|WEAP:67,NO-ROWS,"Primary review: lighting, compatibility, update, or balance patch records are not authoritative devotional sources; defining content records are reviewed separately.",,REJECTED
0236ae5e69dc1907,NQ092,NQ,Patch Collections,Requiem Patch Central - rerun,Requiem - Immersive Sounds Compendium.esp,D:\Wabbajack\modlists\ARR 2.5\mods\Requiem Patch Central - rerun\Requiem - Immersive Sounds Compendium.esp,SIGNAL:0275B8:Dragonborn.esm,SIGNAL,read,Armor,0275B8:Dragonborn.esm,REQ_Artifact_RingOfTheMoon,,,,Direct selected-signature raw-file enumeration.,ARMO:97|MISC:13|WEAP:67,NO-ROWS,"Primary review: lighting, compatibility, update, or balance patch records are not authoritative devotional sources; defining content records are reviewed separately.",,REJECTED
0236ae5e69dc1907,NQ092,NQ,Patch Collections,Requiem Patch Central - rerun,Requiem - Immersive Sounds Compendium.esp,D:\Wabbajack\modlists\ARR 2.5\mods\Requiem Patch Central - rerun\Requiem - Immersive Sounds Compendium.esp,SIGNAL:0275B9:Dragonborn.esm,SIGNAL,read,Armor,0275B9:Dragonborn.esm,REQ_Artifact_RingOfTheHunt,,,,Direct selected-signature raw-file enumeration.,ARMO:97|MISC:13|WEAP:67,NO-ROWS,"Primary review: lighting, compatibility, update, or balance patch records are not authoritative devotional sources; defining content records are reviewed separately.",,REJECTED
0236ae5e69dc1907,NQ092,NQ,Patch Collections,Requiem Patch Central - rerun,Requiem - Immersive Sounds Compendium.esp,D:\Wabbajack\modlists\ARR 2.5\mods\Requiem Patch Central - rerun\Requiem - Immersive Sounds Compendium.esp,SIGNAL:02C8AD:Dragonborn.esm,SIGNAL,read,Armor,02C8AD:Dragonborn.esm,REQ_Var_Amulet_SilverSapphire_Bera,,,,Direct selected-signature raw-file enumeration.,ARMO:97|MISC:13|WEAP:67,NO-ROWS,"Primary review: lighting, compatibility, update, or balance patch records are not authoritative devotional sources; defining content records are reviewed separately.",,REJECTED
0236ae5e69dc1907,NQ092,NQ,Patch Collections,Requiem Patch Central - rerun,Requiem - Immersive Sounds Compendium.esp,D:\Wabbajack\modlists\ARR 2.5\mods\Requiem Patch Central - rerun\Requiem - Immersive Sounds Compendium.esp,SIGNAL:0008E3:ccbgssse001-fish.esm,SIGNAL,read,Armor,0008E3:ccbgssse001-fish.esm,REQ_Artifact_RingOfPhynaster,,,,Direct selected-signature raw-file enumeration.,ARMO:97|MISC:13|WEAP:67,NO-ROWS,"Primary review: lighting, compatibility, update, or balance patch records are not authoritative devotional sources; defining content records are reviewed separately.",,REJECTED
0236ae5e69dc1907,NQ092,NQ,Patch Collections,Requiem Patch Central - rerun,Requiem - Immersive Sounds Compendium.esp,D:\Wabbajack\modlists\ARR 2.5\mods\Requiem Patch Central - rerun\Requiem - Immersive Sounds Compendium.esp,SIGNAL:000B29:ccbgssse001-fish.esm,SIGNAL,read,Armor,000B29:ccbgssse001-fish.esm,REQ_Artifact_MentorsRing,,,,Direct selected-signature raw-file enumeration.,ARMO:97|MISC:13|WEAP:67,NO-ROWS,"Primary review: lighting, compatibility, update, or balance patch records are not authoritative devotional sources; defining content records are reviewed separately.",,REJECTED
0236ae5e69dc1907,NQ092,NQ,Patch Collections,Requiem Patch Central - rerun,Requiem - Immersive Sounds Compendium.esp,D:\Wabbajack\modlists\ARR 2.5\mods\Requiem Patch Central - rerun\Requiem - Immersive Sounds Compendium.esp,SIGNAL:000B2A:ccbgssse001-fish.esm,SIGNAL,read,Armor,000B2A:ccbgssse001-fish.esm,REQ_Artifact_WarlocksRing,,,,Direct selected-signature raw-file enumeration.,ARMO:97|MISC:13|WEAP:67,NO-ROWS,"Primary review: lighting, compatibility, update, or balance patch records are not authoritative devotional sources; defining content records are reviewed separately.",,REJECTED
0236ae5e69dc1907,NQ092,NQ,Patch Collections,Requiem Patch Central - rerun,Requiem - Immersive Sounds Compendium.esp,D:\Wabbajack\modlists\ARR 2.5\mods\Requiem Patch Central - rerun\Requiem - Immersive Sounds Compendium.esp,SIGNAL:000B2B:ccbgssse001-fish.esm,SIGNAL,read,Armor,000B2B:ccbgssse001-fish.esm,REQ_Artifact_DenstagmersRing,,,,Direct selected-signature raw-file enumeration.,ARMO:97|MISC:13|WEAP:67,NO-ROWS,"Primary review: lighting, compatibility, update, or balance patch records are not authoritative devotional sources; defining content records are reviewed separately.",,REJECTED
0236ae5e69dc1907,NQ092,NQ,Patch Collections,Requiem Patch Central - rerun,Requiem - Immersive Sounds Compendium.esp,D:\Wabbajack\modlists\ARR 2.5\mods\Requiem Patch Central - rerun\Requiem - Immersive Sounds Compendium.esp,SIGNAL:000B94:ccbgssse001-fish.esm,SIGNAL,read,Armor,000B94:ccbgssse001-fish.esm,REQ_Artifact_RingOfKhajiit,,,,Direct selected-signature raw-file enumeration.,ARMO:97|MISC:13|WEAP:67,NO-ROWS,"Primary review: lighting, compatibility, update, or balance patch records are not authoritative devotional sources; defining content records are reviewed separately.",,REJECTED
0236ae5e69dc1907,NQ092,NQ,Patch Collections,Requiem Patch Central - rerun,Requiem - Immersive Sounds Compendium.esp,D:\Wabbajack\modlists\ARR 2.5\mods\Requiem Patch Central - rerun\Requiem - Immersive Sounds Compendium.esp,SIGNAL:000BA0:ccbgssse001-fish.esm,SIGNAL,read,Armor,000BA0:ccbgssse001-fish.esm,REQ_Artifact_RingOfTheWind,,,,Direct selected-signature raw-file enumeration.,ARMO:97|MISC:13|WEAP:67,NO-ROWS,"Primary review: lighting, compatibility, update, or balance patch records are not authoritative devotional sources; defining content records are reviewed separately.",,REJECTED
0236ae5e69dc1907,NQ092,NQ,Patch Collections,Requiem Patch Central - rerun,Requiem - Immersive Sounds Compendium.esp,D:\Wabbajack\modlists\ARR 2.5\mods\Requiem Patch Central - rerun\Requiem - Immersive Sounds Compendium.esp,SIGNAL:000BC0:ccbgssse001-fish.esm,SIGNAL,read,Armor,000BC0:ccbgssse001-fish.esm,ccBGSSSE001_ArtifactRingSurroundings,,,,Direct selected-signature raw-file enumeration.,ARMO:97|MISC:13|WEAP:67,NO-ROWS,"Primary review: lighting, compatibility, update, or balance patch records are not authoritative devotional sources; defining content records are reviewed separately.",,REJECTED
0236ae5e69dc1907,NQ092,NQ,Patch Collections,Requiem Patch Central - rerun,Requiem - Immersive Sounds Compendium.esp,D:\Wabbajack\modlists\ARR 2.5\mods\Requiem Patch Central - rerun\Requiem - Immersive Sounds Compendium.esp,SIGNAL:000C07:ccbgssse001-fish.esm,SIGNAL,read,Armor,000C07:ccbgssse001-fish.esm,ccBGSSSE001_ArtifactRingVampiric,,,,Direct selected-signature raw-file enumeration.,ARMO:97|MISC:13|WEAP:67,NO-ROWS,"Primary review: lighting, compatibility, update, or balance patch records are not authoritative devotional sources; defining content records are reviewed separately.",,REJECTED
0236ae5e69dc1907,NQ092,NQ,Patch Collections,Requiem Patch Central - rerun,Requiem - Immersive Sounds Compendium.esp,D:\Wabbajack\modlists\ARR 2.5\mods\Requiem Patch Central - rerun\Requiem - Immersive Sounds Compendium.esp,SIGNAL:000F07:ccbgssse001-fish.esm,SIGNAL,read,Armor,000F07:ccbgssse001-fish.esm,ccBGSSSE001_MudcrabAmulet,,,,Direct selected-signature raw-file enumeration.,ARMO:97|MISC:13|WEAP:67,NO-ROWS,"Primary review: lighting, compatibility, update, or balance patch records are not authoritative devotional sources; defining content records are reviewed separately.",,REJECTED
0236ae5e69dc1907,NQ092,NQ,Patch Collections,Requiem Patch Central - rerun,Requiem - Immersive Sounds Compendium.esp,D:\Wabbajack\modlists\ARR 2.5\mods\Requiem Patch Central - rerun\Requiem - Immersive Sounds Compendium.esp,SIGNAL:0EA5CC:ccbgssse001-fish.esm,SIGNAL,read,Armor,0EA5CC:ccbgssse001-fish.esm,ccBGSSSE001_RingOfKynareth,,,,Direct selected-signature raw-file enumeration.,ARMO:97|MISC:13|WEAP:67,NO-ROWS,"Primary review: lighting, compatibility, update, or balance patch records are not authoritative devotional sources; defining content records are reviewed separately.",,REJECTED
0236ae5e69dc1907,NQ092,NQ,Patch Collections,Requiem Patch Central - rerun,Requiem - Immersive Sounds Compendium.esp,D:\Wabbajack\modlists\ARR 2.5\mods\Requiem Patch Central - rerun\Requiem - Immersive Sounds Compendium.esp,SIGNAL:1D8FF2:ccbgssse001-fish.esm,SIGNAL,read,Armor,1D8FF2:ccbgssse001-fish.esm,ccBGSSSE001_MudcrabAmuletUnenchanted,,,,Direct selected-signature raw-file enumeration.,ARMO:97|MISC:13|WEAP:67,NO-ROWS,"Primary review: lighting, compatibility, update, or balance patch records are not authoritative devotional sources; defining content records are reviewed separately.",,REJECTED
0236ae5e69dc1907,NQ092,NQ,Patch Collections,Requiem Patch Central - rerun,Requiem - Immersive Sounds Compendium.esp,D:\Wabbajack\modlists\ARR 2.5\mods\Requiem Patch Central - rerun\Requiem - Immersive Sounds Compendium.esp,SIGNAL:AD3B3E:Requiem.esp,SIGNAL,read,Armor,AD3B3E:Requiem.esp,REQ_Var_Ring_GoldEmerald_Inebriation,,,,Direct selected-signature raw-file enumeration.,ARMO:97|MISC:13|WEAP:67,NO-ROWS,"Primary review: lighting, compatibility, update, or balance patch records are not authoritative devotional sources; defining content records are reviewed separately.",,REJECTED
0236ae5e69dc1907,NQ092,NQ,Patch Collections,Requiem Patch Central - rerun,Requiem - Immersive Sounds Compendium.esp,D:\Wabbajack\modlists\ARR 2.5\mods\Requiem Patch Central - rerun\Requiem - Immersive Sounds Compendium.esp,SIGNAL:00000A:Skyrim.esm,SIGNAL,read,MiscItem,00000A:Skyrim.esm,Lockpick,,,,Direct selected-signature raw-file enumeration.,ARMO:97|MISC:13|WEAP:67,NO-ROWS,"Primary review: lighting, compatibility, update, or balance patch records are not authoritative devotional sources; defining content records are reviewed separately.",,REJECTED
0236ae5e69dc1907,NQ092,NQ,Patch Collections,Requiem Patch Central - rerun,Requiem - Immersive Sounds Compendium.esp,D:\Wabbajack\modlists\ARR 2.5\mods\Requiem Patch Central - rerun\Requiem - Immersive Sounds Compendium.esp,SIGNAL:063B42:Skyrim.esm,SIGNAL,read,MiscItem,063B42:Skyrim.esm,GemRuby,,,,Direct selected-signature raw-file enumeration.,ARMO:97|MISC:13|WEAP:67,NO-ROWS,"Primary review: lighting, compatibility, update, or balance patch records are not authoritative devotional sources; defining content records are reviewed separately.",,REJECTED
0236ae5e69dc1907,NQ092,NQ,Patch Collections,Requiem Patch Central - rerun,Requiem - Immersive Sounds Compendium.esp,D:\Wabbajack\modlists\ARR 2.5\mods\Requiem Patch Central - rerun\Requiem - Immersive Sounds Compendium.esp,SIGNAL:063B43:Skyrim.esm,SIGNAL,read,MiscItem,063B43:Skyrim.esm,GemEmerald,,,,Direct selected-signature raw-file enumeration.,ARMO:97|MISC:13|WEAP:67,NO-ROWS,"Primary review: lighting, compatibility, update, or balance patch records are not authoritative devotional sources; defining content records are reviewed separately.",,REJECTED
0236ae5e69dc1907,NQ092,NQ,Patch Collections,Requiem Patch Central - rerun,Requiem - Immersive Sounds Compendium.esp,D:\Wabbajack\modlists\ARR 2.5\mods\Requiem Patch Central - rerun\Requiem - Immersive Sounds Compendium.esp,SIGNAL:063B44:Skyrim.esm,SIGNAL,read,MiscItem,063B44:Skyrim.esm,GemSapphire,,,,Direct selected-signature raw-file enumeration.,ARMO:97|MISC:13|WEAP:67,NO-ROWS,"Primary review: lighting, compatibility, update, or balance patch records are not authoritative devotional sources; defining content records are reviewed separately.",,REJECTED
0236ae5e69dc1907,NQ092,NQ,Patch Collections,Requiem Patch Central - rerun,Requiem - Immersive Sounds Compendium.esp,D:\Wabbajack\modlists\ARR 2.5\mods\Requiem Patch Central - rerun\Requiem - Immersive Sounds Compendium.esp,SIGNAL:063B45:Skyrim.esm,SIGNAL,read,MiscItem,063B45:Skyrim.esm,GemGarnet,,,,Direct selected-signature raw-file enumeration.,ARMO:97|MISC:13|WEAP:67,NO-ROWS,"Primary review: lighting, compatibility, update, or balance patch records are not authoritative devotional sources; defining content records are reviewed separately.",,REJECTED
0236ae5e69dc1907,NQ092,NQ,Patch Collections,Requiem Patch Central - rerun,Requiem - Immersive Sounds Compendium.esp,D:\Wabbajack\modlists\ARR 2.5\mods\Requiem Patch Central - rerun\Requiem - Immersive Sounds Compendium.esp,SIGNAL:063B46:Skyrim.esm,SIGNAL,read,MiscItem,063B46:Skyrim.esm,GemAmethyst,,,,Direct selected-signature raw-file enumeration.,ARMO:97|MISC:13|WEAP:67,NO-ROWS,"Primary review: lighting, compatibility, update, or balance patch records are not authoritative devotional sources; defining content records are reviewed separately.",,REJECTED
0236ae5e69dc1907,NQ092,NQ,Patch Collections,Requiem Patch Central - rerun,Requiem - Immersive Sounds Compendium.esp,D:\Wabbajack\modlists\ARR 2.5\mods\Requiem Patch Central - rerun\Requiem - Immersive Sounds Compendium.esp,SIGNAL:063B47:Skyrim.esm,SIGNAL,read,MiscItem,063B47:Skyrim.esm,GemDiamond,,,,Direct selected-signature raw-file enumeration.,ARMO:97|MISC:13|WEAP:67,NO-ROWS,"Primary review: lighting, compatibility, update, or balance patch records are not authoritative devotional sources; defining content records are reviewed separately.",,REJECTED
0236ae5e69dc1907,NQ092,NQ,Patch Collections,Requiem Patch Central - rerun,Requiem - Immersive Sounds Compendium.esp,D:\Wabbajack\modlists\ARR 2.5\mods\Requiem Patch Central - rerun\Requiem - Immersive Sounds Compendium.esp,SIGNAL:06851E:Skyrim.esm,SIGNAL,read,MiscItem,06851E:Skyrim.esm,GemAmethystFlawless,,,,Direct selected-signature raw-file enumeration.,ARMO:97|MISC:13|WEAP:67,NO-ROWS,"Primary review: lighting, compatibility, update, or balance patch records are not authoritative devotional sources; defining content records are reviewed separately.",,REJECTED
0236ae5e69dc1907,NQ092,NQ,Patch Collections,Requiem Patch Central - rerun,Requiem - Immersive Sounds Compendium.esp,D:\Wabbajack\modlists\ARR 2.5\mods\Requiem Patch Central - rerun\Requiem - Immersive Sounds Compendium.esp,SIGNAL:06851F:Skyrim.esm,SIGNAL,read,MiscItem,06851F:Skyrim.esm,GemDiamondFlawless,,,,Direct selected-signature raw-file enumeration.,ARMO:97|MISC:13|WEAP:67,NO-ROWS,"Primary review: lighting, compatibility, update, or balance patch records are not authoritative devotional sources; defining content records are reviewed separately.",,REJECTED
0236ae5e69dc1907,NQ092,NQ,Patch Collections,Requiem Patch Central - rerun,Requiem - Immersive Sounds Compendium.esp,D:\Wabbajack\modlists\ARR 2.5\mods\Requiem Patch Central - rerun\Requiem - Immersive Sounds Compendium.esp,SIGNAL:068520:Skyrim.esm,SIGNAL,read,MiscItem,068520:Skyrim.esm,GemEmeraldFlawless,,,,Direct selected-signature raw-file enumeration.,ARMO:97|MISC:13|WEAP:67,NO-ROWS,"Primary review: lighting, compatibility, update, or balance patch records are not authoritative devotional sources; defining content records are reviewed separately.",,REJECTED
0236ae5e69dc1907,NQ092,NQ,Patch Collections,Requiem Patch Central - rerun,Requiem - Immersive Sounds Compendium.esp,D:\Wabbajack\modlists\ARR 2.5\mods\Requiem Patch Central - rerun\Requiem - Immersive Sounds Compendium.esp,SIGNAL:068521:Skyrim.esm,SIGNAL,read,MiscItem,068521:Skyrim.esm,GemGarnetFlawless,,,,Direct selected-signature raw-file enumeration.,ARMO:97|MISC:13|WEAP:67,NO-ROWS,"Primary review: lighting, compatibility, update, or balance patch records are not authoritative devotional sources; defining content records are reviewed separately.",,REJECTED
0236ae5e69dc1907,NQ092,NQ,Patch Collections,Requiem Patch Central - rerun,Requiem - Immersive Sounds Compendium.esp,D:\Wabbajack\modlists\ARR 2.5\mods\Requiem Patch Central - rerun\Requiem - Immersive Sounds Compendium.esp,SIGNAL:068522:Skyrim.esm,SIGNAL,read,MiscItem,068522:Skyrim.esm,gemRubyFlawless,,,,Direct selected-signature raw-file enumeration.,ARMO:97|MISC:13|WEAP:67,NO-ROWS,"Primary review: lighting, compatibility, update, or balance patch records are not authoritative devotional sources; defining content records are reviewed separately.",,REJECTED
0236ae5e69dc1907,NQ092,NQ,Patch Collections,Requiem Patch Central - rerun,Requiem - Immersive Sounds Compendium.esp,D:\Wabbajack\modlists\ARR 2.5\mods\Requiem Patch Central - rerun\Requiem - Immersive Sounds Compendium.esp,SIGNAL:068523:Skyrim.esm,SIGNAL,read,MiscItem,068523:Skyrim.esm,GemSapphireFlawless,,,,Direct selected-signature raw-file enumeration.,ARMO:97|MISC:13|WEAP:67,NO-ROWS,"Primary review: lighting, compatibility, update, or balance patch records are not authoritative devotional sources; defining content records are reviewed separately.",,REJECTED
0236ae5e69dc1907,NQ092,NQ,Patch Collections,Requiem Patch Central - rerun,Requiem - Immersive Sounds Compendium.esp,D:\Wabbajack\modlists\ARR 2.5\mods\Requiem Patch Central - rerun\Requiem - Immersive Sounds Compendium.esp,SIGNAL:013980:Skyrim.esm,SIGNAL,read,Weapon,013980:Skyrim.esm,REQ_Weapon_Iron_Battleaxe,,,,Direct selected-signature raw-file enumeration.,ARMO:97|MISC:13|WEAP:67,NO-ROWS,"Primary review: lighting, compatibility, update, or balance patch records are not authoritative devotional sources; defining content records are reviewed separately.",,REJECTED
0236ae5e69dc1907,NQ092,NQ,Patch Collections,Requiem Patch Central - rerun,Requiem - Immersive Sounds Compendium.esp,D:\Wabbajack\modlists\ARR 2.5\mods\Requiem Patch Central - rerun\Requiem - Immersive Sounds Compendium.esp,SIGNAL:013981:Skyrim.esm,SIGNAL,read,Weapon,013981:Skyrim.esm,REQ_Weapon_Iron_Warhammer,,,,Direct selected-signature raw-file enumeration.,ARMO:97|MISC:13|WEAP:67,NO-ROWS,"Primary review: lighting, compatibility, update, or balance patch records are not authoritative devotional sources; defining content records are reviewed separately.",,REJECTED
0236ae5e69dc1907,NQ092,NQ,Patch Collections,Requiem Patch Central - rerun,Requiem - Immersive Sounds Compendium.esp,D:\Wabbajack\modlists\ARR 2.5\mods\Requiem Patch Central - rerun\Requiem - Immersive Sounds Compendium.esp,SIGNAL:013984:Skyrim.esm,SIGNAL,read,Weapon,013984:Skyrim.esm,REQ_Weapon_Steel_Battleaxe,,,,Direct selected-signature raw-file enumeration.,ARMO:97|MISC:13|WEAP:67,NO-ROWS,"Primary review: lighting, compatibility, update, or balance patch records are not authoritative devotional sources; defining content records are reviewed separately.",,REJECTED
0236ae5e69dc1907,NQ092,NQ,Patch Collections,Requiem Patch Central - rerun,Requiem - Immersive Sounds Compendium.esp,D:\Wabbajack\modlists\ARR 2.5\mods\Requiem Patch Central - rerun\Requiem - Immersive Sounds Compendium.esp,SIGNAL:01398A:Skyrim.esm,SIGNAL,read,Weapon,01398A:Skyrim.esm,REQ_Weapon_Steel_Warhammer,,,,Direct selected-signature raw-file enumeration.,ARMO:97|MISC:13|WEAP:67,NO-ROWS,"Primary review: lighting, compatibility, update, or balance patch records are not authoritative devotional sources; defining content records are reviewed separately.",,REJECTED
0236ae5e69dc1907,NQ092,NQ,Patch Collections,Requiem Patch Central - rerun,Requiem - Immersive Sounds Compendium.esp,D:\Wabbajack\modlists\ARR 2.5\mods\Requiem Patch Central - rerun\Requiem - Immersive Sounds Compendium.esp,SIGNAL:01398C:Skyrim.esm,SIGNAL,read,Weapon,01398C:Skyrim.esm,REQ_Weapon_Orcish_Battleaxe,,,,Direct selected-signature raw-file enumeration.,ARMO:97|MISC:13|WEAP:67,NO-ROWS,"Primary review: lighting, compatibility, update, or balance patch records are not authoritative devotional sources; defining content records are reviewed separately.",,REJECTED
0236ae5e69dc1907,NQ092,NQ,Patch Collections,Requiem Patch Central - rerun,Requiem - Immersive Sounds Compendium.esp,D:\Wabbajack\modlists\ARR 2.5\mods\Requiem Patch Central - rerun\Requiem - Immersive Sounds Compendium.esp,SIGNAL:013992:Skyrim.esm,SIGNAL,read,Weapon,013992:Skyrim.esm,REQ_Weapon_Orcish_Warhammer,,,,Direct selected-signature raw-file enumeration.,ARMO:97|MISC:13|WEAP:67,NO-ROWS,"Primary review: lighting, compatibility, update, or balance patch records are not authoritative devotional sources; defining content records are reviewed separately.",,REJECTED
0236ae5e69dc1907,NQ092,NQ,Patch Collections,Requiem Patch Central - rerun,Requiem - Immersive Sounds Compendium.esp,D:\Wabbajack\modlists\ARR 2.5\mods\Requiem Patch Central - rerun\Requiem - Immersive Sounds Compendium.esp,SIGNAL:013994:Skyrim.esm,SIGNAL,read,Weapon,013994:Skyrim.esm,REQ_Weapon_Dwarven_Battleaxe,,,,Direct selected-signature raw-file enumeration.,ARMO:97|MISC:13|WEAP:67,NO-ROWS,"Primary review: lighting, compatibility, update, or balance patch records are not authoritative devotional sources; defining content records are reviewed separately.",,REJECTED
0236ae5e69dc1907,NQ092,NQ,Patch Collections,Requiem Patch Central - rerun,Requiem - Immersive Sounds Compendium.esp,D:\Wabbajack\modlists\ARR 2.5\mods\Requiem Patch Central - rerun\Requiem - Immersive Sounds Compendium.esp,SIGNAL:01399A:Skyrim.esm,SIGNAL,read,Weapon,01399A:Skyrim.esm,REQ_Weapon_Dwarven_Warhammer,,,,Direct selected-signature raw-file enumeration.,ARMO:97|MISC:13|WEAP:67,NO-ROWS,"Primary review: lighting, compatibility, update, or balance patch records are not authoritative devotional sources; defining content records are reviewed separately.",,REJECTED
0236ae5e69dc1907,NQ092,NQ,Patch Collections,Requiem Patch Central - rerun,Requiem - Immersive Sounds Compendium.esp,D:\Wabbajack\modlists\ARR 2.5\mods\Requiem Patch Central - rerun\Requiem - Immersive Sounds Compendium.esp,SIGNAL:01399C:Skyrim.esm,SIGNAL,read,Weapon,01399C:Skyrim.esm,REQ_Weapon_Elven_Battleaxe,,,,Direct selected-signature raw-file enumeration.,ARMO:97|MISC:13|WEAP:67,NO-ROWS,"Primary review: lighting, compatibility, update, or balance patch records are not authoritative devotional sources; defining content records are reviewed separately.",,REJECTED
0236ae5e69dc1907,NQ092,NQ,Patch Collections,Requiem Patch Central - rerun,Requiem - Immersive Sounds Compendium.esp,D:\Wabbajack\modlists\ARR 2.5\mods\Requiem Patch Central - rerun\Requiem - Immersive Sounds Compendium.esp,SIGNAL:0139A2:Skyrim.esm,SIGNAL,read,Weapon,0139A2:Skyrim.esm,REQ_Weapon_Elven_Warhammer,,,,Direct selected-signature raw-file enumeration.,ARMO:97|MISC:13|WEAP:67,NO-ROWS,"Primary review: lighting, compatibility, update, or balance patch records are not authoritative devotional sources; defining content records are reviewed separately.",,REJECTED
0236ae5e69dc1907,NQ092,NQ,Patch Collections,Requiem Patch Central - rerun,Requiem - Immersive Sounds Compendium.esp,D:\Wabbajack\modlists\ARR 2.5\mods\Requiem Patch Central - rerun\Requiem - Immersive Sounds Compendium.esp,SIGNAL:0139A4:Skyrim.esm,SIGNAL,read,Weapon,0139A4:Skyrim.esm,REQ_Weapon_Glass_Battleaxe,,,,Direct selected-signature raw-file enumeration.,ARMO:97|MISC:13|WEAP:67,NO-ROWS,"Primary review: lighting, compatibility, update, or balance patch records are not authoritative devotional sources; defining content records are reviewed separately.",,REJECTED
0236ae5e69dc1907,NQ092,NQ,Patch Collections,Requiem Patch Central - rerun,Requiem - Immersive Sounds Compendium.esp,D:\Wabbajack\modlists\ARR 2.5\mods\Requiem Patch Central - rerun\Requiem - Immersive Sounds Compendium.esp,SIGNAL:0139AA:Skyrim.esm,SIGNAL,read,Weapon,0139AA:Skyrim.esm,REQ_Weapon_Glass_Warhammer,,,,Direct selected-signature raw-file enumeration.,ARMO:97|MISC:13|WEAP:67,NO-ROWS,"Primary review: lighting, compatibility, update, or balance patch records are not authoritative devotional sources; defining content records are reviewed separately.",,REJECTED
0236ae5e69dc1907,NQ092,NQ,Patch Collections,Requiem Patch Central - rerun,Requiem - Immersive Sounds Compendium.esp,D:\Wabbajack\modlists\ARR 2.5\mods\Requiem Patch Central - rerun\Requiem - Immersive Sounds Compendium.esp,SIGNAL:0139AC:Skyrim.esm,SIGNAL,read,Weapon,0139AC:Skyrim.esm,REQ_Weapon_Ebony_Battleaxe,,,,Direct selected-signature raw-file enumeration.,ARMO:97|MISC:13|WEAP:67,NO-ROWS,"Primary review: lighting, compatibility, update, or balance patch records are not authoritative devotional sources; defining content records are reviewed separately.",,REJECTED
0236ae5e69dc1907,NQ092,NQ,Patch Collections,Requiem Patch Central - rerun,Requiem - Immersive Sounds Compendium.esp,D:\Wabbajack\modlists\ARR 2.5\mods\Requiem Patch Central - rerun\Requiem - Immersive Sounds Compendium.esp,SIGNAL:0139B2:Skyrim.esm,SIGNAL,read,Weapon,0139B2:Skyrim.esm,REQ_Weapon_Ebony_Warhammer,,,,Direct selected-signature raw-file enumeration.,ARMO:97|MISC:13|WEAP:67,NO-ROWS,"Primary review: lighting, compatibility, update, or balance patch records are not authoritative devotional sources; defining content records are reviewed separately.",,REJECTED
0236ae5e69dc1907,NQ092,NQ,Patch Collections,Requiem Patch Central - rerun,Requiem - Immersive Sounds Compendium.esp,D:\Wabbajack\modlists\ARR 2.5\mods\Requiem Patch Central - rerun\Requiem - Immersive Sounds Compendium.esp,SIGNAL:0139B4:Skyrim.esm,SIGNAL,read,Weapon,0139B4:Skyrim.esm,REQ_Weapon_Daedric_Battleaxe,,,,Direct selected-signature raw-file enumeration.,ARMO:97|MISC:13|WEAP:67,NO-ROWS,"Primary review: lighting, compatibility, update, or balance patch records are not authoritative devotional sources; defining content records are reviewed separately.",,REJECTED
0236ae5e69dc1907,NQ092,NQ,Patch Collections,Requiem Patch Central - rerun,Requiem - Immersive Sounds Compendium.esp,D:\Wabbajack\modlists\ARR 2.5\mods\Requiem Patch Central - rerun\Requiem - Immersive Sounds Compendium.esp,SIGNAL:0139BA:Skyrim.esm,SIGNAL,read,Weapon,0139BA:Skyrim.esm,REQ_Weapon_Daedric_Warhammer,,,,Direct selected-signature raw-file enumeration.,ARMO:97|MISC:13|WEAP:67,NO-ROWS,"Primary review: lighting, compatibility, update, or balance patch records are not authoritative devotional sources; defining content records are reviewed separately.",,REJECTED
0236ae5e69dc1907,NQ092,NQ,Patch Collections,Requiem Patch Central - rerun,Requiem - Immersive Sounds Compendium.esp,D:\Wabbajack\modlists\ARR 2.5\mods\Requiem Patch Central - rerun\Requiem - Immersive Sounds Compendium.esp,SIGNAL:01C4E6:Skyrim.esm,SIGNAL,read,Weapon,01C4E6:Skyrim.esm,REQ_Artifact_RuefulAxe,,,,Direct selected-signature raw-file enumeration.,ARMO:97|MISC:13|WEAP:67,NO-ROWS,"Primary review: lighting, compatibility, update, or balance patch records are not authoritative devotional sources; defining content records are reviewed separately.",,REJECTED
0236ae5e69dc1907,NQ092,NQ,Patch Collections,Requiem Patch Central - rerun,Requiem - Immersive Sounds Compendium.esp,D:\Wabbajack\modlists\ARR 2.5\mods\Requiem Patch Central - rerun\Requiem - Immersive Sounds Compendium.esp,SIGNAL:01CB64:Skyrim.esm,SIGNAL,read,Weapon,01CB64:Skyrim.esm,REQ_Weapon_AncientNord_Battleaxe,,,,Direct selected-signature raw-file enumeration.,ARMO:97|MISC:13|WEAP:67,NO-ROWS,"Primary review: lighting, compatibility, update, or balance patch records are not authoritative devotional sources; defining content records are reviewed separately.",,REJECTED
0236ae5e69dc1907,NQ092,NQ,Patch Collections,Requiem Patch Central - rerun,Requiem - Immersive Sounds Compendium.esp,D:\Wabbajack\modlists\ARR 2.5\mods\Requiem Patch Central - rerun\Requiem - Immersive Sounds Compendium.esp,SIGNAL:01DDFB:Skyrim.esm,SIGNAL,read,Weapon,01DDFB:Skyrim.esm,REQ_Ench_Weapon_Daedric_Battleaxe_Fire6,,,,Direct selected-signature raw-file enumeration.,ARMO:97|MISC:13|WEAP:67,NO-ROWS,"Primary review: lighting, compatibility, update, or balance patch records are not authoritative devotional sources; defining content records are reviewed separately.",,REJECTED
0236ae5e69dc1907,NQ092,NQ,Patch Collections,Requiem Patch Central - rerun,Requiem - Immersive Sounds Compendium.esp,D:\Wabbajack\modlists\ARR 2.5\mods\Requiem Patch Central - rerun\Requiem - Immersive Sounds Compendium.esp,SIGNAL:022265:Skyrim.esm,SIGNAL,read,Weapon,022265:Skyrim.esm,REQ_Artifact_WoodsmansFriend,,,,Direct selected-signature raw-file enumeration.,ARMO:97|MISC:13|WEAP:67,NO-ROWS,"Primary review: lighting, compatibility, update, or balance patch records are not authoritative devotional sources; defining content records are reviewed separately.",,REJECTED
0236ae5e69dc1907,NQ092,NQ,Patch Collections,Requiem Patch Central - rerun,Requiem - Immersive Sounds Compendium.esp,D:\Wabbajack\modlists\ARR 2.5\mods\Requiem Patch Central - rerun\Requiem - Immersive Sounds Compendium.esp,SIGNAL:0223FB:Skyrim.esm,SIGNAL,read,Weapon,0223FB:Skyrim.esm,REQ_Artifact_ShagrolsWarhammer,,,,Direct selected-signature raw-file enumeration.,ARMO:97|MISC:13|WEAP:67,NO-ROWS,"Primary review: lighting, compatibility, update, or balance patch records are not authoritative devotional sources; defining content records are reviewed separately.",,REJECTED
0236ae5e69dc1907,NQ092,NQ,Patch Collections,Requiem Patch Central - rerun,Requiem - Immersive Sounds Compendium.esp,D:\Wabbajack\modlists\ARR 2.5\mods\Requiem Patch Central - rerun\Requiem - Immersive Sounds Compendium.esp,SIGNAL:0295AA:Skyrim.esm,SIGNAL,read,Weapon,0295AA:Skyrim.esm,REQ_Ench_Weapon_Daedric_Warhammer_Fire6,,,,Direct selected-signature raw-file enumeration.,ARMO:97|MISC:13|WEAP:67,NO-ROWS,"Primary review: lighting, compatibility, update, or balance patch records are not authoritative devotional sources; defining content records are reviewed separately.",,REJECTED
0236ae5e69dc1907,NQ092,NQ,Patch Collections,Requiem Patch Central - rerun,Requiem - Immersive Sounds Compendium.esp,D:\Wabbajack\modlists\ARR 2.5\mods\Requiem Patch Central - rerun\Requiem - Immersive Sounds Compendium.esp,SIGNAL:02ACD2:Skyrim.esm,SIGNAL,read,Weapon,02ACD2:Skyrim.esm,REQ_Artifact_Volendrung,,,,Direct selected-signature raw-file enumeration.,ARMO:97|MISC:13|WEAP:67,NO-ROWS,"Primary review: lighting, compatibility, update, or balance patch records are not authoritative devotional sources; defining content records are reviewed separately.",,REJECTED
0236ae5e69dc1907,NQ092,NQ,Patch Collections,Requiem Patch Central - rerun,Requiem - Immersive Sounds Compendium.esp,D:\Wabbajack\modlists\ARR 2.5\mods\Requiem Patch Central - rerun\Requiem - Immersive Sounds Compendium.esp,SIGNAL:040002:Skyrim.esm,SIGNAL,read,Weapon,040002:Skyrim.esm,REQ_Artifact_SteelBattleaxeOfFierySouls,,,,Direct selected-signature raw-file enumeration.,ARMO:97|MISC:13|WEAP:67,NO-ROWS,"Primary review: lighting, compatibility, update, or balance patch records are not authoritative devotional sources; defining content records are reviewed separately.",,REJECTED
0236ae5e69dc1907,NQ092,NQ,Patch Collections,Requiem Patch Central - rerun,Requiem - Immersive Sounds Compendium.esp,D:\Wabbajack\modlists\ARR 2.5\mods\Requiem Patch Central - rerun\Requiem - Immersive Sounds Compendium.esp,SIGNAL:0424F7:Skyrim.esm,SIGNAL,read,Weapon,0424F7:Skyrim.esm,REQ_Weapon_BoundMystic_Battleaxe,,,,Direct selected-signature raw-file enumeration.,ARMO:97|MISC:13|WEAP:67,NO-ROWS,"Primary review: lighting, compatibility, update, or balance patch records are not authoritative devotional sources; defining content records are reviewed separately.",,REJECTED
0236ae5e69dc1907,NQ092,NQ,Patch Collections,Requiem Patch Central - rerun,Requiem - Immersive Sounds Compendium.esp,D:\Wabbajack\modlists\ARR 2.5\mods\Requiem Patch Central - rerun\Requiem - Immersive Sounds Compendium.esp,SIGNAL:0424F9:Skyrim.esm,SIGNAL,read,Weapon,0424F9:Skyrim.esm,REQ_Weapon_BoundMystic_Sword,,,,Direct selected-signature raw-file enumeration.,ARMO:97|MISC:13|WEAP:67,NO-ROWS,"Primary review: lighting, compatibility, update, or balance patch records are not authoritative devotional sources; defining content records are reviewed separately.",,REJECTED
0236ae5e69dc1907,NQ092,NQ,Patch Collections,Requiem Patch Central - rerun,Requiem - Immersive Sounds Compendium.esp,D:\Wabbajack\modlists\ARR 2.5\mods\Requiem Patch Central - rerun\Requiem - Immersive Sounds Compendium.esp,SIGNAL:0461DA:Skyrim.esm,SIGNAL,read,Weapon,0461DA:Skyrim.esm,REQ_Creature_Giant_Club,,,,Direct selected-signature raw-file enumeration.,ARMO:97|MISC:13|WEAP:67,NO-ROWS,"Primary review: lighting, compatibility, update, or balance patch records are not authoritative devotional sources; defining content records are reviewed separately.",,REJECTED
0236ae5e69dc1907,NQ092,NQ,Patch Collections,Requiem Patch Central - rerun,Requiem - Immersive Sounds Compendium.esp,D:\Wabbajack\modlists\ARR 2.5\mods\Requiem Patch Central - rerun\Requiem - Immersive Sounds Compendium.esp,SIGNAL:058F5E:Skyrim.esm,SIGNAL,read,Weapon,058F5E:Skyrim.esm,REQ_Weapon_Bound_Battleaxe,,,,Direct selected-signature raw-file enumeration.,ARMO:97|MISC:13|WEAP:67,NO-ROWS,"Primary review: lighting, compatibility, update, or balance patch records are not authoritative devotional sources; defining content records are reviewed separately.",,REJECTED
0236ae5e69dc1907,NQ092,NQ,Patch Collections,Requiem Patch Central - rerun,Requiem - Immersive Sounds Compendium.esp,D:\Wabbajack\modlists\ARR 2.5\mods\Requiem Patch Central - rerun\Requiem - Immersive Sounds Compendium.esp,SIGNAL:058F5F:Skyrim.esm,SIGNAL,read,Weapon,058F5F:Skyrim.esm,REQ_Weapon_Bound_Sword,,,,Direct selected-signature raw-file enumeration.,ARMO:97|MISC:13|WEAP:67,NO-ROWS,"Primary review: lighting, compatibility, update, or balance patch records are not authoritative devotional sources; defining content records are reviewed separately.",,REJECTED
0236ae5e69dc1907,NQ092,NQ,Patch Collections,Requiem Patch Central - rerun,Requiem - Immersive Sounds Compendium.esp,D:\Wabbajack\modlists\ARR 2.5\mods\Requiem Patch Central - rerun\Requiem - Immersive Sounds Compendium.esp,SIGNAL:05BF12:Skyrim.esm,SIGNAL,read,Weapon,05BF12:Skyrim.esm,REQ_Weapon_AncientNordHoned_Battleaxe,,,,Direct selected-signature raw-file enumeration.,ARMO:97|MISC:13|WEAP:67,NO-ROWS,"Primary review: lighting, compatibility, update, or balance patch records are not authoritative devotional sources; defining content records are reviewed separately.",,REJECTED
0236ae5e69dc1907,NQ092,NQ,Patch Collections,Requiem Patch Central - rerun,Requiem - Immersive Sounds Compendium.esp,D:\Wabbajack\modlists\ARR 2.5\mods\Requiem Patch Central - rerun\Requiem - Immersive Sounds Compendium.esp,SIGNAL:05BF18:Skyrim.esm,SIGNAL,read,Weapon,05BF18:Skyrim.esm,REQ_Special_Battleaxe_Tsun,,,,Direct selected-signature raw-file enumeration.,ARMO:97|MISC:13|WEAP:67,NO-ROWS,"Primary review: lighting, compatibility, update, or balance patch records are not authoritative devotional sources; defining content records are reviewed separately.",,REJECTED
0236ae5e69dc1907,NQ092,NQ,Patch Collections,Requiem Patch Central - rerun,Requiem - Immersive Sounds Compendium.esp,D:\Wabbajack\modlists\ARR 2.5\mods\Requiem Patch Central - rerun\Requiem - Immersive Sounds Compendium.esp,SIGNAL:068C79:Skyrim.esm,SIGNAL,read,Weapon,068C79:Skyrim.esm,REQ_Weapon_NordHero_Battleaxe,,,,Direct selected-signature raw-file enumeration.,ARMO:97|MISC:13|WEAP:67,NO-ROWS,"Primary review: lighting, compatibility, update, or balance patch records are not authoritative devotional sources; defining content records are reviewed separately.",,REJECTED
0236ae5e69dc1907,NQ092,NQ,Patch Collections,Requiem Patch Central - rerun,Requiem - Immersive Sounds Compendium.esp,D:\Wabbajack\modlists\ARR 2.5\mods\Requiem Patch Central - rerun\Requiem - Immersive Sounds Compendium.esp,SIGNAL:06AF63:Skyrim.esm,SIGNAL,read,Weapon,06AF63:Skyrim.esm,REQ_Artifact_Trollsbane,,,,Direct selected-signature raw-file enumeration.,ARMO:97|MISC:13|WEAP:67,NO-ROWS,"Primary review: lighting, compatibility, update, or balance patch records are not authoritative devotional sources; defining content records are reviewed separately.",,REJECTED
0236ae5e69dc1907,NQ092,NQ,Patch Collections,Requiem Patch Central - rerun,Requiem - Immersive Sounds Compendium.esp,D:\Wabbajack\modlists\ARR 2.5\mods\Requiem Patch Central - rerun\Requiem - Immersive Sounds Compendium.esp,SIGNAL:0956B5:Skyrim.esm,SIGNAL,read,Weapon,0956B5:Skyrim.esm,REQ_Artifact_Wuuthrad,,,,Direct selected-signature raw-file enumeration.,ARMO:97|MISC:13|WEAP:67,NO-ROWS,"Primary review: lighting, compatibility, update, or balance patch records are not authoritative devotional sources; defining content records are reviewed separately.",,REJECTED
0236ae5e69dc1907,NQ092,NQ,Patch Collections,Requiem Patch Central - rerun,Requiem - Immersive Sounds Compendium.esp,D:\Wabbajack\modlists\ARR 2.5\mods\Requiem Patch Central - rerun\Requiem - Immersive Sounds Compendium.esp,SIGNAL:09F25F:Skyrim.esm,SIGNAL,read,Weapon,09F25F:Skyrim.esm,REQ_Weapon_SkyforgeSteel_Battleaxe,,,,Direct selected-signature raw-file enumeration.,ARMO:97|MISC:13|WEAP:67,NO-ROWS,"Primary review: lighting, compatibility, update, or balance patch records are not authoritative devotional sources; defining content records are reviewed separately.",,REJECTED
0236ae5e69dc1907,NQ092,NQ,Patch Collections,Requiem Patch Central - rerun,Requiem - Immersive Sounds Compendium.esp,D:\Wabbajack\modlists\ARR 2.5\mods\Requiem Patch Central - rerun\Requiem - Immersive Sounds Compendium.esp,SIGNAL:0AE085:Skyrim.esm,SIGNAL,read,Weapon,0AE085:Skyrim.esm,REQ_Artifact_Longhammer,,,,Direct selected-signature raw-file enumeration.,ARMO:97|MISC:13|WEAP:67,NO-ROWS,"Primary review: lighting, compatibility, update, or balance patch records are not authoritative devotional sources; defining content records are reviewed separately.",,REJECTED
0236ae5e69dc1907,NQ092,NQ,Patch Collections,Requiem Patch Central - rerun,Requiem - Immersive Sounds Compendium.esp,D:\Wabbajack\modlists\ARR 2.5\mods\Requiem Patch Central - rerun\Requiem - Immersive Sounds Compendium.esp,SIGNAL:0BA30E:Skyrim.esm,SIGNAL,read,Weapon,0BA30E:Skyrim.esm,REQ_Weapon_Bound_Sword_RightHand,,,,Direct selected-signature raw-file enumeration.,ARMO:97|MISC:13|WEAP:67,NO-ROWS,"Primary review: lighting, compatibility, update, or balance patch records are not authoritative devotional sources; defining content records are reviewed separately.",,REJECTED
0236ae5e69dc1907,NQ092,NQ,Patch Collections,Requiem Patch Central - rerun,Requiem - Immersive Sounds Compendium.esp,D:\Wabbajack\modlists\ARR 2.5\mods\Requiem Patch Central - rerun\Requiem - Immersive Sounds Compendium.esp,SIGNAL:0BE25E:Skyrim.esm,SIGNAL,read,Weapon,0BE25E:Skyrim.esm,REQ_Special_HeadsmansAxe,,,,Direct selected-signature raw-file enumeration.,ARMO:97|MISC:13|WEAP:67,NO-ROWS,"Primary review: lighting, compatibility, update, or balance patch records are not authoritative devotional sources; defining content records are reviewed separately.",,REJECTED
0236ae5e69dc1907,NQ092,NQ,Patch Collections,Requiem Patch Central - rerun,Requiem - Immersive Sounds Compendium.esp,D:\Wabbajack\modlists\ARR 2.5\mods\Requiem Patch Central - rerun\Requiem - Immersive Sounds Compendium.esp,SIGNAL:0CADE9:Skyrim.esm,SIGNAL,read,Weapon,0CADE9:Skyrim.esm,REQ_Weapon_Forsworn_Sword,,,,Direct selected-signature raw-file enumeration.,ARMO:97|MISC:13|WEAP:67,NO-ROWS,"Primary review: lighting, compatibility, update, or balance patch records are not authoritative devotional sources; defining content records are reviewed separately.",,REJECTED
0236ae5e69dc1907,NQ092,NQ,Patch Collections,Requiem Patch Central - rerun,Requiem - Immersive Sounds Compendium.esp,D:\Wabbajack\modlists\ARR 2.5\mods\Requiem Patch Central - rerun\Requiem - Immersive Sounds Compendium.esp,SIGNAL:0CDEC9:Skyrim.esm,SIGNAL,read,Weapon,0CDEC9:Skyrim.esm,REQ_Creature_Giant_Club_C00,,,,Direct selected-signature raw-file enumeration.,ARMO:97|MISC:13|WEAP:67,NO-ROWS,"Primary review: lighting, compatibility, update, or balance patch records are not authoritative devotional sources; defining content records are reviewed separately.",,REJECTED
0236ae5e69dc1907,NQ092,NQ,Patch Collections,Requiem Patch Central - rerun,Requiem - Immersive Sounds Compendium.esp,D:\Wabbajack\modlists\ARR 2.5\mods\Requiem Patch Central - rerun\Requiem - Immersive Sounds Compendium.esp,SIGNAL:0D2AFE:Skyrim.esm,SIGNAL,read,Weapon,0D2AFE:Skyrim.esm,REQ_Artifact_Aegisbane,,,,Direct selected-signature raw-file enumeration.,ARMO:97|MISC:13|WEAP:67,NO-ROWS,"Primary review: lighting, compatibility, update, or balance patch records are not authoritative devotional sources; defining content records are reviewed separately.",,REJECTED
0236ae5e69dc1907,NQ092,NQ,Patch Collections,Requiem Patch Central - rerun,Requiem - Immersive Sounds Compendium.esp,D:\Wabbajack\modlists\ARR 2.5\mods\Requiem Patch Central - rerun\Requiem - Immersive Sounds Compendium.esp,SIGNAL:0F82FA:Skyrim.esm,SIGNAL,read,Weapon,0F82FA:Skyrim.esm,REQ_Weapon_Spectral_Battleaxe,,,,Direct selected-signature raw-file enumeration.,ARMO:97|MISC:13|WEAP:67,NO-ROWS,"Primary review: lighting, compatibility, update, or balance patch records are not authoritative devotional sources; defining content records are reviewed separately.",,REJECTED
0236ae5e69dc1907,NQ092,NQ,Patch Collections,Requiem Patch Central - rerun,Requiem - Immersive Sounds Compendium.esp,D:\Wabbajack\modlists\ARR 2.5\mods\Requiem Patch Central - rerun\Requiem - Immersive Sounds Compendium.esp,SIGNAL:00DD55:Dawnguard.esm,SIGNAL,read,Weapon,00DD55:Dawnguard.esm,REQ_Weapon_Dawnguard_Warhammer,,,,Direct selected-signature raw-file enumeration.,ARMO:97|MISC:13|WEAP:67,NO-ROWS,"Primary review: lighting, compatibility, update, or balance patch records are not authoritative devotional sources; defining content records are reviewed separately.",,REJECTED
0236ae5e69dc1907,NQ092,NQ,Patch Collections,Requiem Patch Central - rerun,Requiem - Immersive Sounds Compendium.esp,D:\Wabbajack\modlists\ARR 2.5\mods\Requiem Patch Central - rerun\Requiem - Immersive Sounds Compendium.esp,SIGNAL:0113BB:Dawnguard.esm,SIGNAL,read,Weapon,0113BB:Dawnguard.esm,REQ_NP_Weapon_Dragonbone_Battleaxe_Frost06,,,,Direct selected-signature raw-file enumeration.,ARMO:97|MISC:13|WEAP:67,NO-ROWS,"Primary review: lighting, compatibility, update, or balance patch records are not authoritative devotional sources; defining content records are reviewed separately.",,REJECTED
0236ae5e69dc1907,NQ092,NQ,Patch Collections,Requiem Patch Central - rerun,Requiem - Immersive Sounds Compendium.esp,D:\Wabbajack\modlists\ARR 2.5\mods\Requiem Patch Central - rerun\Requiem - Immersive Sounds Compendium.esp,SIGNAL:011BAD:Dawnguard.esm,SIGNAL,read,Weapon,011BAD:Dawnguard.esm,REQ_Artifact_AncientDawnguardWarhammer,,,,Direct selected-signature raw-file enumeration.,ARMO:97|MISC:13|WEAP:67,NO-ROWS,"Primary review: lighting, compatibility, update, or balance patch records are not authoritative devotional sources; defining content records are reviewed separately.",,REJECTED
0236ae5e69dc1907,NQ092,NQ,Patch Collections,Requiem Patch Central - rerun,Requiem - Immersive Sounds Compendium.esp,D:\Wabbajack\modlists\ARR 2.5\mods\Requiem Patch Central - rerun\Requiem - Immersive Sounds Compendium.esp,SIGNAL:014FC3:Dawnguard.esm,SIGNAL,read,Weapon,014FC3:Dawnguard.esm,REQ_Weapon_Dragonbone_Battleaxe,,,,Direct selected-signature raw-file enumeration.,ARMO:97|MISC:13|WEAP:67,NO-ROWS,"Primary review: lighting, compatibility, update, or balance patch records are not authoritative devotional sources; defining content records are reviewed separately.",,REJECTED
0236ae5e69dc1907,NQ092,NQ,Patch Collections,Requiem Patch Central - rerun,Requiem - Immersive Sounds Compendium.esp,D:\Wabbajack\modlists\ARR 2.5\mods\Requiem Patch Central - rerun\Requiem - Immersive Sounds Compendium.esp,SIGNAL:014FD0:Dawnguard.esm,SIGNAL,read,Weapon,014FD0:Dawnguard.esm,REQ_Weapon_Dragonbone_Warhammer,,,,Direct selected-signature raw-file enumeration.,ARMO:97|MISC:13|WEAP:67,NO-ROWS,"Primary review: lighting, compatibility, update, or balance patch records are not authoritative devotional sources; defining content records are reviewed separately.",,REJECTED
0236ae5e69dc1907,NQ092,NQ,Patch Collections,Requiem Patch Central - rerun,Requiem - Immersive Sounds Compendium.esp,D:\Wabbajack\modlists\ARR 2.5\mods\Requiem Patch Central - rerun\Requiem - Immersive Sounds Compendium.esp,SIGNAL:01A578:Dragonborn.esm,SIGNAL,read,Weapon,01A578:Dragonborn.esm,REQ_Artifact_ChampionsCudgel,,,,Direct selected-signature raw-file enumeration.,ARMO:97|MISC:13|WEAP:67,NO-ROWS,"Primary review: lighting, compatibility, update, or balance patch records are not authoritative devotional sources; defining content records are reviewed separately.",,REJECTED
0236ae5e69dc1907,NQ092,NQ,Patch Collections,Requiem Patch Central - rerun,Requiem - Immersive Sounds Compendium.esp,D:\Wabbajack\modlists\ARR 2.5\mods\Requiem Patch Central - rerun\Requiem - Immersive Sounds Compendium.esp,SIGNAL:01CDAD:Dragonborn.esm,SIGNAL,read,Weapon,01CDAD:Dragonborn.esm,REQ_Weapon_Quicksilver_Battleaxe,,,,Direct selected-signature raw-file enumeration.,ARMO:97|MISC:13|WEAP:67,NO-ROWS,"Primary review: lighting, compatibility, update, or balance patch records are not authoritative devotional sources; defining content records are reviewed separately.",,REJECTED
0236ae5e69dc1907,NQ092,NQ,Patch Collections,Requiem Patch Central - rerun,Requiem - Immersive Sounds Compendium.esp,D:\Wabbajack\modlists\ARR 2.5\mods\Requiem Patch Central - rerun\Requiem - Immersive Sounds Compendium.esp,SIGNAL:01CDB3:Dragonborn.esm,SIGNAL,read,Weapon,01CDB3:Dragonborn.esm,REQ_Weapon_Quicksilver_Warhammer,,,,Direct selected-signature raw-file enumeration.,ARMO:97|MISC:13|WEAP:67,NO-ROWS,"Primary review: lighting, compatibility, update, or balance patch records are not authoritative devotional sources; defining content records are reviewed separately.",,REJECTED
0236ae5e69dc1907,NQ092,NQ,Patch Collections,Requiem Patch Central - rerun,Requiem - Immersive Sounds Compendium.esp,D:\Wabbajack\modlists\ARR 2.5\mods\Requiem Patch Central - rerun\Requiem - Immersive Sounds Compendium.esp,SIGNAL:01CDB4:Dragonborn.esm,SIGNAL,read,Weapon,01CDB4:Dragonborn.esm,REQ_Weapon_Stalhrim_Battleaxe,,,,Direct selected-signature raw-file enumeration.,ARMO:97|MISC:13|WEAP:67,NO-ROWS,"Primary review: lighting, compatibility, update, or balance patch records are not authoritative devotional sources; defining content records are reviewed separately.",,REJECTED
0236ae5e69dc1907,NQ092,NQ,Patch Collections,Requiem Patch Central - rerun,Requiem - Immersive Sounds Compendium.esp,D:\Wabbajack\modlists\ARR 2.5\mods\Requiem Patch Central - rerun\Requiem - Immersive Sounds Compendium.esp,SIGNAL:01CDBA:Dragonborn.esm,SIGNAL,read,Weapon,01CDBA:Dragonborn.esm,REQ_Weapon_Stalhrim_Warhammer,,,,Direct selected-signature raw-file enumeration.,ARMO:97|MISC:13|WEAP:67,NO-ROWS,"Primary review: lighting, compatibility, update, or balance patch records are not authoritative devotional sources; defining content records are reviewed separately.",,REJECTED
0236ae5e69dc1907,NQ092,NQ,Patch Collections,Requiem Patch Central - rerun,Requiem - Immersive Sounds Compendium.esp,D:\Wabbajack\modlists\ARR 2.5\mods\Requiem Patch Central - rerun\Requiem - Immersive Sounds Compendium.esp,SIGNAL:0317D3:Dragonborn.esm,SIGNAL,read,Weapon,0317D3:Dragonborn.esm,REQ_Creature_AshSpawn_Battleaxe,,,,Direct selected-signature raw-file enumeration.,ARMO:97|MISC:13|WEAP:67,NO-ROWS,"Primary review: lighting, compatibility, update, or balance patch records are not authoritative devotional sources; defining content records are reviewed separately.",,REJECTED
0236ae5e69dc1907,NQ092,NQ,Patch Collections,Requiem Patch Central - rerun,Requiem - Immersive Sounds Compendium.esp,D:\Wabbajack\modlists\ARR 2.5\mods\Requiem Patch Central - rerun\Requiem - Immersive Sounds Compendium.esp,SIGNAL:000E47:ccbgssse001-fish.esm,SIGNAL,read,Weapon,000E47:ccbgssse001-fish.esm,REQ_Weapon_AncientNord_Warhammer,,,,Direct selected-signature raw-file enumeration.,ARMO:97|MISC:13|WEAP:67,NO-ROWS,"Primary review: lighting, compatibility, update, or balance patch records are not authoritative devotional sources; defining content records are reviewed separately.",,REJECTED
0236ae5e69dc1907,NQ092,NQ,Patch Collections,Requiem Patch Central - rerun,Requiem - Immersive Sounds Compendium.esp,D:\Wabbajack\modlists\ARR 2.5\mods\Requiem Patch Central - rerun\Requiem - Immersive Sounds Compendium.esp,SIGNAL:08A1E6:ccbgssse001-fish.esm,SIGNAL,read,Weapon,08A1E6:ccbgssse001-fish.esm,REQ_Weapon_NordHero_Warhammer,,,,Direct selected-signature raw-file enumeration.,ARMO:97|MISC:13|WEAP:67,NO-ROWS,"Primary review: lighting, compatibility, update, or balance patch records are not authoritative devotional sources; defining content records are reviewed separately.",,REJECTED
0236ae5e69dc1907,NQ092,NQ,Patch Collections,Requiem Patch Central - rerun,Requiem - Immersive Sounds Compendium.esp,D:\Wabbajack\modlists\ARR 2.5\mods\Requiem Patch Central - rerun\Requiem - Immersive Sounds Compendium.esp,SIGNAL:08A1EF:ccbgssse001-fish.esm,SIGNAL,read,Weapon,08A1EF:ccbgssse001-fish.esm,REQ_Weapon_AncientNordHoned_Warhammer,,,,Direct selected-signature raw-file enumeration.,ARMO:97|MISC:13|WEAP:67,NO-ROWS,"Primary review: lighting, compatibility, update, or balance patch records are not authoritative devotional sources; defining content records are reviewed separately.",,REJECTED
0236ae5e69dc1907,NQ092,NQ,Patch Collections,Requiem Patch Central - rerun,Requiem - Immersive Sounds Compendium.esp,D:\Wabbajack\modlists\ARR 2.5\mods\Requiem Patch Central - rerun\Requiem - Immersive Sounds Compendium.esp,SIGNAL:044BFD:Requiem.esp,SIGNAL,read,Weapon,044BFD:Requiem.esp,REQ_Artifact_GoraksTrollGuttingKnife,,,,Direct selected-signature raw-file enumeration.,ARMO:97|MISC:13|WEAP:67,NO-ROWS,"Primary review: lighting, compatibility, update, or balance patch records are not authoritative devotional sources; defining content records are reviewed separately.",,REJECTED
0236ae5e69dc1907,NQ092,NQ,Patch Collections,Requiem Patch Central - rerun,Requiem - Immersive Sounds Compendium.esp,D:\Wabbajack\modlists\ARR 2.5\mods\Requiem Patch Central - rerun\Requiem - Immersive Sounds Compendium.esp,SIGNAL:06F5BD:Requiem.esp,SIGNAL,read,Weapon,06F5BD:Requiem.esp,REQ_NP_Weapon_Spectral_Battleaxe,,,,Direct selected-signature raw-file enumeration.,ARMO:97|MISC:13|WEAP:67,NO-ROWS,"Primary review: lighting, compatibility, update, or balance patch records are not authoritative devotional sources; defining content records are reviewed separately.",,REJECTED
0236ae5e69dc1907,NQ092,NQ,Patch Collections,Requiem Patch Central - rerun,Requiem - Immersive Sounds Compendium.esp,D:\Wabbajack\modlists\ARR 2.5\mods\Requiem Patch Central - rerun\Requiem - Immersive Sounds Compendium.esp,SIGNAL:27045F:Requiem.esp,SIGNAL,read,Weapon,27045F:Requiem.esp,REQ_NP_Weapon_AncientNordHoned_Battleaxe_Frost03,,,,Direct selected-signature raw-file enumeration.,ARMO:97|MISC:13|WEAP:67,NO-ROWS,"Primary review: lighting, compatibility, update, or balance patch records are not authoritative devotional sources; defining content records are reviewed separately.",,REJECTED
0236ae5e69dc1907,NQ092,NQ,Patch Collections,Requiem Patch Central - rerun,Requiem - Immersive Sounds Compendium.esp,D:\Wabbajack\modlists\ARR 2.5\mods\Requiem Patch Central - rerun\Requiem - Immersive Sounds Compendium.esp,SIGNAL:372441:Requiem.esp,SIGNAL,read,Weapon,372441:Requiem.esp,REQ_Var_Weapon_Quicksilver_Warhammer_Inebriation,,,,Direct selected-signature raw-file enumeration.,ARMO:97|MISC:13|WEAP:67,NO-ROWS,"Primary review: lighting, compatibility, update, or balance patch records are not authoritative devotional sources; defining content records are reviewed separately.",,REJECTED
0236ae5e69dc1907,NQ092,NQ,Patch Collections,Requiem Patch Central - rerun,Requiem - Immersive Sounds Compendium.esp,D:\Wabbajack\modlists\ARR 2.5\mods\Requiem Patch Central - rerun\Requiem - Immersive Sounds Compendium.esp,SIGNAL:54AFE4:Requiem.esp,SIGNAL,read,Weapon,54AFE4:Requiem.esp,REQ_NP_Weapon_Daedric_Battleaxe_Simulacrum,,,,Direct selected-signature raw-file enumeration.,ARMO:97|MISC:13|WEAP:67,NO-ROWS,"Primary review: lighting, compatibility, update, or balance patch records are not authoritative devotional sources; defining content records are reviewed separately.",,REJECTED
0236ae5e69dc1907,NQ092,NQ,Patch Collections,Requiem Patch Central - rerun,Requiem - Immersive Sounds Compendium.esp,D:\Wabbajack\modlists\ARR 2.5\mods\Requiem Patch Central - rerun\Requiem - Immersive Sounds Compendium.esp,SIGNAL:AD3A84:Requiem.esp,SIGNAL,read,Weapon,AD3A84:Requiem.esp,REQ_NP_Weapon_Daedric_Battleaxe,,,,Direct selected-signature raw-file enumeration.,ARMO:97|MISC:13|WEAP:67,NO-ROWS,"Primary review: lighting, compatibility, update, or balance patch records are not authoritative devotional sources; defining content records are reviewed separately.",,REJECTED
0236ae5e69dc1907,NQ092,NQ,Patch Collections,Requiem Patch Central - rerun,Requiem - Immersive Sounds Compendium.esp,D:\Wabbajack\modlists\ARR 2.5\mods\Requiem Patch Central - rerun\Requiem - Immersive Sounds Compendium.esp,SIGNAL:AD3A8A:Requiem.esp,SIGNAL,read,Weapon,AD3A8A:Requiem.esp,REQ_NP_Weapon_Daedric_Warhammer,,,,Direct selected-signature raw-file enumeration.,ARMO:97|MISC:13|WEAP:67,NO-ROWS,"Primary review: lighting, compatibility, update, or balance patch records are not authoritative devotional sources; defining content records are reviewed separately.",,REJECTED
0236ae5e69dc1907,NQ092,NQ,Patch Collections,Requiem Patch Central - rerun,Requiem - Immersive Sounds Compendium.esp,D:\Wabbajack\modlists\ARR 2.5\mods\Requiem Patch Central - rerun\Requiem - Immersive Sounds Compendium.esp,SIGNAL:ADDF43:Requiem.esp,SIGNAL,read,Weapon,ADDF43:Requiem.esp,REQ_Weapon_Silver_Warhammer,,,,Direct selected-signature raw-file enumeration.,ARMO:97|MISC:13|WEAP:67,NO-ROWS,"Primary review: lighting, compatibility, update, or balance patch records are not authoritative devotional sources; defining content records are reviewed separately.",,REJECTED
0236ae5e69dc1907,NQ092,NQ,Patch Collections,Requiem Patch Central - rerun,Requiem - Immersive Sounds Compendium.esp,D:\Wabbajack\modlists\ARR 2.5\mods\Requiem Patch Central - rerun\Requiem - Immersive Sounds Compendium.esp,SIGNAL:ADDF5F:Requiem.esp,SIGNAL,read,Weapon,ADDF5F:Requiem.esp,REQ_Weapon_Dawnguard_Battleaxe,,,,Direct selected-signature raw-file enumeration.,ARMO:97|MISC:13|WEAP:67,NO-ROWS,"Primary review: lighting, compatibility, update, or balance patch records are not authoritative devotional sources; defining content records are reviewed separately.",,REJECTED
0236ae5e69dc1907,NQ092,NQ,Patch Collections,Requiem Patch Central - rerun,Requiem - Immersive Sounds Compendium.esp,D:\Wabbajack\modlists\ARR 2.5\mods\Requiem Patch Central - rerun\Requiem - Immersive Sounds Compendium.esp,SIGNAL:ADDF88:Requiem.esp,SIGNAL,read,Weapon,ADDF88:Requiem.esp,REQ_Weapon_Silver_Battleaxe,,,,Direct selected-signature raw-file enumeration.,ARMO:97|MISC:13|WEAP:67,NO-ROWS,"Primary review: lighting, compatibility, update, or balance patch records are not authoritative devotional sources; defining content records are reviewed separately.",,REJECTED
0236ae5e69dc1907,NQ092,NQ,Patch Collections,Requiem Patch Central - rerun,Requiem - Immersive Sounds Compendium.esp,D:\Wabbajack\modlists\ARR 2.5\mods\Requiem Patch Central - rerun\Requiem - Immersive Sounds Compendium.esp,SIGNAL:ADE465:Requiem.esp,SIGNAL,read,Weapon,ADE465:Requiem.esp,REQ_Weapon_SkyforgeSteel_Warhammer,,,,Direct selected-signature raw-file enumeration.,ARMO:97|MISC:13|WEAP:67,NO-ROWS,"Primary review: lighting, compatibility, update, or balance patch records are not authoritative devotional sources; defining content records are reviewed separately.",,REJECTED
488abb49d5a96f62,NQ092,NQ,Patch Collections,Requiem Patch Central - rerun,Requiem - Trade and Barter.esp,D:\Wabbajack\modlists\ARR 2.5\mods\Requiem Patch Central - rerun\Requiem - Trade and Barter.esp,PLUGIN,PLUGIN-SUMMARY,read,,,,,,,Direct signal candidate enumeration: 10,CONT:8|PERK:2,NO-ROWS,"Primary review: lighting, compatibility, update, or balance patch records are not authoritative devotional sources; defining content records are reviewed separately.",,REJECTED
488abb49d5a96f62,NQ092,NQ,Patch Collections,Requiem Patch Central - rerun,Requiem - Trade and Barter.esp,D:\Wabbajack\modlists\ARR 2.5\mods\Requiem Patch Central - rerun\Requiem - Trade and Barter.esp,SIGNAL:07434B:Skyrim.esm,SIGNAL,read,Container,07434B:Skyrim.esm,REQ_VendorChest_CaravanA,,,,Direct selected-signature raw-file enumeration.,CONT:8|PERK:2,NO-ROWS,"Primary review: lighting, compatibility, update, or balance patch records are not authoritative devotional sources; defining content records are reviewed separately.",,REJECTED
488abb49d5a96f62,NQ092,NQ,Patch Collections,Requiem Patch Central - rerun,Requiem - Trade and Barter.esp,D:\Wabbajack\modlists\ARR 2.5\mods\Requiem Patch Central - rerun\Requiem - Trade and Barter.esp,SIGNAL:07434D:Skyrim.esm,SIGNAL,read,Container,07434D:Skyrim.esm,REQ_VendorChest_CaravanB,,,,Direct selected-signature raw-file enumeration.,CONT:8|PERK:2,NO-ROWS,"Primary review: lighting, compatibility, update, or balance patch records are not authoritative devotional sources; defining content records are reviewed separately.",,REJECTED
488abb49d5a96f62,NQ092,NQ,Patch Collections,Requiem Patch Central - rerun,Requiem - Trade and Barter.esp,D:\Wabbajack\modlists\ARR 2.5\mods\Requiem Patch Central - rerun\Requiem - Trade and Barter.esp,SIGNAL:07434E:Skyrim.esm,SIGNAL,read,Container,07434E:Skyrim.esm,REQ_VendorChest_CaravanC,,,,Direct selected-signature raw-file enumeration.,CONT:8|PERK:2,NO-ROWS,"Primary review: lighting, compatibility, update, or balance patch records are not authoritative devotional sources; defining content records are reviewed separately.",,REJECTED
488abb49d5a96f62,NQ092,NQ,Patch Collections,Requiem Patch Central - rerun,Requiem - Trade and Barter.esp,D:\Wabbajack\modlists\ARR 2.5\mods\Requiem Patch Central - rerun\Requiem - Trade and Barter.esp,SIGNAL:0C644B:Skyrim.esm,SIGNAL,read,Container,0C644B:Skyrim.esm,REQ_VendorChest_Blacksmith_Spouse,,,,Direct selected-signature raw-file enumeration.,CONT:8|PERK:2,NO-ROWS,"Primary review: lighting, compatibility, update, or balance patch records are not authoritative devotional sources; defining content records are reviewed separately.",,REJECTED
488abb49d5a96f62,NQ092,NQ,Patch Collections,Requiem Patch Central - rerun,Requiem - Trade and Barter.esp,D:\Wabbajack\modlists\ARR 2.5\mods\Requiem Patch Central - rerun\Requiem - Trade and Barter.esp,SIGNAL:0C644C:Skyrim.esm,SIGNAL,read,Container,0C644C:Skyrim.esm,REQ_VendorChest_Apothecary_Spouse,,,,Direct selected-signature raw-file enumeration.,CONT:8|PERK:2,NO-ROWS,"Primary review: lighting, compatibility, update, or balance patch records are not authoritative devotional sources; defining content records are reviewed separately.",,REJECTED
488abb49d5a96f62,NQ092,NQ,Patch Collections,Requiem Patch Central - rerun,Requiem - Trade and Barter.esp,D:\Wabbajack\modlists\ARR 2.5\mods\Requiem Patch Central - rerun\Requiem - Trade and Barter.esp,SIGNAL:0C644E:Skyrim.esm,SIGNAL,read,Container,0C644E:Skyrim.esm,REQ_VendorChest_Wizard_Spouse,,,,Direct selected-signature raw-file enumeration.,CONT:8|PERK:2,NO-ROWS,"Primary review: lighting, compatibility, update, or balance patch records are not authoritative devotional sources; defining content records are reviewed separately.",,REJECTED
488abb49d5a96f62,NQ092,NQ,Patch Collections,Requiem Patch Central - rerun,Requiem - Trade and Barter.esp,D:\Wabbajack\modlists\ARR 2.5\mods\Requiem Patch Central - rerun\Requiem - Trade and Barter.esp,SIGNAL:0C644F:Skyrim.esm,SIGNAL,read,Container,0C644F:Skyrim.esm,REQ_VendorChest_General_Spouse,,,,Direct selected-signature raw-file enumeration.,CONT:8|PERK:2,NO-ROWS,"Primary review: lighting, compatibility, update, or balance patch records are not authoritative devotional sources; defining content records are reviewed separately.",,REJECTED
488abb49d5a96f62,NQ092,NQ,Patch Collections,Requiem Patch Central - rerun,Requiem - Trade and Barter.esp,D:\Wabbajack\modlists\ARR 2.5\mods\Requiem Patch Central - rerun\Requiem - Trade and Barter.esp,SIGNAL:01EEC0:Dragonborn.esm,SIGNAL,read,Container,01EEC0:Dragonborn.esm,REQ_VendorChest_DremoraMerchant,,,,Direct selected-signature raw-file enumeration.,CONT:8|PERK:2,NO-ROWS,"Primary review: lighting, compatibility, update, or balance patch records are not authoritative devotional sources; defining content records are reviewed separately.",,REJECTED
488abb49d5a96f62,NQ092,NQ,Patch Collections,Requiem Patch Central - rerun,Requiem - Trade and Barter.esp,D:\Wabbajack\modlists\ARR 2.5\mods\Requiem Patch Central - rerun\Requiem - Trade and Barter.esp,SIGNAL:00798D:Trade & Barter.esp,SIGNAL,read,Perk,00798D:Trade & Barter.esp,KRY_TradingVariables_Naked,,,,Direct selected-signature raw-file enumeration.,CONT:8|PERK:2,NO-ROWS,"Primary review: lighting, compatibility, update, or balance patch records are not authoritative devotional sources; defining content records are reviewed separately.",,REJECTED
488abb49d5a96f62,NQ092,NQ,Patch Collections,Requiem Patch Central - rerun,Requiem - Trade and Barter.esp,D:\Wabbajack\modlists\ARR 2.5\mods\Requiem Patch Central - rerun\Requiem - Trade and Barter.esp,SIGNAL:AD3A2D:Requiem.esp,SIGNAL,read,Perk,AD3A2D:Requiem.esp,RFTI_Player_Speech,,,,Direct selected-signature raw-file enumeration.,CONT:8|PERK:2,NO-ROWS,"Primary review: lighting, compatibility, update, or balance patch records are not authoritative devotional sources; defining content records are reviewed separately.",,REJECTED
97f317de7f08704b,NQ092,NQ,Quests and Newlands - Beyond Skyrim Bruma,Beyond Skyrim - Bruma SE - CBBE 3BA and HIMBO,Beyond Skyrim Bruma CBBE 3BA and HIMBO Patch.esp,D:\Wabbajack\modlists\ARR 2.5\mods\Beyond Skyrim - Bruma SE - CBBE 3BA and HIMBO\Beyond Skyrim Bruma CBBE 3BA and HIMBO Patch.esp,PLUGIN,PLUGIN-SUMMARY,read,,,,,,,Direct signal candidate enumeration: 8,ARMO:8,NO-ROWS,"Primary review: cosmetic armor, visual resource, ingredient replacer, outfit distribution, or miscellaneous support records do not encode a distinct player devotional act.",,REJECTED
97f317de7f08704b,NQ092,NQ,Quests and Newlands - Beyond Skyrim Bruma,Beyond Skyrim - Bruma SE - CBBE 3BA and HIMBO,Beyond Skyrim Bruma CBBE 3BA and HIMBO Patch.esp,D:\Wabbajack\modlists\ARR 2.5\mods\Beyond Skyrim - Bruma SE - CBBE 3BA and HIMBO\Beyond Skyrim Bruma CBBE 3BA and HIMBO Patch.esp,SIGNAL:083C87:BSHeartland.esm,SIGNAL,read,Armor,083C87:BSHeartland.esm,CYRClothesNibeneseBlueRobes,,,,Direct selected-signature raw-file enumeration.,ARMO:8,NO-ROWS,"Primary review: cosmetic armor, visual resource, ingredient replacer, outfit distribution, or miscellaneous support records do not encode a distinct player devotional act.",,REJECTED
97f317de7f08704b,NQ092,NQ,Quests and Newlands - Beyond Skyrim Bruma,Beyond Skyrim - Bruma SE - CBBE 3BA and HIMBO,Beyond Skyrim Bruma CBBE 3BA and HIMBO Patch.esp,D:\Wabbajack\modlists\ARR 2.5\mods\Beyond Skyrim - Bruma SE - CBBE 3BA and HIMBO\Beyond Skyrim Bruma CBBE 3BA and HIMBO Patch.esp,SIGNAL:083E94:BSHeartland.esm,SIGNAL,read,Armor,083E94:BSHeartland.esm,CYRClothesNibeneseGreenRobes,,,,Direct selected-signature raw-file enumeration.,ARMO:8,NO-ROWS,"Primary review: cosmetic armor, visual resource, ingredient replacer, outfit distribution, or miscellaneous support records do not encode a distinct player devotional act.",,REJECTED
97f317de7f08704b,NQ092,NQ,Quests and Newlands - Beyond Skyrim Bruma,Beyond Skyrim - Bruma SE - CBBE 3BA and HIMBO,Beyond Skyrim Bruma CBBE 3BA and HIMBO Patch.esp,D:\Wabbajack\modlists\ARR 2.5\mods\Beyond Skyrim - Bruma SE - CBBE 3BA and HIMBO\Beyond Skyrim Bruma CBBE 3BA and HIMBO Patch.esp,SIGNAL:083E95:BSHeartland.esm,SIGNAL,read,Armor,083E95:BSHeartland.esm,CYRClothesNibeneseBlackRobes,,,,Direct selected-signature raw-file enumeration.,ARMO:8,NO-ROWS,"Primary review: cosmetic armor, visual resource, ingredient replacer, outfit distribution, or miscellaneous support records do not encode a distinct player devotional act.",,REJECTED
97f317de7f08704b,NQ092,NQ,Quests and Newlands - Beyond Skyrim Bruma,Beyond Skyrim - Bruma SE - CBBE 3BA and HIMBO,Beyond Skyrim Bruma CBBE 3BA and HIMBO Patch.esp,D:\Wabbajack\modlists\ARR 2.5\mods\Beyond Skyrim - Bruma SE - CBBE 3BA and HIMBO\Beyond Skyrim Bruma CBBE 3BA and HIMBO Patch.esp,SIGNAL:083E96:BSHeartland.esm,SIGNAL,read,Armor,083E96:BSHeartland.esm,CYRClothesNibeneseBlueLongRobes,,,,Direct selected-signature raw-file enumeration.,ARMO:8,NO-ROWS,"Primary review: cosmetic armor, visual resource, ingredient replacer, outfit distribution, or miscellaneous support records do not encode a distinct player devotional act.",,REJECTED
97f317de7f08704b,NQ092,NQ,Quests and Newlands - Beyond Skyrim Bruma,Beyond Skyrim - Bruma SE - CBBE 3BA and HIMBO,Beyond Skyrim Bruma CBBE 3BA and HIMBO Patch.esp,D:\Wabbajack\modlists\ARR 2.5\mods\Beyond Skyrim - Bruma SE - CBBE 3BA and HIMBO\Beyond Skyrim Bruma CBBE 3BA and HIMBO Patch.esp,SIGNAL:083E97:BSHeartland.esm,SIGNAL,read,Armor,083E97:BSHeartland.esm,CYRClothesNibeneseGreenLongRobes,,,,Direct selected-signature raw-file enumeration.,ARMO:8,NO-ROWS,"Primary review: cosmetic armor, visual resource, ingredient replacer, outfit distribution, or miscellaneous support records do not encode a distinct player devotional act.",,REJECTED
97f317de7f08704b,NQ092,NQ,Quests and Newlands - Beyond Skyrim Bruma,Beyond Skyrim - Bruma SE - CBBE 3BA and HIMBO,Beyond Skyrim Bruma CBBE 3BA and HIMBO Patch.esp,D:\Wabbajack\modlists\ARR 2.5\mods\Beyond Skyrim - Bruma SE - CBBE 3BA and HIMBO\Beyond Skyrim Bruma CBBE 3BA and HIMBO Patch.esp,SIGNAL:083E98:BSHeartland.esm,SIGNAL,read,Armor,083E98:BSHeartland.esm,CYRClothesNibeneseBlackLongRobes,,,,Direct selected-signature raw-file enumeration.,ARMO:8,NO-ROWS,"Primary review: cosmetic armor, visual resource, ingredient replacer, outfit distribution, or miscellaneous support records do not encode a distinct player devotional act.",,REJECTED
97f317de7f08704b,NQ092,NQ,Quests and Newlands - Beyond Skyrim Bruma,Beyond Skyrim - Bruma SE - CBBE 3BA and HIMBO,Beyond Skyrim Bruma CBBE 3BA and HIMBO Patch.esp,D:\Wabbajack\modlists\ARR 2.5\mods\Beyond Skyrim - Bruma SE - CBBE 3BA and HIMBO\Beyond Skyrim Bruma CBBE 3BA and HIMBO Patch.esp,SIGNAL:084137:BSHeartland.esm,SIGNAL,read,Armor,084137:BSHeartland.esm,CYRClothesCollegeofWhispersRobes,,,,Direct selected-signature raw-file enumeration.,ARMO:8,NO-ROWS,"Primary review: cosmetic armor, visual resource, ingredient replacer, outfit distribution, or miscellaneous support records do not encode a distinct player devotional act.",,REJECTED
97f317de7f08704b,NQ092,NQ,Quests and Newlands - Beyond Skyrim Bruma,Beyond Skyrim - Bruma SE - CBBE 3BA and HIMBO,Beyond Skyrim Bruma CBBE 3BA and HIMBO Patch.esp,D:\Wabbajack\modlists\ARR 2.5\mods\Beyond Skyrim - Bruma SE - CBBE 3BA and HIMBO\Beyond Skyrim Bruma CBBE 3BA and HIMBO Patch.esp,SIGNAL:0DF0F3:BSHeartland.esm,SIGNAL,read,Armor,0DF0F3:BSHeartland.esm,CYRClothesCoWArchmageRobe,,,,Direct selected-signature raw-file enumeration.,ARMO:8,NO-ROWS,"Primary review: cosmetic armor, visual resource, ingredient replacer, outfit distribution, or miscellaneous support records do not encode a distinct player devotional act.",,REJECTED
