input_id,batch_id,wave,separator,mod,plugin,plugin_path,evidence_id,evidence_kind,reader_status,record_signature,formid,editor_id,name,quest_expansion_classification,stage_numbers,evidence,signal_counts,proposed_triage,proposed_reason,notes,primary_review_status
869c18b906b5b8cc,NQ091,NQ,Lighting - Lux and Lux Patches,Lux (patch hub) - rerun,Lux - Tundra Homestead Tweaks and Enhancements patch.esp,D:\Wabbajack\modlists\ARR 2.5\mods\Lux (patch hub) - rerun\Lux - Tundra Homestead Tweaks and Enhancements patch.esp,PLUGIN,PLUGIN-SUMMARY,read,,,,,,,Direct signal candidate enumeration: 3,ACTI:3,NO-ROWS,"Primary review: lighting, compatibility, update, or balance patch records are not authoritative devotional sources; defining content records are reviewed separately.",,REJECTED
869c18b906b5b8cc,NQ091,NQ,Lighting - Lux and Lux Patches,Lux (patch hub) - rerun,Lux - Tundra Homestead Tweaks and Enhancements patch.esp,D:\Wabbajack\modlists\ARR 2.5\mods\Lux (patch hub) - rerun\Lux - Tundra Homestead Tweaks and Enhancements patch.esp,SIGNAL:000007:Lux - Tundra Homestead Tweaks and Enhancements patch.esp,SIGNAL,read,Activator,000007:Lux - Tundra Homestead Tweaks and Enhancements patch.esp,LuxTHTEBasementLS01,,,,Direct selected-signature raw-file enumeration.,ACTI:3,NO-ROWS,"Primary review: lighting, compatibility, update, or balance patch records are not authoritative devotional sources; defining content records are reviewed separately.",,REJECTED
869c18b906b5b8cc,NQ091,NQ,Lighting - Lux and Lux Patches,Lux (patch hub) - rerun,Lux - Tundra Homestead Tweaks and Enhancements patch.esp,D:\Wabbajack\modlists\ARR 2.5\mods\Lux (patch hub) - rerun\Lux - Tundra Homestead Tweaks and Enhancements patch.esp,SIGNAL:00000F:Lux - Tundra Homestead Tweaks and Enhancements patch.esp,SIGNAL,read,Activator,00000F:Lux - Tundra Homestead Tweaks and Enhancements patch.esp,LuxTHTEBasementLS02,,,,Direct selected-signature raw-file enumeration.,ACTI:3,NO-ROWS,"Primary review: lighting, compatibility, update, or balance patch records are not authoritative devotional sources; defining content records are reviewed separately.",,REJECTED
869c18b906b5b8cc,NQ091,NQ,Lighting - Lux and Lux Patches,Lux (patch hub) - rerun,Lux - Tundra Homestead Tweaks and Enhancements patch.esp,D:\Wabbajack\modlists\ARR 2.5\mods\Lux (patch hub) - rerun\Lux - Tundra Homestead Tweaks and Enhancements patch.esp,SIGNAL:000010:Lux - Tundra Homestead Tweaks and Enhancements patch.esp,SIGNAL,read,Activator,000010:Lux - Tundra Homestead Tweaks and Enhancements patch.esp,LuxTHTEBasementLS03,,,,Direct selected-signature raw-file enumeration.,ACTI:3,NO-ROWS,"Primary review: lighting, compatibility, update, or balance patch records are not authoritative devotional sources; defining content records are reviewed separately.",,REJECTED
4018425d84b780a3,NQ091,NQ,Lighting - Lux and Lux Patches,Lux (patch hub) - rerun,Lux - Umbra CC.esp,D:\Wabbajack\modlists\ARR 2.5\mods\Lux (patch hub) - rerun\Lux - Umbra CC.esp,PLUGIN,PLUGIN-SUMMARY,read,,,,,,,Direct signal candidate enumeration: 10,ACTI:10,NO-ROWS,"Primary review: lighting, compatibility, update, or balance patch records are not authoritative devotional sources; defining content records are reviewed separately.",,REJECTED
4018425d84b780a3,NQ091,NQ,Lighting - Lux and Lux Patches,Lux (patch hub) - rerun,Lux - Umbra CC.esp,D:\Wabbajack\modlists\ARR 2.5\mods\Lux (patch hub) - rerun\Lux - Umbra CC.esp,SIGNAL:00001B:Lux - Umbra CC.esp,SIGNAL,read,Activator,00001B:Lux - Umbra CC.esp,LuxChampionsRest01LS01,,,,Direct selected-signature raw-file enumeration.,ACTI:10,NO-ROWS,"Primary review: lighting, compatibility, update, or balance patch records are not authoritative devotional sources; defining content records are reviewed separately.",,REJECTED
4018425d84b780a3,NQ091,NQ,Lighting - Lux and Lux Patches,Lux (patch hub) - rerun,Lux - Umbra CC.esp,D:\Wabbajack\modlists\ARR 2.5\mods\Lux (patch hub) - rerun\Lux - Umbra CC.esp,SIGNAL:00001C:Lux - Umbra CC.esp,SIGNAL,read,Activator,00001C:Lux - Umbra CC.esp,LuxChampionsRest01LS02,,,,Direct selected-signature raw-file enumeration.,ACTI:10,NO-ROWS,"Primary review: lighting, compatibility, update, or balance patch records are not authoritative devotional sources; defining content records are reviewed separately.",,REJECTED
4018425d84b780a3,NQ091,NQ,Lighting - Lux and Lux Patches,Lux (patch hub) - rerun,Lux - Umbra CC.esp,D:\Wabbajack\modlists\ARR 2.5\mods\Lux (patch hub) - rerun\Lux - Umbra CC.esp,SIGNAL:00001D:Lux - Umbra CC.esp,SIGNAL,read,Activator,00001D:Lux - Umbra CC.esp,LuxChampionsRest01LS03,,,,Direct selected-signature raw-file enumeration.,ACTI:10,NO-ROWS,"Primary review: lighting, compatibility, update, or balance patch records are not authoritative devotional sources; defining content records are reviewed separately.",,REJECTED
4018425d84b780a3,NQ091,NQ,Lighting - Lux and Lux Patches,Lux (patch hub) - rerun,Lux - Umbra CC.esp,D:\Wabbajack\modlists\ARR 2.5\mods\Lux (patch hub) - rerun\Lux - Umbra CC.esp,SIGNAL:00001E:Lux - Umbra CC.esp,SIGNAL,read,Activator,00001E:Lux - Umbra CC.esp,LuxChampionsRest01LS04,,,,Direct selected-signature raw-file enumeration.,ACTI:10,NO-ROWS,"Primary review: lighting, compatibility, update, or balance patch records are not authoritative devotional sources; defining content records are reviewed separately.",,REJECTED
4018425d84b780a3,NQ091,NQ,Lighting - Lux and Lux Patches,Lux (patch hub) - rerun,Lux - Umbra CC.esp,D:\Wabbajack\modlists\ARR 2.5\mods\Lux (patch hub) - rerun\Lux - Umbra CC.esp,SIGNAL:00001F:Lux - Umbra CC.esp,SIGNAL,read,Activator,00001F:Lux - Umbra CC.esp,LuxChampionsRest01LS05,,,,Direct selected-signature raw-file enumeration.,ACTI:10,NO-ROWS,"Primary review: lighting, compatibility, update, or balance patch records are not authoritative devotional sources; defining content records are reviewed separately.",,REJECTED
4018425d84b780a3,NQ091,NQ,Lighting - Lux and Lux Patches,Lux (patch hub) - rerun,Lux - Umbra CC.esp,D:\Wabbajack\modlists\ARR 2.5\mods\Lux (patch hub) - rerun\Lux - Umbra CC.esp,SIGNAL:000020:Lux - Umbra CC.esp,SIGNAL,read,Activator,000020:Lux - Umbra CC.esp,LuxChampionsRest01LS06,,,,Direct selected-signature raw-file enumeration.,ACTI:10,NO-ROWS,"Primary review: lighting, compatibility, update, or balance patch records are not authoritative devotional sources; defining content records are reviewed separately.",,REJECTED
4018425d84b780a3,NQ091,NQ,Lighting - Lux and Lux Patches,Lux (patch hub) - rerun,Lux - Umbra CC.esp,D:\Wabbajack\modlists\ARR 2.5\mods\Lux (patch hub) - rerun\Lux - Umbra CC.esp,SIGNAL:000021:Lux - Umbra CC.esp,SIGNAL,read,Activator,000021:Lux - Umbra CC.esp,LuxChampionsRest01LS07,,,,Direct selected-signature raw-file enumeration.,ACTI:10,NO-ROWS,"Primary review: lighting, compatibility, update, or balance patch records are not authoritative devotional sources; defining content records are reviewed separately.",,REJECTED
4018425d84b780a3,NQ091,NQ,Lighting - Lux and Lux Patches,Lux (patch hub) - rerun,Lux - Umbra CC.esp,D:\Wabbajack\modlists\ARR 2.5\mods\Lux (patch hub) - rerun\Lux - Umbra CC.esp,SIGNAL:00002C:Lux - Umbra CC.esp,SIGNAL,read,Activator,00002C:Lux - Umbra CC.esp,LuxChampionsRest02LS01,,,,Direct selected-signature raw-file enumeration.,ACTI:10,NO-ROWS,"Primary review: lighting, compatibility, update, or balance patch records are not authoritative devotional sources; defining content records are reviewed separately.",,REJECTED
4018425d84b780a3,NQ091,NQ,Lighting - Lux and Lux Patches,Lux (patch hub) - rerun,Lux - Umbra CC.esp,D:\Wabbajack\modlists\ARR 2.5\mods\Lux (patch hub) - rerun\Lux - Umbra CC.esp,SIGNAL:00002D:Lux - Umbra CC.esp,SIGNAL,read,Activator,00002D:Lux - Umbra CC.esp,LuxChampionsRest02LS02,,,,Direct selected-signature raw-file enumeration.,ACTI:10,NO-ROWS,"Primary review: lighting, compatibility, update, or balance patch records are not authoritative devotional sources; defining content records are reviewed separately.",,REJECTED
4018425d84b780a3,NQ091,NQ,Lighting - Lux and Lux Patches,Lux (patch hub) - rerun,Lux - Umbra CC.esp,D:\Wabbajack\modlists\ARR 2.5\mods\Lux (patch hub) - rerun\Lux - Umbra CC.esp,SIGNAL:00002E:Lux - Umbra CC.esp,SIGNAL,read,Activator,00002E:Lux - Umbra CC.esp,LuxChampionsRest02LS03,,,,Direct selected-signature raw-file enumeration.,ACTI:10,NO-ROWS,"Primary review: lighting, compatibility, update, or balance patch records are not authoritative devotional sources; defining content records are reviewed separately.",,REJECTED
a2ff216e465706a7,NQ091,NQ,Lighting - Lux and Lux Patches,Lux (patch hub) - rerun,Lux - Unslaad.esp,D:\Wabbajack\modlists\ARR 2.5\mods\Lux (patch hub) - rerun\Lux - Unslaad.esp,PLUGIN,PLUGIN-SUMMARY,read,,,,,,,Direct signal candidate enumeration: 14,ACTI:11|CONT:1|LCTN:2,NO-ROWS,"Primary review: lighting, compatibility, update, or balance patch records are not authoritative devotional sources; defining content records are reviewed separately.",,REJECTED
a2ff216e465706a7,NQ091,NQ,Lighting - Lux and Lux Patches,Lux (patch hub) - rerun,Lux - Unslaad.esp,D:\Wabbajack\modlists\ARR 2.5\mods\Lux (patch hub) - rerun\Lux - Unslaad.esp,SIGNAL:000892:Lux - Unslaad.esp,SIGNAL,read,Activator,000892:Lux - Unslaad.esp,LuxUnslaadCastle01LS01,,,,Direct selected-signature raw-file enumeration.,ACTI:11|CONT:1|LCTN:2,NO-ROWS,"Primary review: lighting, compatibility, update, or balance patch records are not authoritative devotional sources; defining content records are reviewed separately.",,REJECTED
a2ff216e465706a7,NQ091,NQ,Lighting - Lux and Lux Patches,Lux (patch hub) - rerun,Lux - Unslaad.esp,D:\Wabbajack\modlists\ARR 2.5\mods\Lux (patch hub) - rerun\Lux - Unslaad.esp,SIGNAL:000895:Lux - Unslaad.esp,SIGNAL,read,Activator,000895:Lux - Unslaad.esp,LuxUnslaadCastle01LS02,,,,Direct selected-signature raw-file enumeration.,ACTI:11|CONT:1|LCTN:2,NO-ROWS,"Primary review: lighting, compatibility, update, or balance patch records are not authoritative devotional sources; defining content records are reviewed separately.",,REJECTED
a2ff216e465706a7,NQ091,NQ,Lighting - Lux and Lux Patches,Lux (patch hub) - rerun,Lux - Unslaad.esp,D:\Wabbajack\modlists\ARR 2.5\mods\Lux (patch hub) - rerun\Lux - Unslaad.esp,SIGNAL:0008C5:Lux - Unslaad.esp,SIGNAL,read,Activator,0008C5:Lux - Unslaad.esp,LuxUnslaadCastle01LS03,,,,Direct selected-signature raw-file enumeration.,ACTI:11|CONT:1|LCTN:2,NO-ROWS,"Primary review: lighting, compatibility, update, or balance patch records are not authoritative devotional sources; defining content records are reviewed separately.",,REJECTED
a2ff216e465706a7,NQ091,NQ,Lighting - Lux and Lux Patches,Lux (patch hub) - rerun,Lux - Unslaad.esp,D:\Wabbajack\modlists\ARR 2.5\mods\Lux (patch hub) - rerun\Lux - Unslaad.esp,SIGNAL:0008C8:Lux - Unslaad.esp,SIGNAL,read,Activator,0008C8:Lux - Unslaad.esp,LuxUnslaadCastle01LS04,,,,Direct selected-signature raw-file enumeration.,ACTI:11|CONT:1|LCTN:2,NO-ROWS,"Primary review: lighting, compatibility, update, or balance patch records are not authoritative devotional sources; defining content records are reviewed separately.",,REJECTED
a2ff216e465706a7,NQ091,NQ,Lighting - Lux and Lux Patches,Lux (patch hub) - rerun,Lux - Unslaad.esp,D:\Wabbajack\modlists\ARR 2.5\mods\Lux (patch hub) - rerun\Lux - Unslaad.esp,SIGNAL:0008D6:Lux - Unslaad.esp,SIGNAL,read,Activator,0008D6:Lux - Unslaad.esp,LuxUnslaadCastle01LS05,,,,Direct selected-signature raw-file enumeration.,ACTI:11|CONT:1|LCTN:2,NO-ROWS,"Primary review: lighting, compatibility, update, or balance patch records are not authoritative devotional sources; defining content records are reviewed separately.",,REJECTED
a2ff216e465706a7,NQ091,NQ,Lighting - Lux and Lux Patches,Lux (patch hub) - rerun,Lux - Unslaad.esp,D:\Wabbajack\modlists\ARR 2.5\mods\Lux (patch hub) - rerun\Lux - Unslaad.esp,SIGNAL:000928:Lux - Unslaad.esp,SIGNAL,read,Activator,000928:Lux - Unslaad.esp,LuxUnslaadCastle03LS01,,,,Direct selected-signature raw-file enumeration.,ACTI:11|CONT:1|LCTN:2,NO-ROWS,"Primary review: lighting, compatibility, update, or balance patch records are not authoritative devotional sources; defining content records are reviewed separately.",,REJECTED
a2ff216e465706a7,NQ091,NQ,Lighting - Lux and Lux Patches,Lux (patch hub) - rerun,Lux - Unslaad.esp,D:\Wabbajack\modlists\ARR 2.5\mods\Lux (patch hub) - rerun\Lux - Unslaad.esp,SIGNAL:00092B:Lux - Unslaad.esp,SIGNAL,read,Activator,00092B:Lux - Unslaad.esp,LuxUnslaadCastle03LS02,,,,Direct selected-signature raw-file enumeration.,ACTI:11|CONT:1|LCTN:2,NO-ROWS,"Primary review: lighting, compatibility, update, or balance patch records are not authoritative devotional sources; defining content records are reviewed separately.",,REJECTED
a2ff216e465706a7,NQ091,NQ,Lighting - Lux and Lux Patches,Lux (patch hub) - rerun,Lux - Unslaad.esp,D:\Wabbajack\modlists\ARR 2.5\mods\Lux (patch hub) - rerun\Lux - Unslaad.esp,SIGNAL:00092E:Lux - Unslaad.esp,SIGNAL,read,Activator,00092E:Lux - Unslaad.esp,LuxUnslaadCastle03LS03,,,,Direct selected-signature raw-file enumeration.,ACTI:11|CONT:1|LCTN:2,NO-ROWS,"Primary review: lighting, compatibility, update, or balance patch records are not authoritative devotional sources; defining content records are reviewed separately.",,REJECTED
a2ff216e465706a7,NQ091,NQ,Lighting - Lux and Lux Patches,Lux (patch hub) - rerun,Lux - Unslaad.esp,D:\Wabbajack\modlists\ARR 2.5\mods\Lux (patch hub) - rerun\Lux - Unslaad.esp,SIGNAL:000939:Lux - Unslaad.esp,SIGNAL,read,Activator,000939:Lux - Unslaad.esp,LuxUnslaadCastle03LS04,,,,Direct selected-signature raw-file enumeration.,ACTI:11|CONT:1|LCTN:2,NO-ROWS,"Primary review: lighting, compatibility, update, or balance patch records are not authoritative devotional sources; defining content records are reviewed separately.",,REJECTED
a2ff216e465706a7,NQ091,NQ,Lighting - Lux and Lux Patches,Lux (patch hub) - rerun,Lux - Unslaad.esp,D:\Wabbajack\modlists\ARR 2.5\mods\Lux (patch hub) - rerun\Lux - Unslaad.esp,SIGNAL:0009D8:Lux - Unslaad.esp,SIGNAL,read,Activator,0009D8:Lux - Unslaad.esp,LuxUnslaadCaveSnowThroatLS01,,,,Direct selected-signature raw-file enumeration.,ACTI:11|CONT:1|LCTN:2,NO-ROWS,"Primary review: lighting, compatibility, update, or balance patch records are not authoritative devotional sources; defining content records are reviewed separately.",,REJECTED
a2ff216e465706a7,NQ091,NQ,Lighting - Lux and Lux Patches,Lux (patch hub) - rerun,Lux - Unslaad.esp,D:\Wabbajack\modlists\ARR 2.5\mods\Lux (patch hub) - rerun\Lux - Unslaad.esp,SIGNAL:000A0D:Lux - Unslaad.esp,SIGNAL,read,Activator,000A0D:Lux - Unslaad.esp,LuxUnslaadDreamAlmora01LS01,,,,Direct selected-signature raw-file enumeration.,ACTI:11|CONT:1|LCTN:2,NO-ROWS,"Primary review: lighting, compatibility, update, or balance patch records are not authoritative devotional sources; defining content records are reviewed separately.",,REJECTED
a2ff216e465706a7,NQ091,NQ,Lighting - Lux and Lux Patches,Lux (patch hub) - rerun,Lux - Unslaad.esp,D:\Wabbajack\modlists\ARR 2.5\mods\Lux (patch hub) - rerun\Lux - Unslaad.esp,SIGNAL:288BCA:Unslaad.esm,SIGNAL,read,Container,288BCA:Unslaad.esm,zzzCrbTreasQ02ShieldFrost,,,,Direct selected-signature raw-file enumeration.,ACTI:11|CONT:1|LCTN:2,NO-ROWS,"Primary review: lighting, compatibility, update, or balance patch records are not authoritative devotional sources; defining content records are reviewed separately.",,REJECTED
a2ff216e465706a7,NQ091,NQ,Lighting - Lux and Lux Patches,Lux (patch hub) - rerun,Lux - Unslaad.esp,D:\Wabbajack\modlists\ARR 2.5\mods\Lux (patch hub) - rerun\Lux - Unslaad.esp,SIGNAL:3C5DF9:Unslaad.esm,SIGNAL,read,Location,3C5DF9:Unslaad.esm,zzzCrbLocDreamAtmora01,,,,Direct selected-signature raw-file enumeration.,ACTI:11|CONT:1|LCTN:2,NO-ROWS,"Primary review: lighting, compatibility, update, or balance patch records are not authoritative devotional sources; defining content records are reviewed separately.",,REJECTED
a2ff216e465706a7,NQ091,NQ,Lighting - Lux and Lux Patches,Lux (patch hub) - rerun,Lux - Unslaad.esp,D:\Wabbajack\modlists\ARR 2.5\mods\Lux (patch hub) - rerun\Lux - Unslaad.esp,SIGNAL:45662A:Unslaad.esm,SIGNAL,read,Location,45662A:Unslaad.esm,zzzCrbLocCaveSnowThroat,,,,Direct selected-signature raw-file enumeration.,ACTI:11|CONT:1|LCTN:2,NO-ROWS,"Primary review: lighting, compatibility, update, or balance patch records are not authoritative devotional sources; defining content records are reviewed separately.",,REJECTED
71626e8967e4ec12,NQ091,NQ,Lighting - Lux and Lux Patches,Lux (patch hub) - rerun,Lux - Val Serano Follower.esp,D:\Wabbajack\modlists\ARR 2.5\mods\Lux (patch hub) - rerun\Lux - Val Serano Follower.esp,PLUGIN,PLUGIN-SUMMARY,read,,,,,,,Direct signal candidate enumeration: 2,ACTI:2,NO-ROWS,"Primary review: lighting, compatibility, update, or balance patch records are not authoritative devotional sources; defining content records are reviewed separately.",,REJECTED
71626e8967e4ec12,NQ091,NQ,Lighting - Lux and Lux Patches,Lux (patch hub) - rerun,Lux - Val Serano Follower.esp,D:\Wabbajack\modlists\ARR 2.5\mods\Lux (patch hub) - rerun\Lux - Val Serano Follower.esp,SIGNAL:00001B:Lux - Val Serano Follower.esp,SIGNAL,read,Activator,00001B:Lux - Val Serano Follower.esp,LuxAxDarkRose01_LSUpper,,,,Direct selected-signature raw-file enumeration.,ACTI:2,NO-ROWS,"Primary review: lighting, compatibility, update, or balance patch records are not authoritative devotional sources; defining content records are reviewed separately.",,REJECTED
71626e8967e4ec12,NQ091,NQ,Lighting - Lux and Lux Patches,Lux (patch hub) - rerun,Lux - Val Serano Follower.esp,D:\Wabbajack\modlists\ARR 2.5\mods\Lux (patch hub) - rerun\Lux - Val Serano Follower.esp,SIGNAL:00001D:Lux - Val Serano Follower.esp,SIGNAL,read,Activator,00001D:Lux - Val Serano Follower.esp,LuxAxDarkRose02_LSUpper,,,,Direct selected-signature raw-file enumeration.,ACTI:2,NO-ROWS,"Primary review: lighting, compatibility, update, or balance patch records are not authoritative devotional sources; defining content records are reviewed separately.",,REJECTED
b7d732ae69c98f17,NQ091,NQ,Lighting - Lux and Lux Patches,Lux (patch hub) - rerun,Lux - Vigilant patch.esp,D:\Wabbajack\modlists\ARR 2.5\mods\Lux (patch hub) - rerun\Lux - Vigilant patch.esp,PLUGIN,PLUGIN-SUMMARY,read,,,,,,,Direct signal candidate enumeration: 85,ACTI:83|LCTN:2,NO-ROWS,"Primary review: lighting, compatibility, update, or balance patch records are not authoritative devotional sources; defining content records are reviewed separately.",,REJECTED
b7d732ae69c98f17,NQ091,NQ,Lighting - Lux and Lux Patches,Lux (patch hub) - rerun,Lux - Vigilant patch.esp,D:\Wabbajack\modlists\ARR 2.5\mods\Lux (patch hub) - rerun\Lux - Vigilant patch.esp,SIGNAL:000B16:Lux - Vigilant patch.esp,SIGNAL,read,Activator,000B16:Lux - Vigilant patch.esp,WTWelkynd01LS01,,,,Direct selected-signature raw-file enumeration.,ACTI:83|LCTN:2,NO-ROWS,"Primary review: lighting, compatibility, update, or balance patch records are not authoritative devotional sources; defining content records are reviewed separately.",,REJECTED
b7d732ae69c98f17,NQ091,NQ,Lighting - Lux and Lux Patches,Lux (patch hub) - rerun,Lux - Vigilant patch.esp,D:\Wabbajack\modlists\ARR 2.5\mods\Lux (patch hub) - rerun\Lux - Vigilant patch.esp,SIGNAL:000B28:Lux - Vigilant patch.esp,SIGNAL,read,Activator,000B28:Lux - Vigilant patch.esp,WTWelkynd01LT02,,,,Direct selected-signature raw-file enumeration.,ACTI:83|LCTN:2,NO-ROWS,"Primary review: lighting, compatibility, update, or balance patch records are not authoritative devotional sources; defining content records are reviewed separately.",,REJECTED
b7d732ae69c98f17,NQ091,NQ,Lighting - Lux and Lux Patches,Lux (patch hub) - rerun,Lux - Vigilant patch.esp,D:\Wabbajack\modlists\ARR 2.5\mods\Lux (patch hub) - rerun\Lux - Vigilant patch.esp,SIGNAL:000B30:Lux - Vigilant patch.esp,SIGNAL,read,Activator,000B30:Lux - Vigilant patch.esp,WTWelkynd01LT03,,,,Direct selected-signature raw-file enumeration.,ACTI:83|LCTN:2,NO-ROWS,"Primary review: lighting, compatibility, update, or balance patch records are not authoritative devotional sources; defining content records are reviewed separately.",,REJECTED
b7d732ae69c98f17,NQ091,NQ,Lighting - Lux and Lux Patches,Lux (patch hub) - rerun,Lux - Vigilant patch.esp,D:\Wabbajack\modlists\ARR 2.5\mods\Lux (patch hub) - rerun\Lux - Vigilant patch.esp,SIGNAL:000828:Lux - Vigilant patch.esp,SIGNAL,read,Activator,000828:Lux - Vigilant patch.esp,WTStendarrLS01,,,,Direct selected-signature raw-file enumeration.,ACTI:83|LCTN:2,NO-ROWS,"Primary review: lighting, compatibility, update, or balance patch records are not authoritative devotional sources; defining content records are reviewed separately.",,REJECTED
b7d732ae69c98f17,NQ091,NQ,Lighting - Lux and Lux Patches,Lux (patch hub) - rerun,Lux - Vigilant patch.esp,D:\Wabbajack\modlists\ARR 2.5\mods\Lux (patch hub) - rerun\Lux - Vigilant patch.esp,SIGNAL:00082B:Lux - Vigilant patch.esp,SIGNAL,read,Activator,00082B:Lux - Vigilant patch.esp,WTStendarrLS02,,,,Direct selected-signature raw-file enumeration.,ACTI:83|LCTN:2,NO-ROWS,"Primary review: lighting, compatibility, update, or balance patch records are not authoritative devotional sources; defining content records are reviewed separately.",,REJECTED
b7d732ae69c98f17,NQ091,NQ,Lighting - Lux and Lux Patches,Lux (patch hub) - rerun,Lux - Vigilant patch.esp,D:\Wabbajack\modlists\ARR 2.5\mods\Lux (patch hub) - rerun\Lux - Vigilant patch.esp,SIGNAL:0008B2:Lux - Vigilant patch.esp,SIGNAL,read,Activator,0008B2:Lux - Vigilant patch.esp,WTOldCity02LS01,,,,Direct selected-signature raw-file enumeration.,ACTI:83|LCTN:2,NO-ROWS,"Primary review: lighting, compatibility, update, or balance patch records are not authoritative devotional sources; defining content records are reviewed separately.",,REJECTED
b7d732ae69c98f17,NQ091,NQ,Lighting - Lux and Lux Patches,Lux (patch hub) - rerun,Lux - Vigilant patch.esp,D:\Wabbajack\modlists\ARR 2.5\mods\Lux (patch hub) - rerun\Lux - Vigilant patch.esp,SIGNAL:0008CF:Lux - Vigilant patch.esp,SIGNAL,read,Activator,0008CF:Lux - Vigilant patch.esp,WTVampPalaceLS01,,,,Direct selected-signature raw-file enumeration.,ACTI:83|LCTN:2,NO-ROWS,"Primary review: lighting, compatibility, update, or balance patch records are not authoritative devotional sources; defining content records are reviewed separately.",,REJECTED
b7d732ae69c98f17,NQ091,NQ,Lighting - Lux and Lux Patches,Lux (patch hub) - rerun,Lux - Vigilant patch.esp,D:\Wabbajack\modlists\ARR 2.5\mods\Lux (patch hub) - rerun\Lux - Vigilant patch.esp,SIGNAL:0008D9:Lux - Vigilant patch.esp,SIGNAL,read,Activator,0008D9:Lux - Vigilant patch.esp,WTJailLS01,,,,Direct selected-signature raw-file enumeration.,ACTI:83|LCTN:2,NO-ROWS,"Primary review: lighting, compatibility, update, or balance patch records are not authoritative devotional sources; defining content records are reviewed separately.",,REJECTED
b7d732ae69c98f17,NQ091,NQ,Lighting - Lux and Lux Patches,Lux (patch hub) - rerun,Lux - Vigilant patch.esp,D:\Wabbajack\modlists\ARR 2.5\mods\Lux (patch hub) - rerun\Lux - Vigilant patch.esp,SIGNAL:0008E4:Lux - Vigilant patch.esp,SIGNAL,read,Activator,0008E4:Lux - Vigilant patch.esp,WTOldCity02LS02,,,,Direct selected-signature raw-file enumeration.,ACTI:83|LCTN:2,NO-ROWS,"Primary review: lighting, compatibility, update, or balance patch records are not authoritative devotional sources; defining content records are reviewed separately.",,REJECTED
b7d732ae69c98f17,NQ091,NQ,Lighting - Lux and Lux Patches,Lux (patch hub) - rerun,Lux - Vigilant patch.esp,D:\Wabbajack\modlists\ARR 2.5\mods\Lux (patch hub) - rerun\Lux - Vigilant patch.esp,SIGNAL:0008E7:Lux - Vigilant patch.esp,SIGNAL,read,Activator,0008E7:Lux - Vigilant patch.esp,WTOldCityLS03,,,,Direct selected-signature raw-file enumeration.,ACTI:83|LCTN:2,NO-ROWS,"Primary review: lighting, compatibility, update, or balance patch records are not authoritative devotional sources; defining content records are reviewed separately.",,REJECTED
b7d732ae69c98f17,NQ091,NQ,Lighting - Lux and Lux Patches,Lux (patch hub) - rerun,Lux - Vigilant patch.esp,D:\Wabbajack\modlists\ARR 2.5\mods\Lux (patch hub) - rerun\Lux - Vigilant patch.esp,SIGNAL:000915:Lux - Vigilant patch.esp,SIGNAL,read,Activator,000915:Lux - Vigilant patch.esp,WTSard01LS01,,,,Direct selected-signature raw-file enumeration.,ACTI:83|LCTN:2,NO-ROWS,"Primary review: lighting, compatibility, update, or balance patch records are not authoritative devotional sources; defining content records are reviewed separately.",,REJECTED
b7d732ae69c98f17,NQ091,NQ,Lighting - Lux and Lux Patches,Lux (patch hub) - rerun,Lux - Vigilant patch.esp,D:\Wabbajack\modlists\ARR 2.5\mods\Lux (patch hub) - rerun\Lux - Vigilant patch.esp,SIGNAL:00094B:Lux - Vigilant patch.esp,SIGNAL,read,Activator,00094B:Lux - Vigilant patch.esp,WTCuriaGoldenLS01,,,,Direct selected-signature raw-file enumeration.,ACTI:83|LCTN:2,NO-ROWS,"Primary review: lighting, compatibility, update, or balance patch records are not authoritative devotional sources; defining content records are reviewed separately.",,REJECTED
b7d732ae69c98f17,NQ091,NQ,Lighting - Lux and Lux Patches,Lux (patch hub) - rerun,Lux - Vigilant patch.esp,D:\Wabbajack\modlists\ARR 2.5\mods\Lux (patch hub) - rerun\Lux - Vigilant patch.esp,SIGNAL:000988:Lux - Vigilant patch.esp,SIGNAL,read,Activator,000988:Lux - Vigilant patch.esp,WTTwoer02LS01,,,,Direct selected-signature raw-file enumeration.,ACTI:83|LCTN:2,NO-ROWS,"Primary review: lighting, compatibility, update, or balance patch records are not authoritative devotional sources; defining content records are reviewed separately.",,REJECTED
b7d732ae69c98f17,NQ091,NQ,Lighting - Lux and Lux Patches,Lux (patch hub) - rerun,Lux - Vigilant patch.esp,D:\Wabbajack\modlists\ARR 2.5\mods\Lux (patch hub) - rerun\Lux - Vigilant patch.esp,SIGNAL:0009B7:Lux - Vigilant patch.esp,SIGNAL,read,Activator,0009B7:Lux - Vigilant patch.esp,WTNobleBasementLS01,,,,Direct selected-signature raw-file enumeration.,ACTI:83|LCTN:2,NO-ROWS,"Primary review: lighting, compatibility, update, or balance patch records are not authoritative devotional sources; defining content records are reviewed separately.",,REJECTED
b7d732ae69c98f17,NQ091,NQ,Lighting - Lux and Lux Patches,Lux (patch hub) - rerun,Lux - Vigilant patch.esp,D:\Wabbajack\modlists\ARR 2.5\mods\Lux (patch hub) - rerun\Lux - Vigilant patch.esp,SIGNAL:0009BB:Lux - Vigilant patch.esp,SIGNAL,read,Activator,0009BB:Lux - Vigilant patch.esp,WTNobleBasementLS02,,,,Direct selected-signature raw-file enumeration.,ACTI:83|LCTN:2,NO-ROWS,"Primary review: lighting, compatibility, update, or balance patch records are not authoritative devotional sources; defining content records are reviewed separately.",,REJECTED
b7d732ae69c98f17,NQ091,NQ,Lighting - Lux and Lux Patches,Lux (patch hub) - rerun,Lux - Vigilant patch.esp,D:\Wabbajack\modlists\ARR 2.5\mods\Lux (patch hub) - rerun\Lux - Vigilant patch.esp,SIGNAL:0009FB:Lux - Vigilant patch.esp,SIGNAL,read,Activator,0009FB:Lux - Vigilant patch.esp,WTSeprediaLS01,,,,Direct selected-signature raw-file enumeration.,ACTI:83|LCTN:2,NO-ROWS,"Primary review: lighting, compatibility, update, or balance patch records are not authoritative devotional sources; defining content records are reviewed separately.",,REJECTED
b7d732ae69c98f17,NQ091,NQ,Lighting - Lux and Lux Patches,Lux (patch hub) - rerun,Lux - Vigilant patch.esp,D:\Wabbajack\modlists\ARR 2.5\mods\Lux (patch hub) - rerun\Lux - Vigilant patch.esp,SIGNAL:000A12:Lux - Vigilant patch.esp,SIGNAL,read,Activator,000A12:Lux - Vigilant patch.esp,WTFortVerinLS04,,,,Direct selected-signature raw-file enumeration.,ACTI:83|LCTN:2,NO-ROWS,"Primary review: lighting, compatibility, update, or balance patch records are not authoritative devotional sources; defining content records are reviewed separately.",,REJECTED
b7d732ae69c98f17,NQ091,NQ,Lighting - Lux and Lux Patches,Lux (patch hub) - rerun,Lux - Vigilant patch.esp,D:\Wabbajack\modlists\ARR 2.5\mods\Lux (patch hub) - rerun\Lux - Vigilant patch.esp,SIGNAL:000A14:Lux - Vigilant patch.esp,SIGNAL,read,Activator,000A14:Lux - Vigilant patch.esp,WTFortVerinLS05,,,,Direct selected-signature raw-file enumeration.,ACTI:83|LCTN:2,NO-ROWS,"Primary review: lighting, compatibility, update, or balance patch records are not authoritative devotional sources; defining content records are reviewed separately.",,REJECTED
b7d732ae69c98f17,NQ091,NQ,Lighting - Lux and Lux Patches,Lux (patch hub) - rerun,Lux - Vigilant patch.esp,D:\Wabbajack\modlists\ARR 2.5\mods\Lux (patch hub) - rerun\Lux - Vigilant patch.esp,SIGNAL:000A16:Lux - Vigilant patch.esp,SIGNAL,read,Activator,000A16:Lux - Vigilant patch.esp,WTFortVerinLS03,,,,Direct selected-signature raw-file enumeration.,ACTI:83|LCTN:2,NO-ROWS,"Primary review: lighting, compatibility, update, or balance patch records are not authoritative devotional sources; defining content records are reviewed separately.",,REJECTED
b7d732ae69c98f17,NQ091,NQ,Lighting - Lux and Lux Patches,Lux (patch hub) - rerun,Lux - Vigilant patch.esp,D:\Wabbajack\modlists\ARR 2.5\mods\Lux (patch hub) - rerun\Lux - Vigilant patch.esp,SIGNAL:000A19:Lux - Vigilant patch.esp,SIGNAL,read,Activator,000A19:Lux - Vigilant patch.esp,WTFortVerinLS01,,,,Direct selected-signature raw-file enumeration.,ACTI:83|LCTN:2,NO-ROWS,"Primary review: lighting, compatibility, update, or balance patch records are not authoritative devotional sources; defining content records are reviewed separately.",,REJECTED
b7d732ae69c98f17,NQ091,NQ,Lighting - Lux and Lux Patches,Lux (patch hub) - rerun,Lux - Vigilant patch.esp,D:\Wabbajack\modlists\ARR 2.5\mods\Lux (patch hub) - rerun\Lux - Vigilant patch.esp,SIGNAL:000A1B:Lux - Vigilant patch.esp,SIGNAL,read,Activator,000A1B:Lux - Vigilant patch.esp,WTFortVerinLS02,,,,Direct selected-signature raw-file enumeration.,ACTI:83|LCTN:2,NO-ROWS,"Primary review: lighting, compatibility, update, or balance patch records are not authoritative devotional sources; defining content records are reviewed separately.",,REJECTED
b7d732ae69c98f17,NQ091,NQ,Lighting - Lux and Lux Patches,Lux (patch hub) - rerun,Lux - Vigilant patch.esp,D:\Wabbajack\modlists\ARR 2.5\mods\Lux (patch hub) - rerun\Lux - Vigilant patch.esp,SIGNAL:000A37:Lux - Vigilant patch.esp,SIGNAL,read,Activator,000A37:Lux - Vigilant patch.esp,WTNobleMansion02LS01,,,,Direct selected-signature raw-file enumeration.,ACTI:83|LCTN:2,NO-ROWS,"Primary review: lighting, compatibility, update, or balance patch records are not authoritative devotional sources; defining content records are reviewed separately.",,REJECTED
b7d732ae69c98f17,NQ091,NQ,Lighting - Lux and Lux Patches,Lux (patch hub) - rerun,Lux - Vigilant patch.esp,D:\Wabbajack\modlists\ARR 2.5\mods\Lux (patch hub) - rerun\Lux - Vigilant patch.esp,SIGNAL:000A3A:Lux - Vigilant patch.esp,SIGNAL,read,Activator,000A3A:Lux - Vigilant patch.esp,WTNobleMansion02LS02,,,,Direct selected-signature raw-file enumeration.,ACTI:83|LCTN:2,NO-ROWS,"Primary review: lighting, compatibility, update, or balance patch records are not authoritative devotional sources; defining content records are reviewed separately.",,REJECTED
b7d732ae69c98f17,NQ091,NQ,Lighting - Lux and Lux Patches,Lux (patch hub) - rerun,Lux - Vigilant patch.esp,D:\Wabbajack\modlists\ARR 2.5\mods\Lux (patch hub) - rerun\Lux - Vigilant patch.esp,SIGNAL:000A3E:Lux - Vigilant patch.esp,SIGNAL,read,Activator,000A3E:Lux - Vigilant patch.esp,WTNobleMansion02LS03,,,,Direct selected-signature raw-file enumeration.,ACTI:83|LCTN:2,NO-ROWS,"Primary review: lighting, compatibility, update, or balance patch records are not authoritative devotional sources; defining content records are reviewed separately.",,REJECTED
b7d732ae69c98f17,NQ091,NQ,Lighting - Lux and Lux Patches,Lux (patch hub) - rerun,Lux - Vigilant patch.esp,D:\Wabbajack\modlists\ARR 2.5\mods\Lux (patch hub) - rerun\Lux - Vigilant patch.esp,SIGNAL:000A46:Lux - Vigilant patch.esp,SIGNAL,read,Activator,000A46:Lux - Vigilant patch.esp,WTNobleMansion02LS04,,,,Direct selected-signature raw-file enumeration.,ACTI:83|LCTN:2,NO-ROWS,"Primary review: lighting, compatibility, update, or balance patch records are not authoritative devotional sources; defining content records are reviewed separately.",,REJECTED
b7d732ae69c98f17,NQ091,NQ,Lighting - Lux and Lux Patches,Lux (patch hub) - rerun,Lux - Vigilant patch.esp,D:\Wabbajack\modlists\ARR 2.5\mods\Lux (patch hub) - rerun\Lux - Vigilant patch.esp,SIGNAL:000ACF:Lux - Vigilant patch.esp,SIGNAL,read,Activator,000ACF:Lux - Vigilant patch.esp,WTCursedRoom04LS01,,,,Direct selected-signature raw-file enumeration.,ACTI:83|LCTN:2,NO-ROWS,"Primary review: lighting, compatibility, update, or balance patch records are not authoritative devotional sources; defining content records are reviewed separately.",,REJECTED
b7d732ae69c98f17,NQ091,NQ,Lighting - Lux and Lux Patches,Lux (patch hub) - rerun,Lux - Vigilant patch.esp,D:\Wabbajack\modlists\ARR 2.5\mods\Lux (patch hub) - rerun\Lux - Vigilant patch.esp,SIGNAL:000AD2:Lux - Vigilant patch.esp,SIGNAL,read,Activator,000AD2:Lux - Vigilant patch.esp,WTCursedRoom04LS02,,,,Direct selected-signature raw-file enumeration.,ACTI:83|LCTN:2,NO-ROWS,"Primary review: lighting, compatibility, update, or balance patch records are not authoritative devotional sources; defining content records are reviewed separately.",,REJECTED
b7d732ae69c98f17,NQ091,NQ,Lighting - Lux and Lux Patches,Lux (patch hub) - rerun,Lux - Vigilant patch.esp,D:\Wabbajack\modlists\ARR 2.5\mods\Lux (patch hub) - rerun\Lux - Vigilant patch.esp,SIGNAL:000AD5:Lux - Vigilant patch.esp,SIGNAL,read,Activator,000AD5:Lux - Vigilant patch.esp,WTCursedRoom04LS03,,,,Direct selected-signature raw-file enumeration.,ACTI:83|LCTN:2,NO-ROWS,"Primary review: lighting, compatibility, update, or balance patch records are not authoritative devotional sources; defining content records are reviewed separately.",,REJECTED
b7d732ae69c98f17,NQ091,NQ,Lighting - Lux and Lux Patches,Lux (patch hub) - rerun,Lux - Vigilant patch.esp,D:\Wabbajack\modlists\ARR 2.5\mods\Lux (patch hub) - rerun\Lux - Vigilant patch.esp,SIGNAL:000ADB:Lux - Vigilant patch.esp,SIGNAL,read,Activator,000ADB:Lux - Vigilant patch.esp,WTNobleMansion01LS01,,,,Direct selected-signature raw-file enumeration.,ACTI:83|LCTN:2,NO-ROWS,"Primary review: lighting, compatibility, update, or balance patch records are not authoritative devotional sources; defining content records are reviewed separately.",,REJECTED
b7d732ae69c98f17,NQ091,NQ,Lighting - Lux and Lux Patches,Lux (patch hub) - rerun,Lux - Vigilant patch.esp,D:\Wabbajack\modlists\ARR 2.5\mods\Lux (patch hub) - rerun\Lux - Vigilant patch.esp,SIGNAL:000AEA:Lux - Vigilant patch.esp,SIGNAL,read,Activator,000AEA:Lux - Vigilant patch.esp,WTNobleMansion01LS03,,,,Direct selected-signature raw-file enumeration.,ACTI:83|LCTN:2,NO-ROWS,"Primary review: lighting, compatibility, update, or balance patch records are not authoritative devotional sources; defining content records are reviewed separately.",,REJECTED
b7d732ae69c98f17,NQ091,NQ,Lighting - Lux and Lux Patches,Lux (patch hub) - rerun,Lux - Vigilant patch.esp,D:\Wabbajack\modlists\ARR 2.5\mods\Lux (patch hub) - rerun\Lux - Vigilant patch.esp,SIGNAL:000AEE:Lux - Vigilant patch.esp,SIGNAL,read,Activator,000AEE:Lux - Vigilant patch.esp,WTNobleMansion01LS05,,,,Direct selected-signature raw-file enumeration.,ACTI:83|LCTN:2,NO-ROWS,"Primary review: lighting, compatibility, update, or balance patch records are not authoritative devotional sources; defining content records are reviewed separately.",,REJECTED
b7d732ae69c98f17,NQ091,NQ,Lighting - Lux and Lux Patches,Lux (patch hub) - rerun,Lux - Vigilant patch.esp,D:\Wabbajack\modlists\ARR 2.5\mods\Lux (patch hub) - rerun\Lux - Vigilant patch.esp,SIGNAL:000B02:Lux - Vigilant patch.esp,SIGNAL,read,Activator,000B02:Lux - Vigilant patch.esp,WTNobleMansion01LS02,,,,Direct selected-signature raw-file enumeration.,ACTI:83|LCTN:2,NO-ROWS,"Primary review: lighting, compatibility, update, or balance patch records are not authoritative devotional sources; defining content records are reviewed separately.",,REJECTED
b7d732ae69c98f17,NQ091,NQ,Lighting - Lux and Lux Patches,Lux (patch hub) - rerun,Lux - Vigilant patch.esp,D:\Wabbajack\modlists\ARR 2.5\mods\Lux (patch hub) - rerun\Lux - Vigilant patch.esp,SIGNAL:000E9C:Lux - Vigilant patch.esp,SIGNAL,read,Activator,000E9C:Lux - Vigilant patch.esp,WTPrisonTowerLS01,,,,Direct selected-signature raw-file enumeration.,ACTI:83|LCTN:2,NO-ROWS,"Primary review: lighting, compatibility, update, or balance patch records are not authoritative devotional sources; defining content records are reviewed separately.",,REJECTED
b7d732ae69c98f17,NQ091,NQ,Lighting - Lux and Lux Patches,Lux (patch hub) - rerun,Lux - Vigilant patch.esp,D:\Wabbajack\modlists\ARR 2.5\mods\Lux (patch hub) - rerun\Lux - Vigilant patch.esp,SIGNAL:000EA1:Lux - Vigilant patch.esp,SIGNAL,read,Activator,000EA1:Lux - Vigilant patch.esp,WTPrisonTowerLS02,,,,Direct selected-signature raw-file enumeration.,ACTI:83|LCTN:2,NO-ROWS,"Primary review: lighting, compatibility, update, or balance patch records are not authoritative devotional sources; defining content records are reviewed separately.",,REJECTED
b7d732ae69c98f17,NQ091,NQ,Lighting - Lux and Lux Patches,Lux (patch hub) - rerun,Lux - Vigilant patch.esp,D:\Wabbajack\modlists\ARR 2.5\mods\Lux (patch hub) - rerun\Lux - Vigilant patch.esp,SIGNAL:000EAB:Lux - Vigilant patch.esp,SIGNAL,read,Activator,000EAB:Lux - Vigilant patch.esp,WTPrisonTowerLS03,,,,Direct selected-signature raw-file enumeration.,ACTI:83|LCTN:2,NO-ROWS,"Primary review: lighting, compatibility, update, or balance patch records are not authoritative devotional sources; defining content records are reviewed separately.",,REJECTED
b7d732ae69c98f17,NQ091,NQ,Lighting - Lux and Lux Patches,Lux (patch hub) - rerun,Lux - Vigilant patch.esp,D:\Wabbajack\modlists\ARR 2.5\mods\Lux (patch hub) - rerun\Lux - Vigilant patch.esp,SIGNAL:000B6C:Lux - Vigilant patch.esp,SIGNAL,read,Activator,000B6C:Lux - Vigilant patch.esp,WTMalada01LS01,,,,Direct selected-signature raw-file enumeration.,ACTI:83|LCTN:2,NO-ROWS,"Primary review: lighting, compatibility, update, or balance patch records are not authoritative devotional sources; defining content records are reviewed separately.",,REJECTED
b7d732ae69c98f17,NQ091,NQ,Lighting - Lux and Lux Patches,Lux (patch hub) - rerun,Lux - Vigilant patch.esp,D:\Wabbajack\modlists\ARR 2.5\mods\Lux (patch hub) - rerun\Lux - Vigilant patch.esp,SIGNAL:000B6F:Lux - Vigilant patch.esp,SIGNAL,read,Activator,000B6F:Lux - Vigilant patch.esp,WTMalada01LS02,,,,Direct selected-signature raw-file enumeration.,ACTI:83|LCTN:2,NO-ROWS,"Primary review: lighting, compatibility, update, or balance patch records are not authoritative devotional sources; defining content records are reviewed separately.",,REJECTED
b7d732ae69c98f17,NQ091,NQ,Lighting - Lux and Lux Patches,Lux (patch hub) - rerun,Lux - Vigilant patch.esp,D:\Wabbajack\modlists\ARR 2.5\mods\Lux (patch hub) - rerun\Lux - Vigilant patch.esp,SIGNAL:000BC7:Lux - Vigilant patch.esp,SIGNAL,read,Activator,000BC7:Lux - Vigilant patch.esp,WTMalatarLS01,,,,Direct selected-signature raw-file enumeration.,ACTI:83|LCTN:2,NO-ROWS,"Primary review: lighting, compatibility, update, or balance patch records are not authoritative devotional sources; defining content records are reviewed separately.",,REJECTED
b7d732ae69c98f17,NQ091,NQ,Lighting - Lux and Lux Patches,Lux (patch hub) - rerun,Lux - Vigilant patch.esp,D:\Wabbajack\modlists\ARR 2.5\mods\Lux (patch hub) - rerun\Lux - Vigilant patch.esp,SIGNAL:000BCA:Lux - Vigilant patch.esp,SIGNAL,read,Activator,000BCA:Lux - Vigilant patch.esp,WTMalatarLS02,,,,Direct selected-signature raw-file enumeration.,ACTI:83|LCTN:2,NO-ROWS,"Primary review: lighting, compatibility, update, or balance patch records are not authoritative devotional sources; defining content records are reviewed separately.",,REJECTED
b7d732ae69c98f17,NQ091,NQ,Lighting - Lux and Lux Patches,Lux (patch hub) - rerun,Lux - Vigilant patch.esp,D:\Wabbajack\modlists\ARR 2.5\mods\Lux (patch hub) - rerun\Lux - Vigilant patch.esp,SIGNAL:000BCD:Lux - Vigilant patch.esp,SIGNAL,read,Activator,000BCD:Lux - Vigilant patch.esp,WTMalatarLS03,,,,Direct selected-signature raw-file enumeration.,ACTI:83|LCTN:2,NO-ROWS,"Primary review: lighting, compatibility, update, or balance patch records are not authoritative devotional sources; defining content records are reviewed separately.",,REJECTED
b7d732ae69c98f17,NQ091,NQ,Lighting - Lux and Lux Patches,Lux (patch hub) - rerun,Lux - Vigilant patch.esp,D:\Wabbajack\modlists\ARR 2.5\mods\Lux (patch hub) - rerun\Lux - Vigilant patch.esp,SIGNAL:000BD0:Lux - Vigilant patch.esp,SIGNAL,read,Activator,000BD0:Lux - Vigilant patch.esp,WTMalatarLS04,,,,Direct selected-signature raw-file enumeration.,ACTI:83|LCTN:2,NO-ROWS,"Primary review: lighting, compatibility, update, or balance patch records are not authoritative devotional sources; defining content records are reviewed separately.",,REJECTED
b7d732ae69c98f17,NQ091,NQ,Lighting - Lux and Lux Patches,Lux (patch hub) - rerun,Lux - Vigilant patch.esp,D:\Wabbajack\modlists\ARR 2.5\mods\Lux (patch hub) - rerun\Lux - Vigilant patch.esp,SIGNAL:000C52:Lux - Vigilant patch.esp,SIGNAL,read,Activator,000C52:Lux - Vigilant patch.esp,WTMemoryTower01LS01,,,,Direct selected-signature raw-file enumeration.,ACTI:83|LCTN:2,NO-ROWS,"Primary review: lighting, compatibility, update, or balance patch records are not authoritative devotional sources; defining content records are reviewed separately.",,REJECTED
b7d732ae69c98f17,NQ091,NQ,Lighting - Lux and Lux Patches,Lux (patch hub) - rerun,Lux - Vigilant patch.esp,D:\Wabbajack\modlists\ARR 2.5\mods\Lux (patch hub) - rerun\Lux - Vigilant patch.esp,SIGNAL:000CC2:Lux - Vigilant patch.esp,SIGNAL,read,Activator,000CC2:Lux - Vigilant patch.esp,WTTowerSM02LS01,,,,Direct selected-signature raw-file enumeration.,ACTI:83|LCTN:2,NO-ROWS,"Primary review: lighting, compatibility, update, or balance patch records are not authoritative devotional sources; defining content records are reviewed separately.",,REJECTED
b7d732ae69c98f17,NQ091,NQ,Lighting - Lux and Lux Patches,Lux (patch hub) - rerun,Lux - Vigilant patch.esp,D:\Wabbajack\modlists\ARR 2.5\mods\Lux (patch hub) - rerun\Lux - Vigilant patch.esp,SIGNAL:000CE6:Lux - Vigilant patch.esp,SIGNAL,read,Activator,000CE6:Lux - Vigilant patch.esp,WTTowerSM02LS02,,,,Direct selected-signature raw-file enumeration.,ACTI:83|LCTN:2,NO-ROWS,"Primary review: lighting, compatibility, update, or balance patch records are not authoritative devotional sources; defining content records are reviewed separately.",,REJECTED
b7d732ae69c98f17,NQ091,NQ,Lighting - Lux and Lux Patches,Lux (patch hub) - rerun,Lux - Vigilant patch.esp,D:\Wabbajack\modlists\ARR 2.5\mods\Lux (patch hub) - rerun\Lux - Vigilant patch.esp,SIGNAL:000CE9:Lux - Vigilant patch.esp,SIGNAL,read,Activator,000CE9:Lux - Vigilant patch.esp,WTTowerSM02LS03,,,,Direct selected-signature raw-file enumeration.,ACTI:83|LCTN:2,NO-ROWS,"Primary review: lighting, compatibility, update, or balance patch records are not authoritative devotional sources; defining content records are reviewed separately.",,REJECTED
b7d732ae69c98f17,NQ091,NQ,Lighting - Lux and Lux Patches,Lux (patch hub) - rerun,Lux - Vigilant patch.esp,D:\Wabbajack\modlists\ARR 2.5\mods\Lux (patch hub) - rerun\Lux - Vigilant patch.esp,SIGNAL:000CEE:Lux - Vigilant patch.esp,SIGNAL,read,Activator,000CEE:Lux - Vigilant patch.esp,WTTowerSM02LS04,,,,Direct selected-signature raw-file enumeration.,ACTI:83|LCTN:2,NO-ROWS,"Primary review: lighting, compatibility, update, or balance patch records are not authoritative devotional sources; defining content records are reviewed separately.",,REJECTED
b7d732ae69c98f17,NQ091,NQ,Lighting - Lux and Lux Patches,Lux (patch hub) - rerun,Lux - Vigilant patch.esp,D:\Wabbajack\modlists\ARR 2.5\mods\Lux (patch hub) - rerun\Lux - Vigilant patch.esp,SIGNAL:000CFD:Lux - Vigilant patch.esp,SIGNAL,read,Activator,000CFD:Lux - Vigilant patch.esp,WTTowerSM02LS05,,,,Direct selected-signature raw-file enumeration.,ACTI:83|LCTN:2,NO-ROWS,"Primary review: lighting, compatibility, update, or balance patch records are not authoritative devotional sources; defining content records are reviewed separately.",,REJECTED
b7d732ae69c98f17,NQ091,NQ,Lighting - Lux and Lux Patches,Lux (patch hub) - rerun,Lux - Vigilant patch.esp,D:\Wabbajack\modlists\ARR 2.5\mods\Lux (patch hub) - rerun\Lux - Vigilant patch.esp,SIGNAL:000D00:Lux - Vigilant patch.esp,SIGNAL,read,Activator,000D00:Lux - Vigilant patch.esp,WTTowerSM02LS06,,,,Direct selected-signature raw-file enumeration.,ACTI:83|LCTN:2,NO-ROWS,"Primary review: lighting, compatibility, update, or balance patch records are not authoritative devotional sources; defining content records are reviewed separately.",,REJECTED
b7d732ae69c98f17,NQ091,NQ,Lighting - Lux and Lux Patches,Lux (patch hub) - rerun,Lux - Vigilant patch.esp,D:\Wabbajack\modlists\ARR 2.5\mods\Lux (patch hub) - rerun\Lux - Vigilant patch.esp,SIGNAL:000D04:Lux - Vigilant patch.esp,SIGNAL,read,Activator,000D04:Lux - Vigilant patch.esp,WTTowerSM02LS07,,,,Direct selected-signature raw-file enumeration.,ACTI:83|LCTN:2,NO-ROWS,"Primary review: lighting, compatibility, update, or balance patch records are not authoritative devotional sources; defining content records are reviewed separately.",,REJECTED
b7d732ae69c98f17,NQ091,NQ,Lighting - Lux and Lux Patches,Lux (patch hub) - rerun,Lux - Vigilant patch.esp,D:\Wabbajack\modlists\ARR 2.5\mods\Lux (patch hub) - rerun\Lux - Vigilant patch.esp,SIGNAL:000D07:Lux - Vigilant patch.esp,SIGNAL,read,Activator,000D07:Lux - Vigilant patch.esp,WTTowerSM02LS08,,,,Direct selected-signature raw-file enumeration.,ACTI:83|LCTN:2,NO-ROWS,"Primary review: lighting, compatibility, update, or balance patch records are not authoritative devotional sources; defining content records are reviewed separately.",,REJECTED
b7d732ae69c98f17,NQ091,NQ,Lighting - Lux and Lux Patches,Lux (patch hub) - rerun,Lux - Vigilant patch.esp,D:\Wabbajack\modlists\ARR 2.5\mods\Lux (patch hub) - rerun\Lux - Vigilant patch.esp,SIGNAL:000D0A:Lux - Vigilant patch.esp,SIGNAL,read,Activator,000D0A:Lux - Vigilant patch.esp,WTTowerSM02LS09,,,,Direct selected-signature raw-file enumeration.,ACTI:83|LCTN:2,NO-ROWS,"Primary review: lighting, compatibility, update, or balance patch records are not authoritative devotional sources; defining content records are reviewed separately.",,REJECTED
b7d732ae69c98f17,NQ091,NQ,Lighting - Lux and Lux Patches,Lux (patch hub) - rerun,Lux - Vigilant patch.esp,D:\Wabbajack\modlists\ARR 2.5\mods\Lux (patch hub) - rerun\Lux - Vigilant patch.esp,SIGNAL:000D0D:Lux - Vigilant patch.esp,SIGNAL,read,Activator,000D0D:Lux - Vigilant patch.esp,WTTowerSM02LS10,,,,Direct selected-signature raw-file enumeration.,ACTI:83|LCTN:2,NO-ROWS,"Primary review: lighting, compatibility, update, or balance patch records are not authoritative devotional sources; defining content records are reviewed separately.",,REJECTED
b7d732ae69c98f17,NQ091,NQ,Lighting - Lux and Lux Patches,Lux (patch hub) - rerun,Lux - Vigilant patch.esp,D:\Wabbajack\modlists\ARR 2.5\mods\Lux (patch hub) - rerun\Lux - Vigilant patch.esp,SIGNAL:000D10:Lux - Vigilant patch.esp,SIGNAL,read,Activator,000D10:Lux - Vigilant patch.esp,WTTowerSM02LS11,,,,Direct selected-signature raw-file enumeration.,ACTI:83|LCTN:2,NO-ROWS,"Primary review: lighting, compatibility, update, or balance patch records are not authoritative devotional sources; defining content records are reviewed separately.",,REJECTED
b7d732ae69c98f17,NQ091,NQ,Lighting - Lux and Lux Patches,Lux (patch hub) - rerun,Lux - Vigilant patch.esp,D:\Wabbajack\modlists\ARR 2.5\mods\Lux (patch hub) - rerun\Lux - Vigilant patch.esp,SIGNAL:000D13:Lux - Vigilant patch.esp,SIGNAL,read,Activator,000D13:Lux - Vigilant patch.esp,WTTowerSM02LS12,,,,Direct selected-signature raw-file enumeration.,ACTI:83|LCTN:2,NO-ROWS,"Primary review: lighting, compatibility, update, or balance patch records are not authoritative devotional sources; defining content records are reviewed separately.",,REJECTED
b7d732ae69c98f17,NQ091,NQ,Lighting - Lux and Lux Patches,Lux (patch hub) - rerun,Lux - Vigilant patch.esp,D:\Wabbajack\modlists\ARR 2.5\mods\Lux (patch hub) - rerun\Lux - Vigilant patch.esp,SIGNAL:000D31:Lux - Vigilant patch.esp,SIGNAL,read,Activator,000D31:Lux - Vigilant patch.esp,WTTempleOfEight01LS01,,,,Direct selected-signature raw-file enumeration.,ACTI:83|LCTN:2,NO-ROWS,"Primary review: lighting, compatibility, update, or balance patch records are not authoritative devotional sources; defining content records are reviewed separately.",,REJECTED
b7d732ae69c98f17,NQ091,NQ,Lighting - Lux and Lux Patches,Lux (patch hub) - rerun,Lux - Vigilant patch.esp,D:\Wabbajack\modlists\ARR 2.5\mods\Lux (patch hub) - rerun\Lux - Vigilant patch.esp,SIGNAL:000D34:Lux - Vigilant patch.esp,SIGNAL,read,Activator,000D34:Lux - Vigilant patch.esp,WTTempleOfEight01LS02,,,,Direct selected-signature raw-file enumeration.,ACTI:83|LCTN:2,NO-ROWS,"Primary review: lighting, compatibility, update, or balance patch records are not authoritative devotional sources; defining content records are reviewed separately.",,REJECTED
b7d732ae69c98f17,NQ091,NQ,Lighting - Lux and Lux Patches,Lux (patch hub) - rerun,Lux - Vigilant patch.esp,D:\Wabbajack\modlists\ARR 2.5\mods\Lux (patch hub) - rerun\Lux - Vigilant patch.esp,SIGNAL:000D37:Lux - Vigilant patch.esp,SIGNAL,read,Activator,000D37:Lux - Vigilant patch.esp,WTTempleOfEight01LS03,,,,Direct selected-signature raw-file enumeration.,ACTI:83|LCTN:2,NO-ROWS,"Primary review: lighting, compatibility, update, or balance patch records are not authoritative devotional sources; defining content records are reviewed separately.",,REJECTED
b7d732ae69c98f17,NQ091,NQ,Lighting - Lux and Lux Patches,Lux (patch hub) - rerun,Lux - Vigilant patch.esp,D:\Wabbajack\modlists\ARR 2.5\mods\Lux (patch hub) - rerun\Lux - Vigilant patch.esp,SIGNAL:000D3B:Lux - Vigilant patch.esp,SIGNAL,read,Activator,000D3B:Lux - Vigilant patch.esp,WTTempleOfEight01LS04,,,,Direct selected-signature raw-file enumeration.,ACTI:83|LCTN:2,NO-ROWS,"Primary review: lighting, compatibility, update, or balance patch records are not authoritative devotional sources; defining content records are reviewed separately.",,REJECTED
b7d732ae69c98f17,NQ091,NQ,Lighting - Lux and Lux Patches,Lux (patch hub) - rerun,Lux - Vigilant patch.esp,D:\Wabbajack\modlists\ARR 2.5\mods\Lux (patch hub) - rerun\Lux - Vigilant patch.esp,SIGNAL:000D3D:Lux - Vigilant patch.esp,SIGNAL,read,Activator,000D3D:Lux - Vigilant patch.esp,WTTempleOfEight01LS05,,,,Direct selected-signature raw-file enumeration.,ACTI:83|LCTN:2,NO-ROWS,"Primary review: lighting, compatibility, update, or balance patch records are not authoritative devotional sources; defining content records are reviewed separately.",,REJECTED
b7d732ae69c98f17,NQ091,NQ,Lighting - Lux and Lux Patches,Lux (patch hub) - rerun,Lux - Vigilant patch.esp,D:\Wabbajack\modlists\ARR 2.5\mods\Lux (patch hub) - rerun\Lux - Vigilant patch.esp,SIGNAL:000DAC:Lux - Vigilant patch.esp,SIGNAL,read,Activator,000DAC:Lux - Vigilant patch.esp,WTSummaryCourt01LS01,,,,Direct selected-signature raw-file enumeration.,ACTI:83|LCTN:2,NO-ROWS,"Primary review: lighting, compatibility, update, or balance patch records are not authoritative devotional sources; defining content records are reviewed separately.",,REJECTED
b7d732ae69c98f17,NQ091,NQ,Lighting - Lux and Lux Patches,Lux (patch hub) - rerun,Lux - Vigilant patch.esp,D:\Wabbajack\modlists\ARR 2.5\mods\Lux (patch hub) - rerun\Lux - Vigilant patch.esp,SIGNAL:000DAF:Lux - Vigilant patch.esp,SIGNAL,read,Activator,000DAF:Lux - Vigilant patch.esp,WTSummaryCourt01LS02,,,,Direct selected-signature raw-file enumeration.,ACTI:83|LCTN:2,NO-ROWS,"Primary review: lighting, compatibility, update, or balance patch records are not authoritative devotional sources; defining content records are reviewed separately.",,REJECTED
b7d732ae69c98f17,NQ091,NQ,Lighting - Lux and Lux Patches,Lux (patch hub) - rerun,Lux - Vigilant patch.esp,D:\Wabbajack\modlists\ARR 2.5\mods\Lux (patch hub) - rerun\Lux - Vigilant patch.esp,SIGNAL:000DB2:Lux - Vigilant patch.esp,SIGNAL,read,Activator,000DB2:Lux - Vigilant patch.esp,WTSummaryCourt01LS03,,,,Direct selected-signature raw-file enumeration.,ACTI:83|LCTN:2,NO-ROWS,"Primary review: lighting, compatibility, update, or balance patch records are not authoritative devotional sources; defining content records are reviewed separately.",,REJECTED
b7d732ae69c98f17,NQ091,NQ,Lighting - Lux and Lux Patches,Lux (patch hub) - rerun,Lux - Vigilant patch.esp,D:\Wabbajack\modlists\ARR 2.5\mods\Lux (patch hub) - rerun\Lux - Vigilant patch.esp,SIGNAL:000DB5:Lux - Vigilant patch.esp,SIGNAL,read,Activator,000DB5:Lux - Vigilant patch.esp,WTSummaryCourt01LS04,,,,Direct selected-signature raw-file enumeration.,ACTI:83|LCTN:2,NO-ROWS,"Primary review: lighting, compatibility, update, or balance patch records are not authoritative devotional sources; defining content records are reviewed separately.",,REJECTED
b7d732ae69c98f17,NQ091,NQ,Lighting - Lux and Lux Patches,Lux (patch hub) - rerun,Lux - Vigilant patch.esp,D:\Wabbajack\modlists\ARR 2.5\mods\Lux (patch hub) - rerun\Lux - Vigilant patch.esp,SIGNAL:000DF2:Lux - Vigilant patch.esp,SIGNAL,read,Activator,000DF2:Lux - Vigilant patch.esp,WTNenyond01LS01,,,,Direct selected-signature raw-file enumeration.,ACTI:83|LCTN:2,NO-ROWS,"Primary review: lighting, compatibility, update, or balance patch records are not authoritative devotional sources; defining content records are reviewed separately.",,REJECTED
b7d732ae69c98f17,NQ091,NQ,Lighting - Lux and Lux Patches,Lux (patch hub) - rerun,Lux - Vigilant patch.esp,D:\Wabbajack\modlists\ARR 2.5\mods\Lux (patch hub) - rerun\Lux - Vigilant patch.esp,SIGNAL:000FD9:Lux - Vigilant patch.esp,SIGNAL,read,Activator,000FD9:Lux - Vigilant patch.esp,LuxVigilantManBullCaveLS03,,,,Direct selected-signature raw-file enumeration.,ACTI:83|LCTN:2,NO-ROWS,"Primary review: lighting, compatibility, update, or balance patch records are not authoritative devotional sources; defining content records are reviewed separately.",,REJECTED
b7d732ae69c98f17,NQ091,NQ,Lighting - Lux and Lux Patches,Lux (patch hub) - rerun,Lux - Vigilant patch.esp,D:\Wabbajack\modlists\ARR 2.5\mods\Lux (patch hub) - rerun\Lux - Vigilant patch.esp,SIGNAL:000FDC:Lux - Vigilant patch.esp,SIGNAL,read,Activator,000FDC:Lux - Vigilant patch.esp,LuxVigilantManBullCaveLS04,,,,Direct selected-signature raw-file enumeration.,ACTI:83|LCTN:2,NO-ROWS,"Primary review: lighting, compatibility, update, or balance patch records are not authoritative devotional sources; defining content records are reviewed separately.",,REJECTED
b7d732ae69c98f17,NQ091,NQ,Lighting - Lux and Lux Patches,Lux (patch hub) - rerun,Lux - Vigilant patch.esp,D:\Wabbajack\modlists\ARR 2.5\mods\Lux (patch hub) - rerun\Lux - Vigilant patch.esp,SIGNAL:000FD3:Lux - Vigilant patch.esp,SIGNAL,read,Activator,000FD3:Lux - Vigilant patch.esp,LuxVigilantManBullCaveLS01,,,,Direct selected-signature raw-file enumeration.,ACTI:83|LCTN:2,NO-ROWS,"Primary review: lighting, compatibility, update, or balance patch records are not authoritative devotional sources; defining content records are reviewed separately.",,REJECTED
b7d732ae69c98f17,NQ091,NQ,Lighting - Lux and Lux Patches,Lux (patch hub) - rerun,Lux - Vigilant patch.esp,D:\Wabbajack\modlists\ARR 2.5\mods\Lux (patch hub) - rerun\Lux - Vigilant patch.esp,SIGNAL:000EE7:Lux - Vigilant patch.esp,SIGNAL,read,Activator,000EE7:Lux - Vigilant patch.esp,WTPriorySilorn01LS01,,,,Direct selected-signature raw-file enumeration.,ACTI:83|LCTN:2,NO-ROWS,"Primary review: lighting, compatibility, update, or balance patch records are not authoritative devotional sources; defining content records are reviewed separately.",,REJECTED
b7d732ae69c98f17,NQ091,NQ,Lighting - Lux and Lux Patches,Lux (patch hub) - rerun,Lux - Vigilant patch.esp,D:\Wabbajack\modlists\ARR 2.5\mods\Lux (patch hub) - rerun\Lux - Vigilant patch.esp,SIGNAL:000EF7:Lux - Vigilant patch.esp,SIGNAL,read,Activator,000EF7:Lux - Vigilant patch.esp,WTSewerPrison01LS01,,,,Direct selected-signature raw-file enumeration.,ACTI:83|LCTN:2,NO-ROWS,"Primary review: lighting, compatibility, update, or balance patch records are not authoritative devotional sources; defining content records are reviewed separately.",,REJECTED
b7d732ae69c98f17,NQ091,NQ,Lighting - Lux and Lux Patches,Lux (patch hub) - rerun,Lux - Vigilant patch.esp,D:\Wabbajack\modlists\ARR 2.5\mods\Lux (patch hub) - rerun\Lux - Vigilant patch.esp,SIGNAL:000EFA:Lux - Vigilant patch.esp,SIGNAL,read,Activator,000EFA:Lux - Vigilant patch.esp,WTSewerPrison01LS02,,,,Direct selected-signature raw-file enumeration.,ACTI:83|LCTN:2,NO-ROWS,"Primary review: lighting, compatibility, update, or balance patch records are not authoritative devotional sources; defining content records are reviewed separately.",,REJECTED
b7d732ae69c98f17,NQ091,NQ,Lighting - Lux and Lux Patches,Lux (patch hub) - rerun,Lux - Vigilant patch.esp,D:\Wabbajack\modlists\ARR 2.5\mods\Lux (patch hub) - rerun\Lux - Vigilant patch.esp,SIGNAL:000F03:Lux - Vigilant patch.esp,SIGNAL,read,Activator,000F03:Lux - Vigilant patch.esp,WTSewerPrison01LS03,,,,Direct selected-signature raw-file enumeration.,ACTI:83|LCTN:2,NO-ROWS,"Primary review: lighting, compatibility, update, or balance patch records are not authoritative devotional sources; defining content records are reviewed separately.",,REJECTED
b7d732ae69c98f17,NQ091,NQ,Lighting - Lux and Lux Patches,Lux (patch hub) - rerun,Lux - Vigilant patch.esp,D:\Wabbajack\modlists\ARR 2.5\mods\Lux (patch hub) - rerun\Lux - Vigilant patch.esp,SIGNAL:000F06:Lux - Vigilant patch.esp,SIGNAL,read,Activator,000F06:Lux - Vigilant patch.esp,WTSecretMaraLS01,,,,Direct selected-signature raw-file enumeration.,ACTI:83|LCTN:2,NO-ROWS,"Primary review: lighting, compatibility, update, or balance patch records are not authoritative devotional sources; defining content records are reviewed separately.",,REJECTED
b7d732ae69c98f17,NQ091,NQ,Lighting - Lux and Lux Patches,Lux (patch hub) - rerun,Lux - Vigilant patch.esp,D:\Wabbajack\modlists\ARR 2.5\mods\Lux (patch hub) - rerun\Lux - Vigilant patch.esp,SIGNAL:000F09:Lux - Vigilant patch.esp,SIGNAL,read,Activator,000F09:Lux - Vigilant patch.esp,WTSecretMaraLS02,,,,Direct selected-signature raw-file enumeration.,ACTI:83|LCTN:2,NO-ROWS,"Primary review: lighting, compatibility, update, or balance patch records are not authoritative devotional sources; defining content records are reviewed separately.",,REJECTED
b7d732ae69c98f17,NQ091,NQ,Lighting - Lux and Lux Patches,Lux (patch hub) - rerun,Lux - Vigilant patch.esp,D:\Wabbajack\modlists\ARR 2.5\mods\Lux (patch hub) - rerun\Lux - Vigilant patch.esp,SIGNAL:000F0C:Lux - Vigilant patch.esp,SIGNAL,read,Activator,000F0C:Lux - Vigilant patch.esp,WTSecretMaraLS03,,,,Direct selected-signature raw-file enumeration.,ACTI:83|LCTN:2,NO-ROWS,"Primary review: lighting, compatibility, update, or balance patch records are not authoritative devotional sources; defining content records are reviewed separately.",,REJECTED
b7d732ae69c98f17,NQ091,NQ,Lighting - Lux and Lux Patches,Lux (patch hub) - rerun,Lux - Vigilant patch.esp,D:\Wabbajack\modlists\ARR 2.5\mods\Lux (patch hub) - rerun\Lux - Vigilant patch.esp,SIGNAL:000F14:Lux - Vigilant patch.esp,SIGNAL,read,Activator,000F14:Lux - Vigilant patch.esp,WTSecretMaraLS04,,,,Direct selected-signature raw-file enumeration.,ACTI:83|LCTN:2,NO-ROWS,"Primary review: lighting, compatibility, update, or balance patch records are not authoritative devotional sources; defining content records are reviewed separately.",,REJECTED
b7d732ae69c98f17,NQ091,NQ,Lighting - Lux and Lux Patches,Lux (patch hub) - rerun,Lux - Vigilant patch.esp,D:\Wabbajack\modlists\ARR 2.5\mods\Lux (patch hub) - rerun\Lux - Vigilant patch.esp,SIGNAL:000F22:Lux - Vigilant patch.esp,SIGNAL,read,Activator,000F22:Lux - Vigilant patch.esp,WTSecretMaraLS05,,,,Direct selected-signature raw-file enumeration.,ACTI:83|LCTN:2,NO-ROWS,"Primary review: lighting, compatibility, update, or balance patch records are not authoritative devotional sources; defining content records are reviewed separately.",,REJECTED
b7d732ae69c98f17,NQ091,NQ,Lighting - Lux and Lux Patches,Lux (patch hub) - rerun,Lux - Vigilant patch.esp,D:\Wabbajack\modlists\ARR 2.5\mods\Lux (patch hub) - rerun\Lux - Vigilant patch.esp,SIGNAL:000F33:Lux - Vigilant patch.esp,SIGNAL,read,Activator,000F33:Lux - Vigilant patch.esp,WTSecretMaraLS06,,,,Direct selected-signature raw-file enumeration.,ACTI:83|LCTN:2,NO-ROWS,"Primary review: lighting, compatibility, update, or balance patch records are not authoritative devotional sources; defining content records are reviewed separately.",,REJECTED
b7d732ae69c98f17,NQ091,NQ,Lighting - Lux and Lux Patches,Lux (patch hub) - rerun,Lux - Vigilant patch.esp,D:\Wabbajack\modlists\ARR 2.5\mods\Lux (patch hub) - rerun\Lux - Vigilant patch.esp,SIGNAL:000F9F:Lux - Vigilant patch.esp,SIGNAL,read,Activator,000F9F:Lux - Vigilant patch.esp,LuxVigilantBalharzaLS01,,,,Direct selected-signature raw-file enumeration.,ACTI:83|LCTN:2,NO-ROWS,"Primary review: lighting, compatibility, update, or balance patch records are not authoritative devotional sources; defining content records are reviewed separately.",,REJECTED
b7d732ae69c98f17,NQ091,NQ,Lighting - Lux and Lux Patches,Lux (patch hub) - rerun,Lux - Vigilant patch.esp,D:\Wabbajack\modlists\ARR 2.5\mods\Lux (patch hub) - rerun\Lux - Vigilant patch.esp,SIGNAL:000FA1:Lux - Vigilant patch.esp,SIGNAL,read,Activator,000FA1:Lux - Vigilant patch.esp,LuxVigilantBalharzaLS05,,,,Direct selected-signature raw-file enumeration.,ACTI:83|LCTN:2,NO-ROWS,"Primary review: lighting, compatibility, update, or balance patch records are not authoritative devotional sources; defining content records are reviewed separately.",,REJECTED
b7d732ae69c98f17,NQ091,NQ,Lighting - Lux and Lux Patches,Lux (patch hub) - rerun,Lux - Vigilant patch.esp,D:\Wabbajack\modlists\ARR 2.5\mods\Lux (patch hub) - rerun\Lux - Vigilant patch.esp,SIGNAL:000FA3:Lux - Vigilant patch.esp,SIGNAL,read,Activator,000FA3:Lux - Vigilant patch.esp,LuxVigilantBalharzaLS02,,,,Direct selected-signature raw-file enumeration.,ACTI:83|LCTN:2,NO-ROWS,"Primary review: lighting, compatibility, update, or balance patch records are not authoritative devotional sources; defining content records are reviewed separately.",,REJECTED
b7d732ae69c98f17,NQ091,NQ,Lighting - Lux and Lux Patches,Lux (patch hub) - rerun,Lux - Vigilant patch.esp,D:\Wabbajack\modlists\ARR 2.5\mods\Lux (patch hub) - rerun\Lux - Vigilant patch.esp,SIGNAL:000FA5:Lux - Vigilant patch.esp,SIGNAL,read,Activator,000FA5:Lux - Vigilant patch.esp,LuxVigilantBalharzaLS03,,,,Direct selected-signature raw-file enumeration.,ACTI:83|LCTN:2,NO-ROWS,"Primary review: lighting, compatibility, update, or balance patch records are not authoritative devotional sources; defining content records are reviewed separately.",,REJECTED
b7d732ae69c98f17,NQ091,NQ,Lighting - Lux and Lux Patches,Lux (patch hub) - rerun,Lux - Vigilant patch.esp,D:\Wabbajack\modlists\ARR 2.5\mods\Lux (patch hub) - rerun\Lux - Vigilant patch.esp,SIGNAL:000FA7:Lux - Vigilant patch.esp,SIGNAL,read,Activator,000FA7:Lux - Vigilant patch.esp,LuxVigilantBalharzaLS04,,,,Direct selected-signature raw-file enumeration.,ACTI:83|LCTN:2,NO-ROWS,"Primary review: lighting, compatibility, update, or balance patch records are not authoritative devotional sources; defining content records are reviewed separately.",,REJECTED
b7d732ae69c98f17,NQ091,NQ,Lighting - Lux and Lux Patches,Lux (patch hub) - rerun,Lux - Vigilant patch.esp,D:\Wabbajack\modlists\ARR 2.5\mods\Lux (patch hub) - rerun\Lux - Vigilant patch.esp,SIGNAL:000FD6:Lux - Vigilant patch.esp,SIGNAL,read,Activator,000FD6:Lux - Vigilant patch.esp,LuxVigilantManBullCaveLS02,,,,Direct selected-signature raw-file enumeration.,ACTI:83|LCTN:2,NO-ROWS,"Primary review: lighting, compatibility, update, or balance patch records are not authoritative devotional sources; defining content records are reviewed separately.",,REJECTED
b7d732ae69c98f17,NQ091,NQ,Lighting - Lux and Lux Patches,Lux (patch hub) - rerun,Lux - Vigilant patch.esp,D:\Wabbajack\modlists\ARR 2.5\mods\Lux (patch hub) - rerun\Lux - Vigilant patch.esp,SIGNAL:51C044:Vigilant.esm,SIGNAL,read,Location,51C044:Vigilant.esm,zzzCHLocCharnelBelharza,,,,Direct selected-signature raw-file enumeration.,ACTI:83|LCTN:2,NO-ROWS,"Primary review: lighting, compatibility, update, or balance patch records are not authoritative devotional sources; defining content records are reviewed separately.",,REJECTED
b7d732ae69c98f17,NQ091,NQ,Lighting - Lux and Lux Patches,Lux (patch hub) - rerun,Lux - Vigilant patch.esp,D:\Wabbajack\modlists\ARR 2.5\mods\Lux (patch hub) - rerun\Lux - Vigilant patch.esp,SIGNAL:51D6B3:Vigilant.esm,SIGNAL,read,Location,51D6B3:Vigilant.esm,zzzAoMLocManbullCave,,,,Direct selected-signature raw-file enumeration.,ACTI:83|LCTN:2,NO-ROWS,"Primary review: lighting, compatibility, update, or balance patch records are not authoritative devotional sources; defining content records are reviewed separately.",,REJECTED
4f2aaade06bf1349,NQ091,NQ,Lighting - Lux and Lux Patches,Lux (patch hub) - rerun,Lux - Wyrmstooth.esp,D:\Wabbajack\modlists\ARR 2.5\mods\Lux (patch hub) - rerun\Lux - Wyrmstooth.esp,PLUGIN,PLUGIN-SUMMARY,read,,,,,,,Direct signal candidate enumeration: 55,ACTI:47|LCTN:8,NO-ROWS,"Primary review: lighting, compatibility, update, or balance patch records are not authoritative devotional sources; defining content records are reviewed separately.",,REJECTED
4f2aaade06bf1349,NQ091,NQ,Lighting - Lux and Lux Patches,Lux (patch hub) - rerun,Lux - Wyrmstooth.esp,D:\Wabbajack\modlists\ARR 2.5\mods\Lux (patch hub) - rerun\Lux - Wyrmstooth.esp,SIGNAL:00004F:Lux - Wyrmstooth.esp,SIGNAL,read,Activator,00004F:Lux - Wyrmstooth.esp,WTCommonHouseLS01,,,,Direct selected-signature raw-file enumeration.,ACTI:47|LCTN:8,NO-ROWS,"Primary review: lighting, compatibility, update, or balance patch records are not authoritative devotional sources; defining content records are reviewed separately.",,REJECTED
4f2aaade06bf1349,NQ091,NQ,Lighting - Lux and Lux Patches,Lux (patch hub) - rerun,Lux - Wyrmstooth.esp,D:\Wabbajack\modlists\ARR 2.5\mods\Lux (patch hub) - rerun\Lux - Wyrmstooth.esp,SIGNAL:000050:Lux - Wyrmstooth.esp,SIGNAL,read,Activator,000050:Lux - Wyrmstooth.esp,WTCommonHouseLS02,,,,Direct selected-signature raw-file enumeration.,ACTI:47|LCTN:8,NO-ROWS,"Primary review: lighting, compatibility, update, or balance patch records are not authoritative devotional sources; defining content records are reviewed separately.",,REJECTED
4f2aaade06bf1349,NQ091,NQ,Lighting - Lux and Lux Patches,Lux (patch hub) - rerun,Lux - Wyrmstooth.esp,D:\Wabbajack\modlists\ARR 2.5\mods\Lux (patch hub) - rerun\Lux - Wyrmstooth.esp,SIGNAL:00005D:Lux - Wyrmstooth.esp,SIGNAL,read,Activator,00005D:Lux - Wyrmstooth.esp,WTHalloftheDeadLS01,,,,Direct selected-signature raw-file enumeration.,ACTI:47|LCTN:8,NO-ROWS,"Primary review: lighting, compatibility, update, or balance patch records are not authoritative devotional sources; defining content records are reviewed separately.",,REJECTED
4f2aaade06bf1349,NQ091,NQ,Lighting - Lux and Lux Patches,Lux (patch hub) - rerun,Lux - Wyrmstooth.esp,D:\Wabbajack\modlists\ARR 2.5\mods\Lux (patch hub) - rerun\Lux - Wyrmstooth.esp,SIGNAL:000060:Lux - Wyrmstooth.esp,SIGNAL,read,Activator,000060:Lux - Wyrmstooth.esp,WTHalloftheDeadLS02,,,,Direct selected-signature raw-file enumeration.,ACTI:47|LCTN:8,NO-ROWS,"Primary review: lighting, compatibility, update, or balance patch records are not authoritative devotional sources; defining content records are reviewed separately.",,REJECTED
4f2aaade06bf1349,NQ091,NQ,Lighting - Lux and Lux Patches,Lux (patch hub) - rerun,Lux - Wyrmstooth.esp,D:\Wabbajack\modlists\ARR 2.5\mods\Lux (patch hub) - rerun\Lux - Wyrmstooth.esp,SIGNAL:000194:Lux - Wyrmstooth.esp,SIGNAL,read,Activator,000194:Lux - Wyrmstooth.esp,WTFortMoonwatchMusterLS01,,,,Direct selected-signature raw-file enumeration.,ACTI:47|LCTN:8,NO-ROWS,"Primary review: lighting, compatibility, update, or balance patch records are not authoritative devotional sources; defining content records are reviewed separately.",,REJECTED
4f2aaade06bf1349,NQ091,NQ,Lighting - Lux and Lux Patches,Lux (patch hub) - rerun,Lux - Wyrmstooth.esp,D:\Wabbajack\modlists\ARR 2.5\mods\Lux (patch hub) - rerun\Lux - Wyrmstooth.esp,SIGNAL:000197:Lux - Wyrmstooth.esp,SIGNAL,read,Activator,000197:Lux - Wyrmstooth.esp,WTFortMoonwatchMusterLS02,,,,Direct selected-signature raw-file enumeration.,ACTI:47|LCTN:8,NO-ROWS,"Primary review: lighting, compatibility, update, or balance patch records are not authoritative devotional sources; defining content records are reviewed separately.",,REJECTED
4f2aaade06bf1349,NQ091,NQ,Lighting - Lux and Lux Patches,Lux (patch hub) - rerun,Lux - Wyrmstooth.esp,D:\Wabbajack\modlists\ARR 2.5\mods\Lux (patch hub) - rerun\Lux - Wyrmstooth.esp,SIGNAL:00019A:Lux - Wyrmstooth.esp,SIGNAL,read,Activator,00019A:Lux - Wyrmstooth.esp,WTFortMoonwatchMusterLS03,,,,Direct selected-signature raw-file enumeration.,ACTI:47|LCTN:8,NO-ROWS,"Primary review: lighting, compatibility, update, or balance patch records are not authoritative devotional sources; defining content records are reviewed separately.",,REJECTED
4f2aaade06bf1349,NQ091,NQ,Lighting - Lux and Lux Patches,Lux (patch hub) - rerun,Lux - Wyrmstooth.esp,D:\Wabbajack\modlists\ARR 2.5\mods\Lux (patch hub) - rerun\Lux - Wyrmstooth.esp,SIGNAL:00019F:Lux - Wyrmstooth.esp,SIGNAL,read,Activator,00019F:Lux - Wyrmstooth.esp,WTFortMoonwatchMusterLS04,,,,Direct selected-signature raw-file enumeration.,ACTI:47|LCTN:8,NO-ROWS,"Primary review: lighting, compatibility, update, or balance patch records are not authoritative devotional sources; defining content records are reviewed separately.",,REJECTED
4f2aaade06bf1349,NQ091,NQ,Lighting - Lux and Lux Patches,Lux (patch hub) - rerun,Lux - Wyrmstooth.esp,D:\Wabbajack\modlists\ARR 2.5\mods\Lux (patch hub) - rerun\Lux - Wyrmstooth.esp,SIGNAL:0001CF:Lux - Wyrmstooth.esp,SIGNAL,read,Activator,0001CF:Lux - Wyrmstooth.esp,WTFortValusMusterLSDungeon,,,,Direct selected-signature raw-file enumeration.,ACTI:47|LCTN:8,NO-ROWS,"Primary review: lighting, compatibility, update, or balance patch records are not authoritative devotional sources; defining content records are reviewed separately.",,REJECTED
4f2aaade06bf1349,NQ091,NQ,Lighting - Lux and Lux Patches,Lux (patch hub) - rerun,Lux - Wyrmstooth.esp,D:\Wabbajack\modlists\ARR 2.5\mods\Lux (patch hub) - rerun\Lux - Wyrmstooth.esp,SIGNAL:0001EC:Lux - Wyrmstooth.esp,SIGNAL,read,Activator,0001EC:Lux - Wyrmstooth.esp,WTBarrowCryptLS01,,,,Direct selected-signature raw-file enumeration.,ACTI:47|LCTN:8,NO-ROWS,"Primary review: lighting, compatibility, update, or balance patch records are not authoritative devotional sources; defining content records are reviewed separately.",,REJECTED
4f2aaade06bf1349,NQ091,NQ,Lighting - Lux and Lux Patches,Lux (patch hub) - rerun,Lux - Wyrmstooth.esp,D:\Wabbajack\modlists\ARR 2.5\mods\Lux (patch hub) - rerun\Lux - Wyrmstooth.esp,SIGNAL:0001EE:Lux - Wyrmstooth.esp,SIGNAL,read,Activator,0001EE:Lux - Wyrmstooth.esp,WTBarrowCryptLS02,,,,Direct selected-signature raw-file enumeration.,ACTI:47|LCTN:8,NO-ROWS,"Primary review: lighting, compatibility, update, or balance patch records are not authoritative devotional sources; defining content records are reviewed separately.",,REJECTED
4f2aaade06bf1349,NQ091,NQ,Lighting - Lux and Lux Patches,Lux (patch hub) - rerun,Lux - Wyrmstooth.esp,D:\Wabbajack\modlists\ARR 2.5\mods\Lux (patch hub) - rerun\Lux - Wyrmstooth.esp,SIGNAL:0001F0:Lux - Wyrmstooth.esp,SIGNAL,read,Activator,0001F0:Lux - Wyrmstooth.esp,WTBarrowCryptLS03,,,,Direct selected-signature raw-file enumeration.,ACTI:47|LCTN:8,NO-ROWS,"Primary review: lighting, compatibility, update, or balance patch records are not authoritative devotional sources; defining content records are reviewed separately.",,REJECTED
4f2aaade06bf1349,NQ091,NQ,Lighting - Lux and Lux Patches,Lux (patch hub) - rerun,Lux - Wyrmstooth.esp,D:\Wabbajack\modlists\ARR 2.5\mods\Lux (patch hub) - rerun\Lux - Wyrmstooth.esp,SIGNAL:000202:Lux - Wyrmstooth.esp,SIGNAL,read,Activator,000202:Lux - Wyrmstooth.esp,WTBarrowCryptLS04,,,,Direct selected-signature raw-file enumeration.,ACTI:47|LCTN:8,NO-ROWS,"Primary review: lighting, compatibility, update, or balance patch records are not authoritative devotional sources; defining content records are reviewed separately.",,REJECTED
4f2aaade06bf1349,NQ091,NQ,Lighting - Lux and Lux Patches,Lux (patch hub) - rerun,Lux - Wyrmstooth.esp,D:\Wabbajack\modlists\ARR 2.5\mods\Lux (patch hub) - rerun\Lux - Wyrmstooth.esp,SIGNAL:000218:Lux - Wyrmstooth.esp,SIGNAL,read,Activator,000218:Lux - Wyrmstooth.esp,WTBarrowRefectoryLS01,,,,Direct selected-signature raw-file enumeration.,ACTI:47|LCTN:8,NO-ROWS,"Primary review: lighting, compatibility, update, or balance patch records are not authoritative devotional sources; defining content records are reviewed separately.",,REJECTED
4f2aaade06bf1349,NQ091,NQ,Lighting - Lux and Lux Patches,Lux (patch hub) - rerun,Lux - Wyrmstooth.esp,D:\Wabbajack\modlists\ARR 2.5\mods\Lux (patch hub) - rerun\Lux - Wyrmstooth.esp,SIGNAL:000219:Lux - Wyrmstooth.esp,SIGNAL,read,Activator,000219:Lux - Wyrmstooth.esp,WTBarrowRefectoryLS02,,,,Direct selected-signature raw-file enumeration.,ACTI:47|LCTN:8,NO-ROWS,"Primary review: lighting, compatibility, update, or balance patch records are not authoritative devotional sources; defining content records are reviewed separately.",,REJECTED
4f2aaade06bf1349,NQ091,NQ,Lighting - Lux and Lux Patches,Lux (patch hub) - rerun,Lux - Wyrmstooth.esp,D:\Wabbajack\modlists\ARR 2.5\mods\Lux (patch hub) - rerun\Lux - Wyrmstooth.esp,SIGNAL:00021A:Lux - Wyrmstooth.esp,SIGNAL,read,Activator,00021A:Lux - Wyrmstooth.esp,WTBarrowRefectoryLS03,,,,Direct selected-signature raw-file enumeration.,ACTI:47|LCTN:8,NO-ROWS,"Primary review: lighting, compatibility, update, or balance patch records are not authoritative devotional sources; defining content records are reviewed separately.",,REJECTED
4f2aaade06bf1349,NQ091,NQ,Lighting - Lux and Lux Patches,Lux (patch hub) - rerun,Lux - Wyrmstooth.esp,D:\Wabbajack\modlists\ARR 2.5\mods\Lux (patch hub) - rerun\Lux - Wyrmstooth.esp,SIGNAL:00021B:Lux - Wyrmstooth.esp,SIGNAL,read,Activator,00021B:Lux - Wyrmstooth.esp,WTBarrowRefectoryLS04,,,,Direct selected-signature raw-file enumeration.,ACTI:47|LCTN:8,NO-ROWS,"Primary review: lighting, compatibility, update, or balance patch records are not authoritative devotional sources; defining content records are reviewed separately.",,REJECTED
4f2aaade06bf1349,NQ091,NQ,Lighting - Lux and Lux Patches,Lux (patch hub) - rerun,Lux - Wyrmstooth.esp,D:\Wabbajack\modlists\ARR 2.5\mods\Lux (patch hub) - rerun\Lux - Wyrmstooth.esp,SIGNAL:00021C:Lux - Wyrmstooth.esp,SIGNAL,read,Activator,00021C:Lux - Wyrmstooth.esp,WTBarrowRefectoryLS05,,,,Direct selected-signature raw-file enumeration.,ACTI:47|LCTN:8,NO-ROWS,"Primary review: lighting, compatibility, update, or balance patch records are not authoritative devotional sources; defining content records are reviewed separately.",,REJECTED
4f2aaade06bf1349,NQ091,NQ,Lighting - Lux and Lux Patches,Lux (patch hub) - rerun,Lux - Wyrmstooth.esp,D:\Wabbajack\modlists\ARR 2.5\mods\Lux (patch hub) - rerun\Lux - Wyrmstooth.esp,SIGNAL:00021D:Lux - Wyrmstooth.esp,SIGNAL,read,Activator,00021D:Lux - Wyrmstooth.esp,WTBarrowRefectoryLS06,,,,Direct selected-signature raw-file enumeration.,ACTI:47|LCTN:8,NO-ROWS,"Primary review: lighting, compatibility, update, or balance patch records are not authoritative devotional sources; defining content records are reviewed separately.",,REJECTED
4f2aaade06bf1349,NQ091,NQ,Lighting - Lux and Lux Patches,Lux (patch hub) - rerun,Lux - Wyrmstooth.esp,D:\Wabbajack\modlists\ARR 2.5\mods\Lux (patch hub) - rerun\Lux - Wyrmstooth.esp,SIGNAL:00023A:Lux - Wyrmstooth.esp,SIGNAL,read,Activator,00023A:Lux - Wyrmstooth.esp,WTBarrowTempleLS01,,,,Direct selected-signature raw-file enumeration.,ACTI:47|LCTN:8,NO-ROWS,"Primary review: lighting, compatibility, update, or balance patch records are not authoritative devotional sources; defining content records are reviewed separately.",,REJECTED
4f2aaade06bf1349,NQ091,NQ,Lighting - Lux and Lux Patches,Lux (patch hub) - rerun,Lux - Wyrmstooth.esp,D:\Wabbajack\modlists\ARR 2.5\mods\Lux (patch hub) - rerun\Lux - Wyrmstooth.esp,SIGNAL:00023B:Lux - Wyrmstooth.esp,SIGNAL,read,Activator,00023B:Lux - Wyrmstooth.esp,WTBarrowTempleLS02,,,,Direct selected-signature raw-file enumeration.,ACTI:47|LCTN:8,NO-ROWS,"Primary review: lighting, compatibility, update, or balance patch records are not authoritative devotional sources; defining content records are reviewed separately.",,REJECTED
4f2aaade06bf1349,NQ091,NQ,Lighting - Lux and Lux Patches,Lux (patch hub) - rerun,Lux - Wyrmstooth.esp,D:\Wabbajack\modlists\ARR 2.5\mods\Lux (patch hub) - rerun\Lux - Wyrmstooth.esp,SIGNAL:00023C:Lux - Wyrmstooth.esp,SIGNAL,read,Activator,00023C:Lux - Wyrmstooth.esp,WTBarrowTempleLS03,,,,Direct selected-signature raw-file enumeration.,ACTI:47|LCTN:8,NO-ROWS,"Primary review: lighting, compatibility, update, or balance patch records are not authoritative devotional sources; defining content records are reviewed separately.",,REJECTED
4f2aaade06bf1349,NQ091,NQ,Lighting - Lux and Lux Patches,Lux (patch hub) - rerun,Lux - Wyrmstooth.esp,D:\Wabbajack\modlists\ARR 2.5\mods\Lux (patch hub) - rerun\Lux - Wyrmstooth.esp,SIGNAL:00023D:Lux - Wyrmstooth.esp,SIGNAL,read,Activator,00023D:Lux - Wyrmstooth.esp,WTBarrowTempleLS04,,,,Direct selected-signature raw-file enumeration.,ACTI:47|LCTN:8,NO-ROWS,"Primary review: lighting, compatibility, update, or balance patch records are not authoritative devotional sources; defining content records are reviewed separately.",,REJECTED
4f2aaade06bf1349,NQ091,NQ,Lighting - Lux and Lux Patches,Lux (patch hub) - rerun,Lux - Wyrmstooth.esp,D:\Wabbajack\modlists\ARR 2.5\mods\Lux (patch hub) - rerun\Lux - Wyrmstooth.esp,SIGNAL:00023E:Lux - Wyrmstooth.esp,SIGNAL,read,Activator,00023E:Lux - Wyrmstooth.esp,WTBarrowTempleLS05,,,,Direct selected-signature raw-file enumeration.,ACTI:47|LCTN:8,NO-ROWS,"Primary review: lighting, compatibility, update, or balance patch records are not authoritative devotional sources; defining content records are reviewed separately.",,REJECTED
4f2aaade06bf1349,NQ091,NQ,Lighting - Lux and Lux Patches,Lux (patch hub) - rerun,Lux - Wyrmstooth.esp,D:\Wabbajack\modlists\ARR 2.5\mods\Lux (patch hub) - rerun\Lux - Wyrmstooth.esp,SIGNAL:00023F:Lux - Wyrmstooth.esp,SIGNAL,read,Activator,00023F:Lux - Wyrmstooth.esp,WTBarrowTempleLS06,,,,Direct selected-signature raw-file enumeration.,ACTI:47|LCTN:8,NO-ROWS,"Primary review: lighting, compatibility, update, or balance patch records are not authoritative devotional sources; defining content records are reviewed separately.",,REJECTED
4f2aaade06bf1349,NQ091,NQ,Lighting - Lux and Lux Patches,Lux (patch hub) - rerun,Lux - Wyrmstooth.esp,D:\Wabbajack\modlists\ARR 2.5\mods\Lux (patch hub) - rerun\Lux - Wyrmstooth.esp,SIGNAL:000240:Lux - Wyrmstooth.esp,SIGNAL,read,Activator,000240:Lux - Wyrmstooth.esp,WTBarrowTempleLS07,,,,Direct selected-signature raw-file enumeration.,ACTI:47|LCTN:8,NO-ROWS,"Primary review: lighting, compatibility, update, or balance patch records are not authoritative devotional sources; defining content records are reviewed separately.",,REJECTED
4f2aaade06bf1349,NQ091,NQ,Lighting - Lux and Lux Patches,Lux (patch hub) - rerun,Lux - Wyrmstooth.esp,D:\Wabbajack\modlists\ARR 2.5\mods\Lux (patch hub) - rerun\Lux - Wyrmstooth.esp,SIGNAL:000241:Lux - Wyrmstooth.esp,SIGNAL,read,Activator,000241:Lux - Wyrmstooth.esp,WTBarrowTempleLS08,,,,Direct selected-signature raw-file enumeration.,ACTI:47|LCTN:8,NO-ROWS,"Primary review: lighting, compatibility, update, or balance patch records are not authoritative devotional sources; defining content records are reviewed separately.",,REJECTED
4f2aaade06bf1349,NQ091,NQ,Lighting - Lux and Lux Patches,Lux (patch hub) - rerun,Lux - Wyrmstooth.esp,D:\Wabbajack\modlists\ARR 2.5\mods\Lux (patch hub) - rerun\Lux - Wyrmstooth.esp,SIGNAL:00024D:Lux - Wyrmstooth.esp,SIGNAL,read,Activator,00024D:Lux - Wyrmstooth.esp,WTBarrowTowerLS01,,,,Direct selected-signature raw-file enumeration.,ACTI:47|LCTN:8,NO-ROWS,"Primary review: lighting, compatibility, update, or balance patch records are not authoritative devotional sources; defining content records are reviewed separately.",,REJECTED
4f2aaade06bf1349,NQ091,NQ,Lighting - Lux and Lux Patches,Lux (patch hub) - rerun,Lux - Wyrmstooth.esp,D:\Wabbajack\modlists\ARR 2.5\mods\Lux (patch hub) - rerun\Lux - Wyrmstooth.esp,SIGNAL:00024E:Lux - Wyrmstooth.esp,SIGNAL,read,Activator,00024E:Lux - Wyrmstooth.esp,WTBarrowTowerLS02,,,,Direct selected-signature raw-file enumeration.,ACTI:47|LCTN:8,NO-ROWS,"Primary review: lighting, compatibility, update, or balance patch records are not authoritative devotional sources; defining content records are reviewed separately.",,REJECTED
4f2aaade06bf1349,NQ091,NQ,Lighting - Lux and Lux Patches,Lux (patch hub) - rerun,Lux - Wyrmstooth.esp,D:\Wabbajack\modlists\ARR 2.5\mods\Lux (patch hub) - rerun\Lux - Wyrmstooth.esp,SIGNAL:000253:Lux - Wyrmstooth.esp,SIGNAL,read,Activator,000253:Lux - Wyrmstooth.esp,WTBloodFrostLS03,,,,Direct selected-signature raw-file enumeration.,ACTI:47|LCTN:8,NO-ROWS,"Primary review: lighting, compatibility, update, or balance patch records are not authoritative devotional sources; defining content records are reviewed separately.",,REJECTED
4f2aaade06bf1349,NQ091,NQ,Lighting - Lux and Lux Patches,Lux (patch hub) - rerun,Lux - Wyrmstooth.esp,D:\Wabbajack\modlists\ARR 2.5\mods\Lux (patch hub) - rerun\Lux - Wyrmstooth.esp,SIGNAL:000256:Lux - Wyrmstooth.esp,SIGNAL,read,Activator,000256:Lux - Wyrmstooth.esp,WTBarrowCryptLS05,,,,Direct selected-signature raw-file enumeration.,ACTI:47|LCTN:8,NO-ROWS,"Primary review: lighting, compatibility, update, or balance patch records are not authoritative devotional sources; defining content records are reviewed separately.",,REJECTED
4f2aaade06bf1349,NQ091,NQ,Lighting - Lux and Lux Patches,Lux (patch hub) - rerun,Lux - Wyrmstooth.esp,D:\Wabbajack\modlists\ARR 2.5\mods\Lux (patch hub) - rerun\Lux - Wyrmstooth.esp,SIGNAL:00026D:Lux - Wyrmstooth.esp,SIGNAL,read,Activator,00026D:Lux - Wyrmstooth.esp,WTKrakevisaMiddenLS01,,,,Direct selected-signature raw-file enumeration.,ACTI:47|LCTN:8,NO-ROWS,"Primary review: lighting, compatibility, update, or balance patch records are not authoritative devotional sources; defining content records are reviewed separately.",,REJECTED
4f2aaade06bf1349,NQ091,NQ,Lighting - Lux and Lux Patches,Lux (patch hub) - rerun,Lux - Wyrmstooth.esp,D:\Wabbajack\modlists\ARR 2.5\mods\Lux (patch hub) - rerun\Lux - Wyrmstooth.esp,SIGNAL:00026E:Lux - Wyrmstooth.esp,SIGNAL,read,Activator,00026E:Lux - Wyrmstooth.esp,WTKrakevisaMiddenLS02,,,,Direct selected-signature raw-file enumeration.,ACTI:47|LCTN:8,NO-ROWS,"Primary review: lighting, compatibility, update, or balance patch records are not authoritative devotional sources; defining content records are reviewed separately.",,REJECTED
4f2aaade06bf1349,NQ091,NQ,Lighting - Lux and Lux Patches,Lux (patch hub) - rerun,Lux - Wyrmstooth.esp,D:\Wabbajack\modlists\ARR 2.5\mods\Lux (patch hub) - rerun\Lux - Wyrmstooth.esp,SIGNAL:00026F:Lux - Wyrmstooth.esp,SIGNAL,read,Activator,00026F:Lux - Wyrmstooth.esp,WTKrakevisaMiddenLS03,,,,Direct selected-signature raw-file enumeration.,ACTI:47|LCTN:8,NO-ROWS,"Primary review: lighting, compatibility, update, or balance patch records are not authoritative devotional sources; defining content records are reviewed separately.",,REJECTED
4f2aaade06bf1349,NQ091,NQ,Lighting - Lux and Lux Patches,Lux (patch hub) - rerun,Lux - Wyrmstooth.esp,D:\Wabbajack\modlists\ARR 2.5\mods\Lux (patch hub) - rerun\Lux - Wyrmstooth.esp,SIGNAL:000270:Lux - Wyrmstooth.esp,SIGNAL,read,Activator,000270:Lux - Wyrmstooth.esp,WTKrakevisaMiddenLS04,,,,Direct selected-signature raw-file enumeration.,ACTI:47|LCTN:8,NO-ROWS,"Primary review: lighting, compatibility, update, or balance patch records are not authoritative devotional sources; defining content records are reviewed separately.",,REJECTED
4f2aaade06bf1349,NQ091,NQ,Lighting - Lux and Lux Patches,Lux (patch hub) - rerun,Lux - Wyrmstooth.esp,D:\Wabbajack\modlists\ARR 2.5\mods\Lux (patch hub) - rerun\Lux - Wyrmstooth.esp,SIGNAL:000271:Lux - Wyrmstooth.esp,SIGNAL,read,Activator,000271:Lux - Wyrmstooth.esp,WTKrakevisaMiddenLS05,,,,Direct selected-signature raw-file enumeration.,ACTI:47|LCTN:8,NO-ROWS,"Primary review: lighting, compatibility, update, or balance patch records are not authoritative devotional sources; defining content records are reviewed separately.",,REJECTED
4f2aaade06bf1349,NQ091,NQ,Lighting - Lux and Lux Patches,Lux (patch hub) - rerun,Lux - Wyrmstooth.esp,D:\Wabbajack\modlists\ARR 2.5\mods\Lux (patch hub) - rerun\Lux - Wyrmstooth.esp,SIGNAL:000279:Lux - Wyrmstooth.esp,SIGNAL,read,Activator,000279:Lux - Wyrmstooth.esp,WTBelonirBorgLS02,,,,Direct selected-signature raw-file enumeration.,ACTI:47|LCTN:8,NO-ROWS,"Primary review: lighting, compatibility, update, or balance patch records are not authoritative devotional sources; defining content records are reviewed separately.",,REJECTED
4f2aaade06bf1349,NQ091,NQ,Lighting - Lux and Lux Patches,Lux (patch hub) - rerun,Lux - Wyrmstooth.esp,D:\Wabbajack\modlists\ARR 2.5\mods\Lux (patch hub) - rerun\Lux - Wyrmstooth.esp,SIGNAL:00028F:Lux - Wyrmstooth.esp,SIGNAL,read,Activator,00028F:Lux - Wyrmstooth.esp,WTHalloftheDeadLS03,,,,Direct selected-signature raw-file enumeration.,ACTI:47|LCTN:8,NO-ROWS,"Primary review: lighting, compatibility, update, or balance patch records are not authoritative devotional sources; defining content records are reviewed separately.",,REJECTED
4f2aaade06bf1349,NQ091,NQ,Lighting - Lux and Lux Patches,Lux (patch hub) - rerun,Lux - Wyrmstooth.esp,D:\Wabbajack\modlists\ARR 2.5\mods\Lux (patch hub) - rerun\Lux - Wyrmstooth.esp,SIGNAL:00029F:Lux - Wyrmstooth.esp,SIGNAL,read,Activator,00029F:Lux - Wyrmstooth.esp,WTHalloftheDeadLS04,,,,Direct selected-signature raw-file enumeration.,ACTI:47|LCTN:8,NO-ROWS,"Primary review: lighting, compatibility, update, or balance patch records are not authoritative devotional sources; defining content records are reviewed separately.",,REJECTED
4f2aaade06bf1349,NQ091,NQ,Lighting - Lux and Lux Patches,Lux (patch hub) - rerun,Lux - Wyrmstooth.esp,D:\Wabbajack\modlists\ARR 2.5\mods\Lux (patch hub) - rerun\Lux - Wyrmstooth.esp,SIGNAL:0002A0:Lux - Wyrmstooth.esp,SIGNAL,read,Activator,0002A0:Lux - Wyrmstooth.esp,WTHalloftheDeadLS05,,,,Direct selected-signature raw-file enumeration.,ACTI:47|LCTN:8,NO-ROWS,"Primary review: lighting, compatibility, update, or balance patch records are not authoritative devotional sources; defining content records are reviewed separately.",,REJECTED
4f2aaade06bf1349,NQ091,NQ,Lighting - Lux and Lux Patches,Lux (patch hub) - rerun,Lux - Wyrmstooth.esp,D:\Wabbajack\modlists\ARR 2.5\mods\Lux (patch hub) - rerun\Lux - Wyrmstooth.esp,SIGNAL:000AF7:Lux - Wyrmstooth.esp,SIGNAL,read,Activator,000AF7:Lux - Wyrmstooth.esp,WTBelonirBorgLS01,,,,Direct selected-signature raw-file enumeration.,ACTI:47|LCTN:8,NO-ROWS,"Primary review: lighting, compatibility, update, or balance patch records are not authoritative devotional sources; defining content records are reviewed separately.",,REJECTED
4f2aaade06bf1349,NQ091,NQ,Lighting - Lux and Lux Patches,Lux (patch hub) - rerun,Lux - Wyrmstooth.esp,D:\Wabbajack\modlists\ARR 2.5\mods\Lux (patch hub) - rerun\Lux - Wyrmstooth.esp,SIGNAL:000B05:Lux - Wyrmstooth.esp,SIGNAL,read,Activator,000B05:Lux - Wyrmstooth.esp,WTBloodFrostLS01,,,,Direct selected-signature raw-file enumeration.,ACTI:47|LCTN:8,NO-ROWS,"Primary review: lighting, compatibility, update, or balance patch records are not authoritative devotional sources; defining content records are reviewed separately.",,REJECTED
4f2aaade06bf1349,NQ091,NQ,Lighting - Lux and Lux Patches,Lux (patch hub) - rerun,Lux - Wyrmstooth.esp,D:\Wabbajack\modlists\ARR 2.5\mods\Lux (patch hub) - rerun\Lux - Wyrmstooth.esp,SIGNAL:000B0C:Lux - Wyrmstooth.esp,SIGNAL,read,Activator,000B0C:Lux - Wyrmstooth.esp,WTBloodFrostLS02,,,,Direct selected-signature raw-file enumeration.,ACTI:47|LCTN:8,NO-ROWS,"Primary review: lighting, compatibility, update, or balance patch records are not authoritative devotional sources; defining content records are reviewed separately.",,REJECTED
4f2aaade06bf1349,NQ091,NQ,Lighting - Lux and Lux Patches,Lux (patch hub) - rerun,Lux - Wyrmstooth.esp,D:\Wabbajack\modlists\ARR 2.5\mods\Lux (patch hub) - rerun\Lux - Wyrmstooth.esp,SIGNAL:000B74:Lux - Wyrmstooth.esp,SIGNAL,read,Activator,000B74:Lux - Wyrmstooth.esp,WTValusHouseLS01,,,,Direct selected-signature raw-file enumeration.,ACTI:47|LCTN:8,NO-ROWS,"Primary review: lighting, compatibility, update, or balance patch records are not authoritative devotional sources; defining content records are reviewed separately.",,REJECTED
4f2aaade06bf1349,NQ091,NQ,Lighting - Lux and Lux Patches,Lux (patch hub) - rerun,Lux - Wyrmstooth.esp,D:\Wabbajack\modlists\ARR 2.5\mods\Lux (patch hub) - rerun\Lux - Wyrmstooth.esp,SIGNAL:000B77:Lux - Wyrmstooth.esp,SIGNAL,read,Activator,000B77:Lux - Wyrmstooth.esp,WTValusHouseLS02,,,,Direct selected-signature raw-file enumeration.,ACTI:47|LCTN:8,NO-ROWS,"Primary review: lighting, compatibility, update, or balance patch records are not authoritative devotional sources; defining content records are reviewed separately.",,REJECTED
4f2aaade06bf1349,NQ091,NQ,Lighting - Lux and Lux Patches,Lux (patch hub) - rerun,Lux - Wyrmstooth.esp,D:\Wabbajack\modlists\ARR 2.5\mods\Lux (patch hub) - rerun\Lux - Wyrmstooth.esp,SIGNAL:000B81:Lux - Wyrmstooth.esp,SIGNAL,read,Activator,000B81:Lux - Wyrmstooth.esp,WTValusHouseLS03,,,,Direct selected-signature raw-file enumeration.,ACTI:47|LCTN:8,NO-ROWS,"Primary review: lighting, compatibility, update, or balance patch records are not authoritative devotional sources; defining content records are reviewed separately.",,REJECTED
4f2aaade06bf1349,NQ091,NQ,Lighting - Lux and Lux Patches,Lux (patch hub) - rerun,Lux - Wyrmstooth.esp,D:\Wabbajack\modlists\ARR 2.5\mods\Lux (patch hub) - rerun\Lux - Wyrmstooth.esp,SIGNAL:000B84:Lux - Wyrmstooth.esp,SIGNAL,read,Activator,000B84:Lux - Wyrmstooth.esp,WTValusHouseLS04,,,,Direct selected-signature raw-file enumeration.,ACTI:47|LCTN:8,NO-ROWS,"Primary review: lighting, compatibility, update, or balance patch records are not authoritative devotional sources; defining content records are reviewed separately.",,REJECTED
4f2aaade06bf1349,NQ091,NQ,Lighting - Lux and Lux Patches,Lux (patch hub) - rerun,Lux - Wyrmstooth.esp,D:\Wabbajack\modlists\ARR 2.5\mods\Lux (patch hub) - rerun\Lux - Wyrmstooth.esp,SIGNAL:00E53B:Wyrmstooth.esp,SIGNAL,read,Location,00E53B:Wyrmstooth.esp,WTBarrowLocation,,,,Direct selected-signature raw-file enumeration.,ACTI:47|LCTN:8,NO-ROWS,"Primary review: lighting, compatibility, update, or balance patch records are not authoritative devotional sources; defining content records are reviewed separately.",,REJECTED
4f2aaade06bf1349,NQ091,NQ,Lighting - Lux and Lux Patches,Lux (patch hub) - rerun,Lux - Wyrmstooth.esp,D:\Wabbajack\modlists\ARR 2.5\mods\Lux (patch hub) - rerun\Lux - Wyrmstooth.esp,SIGNAL:12E05D:Wyrmstooth.esp,SIGNAL,read,Location,12E05D:Wyrmstooth.esp,WTHallOfTheDeadLocation,,,,Direct selected-signature raw-file enumeration.,ACTI:47|LCTN:8,NO-ROWS,"Primary review: lighting, compatibility, update, or balance patch records are not authoritative devotional sources; defining content records are reviewed separately.",,REJECTED
4f2aaade06bf1349,NQ091,NQ,Lighting - Lux and Lux Patches,Lux (patch hub) - rerun,Lux - Wyrmstooth.esp,D:\Wabbajack\modlists\ARR 2.5\mods\Lux (patch hub) - rerun\Lux - Wyrmstooth.esp,SIGNAL:222977:Wyrmstooth.esp,SIGNAL,read,Location,222977:Wyrmstooth.esp,WTMinersHouseLocation,,,,Direct selected-signature raw-file enumeration.,ACTI:47|LCTN:8,NO-ROWS,"Primary review: lighting, compatibility, update, or balance patch records are not authoritative devotional sources; defining content records are reviewed separately.",,REJECTED
4f2aaade06bf1349,NQ091,NQ,Lighting - Lux and Lux Patches,Lux (patch hub) - rerun,Lux - Wyrmstooth.esp,D:\Wabbajack\modlists\ARR 2.5\mods\Lux (patch hub) - rerun\Lux - Wyrmstooth.esp,SIGNAL:26557B:Wyrmstooth.esp,SIGNAL,read,Location,26557B:Wyrmstooth.esp,WTFortMoonwatchLocation,,,,Direct selected-signature raw-file enumeration.,ACTI:47|LCTN:8,NO-ROWS,"Primary review: lighting, compatibility, update, or balance patch records are not authoritative devotional sources; defining content records are reviewed separately.",,REJECTED
4f2aaade06bf1349,NQ091,NQ,Lighting - Lux and Lux Patches,Lux (patch hub) - rerun,Lux - Wyrmstooth.esp,D:\Wabbajack\modlists\ARR 2.5\mods\Lux (patch hub) - rerun\Lux - Wyrmstooth.esp,SIGNAL:26557C:Wyrmstooth.esp,SIGNAL,read,Location,26557C:Wyrmstooth.esp,WTFortValusLocation,,,,Direct selected-signature raw-file enumeration.,ACTI:47|LCTN:8,NO-ROWS,"Primary review: lighting, compatibility, update, or balance patch records are not authoritative devotional sources; defining content records are reviewed separately.",,REJECTED
4f2aaade06bf1349,NQ091,NQ,Lighting - Lux and Lux Patches,Lux (patch hub) - rerun,Lux - Wyrmstooth.esp,D:\Wabbajack\modlists\ARR 2.5\mods\Lux (patch hub) - rerun\Lux - Wyrmstooth.esp,SIGNAL:4774C9:Wyrmstooth.esp,SIGNAL,read,Location,4774C9:Wyrmstooth.esp,WTBloodfrostBurrowLocation,,,,Direct selected-signature raw-file enumeration.,ACTI:47|LCTN:8,NO-ROWS,"Primary review: lighting, compatibility, update, or balance patch records are not authoritative devotional sources; defining content records are reviewed separately.",,REJECTED
4f2aaade06bf1349,NQ091,NQ,Lighting - Lux and Lux Patches,Lux (patch hub) - rerun,Lux - Wyrmstooth.esp,D:\Wabbajack\modlists\ARR 2.5\mods\Lux (patch hub) - rerun\Lux - Wyrmstooth.esp,SIGNAL:486524:Wyrmstooth.esp,SIGNAL,read,Location,486524:Wyrmstooth.esp,WTKrakevisaLocation,,,,Direct selected-signature raw-file enumeration.,ACTI:47|LCTN:8,NO-ROWS,"Primary review: lighting, compatibility, update, or balance patch records are not authoritative devotional sources; defining content records are reviewed separately.",,REJECTED
4f2aaade06bf1349,NQ091,NQ,Lighting - Lux and Lux Patches,Lux (patch hub) - rerun,Lux - Wyrmstooth.esp,D:\Wabbajack\modlists\ARR 2.5\mods\Lux (patch hub) - rerun\Lux - Wyrmstooth.esp,SIGNAL:88D85E:Wyrmstooth.esp,SIGNAL,read,Location,88D85E:Wyrmstooth.esp,WTBelonirBorgLocation,,,,Direct selected-signature raw-file enumeration.,ACTI:47|LCTN:8,NO-ROWS,"Primary review: lighting, compatibility, update, or balance patch records are not authoritative devotional sources; defining content records are reviewed separately.",,REJECTED
4bbc19558a80354f,NQ091,NQ,Lighting - Lux and Lux Patches,Lux Orbis - Patch Hub - rerun,Lux Orbis - COTN Falkreath patch.esp,D:\Wabbajack\modlists\ARR 2.5\mods\Lux Orbis - Patch Hub - rerun\Lux Orbis - COTN Falkreath patch.esp,PLUGIN,PLUGIN-SUMMARY,read,,,,,,,Direct signal candidate enumeration: 1,TREE:1,NO-ROWS,"Primary review: lighting, compatibility, update, or balance patch records are not authoritative devotional sources; defining content records are reviewed separately.",,REJECTED
4bbc19558a80354f,NQ091,NQ,Lighting - Lux and Lux Patches,Lux Orbis - Patch Hub - rerun,Lux Orbis - COTN Falkreath patch.esp,D:\Wabbajack\modlists\ARR 2.5\mods\Lux Orbis - Patch Hub - rerun\Lux Orbis - COTN Falkreath patch.esp,SIGNAL:000D3B:Lux Orbis - COTN Falkreath patch.esp,SIGNAL,read,Tree,000D3B:Lux Orbis - COTN Falkreath patch.esp,TreeWRTemple01_OLD,,,,Direct selected-signature raw-file enumeration.,TREE:1,NO-ROWS,"Primary review: lighting, compatibility, update, or balance patch records are not authoritative devotional sources; defining content records are reviewed separately.",,REJECTED
d8ebfb2105d32a13,NQ091,NQ,Lighting - Lux and Lux Patches,Lux Orbis - Patch Hub - rerun,Lux Orbis - Morskom Estate patch.esp,D:\Wabbajack\modlists\ARR 2.5\mods\Lux Orbis - Patch Hub - rerun\Lux Orbis - Morskom Estate patch.esp,PLUGIN,PLUGIN-SUMMARY,read,,,,,,,Direct signal candidate enumeration: 3,ACTI:3,NO-ROWS,"Primary review: lighting, compatibility, update, or balance patch records are not authoritative devotional sources; defining content records are reviewed separately.",,REJECTED
d8ebfb2105d32a13,NQ091,NQ,Lighting - Lux and Lux Patches,Lux Orbis - Patch Hub - rerun,Lux Orbis - Morskom Estate patch.esp,D:\Wabbajack\modlists\ARR 2.5\mods\Lux Orbis - Patch Hub - rerun\Lux Orbis - Morskom Estate patch.esp,SIGNAL:0C733D:Morskom.esp,SIGNAL,read,Activator,0C733D:Morskom.esp,MELanternBurning,,,,Direct selected-signature raw-file enumeration.,ACTI:3,NO-ROWS,"Primary review: lighting, compatibility, update, or balance patch records are not authoritative devotional sources; defining content records are reviewed separately.",,REJECTED
d8ebfb2105d32a13,NQ091,NQ,Lighting - Lux and Lux Patches,Lux Orbis - Patch Hub - rerun,Lux Orbis - Morskom Estate patch.esp,D:\Wabbajack\modlists\ARR 2.5\mods\Lux Orbis - Patch Hub - rerun\Lux Orbis - Morskom Estate patch.esp,SIGNAL:0C733E:Morskom.esp,SIGNAL,read,Activator,0C733E:Morskom.esp,MELanternOut,,,,Direct selected-signature raw-file enumeration.,ACTI:3,NO-ROWS,"Primary review: lighting, compatibility, update, or balance patch records are not authoritative devotional sources; defining content records are reviewed separately.",,REJECTED
d8ebfb2105d32a13,NQ091,NQ,Lighting - Lux and Lux Patches,Lux Orbis - Patch Hub - rerun,Lux Orbis - Morskom Estate patch.esp,D:\Wabbajack\modlists\ARR 2.5\mods\Lux Orbis - Patch Hub - rerun\Lux Orbis - Morskom Estate patch.esp,SIGNAL:4766C2:Morskom.esp,SIGNAL,read,Activator,4766C2:Morskom.esp,MESconceBurning,,,,Direct selected-signature raw-file enumeration.,ACTI:3,NO-ROWS,"Primary review: lighting, compatibility, update, or balance patch records are not authoritative devotional sources; defining content records are reviewed separately.",,REJECTED
8ba077afaf9430f5,NQ091,NQ,Modded Armors - SPIDified,Helga - SE by Xtudo - LOTD Millie SPID replacer,_Fuse00_ArmorHelga - LOTD Millie SPID patch by Xtudo.esp,D:\Wabbajack\modlists\ARR 2.5\mods\Helga - SE by Xtudo - LOTD Millie SPID replacer\_Fuse00_ArmorHelga - LOTD Millie SPID patch by Xtudo.esp,PLUGIN,PLUGIN-SUMMARY,read,,,,,,,Direct signal candidate enumeration: 4,ARMO:4,NO-ROWS,"Primary review: cosmetic armor, visual resource, ingredient replacer, outfit distribution, or miscellaneous support records do not encode a distinct player devotional act.",,REJECTED
8ba077afaf9430f5,NQ091,NQ,Modded Armors - SPIDified,Helga - SE by Xtudo - LOTD Millie SPID replacer,_Fuse00_ArmorHelga - LOTD Millie SPID patch by Xtudo.esp,D:\Wabbajack\modlists\ARR 2.5\mods\Helga - SE by Xtudo - LOTD Millie SPID replacer\_Fuse00_ArmorHelga - LOTD Millie SPID patch by Xtudo.esp,SIGNAL:000804:_Fuse00_ArmorHelga - LOTD Millie SPID patch by Xtudo.esp,SIGNAL,read,Armor,000804:_Fuse00_ArmorHelga - LOTD Millie SPID patch by Xtudo.esp,_Fuse00_ChokerOutfitHelgaUnenchanted,,,,Direct selected-signature raw-file enumeration.,ARMO:4,NO-ROWS,"Primary review: cosmetic armor, visual resource, ingredient replacer, outfit distribution, or miscellaneous support records do not encode a distinct player devotional act.",,REJECTED
8ba077afaf9430f5,NQ091,NQ,Modded Armors - SPIDified,Helga - SE by Xtudo - LOTD Millie SPID replacer,_Fuse00_ArmorHelga - LOTD Millie SPID patch by Xtudo.esp,D:\Wabbajack\modlists\ARR 2.5\mods\Helga - SE by Xtudo - LOTD Millie SPID replacer\_Fuse00_ArmorHelga - LOTD Millie SPID patch by Xtudo.esp,SIGNAL:000805:_Fuse00_ArmorHelga - LOTD Millie SPID patch by Xtudo.esp,SIGNAL,read,Armor,000805:_Fuse00_ArmorHelga - LOTD Millie SPID patch by Xtudo.esp,_Fuse00_ArmorOutfitHelgaClothing,,,,Direct selected-signature raw-file enumeration.,ARMO:4,NO-ROWS,"Primary review: cosmetic armor, visual resource, ingredient replacer, outfit distribution, or miscellaneous support records do not encode a distinct player devotional act.",,REJECTED
8ba077afaf9430f5,NQ091,NQ,Modded Armors - SPIDified,Helga - SE by Xtudo - LOTD Millie SPID replacer,_Fuse00_ArmorHelga - LOTD Millie SPID patch by Xtudo.esp,D:\Wabbajack\modlists\ARR 2.5\mods\Helga - SE by Xtudo - LOTD Millie SPID replacer\_Fuse00_ArmorHelga - LOTD Millie SPID patch by Xtudo.esp,SIGNAL:000806:_Fuse00_ArmorHelga - LOTD Millie SPID patch by Xtudo.esp,SIGNAL,read,Armor,000806:_Fuse00_ArmorHelga - LOTD Millie SPID patch by Xtudo.esp,_Fuse00_ArmsOutfitHelgaClothing,,,,Direct selected-signature raw-file enumeration.,ARMO:4,NO-ROWS,"Primary review: cosmetic armor, visual resource, ingredient replacer, outfit distribution, or miscellaneous support records do not encode a distinct player devotional act.",,REJECTED
8ba077afaf9430f5,NQ091,NQ,Modded Armors - SPIDified,Helga - SE by Xtudo - LOTD Millie SPID replacer,_Fuse00_ArmorHelga - LOTD Millie SPID patch by Xtudo.esp,D:\Wabbajack\modlists\ARR 2.5\mods\Helga - SE by Xtudo - LOTD Millie SPID replacer\_Fuse00_ArmorHelga - LOTD Millie SPID patch by Xtudo.esp,SIGNAL:000807:_Fuse00_ArmorHelga - LOTD Millie SPID patch by Xtudo.esp,SIGNAL,read,Armor,000807:_Fuse00_ArmorHelga - LOTD Millie SPID patch by Xtudo.esp,_Fuse00_BootsOutfitHelgaClothing,,,,Direct selected-signature raw-file enumeration.,ARMO:4,NO-ROWS,"Primary review: cosmetic armor, visual resource, ingredient replacer, outfit distribution, or miscellaneous support records do not encode a distinct player devotional act.",,REJECTED
f43d7f7cbe927ddd,NQ091,NQ,Modded Armors - SPIDified,Helga - SE by Xtudo - Ysolda Outfit SPID replacer,_Fuse00_ArmorHelga - Ysolda SPID patch by Xtudo.esp,D:\Wabbajack\modlists\ARR 2.5\mods\Helga - SE by Xtudo - Ysolda Outfit SPID replacer\_Fuse00_ArmorHelga - Ysolda SPID patch by Xtudo.esp,PLUGIN,PLUGIN-SUMMARY,read,,,,,,,Direct signal candidate enumeration: 4,ARMO:4,NO-ROWS,"Primary review: cosmetic armor, visual resource, ingredient replacer, outfit distribution, or miscellaneous support records do not encode a distinct player devotional act.",,REJECTED
f43d7f7cbe927ddd,NQ091,NQ,Modded Armors - SPIDified,Helga - SE by Xtudo - Ysolda Outfit SPID replacer,_Fuse00_ArmorHelga - Ysolda SPID patch by Xtudo.esp,D:\Wabbajack\modlists\ARR 2.5\mods\Helga - SE by Xtudo - Ysolda Outfit SPID replacer\_Fuse00_ArmorHelga - Ysolda SPID patch by Xtudo.esp,SIGNAL:000804:_Fuse00_ArmorHelga - Ysolda SPID patch by Xtudo.esp,SIGNAL,read,Armor,000804:_Fuse00_ArmorHelga - Ysolda SPID patch by Xtudo.esp,_Fuse00_ChokerOutfitHelgaUnenchanted,,,,Direct selected-signature raw-file enumeration.,ARMO:4,NO-ROWS,"Primary review: cosmetic armor, visual resource, ingredient replacer, outfit distribution, or miscellaneous support records do not encode a distinct player devotional act.",,REJECTED
f43d7f7cbe927ddd,NQ091,NQ,Modded Armors - SPIDified,Helga - SE by Xtudo - Ysolda Outfit SPID replacer,_Fuse00_ArmorHelga - Ysolda SPID patch by Xtudo.esp,D:\Wabbajack\modlists\ARR 2.5\mods\Helga - SE by Xtudo - Ysolda Outfit SPID replacer\_Fuse00_ArmorHelga - Ysolda SPID patch by Xtudo.esp,SIGNAL:000806:_Fuse00_ArmorHelga - Ysolda SPID patch by Xtudo.esp,SIGNAL,read,Armor,000806:_Fuse00_ArmorHelga - Ysolda SPID patch by Xtudo.esp,_Fuse00_ArmorOutfitHelgaClothing,,,,Direct selected-signature raw-file enumeration.,ARMO:4,NO-ROWS,"Primary review: cosmetic armor, visual resource, ingredient replacer, outfit distribution, or miscellaneous support records do not encode a distinct player devotional act.",,REJECTED
f43d7f7cbe927ddd,NQ091,NQ,Modded Armors - SPIDified,Helga - SE by Xtudo - Ysolda Outfit SPID replacer,_Fuse00_ArmorHelga - Ysolda SPID patch by Xtudo.esp,D:\Wabbajack\modlists\ARR 2.5\mods\Helga - SE by Xtudo - Ysolda Outfit SPID replacer\_Fuse00_ArmorHelga - Ysolda SPID patch by Xtudo.esp,SIGNAL:000807:_Fuse00_ArmorHelga - Ysolda SPID patch by Xtudo.esp,SIGNAL,read,Armor,000807:_Fuse00_ArmorHelga - Ysolda SPID patch by Xtudo.esp,_Fuse00_ArmsOutfitHelgaClothing,,,,Direct selected-signature raw-file enumeration.,ARMO:4,NO-ROWS,"Primary review: cosmetic armor, visual resource, ingredient replacer, outfit distribution, or miscellaneous support records do not encode a distinct player devotional act.",,REJECTED
f43d7f7cbe927ddd,NQ091,NQ,Modded Armors - SPIDified,Helga - SE by Xtudo - Ysolda Outfit SPID replacer,_Fuse00_ArmorHelga - Ysolda SPID patch by Xtudo.esp,D:\Wabbajack\modlists\ARR 2.5\mods\Helga - SE by Xtudo - Ysolda Outfit SPID replacer\_Fuse00_ArmorHelga - Ysolda SPID patch by Xtudo.esp,SIGNAL:000808:_Fuse00_ArmorHelga - Ysolda SPID patch by Xtudo.esp,SIGNAL,read,Armor,000808:_Fuse00_ArmorHelga - Ysolda SPID patch by Xtudo.esp,_Fuse00_BootsOutfitHelgaClothing,,,,Direct selected-signature raw-file enumeration.,ARMO:4,NO-ROWS,"Primary review: cosmetic armor, visual resource, ingredient replacer, outfit distribution, or miscellaneous support records do not encode a distinct player devotional act.",,REJECTED
