input_id,batch_id,wave,separator,mod,plugin,plugin_path,evidence_id,evidence_kind,reader_status,record_signature,formid,editor_id,name,quest_expansion_classification,stage_numbers,evidence,signal_counts,proposed_triage,proposed_reason,notes,primary_review_status
3b7f73a0c064d288,NQ105,NQ,Visuals - Landscape,Seasonal Landscapes,Seasonal Landscapes.esp,D:\Wabbajack\modlists\ARR 2.5\mods\Seasonal Landscapes\Seasonal Landscapes.esp,PLUGIN,PLUGIN-SUMMARY,read,,,,,,,Direct selected-signature reads.,TREE:183,NO-ROWS,"Primary review: visual, environmental, compatibility, or replacer records are not authoritative new devotional actions; existing canonical source records remain authoritative.",Direct signal candidate enumeration: 183,REJECTED
3b7f73a0c064d288,NQ105,NQ,Visuals - Landscape,Seasonal Landscapes,Seasonal Landscapes.esp,D:\Wabbajack\modlists\ARR 2.5\mods\Seasonal Landscapes\Seasonal Landscapes.esp,3b7f73a0c064d288|0009D1:Seasonal Landscapes.esp,SIGNAL,read,TREE,0009D1:Seasonal Landscapes.esp,TreeFloraHangingMoss03AUT,,,,Direct selected-signature candidate.,,NO-ROWS,"Primary review: visual, environmental, compatibility, or replacer records are not authoritative new devotional actions; existing canonical source records remain authoritative.",,REJECTED
3b7f73a0c064d288,NQ105,NQ,Visuals - Landscape,Seasonal Landscapes,Seasonal Landscapes.esp,D:\Wabbajack\modlists\ARR 2.5\mods\Seasonal Landscapes\Seasonal Landscapes.esp,3b7f73a0c064d288|000815:Seasonal Landscapes.esp,SIGNAL,read,TREE,000815:Seasonal Landscapes.esp,TreeThicket01SUM,,,,Direct selected-signature candidate.,,NO-ROWS,"Primary review: visual, environmental, compatibility, or replacer records are not authoritative new devotional actions; existing canonical source records remain authoritative.",,REJECTED
3b7f73a0c064d288,NQ105,NQ,Visuals - Landscape,Seasonal Landscapes,Seasonal Landscapes.esp,D:\Wabbajack\modlists\ARR 2.5\mods\Seasonal Landscapes\Seasonal Landscapes.esp,3b7f73a0c064d288|000817:Seasonal Landscapes.esp,SIGNAL,read,TREE,000817:Seasonal Landscapes.esp,TreeSwordFern01AUT,,,,Direct selected-signature candidate.,,NO-ROWS,"Primary review: visual, environmental, compatibility, or replacer records are not authoritative new devotional actions; existing canonical source records remain authoritative.",,REJECTED
3b7f73a0c064d288,NQ105,NQ,Visuals - Landscape,Seasonal Landscapes,Seasonal Landscapes.esp,D:\Wabbajack\modlists\ARR 2.5\mods\Seasonal Landscapes\Seasonal Landscapes.esp,3b7f73a0c064d288|000818:Seasonal Landscapes.esp,SIGNAL,read,TREE,000818:Seasonal Landscapes.esp,TreeSwordFern02AUT,,,,Direct selected-signature candidate.,,NO-ROWS,"Primary review: visual, environmental, compatibility, or replacer records are not authoritative new devotional actions; existing canonical source records remain authoritative.",,REJECTED
3b7f73a0c064d288,NQ105,NQ,Visuals - Landscape,Seasonal Landscapes,Seasonal Landscapes.esp,D:\Wabbajack\modlists\ARR 2.5\mods\Seasonal Landscapes\Seasonal Landscapes.esp,3b7f73a0c064d288|000819:Seasonal Landscapes.esp,SIGNAL,read,TREE,000819:Seasonal Landscapes.esp,TreeSwordFern03AUT,,,,Direct selected-signature candidate.,,NO-ROWS,"Primary review: visual, environmental, compatibility, or replacer records are not authoritative new devotional actions; existing canonical source records remain authoritative.",,REJECTED
3b7f73a0c064d288,NQ105,NQ,Visuals - Landscape,Seasonal Landscapes,Seasonal Landscapes.esp,D:\Wabbajack\modlists\ARR 2.5\mods\Seasonal Landscapes\Seasonal Landscapes.esp,3b7f73a0c064d288|00081A:Seasonal Landscapes.esp,SIGNAL,read,TREE,00081A:Seasonal Landscapes.esp,TreeSwordFern04AUT,,,,Direct selected-signature candidate.,,NO-ROWS,"Primary review: visual, environmental, compatibility, or replacer records are not authoritative new devotional actions; existing canonical source records remain authoritative.",,REJECTED
3b7f73a0c064d288,NQ105,NQ,Visuals - Landscape,Seasonal Landscapes,Seasonal Landscapes.esp,D:\Wabbajack\modlists\ARR 2.5\mods\Seasonal Landscapes\Seasonal Landscapes.esp,3b7f73a0c064d288|00081B:Seasonal Landscapes.esp,SIGNAL,read,TREE,00081B:Seasonal Landscapes.esp,TreeSwordFern05AUT,,,,Direct selected-signature candidate.,,NO-ROWS,"Primary review: visual, environmental, compatibility, or replacer records are not authoritative new devotional actions; existing canonical source records remain authoritative.",,REJECTED
3b7f73a0c064d288,NQ105,NQ,Visuals - Landscape,Seasonal Landscapes,Seasonal Landscapes.esp,D:\Wabbajack\modlists\ARR 2.5\mods\Seasonal Landscapes\Seasonal Landscapes.esp,3b7f73a0c064d288|00081C:Seasonal Landscapes.esp,SIGNAL,read,TREE,00081C:Seasonal Landscapes.esp,TreeSwordFern06AUT,,,,Direct selected-signature candidate.,,NO-ROWS,"Primary review: visual, environmental, compatibility, or replacer records are not authoritative new devotional actions; existing canonical source records remain authoritative.",,REJECTED
3b7f73a0c064d288,NQ105,NQ,Visuals - Landscape,Seasonal Landscapes,Seasonal Landscapes.esp,D:\Wabbajack\modlists\ARR 2.5\mods\Seasonal Landscapes\Seasonal Landscapes.esp,3b7f73a0c064d288|00081D:Seasonal Landscapes.esp,SIGNAL,read,TREE,00081D:Seasonal Landscapes.esp,TreeSwordFernCluster01AUT,,,,Direct selected-signature candidate.,,NO-ROWS,"Primary review: visual, environmental, compatibility, or replacer records are not authoritative new devotional actions; existing canonical source records remain authoritative.",,REJECTED
3b7f73a0c064d288,NQ105,NQ,Visuals - Landscape,Seasonal Landscapes,Seasonal Landscapes.esp,D:\Wabbajack\modlists\ARR 2.5\mods\Seasonal Landscapes\Seasonal Landscapes.esp,3b7f73a0c064d288|00081E:Seasonal Landscapes.esp,SIGNAL,read,TREE,00081E:Seasonal Landscapes.esp,TreeSwordFernCluster02AUT,,,,Direct selected-signature candidate.,,NO-ROWS,"Primary review: visual, environmental, compatibility, or replacer records are not authoritative new devotional actions; existing canonical source records remain authoritative.",,REJECTED
3b7f73a0c064d288,NQ105,NQ,Visuals - Landscape,Seasonal Landscapes,Seasonal Landscapes.esp,D:\Wabbajack\modlists\ARR 2.5\mods\Seasonal Landscapes\Seasonal Landscapes.esp,3b7f73a0c064d288|00081F:Seasonal Landscapes.esp,SIGNAL,read,TREE,00081F:Seasonal Landscapes.esp,TreeSwordFernCluster03AUT,,,,Direct selected-signature candidate.,,NO-ROWS,"Primary review: visual, environmental, compatibility, or replacer records are not authoritative new devotional actions; existing canonical source records remain authoritative.",,REJECTED
3b7f73a0c064d288,NQ105,NQ,Visuals - Landscape,Seasonal Landscapes,Seasonal Landscapes.esp,D:\Wabbajack\modlists\ARR 2.5\mods\Seasonal Landscapes\Seasonal Landscapes.esp,3b7f73a0c064d288|000820:Seasonal Landscapes.esp,SIGNAL,read,TREE,000820:Seasonal Landscapes.esp,TreeSwordFernCluster04AUT,,,,Direct selected-signature candidate.,,NO-ROWS,"Primary review: visual, environmental, compatibility, or replacer records are not authoritative new devotional actions; existing canonical source records remain authoritative.",,REJECTED
3b7f73a0c064d288,NQ105,NQ,Visuals - Landscape,Seasonal Landscapes,Seasonal Landscapes.esp,D:\Wabbajack\modlists\ARR 2.5\mods\Seasonal Landscapes\Seasonal Landscapes.esp,3b7f73a0c064d288|000821:Seasonal Landscapes.esp,SIGNAL,read,TREE,000821:Seasonal Landscapes.esp,TreeSwordFernCluster05AUT,,,,Direct selected-signature candidate.,,NO-ROWS,"Primary review: visual, environmental, compatibility, or replacer records are not authoritative new devotional actions; existing canonical source records remain authoritative.",,REJECTED
3b7f73a0c064d288,NQ105,NQ,Visuals - Landscape,Seasonal Landscapes,Seasonal Landscapes.esp,D:\Wabbajack\modlists\ARR 2.5\mods\Seasonal Landscapes\Seasonal Landscapes.esp,3b7f73a0c064d288|000822:Seasonal Landscapes.esp,SIGNAL,read,TREE,000822:Seasonal Landscapes.esp,TreeSwordFernCluster06AUT,,,,Direct selected-signature candidate.,,NO-ROWS,"Primary review: visual, environmental, compatibility, or replacer records are not authoritative new devotional actions; existing canonical source records remain authoritative.",,REJECTED
3b7f73a0c064d288,NQ105,NQ,Visuals - Landscape,Seasonal Landscapes,Seasonal Landscapes.esp,D:\Wabbajack\modlists\ARR 2.5\mods\Seasonal Landscapes\Seasonal Landscapes.esp,3b7f73a0c064d288|000825:Seasonal Landscapes.esp,SIGNAL,read,TREE,000825:Seasonal Landscapes.esp,TreeClover01AUT,,,,Direct selected-signature candidate.,,NO-ROWS,"Primary review: visual, environmental, compatibility, or replacer records are not authoritative new devotional actions; existing canonical source records remain authoritative.",,REJECTED
3b7f73a0c064d288,NQ105,NQ,Visuals - Landscape,Seasonal Landscapes,Seasonal Landscapes.esp,D:\Wabbajack\modlists\ARR 2.5\mods\Seasonal Landscapes\Seasonal Landscapes.esp,3b7f73a0c064d288|000826:Seasonal Landscapes.esp,SIGNAL,read,TREE,000826:Seasonal Landscapes.esp,TreeDeadShrubSUM,,,,Direct selected-signature candidate.,,NO-ROWS,"Primary review: visual, environmental, compatibility, or replacer records are not authoritative new devotional actions; existing canonical source records remain authoritative.",,REJECTED
3b7f73a0c064d288,NQ105,NQ,Visuals - Landscape,Seasonal Landscapes,Seasonal Landscapes.esp,D:\Wabbajack\modlists\ARR 2.5\mods\Seasonal Landscapes\Seasonal Landscapes.esp,3b7f73a0c064d288|000827:Seasonal Landscapes.esp,SIGNAL,read,TREE,000827:Seasonal Landscapes.esp,TreeVineMaple01AUT,,,,Direct selected-signature candidate.,,NO-ROWS,"Primary review: visual, environmental, compatibility, or replacer records are not authoritative new devotional actions; existing canonical source records remain authoritative.",,REJECTED
3b7f73a0c064d288,NQ105,NQ,Visuals - Landscape,Seasonal Landscapes,Seasonal Landscapes.esp,D:\Wabbajack\modlists\ARR 2.5\mods\Seasonal Landscapes\Seasonal Landscapes.esp,3b7f73a0c064d288|00083C:Seasonal Landscapes.esp,SIGNAL,read,TREE,00083C:Seasonal Landscapes.esp,TreeClover01WIN,,,,Direct selected-signature candidate.,,NO-ROWS,"Primary review: visual, environmental, compatibility, or replacer records are not authoritative new devotional actions; existing canonical source records remain authoritative.",,REJECTED
3b7f73a0c064d288,NQ105,NQ,Visuals - Landscape,Seasonal Landscapes,Seasonal Landscapes.esp,D:\Wabbajack\modlists\ARR 2.5\mods\Seasonal Landscapes\Seasonal Landscapes.esp,3b7f73a0c064d288|00083D:Seasonal Landscapes.esp,SIGNAL,read,TREE,00083D:Seasonal Landscapes.esp,TreeSwordFern01WIN,,,,Direct selected-signature candidate.,,NO-ROWS,"Primary review: visual, environmental, compatibility, or replacer records are not authoritative new devotional actions; existing canonical source records remain authoritative.",,REJECTED
3b7f73a0c064d288,NQ105,NQ,Visuals - Landscape,Seasonal Landscapes,Seasonal Landscapes.esp,D:\Wabbajack\modlists\ARR 2.5\mods\Seasonal Landscapes\Seasonal Landscapes.esp,3b7f73a0c064d288|00083E:Seasonal Landscapes.esp,SIGNAL,read,TREE,00083E:Seasonal Landscapes.esp,TreeSwordFern02WIN,,,,Direct selected-signature candidate.,,NO-ROWS,"Primary review: visual, environmental, compatibility, or replacer records are not authoritative new devotional actions; existing canonical source records remain authoritative.",,REJECTED
3b7f73a0c064d288,NQ105,NQ,Visuals - Landscape,Seasonal Landscapes,Seasonal Landscapes.esp,D:\Wabbajack\modlists\ARR 2.5\mods\Seasonal Landscapes\Seasonal Landscapes.esp,3b7f73a0c064d288|00083F:Seasonal Landscapes.esp,SIGNAL,read,TREE,00083F:Seasonal Landscapes.esp,TreeSwordFern03WIN,,,,Direct selected-signature candidate.,,NO-ROWS,"Primary review: visual, environmental, compatibility, or replacer records are not authoritative new devotional actions; existing canonical source records remain authoritative.",,REJECTED
3b7f73a0c064d288,NQ105,NQ,Visuals - Landscape,Seasonal Landscapes,Seasonal Landscapes.esp,D:\Wabbajack\modlists\ARR 2.5\mods\Seasonal Landscapes\Seasonal Landscapes.esp,3b7f73a0c064d288|000840:Seasonal Landscapes.esp,SIGNAL,read,TREE,000840:Seasonal Landscapes.esp,TreeSwordFern04WIN,,,,Direct selected-signature candidate.,,NO-ROWS,"Primary review: visual, environmental, compatibility, or replacer records are not authoritative new devotional actions; existing canonical source records remain authoritative.",,REJECTED
3b7f73a0c064d288,NQ105,NQ,Visuals - Landscape,Seasonal Landscapes,Seasonal Landscapes.esp,D:\Wabbajack\modlists\ARR 2.5\mods\Seasonal Landscapes\Seasonal Landscapes.esp,3b7f73a0c064d288|000841:Seasonal Landscapes.esp,SIGNAL,read,TREE,000841:Seasonal Landscapes.esp,TreeSwordFern05WIN,,,,Direct selected-signature candidate.,,NO-ROWS,"Primary review: visual, environmental, compatibility, or replacer records are not authoritative new devotional actions; existing canonical source records remain authoritative.",,REJECTED
3b7f73a0c064d288,NQ105,NQ,Visuals - Landscape,Seasonal Landscapes,Seasonal Landscapes.esp,D:\Wabbajack\modlists\ARR 2.5\mods\Seasonal Landscapes\Seasonal Landscapes.esp,3b7f73a0c064d288|000842:Seasonal Landscapes.esp,SIGNAL,read,TREE,000842:Seasonal Landscapes.esp,TreeSwordFern06WIN,,,,Direct selected-signature candidate.,,NO-ROWS,"Primary review: visual, environmental, compatibility, or replacer records are not authoritative new devotional actions; existing canonical source records remain authoritative.",,REJECTED
3b7f73a0c064d288,NQ105,NQ,Visuals - Landscape,Seasonal Landscapes,Seasonal Landscapes.esp,D:\Wabbajack\modlists\ARR 2.5\mods\Seasonal Landscapes\Seasonal Landscapes.esp,3b7f73a0c064d288|000843:Seasonal Landscapes.esp,SIGNAL,read,TREE,000843:Seasonal Landscapes.esp,TreeSwordFernCluster01WIN,,,,Direct selected-signature candidate.,,NO-ROWS,"Primary review: visual, environmental, compatibility, or replacer records are not authoritative new devotional actions; existing canonical source records remain authoritative.",,REJECTED
3b7f73a0c064d288,NQ105,NQ,Visuals - Landscape,Seasonal Landscapes,Seasonal Landscapes.esp,D:\Wabbajack\modlists\ARR 2.5\mods\Seasonal Landscapes\Seasonal Landscapes.esp,3b7f73a0c064d288|000844:Seasonal Landscapes.esp,SIGNAL,read,TREE,000844:Seasonal Landscapes.esp,TreeSwordFernCluster02WIN,,,,Direct selected-signature candidate.,,NO-ROWS,"Primary review: visual, environmental, compatibility, or replacer records are not authoritative new devotional actions; existing canonical source records remain authoritative.",,REJECTED
3b7f73a0c064d288,NQ105,NQ,Visuals - Landscape,Seasonal Landscapes,Seasonal Landscapes.esp,D:\Wabbajack\modlists\ARR 2.5\mods\Seasonal Landscapes\Seasonal Landscapes.esp,3b7f73a0c064d288|000845:Seasonal Landscapes.esp,SIGNAL,read,TREE,000845:Seasonal Landscapes.esp,TreeSwordFernCluster03WIN,,,,Direct selected-signature candidate.,,NO-ROWS,"Primary review: visual, environmental, compatibility, or replacer records are not authoritative new devotional actions; existing canonical source records remain authoritative.",,REJECTED
3b7f73a0c064d288,NQ105,NQ,Visuals - Landscape,Seasonal Landscapes,Seasonal Landscapes.esp,D:\Wabbajack\modlists\ARR 2.5\mods\Seasonal Landscapes\Seasonal Landscapes.esp,3b7f73a0c064d288|000846:Seasonal Landscapes.esp,SIGNAL,read,TREE,000846:Seasonal Landscapes.esp,TreeSwordFernCluster04WIN,,,,Direct selected-signature candidate.,,NO-ROWS,"Primary review: visual, environmental, compatibility, or replacer records are not authoritative new devotional actions; existing canonical source records remain authoritative.",,REJECTED
3b7f73a0c064d288,NQ105,NQ,Visuals - Landscape,Seasonal Landscapes,Seasonal Landscapes.esp,D:\Wabbajack\modlists\ARR 2.5\mods\Seasonal Landscapes\Seasonal Landscapes.esp,3b7f73a0c064d288|000847:Seasonal Landscapes.esp,SIGNAL,read,TREE,000847:Seasonal Landscapes.esp,TreeSwordFernCluster05WIN,,,,Direct selected-signature candidate.,,NO-ROWS,"Primary review: visual, environmental, compatibility, or replacer records are not authoritative new devotional actions; existing canonical source records remain authoritative.",,REJECTED
3b7f73a0c064d288,NQ105,NQ,Visuals - Landscape,Seasonal Landscapes,Seasonal Landscapes.esp,D:\Wabbajack\modlists\ARR 2.5\mods\Seasonal Landscapes\Seasonal Landscapes.esp,3b7f73a0c064d288|000848:Seasonal Landscapes.esp,SIGNAL,read,TREE,000848:Seasonal Landscapes.esp,TreeSwordFernCluster06WIN,,,,Direct selected-signature candidate.,,NO-ROWS,"Primary review: visual, environmental, compatibility, or replacer records are not authoritative new devotional actions; existing canonical source records remain authoritative.",,REJECTED
3b7f73a0c064d288,NQ105,NQ,Visuals - Landscape,Seasonal Landscapes,Seasonal Landscapes.esp,D:\Wabbajack\modlists\ARR 2.5\mods\Seasonal Landscapes\Seasonal Landscapes.esp,3b7f73a0c064d288|000849:Seasonal Landscapes.esp,SIGNAL,read,TREE,000849:Seasonal Landscapes.esp,TreeFloraCabbage01WIN,,,,Direct selected-signature candidate.,,NO-ROWS,"Primary review: visual, environmental, compatibility, or replacer records are not authoritative new devotional actions; existing canonical source records remain authoritative.",,REJECTED
3b7f73a0c064d288,NQ105,NQ,Visuals - Landscape,Seasonal Landscapes,Seasonal Landscapes.esp,D:\Wabbajack\modlists\ARR 2.5\mods\Seasonal Landscapes\Seasonal Landscapes.esp,3b7f73a0c064d288|00084A:Seasonal Landscapes.esp,SIGNAL,read,TREE,00084A:Seasonal Landscapes.esp,TreeFloraLeek01WIN,,,,Direct selected-signature candidate.,,NO-ROWS,"Primary review: visual, environmental, compatibility, or replacer records are not authoritative new devotional actions; existing canonical source records remain authoritative.",,REJECTED
3b7f73a0c064d288,NQ105,NQ,Visuals - Landscape,Seasonal Landscapes,Seasonal Landscapes.esp,D:\Wabbajack\modlists\ARR 2.5\mods\Seasonal Landscapes\Seasonal Landscapes.esp,3b7f73a0c064d288|00084B:Seasonal Landscapes.esp,SIGNAL,read,TREE,00084B:Seasonal Landscapes.esp,TreeFloraPotatoPlant01WIN,,,,Direct selected-signature candidate.,,NO-ROWS,"Primary review: visual, environmental, compatibility, or replacer records are not authoritative new devotional actions; existing canonical source records remain authoritative.",,REJECTED
3b7f73a0c064d288,NQ105,NQ,Visuals - Landscape,Seasonal Landscapes,Seasonal Landscapes.esp,D:\Wabbajack\modlists\ARR 2.5\mods\Seasonal Landscapes\Seasonal Landscapes.esp,3b7f73a0c064d288|00084C:Seasonal Landscapes.esp,SIGNAL,read,TREE,00084C:Seasonal Landscapes.esp,TreeFloraThistle01WIN,,,,Direct selected-signature candidate.,,NO-ROWS,"Primary review: visual, environmental, compatibility, or replacer records are not authoritative new devotional actions; existing canonical source records remain authoritative.",,REJECTED
3b7f73a0c064d288,NQ105,NQ,Visuals - Landscape,Seasonal Landscapes,Seasonal Landscapes.esp,D:\Wabbajack\modlists\ARR 2.5\mods\Seasonal Landscapes\Seasonal Landscapes.esp,3b7f73a0c064d288|00084D:Seasonal Landscapes.esp,SIGNAL,read,TREE,00084D:Seasonal Landscapes.esp,TreeFloraMountainFlower01BlueWIN,,,,Direct selected-signature candidate.,,NO-ROWS,"Primary review: visual, environmental, compatibility, or replacer records are not authoritative new devotional actions; existing canonical source records remain authoritative.",,REJECTED
3b7f73a0c064d288,NQ105,NQ,Visuals - Landscape,Seasonal Landscapes,Seasonal Landscapes.esp,D:\Wabbajack\modlists\ARR 2.5\mods\Seasonal Landscapes\Seasonal Landscapes.esp,3b7f73a0c064d288|00084E:Seasonal Landscapes.esp,SIGNAL,read,TREE,00084E:Seasonal Landscapes.esp,TreeFloraMountainFlower01PurpleWIN,,,,Direct selected-signature candidate.,,NO-ROWS,"Primary review: visual, environmental, compatibility, or replacer records are not authoritative new devotional actions; existing canonical source records remain authoritative.",,REJECTED
3b7f73a0c064d288,NQ105,NQ,Visuals - Landscape,Seasonal Landscapes,Seasonal Landscapes.esp,D:\Wabbajack\modlists\ARR 2.5\mods\Seasonal Landscapes\Seasonal Landscapes.esp,3b7f73a0c064d288|00084F:Seasonal Landscapes.esp,SIGNAL,read,TREE,00084F:Seasonal Landscapes.esp,TreeFloraMountainFlower01RedWIN,,,,Direct selected-signature candidate.,,NO-ROWS,"Primary review: visual, environmental, compatibility, or replacer records are not authoritative new devotional actions; existing canonical source records remain authoritative.",,REJECTED
3b7f73a0c064d288,NQ105,NQ,Visuals - Landscape,Seasonal Landscapes,Seasonal Landscapes.esp,D:\Wabbajack\modlists\ARR 2.5\mods\Seasonal Landscapes\Seasonal Landscapes.esp,3b7f73a0c064d288|000850:Seasonal Landscapes.esp,SIGNAL,read,TREE,000850:Seasonal Landscapes.esp,TreeFloraMountainFlower02BlueWIN,,,,Direct selected-signature candidate.,,NO-ROWS,"Primary review: visual, environmental, compatibility, or replacer records are not authoritative new devotional actions; existing canonical source records remain authoritative.",,REJECTED
3b7f73a0c064d288,NQ105,NQ,Visuals - Landscape,Seasonal Landscapes,Seasonal Landscapes.esp,D:\Wabbajack\modlists\ARR 2.5\mods\Seasonal Landscapes\Seasonal Landscapes.esp,3b7f73a0c064d288|000851:Seasonal Landscapes.esp,SIGNAL,read,TREE,000851:Seasonal Landscapes.esp,TreeFloraMountainFlower02PurpleWIN,,,,Direct selected-signature candidate.,,NO-ROWS,"Primary review: visual, environmental, compatibility, or replacer records are not authoritative new devotional actions; existing canonical source records remain authoritative.",,REJECTED
3b7f73a0c064d288,NQ105,NQ,Visuals - Landscape,Seasonal Landscapes,Seasonal Landscapes.esp,D:\Wabbajack\modlists\ARR 2.5\mods\Seasonal Landscapes\Seasonal Landscapes.esp,3b7f73a0c064d288|000852:Seasonal Landscapes.esp,SIGNAL,read,TREE,000852:Seasonal Landscapes.esp,TreeFloraMountainFlower02RedWIN,,,,Direct selected-signature candidate.,,NO-ROWS,"Primary review: visual, environmental, compatibility, or replacer records are not authoritative new devotional actions; existing canonical source records remain authoritative.",,REJECTED
3b7f73a0c064d288,NQ105,NQ,Visuals - Landscape,Seasonal Landscapes,Seasonal Landscapes.esp,D:\Wabbajack\modlists\ARR 2.5\mods\Seasonal Landscapes\Seasonal Landscapes.esp,3b7f73a0c064d288|000866:Seasonal Landscapes.esp,SIGNAL,read,TREE,000866:Seasonal Landscapes.esp,TreeTundraShrub01SUM,,,,Direct selected-signature candidate.,,NO-ROWS,"Primary review: visual, environmental, compatibility, or replacer records are not authoritative new devotional actions; existing canonical source records remain authoritative.",,REJECTED
3b7f73a0c064d288,NQ105,NQ,Visuals - Landscape,Seasonal Landscapes,Seasonal Landscapes.esp,D:\Wabbajack\modlists\ARR 2.5\mods\Seasonal Landscapes\Seasonal Landscapes.esp,3b7f73a0c064d288|000867:Seasonal Landscapes.esp,SIGNAL,read,TREE,000867:Seasonal Landscapes.esp,TreeTundraShrub02SUM,,,,Direct selected-signature candidate.,,NO-ROWS,"Primary review: visual, environmental, compatibility, or replacer records are not authoritative new devotional actions; existing canonical source records remain authoritative.",,REJECTED
3b7f73a0c064d288,NQ105,NQ,Visuals - Landscape,Seasonal Landscapes,Seasonal Landscapes.esp,D:\Wabbajack\modlists\ARR 2.5\mods\Seasonal Landscapes\Seasonal Landscapes.esp,3b7f73a0c064d288|000868:Seasonal Landscapes.esp,SIGNAL,read,TREE,000868:Seasonal Landscapes.esp,TreeTundraShrub03SUM,,,,Direct selected-signature candidate.,,NO-ROWS,"Primary review: visual, environmental, compatibility, or replacer records are not authoritative new devotional actions; existing canonical source records remain authoritative.",,REJECTED
3b7f73a0c064d288,NQ105,NQ,Visuals - Landscape,Seasonal Landscapes,Seasonal Landscapes.esp,D:\Wabbajack\modlists\ARR 2.5\mods\Seasonal Landscapes\Seasonal Landscapes.esp,3b7f73a0c064d288|000869:Seasonal Landscapes.esp,SIGNAL,read,TREE,000869:Seasonal Landscapes.esp,TreeTundraShrub04SUM,,,,Direct selected-signature candidate.,,NO-ROWS,"Primary review: visual, environmental, compatibility, or replacer records are not authoritative new devotional actions; existing canonical source records remain authoritative.",,REJECTED
3b7f73a0c064d288,NQ105,NQ,Visuals - Landscape,Seasonal Landscapes,Seasonal Landscapes.esp,D:\Wabbajack\modlists\ARR 2.5\mods\Seasonal Landscapes\Seasonal Landscapes.esp,3b7f73a0c064d288|00086A:Seasonal Landscapes.esp,SIGNAL,read,TREE,00086A:Seasonal Landscapes.esp,TreeTundraShrub05SUM,,,,Direct selected-signature candidate.,,NO-ROWS,"Primary review: visual, environmental, compatibility, or replacer records are not authoritative new devotional actions; existing canonical source records remain authoritative.",,REJECTED
3b7f73a0c064d288,NQ105,NQ,Visuals - Landscape,Seasonal Landscapes,Seasonal Landscapes.esp,D:\Wabbajack\modlists\ARR 2.5\mods\Seasonal Landscapes\Seasonal Landscapes.esp,3b7f73a0c064d288|00086B:Seasonal Landscapes.esp,SIGNAL,read,TREE,00086B:Seasonal Landscapes.esp,TreeTundraShrub06SUM,,,,Direct selected-signature candidate.,,NO-ROWS,"Primary review: visual, environmental, compatibility, or replacer records are not authoritative new devotional actions; existing canonical source records remain authoritative.",,REJECTED
3b7f73a0c064d288,NQ105,NQ,Visuals - Landscape,Seasonal Landscapes,Seasonal Landscapes.esp,D:\Wabbajack\modlists\ARR 2.5\mods\Seasonal Landscapes\Seasonal Landscapes.esp,3b7f73a0c064d288|00086C:Seasonal Landscapes.esp,SIGNAL,read,TREE,00086C:Seasonal Landscapes.esp,TreeTundraShrub07SUM,,,,Direct selected-signature candidate.,,NO-ROWS,"Primary review: visual, environmental, compatibility, or replacer records are not authoritative new devotional actions; existing canonical source records remain authoritative.",,REJECTED
3b7f73a0c064d288,NQ105,NQ,Visuals - Landscape,Seasonal Landscapes,Seasonal Landscapes.esp,D:\Wabbajack\modlists\ARR 2.5\mods\Seasonal Landscapes\Seasonal Landscapes.esp,3b7f73a0c064d288|00086D:Seasonal Landscapes.esp,SIGNAL,read,TREE,00086D:Seasonal Landscapes.esp,TreeTundraShrub08SUM,,,,Direct selected-signature candidate.,,NO-ROWS,"Primary review: visual, environmental, compatibility, or replacer records are not authoritative new devotional actions; existing canonical source records remain authoritative.",,REJECTED
3b7f73a0c064d288,NQ105,NQ,Visuals - Landscape,Seasonal Landscapes,Seasonal Landscapes.esp,D:\Wabbajack\modlists\ARR 2.5\mods\Seasonal Landscapes\Seasonal Landscapes.esp,3b7f73a0c064d288|00086E:Seasonal Landscapes.esp,SIGNAL,read,TREE,00086E:Seasonal Landscapes.esp,TreeTundraShrub09SUM,,,,Direct selected-signature candidate.,,NO-ROWS,"Primary review: visual, environmental, compatibility, or replacer records are not authoritative new devotional actions; existing canonical source records remain authoritative.",,REJECTED
3b7f73a0c064d288,NQ105,NQ,Visuals - Landscape,Seasonal Landscapes,Seasonal Landscapes.esp,D:\Wabbajack\modlists\ARR 2.5\mods\Seasonal Landscapes\Seasonal Landscapes.esp,3b7f73a0c064d288|00086F:Seasonal Landscapes.esp,SIGNAL,read,TREE,00086F:Seasonal Landscapes.esp,TreeTundraShrub10SUM,,,,Direct selected-signature candidate.,,NO-ROWS,"Primary review: visual, environmental, compatibility, or replacer records are not authoritative new devotional actions; existing canonical source records remain authoritative.",,REJECTED
3b7f73a0c064d288,NQ105,NQ,Visuals - Landscape,Seasonal Landscapes,Seasonal Landscapes.esp,D:\Wabbajack\modlists\ARR 2.5\mods\Seasonal Landscapes\Seasonal Landscapes.esp,3b7f73a0c064d288|000870:Seasonal Landscapes.esp,SIGNAL,read,TREE,000870:Seasonal Landscapes.esp,TreeReachCliffTree01SUM,,,,Direct selected-signature candidate.,,NO-ROWS,"Primary review: visual, environmental, compatibility, or replacer records are not authoritative new devotional actions; existing canonical source records remain authoritative.",,REJECTED
3b7f73a0c064d288,NQ105,NQ,Visuals - Landscape,Seasonal Landscapes,Seasonal Landscapes.esp,D:\Wabbajack\modlists\ARR 2.5\mods\Seasonal Landscapes\Seasonal Landscapes.esp,3b7f73a0c064d288|000871:Seasonal Landscapes.esp,SIGNAL,read,TREE,000871:Seasonal Landscapes.esp,TreeReachCliffTree02SUM,,,,Direct selected-signature candidate.,,NO-ROWS,"Primary review: visual, environmental, compatibility, or replacer records are not authoritative new devotional actions; existing canonical source records remain authoritative.",,REJECTED
3b7f73a0c064d288,NQ105,NQ,Visuals - Landscape,Seasonal Landscapes,Seasonal Landscapes.esp,D:\Wabbajack\modlists\ARR 2.5\mods\Seasonal Landscapes\Seasonal Landscapes.esp,3b7f73a0c064d288|000872:Seasonal Landscapes.esp,SIGNAL,read,TREE,000872:Seasonal Landscapes.esp,TreeReachTree01SUM,,,,Direct selected-signature candidate.,,NO-ROWS,"Primary review: visual, environmental, compatibility, or replacer records are not authoritative new devotional actions; existing canonical source records remain authoritative.",,REJECTED
3b7f73a0c064d288,NQ105,NQ,Visuals - Landscape,Seasonal Landscapes,Seasonal Landscapes.esp,D:\Wabbajack\modlists\ARR 2.5\mods\Seasonal Landscapes\Seasonal Landscapes.esp,3b7f73a0c064d288|000873:Seasonal Landscapes.esp,SIGNAL,read,TREE,000873:Seasonal Landscapes.esp,TreeReachTree02SUM,,,,Direct selected-signature candidate.,,NO-ROWS,"Primary review: visual, environmental, compatibility, or replacer records are not authoritative new devotional actions; existing canonical source records remain authoritative.",,REJECTED
3b7f73a0c064d288,NQ105,NQ,Visuals - Landscape,Seasonal Landscapes,Seasonal Landscapes.esp,D:\Wabbajack\modlists\ARR 2.5\mods\Seasonal Landscapes\Seasonal Landscapes.esp,3b7f73a0c064d288|000874:Seasonal Landscapes.esp,SIGNAL,read,TREE,000874:Seasonal Landscapes.esp,TreeTundraDriftWoodTree01SUM,,,,Direct selected-signature candidate.,,NO-ROWS,"Primary review: visual, environmental, compatibility, or replacer records are not authoritative new devotional actions; existing canonical source records remain authoritative.",,REJECTED
3b7f73a0c064d288,NQ105,NQ,Visuals - Landscape,Seasonal Landscapes,Seasonal Landscapes.esp,D:\Wabbajack\modlists\ARR 2.5\mods\Seasonal Landscapes\Seasonal Landscapes.esp,3b7f73a0c064d288|00088D:Seasonal Landscapes.esp,SIGNAL,read,TREE,00088D:Seasonal Landscapes.esp,TreeYellowShrub01SUM,,,,Direct selected-signature candidate.,,NO-ROWS,"Primary review: visual, environmental, compatibility, or replacer records are not authoritative new devotional actions; existing canonical source records remain authoritative.",,REJECTED
3b7f73a0c064d288,NQ105,NQ,Visuals - Landscape,Seasonal Landscapes,Seasonal Landscapes.esp,D:\Wabbajack\modlists\ARR 2.5\mods\Seasonal Landscapes\Seasonal Landscapes.esp,3b7f73a0c064d288|00088E:Seasonal Landscapes.esp,SIGNAL,read,TREE,00088E:Seasonal Landscapes.esp,TreeYellowShrub02SUM,,,,Direct selected-signature candidate.,,NO-ROWS,"Primary review: visual, environmental, compatibility, or replacer records are not authoritative new devotional actions; existing canonical source records remain authoritative.",,REJECTED
3b7f73a0c064d288,NQ105,NQ,Visuals - Landscape,Seasonal Landscapes,Seasonal Landscapes.esp,D:\Wabbajack\modlists\ARR 2.5\mods\Seasonal Landscapes\Seasonal Landscapes.esp,3b7f73a0c064d288|00088F:Seasonal Landscapes.esp,SIGNAL,read,TREE,00088F:Seasonal Landscapes.esp,TreeYellowShrub03SUM,,,,Direct selected-signature candidate.,,NO-ROWS,"Primary review: visual, environmental, compatibility, or replacer records are not authoritative new devotional actions; existing canonical source records remain authoritative.",,REJECTED
3b7f73a0c064d288,NQ105,NQ,Visuals - Landscape,Seasonal Landscapes,Seasonal Landscapes.esp,D:\Wabbajack\modlists\ARR 2.5\mods\Seasonal Landscapes\Seasonal Landscapes.esp,3b7f73a0c064d288|000890:Seasonal Landscapes.esp,SIGNAL,read,TREE,000890:Seasonal Landscapes.esp,TreeFloraTundraCotton01SUM,,,,Direct selected-signature candidate.,,NO-ROWS,"Primary review: visual, environmental, compatibility, or replacer records are not authoritative new devotional actions; existing canonical source records remain authoritative.",,REJECTED
3b7f73a0c064d288,NQ105,NQ,Visuals - Landscape,Seasonal Landscapes,Seasonal Landscapes.esp,D:\Wabbajack\modlists\ARR 2.5\mods\Seasonal Landscapes\Seasonal Landscapes.esp,3b7f73a0c064d288|000891:Seasonal Landscapes.esp,SIGNAL,read,TREE,000891:Seasonal Landscapes.esp,TreeFloraLavender01SUM,,,,Direct selected-signature candidate.,,NO-ROWS,"Primary review: visual, environmental, compatibility, or replacer records are not authoritative new devotional actions; existing canonical source records remain authoritative.",,REJECTED
3b7f73a0c064d288,NQ105,NQ,Visuals - Landscape,Seasonal Landscapes,Seasonal Landscapes.esp,D:\Wabbajack\modlists\ARR 2.5\mods\Seasonal Landscapes\Seasonal Landscapes.esp,3b7f73a0c064d288|0008B4:Seasonal Landscapes.esp,SIGNAL,read,TREE,0008B4:Seasonal Landscapes.esp,TreeFloraMountainFlower01BlueAUT,,,,Direct selected-signature candidate.,,NO-ROWS,"Primary review: visual, environmental, compatibility, or replacer records are not authoritative new devotional actions; existing canonical source records remain authoritative.",,REJECTED
3b7f73a0c064d288,NQ105,NQ,Visuals - Landscape,Seasonal Landscapes,Seasonal Landscapes.esp,D:\Wabbajack\modlists\ARR 2.5\mods\Seasonal Landscapes\Seasonal Landscapes.esp,3b7f73a0c064d288|0008B5:Seasonal Landscapes.esp,SIGNAL,read,TREE,0008B5:Seasonal Landscapes.esp,TreeFloraMountainFlower01PurpleAUT,,,,Direct selected-signature candidate.,,NO-ROWS,"Primary review: visual, environmental, compatibility, or replacer records are not authoritative new devotional actions; existing canonical source records remain authoritative.",,REJECTED
3b7f73a0c064d288,NQ105,NQ,Visuals - Landscape,Seasonal Landscapes,Seasonal Landscapes.esp,D:\Wabbajack\modlists\ARR 2.5\mods\Seasonal Landscapes\Seasonal Landscapes.esp,3b7f73a0c064d288|0008B6:Seasonal Landscapes.esp,SIGNAL,read,TREE,0008B6:Seasonal Landscapes.esp,TreeFloraMountainFlower01RedAUT,,,,Direct selected-signature candidate.,,NO-ROWS,"Primary review: visual, environmental, compatibility, or replacer records are not authoritative new devotional actions; existing canonical source records remain authoritative.",,REJECTED
3b7f73a0c064d288,NQ105,NQ,Visuals - Landscape,Seasonal Landscapes,Seasonal Landscapes.esp,D:\Wabbajack\modlists\ARR 2.5\mods\Seasonal Landscapes\Seasonal Landscapes.esp,3b7f73a0c064d288|0008B7:Seasonal Landscapes.esp,SIGNAL,read,TREE,0008B7:Seasonal Landscapes.esp,TreeFloraMountainFlower02BlueAUT,,,,Direct selected-signature candidate.,,NO-ROWS,"Primary review: visual, environmental, compatibility, or replacer records are not authoritative new devotional actions; existing canonical source records remain authoritative.",,REJECTED
3b7f73a0c064d288,NQ105,NQ,Visuals - Landscape,Seasonal Landscapes,Seasonal Landscapes.esp,D:\Wabbajack\modlists\ARR 2.5\mods\Seasonal Landscapes\Seasonal Landscapes.esp,3b7f73a0c064d288|0008B8:Seasonal Landscapes.esp,SIGNAL,read,TREE,0008B8:Seasonal Landscapes.esp,TreeFloraMountainFlower02PurpleAUT,,,,Direct selected-signature candidate.,,NO-ROWS,"Primary review: visual, environmental, compatibility, or replacer records are not authoritative new devotional actions; existing canonical source records remain authoritative.",,REJECTED
3b7f73a0c064d288,NQ105,NQ,Visuals - Landscape,Seasonal Landscapes,Seasonal Landscapes.esp,D:\Wabbajack\modlists\ARR 2.5\mods\Seasonal Landscapes\Seasonal Landscapes.esp,3b7f73a0c064d288|0008B9:Seasonal Landscapes.esp,SIGNAL,read,TREE,0008B9:Seasonal Landscapes.esp,TreeFloraMountainFlower02RedAUT,,,,Direct selected-signature candidate.,,NO-ROWS,"Primary review: visual, environmental, compatibility, or replacer records are not authoritative new devotional actions; existing canonical source records remain authoritative.",,REJECTED
3b7f73a0c064d288,NQ105,NQ,Visuals - Landscape,Seasonal Landscapes,Seasonal Landscapes.esp,D:\Wabbajack\modlists\ARR 2.5\mods\Seasonal Landscapes\Seasonal Landscapes.esp,3b7f73a0c064d288|0008BA:Seasonal Landscapes.esp,SIGNAL,read,TREE,0008BA:Seasonal Landscapes.esp,TreeReachCliffTree01AUT,,,,Direct selected-signature candidate.,,NO-ROWS,"Primary review: visual, environmental, compatibility, or replacer records are not authoritative new devotional actions; existing canonical source records remain authoritative.",,REJECTED
3b7f73a0c064d288,NQ105,NQ,Visuals - Landscape,Seasonal Landscapes,Seasonal Landscapes.esp,D:\Wabbajack\modlists\ARR 2.5\mods\Seasonal Landscapes\Seasonal Landscapes.esp,3b7f73a0c064d288|0008BB:Seasonal Landscapes.esp,SIGNAL,read,TREE,0008BB:Seasonal Landscapes.esp,TreeReachCliffTree02AUT,,,,Direct selected-signature candidate.,,NO-ROWS,"Primary review: visual, environmental, compatibility, or replacer records are not authoritative new devotional actions; existing canonical source records remain authoritative.",,REJECTED
3b7f73a0c064d288,NQ105,NQ,Visuals - Landscape,Seasonal Landscapes,Seasonal Landscapes.esp,D:\Wabbajack\modlists\ARR 2.5\mods\Seasonal Landscapes\Seasonal Landscapes.esp,3b7f73a0c064d288|0008BC:Seasonal Landscapes.esp,SIGNAL,read,TREE,0008BC:Seasonal Landscapes.esp,TreeReachTree01AUT,,,,Direct selected-signature candidate.,,NO-ROWS,"Primary review: visual, environmental, compatibility, or replacer records are not authoritative new devotional actions; existing canonical source records remain authoritative.",,REJECTED
3b7f73a0c064d288,NQ105,NQ,Visuals - Landscape,Seasonal Landscapes,Seasonal Landscapes.esp,D:\Wabbajack\modlists\ARR 2.5\mods\Seasonal Landscapes\Seasonal Landscapes.esp,3b7f73a0c064d288|0008BD:Seasonal Landscapes.esp,SIGNAL,read,TREE,0008BD:Seasonal Landscapes.esp,TreeReachTree02AUT,,,,Direct selected-signature candidate.,,NO-ROWS,"Primary review: visual, environmental, compatibility, or replacer records are not authoritative new devotional actions; existing canonical source records remain authoritative.",,REJECTED
3b7f73a0c064d288,NQ105,NQ,Visuals - Landscape,Seasonal Landscapes,Seasonal Landscapes.esp,D:\Wabbajack\modlists\ARR 2.5\mods\Seasonal Landscapes\Seasonal Landscapes.esp,3b7f73a0c064d288|0008BE:Seasonal Landscapes.esp,SIGNAL,read,TREE,0008BE:Seasonal Landscapes.esp,TreeTundraDriftWoodTree01AUT,,,,Direct selected-signature candidate.,,NO-ROWS,"Primary review: visual, environmental, compatibility, or replacer records are not authoritative new devotional actions; existing canonical source records remain authoritative.",,REJECTED
3b7f73a0c064d288,NQ105,NQ,Visuals - Landscape,Seasonal Landscapes,Seasonal Landscapes.esp,D:\Wabbajack\modlists\ARR 2.5\mods\Seasonal Landscapes\Seasonal Landscapes.esp,3b7f73a0c064d288|0008BF:Seasonal Landscapes.esp,SIGNAL,read,TREE,0008BF:Seasonal Landscapes.esp,TreeYellowShrub01WIN,,,,Direct selected-signature candidate.,,NO-ROWS,"Primary review: visual, environmental, compatibility, or replacer records are not authoritative new devotional actions; existing canonical source records remain authoritative.",,REJECTED
3b7f73a0c064d288,NQ105,NQ,Visuals - Landscape,Seasonal Landscapes,Seasonal Landscapes.esp,D:\Wabbajack\modlists\ARR 2.5\mods\Seasonal Landscapes\Seasonal Landscapes.esp,3b7f73a0c064d288|0008C0:Seasonal Landscapes.esp,SIGNAL,read,TREE,0008C0:Seasonal Landscapes.esp,TreeYellowShrub02WIN,,,,Direct selected-signature candidate.,,NO-ROWS,"Primary review: visual, environmental, compatibility, or replacer records are not authoritative new devotional actions; existing canonical source records remain authoritative.",,REJECTED
3b7f73a0c064d288,NQ105,NQ,Visuals - Landscape,Seasonal Landscapes,Seasonal Landscapes.esp,D:\Wabbajack\modlists\ARR 2.5\mods\Seasonal Landscapes\Seasonal Landscapes.esp,3b7f73a0c064d288|0008C1:Seasonal Landscapes.esp,SIGNAL,read,TREE,0008C1:Seasonal Landscapes.esp,TreeYellowShrub03WIN,,,,Direct selected-signature candidate.,,NO-ROWS,"Primary review: visual, environmental, compatibility, or replacer records are not authoritative new devotional actions; existing canonical source records remain authoritative.",,REJECTED
3b7f73a0c064d288,NQ105,NQ,Visuals - Landscape,Seasonal Landscapes,Seasonal Landscapes.esp,D:\Wabbajack\modlists\ARR 2.5\mods\Seasonal Landscapes\Seasonal Landscapes.esp,3b7f73a0c064d288|0008C2:Seasonal Landscapes.esp,SIGNAL,read,TREE,0008C2:Seasonal Landscapes.esp,TreeTundraShrub01WIN,,,,Direct selected-signature candidate.,,NO-ROWS,"Primary review: visual, environmental, compatibility, or replacer records are not authoritative new devotional actions; existing canonical source records remain authoritative.",,REJECTED
3b7f73a0c064d288,NQ105,NQ,Visuals - Landscape,Seasonal Landscapes,Seasonal Landscapes.esp,D:\Wabbajack\modlists\ARR 2.5\mods\Seasonal Landscapes\Seasonal Landscapes.esp,3b7f73a0c064d288|0008C3:Seasonal Landscapes.esp,SIGNAL,read,TREE,0008C3:Seasonal Landscapes.esp,TreeTundraShrub02WIN,,,,Direct selected-signature candidate.,,NO-ROWS,"Primary review: visual, environmental, compatibility, or replacer records are not authoritative new devotional actions; existing canonical source records remain authoritative.",,REJECTED
3b7f73a0c064d288,NQ105,NQ,Visuals - Landscape,Seasonal Landscapes,Seasonal Landscapes.esp,D:\Wabbajack\modlists\ARR 2.5\mods\Seasonal Landscapes\Seasonal Landscapes.esp,3b7f73a0c064d288|0008C4:Seasonal Landscapes.esp,SIGNAL,read,TREE,0008C4:Seasonal Landscapes.esp,TreeTundraShrub03WIN,,,,Direct selected-signature candidate.,,NO-ROWS,"Primary review: visual, environmental, compatibility, or replacer records are not authoritative new devotional actions; existing canonical source records remain authoritative.",,REJECTED
3b7f73a0c064d288,NQ105,NQ,Visuals - Landscape,Seasonal Landscapes,Seasonal Landscapes.esp,D:\Wabbajack\modlists\ARR 2.5\mods\Seasonal Landscapes\Seasonal Landscapes.esp,3b7f73a0c064d288|0008C5:Seasonal Landscapes.esp,SIGNAL,read,TREE,0008C5:Seasonal Landscapes.esp,TreeTundraShrub04WIN,,,,Direct selected-signature candidate.,,NO-ROWS,"Primary review: visual, environmental, compatibility, or replacer records are not authoritative new devotional actions; existing canonical source records remain authoritative.",,REJECTED
3b7f73a0c064d288,NQ105,NQ,Visuals - Landscape,Seasonal Landscapes,Seasonal Landscapes.esp,D:\Wabbajack\modlists\ARR 2.5\mods\Seasonal Landscapes\Seasonal Landscapes.esp,3b7f73a0c064d288|0008C6:Seasonal Landscapes.esp,SIGNAL,read,TREE,0008C6:Seasonal Landscapes.esp,TreeTundraShrub05WIN,,,,Direct selected-signature candidate.,,NO-ROWS,"Primary review: visual, environmental, compatibility, or replacer records are not authoritative new devotional actions; existing canonical source records remain authoritative.",,REJECTED
3b7f73a0c064d288,NQ105,NQ,Visuals - Landscape,Seasonal Landscapes,Seasonal Landscapes.esp,D:\Wabbajack\modlists\ARR 2.5\mods\Seasonal Landscapes\Seasonal Landscapes.esp,3b7f73a0c064d288|0008C7:Seasonal Landscapes.esp,SIGNAL,read,TREE,0008C7:Seasonal Landscapes.esp,TreeTundraShrub06WIN,,,,Direct selected-signature candidate.,,NO-ROWS,"Primary review: visual, environmental, compatibility, or replacer records are not authoritative new devotional actions; existing canonical source records remain authoritative.",,REJECTED
3b7f73a0c064d288,NQ105,NQ,Visuals - Landscape,Seasonal Landscapes,Seasonal Landscapes.esp,D:\Wabbajack\modlists\ARR 2.5\mods\Seasonal Landscapes\Seasonal Landscapes.esp,3b7f73a0c064d288|0008C8:Seasonal Landscapes.esp,SIGNAL,read,TREE,0008C8:Seasonal Landscapes.esp,TreeTundraShrub07WIN,,,,Direct selected-signature candidate.,,NO-ROWS,"Primary review: visual, environmental, compatibility, or replacer records are not authoritative new devotional actions; existing canonical source records remain authoritative.",,REJECTED
3b7f73a0c064d288,NQ105,NQ,Visuals - Landscape,Seasonal Landscapes,Seasonal Landscapes.esp,D:\Wabbajack\modlists\ARR 2.5\mods\Seasonal Landscapes\Seasonal Landscapes.esp,3b7f73a0c064d288|0008C9:Seasonal Landscapes.esp,SIGNAL,read,TREE,0008C9:Seasonal Landscapes.esp,TreeTundraShrub08WIN,,,,Direct selected-signature candidate.,,NO-ROWS,"Primary review: visual, environmental, compatibility, or replacer records are not authoritative new devotional actions; existing canonical source records remain authoritative.",,REJECTED
3b7f73a0c064d288,NQ105,NQ,Visuals - Landscape,Seasonal Landscapes,Seasonal Landscapes.esp,D:\Wabbajack\modlists\ARR 2.5\mods\Seasonal Landscapes\Seasonal Landscapes.esp,3b7f73a0c064d288|0008CA:Seasonal Landscapes.esp,SIGNAL,read,TREE,0008CA:Seasonal Landscapes.esp,TreeTundraShrub09WIN,,,,Direct selected-signature candidate.,,NO-ROWS,"Primary review: visual, environmental, compatibility, or replacer records are not authoritative new devotional actions; existing canonical source records remain authoritative.",,REJECTED
3b7f73a0c064d288,NQ105,NQ,Visuals - Landscape,Seasonal Landscapes,Seasonal Landscapes.esp,D:\Wabbajack\modlists\ARR 2.5\mods\Seasonal Landscapes\Seasonal Landscapes.esp,3b7f73a0c064d288|0008CB:Seasonal Landscapes.esp,SIGNAL,read,TREE,0008CB:Seasonal Landscapes.esp,TreeTundraShrub10WIN,,,,Direct selected-signature candidate.,,NO-ROWS,"Primary review: visual, environmental, compatibility, or replacer records are not authoritative new devotional actions; existing canonical source records remain authoritative.",,REJECTED
3b7f73a0c064d288,NQ105,NQ,Visuals - Landscape,Seasonal Landscapes,Seasonal Landscapes.esp,D:\Wabbajack\modlists\ARR 2.5\mods\Seasonal Landscapes\Seasonal Landscapes.esp,3b7f73a0c064d288|0008CC:Seasonal Landscapes.esp,SIGNAL,read,TREE,0008CC:Seasonal Landscapes.esp,TreeFloraLavender01WIN,,,,Direct selected-signature candidate.,,NO-ROWS,"Primary review: visual, environmental, compatibility, or replacer records are not authoritative new devotional actions; existing canonical source records remain authoritative.",,REJECTED
3b7f73a0c064d288,NQ105,NQ,Visuals - Landscape,Seasonal Landscapes,Seasonal Landscapes.esp,D:\Wabbajack\modlists\ARR 2.5\mods\Seasonal Landscapes\Seasonal Landscapes.esp,3b7f73a0c064d288|0008CD:Seasonal Landscapes.esp,SIGNAL,read,TREE,0008CD:Seasonal Landscapes.esp,TreeFloraTundraCotton01WIN,,,,Direct selected-signature candidate.,,NO-ROWS,"Primary review: visual, environmental, compatibility, or replacer records are not authoritative new devotional actions; existing canonical source records remain authoritative.",,REJECTED
3b7f73a0c064d288,NQ105,NQ,Visuals - Landscape,Seasonal Landscapes,Seasonal Landscapes.esp,D:\Wabbajack\modlists\ARR 2.5\mods\Seasonal Landscapes\Seasonal Landscapes.esp,3b7f73a0c064d288|0008CE:Seasonal Landscapes.esp,SIGNAL,read,TREE,0008CE:Seasonal Landscapes.esp,TreeFloraDragonsTongue01WIN,,,,Direct selected-signature candidate.,,NO-ROWS,"Primary review: visual, environmental, compatibility, or replacer records are not authoritative new devotional actions; existing canonical source records remain authoritative.",,REJECTED
3b7f73a0c064d288,NQ105,NQ,Visuals - Landscape,Seasonal Landscapes,Seasonal Landscapes.esp,D:\Wabbajack\modlists\ARR 2.5\mods\Seasonal Landscapes\Seasonal Landscapes.esp,3b7f73a0c064d288|0008CF:Seasonal Landscapes.esp,SIGNAL,read,TREE,0008CF:Seasonal Landscapes.esp,TreeFloraDragonsTongue02WIN,,,,Direct selected-signature candidate.,,NO-ROWS,"Primary review: visual, environmental, compatibility, or replacer records are not authoritative new devotional actions; existing canonical source records remain authoritative.",,REJECTED
3b7f73a0c064d288,NQ105,NQ,Visuals - Landscape,Seasonal Landscapes,Seasonal Landscapes.esp,D:\Wabbajack\modlists\ARR 2.5\mods\Seasonal Landscapes\Seasonal Landscapes.esp,3b7f73a0c064d288|0008D0:Seasonal Landscapes.esp,SIGNAL,read,TREE,0008D0:Seasonal Landscapes.esp,TreeFloraNightshade01WIN,,,,Direct selected-signature candidate.,,NO-ROWS,"Primary review: visual, environmental, compatibility, or replacer records are not authoritative new devotional actions; existing canonical source records remain authoritative.",,REJECTED
3b7f73a0c064d288,NQ105,NQ,Visuals - Landscape,Seasonal Landscapes,Seasonal Landscapes.esp,D:\Wabbajack\modlists\ARR 2.5\mods\Seasonal Landscapes\Seasonal Landscapes.esp,3b7f73a0c064d288|0008D1:Seasonal Landscapes.esp,SIGNAL,read,TREE,0008D1:Seasonal Landscapes.esp,TreeFloraNightshade02WIN,,,,Direct selected-signature candidate.,,NO-ROWS,"Primary review: visual, environmental, compatibility, or replacer records are not authoritative new devotional actions; existing canonical source records remain authoritative.",,REJECTED
3b7f73a0c064d288,NQ105,NQ,Visuals - Landscape,Seasonal Landscapes,Seasonal Landscapes.esp,D:\Wabbajack\modlists\ARR 2.5\mods\Seasonal Landscapes\Seasonal Landscapes.esp,3b7f73a0c064d288|0008EC:Seasonal Landscapes.esp,SIGNAL,read,TREE,0008EC:Seasonal Landscapes.esp,TreeFloraThistle01AUT,,,,Direct selected-signature candidate.,,NO-ROWS,"Primary review: visual, environmental, compatibility, or replacer records are not authoritative new devotional actions; existing canonical source records remain authoritative.",,REJECTED
3b7f73a0c064d288,NQ105,NQ,Visuals - Landscape,Seasonal Landscapes,Seasonal Landscapes.esp,D:\Wabbajack\modlists\ARR 2.5\mods\Seasonal Landscapes\Seasonal Landscapes.esp,3b7f73a0c064d288|0008ED:Seasonal Landscapes.esp,SIGNAL,read,TREE,0008ED:Seasonal Landscapes.esp,TreeAspen01SPR,,,,Direct selected-signature candidate.,,NO-ROWS,"Primary review: visual, environmental, compatibility, or replacer records are not authoritative new devotional actions; existing canonical source records remain authoritative.",,REJECTED
3b7f73a0c064d288,NQ105,NQ,Visuals - Landscape,Seasonal Landscapes,Seasonal Landscapes.esp,D:\Wabbajack\modlists\ARR 2.5\mods\Seasonal Landscapes\Seasonal Landscapes.esp,3b7f73a0c064d288|0008EE:Seasonal Landscapes.esp,SIGNAL,read,TREE,0008EE:Seasonal Landscapes.esp,TreeAspen02SPR,,,,Direct selected-signature candidate.,,NO-ROWS,"Primary review: visual, environmental, compatibility, or replacer records are not authoritative new devotional actions; existing canonical source records remain authoritative.",,REJECTED
3b7f73a0c064d288,NQ105,NQ,Visuals - Landscape,Seasonal Landscapes,Seasonal Landscapes.esp,D:\Wabbajack\modlists\ARR 2.5\mods\Seasonal Landscapes\Seasonal Landscapes.esp,3b7f73a0c064d288|0008EF:Seasonal Landscapes.esp,SIGNAL,read,TREE,0008EF:Seasonal Landscapes.esp,TreeAspen03SPR,,,,Direct selected-signature candidate.,,NO-ROWS,"Primary review: visual, environmental, compatibility, or replacer records are not authoritative new devotional actions; existing canonical source records remain authoritative.",,REJECTED
3b7f73a0c064d288,NQ105,NQ,Visuals - Landscape,Seasonal Landscapes,Seasonal Landscapes.esp,D:\Wabbajack\modlists\ARR 2.5\mods\Seasonal Landscapes\Seasonal Landscapes.esp,3b7f73a0c064d288|0008F0:Seasonal Landscapes.esp,SIGNAL,read,TREE,0008F0:Seasonal Landscapes.esp,TreeAspen04SPR,,,,Direct selected-signature candidate.,,NO-ROWS,"Primary review: visual, environmental, compatibility, or replacer records are not authoritative new devotional actions; existing canonical source records remain authoritative.",,REJECTED
3b7f73a0c064d288,NQ105,NQ,Visuals - Landscape,Seasonal Landscapes,Seasonal Landscapes.esp,D:\Wabbajack\modlists\ARR 2.5\mods\Seasonal Landscapes\Seasonal Landscapes.esp,3b7f73a0c064d288|0008F1:Seasonal Landscapes.esp,SIGNAL,read,TREE,0008F1:Seasonal Landscapes.esp,TreeAspen05SPR,,,,Direct selected-signature candidate.,,NO-ROWS,"Primary review: visual, environmental, compatibility, or replacer records are not authoritative new devotional actions; existing canonical source records remain authoritative.",,REJECTED
3b7f73a0c064d288,NQ105,NQ,Visuals - Landscape,Seasonal Landscapes,Seasonal Landscapes.esp,D:\Wabbajack\modlists\ARR 2.5\mods\Seasonal Landscapes\Seasonal Landscapes.esp,3b7f73a0c064d288|0008F2:Seasonal Landscapes.esp,SIGNAL,read,TREE,0008F2:Seasonal Landscapes.esp,TreeAspen06SPR,,,,Direct selected-signature candidate.,,NO-ROWS,"Primary review: visual, environmental, compatibility, or replacer records are not authoritative new devotional actions; existing canonical source records remain authoritative.",,REJECTED
3b7f73a0c064d288,NQ105,NQ,Visuals - Landscape,Seasonal Landscapes,Seasonal Landscapes.esp,D:\Wabbajack\modlists\ARR 2.5\mods\Seasonal Landscapes\Seasonal Landscapes.esp,3b7f73a0c064d288|0008FB:Seasonal Landscapes.esp,SIGNAL,read,TREE,0008FB:Seasonal Landscapes.esp,TreeFallForestFernCluster01SUM,,,,Direct selected-signature candidate.,,NO-ROWS,"Primary review: visual, environmental, compatibility, or replacer records are not authoritative new devotional actions; existing canonical source records remain authoritative.",,REJECTED
3b7f73a0c064d288,NQ105,NQ,Visuals - Landscape,Seasonal Landscapes,Seasonal Landscapes.esp,D:\Wabbajack\modlists\ARR 2.5\mods\Seasonal Landscapes\Seasonal Landscapes.esp,3b7f73a0c064d288|0008FC:Seasonal Landscapes.esp,SIGNAL,read,TREE,0008FC:Seasonal Landscapes.esp,TreeFallForestFernCluster02SUM,,,,Direct selected-signature candidate.,,NO-ROWS,"Primary review: visual, environmental, compatibility, or replacer records are not authoritative new devotional actions; existing canonical source records remain authoritative.",,REJECTED
3b7f73a0c064d288,NQ105,NQ,Visuals - Landscape,Seasonal Landscapes,Seasonal Landscapes.esp,D:\Wabbajack\modlists\ARR 2.5\mods\Seasonal Landscapes\Seasonal Landscapes.esp,3b7f73a0c064d288|0008FD:Seasonal Landscapes.esp,SIGNAL,read,TREE,0008FD:Seasonal Landscapes.esp,TreeFallForestFernCluster03SUM,,,,Direct selected-signature candidate.,,NO-ROWS,"Primary review: visual, environmental, compatibility, or replacer records are not authoritative new devotional actions; existing canonical source records remain authoritative.",,REJECTED
3b7f73a0c064d288,NQ105,NQ,Visuals - Landscape,Seasonal Landscapes,Seasonal Landscapes.esp,D:\Wabbajack\modlists\ARR 2.5\mods\Seasonal Landscapes\Seasonal Landscapes.esp,3b7f73a0c064d288|0008FE:Seasonal Landscapes.esp,SIGNAL,read,TREE,0008FE:Seasonal Landscapes.esp,TreeFallForestFernCluster04SUM,,,,Direct selected-signature candidate.,,NO-ROWS,"Primary review: visual, environmental, compatibility, or replacer records are not authoritative new devotional actions; existing canonical source records remain authoritative.",,REJECTED
3b7f73a0c064d288,NQ105,NQ,Visuals - Landscape,Seasonal Landscapes,Seasonal Landscapes.esp,D:\Wabbajack\modlists\ARR 2.5\mods\Seasonal Landscapes\Seasonal Landscapes.esp,3b7f73a0c064d288|0008FF:Seasonal Landscapes.esp,SIGNAL,read,TREE,0008FF:Seasonal Landscapes.esp,TreeFallForestShrub01SUM,,,,Direct selected-signature candidate.,,NO-ROWS,"Primary review: visual, environmental, compatibility, or replacer records are not authoritative new devotional actions; existing canonical source records remain authoritative.",,REJECTED
3b7f73a0c064d288,NQ105,NQ,Visuals - Landscape,Seasonal Landscapes,Seasonal Landscapes.esp,D:\Wabbajack\modlists\ARR 2.5\mods\Seasonal Landscapes\Seasonal Landscapes.esp,3b7f73a0c064d288|000900:Seasonal Landscapes.esp,SIGNAL,read,TREE,000900:Seasonal Landscapes.esp,TreeFallForestShrub02SUM,,,,Direct selected-signature candidate.,,NO-ROWS,"Primary review: visual, environmental, compatibility, or replacer records are not authoritative new devotional actions; existing canonical source records remain authoritative.",,REJECTED
3b7f73a0c064d288,NQ105,NQ,Visuals - Landscape,Seasonal Landscapes,Seasonal Landscapes.esp,D:\Wabbajack\modlists\ARR 2.5\mods\Seasonal Landscapes\Seasonal Landscapes.esp,3b7f73a0c064d288|000904:Seasonal Landscapes.esp,SIGNAL,read,TREE,000904:Seasonal Landscapes.esp,TreeAspen01SUM,,,,Direct selected-signature candidate.,,NO-ROWS,"Primary review: visual, environmental, compatibility, or replacer records are not authoritative new devotional actions; existing canonical source records remain authoritative.",,REJECTED
3b7f73a0c064d288,NQ105,NQ,Visuals - Landscape,Seasonal Landscapes,Seasonal Landscapes.esp,D:\Wabbajack\modlists\ARR 2.5\mods\Seasonal Landscapes\Seasonal Landscapes.esp,3b7f73a0c064d288|000905:Seasonal Landscapes.esp,SIGNAL,read,TREE,000905:Seasonal Landscapes.esp,TreeAspen02SUM,,,,Direct selected-signature candidate.,,NO-ROWS,"Primary review: visual, environmental, compatibility, or replacer records are not authoritative new devotional actions; existing canonical source records remain authoritative.",,REJECTED
3b7f73a0c064d288,NQ105,NQ,Visuals - Landscape,Seasonal Landscapes,Seasonal Landscapes.esp,D:\Wabbajack\modlists\ARR 2.5\mods\Seasonal Landscapes\Seasonal Landscapes.esp,3b7f73a0c064d288|000906:Seasonal Landscapes.esp,SIGNAL,read,TREE,000906:Seasonal Landscapes.esp,TreeAspen03SUM,,,,Direct selected-signature candidate.,,NO-ROWS,"Primary review: visual, environmental, compatibility, or replacer records are not authoritative new devotional actions; existing canonical source records remain authoritative.",,REJECTED
3b7f73a0c064d288,NQ105,NQ,Visuals - Landscape,Seasonal Landscapes,Seasonal Landscapes.esp,D:\Wabbajack\modlists\ARR 2.5\mods\Seasonal Landscapes\Seasonal Landscapes.esp,3b7f73a0c064d288|000907:Seasonal Landscapes.esp,SIGNAL,read,TREE,000907:Seasonal Landscapes.esp,TreeAspen04SUM,,,,Direct selected-signature candidate.,,NO-ROWS,"Primary review: visual, environmental, compatibility, or replacer records are not authoritative new devotional actions; existing canonical source records remain authoritative.",,REJECTED
3b7f73a0c064d288,NQ105,NQ,Visuals - Landscape,Seasonal Landscapes,Seasonal Landscapes.esp,D:\Wabbajack\modlists\ARR 2.5\mods\Seasonal Landscapes\Seasonal Landscapes.esp,3b7f73a0c064d288|000908:Seasonal Landscapes.esp,SIGNAL,read,TREE,000908:Seasonal Landscapes.esp,TreeAspen05SUM,,,,Direct selected-signature candidate.,,NO-ROWS,"Primary review: visual, environmental, compatibility, or replacer records are not authoritative new devotional actions; existing canonical source records remain authoritative.",,REJECTED
3b7f73a0c064d288,NQ105,NQ,Visuals - Landscape,Seasonal Landscapes,Seasonal Landscapes.esp,D:\Wabbajack\modlists\ARR 2.5\mods\Seasonal Landscapes\Seasonal Landscapes.esp,3b7f73a0c064d288|000909:Seasonal Landscapes.esp,SIGNAL,read,TREE,000909:Seasonal Landscapes.esp,TreeAspen06SUM,,,,Direct selected-signature candidate.,,NO-ROWS,"Primary review: visual, environmental, compatibility, or replacer records are not authoritative new devotional actions; existing canonical source records remain authoritative.",,REJECTED
3b7f73a0c064d288,NQ105,NQ,Visuals - Landscape,Seasonal Landscapes,Seasonal Landscapes.esp,D:\Wabbajack\modlists\ARR 2.5\mods\Seasonal Landscapes\Seasonal Landscapes.esp,3b7f73a0c064d288|000910:Seasonal Landscapes.esp,SIGNAL,read,TREE,000910:Seasonal Landscapes.esp,TreeAspen01AUT,,,,Direct selected-signature candidate.,,NO-ROWS,"Primary review: visual, environmental, compatibility, or replacer records are not authoritative new devotional actions; existing canonical source records remain authoritative.",,REJECTED
3b7f73a0c064d288,NQ105,NQ,Visuals - Landscape,Seasonal Landscapes,Seasonal Landscapes.esp,D:\Wabbajack\modlists\ARR 2.5\mods\Seasonal Landscapes\Seasonal Landscapes.esp,3b7f73a0c064d288|000911:Seasonal Landscapes.esp,SIGNAL,read,TREE,000911:Seasonal Landscapes.esp,TreeAspen02AUT,,,,Direct selected-signature candidate.,,NO-ROWS,"Primary review: visual, environmental, compatibility, or replacer records are not authoritative new devotional actions; existing canonical source records remain authoritative.",,REJECTED
3b7f73a0c064d288,NQ105,NQ,Visuals - Landscape,Seasonal Landscapes,Seasonal Landscapes.esp,D:\Wabbajack\modlists\ARR 2.5\mods\Seasonal Landscapes\Seasonal Landscapes.esp,3b7f73a0c064d288|000912:Seasonal Landscapes.esp,SIGNAL,read,TREE,000912:Seasonal Landscapes.esp,TreeAspen03AUT,,,,Direct selected-signature candidate.,,NO-ROWS,"Primary review: visual, environmental, compatibility, or replacer records are not authoritative new devotional actions; existing canonical source records remain authoritative.",,REJECTED
3b7f73a0c064d288,NQ105,NQ,Visuals - Landscape,Seasonal Landscapes,Seasonal Landscapes.esp,D:\Wabbajack\modlists\ARR 2.5\mods\Seasonal Landscapes\Seasonal Landscapes.esp,3b7f73a0c064d288|000913:Seasonal Landscapes.esp,SIGNAL,read,TREE,000913:Seasonal Landscapes.esp,TreeAspen04AUT,,,,Direct selected-signature candidate.,,NO-ROWS,"Primary review: visual, environmental, compatibility, or replacer records are not authoritative new devotional actions; existing canonical source records remain authoritative.",,REJECTED
3b7f73a0c064d288,NQ105,NQ,Visuals - Landscape,Seasonal Landscapes,Seasonal Landscapes.esp,D:\Wabbajack\modlists\ARR 2.5\mods\Seasonal Landscapes\Seasonal Landscapes.esp,3b7f73a0c064d288|000914:Seasonal Landscapes.esp,SIGNAL,read,TREE,000914:Seasonal Landscapes.esp,TreeAspen05AUT,,,,Direct selected-signature candidate.,,NO-ROWS,"Primary review: visual, environmental, compatibility, or replacer records are not authoritative new devotional actions; existing canonical source records remain authoritative.",,REJECTED
3b7f73a0c064d288,NQ105,NQ,Visuals - Landscape,Seasonal Landscapes,Seasonal Landscapes.esp,D:\Wabbajack\modlists\ARR 2.5\mods\Seasonal Landscapes\Seasonal Landscapes.esp,3b7f73a0c064d288|000915:Seasonal Landscapes.esp,SIGNAL,read,TREE,000915:Seasonal Landscapes.esp,TreeAspen06AUT,,,,Direct selected-signature candidate.,,NO-ROWS,"Primary review: visual, environmental, compatibility, or replacer records are not authoritative new devotional actions; existing canonical source records remain authoritative.",,REJECTED
3b7f73a0c064d288,NQ105,NQ,Visuals - Landscape,Seasonal Landscapes,Seasonal Landscapes.esp,D:\Wabbajack\modlists\ARR 2.5\mods\Seasonal Landscapes\Seasonal Landscapes.esp,3b7f73a0c064d288|000928:Seasonal Landscapes.esp,SIGNAL,read,TREE,000928:Seasonal Landscapes.esp,TreeFallForestFernCluster01WIN,,,,Direct selected-signature candidate.,,NO-ROWS,"Primary review: visual, environmental, compatibility, or replacer records are not authoritative new devotional actions; existing canonical source records remain authoritative.",,REJECTED
3b7f73a0c064d288,NQ105,NQ,Visuals - Landscape,Seasonal Landscapes,Seasonal Landscapes.esp,D:\Wabbajack\modlists\ARR 2.5\mods\Seasonal Landscapes\Seasonal Landscapes.esp,3b7f73a0c064d288|000929:Seasonal Landscapes.esp,SIGNAL,read,TREE,000929:Seasonal Landscapes.esp,TreeFallForestFernCluster02WIN,,,,Direct selected-signature candidate.,,NO-ROWS,"Primary review: visual, environmental, compatibility, or replacer records are not authoritative new devotional actions; existing canonical source records remain authoritative.",,REJECTED
3b7f73a0c064d288,NQ105,NQ,Visuals - Landscape,Seasonal Landscapes,Seasonal Landscapes.esp,D:\Wabbajack\modlists\ARR 2.5\mods\Seasonal Landscapes\Seasonal Landscapes.esp,3b7f73a0c064d288|00092A:Seasonal Landscapes.esp,SIGNAL,read,TREE,00092A:Seasonal Landscapes.esp,TreeFallForestFernCluster03WIN,,,,Direct selected-signature candidate.,,NO-ROWS,"Primary review: visual, environmental, compatibility, or replacer records are not authoritative new devotional actions; existing canonical source records remain authoritative.",,REJECTED
3b7f73a0c064d288,NQ105,NQ,Visuals - Landscape,Seasonal Landscapes,Seasonal Landscapes.esp,D:\Wabbajack\modlists\ARR 2.5\mods\Seasonal Landscapes\Seasonal Landscapes.esp,3b7f73a0c064d288|00092B:Seasonal Landscapes.esp,SIGNAL,read,TREE,00092B:Seasonal Landscapes.esp,TreeFallForestFernCluster04WIN,,,,Direct selected-signature candidate.,,NO-ROWS,"Primary review: visual, environmental, compatibility, or replacer records are not authoritative new devotional actions; existing canonical source records remain authoritative.",,REJECTED
3b7f73a0c064d288,NQ105,NQ,Visuals - Landscape,Seasonal Landscapes,Seasonal Landscapes.esp,D:\Wabbajack\modlists\ARR 2.5\mods\Seasonal Landscapes\Seasonal Landscapes.esp,3b7f73a0c064d288|00092C:Seasonal Landscapes.esp,SIGNAL,read,TREE,00092C:Seasonal Landscapes.esp,TreeFallForestShrub01WIN,,,,Direct selected-signature candidate.,,NO-ROWS,"Primary review: visual, environmental, compatibility, or replacer records are not authoritative new devotional actions; existing canonical source records remain authoritative.",,REJECTED
3b7f73a0c064d288,NQ105,NQ,Visuals - Landscape,Seasonal Landscapes,Seasonal Landscapes.esp,D:\Wabbajack\modlists\ARR 2.5\mods\Seasonal Landscapes\Seasonal Landscapes.esp,3b7f73a0c064d288|00092D:Seasonal Landscapes.esp,SIGNAL,read,TREE,00092D:Seasonal Landscapes.esp,TreeFallForestShrub02WIN,,,,Direct selected-signature candidate.,,NO-ROWS,"Primary review: visual, environmental, compatibility, or replacer records are not authoritative new devotional actions; existing canonical source records remain authoritative.",,REJECTED
3b7f73a0c064d288,NQ105,NQ,Visuals - Landscape,Seasonal Landscapes,Seasonal Landscapes.esp,D:\Wabbajack\modlists\ARR 2.5\mods\Seasonal Landscapes\Seasonal Landscapes.esp,3b7f73a0c064d288|00092E:Seasonal Landscapes.esp,SIGNAL,read,TREE,00092E:Seasonal Landscapes.esp,TreeReachFern01WIN,,,,Direct selected-signature candidate.,,NO-ROWS,"Primary review: visual, environmental, compatibility, or replacer records are not authoritative new devotional actions; existing canonical source records remain authoritative.",,REJECTED
3b7f73a0c064d288,NQ105,NQ,Visuals - Landscape,Seasonal Landscapes,Seasonal Landscapes.esp,D:\Wabbajack\modlists\ARR 2.5\mods\Seasonal Landscapes\Seasonal Landscapes.esp,3b7f73a0c064d288|00092F:Seasonal Landscapes.esp,SIGNAL,read,TREE,00092F:Seasonal Landscapes.esp,TreeReachFern02WIN,,,,Direct selected-signature candidate.,,NO-ROWS,"Primary review: visual, environmental, compatibility, or replacer records are not authoritative new devotional actions; existing canonical source records remain authoritative.",,REJECTED
3b7f73a0c064d288,NQ105,NQ,Visuals - Landscape,Seasonal Landscapes,Seasonal Landscapes.esp,D:\Wabbajack\modlists\ARR 2.5\mods\Seasonal Landscapes\Seasonal Landscapes.esp,3b7f73a0c064d288|000930:Seasonal Landscapes.esp,SIGNAL,read,TREE,000930:Seasonal Landscapes.esp,TreeReachFern03WIN,,,,Direct selected-signature candidate.,,NO-ROWS,"Primary review: visual, environmental, compatibility, or replacer records are not authoritative new devotional actions; existing canonical source records remain authoritative.",,REJECTED
3b7f73a0c064d288,NQ105,NQ,Visuals - Landscape,Seasonal Landscapes,Seasonal Landscapes.esp,D:\Wabbajack\modlists\ARR 2.5\mods\Seasonal Landscapes\Seasonal Landscapes.esp,3b7f73a0c064d288|000931:Seasonal Landscapes.esp,SIGNAL,read,TREE,000931:Seasonal Landscapes.esp,TreeReachMntMossCover01WIN,,,,Direct selected-signature candidate.,,NO-ROWS,"Primary review: visual, environmental, compatibility, or replacer records are not authoritative new devotional actions; existing canonical source records remain authoritative.",,REJECTED
3b7f73a0c064d288,NQ105,NQ,Visuals - Landscape,Seasonal Landscapes,Seasonal Landscapes.esp,D:\Wabbajack\modlists\ARR 2.5\mods\Seasonal Landscapes\Seasonal Landscapes.esp,3b7f73a0c064d288|000932:Seasonal Landscapes.esp,SIGNAL,read,TREE,000932:Seasonal Landscapes.esp,TreeReachMntMossCover02WIN,,,,Direct selected-signature candidate.,,NO-ROWS,"Primary review: visual, environmental, compatibility, or replacer records are not authoritative new devotional actions; existing canonical source records remain authoritative.",,REJECTED
3b7f73a0c064d288,NQ105,NQ,Visuals - Landscape,Seasonal Landscapes,Seasonal Landscapes.esp,D:\Wabbajack\modlists\ARR 2.5\mods\Seasonal Landscapes\Seasonal Landscapes.esp,3b7f73a0c064d288|000933:Seasonal Landscapes.esp,SIGNAL,read,TREE,000933:Seasonal Landscapes.esp,TreeReachMntMossCover03WIN,,,,Direct selected-signature candidate.,,NO-ROWS,"Primary review: visual, environmental, compatibility, or replacer records are not authoritative new devotional actions; existing canonical source records remain authoritative.",,REJECTED
3b7f73a0c064d288,NQ105,NQ,Visuals - Landscape,Seasonal Landscapes,Seasonal Landscapes.esp,D:\Wabbajack\modlists\ARR 2.5\mods\Seasonal Landscapes\Seasonal Landscapes.esp,3b7f73a0c064d288|000934:Seasonal Landscapes.esp,SIGNAL,read,TREE,000934:Seasonal Landscapes.esp,TreeReachMntMossCover04WIN,,,,Direct selected-signature candidate.,,NO-ROWS,"Primary review: visual, environmental, compatibility, or replacer records are not authoritative new devotional actions; existing canonical source records remain authoritative.",,REJECTED
3b7f73a0c064d288,NQ105,NQ,Visuals - Landscape,Seasonal Landscapes,Seasonal Landscapes.esp,D:\Wabbajack\modlists\ARR 2.5\mods\Seasonal Landscapes\Seasonal Landscapes.esp,3b7f73a0c064d288|000935:Seasonal Landscapes.esp,SIGNAL,read,TREE,000935:Seasonal Landscapes.esp,TreeReachMntMossCover05WIN,,,,Direct selected-signature candidate.,,NO-ROWS,"Primary review: visual, environmental, compatibility, or replacer records are not authoritative new devotional actions; existing canonical source records remain authoritative.",,REJECTED
3b7f73a0c064d288,NQ105,NQ,Visuals - Landscape,Seasonal Landscapes,Seasonal Landscapes.esp,D:\Wabbajack\modlists\ARR 2.5\mods\Seasonal Landscapes\Seasonal Landscapes.esp,3b7f73a0c064d288|000936:Seasonal Landscapes.esp,SIGNAL,read,TREE,000936:Seasonal Landscapes.esp,TreeReachShrub01WIN,,,,Direct selected-signature candidate.,,NO-ROWS,"Primary review: visual, environmental, compatibility, or replacer records are not authoritative new devotional actions; existing canonical source records remain authoritative.",,REJECTED
3b7f73a0c064d288,NQ105,NQ,Visuals - Landscape,Seasonal Landscapes,Seasonal Landscapes.esp,D:\Wabbajack\modlists\ARR 2.5\mods\Seasonal Landscapes\Seasonal Landscapes.esp,3b7f73a0c064d288|000937:Seasonal Landscapes.esp,SIGNAL,read,TREE,000937:Seasonal Landscapes.esp,TreeReachShrub02WIN,,,,Direct selected-signature candidate.,,NO-ROWS,"Primary review: visual, environmental, compatibility, or replacer records are not authoritative new devotional actions; existing canonical source records remain authoritative.",,REJECTED
3b7f73a0c064d288,NQ105,NQ,Visuals - Landscape,Seasonal Landscapes,Seasonal Landscapes.esp,D:\Wabbajack\modlists\ARR 2.5\mods\Seasonal Landscapes\Seasonal Landscapes.esp,3b7f73a0c064d288|000938:Seasonal Landscapes.esp,SIGNAL,read,TREE,000938:Seasonal Landscapes.esp,TreeFloraHangingMoss01WIN,,,,Direct selected-signature candidate.,,NO-ROWS,"Primary review: visual, environmental, compatibility, or replacer records are not authoritative new devotional actions; existing canonical source records remain authoritative.",,REJECTED
3b7f73a0c064d288,NQ105,NQ,Visuals - Landscape,Seasonal Landscapes,Seasonal Landscapes.esp,D:\Wabbajack\modlists\ARR 2.5\mods\Seasonal Landscapes\Seasonal Landscapes.esp,3b7f73a0c064d288|000939:Seasonal Landscapes.esp,SIGNAL,read,TREE,000939:Seasonal Landscapes.esp,TreeFloraHangingMoss02WIN,,,,Direct selected-signature candidate.,,NO-ROWS,"Primary review: visual, environmental, compatibility, or replacer records are not authoritative new devotional actions; existing canonical source records remain authoritative.",,REJECTED
3b7f73a0c064d288,NQ105,NQ,Visuals - Landscape,Seasonal Landscapes,Seasonal Landscapes.esp,D:\Wabbajack\modlists\ARR 2.5\mods\Seasonal Landscapes\Seasonal Landscapes.esp,3b7f73a0c064d288|00093A:Seasonal Landscapes.esp,SIGNAL,read,TREE,00093A:Seasonal Landscapes.esp,TreeFloraHangingMoss03WIN,,,,Direct selected-signature candidate.,,NO-ROWS,"Primary review: visual, environmental, compatibility, or replacer records are not authoritative new devotional actions; existing canonical source records remain authoritative.",,REJECTED
3b7f73a0c064d288,NQ105,NQ,Visuals - Landscape,Seasonal Landscapes,Seasonal Landscapes.esp,D:\Wabbajack\modlists\ARR 2.5\mods\Seasonal Landscapes\Seasonal Landscapes.esp,3b7f73a0c064d288|00093E:Seasonal Landscapes.esp,SIGNAL,read,TREE,00093E:Seasonal Landscapes.esp,TreeFloraDeathBell01WIN,,,,Direct selected-signature candidate.,,NO-ROWS,"Primary review: visual, environmental, compatibility, or replacer records are not authoritative new devotional actions; existing canonical source records remain authoritative.",,REJECTED
3b7f73a0c064d288,NQ105,NQ,Visuals - Landscape,Seasonal Landscapes,Seasonal Landscapes.esp,D:\Wabbajack\modlists\ARR 2.5\mods\Seasonal Landscapes\Seasonal Landscapes.esp,3b7f73a0c064d288|00093F:Seasonal Landscapes.esp,SIGNAL,read,TREE,00093F:Seasonal Landscapes.esp,TreeFloraDeathBell02WIN,,,,Direct selected-signature candidate.,,NO-ROWS,"Primary review: visual, environmental, compatibility, or replacer records are not authoritative new devotional actions; existing canonical source records remain authoritative.",,REJECTED
3b7f73a0c064d288,NQ105,NQ,Visuals - Landscape,Seasonal Landscapes,Seasonal Landscapes.esp,D:\Wabbajack\modlists\ARR 2.5\mods\Seasonal Landscapes\Seasonal Landscapes.esp,3b7f73a0c064d288|000940:Seasonal Landscapes.esp,SIGNAL,read,TREE,000940:Seasonal Landscapes.esp,TreeFloraJazBay01WIN,,,,Direct selected-signature candidate.,,NO-ROWS,"Primary review: visual, environmental, compatibility, or replacer records are not authoritative new devotional actions; existing canonical source records remain authoritative.",,REJECTED
3b7f73a0c064d288,NQ105,NQ,Visuals - Landscape,Seasonal Landscapes,Seasonal Landscapes.esp,D:\Wabbajack\modlists\ARR 2.5\mods\Seasonal Landscapes\Seasonal Landscapes.esp,3b7f73a0c064d288|000941:Seasonal Landscapes.esp,SIGNAL,read,TREE,000941:Seasonal Landscapes.esp,TreeFloraJuniper01WIN,,,,Direct selected-signature candidate.,,NO-ROWS,"Primary review: visual, environmental, compatibility, or replacer records are not authoritative new devotional actions; existing canonical source records remain authoritative.",,REJECTED
3b7f73a0c064d288,NQ105,NQ,Visuals - Landscape,Seasonal Landscapes,Seasonal Landscapes.esp,D:\Wabbajack\modlists\ARR 2.5\mods\Seasonal Landscapes\Seasonal Landscapes.esp,3b7f73a0c064d288|000942:Seasonal Landscapes.esp,SIGNAL,read,TREE,000942:Seasonal Landscapes.esp,TreeFloraSpikyGrass01WIN,,,,Direct selected-signature candidate.,,NO-ROWS,"Primary review: visual, environmental, compatibility, or replacer records are not authoritative new devotional actions; existing canonical source records remain authoritative.",,REJECTED
3b7f73a0c064d288,NQ105,NQ,Visuals - Landscape,Seasonal Landscapes,Seasonal Landscapes.esp,D:\Wabbajack\modlists\ARR 2.5\mods\Seasonal Landscapes\Seasonal Landscapes.esp,3b7f73a0c064d288|000943:Seasonal Landscapes.esp,SIGNAL,read,TREE,000943:Seasonal Landscapes.esp,TreeFloraSpikyGrass02WIN,,,,Direct selected-signature candidate.,,NO-ROWS,"Primary review: visual, environmental, compatibility, or replacer records are not authoritative new devotional actions; existing canonical source records remain authoritative.",,REJECTED
3b7f73a0c064d288,NQ105,NQ,Visuals - Landscape,Seasonal Landscapes,Seasonal Landscapes.esp,D:\Wabbajack\modlists\ARR 2.5\mods\Seasonal Landscapes\Seasonal Landscapes.esp,3b7f73a0c064d288|000947:Seasonal Landscapes.esp,SIGNAL,read,TREE,000947:Seasonal Landscapes.esp,TreeReachFern01SUM,,,,Direct selected-signature candidate.,,NO-ROWS,"Primary review: visual, environmental, compatibility, or replacer records are not authoritative new devotional actions; existing canonical source records remain authoritative.",,REJECTED
3b7f73a0c064d288,NQ105,NQ,Visuals - Landscape,Seasonal Landscapes,Seasonal Landscapes.esp,D:\Wabbajack\modlists\ARR 2.5\mods\Seasonal Landscapes\Seasonal Landscapes.esp,3b7f73a0c064d288|000948:Seasonal Landscapes.esp,SIGNAL,read,TREE,000948:Seasonal Landscapes.esp,TreeReachFern02SUM,,,,Direct selected-signature candidate.,,NO-ROWS,"Primary review: visual, environmental, compatibility, or replacer records are not authoritative new devotional actions; existing canonical source records remain authoritative.",,REJECTED
3b7f73a0c064d288,NQ105,NQ,Visuals - Landscape,Seasonal Landscapes,Seasonal Landscapes.esp,D:\Wabbajack\modlists\ARR 2.5\mods\Seasonal Landscapes\Seasonal Landscapes.esp,3b7f73a0c064d288|000949:Seasonal Landscapes.esp,SIGNAL,read,TREE,000949:Seasonal Landscapes.esp,TreeReachFern03SUM,,,,Direct selected-signature candidate.,,NO-ROWS,"Primary review: visual, environmental, compatibility, or replacer records are not authoritative new devotional actions; existing canonical source records remain authoritative.",,REJECTED
3b7f73a0c064d288,NQ105,NQ,Visuals - Landscape,Seasonal Landscapes,Seasonal Landscapes.esp,D:\Wabbajack\modlists\ARR 2.5\mods\Seasonal Landscapes\Seasonal Landscapes.esp,3b7f73a0c064d288|00094A:Seasonal Landscapes.esp,SIGNAL,read,TREE,00094A:Seasonal Landscapes.esp,TreeReachMntMossCover01SUM,,,,Direct selected-signature candidate.,,NO-ROWS,"Primary review: visual, environmental, compatibility, or replacer records are not authoritative new devotional actions; existing canonical source records remain authoritative.",,REJECTED
3b7f73a0c064d288,NQ105,NQ,Visuals - Landscape,Seasonal Landscapes,Seasonal Landscapes.esp,D:\Wabbajack\modlists\ARR 2.5\mods\Seasonal Landscapes\Seasonal Landscapes.esp,3b7f73a0c064d288|00094B:Seasonal Landscapes.esp,SIGNAL,read,TREE,00094B:Seasonal Landscapes.esp,TreeReachMntMossCover02SUM,,,,Direct selected-signature candidate.,,NO-ROWS,"Primary review: visual, environmental, compatibility, or replacer records are not authoritative new devotional actions; existing canonical source records remain authoritative.",,REJECTED
3b7f73a0c064d288,NQ105,NQ,Visuals - Landscape,Seasonal Landscapes,Seasonal Landscapes.esp,D:\Wabbajack\modlists\ARR 2.5\mods\Seasonal Landscapes\Seasonal Landscapes.esp,3b7f73a0c064d288|00094C:Seasonal Landscapes.esp,SIGNAL,read,TREE,00094C:Seasonal Landscapes.esp,TreeReachMntMossCover03SUM,,,,Direct selected-signature candidate.,,NO-ROWS,"Primary review: visual, environmental, compatibility, or replacer records are not authoritative new devotional actions; existing canonical source records remain authoritative.",,REJECTED
3b7f73a0c064d288,NQ105,NQ,Visuals - Landscape,Seasonal Landscapes,Seasonal Landscapes.esp,D:\Wabbajack\modlists\ARR 2.5\mods\Seasonal Landscapes\Seasonal Landscapes.esp,3b7f73a0c064d288|00094D:Seasonal Landscapes.esp,SIGNAL,read,TREE,00094D:Seasonal Landscapes.esp,TreeReachMntMossCover04SUM,,,,Direct selected-signature candidate.,,NO-ROWS,"Primary review: visual, environmental, compatibility, or replacer records are not authoritative new devotional actions; existing canonical source records remain authoritative.",,REJECTED
3b7f73a0c064d288,NQ105,NQ,Visuals - Landscape,Seasonal Landscapes,Seasonal Landscapes.esp,D:\Wabbajack\modlists\ARR 2.5\mods\Seasonal Landscapes\Seasonal Landscapes.esp,3b7f73a0c064d288|00094E:Seasonal Landscapes.esp,SIGNAL,read,TREE,00094E:Seasonal Landscapes.esp,TreeReachMntMossCover05SUM,,,,Direct selected-signature candidate.,,NO-ROWS,"Primary review: visual, environmental, compatibility, or replacer records are not authoritative new devotional actions; existing canonical source records remain authoritative.",,REJECTED
3b7f73a0c064d288,NQ105,NQ,Visuals - Landscape,Seasonal Landscapes,Seasonal Landscapes.esp,D:\Wabbajack\modlists\ARR 2.5\mods\Seasonal Landscapes\Seasonal Landscapes.esp,3b7f73a0c064d288|00094F:Seasonal Landscapes.esp,SIGNAL,read,TREE,00094F:Seasonal Landscapes.esp,TreeReachShrub01SUM,,,,Direct selected-signature candidate.,,NO-ROWS,"Primary review: visual, environmental, compatibility, or replacer records are not authoritative new devotional actions; existing canonical source records remain authoritative.",,REJECTED
3b7f73a0c064d288,NQ105,NQ,Visuals - Landscape,Seasonal Landscapes,Seasonal Landscapes.esp,D:\Wabbajack\modlists\ARR 2.5\mods\Seasonal Landscapes\Seasonal Landscapes.esp,3b7f73a0c064d288|000950:Seasonal Landscapes.esp,SIGNAL,read,TREE,000950:Seasonal Landscapes.esp,TreeReachShrub02SUM,,,,Direct selected-signature candidate.,,NO-ROWS,"Primary review: visual, environmental, compatibility, or replacer records are not authoritative new devotional actions; existing canonical source records remain authoritative.",,REJECTED
3b7f73a0c064d288,NQ105,NQ,Visuals - Landscape,Seasonal Landscapes,Seasonal Landscapes.esp,D:\Wabbajack\modlists\ARR 2.5\mods\Seasonal Landscapes\Seasonal Landscapes.esp,3b7f73a0c064d288|000951:Seasonal Landscapes.esp,SIGNAL,read,TREE,000951:Seasonal Landscapes.esp,TreeReachBush01SUM,,,,Direct selected-signature candidate.,,NO-ROWS,"Primary review: visual, environmental, compatibility, or replacer records are not authoritative new devotional actions; existing canonical source records remain authoritative.",,REJECTED
3b7f73a0c064d288,NQ105,NQ,Visuals - Landscape,Seasonal Landscapes,Seasonal Landscapes.esp,D:\Wabbajack\modlists\ARR 2.5\mods\Seasonal Landscapes\Seasonal Landscapes.esp,3b7f73a0c064d288|000952:Seasonal Landscapes.esp,SIGNAL,read,TREE,000952:Seasonal Landscapes.esp,TreeReachBush02SUM,,,,Direct selected-signature candidate.,,NO-ROWS,"Primary review: visual, environmental, compatibility, or replacer records are not authoritative new devotional actions; existing canonical source records remain authoritative.",,REJECTED
3b7f73a0c064d288,NQ105,NQ,Visuals - Landscape,Seasonal Landscapes,Seasonal Landscapes.esp,D:\Wabbajack\modlists\ARR 2.5\mods\Seasonal Landscapes\Seasonal Landscapes.esp,3b7f73a0c064d288|000953:Seasonal Landscapes.esp,SIGNAL,read,TREE,000953:Seasonal Landscapes.esp,TreeFloraJuniper01SUM,,,,Direct selected-signature candidate.,,NO-ROWS,"Primary review: visual, environmental, compatibility, or replacer records are not authoritative new devotional actions; existing canonical source records remain authoritative.",,REJECTED
3b7f73a0c064d288,NQ105,NQ,Visuals - Landscape,Seasonal Landscapes,Seasonal Landscapes.esp,D:\Wabbajack\modlists\ARR 2.5\mods\Seasonal Landscapes\Seasonal Landscapes.esp,3b7f73a0c064d288|00096C:Seasonal Landscapes.esp,SIGNAL,read,TREE,00096C:Seasonal Landscapes.esp,TreeFloraDeathBell01SUM,,,,Direct selected-signature candidate.,,NO-ROWS,"Primary review: visual, environmental, compatibility, or replacer records are not authoritative new devotional actions; existing canonical source records remain authoritative.",,REJECTED
3b7f73a0c064d288,NQ105,NQ,Visuals - Landscape,Seasonal Landscapes,Seasonal Landscapes.esp,D:\Wabbajack\modlists\ARR 2.5\mods\Seasonal Landscapes\Seasonal Landscapes.esp,3b7f73a0c064d288|00096D:Seasonal Landscapes.esp,SIGNAL,read,TREE,00096D:Seasonal Landscapes.esp,TreeFloraDeathBell02SUM,,,,Direct selected-signature candidate.,,NO-ROWS,"Primary review: visual, environmental, compatibility, or replacer records are not authoritative new devotional actions; existing canonical source records remain authoritative.",,REJECTED
3b7f73a0c064d288,NQ105,NQ,Visuals - Landscape,Seasonal Landscapes,Seasonal Landscapes.esp,D:\Wabbajack\modlists\ARR 2.5\mods\Seasonal Landscapes\Seasonal Landscapes.esp,3b7f73a0c064d288|000988:Seasonal Landscapes.esp,SIGNAL,read,TREE,000988:Seasonal Landscapes.esp,TreeFloraJazBay01SUM,,,,Direct selected-signature candidate.,,NO-ROWS,"Primary review: visual, environmental, compatibility, or replacer records are not authoritative new devotional actions; existing canonical source records remain authoritative.",,REJECTED
3b7f73a0c064d288,NQ105,NQ,Visuals - Landscape,Seasonal Landscapes,Seasonal Landscapes.esp,D:\Wabbajack\modlists\ARR 2.5\mods\Seasonal Landscapes\Seasonal Landscapes.esp,3b7f73a0c064d288|00098B:Seasonal Landscapes.esp,SIGNAL,read,TREE,00098B:Seasonal Landscapes.esp,TreeAspen01WIN,,,,Direct selected-signature candidate.,,NO-ROWS,"Primary review: visual, environmental, compatibility, or replacer records are not authoritative new devotional actions; existing canonical source records remain authoritative.",,REJECTED
3b7f73a0c064d288,NQ105,NQ,Visuals - Landscape,Seasonal Landscapes,Seasonal Landscapes.esp,D:\Wabbajack\modlists\ARR 2.5\mods\Seasonal Landscapes\Seasonal Landscapes.esp,3b7f73a0c064d288|00098C:Seasonal Landscapes.esp,SIGNAL,read,TREE,00098C:Seasonal Landscapes.esp,TreeAspen02WIN,,,,Direct selected-signature candidate.,,NO-ROWS,"Primary review: visual, environmental, compatibility, or replacer records are not authoritative new devotional actions; existing canonical source records remain authoritative.",,REJECTED
3b7f73a0c064d288,NQ105,NQ,Visuals - Landscape,Seasonal Landscapes,Seasonal Landscapes.esp,D:\Wabbajack\modlists\ARR 2.5\mods\Seasonal Landscapes\Seasonal Landscapes.esp,3b7f73a0c064d288|00098D:Seasonal Landscapes.esp,SIGNAL,read,TREE,00098D:Seasonal Landscapes.esp,TreeAspen03WIN,,,,Direct selected-signature candidate.,,NO-ROWS,"Primary review: visual, environmental, compatibility, or replacer records are not authoritative new devotional actions; existing canonical source records remain authoritative.",,REJECTED
3b7f73a0c064d288,NQ105,NQ,Visuals - Landscape,Seasonal Landscapes,Seasonal Landscapes.esp,D:\Wabbajack\modlists\ARR 2.5\mods\Seasonal Landscapes\Seasonal Landscapes.esp,3b7f73a0c064d288|00098E:Seasonal Landscapes.esp,SIGNAL,read,TREE,00098E:Seasonal Landscapes.esp,TreeAspen04WIN,,,,Direct selected-signature candidate.,,NO-ROWS,"Primary review: visual, environmental, compatibility, or replacer records are not authoritative new devotional actions; existing canonical source records remain authoritative.",,REJECTED
3b7f73a0c064d288,NQ105,NQ,Visuals - Landscape,Seasonal Landscapes,Seasonal Landscapes.esp,D:\Wabbajack\modlists\ARR 2.5\mods\Seasonal Landscapes\Seasonal Landscapes.esp,3b7f73a0c064d288|00098F:Seasonal Landscapes.esp,SIGNAL,read,TREE,00098F:Seasonal Landscapes.esp,TreeAspen05WIN,,,,Direct selected-signature candidate.,,NO-ROWS,"Primary review: visual, environmental, compatibility, or replacer records are not authoritative new devotional actions; existing canonical source records remain authoritative.",,REJECTED
3b7f73a0c064d288,NQ105,NQ,Visuals - Landscape,Seasonal Landscapes,Seasonal Landscapes.esp,D:\Wabbajack\modlists\ARR 2.5\mods\Seasonal Landscapes\Seasonal Landscapes.esp,3b7f73a0c064d288|000990:Seasonal Landscapes.esp,SIGNAL,read,TREE,000990:Seasonal Landscapes.esp,TreeAspen06WIN,,,,Direct selected-signature candidate.,,NO-ROWS,"Primary review: visual, environmental, compatibility, or replacer records are not authoritative new devotional actions; existing canonical source records remain authoritative.",,REJECTED
3b7f73a0c064d288,NQ105,NQ,Visuals - Landscape,Seasonal Landscapes,Seasonal Landscapes.esp,D:\Wabbajack\modlists\ARR 2.5\mods\Seasonal Landscapes\Seasonal Landscapes.esp,3b7f73a0c064d288|000991:Seasonal Landscapes.esp,SIGNAL,read,TREE,000991:Seasonal Landscapes.esp,TreeFallForestShrub01SPR,,,,Direct selected-signature candidate.,,NO-ROWS,"Primary review: visual, environmental, compatibility, or replacer records are not authoritative new devotional actions; existing canonical source records remain authoritative.",,REJECTED
3b7f73a0c064d288,NQ105,NQ,Visuals - Landscape,Seasonal Landscapes,Seasonal Landscapes.esp,D:\Wabbajack\modlists\ARR 2.5\mods\Seasonal Landscapes\Seasonal Landscapes.esp,3b7f73a0c064d288|000992:Seasonal Landscapes.esp,SIGNAL,read,TREE,000992:Seasonal Landscapes.esp,TreeFallForestShrub02SPR,,,,Direct selected-signature candidate.,,NO-ROWS,"Primary review: visual, environmental, compatibility, or replacer records are not authoritative new devotional actions; existing canonical source records remain authoritative.",,REJECTED
3b7f73a0c064d288,NQ105,NQ,Visuals - Landscape,Seasonal Landscapes,Seasonal Landscapes.esp,D:\Wabbajack\modlists\ARR 2.5\mods\Seasonal Landscapes\Seasonal Landscapes.esp,3b7f73a0c064d288|000993:Seasonal Landscapes.esp,SIGNAL,read,TREE,000993:Seasonal Landscapes.esp,TreeAspen01AUTDUPLICATE001,,,,Direct selected-signature candidate.,,NO-ROWS,"Primary review: visual, environmental, compatibility, or replacer records are not authoritative new devotional actions; existing canonical source records remain authoritative.",,REJECTED
3b7f73a0c064d288,NQ105,NQ,Visuals - Landscape,Seasonal Landscapes,Seasonal Landscapes.esp,D:\Wabbajack\modlists\ARR 2.5\mods\Seasonal Landscapes\Seasonal Landscapes.esp,3b7f73a0c064d288|000994:Seasonal Landscapes.esp,SIGNAL,read,TREE,000994:Seasonal Landscapes.esp,TreeAspen02AUTDUPLICATE001,,,,Direct selected-signature candidate.,,NO-ROWS,"Primary review: visual, environmental, compatibility, or replacer records are not authoritative new devotional actions; existing canonical source records remain authoritative.",,REJECTED
3b7f73a0c064d288,NQ105,NQ,Visuals - Landscape,Seasonal Landscapes,Seasonal Landscapes.esp,D:\Wabbajack\modlists\ARR 2.5\mods\Seasonal Landscapes\Seasonal Landscapes.esp,3b7f73a0c064d288|000995:Seasonal Landscapes.esp,SIGNAL,read,TREE,000995:Seasonal Landscapes.esp,TreeAspen03AUTDUPLICATE001,,,,Direct selected-signature candidate.,,NO-ROWS,"Primary review: visual, environmental, compatibility, or replacer records are not authoritative new devotional actions; existing canonical source records remain authoritative.",,REJECTED
3b7f73a0c064d288,NQ105,NQ,Visuals - Landscape,Seasonal Landscapes,Seasonal Landscapes.esp,D:\Wabbajack\modlists\ARR 2.5\mods\Seasonal Landscapes\Seasonal Landscapes.esp,3b7f73a0c064d288|000996:Seasonal Landscapes.esp,SIGNAL,read,TREE,000996:Seasonal Landscapes.esp,TreeAspen04AUTDUPLICATE001,,,,Direct selected-signature candidate.,,NO-ROWS,"Primary review: visual, environmental, compatibility, or replacer records are not authoritative new devotional actions; existing canonical source records remain authoritative.",,REJECTED
3b7f73a0c064d288,NQ105,NQ,Visuals - Landscape,Seasonal Landscapes,Seasonal Landscapes.esp,D:\Wabbajack\modlists\ARR 2.5\mods\Seasonal Landscapes\Seasonal Landscapes.esp,3b7f73a0c064d288|000997:Seasonal Landscapes.esp,SIGNAL,read,TREE,000997:Seasonal Landscapes.esp,TreeAspen05AUTDUPLICATE001,,,,Direct selected-signature candidate.,,NO-ROWS,"Primary review: visual, environmental, compatibility, or replacer records are not authoritative new devotional actions; existing canonical source records remain authoritative.",,REJECTED
3b7f73a0c064d288,NQ105,NQ,Visuals - Landscape,Seasonal Landscapes,Seasonal Landscapes.esp,D:\Wabbajack\modlists\ARR 2.5\mods\Seasonal Landscapes\Seasonal Landscapes.esp,3b7f73a0c064d288|000998:Seasonal Landscapes.esp,SIGNAL,read,TREE,000998:Seasonal Landscapes.esp,TreeAspen06AUTDUPLICATE001,,,,Direct selected-signature candidate.,,NO-ROWS,"Primary review: visual, environmental, compatibility, or replacer records are not authoritative new devotional actions; existing canonical source records remain authoritative.",,REJECTED
3b7f73a0c064d288,NQ105,NQ,Visuals - Landscape,Seasonal Landscapes,Seasonal Landscapes.esp,D:\Wabbajack\modlists\ARR 2.5\mods\Seasonal Landscapes\Seasonal Landscapes.esp,3b7f73a0c064d288|000999:Seasonal Landscapes.esp,SIGNAL,read,TREE,000999:Seasonal Landscapes.esp,TreeFallForestShrub01AUT,,,,Direct selected-signature candidate.,,NO-ROWS,"Primary review: visual, environmental, compatibility, or replacer records are not authoritative new devotional actions; existing canonical source records remain authoritative.",,REJECTED
3b7f73a0c064d288,NQ105,NQ,Visuals - Landscape,Seasonal Landscapes,Seasonal Landscapes.esp,D:\Wabbajack\modlists\ARR 2.5\mods\Seasonal Landscapes\Seasonal Landscapes.esp,3b7f73a0c064d288|00099A:Seasonal Landscapes.esp,SIGNAL,read,TREE,00099A:Seasonal Landscapes.esp,TreeFallForestShrub02AUT,,,,Direct selected-signature candidate.,,NO-ROWS,"Primary review: visual, environmental, compatibility, or replacer records are not authoritative new devotional actions; existing canonical source records remain authoritative.",,REJECTED
3b7f73a0c064d288,NQ105,NQ,Visuals - Landscape,Seasonal Landscapes,Seasonal Landscapes.esp,D:\Wabbajack\modlists\ARR 2.5\mods\Seasonal Landscapes\Seasonal Landscapes.esp,3b7f73a0c064d288|00099D:Seasonal Landscapes.esp,SIGNAL,read,TREE,00099D:Seasonal Landscapes.esp,TreeFloraSnowberry01AUT,,,,Direct selected-signature candidate.,,NO-ROWS,"Primary review: visual, environmental, compatibility, or replacer records are not authoritative new devotional actions; existing canonical source records remain authoritative.",,REJECTED
3b7f73a0c064d288,NQ105,NQ,Visuals - Landscape,Seasonal Landscapes,Seasonal Landscapes.esp,D:\Wabbajack\modlists\ARR 2.5\mods\Seasonal Landscapes\Seasonal Landscapes.esp,3b7f73a0c064d288|00099E:Seasonal Landscapes.esp,SIGNAL,read,TREE,00099E:Seasonal Landscapes.esp,TreeFloraSnowberry02AUT,,,,Direct selected-signature candidate.,,NO-ROWS,"Primary review: visual, environmental, compatibility, or replacer records are not authoritative new devotional actions; existing canonical source records remain authoritative.",,REJECTED
3b7f73a0c064d288,NQ105,NQ,Visuals - Landscape,Seasonal Landscapes,Seasonal Landscapes.esp,D:\Wabbajack\modlists\ARR 2.5\mods\Seasonal Landscapes\Seasonal Landscapes.esp,3b7f73a0c064d288|00099F:Seasonal Landscapes.esp,SIGNAL,read,TREE,00099F:Seasonal Landscapes.esp,TreeFloraSnowberry02Snow,,,,Direct selected-signature candidate.,,NO-ROWS,"Primary review: visual, environmental, compatibility, or replacer records are not authoritative new devotional actions; existing canonical source records remain authoritative.",,REJECTED
3b7f73a0c064d288,NQ105,NQ,Visuals - Landscape,Seasonal Landscapes,Seasonal Landscapes.esp,D:\Wabbajack\modlists\ARR 2.5\mods\Seasonal Landscapes\Seasonal Landscapes.esp,3b7f73a0c064d288|0009AF:Seasonal Landscapes.esp,SIGNAL,read,TREE,0009AF:Seasonal Landscapes.esp,TreeFloraNightshade01AUT,,,,Direct selected-signature candidate.,,NO-ROWS,"Primary review: visual, environmental, compatibility, or replacer records are not authoritative new devotional actions; existing canonical source records remain authoritative.",,REJECTED
3b7f73a0c064d288,NQ105,NQ,Visuals - Landscape,Seasonal Landscapes,Seasonal Landscapes.esp,D:\Wabbajack\modlists\ARR 2.5\mods\Seasonal Landscapes\Seasonal Landscapes.esp,3b7f73a0c064d288|0009B0:Seasonal Landscapes.esp,SIGNAL,read,TREE,0009B0:Seasonal Landscapes.esp,TreeFloraNightshade02AUT,,,,Direct selected-signature candidate.,,NO-ROWS,"Primary review: visual, environmental, compatibility, or replacer records are not authoritative new devotional actions; existing canonical source records remain authoritative.",,REJECTED
3b7f73a0c064d288,NQ105,NQ,Visuals - Landscape,Seasonal Landscapes,Seasonal Landscapes.esp,D:\Wabbajack\modlists\ARR 2.5\mods\Seasonal Landscapes\Seasonal Landscapes.esp,3b7f73a0c064d288|0009BC:Seasonal Landscapes.esp,SIGNAL,read,TREE,0009BC:Seasonal Landscapes.esp,TreeFloraDragonsTongue01AUT,,,,Direct selected-signature candidate.,,NO-ROWS,"Primary review: visual, environmental, compatibility, or replacer records are not authoritative new devotional actions; existing canonical source records remain authoritative.",,REJECTED
3b7f73a0c064d288,NQ105,NQ,Visuals - Landscape,Seasonal Landscapes,Seasonal Landscapes.esp,D:\Wabbajack\modlists\ARR 2.5\mods\Seasonal Landscapes\Seasonal Landscapes.esp,3b7f73a0c064d288|0009BD:Seasonal Landscapes.esp,SIGNAL,read,TREE,0009BD:Seasonal Landscapes.esp,TreeFloraDragonsTongue02AUT,,,,Direct selected-signature candidate.,,NO-ROWS,"Primary review: visual, environmental, compatibility, or replacer records are not authoritative new devotional actions; existing canonical source records remain authoritative.",,REJECTED
3b7f73a0c064d288,NQ105,NQ,Visuals - Landscape,Seasonal Landscapes,Seasonal Landscapes.esp,D:\Wabbajack\modlists\ARR 2.5\mods\Seasonal Landscapes\Seasonal Landscapes.esp,3b7f73a0c064d288|0009BE:Seasonal Landscapes.esp,SIGNAL,read,TREE,0009BE:Seasonal Landscapes.esp,TreeWRTemple01SUM,,,,Direct selected-signature candidate.,,NO-ROWS,"Primary review: visual, environmental, compatibility, or replacer records are not authoritative new devotional actions; existing canonical source records remain authoritative.",,REJECTED
3b7f73a0c064d288,NQ105,NQ,Visuals - Landscape,Seasonal Landscapes,Seasonal Landscapes.esp,D:\Wabbajack\modlists\ARR 2.5\mods\Seasonal Landscapes\Seasonal Landscapes.esp,3b7f73a0c064d288|0009BF:Seasonal Landscapes.esp,SIGNAL,read,TREE,0009BF:Seasonal Landscapes.esp,TreeWRTemple02SUM,,,,Direct selected-signature candidate.,,NO-ROWS,"Primary review: visual, environmental, compatibility, or replacer records are not authoritative new devotional actions; existing canonical source records remain authoritative.",,REJECTED
3b7f73a0c064d288,NQ105,NQ,Visuals - Landscape,Seasonal Landscapes,Seasonal Landscapes.esp,D:\Wabbajack\modlists\ARR 2.5\mods\Seasonal Landscapes\Seasonal Landscapes.esp,3b7f73a0c064d288|0009CF:Seasonal Landscapes.esp,SIGNAL,read,TREE,0009CF:Seasonal Landscapes.esp,TreeFloraHangingMoss01AUT,,,,Direct selected-signature candidate.,,NO-ROWS,"Primary review: visual, environmental, compatibility, or replacer records are not authoritative new devotional actions; existing canonical source records remain authoritative.",,REJECTED
3b7f73a0c064d288,NQ105,NQ,Visuals - Landscape,Seasonal Landscapes,Seasonal Landscapes.esp,D:\Wabbajack\modlists\ARR 2.5\mods\Seasonal Landscapes\Seasonal Landscapes.esp,3b7f73a0c064d288|0009D0:Seasonal Landscapes.esp,SIGNAL,read,TREE,0009D0:Seasonal Landscapes.esp,TreeFloraHangingMoss02AUT,,,,Direct selected-signature candidate.,,NO-ROWS,"Primary review: visual, environmental, compatibility, or replacer records are not authoritative new devotional actions; existing canonical source records remain authoritative.",,REJECTED
504243fcaf193361,NQ105,NQ,Visuals - Landscape,Seosonal Landscapes - Requiem,Requiem - Seasonal Landscapes.esp,D:\Wabbajack\modlists\ARR 2.5\mods\Seosonal Landscapes - Requiem\Requiem - Seasonal Landscapes.esp,PLUGIN,PLUGIN-SUMMARY,read,,,,,,,Direct selected-signature reads.,TREE:46,NO-ROWS,"Primary review: creature assets, fauna loot, scenery, utility, weather, framework, or ordinary world records do not encode a distinct deliberate devotional act.",Direct signal candidate enumeration: 46,REJECTED
504243fcaf193361,NQ105,NQ,Visuals - Landscape,Seosonal Landscapes - Requiem,Requiem - Seasonal Landscapes.esp,D:\Wabbajack\modlists\ARR 2.5\mods\Seosonal Landscapes - Requiem\Requiem - Seasonal Landscapes.esp,504243fcaf193361|00084B:Seasonal Landscapes.esp,SIGNAL,read,TREE,00084B:Seasonal Landscapes.esp,TreeFloraPotatoPlant01WIN,,,,Direct selected-signature candidate.,,NO-ROWS,"Primary review: creature assets, fauna loot, scenery, utility, weather, framework, or ordinary world records do not encode a distinct deliberate devotional act.",,REJECTED
504243fcaf193361,NQ105,NQ,Visuals - Landscape,Seosonal Landscapes - Requiem,Requiem - Seasonal Landscapes.esp,D:\Wabbajack\modlists\ARR 2.5\mods\Seosonal Landscapes - Requiem\Requiem - Seasonal Landscapes.esp,504243fcaf193361|00084C:Seasonal Landscapes.esp,SIGNAL,read,TREE,00084C:Seasonal Landscapes.esp,TreeFloraThistle01WIN,,,,Direct selected-signature candidate.,,NO-ROWS,"Primary review: creature assets, fauna loot, scenery, utility, weather, framework, or ordinary world records do not encode a distinct deliberate devotional act.",,REJECTED
504243fcaf193361,NQ105,NQ,Visuals - Landscape,Seosonal Landscapes - Requiem,Requiem - Seasonal Landscapes.esp,D:\Wabbajack\modlists\ARR 2.5\mods\Seosonal Landscapes - Requiem\Requiem - Seasonal Landscapes.esp,504243fcaf193361|00084D:Seasonal Landscapes.esp,SIGNAL,read,TREE,00084D:Seasonal Landscapes.esp,TreeFloraMountainFlower01BlueWIN,,,,Direct selected-signature candidate.,,NO-ROWS,"Primary review: creature assets, fauna loot, scenery, utility, weather, framework, or ordinary world records do not encode a distinct deliberate devotional act.",,REJECTED
504243fcaf193361,NQ105,NQ,Visuals - Landscape,Seosonal Landscapes - Requiem,Requiem - Seasonal Landscapes.esp,D:\Wabbajack\modlists\ARR 2.5\mods\Seosonal Landscapes - Requiem\Requiem - Seasonal Landscapes.esp,504243fcaf193361|00084E:Seasonal Landscapes.esp,SIGNAL,read,TREE,00084E:Seasonal Landscapes.esp,TreeFloraMountainFlower01PurpleWIN,,,,Direct selected-signature candidate.,,NO-ROWS,"Primary review: creature assets, fauna loot, scenery, utility, weather, framework, or ordinary world records do not encode a distinct deliberate devotional act.",,REJECTED
504243fcaf193361,NQ105,NQ,Visuals - Landscape,Seosonal Landscapes - Requiem,Requiem - Seasonal Landscapes.esp,D:\Wabbajack\modlists\ARR 2.5\mods\Seosonal Landscapes - Requiem\Requiem - Seasonal Landscapes.esp,504243fcaf193361|00084F:Seasonal Landscapes.esp,SIGNAL,read,TREE,00084F:Seasonal Landscapes.esp,TreeFloraMountainFlower01RedWIN,,,,Direct selected-signature candidate.,,NO-ROWS,"Primary review: creature assets, fauna loot, scenery, utility, weather, framework, or ordinary world records do not encode a distinct deliberate devotional act.",,REJECTED
504243fcaf193361,NQ105,NQ,Visuals - Landscape,Seosonal Landscapes - Requiem,Requiem - Seasonal Landscapes.esp,D:\Wabbajack\modlists\ARR 2.5\mods\Seosonal Landscapes - Requiem\Requiem - Seasonal Landscapes.esp,504243fcaf193361|000850:Seasonal Landscapes.esp,SIGNAL,read,TREE,000850:Seasonal Landscapes.esp,TreeFloraMountainFlower02BlueWIN,,,,Direct selected-signature candidate.,,NO-ROWS,"Primary review: creature assets, fauna loot, scenery, utility, weather, framework, or ordinary world records do not encode a distinct deliberate devotional act.",,REJECTED
504243fcaf193361,NQ105,NQ,Visuals - Landscape,Seosonal Landscapes - Requiem,Requiem - Seasonal Landscapes.esp,D:\Wabbajack\modlists\ARR 2.5\mods\Seosonal Landscapes - Requiem\Requiem - Seasonal Landscapes.esp,504243fcaf193361|000851:Seasonal Landscapes.esp,SIGNAL,read,TREE,000851:Seasonal Landscapes.esp,TreeFloraMountainFlower02PurpleWIN,,,,Direct selected-signature candidate.,,NO-ROWS,"Primary review: creature assets, fauna loot, scenery, utility, weather, framework, or ordinary world records do not encode a distinct deliberate devotional act.",,REJECTED
504243fcaf193361,NQ105,NQ,Visuals - Landscape,Seosonal Landscapes - Requiem,Requiem - Seasonal Landscapes.esp,D:\Wabbajack\modlists\ARR 2.5\mods\Seosonal Landscapes - Requiem\Requiem - Seasonal Landscapes.esp,504243fcaf193361|000852:Seasonal Landscapes.esp,SIGNAL,read,TREE,000852:Seasonal Landscapes.esp,TreeFloraMountainFlower02RedWIN,,,,Direct selected-signature candidate.,,NO-ROWS,"Primary review: creature assets, fauna loot, scenery, utility, weather, framework, or ordinary world records do not encode a distinct deliberate devotional act.",,REJECTED
504243fcaf193361,NQ105,NQ,Visuals - Landscape,Seosonal Landscapes - Requiem,Requiem - Seasonal Landscapes.esp,D:\Wabbajack\modlists\ARR 2.5\mods\Seosonal Landscapes - Requiem\Requiem - Seasonal Landscapes.esp,504243fcaf193361|000890:Seasonal Landscapes.esp,SIGNAL,read,TREE,000890:Seasonal Landscapes.esp,TreeFloraTundraCotton01SUM,,,,Direct selected-signature candidate.,,NO-ROWS,"Primary review: creature assets, fauna loot, scenery, utility, weather, framework, or ordinary world records do not encode a distinct deliberate devotional act.",,REJECTED
504243fcaf193361,NQ105,NQ,Visuals - Landscape,Seosonal Landscapes - Requiem,Requiem - Seasonal Landscapes.esp,D:\Wabbajack\modlists\ARR 2.5\mods\Seosonal Landscapes - Requiem\Requiem - Seasonal Landscapes.esp,504243fcaf193361|000891:Seasonal Landscapes.esp,SIGNAL,read,TREE,000891:Seasonal Landscapes.esp,TreeFloraLavender01SUM,,,,Direct selected-signature candidate.,,NO-ROWS,"Primary review: creature assets, fauna loot, scenery, utility, weather, framework, or ordinary world records do not encode a distinct deliberate devotional act.",,REJECTED
504243fcaf193361,NQ105,NQ,Visuals - Landscape,Seosonal Landscapes - Requiem,Requiem - Seasonal Landscapes.esp,D:\Wabbajack\modlists\ARR 2.5\mods\Seosonal Landscapes - Requiem\Requiem - Seasonal Landscapes.esp,504243fcaf193361|0008B4:Seasonal Landscapes.esp,SIGNAL,read,TREE,0008B4:Seasonal Landscapes.esp,TreeFloraMountainFlower01BlueAUT,,,,Direct selected-signature candidate.,,NO-ROWS,"Primary review: creature assets, fauna loot, scenery, utility, weather, framework, or ordinary world records do not encode a distinct deliberate devotional act.",,REJECTED
504243fcaf193361,NQ105,NQ,Visuals - Landscape,Seosonal Landscapes - Requiem,Requiem - Seasonal Landscapes.esp,D:\Wabbajack\modlists\ARR 2.5\mods\Seosonal Landscapes - Requiem\Requiem - Seasonal Landscapes.esp,504243fcaf193361|0008B5:Seasonal Landscapes.esp,SIGNAL,read,TREE,0008B5:Seasonal Landscapes.esp,TreeFloraMountainFlower01PurpleAUT,,,,Direct selected-signature candidate.,,NO-ROWS,"Primary review: creature assets, fauna loot, scenery, utility, weather, framework, or ordinary world records do not encode a distinct deliberate devotional act.",,REJECTED
504243fcaf193361,NQ105,NQ,Visuals - Landscape,Seosonal Landscapes - Requiem,Requiem - Seasonal Landscapes.esp,D:\Wabbajack\modlists\ARR 2.5\mods\Seosonal Landscapes - Requiem\Requiem - Seasonal Landscapes.esp,504243fcaf193361|0008B6:Seasonal Landscapes.esp,SIGNAL,read,TREE,0008B6:Seasonal Landscapes.esp,TreeFloraMountainFlower01RedAUT,,,,Direct selected-signature candidate.,,NO-ROWS,"Primary review: creature assets, fauna loot, scenery, utility, weather, framework, or ordinary world records do not encode a distinct deliberate devotional act.",,REJECTED
504243fcaf193361,NQ105,NQ,Visuals - Landscape,Seosonal Landscapes - Requiem,Requiem - Seasonal Landscapes.esp,D:\Wabbajack\modlists\ARR 2.5\mods\Seosonal Landscapes - Requiem\Requiem - Seasonal Landscapes.esp,504243fcaf193361|0008B7:Seasonal Landscapes.esp,SIGNAL,read,TREE,0008B7:Seasonal Landscapes.esp,TreeFloraMountainFlower02BlueAUT,,,,Direct selected-signature candidate.,,NO-ROWS,"Primary review: creature assets, fauna loot, scenery, utility, weather, framework, or ordinary world records do not encode a distinct deliberate devotional act.",,REJECTED
504243fcaf193361,NQ105,NQ,Visuals - Landscape,Seosonal Landscapes - Requiem,Requiem - Seasonal Landscapes.esp,D:\Wabbajack\modlists\ARR 2.5\mods\Seosonal Landscapes - Requiem\Requiem - Seasonal Landscapes.esp,504243fcaf193361|0008B8:Seasonal Landscapes.esp,SIGNAL,read,TREE,0008B8:Seasonal Landscapes.esp,TreeFloraMountainFlower02PurpleAUT,,,,Direct selected-signature candidate.,,NO-ROWS,"Primary review: creature assets, fauna loot, scenery, utility, weather, framework, or ordinary world records do not encode a distinct deliberate devotional act.",,REJECTED
504243fcaf193361,NQ105,NQ,Visuals - Landscape,Seosonal Landscapes - Requiem,Requiem - Seasonal Landscapes.esp,D:\Wabbajack\modlists\ARR 2.5\mods\Seosonal Landscapes - Requiem\Requiem - Seasonal Landscapes.esp,504243fcaf193361|0008B9:Seasonal Landscapes.esp,SIGNAL,read,TREE,0008B9:Seasonal Landscapes.esp,TreeFloraMountainFlower02RedAUT,,,,Direct selected-signature candidate.,,NO-ROWS,"Primary review: creature assets, fauna loot, scenery, utility, weather, framework, or ordinary world records do not encode a distinct deliberate devotional act.",,REJECTED
504243fcaf193361,NQ105,NQ,Visuals - Landscape,Seosonal Landscapes - Requiem,Requiem - Seasonal Landscapes.esp,D:\Wabbajack\modlists\ARR 2.5\mods\Seosonal Landscapes - Requiem\Requiem - Seasonal Landscapes.esp,504243fcaf193361|0008CC:Seasonal Landscapes.esp,SIGNAL,read,TREE,0008CC:Seasonal Landscapes.esp,TreeFloraLavender01WIN,,,,Direct selected-signature candidate.,,NO-ROWS,"Primary review: creature assets, fauna loot, scenery, utility, weather, framework, or ordinary world records do not encode a distinct deliberate devotional act.",,REJECTED
504243fcaf193361,NQ105,NQ,Visuals - Landscape,Seosonal Landscapes - Requiem,Requiem - Seasonal Landscapes.esp,D:\Wabbajack\modlists\ARR 2.5\mods\Seosonal Landscapes - Requiem\Requiem - Seasonal Landscapes.esp,504243fcaf193361|0008CD:Seasonal Landscapes.esp,SIGNAL,read,TREE,0008CD:Seasonal Landscapes.esp,TreeFloraTundraCotton01WIN,,,,Direct selected-signature candidate.,,NO-ROWS,"Primary review: creature assets, fauna loot, scenery, utility, weather, framework, or ordinary world records do not encode a distinct deliberate devotional act.",,REJECTED
504243fcaf193361,NQ105,NQ,Visuals - Landscape,Seosonal Landscapes - Requiem,Requiem - Seasonal Landscapes.esp,D:\Wabbajack\modlists\ARR 2.5\mods\Seosonal Landscapes - Requiem\Requiem - Seasonal Landscapes.esp,504243fcaf193361|0008CE:Seasonal Landscapes.esp,SIGNAL,read,TREE,0008CE:Seasonal Landscapes.esp,TreeFloraDragonsTongue01WIN,,,,Direct selected-signature candidate.,,NO-ROWS,"Primary review: creature assets, fauna loot, scenery, utility, weather, framework, or ordinary world records do not encode a distinct deliberate devotional act.",,REJECTED
504243fcaf193361,NQ105,NQ,Visuals - Landscape,Seosonal Landscapes - Requiem,Requiem - Seasonal Landscapes.esp,D:\Wabbajack\modlists\ARR 2.5\mods\Seosonal Landscapes - Requiem\Requiem - Seasonal Landscapes.esp,504243fcaf193361|0008CF:Seasonal Landscapes.esp,SIGNAL,read,TREE,0008CF:Seasonal Landscapes.esp,TreeFloraDragonsTongue02WIN,,,,Direct selected-signature candidate.,,NO-ROWS,"Primary review: creature assets, fauna loot, scenery, utility, weather, framework, or ordinary world records do not encode a distinct deliberate devotional act.",,REJECTED
504243fcaf193361,NQ105,NQ,Visuals - Landscape,Seosonal Landscapes - Requiem,Requiem - Seasonal Landscapes.esp,D:\Wabbajack\modlists\ARR 2.5\mods\Seosonal Landscapes - Requiem\Requiem - Seasonal Landscapes.esp,504243fcaf193361|0008D0:Seasonal Landscapes.esp,SIGNAL,read,TREE,0008D0:Seasonal Landscapes.esp,TreeFloraNightshade01WIN,,,,Direct selected-signature candidate.,,NO-ROWS,"Primary review: creature assets, fauna loot, scenery, utility, weather, framework, or ordinary world records do not encode a distinct deliberate devotional act.",,REJECTED
504243fcaf193361,NQ105,NQ,Visuals - Landscape,Seosonal Landscapes - Requiem,Requiem - Seasonal Landscapes.esp,D:\Wabbajack\modlists\ARR 2.5\mods\Seosonal Landscapes - Requiem\Requiem - Seasonal Landscapes.esp,504243fcaf193361|0008D1:Seasonal Landscapes.esp,SIGNAL,read,TREE,0008D1:Seasonal Landscapes.esp,TreeFloraNightshade02WIN,,,,Direct selected-signature candidate.,,NO-ROWS,"Primary review: creature assets, fauna loot, scenery, utility, weather, framework, or ordinary world records do not encode a distinct deliberate devotional act.",,REJECTED
504243fcaf193361,NQ105,NQ,Visuals - Landscape,Seosonal Landscapes - Requiem,Requiem - Seasonal Landscapes.esp,D:\Wabbajack\modlists\ARR 2.5\mods\Seosonal Landscapes - Requiem\Requiem - Seasonal Landscapes.esp,504243fcaf193361|0008EC:Seasonal Landscapes.esp,SIGNAL,read,TREE,0008EC:Seasonal Landscapes.esp,TreeFloraThistle01AUT,,,,Direct selected-signature candidate.,,NO-ROWS,"Primary review: creature assets, fauna loot, scenery, utility, weather, framework, or ordinary world records do not encode a distinct deliberate devotional act.",,REJECTED
504243fcaf193361,NQ105,NQ,Visuals - Landscape,Seosonal Landscapes - Requiem,Requiem - Seasonal Landscapes.esp,D:\Wabbajack\modlists\ARR 2.5\mods\Seosonal Landscapes - Requiem\Requiem - Seasonal Landscapes.esp,504243fcaf193361|000938:Seasonal Landscapes.esp,SIGNAL,read,TREE,000938:Seasonal Landscapes.esp,TreeFloraHangingMoss01WIN,,,,Direct selected-signature candidate.,,NO-ROWS,"Primary review: creature assets, fauna loot, scenery, utility, weather, framework, or ordinary world records do not encode a distinct deliberate devotional act.",,REJECTED
504243fcaf193361,NQ105,NQ,Visuals - Landscape,Seosonal Landscapes - Requiem,Requiem - Seasonal Landscapes.esp,D:\Wabbajack\modlists\ARR 2.5\mods\Seosonal Landscapes - Requiem\Requiem - Seasonal Landscapes.esp,504243fcaf193361|000939:Seasonal Landscapes.esp,SIGNAL,read,TREE,000939:Seasonal Landscapes.esp,TreeFloraHangingMoss02WIN,,,,Direct selected-signature candidate.,,NO-ROWS,"Primary review: creature assets, fauna loot, scenery, utility, weather, framework, or ordinary world records do not encode a distinct deliberate devotional act.",,REJECTED
504243fcaf193361,NQ105,NQ,Visuals - Landscape,Seosonal Landscapes - Requiem,Requiem - Seasonal Landscapes.esp,D:\Wabbajack\modlists\ARR 2.5\mods\Seosonal Landscapes - Requiem\Requiem - Seasonal Landscapes.esp,504243fcaf193361|00093A:Seasonal Landscapes.esp,SIGNAL,read,TREE,00093A:Seasonal Landscapes.esp,TreeFloraHangingMoss03WIN,,,,Direct selected-signature candidate.,,NO-ROWS,"Primary review: creature assets, fauna loot, scenery, utility, weather, framework, or ordinary world records do not encode a distinct deliberate devotional act.",,REJECTED
504243fcaf193361,NQ105,NQ,Visuals - Landscape,Seosonal Landscapes - Requiem,Requiem - Seasonal Landscapes.esp,D:\Wabbajack\modlists\ARR 2.5\mods\Seosonal Landscapes - Requiem\Requiem - Seasonal Landscapes.esp,504243fcaf193361|00093E:Seasonal Landscapes.esp,SIGNAL,read,TREE,00093E:Seasonal Landscapes.esp,TreeFloraDeathBell01WIN,,,,Direct selected-signature candidate.,,NO-ROWS,"Primary review: creature assets, fauna loot, scenery, utility, weather, framework, or ordinary world records do not encode a distinct deliberate devotional act.",,REJECTED
504243fcaf193361,NQ105,NQ,Visuals - Landscape,Seosonal Landscapes - Requiem,Requiem - Seasonal Landscapes.esp,D:\Wabbajack\modlists\ARR 2.5\mods\Seosonal Landscapes - Requiem\Requiem - Seasonal Landscapes.esp,504243fcaf193361|00093F:Seasonal Landscapes.esp,SIGNAL,read,TREE,00093F:Seasonal Landscapes.esp,TreeFloraDeathBell02WIN,,,,Direct selected-signature candidate.,,NO-ROWS,"Primary review: creature assets, fauna loot, scenery, utility, weather, framework, or ordinary world records do not encode a distinct deliberate devotional act.",,REJECTED
504243fcaf193361,NQ105,NQ,Visuals - Landscape,Seosonal Landscapes - Requiem,Requiem - Seasonal Landscapes.esp,D:\Wabbajack\modlists\ARR 2.5\mods\Seosonal Landscapes - Requiem\Requiem - Seasonal Landscapes.esp,504243fcaf193361|000940:Seasonal Landscapes.esp,SIGNAL,read,TREE,000940:Seasonal Landscapes.esp,TreeFloraJazBay01WIN,,,,Direct selected-signature candidate.,,NO-ROWS,"Primary review: creature assets, fauna loot, scenery, utility, weather, framework, or ordinary world records do not encode a distinct deliberate devotional act.",,REJECTED
504243fcaf193361,NQ105,NQ,Visuals - Landscape,Seosonal Landscapes - Requiem,Requiem - Seasonal Landscapes.esp,D:\Wabbajack\modlists\ARR 2.5\mods\Seosonal Landscapes - Requiem\Requiem - Seasonal Landscapes.esp,504243fcaf193361|000941:Seasonal Landscapes.esp,SIGNAL,read,TREE,000941:Seasonal Landscapes.esp,TreeFloraJuniper01WIN,,,,Direct selected-signature candidate.,,NO-ROWS,"Primary review: creature assets, fauna loot, scenery, utility, weather, framework, or ordinary world records do not encode a distinct deliberate devotional act.",,REJECTED
504243fcaf193361,NQ105,NQ,Visuals - Landscape,Seosonal Landscapes - Requiem,Requiem - Seasonal Landscapes.esp,D:\Wabbajack\modlists\ARR 2.5\mods\Seosonal Landscapes - Requiem\Requiem - Seasonal Landscapes.esp,504243fcaf193361|000942:Seasonal Landscapes.esp,SIGNAL,read,TREE,000942:Seasonal Landscapes.esp,TreeFloraSpikyGrass01WIN,,,,Direct selected-signature candidate.,,NO-ROWS,"Primary review: creature assets, fauna loot, scenery, utility, weather, framework, or ordinary world records do not encode a distinct deliberate devotional act.",,REJECTED
504243fcaf193361,NQ105,NQ,Visuals - Landscape,Seosonal Landscapes - Requiem,Requiem - Seasonal Landscapes.esp,D:\Wabbajack\modlists\ARR 2.5\mods\Seosonal Landscapes - Requiem\Requiem - Seasonal Landscapes.esp,504243fcaf193361|000943:Seasonal Landscapes.esp,SIGNAL,read,TREE,000943:Seasonal Landscapes.esp,TreeFloraSpikyGrass02WIN,,,,Direct selected-signature candidate.,,NO-ROWS,"Primary review: creature assets, fauna loot, scenery, utility, weather, framework, or ordinary world records do not encode a distinct deliberate devotional act.",,REJECTED
504243fcaf193361,NQ105,NQ,Visuals - Landscape,Seosonal Landscapes - Requiem,Requiem - Seasonal Landscapes.esp,D:\Wabbajack\modlists\ARR 2.5\mods\Seosonal Landscapes - Requiem\Requiem - Seasonal Landscapes.esp,504243fcaf193361|000953:Seasonal Landscapes.esp,SIGNAL,read,TREE,000953:Seasonal Landscapes.esp,TreeFloraJuniper01SUM,,,,Direct selected-signature candidate.,,NO-ROWS,"Primary review: creature assets, fauna loot, scenery, utility, weather, framework, or ordinary world records do not encode a distinct deliberate devotional act.",,REJECTED
504243fcaf193361,NQ105,NQ,Visuals - Landscape,Seosonal Landscapes - Requiem,Requiem - Seasonal Landscapes.esp,D:\Wabbajack\modlists\ARR 2.5\mods\Seosonal Landscapes - Requiem\Requiem - Seasonal Landscapes.esp,504243fcaf193361|00096C:Seasonal Landscapes.esp,SIGNAL,read,TREE,00096C:Seasonal Landscapes.esp,TreeFloraDeathBell01SUM,,,,Direct selected-signature candidate.,,NO-ROWS,"Primary review: creature assets, fauna loot, scenery, utility, weather, framework, or ordinary world records do not encode a distinct deliberate devotional act.",,REJECTED
504243fcaf193361,NQ105,NQ,Visuals - Landscape,Seosonal Landscapes - Requiem,Requiem - Seasonal Landscapes.esp,D:\Wabbajack\modlists\ARR 2.5\mods\Seosonal Landscapes - Requiem\Requiem - Seasonal Landscapes.esp,504243fcaf193361|00096D:Seasonal Landscapes.esp,SIGNAL,read,TREE,00096D:Seasonal Landscapes.esp,TreeFloraDeathBell02SUM,,,,Direct selected-signature candidate.,,NO-ROWS,"Primary review: creature assets, fauna loot, scenery, utility, weather, framework, or ordinary world records do not encode a distinct deliberate devotional act.",,REJECTED
504243fcaf193361,NQ105,NQ,Visuals - Landscape,Seosonal Landscapes - Requiem,Requiem - Seasonal Landscapes.esp,D:\Wabbajack\modlists\ARR 2.5\mods\Seosonal Landscapes - Requiem\Requiem - Seasonal Landscapes.esp,504243fcaf193361|000988:Seasonal Landscapes.esp,SIGNAL,read,TREE,000988:Seasonal Landscapes.esp,TreeFloraJazBay01SUM,,,,Direct selected-signature candidate.,,NO-ROWS,"Primary review: creature assets, fauna loot, scenery, utility, weather, framework, or ordinary world records do not encode a distinct deliberate devotional act.",,REJECTED
504243fcaf193361,NQ105,NQ,Visuals - Landscape,Seosonal Landscapes - Requiem,Requiem - Seasonal Landscapes.esp,D:\Wabbajack\modlists\ARR 2.5\mods\Seosonal Landscapes - Requiem\Requiem - Seasonal Landscapes.esp,504243fcaf193361|00099D:Seasonal Landscapes.esp,SIGNAL,read,TREE,00099D:Seasonal Landscapes.esp,TreeFloraSnowberry01AUT,,,,Direct selected-signature candidate.,,NO-ROWS,"Primary review: creature assets, fauna loot, scenery, utility, weather, framework, or ordinary world records do not encode a distinct deliberate devotional act.",,REJECTED
504243fcaf193361,NQ105,NQ,Visuals - Landscape,Seosonal Landscapes - Requiem,Requiem - Seasonal Landscapes.esp,D:\Wabbajack\modlists\ARR 2.5\mods\Seosonal Landscapes - Requiem\Requiem - Seasonal Landscapes.esp,504243fcaf193361|00099E:Seasonal Landscapes.esp,SIGNAL,read,TREE,00099E:Seasonal Landscapes.esp,TreeFloraSnowberry02AUT,,,,Direct selected-signature candidate.,,NO-ROWS,"Primary review: creature assets, fauna loot, scenery, utility, weather, framework, or ordinary world records do not encode a distinct deliberate devotional act.",,REJECTED
504243fcaf193361,NQ105,NQ,Visuals - Landscape,Seosonal Landscapes - Requiem,Requiem - Seasonal Landscapes.esp,D:\Wabbajack\modlists\ARR 2.5\mods\Seosonal Landscapes - Requiem\Requiem - Seasonal Landscapes.esp,504243fcaf193361|00099F:Seasonal Landscapes.esp,SIGNAL,read,TREE,00099F:Seasonal Landscapes.esp,TreeFloraSnowberry02Snow,,,,Direct selected-signature candidate.,,NO-ROWS,"Primary review: creature assets, fauna loot, scenery, utility, weather, framework, or ordinary world records do not encode a distinct deliberate devotional act.",,REJECTED
504243fcaf193361,NQ105,NQ,Visuals - Landscape,Seosonal Landscapes - Requiem,Requiem - Seasonal Landscapes.esp,D:\Wabbajack\modlists\ARR 2.5\mods\Seosonal Landscapes - Requiem\Requiem - Seasonal Landscapes.esp,504243fcaf193361|0009AF:Seasonal Landscapes.esp,SIGNAL,read,TREE,0009AF:Seasonal Landscapes.esp,TreeFloraNightshade01AUT,,,,Direct selected-signature candidate.,,NO-ROWS,"Primary review: creature assets, fauna loot, scenery, utility, weather, framework, or ordinary world records do not encode a distinct deliberate devotional act.",,REJECTED
504243fcaf193361,NQ105,NQ,Visuals - Landscape,Seosonal Landscapes - Requiem,Requiem - Seasonal Landscapes.esp,D:\Wabbajack\modlists\ARR 2.5\mods\Seosonal Landscapes - Requiem\Requiem - Seasonal Landscapes.esp,504243fcaf193361|0009B0:Seasonal Landscapes.esp,SIGNAL,read,TREE,0009B0:Seasonal Landscapes.esp,TreeFloraNightshade02AUT,,,,Direct selected-signature candidate.,,NO-ROWS,"Primary review: creature assets, fauna loot, scenery, utility, weather, framework, or ordinary world records do not encode a distinct deliberate devotional act.",,REJECTED
504243fcaf193361,NQ105,NQ,Visuals - Landscape,Seosonal Landscapes - Requiem,Requiem - Seasonal Landscapes.esp,D:\Wabbajack\modlists\ARR 2.5\mods\Seosonal Landscapes - Requiem\Requiem - Seasonal Landscapes.esp,504243fcaf193361|0009BC:Seasonal Landscapes.esp,SIGNAL,read,TREE,0009BC:Seasonal Landscapes.esp,TreeFloraDragonsTongue01AUT,,,,Direct selected-signature candidate.,,NO-ROWS,"Primary review: creature assets, fauna loot, scenery, utility, weather, framework, or ordinary world records do not encode a distinct deliberate devotional act.",,REJECTED
504243fcaf193361,NQ105,NQ,Visuals - Landscape,Seosonal Landscapes - Requiem,Requiem - Seasonal Landscapes.esp,D:\Wabbajack\modlists\ARR 2.5\mods\Seosonal Landscapes - Requiem\Requiem - Seasonal Landscapes.esp,504243fcaf193361|0009BD:Seasonal Landscapes.esp,SIGNAL,read,TREE,0009BD:Seasonal Landscapes.esp,TreeFloraDragonsTongue02AUT,,,,Direct selected-signature candidate.,,NO-ROWS,"Primary review: creature assets, fauna loot, scenery, utility, weather, framework, or ordinary world records do not encode a distinct deliberate devotional act.",,REJECTED
504243fcaf193361,NQ105,NQ,Visuals - Landscape,Seosonal Landscapes - Requiem,Requiem - Seasonal Landscapes.esp,D:\Wabbajack\modlists\ARR 2.5\mods\Seosonal Landscapes - Requiem\Requiem - Seasonal Landscapes.esp,504243fcaf193361|0009CF:Seasonal Landscapes.esp,SIGNAL,read,TREE,0009CF:Seasonal Landscapes.esp,TreeFloraHangingMoss01AUT,,,,Direct selected-signature candidate.,,NO-ROWS,"Primary review: creature assets, fauna loot, scenery, utility, weather, framework, or ordinary world records do not encode a distinct deliberate devotional act.",,REJECTED
504243fcaf193361,NQ105,NQ,Visuals - Landscape,Seosonal Landscapes - Requiem,Requiem - Seasonal Landscapes.esp,D:\Wabbajack\modlists\ARR 2.5\mods\Seosonal Landscapes - Requiem\Requiem - Seasonal Landscapes.esp,504243fcaf193361|0009D0:Seasonal Landscapes.esp,SIGNAL,read,TREE,0009D0:Seasonal Landscapes.esp,TreeFloraHangingMoss02AUT,,,,Direct selected-signature candidate.,,NO-ROWS,"Primary review: creature assets, fauna loot, scenery, utility, weather, framework, or ordinary world records do not encode a distinct deliberate devotional act.",,REJECTED
504243fcaf193361,NQ105,NQ,Visuals - Landscape,Seosonal Landscapes - Requiem,Requiem - Seasonal Landscapes.esp,D:\Wabbajack\modlists\ARR 2.5\mods\Seosonal Landscapes - Requiem\Requiem - Seasonal Landscapes.esp,504243fcaf193361|0009D1:Seasonal Landscapes.esp,SIGNAL,read,TREE,0009D1:Seasonal Landscapes.esp,TreeFloraHangingMoss03AUT,,,,Direct selected-signature candidate.,,NO-ROWS,"Primary review: creature assets, fauna loot, scenery, utility, weather, framework, or ordinary world records do not encode a distinct deliberate devotional act.",,REJECTED
cd9397e78821a7a1,NQ105,NQ,Visuals - Landscape,Softly Obscuring Snowfall - No Dirty Ruins Snow,Softly Obscuring Snowfall - No Dirty Ruins Snow.esp,D:\Wabbajack\modlists\ARR 2.5\mods\Softly Obscuring Snowfall - No Dirty Ruins Snow\Softly Obscuring Snowfall - No Dirty Ruins Snow.esp,PLUGIN,PLUGIN-SUMMARY,read,,,,,,,Direct selected-signature reads.,ACTI:1,NO-ROWS,"Primary review: creature assets, fauna loot, scenery, utility, weather, framework, or ordinary world records do not encode a distinct deliberate devotional act.",Direct signal candidate enumeration: 1,REJECTED
cd9397e78821a7a1,NQ105,NQ,Visuals - Landscape,Softly Obscuring Snowfall - No Dirty Ruins Snow,Softly Obscuring Snowfall - No Dirty Ruins Snow.esp,D:\Wabbajack\modlists\ARR 2.5\mods\Softly Obscuring Snowfall - No Dirty Ruins Snow\Softly Obscuring Snowfall - No Dirty Ruins Snow.esp,cd9397e78821a7a1|000801:Softly Obscuring Snowfall - No Dirty Ruins Snow.esp,SIGNAL,read,ACTI,000801:Softly Obscuring Snowfall - No Dirty Ruins Snow.esp,NorSarcophagusTopAnim01_snow,,,,Direct selected-signature candidate.,,NO-ROWS,"Primary review: creature assets, fauna loot, scenery, utility, weather, framework, or ordinary world records do not encode a distinct deliberate devotional act.",,REJECTED
5689258d3bbabaf5,NQ105,NQ,Visuals - Meshes and Textures (Base),Rally's All The Things - FOMOD,Rally's Nord War Horns - Unique Torygg's Horn.esp,D:\Wabbajack\modlists\ARR 2.5\mods\Rally's All The Things - FOMOD\Rally's Nord War Horns - Unique Torygg's Horn.esp,PLUGIN,PLUGIN-SUMMARY,read,,,,,,,Direct selected-signature reads.,MISC:1,NO-ROWS,"Primary review: creature assets, fauna loot, scenery, utility, weather, framework, or ordinary world records do not encode a distinct deliberate devotional act.",Direct signal candidate enumeration: 1,REJECTED
5689258d3bbabaf5,NQ105,NQ,Visuals - Meshes and Textures (Base),Rally's All The Things - FOMOD,Rally's Nord War Horns - Unique Torygg's Horn.esp,D:\Wabbajack\modlists\ARR 2.5\mods\Rally's All The Things - FOMOD\Rally's Nord War Horns - Unique Torygg's Horn.esp,5689258d3bbabaf5|0E77BB:Skyrim.esm,SIGNAL,read,MISC,0E77BB:Skyrim.esm,SolitudeToryggWarHorn,,,,Direct selected-signature candidate.,,NO-ROWS,"Primary review: creature assets, fauna loot, scenery, utility, weather, framework, or ordinary world records do not encode a distinct deliberate devotional act.",,REJECTED
07a5dc9216ac5c9c,NQ105,NQ,Visuals - Meshes and Textures (Base),Rally's All The Things - FOMOD,RallysDisplayCases.esp,D:\Wabbajack\modlists\ARR 2.5\mods\Rally's All The Things - FOMOD\RallysDisplayCases.esp,PLUGIN,PLUGIN-SUMMARY,read,,,,,,,Direct selected-signature reads.,DOOR:2,NO-ROWS,"Primary review: creature assets, fauna loot, scenery, utility, weather, framework, or ordinary world records do not encode a distinct deliberate devotional act.",Direct signal candidate enumeration: 2,REJECTED
07a5dc9216ac5c9c,NQ105,NQ,Visuals - Meshes and Textures (Base),Rally's All The Things - FOMOD,RallysDisplayCases.esp,D:\Wabbajack\modlists\ARR 2.5\mods\Rally's All The Things - FOMOD\RallysDisplayCases.esp,07a5dc9216ac5c9c|000800:RallysDisplayCases.esp,SIGNAL,read,DOOR,000800:RallysDisplayCases.esp,RallyOutdoorCaseSmAngled,,,,Direct selected-signature candidate.,,NO-ROWS,"Primary review: creature assets, fauna loot, scenery, utility, weather, framework, or ordinary world records do not encode a distinct deliberate devotional act.",,REJECTED
07a5dc9216ac5c9c,NQ105,NQ,Visuals - Meshes and Textures (Base),Rally's All The Things - FOMOD,RallysDisplayCases.esp,D:\Wabbajack\modlists\ARR 2.5\mods\Rally's All The Things - FOMOD\RallysDisplayCases.esp,07a5dc9216ac5c9c|000801:RallysDisplayCases.esp,SIGNAL,read,DOOR,000801:RallysDisplayCases.esp,RallyOutdoorCaseSmFlat,,,,Direct selected-signature candidate.,,NO-ROWS,"Primary review: creature assets, fauna loot, scenery, utility, weather, framework, or ordinary world records do not encode a distinct deliberate devotional act.",,REJECTED
07205e152d301228,NQ105,NQ,Visuals - Meshes and Textures (Base),SMIM SE 2-08,SMIM-SE-Merged-All.esp,D:\Wabbajack\modlists\ARR 2.5\mods\SMIM SE 2-08\SMIM-SE-Merged-All.esp,PLUGIN,PLUGIN-SUMMARY,read,,,,,,,Direct selected-signature reads.,CONT:1,NO-ROWS,"Primary review: visual, environmental, compatibility, or replacer records are not authoritative new devotional actions; existing canonical source records remain authoritative.",Direct signal candidate enumeration: 1,REJECTED
07205e152d301228,NQ105,NQ,Visuals - Meshes and Textures (Base),SMIM SE 2-08,SMIM-SE-Merged-All.esp,D:\Wabbajack\modlists\ARR 2.5\mods\SMIM SE 2-08\SMIM-SE-Merged-All.esp,07205e152d301228|03CD8D:Dragonborn.esm,SIGNAL,read,CONT,03CD8D:Dragonborn.esm,DLC2fcTernGO,,,,Direct selected-signature candidate.,,NO-ROWS,"Primary review: visual, environmental, compatibility, or replacer records are not authoritative new devotional actions; existing canonical source records remain authoritative.",,REJECTED
ea7e59d1657c8f88,NQ105,NQ,Visuals - Seasons - Base,Seasonal Alchemy,Seasonal Alchemy.esp,D:\Wabbajack\modlists\ARR 2.5\mods\Seasonal Alchemy\Seasonal Alchemy.esp,PLUGIN,PLUGIN-SUMMARY,read,,,,,,,Direct selected-signature reads.,TREE:27,NO-ROWS,"Primary review: visual, environmental, compatibility, or replacer records are not authoritative new devotional actions; existing canonical source records remain authoritative.",Direct signal candidate enumeration: 27,REJECTED
ea7e59d1657c8f88,NQ105,NQ,Visuals - Seasons - Base,Seasonal Alchemy,Seasonal Alchemy.esp,D:\Wabbajack\modlists\ARR 2.5\mods\Seasonal Alchemy\Seasonal Alchemy.esp,ea7e59d1657c8f88|000800:Seasonal Alchemy.esp,SIGNAL,read,TREE,000800:Seasonal Alchemy.esp,TreeFloraJuniper01NoFruit,,,,Direct selected-signature candidate.,,NO-ROWS,"Primary review: visual, environmental, compatibility, or replacer records are not authoritative new devotional actions; existing canonical source records remain authoritative.",,REJECTED
ea7e59d1657c8f88,NQ105,NQ,Visuals - Seasons - Base,Seasonal Alchemy,Seasonal Alchemy.esp,D:\Wabbajack\modlists\ARR 2.5\mods\Seasonal Alchemy\Seasonal Alchemy.esp,ea7e59d1657c8f88|000801:Seasonal Alchemy.esp,SIGNAL,read,TREE,000801:Seasonal Alchemy.esp,TreeFloraLavender01SnowNoFlowers,,,,Direct selected-signature candidate.,,NO-ROWS,"Primary review: visual, environmental, compatibility, or replacer records are not authoritative new devotional actions; existing canonical source records remain authoritative.",,REJECTED
ea7e59d1657c8f88,NQ105,NQ,Visuals - Seasons - Base,Seasonal Alchemy,Seasonal Alchemy.esp,D:\Wabbajack\modlists\ARR 2.5\mods\Seasonal Alchemy\Seasonal Alchemy.esp,ea7e59d1657c8f88|000802:Seasonal Alchemy.esp,SIGNAL,read,TREE,000802:Seasonal Alchemy.esp,TreeFloraJuniper01SnowNoFruit,,,,Direct selected-signature candidate.,,NO-ROWS,"Primary review: visual, environmental, compatibility, or replacer records are not authoritative new devotional actions; existing canonical source records remain authoritative.",,REJECTED
ea7e59d1657c8f88,NQ105,NQ,Visuals - Seasons - Base,Seasonal Alchemy,Seasonal Alchemy.esp,D:\Wabbajack\modlists\ARR 2.5\mods\Seasonal Alchemy\Seasonal Alchemy.esp,ea7e59d1657c8f88|000803:Seasonal Alchemy.esp,SIGNAL,read,TREE,000803:Seasonal Alchemy.esp,TreeFloraMountainFlower01BlueNoFlowers,,,,Direct selected-signature candidate.,,NO-ROWS,"Primary review: visual, environmental, compatibility, or replacer records are not authoritative new devotional actions; existing canonical source records remain authoritative.",,REJECTED
ea7e59d1657c8f88,NQ105,NQ,Visuals - Seasons - Base,Seasonal Alchemy,Seasonal Alchemy.esp,D:\Wabbajack\modlists\ARR 2.5\mods\Seasonal Alchemy\Seasonal Alchemy.esp,ea7e59d1657c8f88|000804:Seasonal Alchemy.esp,SIGNAL,read,TREE,000804:Seasonal Alchemy.esp,TreeFloraMountainFlower01PurpleNoFlowers,,,,Direct selected-signature candidate.,,NO-ROWS,"Primary review: visual, environmental, compatibility, or replacer records are not authoritative new devotional actions; existing canonical source records remain authoritative.",,REJECTED
ea7e59d1657c8f88,NQ105,NQ,Visuals - Seasons - Base,Seasonal Alchemy,Seasonal Alchemy.esp,D:\Wabbajack\modlists\ARR 2.5\mods\Seasonal Alchemy\Seasonal Alchemy.esp,ea7e59d1657c8f88|000805:Seasonal Alchemy.esp,SIGNAL,read,TREE,000805:Seasonal Alchemy.esp,TreeFloraMountainFlower01RedNoFlowers,,,,Direct selected-signature candidate.,,NO-ROWS,"Primary review: visual, environmental, compatibility, or replacer records are not authoritative new devotional actions; existing canonical source records remain authoritative.",,REJECTED
ea7e59d1657c8f88,NQ105,NQ,Visuals - Seasons - Base,Seasonal Alchemy,Seasonal Alchemy.esp,D:\Wabbajack\modlists\ARR 2.5\mods\Seasonal Alchemy\Seasonal Alchemy.esp,ea7e59d1657c8f88|000806:Seasonal Alchemy.esp,SIGNAL,read,TREE,000806:Seasonal Alchemy.esp,TreeFloraMountainFlower02BlueNoFlowers,,,,Direct selected-signature candidate.,,NO-ROWS,"Primary review: visual, environmental, compatibility, or replacer records are not authoritative new devotional actions; existing canonical source records remain authoritative.",,REJECTED
ea7e59d1657c8f88,NQ105,NQ,Visuals - Seasons - Base,Seasonal Alchemy,Seasonal Alchemy.esp,D:\Wabbajack\modlists\ARR 2.5\mods\Seasonal Alchemy\Seasonal Alchemy.esp,ea7e59d1657c8f88|000807:Seasonal Alchemy.esp,SIGNAL,read,TREE,000807:Seasonal Alchemy.esp,TreeFloraMountainFlower02PurpleNoFlowers,,,,Direct selected-signature candidate.,,NO-ROWS,"Primary review: visual, environmental, compatibility, or replacer records are not authoritative new devotional actions; existing canonical source records remain authoritative.",,REJECTED
ea7e59d1657c8f88,NQ105,NQ,Visuals - Seasons - Base,Seasonal Alchemy,Seasonal Alchemy.esp,D:\Wabbajack\modlists\ARR 2.5\mods\Seasonal Alchemy\Seasonal Alchemy.esp,ea7e59d1657c8f88|000808:Seasonal Alchemy.esp,SIGNAL,read,TREE,000808:Seasonal Alchemy.esp,TreeFloraMountainFlower02RedNoFlowers,,,,Direct selected-signature candidate.,,NO-ROWS,"Primary review: visual, environmental, compatibility, or replacer records are not authoritative new devotional actions; existing canonical source records remain authoritative.",,REJECTED
ea7e59d1657c8f88,NQ105,NQ,Visuals - Seasons - Base,Seasonal Alchemy,Seasonal Alchemy.esp,D:\Wabbajack\modlists\ARR 2.5\mods\Seasonal Alchemy\Seasonal Alchemy.esp,ea7e59d1657c8f88|000809:Seasonal Alchemy.esp,SIGNAL,read,TREE,000809:Seasonal Alchemy.esp,DLC1TreeFloraMountainFlower01YellowNoFlowers,,,,Direct selected-signature candidate.,,NO-ROWS,"Primary review: visual, environmental, compatibility, or replacer records are not authoritative new devotional actions; existing canonical source records remain authoritative.",,REJECTED
ea7e59d1657c8f88,NQ105,NQ,Visuals - Seasons - Base,Seasonal Alchemy,Seasonal Alchemy.esp,D:\Wabbajack\modlists\ARR 2.5\mods\Seasonal Alchemy\Seasonal Alchemy.esp,ea7e59d1657c8f88|00080A:Seasonal Alchemy.esp,SIGNAL,read,TREE,00080A:Seasonal Alchemy.esp,DLC1TreeFloraMountainFlower02YellowNoFlowers,,,,Direct selected-signature candidate.,,NO-ROWS,"Primary review: visual, environmental, compatibility, or replacer records are not authoritative new devotional actions; existing canonical source records remain authoritative.",,REJECTED
ea7e59d1657c8f88,NQ105,NQ,Visuals - Seasons - Base,Seasonal Alchemy,Seasonal Alchemy.esp,D:\Wabbajack\modlists\ARR 2.5\mods\Seasonal Alchemy\Seasonal Alchemy.esp,ea7e59d1657c8f88|00080B:Seasonal Alchemy.esp,SIGNAL,read,TREE,00080B:Seasonal Alchemy.esp,TreeGourdCluster01NoFruit,,,,Direct selected-signature candidate.,,NO-ROWS,"Primary review: visual, environmental, compatibility, or replacer records are not authoritative new devotional actions; existing canonical source records remain authoritative.",,REJECTED
ea7e59d1657c8f88,NQ105,NQ,Visuals - Seasons - Base,Seasonal Alchemy,Seasonal Alchemy.esp,D:\Wabbajack\modlists\ARR 2.5\mods\Seasonal Alchemy\Seasonal Alchemy.esp,ea7e59d1657c8f88|00080C:Seasonal Alchemy.esp,SIGNAL,read,TREE,00080C:Seasonal Alchemy.esp,TreeFloraTundraCotton01NoFlowers,,,,Direct selected-signature candidate.,,NO-ROWS,"Primary review: visual, environmental, compatibility, or replacer records are not authoritative new devotional actions; existing canonical source records remain authoritative.",,REJECTED
ea7e59d1657c8f88,NQ105,NQ,Visuals - Seasons - Base,Seasonal Alchemy,Seasonal Alchemy.esp,D:\Wabbajack\modlists\ARR 2.5\mods\Seasonal Alchemy\Seasonal Alchemy.esp,ea7e59d1657c8f88|00080D:Seasonal Alchemy.esp,SIGNAL,read,TREE,00080D:Seasonal Alchemy.esp,TreeFloraLavender01NoFlowers,,,,Direct selected-signature candidate.,,NO-ROWS,"Primary review: visual, environmental, compatibility, or replacer records are not authoritative new devotional actions; existing canonical source records remain authoritative.",,REJECTED
ea7e59d1657c8f88,NQ105,NQ,Visuals - Seasons - Base,Seasonal Alchemy,Seasonal Alchemy.esp,D:\Wabbajack\modlists\ARR 2.5\mods\Seasonal Alchemy\Seasonal Alchemy.esp,ea7e59d1657c8f88|00080E:Seasonal Alchemy.esp,SIGNAL,read,TREE,00080E:Seasonal Alchemy.esp,TreeFloraDragonsTongue01NoFlowers,,,,Direct selected-signature candidate.,,NO-ROWS,"Primary review: visual, environmental, compatibility, or replacer records are not authoritative new devotional actions; existing canonical source records remain authoritative.",,REJECTED
ea7e59d1657c8f88,NQ105,NQ,Visuals - Seasons - Base,Seasonal Alchemy,Seasonal Alchemy.esp,D:\Wabbajack\modlists\ARR 2.5\mods\Seasonal Alchemy\Seasonal Alchemy.esp,ea7e59d1657c8f88|00080F:Seasonal Alchemy.esp,SIGNAL,read,TREE,00080F:Seasonal Alchemy.esp,TreeFloraDragonsTongue02NoFlowers,,,,Direct selected-signature candidate.,,NO-ROWS,"Primary review: visual, environmental, compatibility, or replacer records are not authoritative new devotional actions; existing canonical source records remain authoritative.",,REJECTED
ea7e59d1657c8f88,NQ105,NQ,Visuals - Seasons - Base,Seasonal Alchemy,Seasonal Alchemy.esp,D:\Wabbajack\modlists\ARR 2.5\mods\Seasonal Alchemy\Seasonal Alchemy.esp,ea7e59d1657c8f88|000810:Seasonal Alchemy.esp,SIGNAL,read,TREE,000810:Seasonal Alchemy.esp,TreeFloraDeathBell01NoFlowers,,,,Direct selected-signature candidate.,,NO-ROWS,"Primary review: visual, environmental, compatibility, or replacer records are not authoritative new devotional actions; existing canonical source records remain authoritative.",,REJECTED
ea7e59d1657c8f88,NQ105,NQ,Visuals - Seasons - Base,Seasonal Alchemy,Seasonal Alchemy.esp,D:\Wabbajack\modlists\ARR 2.5\mods\Seasonal Alchemy\Seasonal Alchemy.esp,ea7e59d1657c8f88|000811:Seasonal Alchemy.esp,SIGNAL,read,TREE,000811:Seasonal Alchemy.esp,TreeFloraDeathBell02NoFlowers,,,,Direct selected-signature candidate.,,NO-ROWS,"Primary review: visual, environmental, compatibility, or replacer records are not authoritative new devotional actions; existing canonical source records remain authoritative.",,REJECTED
ea7e59d1657c8f88,NQ105,NQ,Visuals - Seasons - Base,Seasonal Alchemy,Seasonal Alchemy.esp,D:\Wabbajack\modlists\ARR 2.5\mods\Seasonal Alchemy\Seasonal Alchemy.esp,ea7e59d1657c8f88|000812:Seasonal Alchemy.esp,SIGNAL,read,TREE,000812:Seasonal Alchemy.esp,TreeFloraNightshade01NoFlowers,,,,Direct selected-signature candidate.,,NO-ROWS,"Primary review: visual, environmental, compatibility, or replacer records are not authoritative new devotional actions; existing canonical source records remain authoritative.",,REJECTED
ea7e59d1657c8f88,NQ105,NQ,Visuals - Seasons - Base,Seasonal Alchemy,Seasonal Alchemy.esp,D:\Wabbajack\modlists\ARR 2.5\mods\Seasonal Alchemy\Seasonal Alchemy.esp,ea7e59d1657c8f88|000813:Seasonal Alchemy.esp,SIGNAL,read,TREE,000813:Seasonal Alchemy.esp,TreeFloraNightshade02NoFlowers,,,,Direct selected-signature candidate.,,NO-ROWS,"Primary review: visual, environmental, compatibility, or replacer records are not authoritative new devotional actions; existing canonical source records remain authoritative.",,REJECTED
ea7e59d1657c8f88,NQ105,NQ,Visuals - Seasons - Base,Seasonal Alchemy,Seasonal Alchemy.esp,D:\Wabbajack\modlists\ARR 2.5\mods\Seasonal Alchemy\Seasonal Alchemy.esp,ea7e59d1657c8f88|000814:Seasonal Alchemy.esp,SIGNAL,read,TREE,000814:Seasonal Alchemy.esp,TreeFloraJazBay01NoFruit,,,,Direct selected-signature candidate.,,NO-ROWS,"Primary review: visual, environmental, compatibility, or replacer records are not authoritative new devotional actions; existing canonical source records remain authoritative.",,REJECTED
ea7e59d1657c8f88,NQ105,NQ,Visuals - Seasons - Base,Seasonal Alchemy,Seasonal Alchemy.esp,D:\Wabbajack\modlists\ARR 2.5\mods\Seasonal Alchemy\Seasonal Alchemy.esp,ea7e59d1657c8f88|000815:Seasonal Alchemy.esp,SIGNAL,read,TREE,000815:Seasonal Alchemy.esp,TreeFloraSpikyGrass01NoSeed,,,,Direct selected-signature candidate.,,NO-ROWS,"Primary review: visual, environmental, compatibility, or replacer records are not authoritative new devotional actions; existing canonical source records remain authoritative.",,REJECTED
ea7e59d1657c8f88,NQ105,NQ,Visuals - Seasons - Base,Seasonal Alchemy,Seasonal Alchemy.esp,D:\Wabbajack\modlists\ARR 2.5\mods\Seasonal Alchemy\Seasonal Alchemy.esp,ea7e59d1657c8f88|000816:Seasonal Alchemy.esp,SIGNAL,read,TREE,000816:Seasonal Alchemy.esp,TreeFloraSpikyGrass02NoSeed,,,,Direct selected-signature candidate.,,NO-ROWS,"Primary review: visual, environmental, compatibility, or replacer records are not authoritative new devotional actions; existing canonical source records remain authoritative.",,REJECTED
ea7e59d1657c8f88,NQ105,NQ,Visuals - Seasons - Base,Seasonal Alchemy,Seasonal Alchemy.esp,D:\Wabbajack\modlists\ARR 2.5\mods\Seasonal Alchemy\Seasonal Alchemy.esp,ea7e59d1657c8f88|000817:Seasonal Alchemy.esp,SIGNAL,read,TREE,000817:Seasonal Alchemy.esp,DLC2TreeFloraSpikyGrassAsh01NoSeed,,,,Direct selected-signature candidate.,,NO-ROWS,"Primary review: visual, environmental, compatibility, or replacer records are not authoritative new devotional actions; existing canonical source records remain authoritative.",,REJECTED
ea7e59d1657c8f88,NQ105,NQ,Visuals - Seasons - Base,Seasonal Alchemy,Seasonal Alchemy.esp,D:\Wabbajack\modlists\ARR 2.5\mods\Seasonal Alchemy\Seasonal Alchemy.esp,ea7e59d1657c8f88|000818:Seasonal Alchemy.esp,SIGNAL,read,TREE,000818:Seasonal Alchemy.esp,DLC2TreeFloraSpikyGrassAsh02NoSeed,,,,Direct selected-signature candidate.,,NO-ROWS,"Primary review: visual, environmental, compatibility, or replacer records are not authoritative new devotional actions; existing canonical source records remain authoritative.",,REJECTED
ea7e59d1657c8f88,NQ105,NQ,Visuals - Seasons - Base,Seasonal Alchemy,Seasonal Alchemy.esp,D:\Wabbajack\modlists\ARR 2.5\mods\Seasonal Alchemy\Seasonal Alchemy.esp,ea7e59d1657c8f88|000819:Seasonal Alchemy.esp,SIGNAL,read,TREE,000819:Seasonal Alchemy.esp,TreeFloraThistle01NoFlowers,,,,Direct selected-signature candidate.,,NO-ROWS,"Primary review: visual, environmental, compatibility, or replacer records are not authoritative new devotional actions; existing canonical source records remain authoritative.",,REJECTED
ea7e59d1657c8f88,NQ105,NQ,Visuals - Seasons - Base,Seasonal Alchemy,Seasonal Alchemy.esp,D:\Wabbajack\modlists\ARR 2.5\mods\Seasonal Alchemy\Seasonal Alchemy.esp,ea7e59d1657c8f88|000D62:Seasonal Alchemy.esp,SIGNAL,read,TREE,000D62:Seasonal Alchemy.esp,CHA_invisiplant,,,,Direct selected-signature candidate.,,NO-ROWS,"Primary review: visual, environmental, compatibility, or replacer records are not authoritative new devotional actions; existing canonical source records remain authoritative.",,REJECTED
d60c7f2cf9b003f2,NQ105,NQ,Visuals - Seasons - Base,Turn of the Seasons,Turn of the Seasons.esp,D:\Wabbajack\modlists\ARR 2.5\mods\Turn of the Seasons\Turn of the Seasons.esp,PLUGIN,PLUGIN-SUMMARY,read,,,,,,,Direct selected-signature reads.,ACTI:3|CONT:1|TREE:29,NO-ROWS,"Primary review: visual, environmental, compatibility, or replacer records are not authoritative new devotional actions; existing canonical source records remain authoritative.",Direct signal candidate enumeration: 33,REJECTED
d60c7f2cf9b003f2,NQ105,NQ,Visuals - Seasons - Base,Turn of the Seasons,Turn of the Seasons.esp,D:\Wabbajack\modlists\ARR 2.5\mods\Turn of the Seasons\Turn of the Seasons.esp,d60c7f2cf9b003f2|000883:Turn of the Seasons.esp,SIGNAL,read,ACTI,000883:Turn of the Seasons.esp,TOTS_FXCameraAttachLeavesWindyEffectsACT,,,,Direct selected-signature candidate.,,NO-ROWS,"Primary review: visual, environmental, compatibility, or replacer records are not authoritative new devotional actions; existing canonical source records remain authoritative.",,REJECTED
d60c7f2cf9b003f2,NQ105,NQ,Visuals - Seasons - Base,Turn of the Seasons,Turn of the Seasons.esp,D:\Wabbajack\modlists\ARR 2.5\mods\Turn of the Seasons\Turn of the Seasons.esp,d60c7f2cf9b003f2|000884:Turn of the Seasons.esp,SIGNAL,read,ACTI,000884:Turn of the Seasons.esp,TOTS_FXCameraAttachLeavesEffectsACT,,,,Direct selected-signature candidate.,,NO-ROWS,"Primary review: visual, environmental, compatibility, or replacer records are not authoritative new devotional actions; existing canonical source records remain authoritative.",,REJECTED
d60c7f2cf9b003f2,NQ105,NQ,Visuals - Seasons - Base,Turn of the Seasons,Turn of the Seasons.esp,D:\Wabbajack\modlists\ARR 2.5\mods\Turn of the Seasons\Turn of the Seasons.esp,d60c7f2cf9b003f2|000885:Turn of the Seasons.esp,SIGNAL,read,ACTI,000885:Turn of the Seasons.esp,TOTS_FXCameraAttachLeavesWindyUpEffectsACT,,,,Direct selected-signature candidate.,,NO-ROWS,"Primary review: visual, environmental, compatibility, or replacer records are not authoritative new devotional actions; existing canonical source records remain authoritative.",,REJECTED
d60c7f2cf9b003f2,NQ105,NQ,Visuals - Seasons - Base,Turn of the Seasons,Turn of the Seasons.esp,D:\Wabbajack\modlists\ARR 2.5\mods\Turn of the Seasons\Turn of the Seasons.esp,d60c7f2cf9b003f2|012A54:HearthFires.esm,SIGNAL,read,CONT,012A54:HearthFires.esm,BYOHBYOHApiary,,,,Direct selected-signature candidate.,,NO-ROWS,"Primary review: visual, environmental, compatibility, or replacer records are not authoritative new devotional actions; existing canonical source records remain authoritative.",,REJECTED
d60c7f2cf9b003f2,NQ105,NQ,Visuals - Seasons - Base,Turn of the Seasons,Turn of the Seasons.esp,D:\Wabbajack\modlists\ARR 2.5\mods\Turn of the Seasons\Turn of the Seasons.esp,d60c7f2cf9b003f2|000811:Turn of the Seasons.esp,SIGNAL,read,TREE,000811:Turn of the Seasons.esp,TreeReachTree01Autumn,,,,Direct selected-signature candidate.,,NO-ROWS,"Primary review: visual, environmental, compatibility, or replacer records are not authoritative new devotional actions; existing canonical source records remain authoritative.",,REJECTED
d60c7f2cf9b003f2,NQ105,NQ,Visuals - Seasons - Base,Turn of the Seasons,Turn of the Seasons.esp,D:\Wabbajack\modlists\ARR 2.5\mods\Turn of the Seasons\Turn of the Seasons.esp,d60c7f2cf9b003f2|000800:Turn of the Seasons.esp,SIGNAL,read,TREE,000800:Turn of the Seasons.esp,TreeAspen04Spring,,,,Direct selected-signature candidate.,,NO-ROWS,"Primary review: visual, environmental, compatibility, or replacer records are not authoritative new devotional actions; existing canonical source records remain authoritative.",,REJECTED
d60c7f2cf9b003f2,NQ105,NQ,Visuals - Seasons - Base,Turn of the Seasons,Turn of the Seasons.esp,D:\Wabbajack\modlists\ARR 2.5\mods\Turn of the Seasons\Turn of the Seasons.esp,d60c7f2cf9b003f2|000801:Turn of the Seasons.esp,SIGNAL,read,TREE,000801:Turn of the Seasons.esp,TreeAspen01Spring,,,,Direct selected-signature candidate.,,NO-ROWS,"Primary review: visual, environmental, compatibility, or replacer records are not authoritative new devotional actions; existing canonical source records remain authoritative.",,REJECTED
d60c7f2cf9b003f2,NQ105,NQ,Visuals - Seasons - Base,Turn of the Seasons,Turn of the Seasons.esp,D:\Wabbajack\modlists\ARR 2.5\mods\Turn of the Seasons\Turn of the Seasons.esp,d60c7f2cf9b003f2|000802:Turn of the Seasons.esp,SIGNAL,read,TREE,000802:Turn of the Seasons.esp,TreeAspen03Spring,,,,Direct selected-signature candidate.,,NO-ROWS,"Primary review: visual, environmental, compatibility, or replacer records are not authoritative new devotional actions; existing canonical source records remain authoritative.",,REJECTED
d60c7f2cf9b003f2,NQ105,NQ,Visuals - Seasons - Base,Turn of the Seasons,Turn of the Seasons.esp,D:\Wabbajack\modlists\ARR 2.5\mods\Turn of the Seasons\Turn of the Seasons.esp,d60c7f2cf9b003f2|000803:Turn of the Seasons.esp,SIGNAL,read,TREE,000803:Turn of the Seasons.esp,TreeAspen02Spring,,,,Direct selected-signature candidate.,,NO-ROWS,"Primary review: visual, environmental, compatibility, or replacer records are not authoritative new devotional actions; existing canonical source records remain authoritative.",,REJECTED
d60c7f2cf9b003f2,NQ105,NQ,Visuals - Seasons - Base,Turn of the Seasons,Turn of the Seasons.esp,D:\Wabbajack\modlists\ARR 2.5\mods\Turn of the Seasons\Turn of the Seasons.esp,d60c7f2cf9b003f2|000804:Turn of the Seasons.esp,SIGNAL,read,TREE,000804:Turn of the Seasons.esp,TreeAspen06Spring,,,,Direct selected-signature candidate.,,NO-ROWS,"Primary review: visual, environmental, compatibility, or replacer records are not authoritative new devotional actions; existing canonical source records remain authoritative.",,REJECTED
d60c7f2cf9b003f2,NQ105,NQ,Visuals - Seasons - Base,Turn of the Seasons,Turn of the Seasons.esp,D:\Wabbajack\modlists\ARR 2.5\mods\Turn of the Seasons\Turn of the Seasons.esp,d60c7f2cf9b003f2|000805:Turn of the Seasons.esp,SIGNAL,read,TREE,000805:Turn of the Seasons.esp,TreeAspen05Spring,,,,Direct selected-signature candidate.,,NO-ROWS,"Primary review: visual, environmental, compatibility, or replacer records are not authoritative new devotional actions; existing canonical source records remain authoritative.",,REJECTED
d60c7f2cf9b003f2,NQ105,NQ,Visuals - Seasons - Base,Turn of the Seasons,Turn of the Seasons.esp,D:\Wabbajack\modlists\ARR 2.5\mods\Turn of the Seasons\Turn of the Seasons.esp,d60c7f2cf9b003f2|000806:Turn of the Seasons.esp,SIGNAL,read,TREE,000806:Turn of the Seasons.esp,TreeYellowShrub01Spring,,,,Direct selected-signature candidate.,,NO-ROWS,"Primary review: visual, environmental, compatibility, or replacer records are not authoritative new devotional actions; existing canonical source records remain authoritative.",,REJECTED
d60c7f2cf9b003f2,NQ105,NQ,Visuals - Seasons - Base,Turn of the Seasons,Turn of the Seasons.esp,D:\Wabbajack\modlists\ARR 2.5\mods\Turn of the Seasons\Turn of the Seasons.esp,d60c7f2cf9b003f2|000807:Turn of the Seasons.esp,SIGNAL,read,TREE,000807:Turn of the Seasons.esp,TreeYellowShrub02Spring,,,,Direct selected-signature candidate.,,NO-ROWS,"Primary review: visual, environmental, compatibility, or replacer records are not authoritative new devotional actions; existing canonical source records remain authoritative.",,REJECTED
d60c7f2cf9b003f2,NQ105,NQ,Visuals - Seasons - Base,Turn of the Seasons,Turn of the Seasons.esp,D:\Wabbajack\modlists\ARR 2.5\mods\Turn of the Seasons\Turn of the Seasons.esp,d60c7f2cf9b003f2|000808:Turn of the Seasons.esp,SIGNAL,read,TREE,000808:Turn of the Seasons.esp,TreeYellowShrub03Spring,,,,Direct selected-signature candidate.,,NO-ROWS,"Primary review: visual, environmental, compatibility, or replacer records are not authoritative new devotional actions; existing canonical source records remain authoritative.",,REJECTED
d60c7f2cf9b003f2,NQ105,NQ,Visuals - Seasons - Base,Turn of the Seasons,Turn of the Seasons.esp,D:\Wabbajack\modlists\ARR 2.5\mods\Turn of the Seasons\Turn of the Seasons.esp,d60c7f2cf9b003f2|000809:Turn of the Seasons.esp,SIGNAL,read,TREE,000809:Turn of the Seasons.esp,TreeAspen01Summer,,,,Direct selected-signature candidate.,,NO-ROWS,"Primary review: visual, environmental, compatibility, or replacer records are not authoritative new devotional actions; existing canonical source records remain authoritative.",,REJECTED
d60c7f2cf9b003f2,NQ105,NQ,Visuals - Seasons - Base,Turn of the Seasons,Turn of the Seasons.esp,D:\Wabbajack\modlists\ARR 2.5\mods\Turn of the Seasons\Turn of the Seasons.esp,d60c7f2cf9b003f2|00080A:Turn of the Seasons.esp,SIGNAL,read,TREE,00080A:Turn of the Seasons.esp,TreeAspen02Summer,,,,Direct selected-signature candidate.,,NO-ROWS,"Primary review: visual, environmental, compatibility, or replacer records are not authoritative new devotional actions; existing canonical source records remain authoritative.",,REJECTED
d60c7f2cf9b003f2,NQ105,NQ,Visuals - Seasons - Base,Turn of the Seasons,Turn of the Seasons.esp,D:\Wabbajack\modlists\ARR 2.5\mods\Turn of the Seasons\Turn of the Seasons.esp,d60c7f2cf9b003f2|00080B:Turn of the Seasons.esp,SIGNAL,read,TREE,00080B:Turn of the Seasons.esp,TreeAspen03Summer,,,,Direct selected-signature candidate.,,NO-ROWS,"Primary review: visual, environmental, compatibility, or replacer records are not authoritative new devotional actions; existing canonical source records remain authoritative.",,REJECTED
d60c7f2cf9b003f2,NQ105,NQ,Visuals - Seasons - Base,Turn of the Seasons,Turn of the Seasons.esp,D:\Wabbajack\modlists\ARR 2.5\mods\Turn of the Seasons\Turn of the Seasons.esp,d60c7f2cf9b003f2|00080C:Turn of the Seasons.esp,SIGNAL,read,TREE,00080C:Turn of the Seasons.esp,TreeAspen04Summer,,,,Direct selected-signature candidate.,,NO-ROWS,"Primary review: visual, environmental, compatibility, or replacer records are not authoritative new devotional actions; existing canonical source records remain authoritative.",,REJECTED
d60c7f2cf9b003f2,NQ105,NQ,Visuals - Seasons - Base,Turn of the Seasons,Turn of the Seasons.esp,D:\Wabbajack\modlists\ARR 2.5\mods\Turn of the Seasons\Turn of the Seasons.esp,d60c7f2cf9b003f2|00080D:Turn of the Seasons.esp,SIGNAL,read,TREE,00080D:Turn of the Seasons.esp,TreeAspen05Summer,,,,Direct selected-signature candidate.,,NO-ROWS,"Primary review: visual, environmental, compatibility, or replacer records are not authoritative new devotional actions; existing canonical source records remain authoritative.",,REJECTED
d60c7f2cf9b003f2,NQ105,NQ,Visuals - Seasons - Base,Turn of the Seasons,Turn of the Seasons.esp,D:\Wabbajack\modlists\ARR 2.5\mods\Turn of the Seasons\Turn of the Seasons.esp,d60c7f2cf9b003f2|00080E:Turn of the Seasons.esp,SIGNAL,read,TREE,00080E:Turn of the Seasons.esp,TreeAspen06Summer,,,,Direct selected-signature candidate.,,NO-ROWS,"Primary review: visual, environmental, compatibility, or replacer records are not authoritative new devotional actions; existing canonical source records remain authoritative.",,REJECTED
d60c7f2cf9b003f2,NQ105,NQ,Visuals - Seasons - Base,Turn of the Seasons,Turn of the Seasons.esp,D:\Wabbajack\modlists\ARR 2.5\mods\Turn of the Seasons\Turn of the Seasons.esp,d60c7f2cf9b003f2|00080F:Turn of the Seasons.esp,SIGNAL,read,TREE,00080F:Turn of the Seasons.esp,TreeReachCliffTree01Autumn,,,,Direct selected-signature candidate.,,NO-ROWS,"Primary review: visual, environmental, compatibility, or replacer records are not authoritative new devotional actions; existing canonical source records remain authoritative.",,REJECTED
d60c7f2cf9b003f2,NQ105,NQ,Visuals - Seasons - Base,Turn of the Seasons,Turn of the Seasons.esp,D:\Wabbajack\modlists\ARR 2.5\mods\Turn of the Seasons\Turn of the Seasons.esp,d60c7f2cf9b003f2|000810:Turn of the Seasons.esp,SIGNAL,read,TREE,000810:Turn of the Seasons.esp,TreeReachCliffTree02Autumn,,,,Direct selected-signature candidate.,,NO-ROWS,"Primary review: visual, environmental, compatibility, or replacer records are not authoritative new devotional actions; existing canonical source records remain authoritative.",,REJECTED
d60c7f2cf9b003f2,NQ105,NQ,Visuals - Seasons - Base,Turn of the Seasons,Turn of the Seasons.esp,D:\Wabbajack\modlists\ARR 2.5\mods\Turn of the Seasons\Turn of the Seasons.esp,d60c7f2cf9b003f2|000812:Turn of the Seasons.esp,SIGNAL,read,TREE,000812:Turn of the Seasons.esp,TreeReachTree02Autumn,,,,Direct selected-signature candidate.,,NO-ROWS,"Primary review: visual, environmental, compatibility, or replacer records are not authoritative new devotional actions; existing canonical source records remain authoritative.",,REJECTED
d60c7f2cf9b003f2,NQ105,NQ,Visuals - Seasons - Base,Turn of the Seasons,Turn of the Seasons.esp,D:\Wabbajack\modlists\ARR 2.5\mods\Turn of the Seasons\Turn of the Seasons.esp,d60c7f2cf9b003f2|000813:Turn of the Seasons.esp,SIGNAL,read,TREE,000813:Turn of the Seasons.esp,TreeReachShrub01Spring,,,,Direct selected-signature candidate.,,NO-ROWS,"Primary review: visual, environmental, compatibility, or replacer records are not authoritative new devotional actions; existing canonical source records remain authoritative.",,REJECTED
d60c7f2cf9b003f2,NQ105,NQ,Visuals - Seasons - Base,Turn of the Seasons,Turn of the Seasons.esp,D:\Wabbajack\modlists\ARR 2.5\mods\Turn of the Seasons\Turn of the Seasons.esp,d60c7f2cf9b003f2|000814:Turn of the Seasons.esp,SIGNAL,read,TREE,000814:Turn of the Seasons.esp,TreeReachShrub02Spring,,,,Direct selected-signature candidate.,,NO-ROWS,"Primary review: visual, environmental, compatibility, or replacer records are not authoritative new devotional actions; existing canonical source records remain authoritative.",,REJECTED
d60c7f2cf9b003f2,NQ105,NQ,Visuals - Seasons - Base,Turn of the Seasons,Turn of the Seasons.esp,D:\Wabbajack\modlists\ARR 2.5\mods\Turn of the Seasons\Turn of the Seasons.esp,d60c7f2cf9b003f2|000815:Turn of the Seasons.esp,SIGNAL,read,TREE,000815:Turn of the Seasons.esp,TreeFallForestShrub01Spring,,,,Direct selected-signature candidate.,,NO-ROWS,"Primary review: visual, environmental, compatibility, or replacer records are not authoritative new devotional actions; existing canonical source records remain authoritative.",,REJECTED
d60c7f2cf9b003f2,NQ105,NQ,Visuals - Seasons - Base,Turn of the Seasons,Turn of the Seasons.esp,D:\Wabbajack\modlists\ARR 2.5\mods\Turn of the Seasons\Turn of the Seasons.esp,d60c7f2cf9b003f2|000816:Turn of the Seasons.esp,SIGNAL,read,TREE,000816:Turn of the Seasons.esp,TreeFallForestShrub02Spring,,,,Direct selected-signature candidate.,,NO-ROWS,"Primary review: visual, environmental, compatibility, or replacer records are not authoritative new devotional actions; existing canonical source records remain authoritative.",,REJECTED
d60c7f2cf9b003f2,NQ105,NQ,Visuals - Seasons - Base,Turn of the Seasons,Turn of the Seasons.esp,D:\Wabbajack\modlists\ARR 2.5\mods\Turn of the Seasons\Turn of the Seasons.esp,d60c7f2cf9b003f2|000817:Turn of the Seasons.esp,SIGNAL,read,TREE,000817:Turn of the Seasons.esp,TreeReachTree01Spring,,,,Direct selected-signature candidate.,,NO-ROWS,"Primary review: visual, environmental, compatibility, or replacer records are not authoritative new devotional actions; existing canonical source records remain authoritative.",,REJECTED
d60c7f2cf9b003f2,NQ105,NQ,Visuals - Seasons - Base,Turn of the Seasons,Turn of the Seasons.esp,D:\Wabbajack\modlists\ARR 2.5\mods\Turn of the Seasons\Turn of the Seasons.esp,d60c7f2cf9b003f2|000818:Turn of the Seasons.esp,SIGNAL,read,TREE,000818:Turn of the Seasons.esp,TreeReachTree02Spring,,,,Direct selected-signature candidate.,,NO-ROWS,"Primary review: visual, environmental, compatibility, or replacer records are not authoritative new devotional actions; existing canonical source records remain authoritative.",,REJECTED
d60c7f2cf9b003f2,NQ105,NQ,Visuals - Seasons - Base,Turn of the Seasons,Turn of the Seasons.esp,D:\Wabbajack\modlists\ARR 2.5\mods\Turn of the Seasons\Turn of the Seasons.esp,d60c7f2cf9b003f2|000819:Turn of the Seasons.esp,SIGNAL,read,TREE,000819:Turn of the Seasons.esp,TreeReachCliffTree01Spring,,,,Direct selected-signature candidate.,,NO-ROWS,"Primary review: visual, environmental, compatibility, or replacer records are not authoritative new devotional actions; existing canonical source records remain authoritative.",,REJECTED
d60c7f2cf9b003f2,NQ105,NQ,Visuals - Seasons - Base,Turn of the Seasons,Turn of the Seasons.esp,D:\Wabbajack\modlists\ARR 2.5\mods\Turn of the Seasons\Turn of the Seasons.esp,d60c7f2cf9b003f2|00081A:Turn of the Seasons.esp,SIGNAL,read,TREE,00081A:Turn of the Seasons.esp,TreeReachCliffTree02Spring,,,,Direct selected-signature candidate.,,NO-ROWS,"Primary review: visual, environmental, compatibility, or replacer records are not authoritative new devotional actions; existing canonical source records remain authoritative.",,REJECTED
d60c7f2cf9b003f2,NQ105,NQ,Visuals - Seasons - Base,Turn of the Seasons,Turn of the Seasons.esp,D:\Wabbajack\modlists\ARR 2.5\mods\Turn of the Seasons\Turn of the Seasons.esp,d60c7f2cf9b003f2|00081B:Turn of the Seasons.esp,SIGNAL,read,TREE,00081B:Turn of the Seasons.esp,TreeFallForestShrub01Summer,,,,Direct selected-signature candidate.,,NO-ROWS,"Primary review: visual, environmental, compatibility, or replacer records are not authoritative new devotional actions; existing canonical source records remain authoritative.",,REJECTED
d60c7f2cf9b003f2,NQ105,NQ,Visuals - Seasons - Base,Turn of the Seasons,Turn of the Seasons.esp,D:\Wabbajack\modlists\ARR 2.5\mods\Turn of the Seasons\Turn of the Seasons.esp,d60c7f2cf9b003f2|00081C:Turn of the Seasons.esp,SIGNAL,read,TREE,00081C:Turn of the Seasons.esp,TreeFallForestShrub02Summer,,,,Direct selected-signature candidate.,,NO-ROWS,"Primary review: visual, environmental, compatibility, or replacer records are not authoritative new devotional actions; existing canonical source records remain authoritative.",,REJECTED
cfe43295a75960b3,NQ105,NQ,Visuals - Statues,Daedric Shrines - All in One,man_DaedricShrines.esp,D:\Wabbajack\modlists\ARR 2.5\mods\Daedric Shrines - All in One\man_DaedricShrines.esp,PLUGIN,PLUGIN-SUMMARY,read,,,,,,,Direct selected-signature reads.,ACTI:2|MISC:2,NO-ROWS,Primary review: shrine replacer inspected; decorative/statue and shadowed records are rejected while the winning explicit shrine activator is reviewed separately.,Direct signal candidate enumeration: 4,REJECTED
cfe43295a75960b3,NQ105,NQ,Visuals - Statues,Daedric Shrines - All in One,man_DaedricShrines.esp,D:\Wabbajack\modlists\ARR 2.5\mods\Daedric Shrines - All in One\man_DaedricShrines.esp,cfe43295a75960b3|10E8B0:Skyrim.esm,SIGNAL,read,ACTI,10E8B0:Skyrim.esm,ShrineOfNocturnal,,,,Direct selected-signature candidate.,,NO-ROWS,Primary review: shrine replacer inspected; decorative/statue and shadowed records are rejected while the winning explicit shrine activator is reviewed separately.,,REJECTED
cfe43295a75960b3,NQ105,NQ,Visuals - Statues,Daedric Shrines - All in One,man_DaedricShrines.esp,D:\Wabbajack\modlists\ARR 2.5\mods\Daedric Shrines - All in One\man_DaedricShrines.esp,cfe43295a75960b3|005A98:man_DaedricShrines.esp,SIGNAL,read,ACTI,005A98:man_DaedricShrines.esp,man_ShrineOfNocturnal,,,,Direct selected-signature candidate.,,NO-ROWS,Primary review: shrine replacer inspected; decorative/statue and shadowed records are rejected while the winning explicit shrine activator is reviewed separately.,,REJECTED
cfe43295a75960b3,NQ105,NQ,Visuals - Statues,Daedric Shrines - All in One,man_DaedricShrines.esp,D:\Wabbajack\modlists\ARR 2.5\mods\Daedric Shrines - All in One\man_DaedricShrines.esp,cfe43295a75960b3|000878:man_DaedricShrines.esp,SIGNAL,read,MISC,000878:man_DaedricShrines.esp,aaa_man_Mephala_small,,,,Direct selected-signature candidate.,,NO-ROWS,Primary review: shrine replacer inspected; decorative/statue and shadowed records are rejected while the winning explicit shrine activator is reviewed separately.,,REJECTED
cfe43295a75960b3,NQ105,NQ,Visuals - Statues,Daedric Shrines - All in One,man_DaedricShrines.esp,D:\Wabbajack\modlists\ARR 2.5\mods\Daedric Shrines - All in One\man_DaedricShrines.esp,cfe43295a75960b3|00084F:man_DaedricShrines.esp,SIGNAL,read,MISC,00084F:man_DaedricShrines.esp,man_AzuraStatue,,,,Direct selected-signature candidate.,,NO-ROWS,Primary review: shrine replacer inspected; decorative/statue and shadowed records are rejected while the winning explicit shrine activator is reviewed separately.,,REJECTED
77bb80f9af9807d7,NQ105,NQ,Visuals - Statues,Daedric Shrines AIO by Xtudo - FIXES,man_DaedricShrines.esp,D:\Wabbajack\modlists\ARR 2.5\mods\Daedric Shrines AIO by Xtudo - FIXES\man_DaedricShrines.esp,PLUGIN,PLUGIN-SUMMARY,read,,,,,,,Direct selected-signature reads.,ACTI:2|MISC:2,NO-ROWS,Primary review: shrine replacer inspected; decorative/statue and shadowed records are rejected while the winning explicit shrine activator is reviewed separately.,Direct signal candidate enumeration: 4,REJECTED
77bb80f9af9807d7,NQ105,NQ,Visuals - Statues,Daedric Shrines AIO by Xtudo - FIXES,man_DaedricShrines.esp,D:\Wabbajack\modlists\ARR 2.5\mods\Daedric Shrines AIO by Xtudo - FIXES\man_DaedricShrines.esp,77bb80f9af9807d7|10E8B0:Skyrim.esm,SIGNAL,read,ACTI,10E8B0:Skyrim.esm,ShrineOfNocturnal,,,,Direct selected-signature candidate.,,NO-ROWS,Primary review: shrine replacer inspected; decorative/statue and shadowed records are rejected while the winning explicit shrine activator is reviewed separately.,,REJECTED
77bb80f9af9807d7,NQ105,NQ,Visuals - Statues,Daedric Shrines AIO by Xtudo - FIXES,man_DaedricShrines.esp,D:\Wabbajack\modlists\ARR 2.5\mods\Daedric Shrines AIO by Xtudo - FIXES\man_DaedricShrines.esp,77bb80f9af9807d7|00090F:man_DaedricShrines.esp,SIGNAL,read,ACTI,00090F:man_DaedricShrines.esp,man_ShrineOfNocturnal,,,,Direct selected-signature candidate.,,DEFER,Primary review: winning replacement plugin defines an explicit Nocturnal shrine activator; retain for direct activation/readback and classify-only versus faucet adjudication.,,APPROVED
77bb80f9af9807d7,NQ105,NQ,Visuals - Statues,Daedric Shrines AIO by Xtudo - FIXES,man_DaedricShrines.esp,D:\Wabbajack\modlists\ARR 2.5\mods\Daedric Shrines AIO by Xtudo - FIXES\man_DaedricShrines.esp,77bb80f9af9807d7|000878:man_DaedricShrines.esp,SIGNAL,read,MISC,000878:man_DaedricShrines.esp,aaa_man_Mephala_small,,,,Direct selected-signature candidate.,,NO-ROWS,Primary review: shrine replacer inspected; decorative/statue and shadowed records are rejected while the winning explicit shrine activator is reviewed separately.,,REJECTED
77bb80f9af9807d7,NQ105,NQ,Visuals - Statues,Daedric Shrines AIO by Xtudo - FIXES,man_DaedricShrines.esp,D:\Wabbajack\modlists\ARR 2.5\mods\Daedric Shrines AIO by Xtudo - FIXES\man_DaedricShrines.esp,77bb80f9af9807d7|00084F:man_DaedricShrines.esp,SIGNAL,read,MISC,00084F:man_DaedricShrines.esp,man_AzuraStatue,,,,Direct selected-signature candidate.,,NO-ROWS,Primary review: shrine replacer inspected; decorative/statue and shadowed records are rejected while the winning explicit shrine activator is reviewed separately.,,REJECTED
