input_id,batch_id,wave,separator,mod,plugin,plugin_path,evidence_id,evidence_kind,reader_status,record_signature,formid,editor_id,name,quest_expansion_classification,stage_numbers,evidence,signal_counts,proposed_triage,proposed_reason,notes,primary_review_status
78e6cb981c5cb01d,NQ104,NQ,Visuals - Furniture,Immersive Laundry,Laundry.esp,D:\Wabbajack\modlists\ARR 2.5\mods\Immersive Laundry\Laundry.esp,PLUGIN,PLUGIN-SUMMARY,read,,,,,,,Direct selected-signature reads.,ACTI:9,NO-ROWS,"Primary review: creature assets, fauna loot, scenery, utility, weather, framework, or ordinary world records do not encode a distinct deliberate devotional act.",Direct signal candidate enumeration: 9,REJECTED
78e6cb981c5cb01d,NQ104,NQ,Visuals - Furniture,Immersive Laundry,Laundry.esp,D:\Wabbajack\modlists\ARR 2.5\mods\Immersive Laundry\Laundry.esp,78e6cb981c5cb01d|026B2D:Laundry.esp,SIGNAL,read,ACTI,026B2D:Laundry.esp,00ScrubbyTub01,,,,Direct selected-signature candidate.,,NO-ROWS,"Primary review: creature assets, fauna loot, scenery, utility, weather, framework, or ordinary world records do not encode a distinct deliberate devotional act.",,REJECTED
78e6cb981c5cb01d,NQ104,NQ,Visuals - Furniture,Immersive Laundry,Laundry.esp,D:\Wabbajack\modlists\ARR 2.5\mods\Immersive Laundry\Laundry.esp,78e6cb981c5cb01d|027095:Laundry.esp,SIGNAL,read,ACTI,027095:Laundry.esp,00ScrubbyTub02,,,,Direct selected-signature candidate.,,NO-ROWS,"Primary review: creature assets, fauna loot, scenery, utility, weather, framework, or ordinary world records do not encode a distinct deliberate devotional act.",,REJECTED
78e6cb981c5cb01d,NQ104,NQ,Visuals - Furniture,Immersive Laundry,Laundry.esp,D:\Wabbajack\modlists\ARR 2.5\mods\Immersive Laundry\Laundry.esp,78e6cb981c5cb01d|027096:Laundry.esp,SIGNAL,read,ACTI,027096:Laundry.esp,00ScrubbyTub03,,,,Direct selected-signature candidate.,,NO-ROWS,"Primary review: creature assets, fauna loot, scenery, utility, weather, framework, or ordinary world records do not encode a distinct deliberate devotional act.",,REJECTED
78e6cb981c5cb01d,NQ104,NQ,Visuals - Furniture,Immersive Laundry,Laundry.esp,D:\Wabbajack\modlists\ARR 2.5\mods\Immersive Laundry\Laundry.esp,78e6cb981c5cb01d|027097:Laundry.esp,SIGNAL,read,ACTI,027097:Laundry.esp,00ScrubbyTub04,,,,Direct selected-signature candidate.,,NO-ROWS,"Primary review: creature assets, fauna loot, scenery, utility, weather, framework, or ordinary world records do not encode a distinct deliberate devotional act.",,REJECTED
78e6cb981c5cb01d,NQ104,NQ,Visuals - Furniture,Immersive Laundry,Laundry.esp,D:\Wabbajack\modlists\ARR 2.5\mods\Immersive Laundry\Laundry.esp,78e6cb981c5cb01d|027098:Laundry.esp,SIGNAL,read,ACTI,027098:Laundry.esp,00ScrubbyTub05,,,,Direct selected-signature candidate.,,NO-ROWS,"Primary review: creature assets, fauna loot, scenery, utility, weather, framework, or ordinary world records do not encode a distinct deliberate devotional act.",,REJECTED
78e6cb981c5cb01d,NQ104,NQ,Visuals - Furniture,Immersive Laundry,Laundry.esp,D:\Wabbajack\modlists\ARR 2.5\mods\Immersive Laundry\Laundry.esp,78e6cb981c5cb01d|027099:Laundry.esp,SIGNAL,read,ACTI,027099:Laundry.esp,00ScrubbyTub06,,,,Direct selected-signature candidate.,,NO-ROWS,"Primary review: creature assets, fauna loot, scenery, utility, weather, framework, or ordinary world records do not encode a distinct deliberate devotional act.",,REJECTED
78e6cb981c5cb01d,NQ104,NQ,Visuals - Furniture,Immersive Laundry,Laundry.esp,D:\Wabbajack\modlists\ARR 2.5\mods\Immersive Laundry\Laundry.esp,78e6cb981c5cb01d|02709A:Laundry.esp,SIGNAL,read,ACTI,02709A:Laundry.esp,00ScrubbyTubUC01,,,,Direct selected-signature candidate.,,NO-ROWS,"Primary review: creature assets, fauna loot, scenery, utility, weather, framework, or ordinary world records do not encode a distinct deliberate devotional act.",,REJECTED
78e6cb981c5cb01d,NQ104,NQ,Visuals - Furniture,Immersive Laundry,Laundry.esp,D:\Wabbajack\modlists\ARR 2.5\mods\Immersive Laundry\Laundry.esp,78e6cb981c5cb01d|02709B:Laundry.esp,SIGNAL,read,ACTI,02709B:Laundry.esp,00ScrubbyTubUC02,,,,Direct selected-signature candidate.,,NO-ROWS,"Primary review: creature assets, fauna loot, scenery, utility, weather, framework, or ordinary world records do not encode a distinct deliberate devotional act.",,REJECTED
78e6cb981c5cb01d,NQ104,NQ,Visuals - Furniture,Immersive Laundry,Laundry.esp,D:\Wabbajack\modlists\ARR 2.5\mods\Immersive Laundry\Laundry.esp,78e6cb981c5cb01d|02709C:Laundry.esp,SIGNAL,read,ACTI,02709C:Laundry.esp,00ScrubbyTubUC05,,,,Direct selected-signature candidate.,,NO-ROWS,"Primary review: creature assets, fauna loot, scenery, utility, weather, framework, or ordinary world records do not encode a distinct deliberate devotional act.",,REJECTED
d76338a1a5e36a08,NQ104,NQ,Visuals - Furniture,Immersive Laundry - Animated,Animated Laundry.esp,D:\Wabbajack\modlists\ARR 2.5\mods\Immersive Laundry - Animated\Animated Laundry.esp,PLUGIN,PLUGIN-SUMMARY,read,,,,,,,Direct selected-signature reads.,TREE:53,NO-ROWS,"Primary review: creature assets, fauna loot, scenery, utility, weather, framework, or ordinary world records do not encode a distinct deliberate devotional act.",Direct signal candidate enumeration: 53,REJECTED
d76338a1a5e36a08,NQ104,NQ,Visuals - Furniture,Immersive Laundry - Animated,Animated Laundry.esp,D:\Wabbajack\modlists\ARR 2.5\mods\Immersive Laundry - Animated\Animated Laundry.esp,d76338a1a5e36a08|000800:Animated Laundry.esp,SIGNAL,read,TREE,000800:Animated Laundry.esp,0LineRagsDirty_Anim,,,,Direct selected-signature candidate.,,NO-ROWS,"Primary review: creature assets, fauna loot, scenery, utility, weather, framework, or ordinary world records do not encode a distinct deliberate devotional act.",,REJECTED
d76338a1a5e36a08,NQ104,NQ,Visuals - Furniture,Immersive Laundry - Animated,Animated Laundry.esp,D:\Wabbajack\modlists\ARR 2.5\mods\Immersive Laundry - Animated\Animated Laundry.esp,d76338a1a5e36a08|000E64:Animated Laundry.esp,SIGNAL,read,TREE,000E64:Animated Laundry.esp,0LineHanging01_Anim,,,,Direct selected-signature candidate.,,NO-ROWS,"Primary review: creature assets, fauna loot, scenery, utility, weather, framework, or ordinary world records do not encode a distinct deliberate devotional act.",,REJECTED
d76338a1a5e36a08,NQ104,NQ,Visuals - Furniture,Immersive Laundry - Animated,Animated Laundry.esp,D:\Wabbajack\modlists\ARR 2.5\mods\Immersive Laundry - Animated\Animated Laundry.esp,d76338a1a5e36a08|000E65:Animated Laundry.esp,SIGNAL,read,TREE,000E65:Animated Laundry.esp,0LineHanging01b_Anim,,,,Direct selected-signature candidate.,,NO-ROWS,"Primary review: creature assets, fauna loot, scenery, utility, weather, framework, or ordinary world records do not encode a distinct deliberate devotional act.",,REJECTED
d76338a1a5e36a08,NQ104,NQ,Visuals - Furniture,Immersive Laundry - Animated,Animated Laundry.esp,D:\Wabbajack\modlists\ARR 2.5\mods\Immersive Laundry - Animated\Animated Laundry.esp,d76338a1a5e36a08|000E66:Animated Laundry.esp,SIGNAL,read,TREE,000E66:Animated Laundry.esp,0LineHanging01c_Anim,,,,Direct selected-signature candidate.,,NO-ROWS,"Primary review: creature assets, fauna loot, scenery, utility, weather, framework, or ordinary world records do not encode a distinct deliberate devotional act.",,REJECTED
d76338a1a5e36a08,NQ104,NQ,Visuals - Furniture,Immersive Laundry - Animated,Animated Laundry.esp,D:\Wabbajack\modlists\ARR 2.5\mods\Immersive Laundry - Animated\Animated Laundry.esp,d76338a1a5e36a08|000E67:Animated Laundry.esp,SIGNAL,read,TREE,000E67:Animated Laundry.esp,0LineHanging01d_Anim,,,,Direct selected-signature candidate.,,NO-ROWS,"Primary review: creature assets, fauna loot, scenery, utility, weather, framework, or ordinary world records do not encode a distinct deliberate devotional act.",,REJECTED
d76338a1a5e36a08,NQ104,NQ,Visuals - Furniture,Immersive Laundry - Animated,Animated Laundry.esp,D:\Wabbajack\modlists\ARR 2.5\mods\Immersive Laundry - Animated\Animated Laundry.esp,d76338a1a5e36a08|000E68:Animated Laundry.esp,SIGNAL,read,TREE,000E68:Animated Laundry.esp,0LineHanging01e_Anim,,,,Direct selected-signature candidate.,,NO-ROWS,"Primary review: creature assets, fauna loot, scenery, utility, weather, framework, or ordinary world records do not encode a distinct deliberate devotional act.",,REJECTED
d76338a1a5e36a08,NQ104,NQ,Visuals - Furniture,Immersive Laundry - Animated,Animated Laundry.esp,D:\Wabbajack\modlists\ARR 2.5\mods\Immersive Laundry - Animated\Animated Laundry.esp,d76338a1a5e36a08|000E69:Animated Laundry.esp,SIGNAL,read,TREE,000E69:Animated Laundry.esp,0LineHanging02_Anim,,,,Direct selected-signature candidate.,,NO-ROWS,"Primary review: creature assets, fauna loot, scenery, utility, weather, framework, or ordinary world records do not encode a distinct deliberate devotional act.",,REJECTED
d76338a1a5e36a08,NQ104,NQ,Visuals - Furniture,Immersive Laundry - Animated,Animated Laundry.esp,D:\Wabbajack\modlists\ARR 2.5\mods\Immersive Laundry - Animated\Animated Laundry.esp,d76338a1a5e36a08|000E6A:Animated Laundry.esp,SIGNAL,read,TREE,000E6A:Animated Laundry.esp,0LineHanging02a_Anim,,,,Direct selected-signature candidate.,,NO-ROWS,"Primary review: creature assets, fauna loot, scenery, utility, weather, framework, or ordinary world records do not encode a distinct deliberate devotional act.",,REJECTED
d76338a1a5e36a08,NQ104,NQ,Visuals - Furniture,Immersive Laundry - Animated,Animated Laundry.esp,D:\Wabbajack\modlists\ARR 2.5\mods\Immersive Laundry - Animated\Animated Laundry.esp,d76338a1a5e36a08|000E6B:Animated Laundry.esp,SIGNAL,read,TREE,000E6B:Animated Laundry.esp,0LineHanging02b_Anim,,,,Direct selected-signature candidate.,,NO-ROWS,"Primary review: creature assets, fauna loot, scenery, utility, weather, framework, or ordinary world records do not encode a distinct deliberate devotional act.",,REJECTED
d76338a1a5e36a08,NQ104,NQ,Visuals - Furniture,Immersive Laundry - Animated,Animated Laundry.esp,D:\Wabbajack\modlists\ARR 2.5\mods\Immersive Laundry - Animated\Animated Laundry.esp,d76338a1a5e36a08|000E6C:Animated Laundry.esp,SIGNAL,read,TREE,000E6C:Animated Laundry.esp,0LineHanging02c_Anim,,,,Direct selected-signature candidate.,,NO-ROWS,"Primary review: creature assets, fauna loot, scenery, utility, weather, framework, or ordinary world records do not encode a distinct deliberate devotional act.",,REJECTED
d76338a1a5e36a08,NQ104,NQ,Visuals - Furniture,Immersive Laundry - Animated,Animated Laundry.esp,D:\Wabbajack\modlists\ARR 2.5\mods\Immersive Laundry - Animated\Animated Laundry.esp,d76338a1a5e36a08|000E6D:Animated Laundry.esp,SIGNAL,read,TREE,000E6D:Animated Laundry.esp,0LineStanding01_Anim,,,,Direct selected-signature candidate.,,NO-ROWS,"Primary review: creature assets, fauna loot, scenery, utility, weather, framework, or ordinary world records do not encode a distinct deliberate devotional act.",,REJECTED
d76338a1a5e36a08,NQ104,NQ,Visuals - Furniture,Immersive Laundry - Animated,Animated Laundry.esp,D:\Wabbajack\modlists\ARR 2.5\mods\Immersive Laundry - Animated\Animated Laundry.esp,d76338a1a5e36a08|000E6E:Animated Laundry.esp,SIGNAL,read,TREE,000E6E:Animated Laundry.esp,0LineStanding01a_Anim,,,,Direct selected-signature candidate.,,NO-ROWS,"Primary review: creature assets, fauna loot, scenery, utility, weather, framework, or ordinary world records do not encode a distinct deliberate devotional act.",,REJECTED
d76338a1a5e36a08,NQ104,NQ,Visuals - Furniture,Immersive Laundry - Animated,Animated Laundry.esp,D:\Wabbajack\modlists\ARR 2.5\mods\Immersive Laundry - Animated\Animated Laundry.esp,d76338a1a5e36a08|000E6F:Animated Laundry.esp,SIGNAL,read,TREE,000E6F:Animated Laundry.esp,0LineStanding01b_Anim,,,,Direct selected-signature candidate.,,NO-ROWS,"Primary review: creature assets, fauna loot, scenery, utility, weather, framework, or ordinary world records do not encode a distinct deliberate devotional act.",,REJECTED
d76338a1a5e36a08,NQ104,NQ,Visuals - Furniture,Immersive Laundry - Animated,Animated Laundry.esp,D:\Wabbajack\modlists\ARR 2.5\mods\Immersive Laundry - Animated\Animated Laundry.esp,d76338a1a5e36a08|000E70:Animated Laundry.esp,SIGNAL,read,TREE,000E70:Animated Laundry.esp,0LineStanding01c_Anim,,,,Direct selected-signature candidate.,,NO-ROWS,"Primary review: creature assets, fauna loot, scenery, utility, weather, framework, or ordinary world records do not encode a distinct deliberate devotional act.",,REJECTED
d76338a1a5e36a08,NQ104,NQ,Visuals - Furniture,Immersive Laundry - Animated,Animated Laundry.esp,D:\Wabbajack\modlists\ARR 2.5\mods\Immersive Laundry - Animated\Animated Laundry.esp,d76338a1a5e36a08|000E71:Animated Laundry.esp,SIGNAL,read,TREE,000E71:Animated Laundry.esp,0LineStanding01d_Anim,,,,Direct selected-signature candidate.,,NO-ROWS,"Primary review: creature assets, fauna loot, scenery, utility, weather, framework, or ordinary world records do not encode a distinct deliberate devotional act.",,REJECTED
d76338a1a5e36a08,NQ104,NQ,Visuals - Furniture,Immersive Laundry - Animated,Animated Laundry.esp,D:\Wabbajack\modlists\ARR 2.5\mods\Immersive Laundry - Animated\Animated Laundry.esp,d76338a1a5e36a08|000E72:Animated Laundry.esp,SIGNAL,read,TREE,000E72:Animated Laundry.esp,0LineStanding01dirtydark_Anim,,,,Direct selected-signature candidate.,,NO-ROWS,"Primary review: creature assets, fauna loot, scenery, utility, weather, framework, or ordinary world records do not encode a distinct deliberate devotional act.",,REJECTED
d76338a1a5e36a08,NQ104,NQ,Visuals - Furniture,Immersive Laundry - Animated,Animated Laundry.esp,D:\Wabbajack\modlists\ARR 2.5\mods\Immersive Laundry - Animated\Animated Laundry.esp,d76338a1a5e36a08|000E73:Animated Laundry.esp,SIGNAL,read,TREE,000E73:Animated Laundry.esp,0LineStanding01e_Anim,,,,Direct selected-signature candidate.,,NO-ROWS,"Primary review: creature assets, fauna loot, scenery, utility, weather, framework, or ordinary world records do not encode a distinct deliberate devotional act.",,REJECTED
d76338a1a5e36a08,NQ104,NQ,Visuals - Furniture,Immersive Laundry - Animated,Animated Laundry.esp,D:\Wabbajack\modlists\ARR 2.5\mods\Immersive Laundry - Animated\Animated Laundry.esp,d76338a1a5e36a08|000E74:Animated Laundry.esp,SIGNAL,read,TREE,000E74:Animated Laundry.esp,0LineStanding01f_Anim,,,,Direct selected-signature candidate.,,NO-ROWS,"Primary review: creature assets, fauna loot, scenery, utility, weather, framework, or ordinary world records do not encode a distinct deliberate devotional act.",,REJECTED
d76338a1a5e36a08,NQ104,NQ,Visuals - Furniture,Immersive Laundry - Animated,Animated Laundry.esp,D:\Wabbajack\modlists\ARR 2.5\mods\Immersive Laundry - Animated\Animated Laundry.esp,d76338a1a5e36a08|000E75:Animated Laundry.esp,SIGNAL,read,TREE,000E75:Animated Laundry.esp,0LineStanding02_Anim,,,,Direct selected-signature candidate.,,NO-ROWS,"Primary review: creature assets, fauna loot, scenery, utility, weather, framework, or ordinary world records do not encode a distinct deliberate devotional act.",,REJECTED
d76338a1a5e36a08,NQ104,NQ,Visuals - Furniture,Immersive Laundry - Animated,Animated Laundry.esp,D:\Wabbajack\modlists\ARR 2.5\mods\Immersive Laundry - Animated\Animated Laundry.esp,d76338a1a5e36a08|000E76:Animated Laundry.esp,SIGNAL,read,TREE,000E76:Animated Laundry.esp,0LineStanding02a_Anim,,,,Direct selected-signature candidate.,,NO-ROWS,"Primary review: creature assets, fauna loot, scenery, utility, weather, framework, or ordinary world records do not encode a distinct deliberate devotional act.",,REJECTED
d76338a1a5e36a08,NQ104,NQ,Visuals - Furniture,Immersive Laundry - Animated,Animated Laundry.esp,D:\Wabbajack\modlists\ARR 2.5\mods\Immersive Laundry - Animated\Animated Laundry.esp,d76338a1a5e36a08|000E77:Animated Laundry.esp,SIGNAL,read,TREE,000E77:Animated Laundry.esp,0LineStanding02b_Anim,,,,Direct selected-signature candidate.,,NO-ROWS,"Primary review: creature assets, fauna loot, scenery, utility, weather, framework, or ordinary world records do not encode a distinct deliberate devotional act.",,REJECTED
d76338a1a5e36a08,NQ104,NQ,Visuals - Furniture,Immersive Laundry - Animated,Animated Laundry.esp,D:\Wabbajack\modlists\ARR 2.5\mods\Immersive Laundry - Animated\Animated Laundry.esp,d76338a1a5e36a08|000E78:Animated Laundry.esp,SIGNAL,read,TREE,000E78:Animated Laundry.esp,0LineStanding02c_Anim,,,,Direct selected-signature candidate.,,NO-ROWS,"Primary review: creature assets, fauna loot, scenery, utility, weather, framework, or ordinary world records do not encode a distinct deliberate devotional act.",,REJECTED
d76338a1a5e36a08,NQ104,NQ,Visuals - Furniture,Immersive Laundry - Animated,Animated Laundry.esp,D:\Wabbajack\modlists\ARR 2.5\mods\Immersive Laundry - Animated\Animated Laundry.esp,d76338a1a5e36a08|000E79:Animated Laundry.esp,SIGNAL,read,TREE,000E79:Animated Laundry.esp,0LineStanding02d_Anim,,,,Direct selected-signature candidate.,,NO-ROWS,"Primary review: creature assets, fauna loot, scenery, utility, weather, framework, or ordinary world records do not encode a distinct deliberate devotional act.",,REJECTED
d76338a1a5e36a08,NQ104,NQ,Visuals - Furniture,Immersive Laundry - Animated,Animated Laundry.esp,D:\Wabbajack\modlists\ARR 2.5\mods\Immersive Laundry - Animated\Animated Laundry.esp,d76338a1a5e36a08|000E7A:Animated Laundry.esp,SIGNAL,read,TREE,000E7A:Animated Laundry.esp,0LineStanding03_Anim,,,,Direct selected-signature candidate.,,NO-ROWS,"Primary review: creature assets, fauna loot, scenery, utility, weather, framework, or ordinary world records do not encode a distinct deliberate devotional act.",,REJECTED
d76338a1a5e36a08,NQ104,NQ,Visuals - Furniture,Immersive Laundry - Animated,Animated Laundry.esp,D:\Wabbajack\modlists\ARR 2.5\mods\Immersive Laundry - Animated\Animated Laundry.esp,d76338a1a5e36a08|000E7B:Animated Laundry.esp,SIGNAL,read,TREE,000E7B:Animated Laundry.esp,0LineStanding03a_Anim,,,,Direct selected-signature candidate.,,NO-ROWS,"Primary review: creature assets, fauna loot, scenery, utility, weather, framework, or ordinary world records do not encode a distinct deliberate devotional act.",,REJECTED
d76338a1a5e36a08,NQ104,NQ,Visuals - Furniture,Immersive Laundry - Animated,Animated Laundry.esp,D:\Wabbajack\modlists\ARR 2.5\mods\Immersive Laundry - Animated\Animated Laundry.esp,d76338a1a5e36a08|000E7C:Animated Laundry.esp,SIGNAL,read,TREE,000E7C:Animated Laundry.esp,0LineStanding03b_Anim,,,,Direct selected-signature candidate.,,NO-ROWS,"Primary review: creature assets, fauna loot, scenery, utility, weather, framework, or ordinary world records do not encode a distinct deliberate devotional act.",,REJECTED
d76338a1a5e36a08,NQ104,NQ,Visuals - Furniture,Immersive Laundry - Animated,Animated Laundry.esp,D:\Wabbajack\modlists\ARR 2.5\mods\Immersive Laundry - Animated\Animated Laundry.esp,d76338a1a5e36a08|000E7D:Animated Laundry.esp,SIGNAL,read,TREE,000E7D:Animated Laundry.esp,0LineStanding03c_Anim,,,,Direct selected-signature candidate.,,NO-ROWS,"Primary review: creature assets, fauna loot, scenery, utility, weather, framework, or ordinary world records do not encode a distinct deliberate devotional act.",,REJECTED
d76338a1a5e36a08,NQ104,NQ,Visuals - Furniture,Immersive Laundry - Animated,Animated Laundry.esp,D:\Wabbajack\modlists\ARR 2.5\mods\Immersive Laundry - Animated\Animated Laundry.esp,d76338a1a5e36a08|000E7E:Animated Laundry.esp,SIGNAL,read,TREE,000E7E:Animated Laundry.esp,0LineStanding03d_Anim,,,,Direct selected-signature candidate.,,NO-ROWS,"Primary review: creature assets, fauna loot, scenery, utility, weather, framework, or ordinary world records do not encode a distinct deliberate devotional act.",,REJECTED
d76338a1a5e36a08,NQ104,NQ,Visuals - Furniture,Immersive Laundry - Animated,Animated Laundry.esp,D:\Wabbajack\modlists\ARR 2.5\mods\Immersive Laundry - Animated\Animated Laundry.esp,d76338a1a5e36a08|000E7F:Animated Laundry.esp,SIGNAL,read,TREE,000E7F:Animated Laundry.esp,0LineWall01_Anim,,,,Direct selected-signature candidate.,,NO-ROWS,"Primary review: creature assets, fauna loot, scenery, utility, weather, framework, or ordinary world records do not encode a distinct deliberate devotional act.",,REJECTED
d76338a1a5e36a08,NQ104,NQ,Visuals - Furniture,Immersive Laundry - Animated,Animated Laundry.esp,D:\Wabbajack\modlists\ARR 2.5\mods\Immersive Laundry - Animated\Animated Laundry.esp,d76338a1a5e36a08|000E80:Animated Laundry.esp,SIGNAL,read,TREE,000E80:Animated Laundry.esp,0LineWall01a_Anim,,,,Direct selected-signature candidate.,,NO-ROWS,"Primary review: creature assets, fauna loot, scenery, utility, weather, framework, or ordinary world records do not encode a distinct deliberate devotional act.",,REJECTED
d76338a1a5e36a08,NQ104,NQ,Visuals - Furniture,Immersive Laundry - Animated,Animated Laundry.esp,D:\Wabbajack\modlists\ARR 2.5\mods\Immersive Laundry - Animated\Animated Laundry.esp,d76338a1a5e36a08|000E81:Animated Laundry.esp,SIGNAL,read,TREE,000E81:Animated Laundry.esp,0LineWall01b_Anim,,,,Direct selected-signature candidate.,,NO-ROWS,"Primary review: creature assets, fauna loot, scenery, utility, weather, framework, or ordinary world records do not encode a distinct deliberate devotional act.",,REJECTED
d76338a1a5e36a08,NQ104,NQ,Visuals - Furniture,Immersive Laundry - Animated,Animated Laundry.esp,D:\Wabbajack\modlists\ARR 2.5\mods\Immersive Laundry - Animated\Animated Laundry.esp,d76338a1a5e36a08|000E82:Animated Laundry.esp,SIGNAL,read,TREE,000E82:Animated Laundry.esp,0LineWall01c_Anim,,,,Direct selected-signature candidate.,,NO-ROWS,"Primary review: creature assets, fauna loot, scenery, utility, weather, framework, or ordinary world records do not encode a distinct deliberate devotional act.",,REJECTED
d76338a1a5e36a08,NQ104,NQ,Visuals - Furniture,Immersive Laundry - Animated,Animated Laundry.esp,D:\Wabbajack\modlists\ARR 2.5\mods\Immersive Laundry - Animated\Animated Laundry.esp,d76338a1a5e36a08|000E83:Animated Laundry.esp,SIGNAL,read,TREE,000E83:Animated Laundry.esp,0LineWall01d_Anim,,,,Direct selected-signature candidate.,,NO-ROWS,"Primary review: creature assets, fauna loot, scenery, utility, weather, framework, or ordinary world records do not encode a distinct deliberate devotional act.",,REJECTED
d76338a1a5e36a08,NQ104,NQ,Visuals - Furniture,Immersive Laundry - Animated,Animated Laundry.esp,D:\Wabbajack\modlists\ARR 2.5\mods\Immersive Laundry - Animated\Animated Laundry.esp,d76338a1a5e36a08|000E84:Animated Laundry.esp,SIGNAL,read,TREE,000E84:Animated Laundry.esp,0LineWall01e_Anim,,,,Direct selected-signature candidate.,,NO-ROWS,"Primary review: creature assets, fauna loot, scenery, utility, weather, framework, or ordinary world records do not encode a distinct deliberate devotional act.",,REJECTED
d76338a1a5e36a08,NQ104,NQ,Visuals - Furniture,Immersive Laundry - Animated,Animated Laundry.esp,D:\Wabbajack\modlists\ARR 2.5\mods\Immersive Laundry - Animated\Animated Laundry.esp,d76338a1a5e36a08|000E85:Animated Laundry.esp,SIGNAL,read,TREE,000E85:Animated Laundry.esp,0LineWall01f_Anim,,,,Direct selected-signature candidate.,,NO-ROWS,"Primary review: creature assets, fauna loot, scenery, utility, weather, framework, or ordinary world records do not encode a distinct deliberate devotional act.",,REJECTED
d76338a1a5e36a08,NQ104,NQ,Visuals - Furniture,Immersive Laundry - Animated,Animated Laundry.esp,D:\Wabbajack\modlists\ARR 2.5\mods\Immersive Laundry - Animated\Animated Laundry.esp,d76338a1a5e36a08|000E86:Animated Laundry.esp,SIGNAL,read,TREE,000E86:Animated Laundry.esp,0LineWall02_Anim,,,,Direct selected-signature candidate.,,NO-ROWS,"Primary review: creature assets, fauna loot, scenery, utility, weather, framework, or ordinary world records do not encode a distinct deliberate devotional act.",,REJECTED
d76338a1a5e36a08,NQ104,NQ,Visuals - Furniture,Immersive Laundry - Animated,Animated Laundry.esp,D:\Wabbajack\modlists\ARR 2.5\mods\Immersive Laundry - Animated\Animated Laundry.esp,d76338a1a5e36a08|000E87:Animated Laundry.esp,SIGNAL,read,TREE,000E87:Animated Laundry.esp,0LineWall02a_Anim,,,,Direct selected-signature candidate.,,NO-ROWS,"Primary review: creature assets, fauna loot, scenery, utility, weather, framework, or ordinary world records do not encode a distinct deliberate devotional act.",,REJECTED
d76338a1a5e36a08,NQ104,NQ,Visuals - Furniture,Immersive Laundry - Animated,Animated Laundry.esp,D:\Wabbajack\modlists\ARR 2.5\mods\Immersive Laundry - Animated\Animated Laundry.esp,d76338a1a5e36a08|000E88:Animated Laundry.esp,SIGNAL,read,TREE,000E88:Animated Laundry.esp,0LineWall02b_Anim,,,,Direct selected-signature candidate.,,NO-ROWS,"Primary review: creature assets, fauna loot, scenery, utility, weather, framework, or ordinary world records do not encode a distinct deliberate devotional act.",,REJECTED
d76338a1a5e36a08,NQ104,NQ,Visuals - Furniture,Immersive Laundry - Animated,Animated Laundry.esp,D:\Wabbajack\modlists\ARR 2.5\mods\Immersive Laundry - Animated\Animated Laundry.esp,d76338a1a5e36a08|000E89:Animated Laundry.esp,SIGNAL,read,TREE,000E89:Animated Laundry.esp,0LineWall02c_Anim,,,,Direct selected-signature candidate.,,NO-ROWS,"Primary review: creature assets, fauna loot, scenery, utility, weather, framework, or ordinary world records do not encode a distinct deliberate devotional act.",,REJECTED
d76338a1a5e36a08,NQ104,NQ,Visuals - Furniture,Immersive Laundry - Animated,Animated Laundry.esp,D:\Wabbajack\modlists\ARR 2.5\mods\Immersive Laundry - Animated\Animated Laundry.esp,d76338a1a5e36a08|000E8A:Animated Laundry.esp,SIGNAL,read,TREE,000E8A:Animated Laundry.esp,0LineWall02d_Anim,,,,Direct selected-signature candidate.,,NO-ROWS,"Primary review: creature assets, fauna loot, scenery, utility, weather, framework, or ordinary world records do not encode a distinct deliberate devotional act.",,REJECTED
d76338a1a5e36a08,NQ104,NQ,Visuals - Furniture,Immersive Laundry - Animated,Animated Laundry.esp,D:\Wabbajack\modlists\ARR 2.5\mods\Immersive Laundry - Animated\Animated Laundry.esp,d76338a1a5e36a08|000E8B:Animated Laundry.esp,SIGNAL,read,TREE,000E8B:Animated Laundry.esp,0LineWall02e_Anim,,,,Direct selected-signature candidate.,,NO-ROWS,"Primary review: creature assets, fauna loot, scenery, utility, weather, framework, or ordinary world records do not encode a distinct deliberate devotional act.",,REJECTED
d76338a1a5e36a08,NQ104,NQ,Visuals - Furniture,Immersive Laundry - Animated,Animated Laundry.esp,D:\Wabbajack\modlists\ARR 2.5\mods\Immersive Laundry - Animated\Animated Laundry.esp,d76338a1a5e36a08|000E8C:Animated Laundry.esp,SIGNAL,read,TREE,000E8C:Animated Laundry.esp,0LineWall02f_Anim,,,,Direct selected-signature candidate.,,NO-ROWS,"Primary review: creature assets, fauna loot, scenery, utility, weather, framework, or ordinary world records do not encode a distinct deliberate devotional act.",,REJECTED
d76338a1a5e36a08,NQ104,NQ,Visuals - Furniture,Immersive Laundry - Animated,Animated Laundry.esp,D:\Wabbajack\modlists\ARR 2.5\mods\Immersive Laundry - Animated\Animated Laundry.esp,d76338a1a5e36a08|000E8D:Animated Laundry.esp,SIGNAL,read,TREE,000E8D:Animated Laundry.esp,0mtcLineHanging01dirtydark_Anim,,,,Direct selected-signature candidate.,,NO-ROWS,"Primary review: creature assets, fauna loot, scenery, utility, weather, framework, or ordinary world records do not encode a distinct deliberate devotional act.",,REJECTED
d76338a1a5e36a08,NQ104,NQ,Visuals - Furniture,Immersive Laundry - Animated,Animated Laundry.esp,D:\Wabbajack\modlists\ARR 2.5\mods\Immersive Laundry - Animated\Animated Laundry.esp,d76338a1a5e36a08|000E8E:Animated Laundry.esp,SIGNAL,read,TREE,000E8E:Animated Laundry.esp,0mtcLineHanging01dirtydarksingle_Anim,,,,Direct selected-signature candidate.,,NO-ROWS,"Primary review: creature assets, fauna loot, scenery, utility, weather, framework, or ordinary world records do not encode a distinct deliberate devotional act.",,REJECTED
d76338a1a5e36a08,NQ104,NQ,Visuals - Furniture,Immersive Laundry - Animated,Animated Laundry.esp,D:\Wabbajack\modlists\ARR 2.5\mods\Immersive Laundry - Animated\Animated Laundry.esp,d76338a1a5e36a08|000E8F:Animated Laundry.esp,SIGNAL,read,TREE,000E8F:Animated Laundry.esp,0mtcLineHanging01dirtydarksmall_Anim,,,,Direct selected-signature candidate.,,NO-ROWS,"Primary review: creature assets, fauna loot, scenery, utility, weather, framework, or ordinary world records do not encode a distinct deliberate devotional act.",,REJECTED
d76338a1a5e36a08,NQ104,NQ,Visuals - Furniture,Immersive Laundry - Animated,Animated Laundry.esp,D:\Wabbajack\modlists\ARR 2.5\mods\Immersive Laundry - Animated\Animated Laundry.esp,d76338a1a5e36a08|000E90:Animated Laundry.esp,SIGNAL,read,TREE,000E90:Animated Laundry.esp,0mtcLineWall01dirty_Anim,,,,Direct selected-signature candidate.,,NO-ROWS,"Primary review: creature assets, fauna loot, scenery, utility, weather, framework, or ordinary world records do not encode a distinct deliberate devotional act.",,REJECTED
d76338a1a5e36a08,NQ104,NQ,Visuals - Furniture,Immersive Laundry - Animated,Animated Laundry.esp,D:\Wabbajack\modlists\ARR 2.5\mods\Immersive Laundry - Animated\Animated Laundry.esp,d76338a1a5e36a08|000E91:Animated Laundry.esp,SIGNAL,read,TREE,000E91:Animated Laundry.esp,0mtcLineWall01dirtydark_Anim,,,,Direct selected-signature candidate.,,NO-ROWS,"Primary review: creature assets, fauna loot, scenery, utility, weather, framework, or ordinary world records do not encode a distinct deliberate devotional act.",,REJECTED
d76338a1a5e36a08,NQ104,NQ,Visuals - Furniture,Immersive Laundry - Animated,Animated Laundry.esp,D:\Wabbajack\modlists\ARR 2.5\mods\Immersive Laundry - Animated\Animated Laundry.esp,d76338a1a5e36a08|000E92:Animated Laundry.esp,SIGNAL,read,TREE,000E92:Animated Laundry.esp,0LineStanding02e_Anim,,,,Direct selected-signature candidate.,,NO-ROWS,"Primary review: creature assets, fauna loot, scenery, utility, weather, framework, or ordinary world records do not encode a distinct deliberate devotional act.",,REJECTED
d76338a1a5e36a08,NQ104,NQ,Visuals - Furniture,Immersive Laundry - Animated,Animated Laundry.esp,D:\Wabbajack\modlists\ARR 2.5\mods\Immersive Laundry - Animated\Animated Laundry.esp,d76338a1a5e36a08|000E93:Animated Laundry.esp,SIGNAL,read,TREE,000E93:Animated Laundry.esp,0LineStanding01g_Anim,,,,Direct selected-signature candidate.,,NO-ROWS,"Primary review: creature assets, fauna loot, scenery, utility, weather, framework, or ordinary world records do not encode a distinct deliberate devotional act.",,REJECTED
d76338a1a5e36a08,NQ104,NQ,Visuals - Furniture,Immersive Laundry - Animated,Animated Laundry.esp,D:\Wabbajack\modlists\ARR 2.5\mods\Immersive Laundry - Animated\Animated Laundry.esp,d76338a1a5e36a08|000E94:Animated Laundry.esp,SIGNAL,read,TREE,000E94:Animated Laundry.esp,0LineWall02g_Anim,,,,Direct selected-signature candidate.,,NO-ROWS,"Primary review: creature assets, fauna loot, scenery, utility, weather, framework, or ordinary world records do not encode a distinct deliberate devotional act.",,REJECTED
d76338a1a5e36a08,NQ104,NQ,Visuals - Furniture,Immersive Laundry - Animated,Animated Laundry.esp,D:\Wabbajack\modlists\ARR 2.5\mods\Immersive Laundry - Animated\Animated Laundry.esp,d76338a1a5e36a08|000E95:Animated Laundry.esp,SIGNAL,read,TREE,000E95:Animated Laundry.esp,0LineHanging02e_Anim,,,,Direct selected-signature candidate.,,NO-ROWS,"Primary review: creature assets, fauna loot, scenery, utility, weather, framework, or ordinary world records do not encode a distinct deliberate devotional act.",,REJECTED
d76338a1a5e36a08,NQ104,NQ,Visuals - Furniture,Immersive Laundry - Animated,Animated Laundry.esp,D:\Wabbajack\modlists\ARR 2.5\mods\Immersive Laundry - Animated\Animated Laundry.esp,d76338a1a5e36a08|000E96:Animated Laundry.esp,SIGNAL,read,TREE,000E96:Animated Laundry.esp,0LineStanding01dirtylight_Anim,,,,Direct selected-signature candidate.,,NO-ROWS,"Primary review: creature assets, fauna loot, scenery, utility, weather, framework, or ordinary world records do not encode a distinct deliberate devotional act.",,REJECTED
d76338a1a5e36a08,NQ104,NQ,Visuals - Furniture,Immersive Laundry - Animated,Animated Laundry.esp,D:\Wabbajack\modlists\ARR 2.5\mods\Immersive Laundry - Animated\Animated Laundry.esp,d76338a1a5e36a08|000E97:Animated Laundry.esp,SIGNAL,read,TREE,000E97:Animated Laundry.esp,0LineHanging01a_Anim,,,,Direct selected-signature candidate.,,NO-ROWS,"Primary review: creature assets, fauna loot, scenery, utility, weather, framework, or ordinary world records do not encode a distinct deliberate devotional act.",,REJECTED
1192047287907fa3,NQ104,NQ,Visuals - Ingredients,Hanging Dead Chickens- Mihail's Shards of Immersion (SE-AE),mihailhangingchickens.esp,D:\Wabbajack\modlists\ARR 2.5\mods\Hanging Dead Chickens- Mihail's Shards of Immersion (SE-AE)\mihailhangingchickens.esp,PLUGIN,PLUGIN-SUMMARY,read,,,,,,,Direct selected-signature reads.,FLOR:6,NO-ROWS,"Primary review: creature assets, fauna loot, scenery, utility, weather, framework, or ordinary world records do not encode a distinct deliberate devotional act.",Direct signal candidate enumeration: 6,REJECTED
1192047287907fa3,NQ104,NQ,Visuals - Ingredients,Hanging Dead Chickens- Mihail's Shards of Immersion (SE-AE),mihailhangingchickens.esp,D:\Wabbajack\modlists\ARR 2.5\mods\Hanging Dead Chickens- Mihail's Shards of Immersion (SE-AE)\mihailhangingchickens.esp,1192047287907fa3|000800:mihailhangingchickens.esp,SIGNAL,read,FLOR,000800:mihailhangingchickens.esp,mihailhangingcock_1_pheasantbased,,,,Direct selected-signature candidate.,,NO-ROWS,"Primary review: creature assets, fauna loot, scenery, utility, weather, framework, or ordinary world records do not encode a distinct deliberate devotional act.",,REJECTED
1192047287907fa3,NQ104,NQ,Visuals - Ingredients,Hanging Dead Chickens- Mihail's Shards of Immersion (SE-AE),mihailhangingchickens.esp,D:\Wabbajack\modlists\ARR 2.5\mods\Hanging Dead Chickens- Mihail's Shards of Immersion (SE-AE)\mihailhangingchickens.esp,1192047287907fa3|000801:mihailhangingchickens.esp,SIGNAL,read,FLOR,000801:mihailhangingchickens.esp,mihailhangingcock_2_pheasantbased,,,,Direct selected-signature candidate.,,NO-ROWS,"Primary review: creature assets, fauna loot, scenery, utility, weather, framework, or ordinary world records do not encode a distinct deliberate devotional act.",,REJECTED
1192047287907fa3,NQ104,NQ,Visuals - Ingredients,Hanging Dead Chickens- Mihail's Shards of Immersion (SE-AE),mihailhangingchickens.esp,D:\Wabbajack\modlists\ARR 2.5\mods\Hanging Dead Chickens- Mihail's Shards of Immersion (SE-AE)\mihailhangingchickens.esp,1192047287907fa3|000802:mihailhangingchickens.esp,SIGNAL,read,FLOR,000802:mihailhangingchickens.esp,mihailhangingcock_3_pheasantbased,,,,Direct selected-signature candidate.,,NO-ROWS,"Primary review: creature assets, fauna loot, scenery, utility, weather, framework, or ordinary world records do not encode a distinct deliberate devotional act.",,REJECTED
1192047287907fa3,NQ104,NQ,Visuals - Ingredients,Hanging Dead Chickens- Mihail's Shards of Immersion (SE-AE),mihailhangingchickens.esp,D:\Wabbajack\modlists\ARR 2.5\mods\Hanging Dead Chickens- Mihail's Shards of Immersion (SE-AE)\mihailhangingchickens.esp,1192047287907fa3|000803:mihailhangingchickens.esp,SIGNAL,read,FLOR,000803:mihailhangingchickens.esp,mihailhangingcock_4_pheasantbased,,,,Direct selected-signature candidate.,,NO-ROWS,"Primary review: creature assets, fauna loot, scenery, utility, weather, framework, or ordinary world records do not encode a distinct deliberate devotional act.",,REJECTED
1192047287907fa3,NQ104,NQ,Visuals - Ingredients,Hanging Dead Chickens- Mihail's Shards of Immersion (SE-AE),mihailhangingchickens.esp,D:\Wabbajack\modlists\ARR 2.5\mods\Hanging Dead Chickens- Mihail's Shards of Immersion (SE-AE)\mihailhangingchickens.esp,1192047287907fa3|000804:mihailhangingchickens.esp,SIGNAL,read,FLOR,000804:mihailhangingchickens.esp,mihailhangingcock_5_pheasantbased,,,,Direct selected-signature candidate.,,NO-ROWS,"Primary review: creature assets, fauna loot, scenery, utility, weather, framework, or ordinary world records do not encode a distinct deliberate devotional act.",,REJECTED
1192047287907fa3,NQ104,NQ,Visuals - Ingredients,Hanging Dead Chickens- Mihail's Shards of Immersion (SE-AE),mihailhangingchickens.esp,D:\Wabbajack\modlists\ARR 2.5\mods\Hanging Dead Chickens- Mihail's Shards of Immersion (SE-AE)\mihailhangingchickens.esp,1192047287907fa3|000805:mihailhangingchickens.esp,SIGNAL,read,FLOR,000805:mihailhangingchickens.esp,mihailhangingcock_6_pheasantbased,,,,Direct selected-signature candidate.,,NO-ROWS,"Primary review: creature assets, fauna loot, scenery, utility, weather, framework, or ordinary world records do not encode a distinct deliberate devotional act.",,REJECTED
cf67f0c19eb11df3,NQ104,NQ,Visuals - Ingredients,Mihail's Hanging Dead Chickens (BOS Version),mihailhangingchickens.esp,D:\Wabbajack\modlists\ARR 2.5\mods\Mihail's Hanging Dead Chickens (BOS Version)\mihailhangingchickens.esp,PLUGIN,PLUGIN-SUMMARY,read,,,,,,,Direct selected-signature reads.,FLOR:6,NO-ROWS,"Primary review: creature assets, fauna loot, scenery, utility, weather, framework, or ordinary world records do not encode a distinct deliberate devotional act.",Direct signal candidate enumeration: 6,REJECTED
cf67f0c19eb11df3,NQ104,NQ,Visuals - Ingredients,Mihail's Hanging Dead Chickens (BOS Version),mihailhangingchickens.esp,D:\Wabbajack\modlists\ARR 2.5\mods\Mihail's Hanging Dead Chickens (BOS Version)\mihailhangingchickens.esp,cf67f0c19eb11df3|000800:mihailhangingchickens.esp,SIGNAL,read,FLOR,000800:mihailhangingchickens.esp,mihailhangingcock_1_pheasantbased,,,,Direct selected-signature candidate.,,NO-ROWS,"Primary review: creature assets, fauna loot, scenery, utility, weather, framework, or ordinary world records do not encode a distinct deliberate devotional act.",,REJECTED
cf67f0c19eb11df3,NQ104,NQ,Visuals - Ingredients,Mihail's Hanging Dead Chickens (BOS Version),mihailhangingchickens.esp,D:\Wabbajack\modlists\ARR 2.5\mods\Mihail's Hanging Dead Chickens (BOS Version)\mihailhangingchickens.esp,cf67f0c19eb11df3|000801:mihailhangingchickens.esp,SIGNAL,read,FLOR,000801:mihailhangingchickens.esp,mihailhangingcock_2_pheasantbased,,,,Direct selected-signature candidate.,,NO-ROWS,"Primary review: creature assets, fauna loot, scenery, utility, weather, framework, or ordinary world records do not encode a distinct deliberate devotional act.",,REJECTED
cf67f0c19eb11df3,NQ104,NQ,Visuals - Ingredients,Mihail's Hanging Dead Chickens (BOS Version),mihailhangingchickens.esp,D:\Wabbajack\modlists\ARR 2.5\mods\Mihail's Hanging Dead Chickens (BOS Version)\mihailhangingchickens.esp,cf67f0c19eb11df3|000802:mihailhangingchickens.esp,SIGNAL,read,FLOR,000802:mihailhangingchickens.esp,mihailhangingcock_3_pheasantbased,,,,Direct selected-signature candidate.,,NO-ROWS,"Primary review: creature assets, fauna loot, scenery, utility, weather, framework, or ordinary world records do not encode a distinct deliberate devotional act.",,REJECTED
cf67f0c19eb11df3,NQ104,NQ,Visuals - Ingredients,Mihail's Hanging Dead Chickens (BOS Version),mihailhangingchickens.esp,D:\Wabbajack\modlists\ARR 2.5\mods\Mihail's Hanging Dead Chickens (BOS Version)\mihailhangingchickens.esp,cf67f0c19eb11df3|000803:mihailhangingchickens.esp,SIGNAL,read,FLOR,000803:mihailhangingchickens.esp,mihailhangingcock_4_pheasantbased,,,,Direct selected-signature candidate.,,NO-ROWS,"Primary review: creature assets, fauna loot, scenery, utility, weather, framework, or ordinary world records do not encode a distinct deliberate devotional act.",,REJECTED
cf67f0c19eb11df3,NQ104,NQ,Visuals - Ingredients,Mihail's Hanging Dead Chickens (BOS Version),mihailhangingchickens.esp,D:\Wabbajack\modlists\ARR 2.5\mods\Mihail's Hanging Dead Chickens (BOS Version)\mihailhangingchickens.esp,cf67f0c19eb11df3|000804:mihailhangingchickens.esp,SIGNAL,read,FLOR,000804:mihailhangingchickens.esp,mihailhangingcock_5_pheasantbased,,,,Direct selected-signature candidate.,,NO-ROWS,"Primary review: creature assets, fauna loot, scenery, utility, weather, framework, or ordinary world records do not encode a distinct deliberate devotional act.",,REJECTED
cf67f0c19eb11df3,NQ104,NQ,Visuals - Ingredients,Mihail's Hanging Dead Chickens (BOS Version),mihailhangingchickens.esp,D:\Wabbajack\modlists\ARR 2.5\mods\Mihail's Hanging Dead Chickens (BOS Version)\mihailhangingchickens.esp,cf67f0c19eb11df3|000805:mihailhangingchickens.esp,SIGNAL,read,FLOR,000805:mihailhangingchickens.esp,mihailhangingcock_6_pheasantbased,,,,Direct selected-signature candidate.,,NO-ROWS,"Primary review: creature assets, fauna loot, scenery, utility, weather, framework, or ordinary world records do not encode a distinct deliberate devotional act.",,REJECTED
dda07681e3e2a435,NQ104,NQ,Visuals - Landscape,Lux Orbis (main),Lux Orbis.esp,D:\Wabbajack\modlists\ARR 2.5\mods\Lux Orbis (main)\Lux Orbis.esp,PLUGIN,PLUGIN-SUMMARY,read,,,,,,,Direct selected-signature reads.,LCTN:8,NO-ROWS,"Primary review: visual, environmental, compatibility, or replacer records are not authoritative new devotional actions; existing canonical source records remain authoritative.",Direct signal candidate enumeration: 8,REJECTED
dda07681e3e2a435,NQ104,NQ,Visuals - Landscape,Lux Orbis (main),Lux Orbis.esp,D:\Wabbajack\modlists\ARR 2.5\mods\Lux Orbis (main)\Lux Orbis.esp,dda07681e3e2a435|018A46:Skyrim.esm,SIGNAL,read,LCTN,018A46:Skyrim.esm,DragonBridgeLocation,,,,Direct selected-signature candidate.,,NO-ROWS,"Primary review: visual, environmental, compatibility, or replacer records are not authoritative new devotional actions; existing canonical source records remain authoritative.",,REJECTED
dda07681e3e2a435,NQ104,NQ,Visuals - Landscape,Lux Orbis (main),Lux Orbis.esp,D:\Wabbajack\modlists\ARR 2.5\mods\Lux Orbis (main)\Lux Orbis.esp,dda07681e3e2a435|018EE2:Skyrim.esm,SIGNAL,read,LCTN,018EE2:Skyrim.esm,SwindlersDenLocation,,,,Direct selected-signature candidate.,,NO-ROWS,"Primary review: visual, environmental, compatibility, or replacer records are not authoritative new devotional actions; existing canonical source records remain authoritative.",,REJECTED
dda07681e3e2a435,NQ104,NQ,Visuals - Landscape,Lux Orbis (main),Lux Orbis.esp,D:\Wabbajack\modlists\ARR 2.5\mods\Lux Orbis (main)\Lux Orbis.esp,dda07681e3e2a435|01917A:Skyrim.esm,SIGNAL,read,LCTN,01917A:Skyrim.esm,ForelhostLocation,,,,Direct selected-signature candidate.,,NO-ROWS,"Primary review: visual, environmental, compatibility, or replacer records are not authoritative new devotional actions; existing canonical source records remain authoritative.",,REJECTED
dda07681e3e2a435,NQ104,NQ,Visuals - Landscape,Lux Orbis (main),Lux Orbis.esp,D:\Wabbajack\modlists\ARR 2.5\mods\Lux Orbis (main)\Lux Orbis.esp,dda07681e3e2a435|019280:Skyrim.esm,SIGNAL,read,LCTN,019280:Skyrim.esm,MzinchaleftLocation,,,,Direct selected-signature candidate.,,NO-ROWS,"Primary review: visual, environmental, compatibility, or replacer records are not authoritative new devotional actions; existing canonical source records remain authoritative.",,REJECTED
dda07681e3e2a435,NQ104,NQ,Visuals - Landscape,Lux Orbis (main),Lux Orbis.esp,D:\Wabbajack\modlists\ARR 2.5\mods\Lux Orbis (main)\Lux Orbis.esp,dda07681e3e2a435|019281:Skyrim.esm,SIGNAL,read,LCTN,019281:Skyrim.esm,MzulftLocation,,,,Direct selected-signature candidate.,,NO-ROWS,"Primary review: visual, environmental, compatibility, or replacer records are not authoritative new devotional actions; existing canonical source records remain authoritative.",,REJECTED
dda07681e3e2a435,NQ104,NQ,Visuals - Landscape,Lux Orbis (main),Lux Orbis.esp,D:\Wabbajack\modlists\ARR 2.5\mods\Lux Orbis (main)\Lux Orbis.esp,dda07681e3e2a435|018A58:Skyrim.esm,SIGNAL,read,LCTN,018A58:Skyrim.esm,RiftenLocation,,,,Direct selected-signature candidate.,,NO-ROWS,"Primary review: visual, environmental, compatibility, or replacer records are not authoritative new devotional actions; existing canonical source records remain authoritative.",,REJECTED
dda07681e3e2a435,NQ104,NQ,Visuals - Landscape,Lux Orbis (main),Lux Orbis.esp,D:\Wabbajack\modlists\ARR 2.5\mods\Lux Orbis (main)\Lux Orbis.esp,dda07681e3e2a435|018E3E:Skyrim.esm,SIGNAL,read,LCTN,018E3E:Skyrim.esm,HalfmoonMillLocation,,,,Direct selected-signature candidate.,,NO-ROWS,"Primary review: visual, environmental, compatibility, or replacer records are not authoritative new devotional actions; existing canonical source records remain authoritative.",,REJECTED
dda07681e3e2a435,NQ104,NQ,Visuals - Landscape,Lux Orbis (main),Lux Orbis.esp,D:\Wabbajack\modlists\ARR 2.5\mods\Lux Orbis (main)\Lux Orbis.esp,dda07681e3e2a435|018A57:Skyrim.esm,SIGNAL,read,LCTN,018A57:Skyrim.esm,WindhelmLocation,,,,Direct selected-signature candidate.,,NO-ROWS,"Primary review: visual, environmental, compatibility, or replacer records are not authoritative new devotional actions; existing canonical source records remain authoritative.",,REJECTED
a20310e3bfddc22d,NQ104,NQ,Visuals - Landscape,Lux Via (main),Lux Via.esp,D:\Wabbajack\modlists\ARR 2.5\mods\Lux Via (main)\Lux Via.esp,PLUGIN,PLUGIN-SUMMARY,read,,,,,,,Direct selected-signature reads.,ACTI:2|BOOK:1|CONT:7|LCTN:77|MISC:1|TREE:2,NO-ROWS,"Primary review: visual, environmental, compatibility, or replacer records are not authoritative new devotional actions; existing canonical source records remain authoritative.",Direct signal candidate enumeration: 90,REJECTED
a20310e3bfddc22d,NQ104,NQ,Visuals - Landscape,Lux Via (main),Lux Via.esp,D:\Wabbajack\modlists\ARR 2.5\mods\Lux Via (main)\Lux Via.esp,a20310e3bfddc22d|000E43:Lux Via.esp,SIGNAL,read,ACTI,000E43:Lux Via.esp,LuxVia_ShrineofTalosEmpty,,,,Direct selected-signature candidate.,,NO-ROWS,"Primary review: visual, environmental, compatibility, or replacer records are not authoritative new devotional actions; existing canonical source records remain authoritative.",,REJECTED
a20310e3bfddc22d,NQ104,NQ,Visuals - Landscape,Lux Via (main),Lux Via.esp,D:\Wabbajack\modlists\ARR 2.5\mods\Lux Via (main)\Lux Via.esp,a20310e3bfddc22d|0EA98C:Lux Via.esp,SIGNAL,read,ACTI,0EA98C:Lux Via.esp,LuxVia_ShrineOfKynarethBowl,,,,Direct selected-signature candidate.,,NO-ROWS,"Primary review: visual, environmental, compatibility, or replacer records are not authoritative new devotional actions; existing canonical source records remain authoritative.",,REJECTED
a20310e3bfddc22d,NQ104,NQ,Visuals - Landscape,Lux Via (main),Lux Via.esp,D:\Wabbajack\modlists\ARR 2.5\mods\Lux Via (main)\Lux Via.esp,a20310e3bfddc22d|13C1EE:Lux Via.esp,SIGNAL,read,BOOK,13C1EE:Lux Via.esp,LuxVia_NoteBUGGED,,,,Direct selected-signature candidate.,,NO-ROWS,"Primary review: visual, environmental, compatibility, or replacer records are not authoritative new devotional actions; existing canonical source records remain authoritative.",,REJECTED
a20310e3bfddc22d,NQ104,NQ,Visuals - Landscape,Lux Via (main),Lux Via.esp,D:\Wabbajack\modlists\ARR 2.5\mods\Lux Via (main)\Lux Via.esp,a20310e3bfddc22d|000AF8:Lux Via.esp,SIGNAL,read,CONT,000AF8:Lux Via.esp,LuxVia_BurntCorpse02,,,,Direct selected-signature candidate.,,NO-ROWS,"Primary review: visual, environmental, compatibility, or replacer records are not authoritative new devotional actions; existing canonical source records remain authoritative.",,REJECTED
a20310e3bfddc22d,NQ104,NQ,Visuals - Landscape,Lux Via (main),Lux Via.esp,D:\Wabbajack\modlists\ARR 2.5\mods\Lux Via (main)\Lux Via.esp,a20310e3bfddc22d|000AF6:Lux Via.esp,SIGNAL,read,CONT,000AF6:Lux Via.esp,LuxVia_BurntCorpse01,,,,Direct selected-signature candidate.,,NO-ROWS,"Primary review: visual, environmental, compatibility, or replacer records are not authoritative new devotional actions; existing canonical source records remain authoritative.",,REJECTED
a20310e3bfddc22d,NQ104,NQ,Visuals - Landscape,Lux Via (main),Lux Via.esp,D:\Wabbajack\modlists\ARR 2.5\mods\Lux Via (main)\Lux Via.esp,a20310e3bfddc22d|000AFA:Lux Via.esp,SIGNAL,read,CONT,000AFA:Lux Via.esp,LuxVia_BurntCorpse03,,,,Direct selected-signature candidate.,,NO-ROWS,"Primary review: visual, environmental, compatibility, or replacer records are not authoritative new devotional actions; existing canonical source records remain authoritative.",,REJECTED
a20310e3bfddc22d,NQ104,NQ,Visuals - Landscape,Lux Via (main),Lux Via.esp,D:\Wabbajack\modlists\ARR 2.5\mods\Lux Via (main)\Lux Via.esp,a20310e3bfddc22d|13C1DD:Lux Via.esp,SIGNAL,read,CONT,13C1DD:Lux Via.esp,LuxVia_BurntCorpse05,,,,Direct selected-signature candidate.,,NO-ROWS,"Primary review: visual, environmental, compatibility, or replacer records are not authoritative new devotional actions; existing canonical source records remain authoritative.",,REJECTED
a20310e3bfddc22d,NQ104,NQ,Visuals - Landscape,Lux Via (main),Lux Via.esp,D:\Wabbajack\modlists\ARR 2.5\mods\Lux Via (main)\Lux Via.esp,a20310e3bfddc22d|01F6C1:Lux Via.esp,SIGNAL,read,CONT,01F6C1:Lux Via.esp,LuxVia_MiscSackSmallNails_NoRespawn,,,,Direct selected-signature candidate.,,NO-ROWS,"Primary review: visual, environmental, compatibility, or replacer records are not authoritative new devotional actions; existing canonical source records remain authoritative.",,REJECTED
a20310e3bfddc22d,NQ104,NQ,Visuals - Landscape,Lux Via (main),Lux Via.esp,D:\Wabbajack\modlists\ARR 2.5\mods\Lux Via (main)\Lux Via.esp,a20310e3bfddc22d|13C1BF:Lux Via.esp,SIGNAL,read,CONT,13C1BF:Lux Via.esp,LuxVia_SafeBUGGED,,,,Direct selected-signature candidate.,,NO-ROWS,"Primary review: visual, environmental, compatibility, or replacer records are not authoritative new devotional actions; existing canonical source records remain authoritative.",,REJECTED
a20310e3bfddc22d,NQ104,NQ,Visuals - Landscape,Lux Via (main),Lux Via.esp,D:\Wabbajack\modlists\ARR 2.5\mods\Lux Via (main)\Lux Via.esp,a20310e3bfddc22d|13C1DB:Lux Via.esp,SIGNAL,read,CONT,13C1DB:Lux Via.esp,LuxVia_BurntCorpse04,,,,Direct selected-signature candidate.,,NO-ROWS,"Primary review: visual, environmental, compatibility, or replacer records are not authoritative new devotional actions; existing canonical source records remain authoritative.",,REJECTED
a20310e3bfddc22d,NQ104,NQ,Visuals - Landscape,Lux Via (main),Lux Via.esp,D:\Wabbajack\modlists\ARR 2.5\mods\Lux Via (main)\Lux Via.esp,a20310e3bfddc22d|013163:Skyrim.esm,SIGNAL,read,LCTN,013163:Skyrim.esm,RiverwoodLocation,,,,Direct selected-signature candidate.,,NO-ROWS,"Primary review: visual, environmental, compatibility, or replacer records are not authoritative new devotional actions; existing canonical source records remain authoritative.",,REJECTED
a20310e3bfddc22d,NQ104,NQ,Visuals - Landscape,Lux Via (main),Lux Via.esp,D:\Wabbajack\modlists\ARR 2.5\mods\Lux Via (main)\Lux Via.esp,a20310e3bfddc22d|018A46:Skyrim.esm,SIGNAL,read,LCTN,018A46:Skyrim.esm,DragonBridgeLocation,,,,Direct selected-signature candidate.,,NO-ROWS,"Primary review: visual, environmental, compatibility, or replacer records are not authoritative new devotional actions; existing canonical source records remain authoritative.",,REJECTED
a20310e3bfddc22d,NQ104,NQ,Visuals - Landscape,Lux Via (main),Lux Via.esp,D:\Wabbajack\modlists\ARR 2.5\mods\Lux Via (main)\Lux Via.esp,a20310e3bfddc22d|018A48:Skyrim.esm,SIGNAL,read,LCTN,018A48:Skyrim.esm,GraniteHillLocation,,,,Direct selected-signature candidate.,,NO-ROWS,"Primary review: visual, environmental, compatibility, or replacer records are not authoritative new devotional actions; existing canonical source records remain authoritative.",,REJECTED
a20310e3bfddc22d,NQ104,NQ,Visuals - Landscape,Lux Via (main),Lux Via.esp,D:\Wabbajack\modlists\ARR 2.5\mods\Lux Via (main)\Lux Via.esp,a20310e3bfddc22d|018A49:Skyrim.esm,SIGNAL,read,LCTN,018A49:Skyrim.esm,FalkreathLocation,,,,Direct selected-signature candidate.,,NO-ROWS,"Primary review: visual, environmental, compatibility, or replacer records are not authoritative new devotional actions; existing canonical source records remain authoritative.",,REJECTED
a20310e3bfddc22d,NQ104,NQ,Visuals - Landscape,Lux Via (main),Lux Via.esp,D:\Wabbajack\modlists\ARR 2.5\mods\Lux Via (main)\Lux Via.esp,a20310e3bfddc22d|018A4B:Skyrim.esm,SIGNAL,read,LCTN,018A4B:Skyrim.esm,IvarsteadLocation,,,,Direct selected-signature candidate.,,NO-ROWS,"Primary review: visual, environmental, compatibility, or replacer records are not authoritative new devotional actions; existing canonical source records remain authoritative.",,REJECTED
a20310e3bfddc22d,NQ104,NQ,Visuals - Landscape,Lux Via (main),Lux Via.esp,D:\Wabbajack\modlists\ARR 2.5\mods\Lux Via (main)\Lux Via.esp,a20310e3bfddc22d|018A4D:Skyrim.esm,SIGNAL,read,LCTN,018A4D:Skyrim.esm,DarkwaterCrossingLocation,,,,Direct selected-signature candidate.,,NO-ROWS,"Primary review: visual, environmental, compatibility, or replacer records are not authoritative new devotional actions; existing canonical source records remain authoritative.",,REJECTED
a20310e3bfddc22d,NQ104,NQ,Visuals - Landscape,Lux Via (main),Lux Via.esp,D:\Wabbajack\modlists\ARR 2.5\mods\Lux Via (main)\Lux Via.esp,a20310e3bfddc22d|018A4E:Skyrim.esm,SIGNAL,read,LCTN,018A4E:Skyrim.esm,KynesgroveLocation,,,,Direct selected-signature candidate.,,NO-ROWS,"Primary review: visual, environmental, compatibility, or replacer records are not authoritative new devotional actions; existing canonical source records remain authoritative.",,REJECTED
a20310e3bfddc22d,NQ104,NQ,Visuals - Landscape,Lux Via (main),Lux Via.esp,D:\Wabbajack\modlists\ARR 2.5\mods\Lux Via (main)\Lux Via.esp,a20310e3bfddc22d|018A50:Skyrim.esm,SIGNAL,read,LCTN,018A50:Skyrim.esm,DawnstarLocation,,,,Direct selected-signature candidate.,,NO-ROWS,"Primary review: visual, environmental, compatibility, or replacer records are not authoritative new devotional actions; existing canonical source records remain authoritative.",,REJECTED
a20310e3bfddc22d,NQ104,NQ,Visuals - Landscape,Lux Via (main),Lux Via.esp,D:\Wabbajack\modlists\ARR 2.5\mods\Lux Via (main)\Lux Via.esp,a20310e3bfddc22d|018A51:Skyrim.esm,SIGNAL,read,LCTN,018A51:Skyrim.esm,WinterholdLocation,,,,Direct selected-signature candidate.,,NO-ROWS,"Primary review: visual, environmental, compatibility, or replacer records are not authoritative new devotional actions; existing canonical source records remain authoritative.",,REJECTED
a20310e3bfddc22d,NQ104,NQ,Visuals - Landscape,Lux Via (main),Lux Via.esp,D:\Wabbajack\modlists\ARR 2.5\mods\Lux Via (main)\Lux Via.esp,a20310e3bfddc22d|018A52:Skyrim.esm,SIGNAL,read,LCTN,018A52:Skyrim.esm,StonehillsLocation,,,,Direct selected-signature candidate.,,NO-ROWS,"Primary review: visual, environmental, compatibility, or replacer records are not authoritative new devotional actions; existing canonical source records remain authoritative.",,REJECTED
a20310e3bfddc22d,NQ104,NQ,Visuals - Landscape,Lux Via (main),Lux Via.esp,D:\Wabbajack\modlists\ARR 2.5\mods\Lux Via (main)\Lux Via.esp,a20310e3bfddc22d|018A53:Skyrim.esm,SIGNAL,read,LCTN,018A53:Skyrim.esm,MorthalLocation,,,,Direct selected-signature candidate.,,NO-ROWS,"Primary review: visual, environmental, compatibility, or replacer records are not authoritative new devotional actions; existing canonical source records remain authoritative.",,REJECTED
a20310e3bfddc22d,NQ104,NQ,Visuals - Landscape,Lux Via (main),Lux Via.esp,D:\Wabbajack\modlists\ARR 2.5\mods\Lux Via (main)\Lux Via.esp,a20310e3bfddc22d|018A54:Skyrim.esm,SIGNAL,read,LCTN,018A54:Skyrim.esm,KarthwastenLocation,,,,Direct selected-signature candidate.,,NO-ROWS,"Primary review: visual, environmental, compatibility, or replacer records are not authoritative new devotional actions; existing canonical source records remain authoritative.",,REJECTED
a20310e3bfddc22d,NQ104,NQ,Visuals - Landscape,Lux Via (main),Lux Via.esp,D:\Wabbajack\modlists\ARR 2.5\mods\Lux Via (main)\Lux Via.esp,a20310e3bfddc22d|018A56:Skyrim.esm,SIGNAL,read,LCTN,018A56:Skyrim.esm,WhiterunLocation,,,,Direct selected-signature candidate.,,NO-ROWS,"Primary review: visual, environmental, compatibility, or replacer records are not authoritative new devotional actions; existing canonical source records remain authoritative.",,REJECTED
a20310e3bfddc22d,NQ104,NQ,Visuals - Landscape,Lux Via (main),Lux Via.esp,D:\Wabbajack\modlists\ARR 2.5\mods\Lux Via (main)\Lux Via.esp,a20310e3bfddc22d|018A57:Skyrim.esm,SIGNAL,read,LCTN,018A57:Skyrim.esm,WindhelmLocation,,,,Direct selected-signature candidate.,,NO-ROWS,"Primary review: visual, environmental, compatibility, or replacer records are not authoritative new devotional actions; existing canonical source records remain authoritative.",,REJECTED
a20310e3bfddc22d,NQ104,NQ,Visuals - Landscape,Lux Via (main),Lux Via.esp,D:\Wabbajack\modlists\ARR 2.5\mods\Lux Via (main)\Lux Via.esp,a20310e3bfddc22d|018A58:Skyrim.esm,SIGNAL,read,LCTN,018A58:Skyrim.esm,RiftenLocation,,,,Direct selected-signature candidate.,,NO-ROWS,"Primary review: visual, environmental, compatibility, or replacer records are not authoritative new devotional actions; existing canonical source records remain authoritative.",,REJECTED
a20310e3bfddc22d,NQ104,NQ,Visuals - Landscape,Lux Via (main),Lux Via.esp,D:\Wabbajack\modlists\ARR 2.5\mods\Lux Via (main)\Lux Via.esp,a20310e3bfddc22d|018A59:Skyrim.esm,SIGNAL,read,LCTN,018A59:Skyrim.esm,MarkarthLocation,,,,Direct selected-signature candidate.,,NO-ROWS,"Primary review: visual, environmental, compatibility, or replacer records are not authoritative new devotional actions; existing canonical source records remain authoritative.",,REJECTED
a20310e3bfddc22d,NQ104,NQ,Visuals - Landscape,Lux Via (main),Lux Via.esp,D:\Wabbajack\modlists\ARR 2.5\mods\Lux Via (main)\Lux Via.esp,a20310e3bfddc22d|018A5A:Skyrim.esm,SIGNAL,read,LCTN,018A5A:Skyrim.esm,SolitudeLocation,,,,Direct selected-signature candidate.,,NO-ROWS,"Primary review: visual, environmental, compatibility, or replacer records are not authoritative new devotional actions; existing canonical source records remain authoritative.",,REJECTED
a20310e3bfddc22d,NQ104,NQ,Visuals - Landscape,Lux Via (main),Lux Via.esp,D:\Wabbajack\modlists\ARR 2.5\mods\Lux Via (main)\Lux Via.esp,a20310e3bfddc22d|018C8B:Skyrim.esm,SIGNAL,read,LCTN,018C8B:Skyrim.esm,AngasMillLocation,,,,Direct selected-signature candidate.,,NO-ROWS,"Primary review: visual, environmental, compatibility, or replacer records are not authoritative new devotional actions; existing canonical source records remain authoritative.",,REJECTED
a20310e3bfddc22d,NQ104,NQ,Visuals - Landscape,Lux Via (main),Lux Via.esp,D:\Wabbajack\modlists\ARR 2.5\mods\Lux Via (main)\Lux Via.esp,a20310e3bfddc22d|018C8C:Skyrim.esm,SIGNAL,read,LCTN,018C8C:Skyrim.esm,BarleydarkFarmLocation,,,,Direct selected-signature candidate.,,NO-ROWS,"Primary review: visual, environmental, compatibility, or replacer records are not authoritative new devotional actions; existing canonical source records remain authoritative.",,REJECTED
a20310e3bfddc22d,NQ104,NQ,Visuals - Landscape,Lux Via (main),Lux Via.esp,D:\Wabbajack\modlists\ARR 2.5\mods\Lux Via (main)\Lux Via.esp,a20310e3bfddc22d|018C8D:Skyrim.esm,SIGNAL,read,LCTN,018C8D:Skyrim.esm,BattleBornFarmLocation,,,,Direct selected-signature candidate.,,NO-ROWS,"Primary review: visual, environmental, compatibility, or replacer records are not authoritative new devotional actions; existing canonical source records remain authoritative.",,REJECTED
a20310e3bfddc22d,NQ104,NQ,Visuals - Landscape,Lux Via (main),Lux Via.esp,D:\Wabbajack\modlists\ARR 2.5\mods\Lux Via (main)\Lux Via.esp,a20310e3bfddc22d|018C8F:Skyrim.esm,SIGNAL,read,LCTN,018C8F:Skyrim.esm,BrandyMugFarmLocation,,,,Direct selected-signature candidate.,,NO-ROWS,"Primary review: visual, environmental, compatibility, or replacer records are not authoritative new devotional actions; existing canonical source records remain authoritative.",,REJECTED
a20310e3bfddc22d,NQ104,NQ,Visuals - Landscape,Lux Via (main),Lux Via.esp,D:\Wabbajack\modlists\ARR 2.5\mods\Lux Via (main)\Lux Via.esp,a20310e3bfddc22d|018C90:Skyrim.esm,SIGNAL,read,LCTN,018C90:Skyrim.esm,ChillfurrowFarmLocation,,,,Direct selected-signature candidate.,,NO-ROWS,"Primary review: visual, environmental, compatibility, or replacer records are not authoritative new devotional actions; existing canonical source records remain authoritative.",,REJECTED
a20310e3bfddc22d,NQ104,NQ,Visuals - Landscape,Lux Via (main),Lux Via.esp,D:\Wabbajack\modlists\ARR 2.5\mods\Lux Via (main)\Lux Via.esp,a20310e3bfddc22d|018E32:Skyrim.esm,SIGNAL,read,LCTN,018E32:Skyrim.esm,GoldenglowEstateLocation,,,,Direct selected-signature candidate.,,NO-ROWS,"Primary review: visual, environmental, compatibility, or replacer records are not authoritative new devotional actions; existing canonical source records remain authoritative.",,REJECTED
a20310e3bfddc22d,NQ104,NQ,Visuals - Landscape,Lux Via (main),Lux Via.esp,D:\Wabbajack\modlists\ARR 2.5\mods\Lux Via (main)\Lux Via.esp,a20310e3bfddc22d|018E35:Skyrim.esm,SIGNAL,read,LCTN,018E35:Skyrim.esm,HlaaluFarmLocation,,,,Direct selected-signature candidate.,,NO-ROWS,"Primary review: visual, environmental, compatibility, or replacer records are not authoritative new devotional actions; existing canonical source records remain authoritative.",,REJECTED
a20310e3bfddc22d,NQ104,NQ,Visuals - Landscape,Lux Via (main),Lux Via.esp,D:\Wabbajack\modlists\ARR 2.5\mods\Lux Via (main)\Lux Via.esp,a20310e3bfddc22d|018E36:Skyrim.esm,SIGNAL,read,LCTN,018E36:Skyrim.esm,HollyfrostFarmLocation,,,,Direct selected-signature candidate.,,NO-ROWS,"Primary review: visual, environmental, compatibility, or replacer records are not authoritative new devotional actions; existing canonical source records remain authoritative.",,REJECTED
a20310e3bfddc22d,NQ104,NQ,Visuals - Landscape,Lux Via (main),Lux Via.esp,D:\Wabbajack\modlists\ARR 2.5\mods\Lux Via (main)\Lux Via.esp,a20310e3bfddc22d|018E38:Skyrim.esm,SIGNAL,read,LCTN,018E38:Skyrim.esm,KatlasFarmLocation,,,,Direct selected-signature candidate.,,NO-ROWS,"Primary review: visual, environmental, compatibility, or replacer records are not authoritative new devotional actions; existing canonical source records remain authoritative.",,REJECTED
a20310e3bfddc22d,NQ104,NQ,Visuals - Landscape,Lux Via (main),Lux Via.esp,D:\Wabbajack\modlists\ARR 2.5\mods\Lux Via (main)\Lux Via.esp,a20310e3bfddc22d|018E39:Skyrim.esm,SIGNAL,read,LCTN,018E39:Skyrim.esm,KolskeggrMineLocation,,,,Direct selected-signature candidate.,,NO-ROWS,"Primary review: visual, environmental, compatibility, or replacer records are not authoritative new devotional actions; existing canonical source records remain authoritative.",,REJECTED
a20310e3bfddc22d,NQ104,NQ,Visuals - Landscape,Lux Via (main),Lux Via.esp,D:\Wabbajack\modlists\ARR 2.5\mods\Lux Via (main)\Lux Via.esp,a20310e3bfddc22d|018E3A:Skyrim.esm,SIGNAL,read,LCTN,018E3A:Skyrim.esm,LeftHandMineLocation,,,,Direct selected-signature candidate.,,NO-ROWS,"Primary review: visual, environmental, compatibility, or replacer records are not authoritative new devotional actions; existing canonical source records remain authoritative.",,REJECTED
a20310e3bfddc22d,NQ104,NQ,Visuals - Landscape,Lux Via (main),Lux Via.esp,D:\Wabbajack\modlists\ARR 2.5\mods\Lux Via (main)\Lux Via.esp,a20310e3bfddc22d|018E3B:Skyrim.esm,SIGNAL,read,LCTN,018E3B:Skyrim.esm,LoreiusFarmLocation,,,,Direct selected-signature candidate.,,NO-ROWS,"Primary review: visual, environmental, compatibility, or replacer records are not authoritative new devotional actions; existing canonical source records remain authoritative.",,REJECTED
a20310e3bfddc22d,NQ104,NQ,Visuals - Landscape,Lux Via (main),Lux Via.esp,D:\Wabbajack\modlists\ARR 2.5\mods\Lux Via (main)\Lux Via.esp,a20310e3bfddc22d|018E3D:Skyrim.esm,SIGNAL,read,LCTN,018E3D:Skyrim.esm,MixwaterMillLocation,,,,Direct selected-signature candidate.,,NO-ROWS,"Primary review: visual, environmental, compatibility, or replacer records are not authoritative new devotional actions; existing canonical source records remain authoritative.",,REJECTED
a20310e3bfddc22d,NQ104,NQ,Visuals - Landscape,Lux Via (main),Lux Via.esp,D:\Wabbajack\modlists\ARR 2.5\mods\Lux Via (main)\Lux Via.esp,a20310e3bfddc22d|018E3E:Skyrim.esm,SIGNAL,read,LCTN,018E3E:Skyrim.esm,HalfmoonMillLocation,,,,Direct selected-signature candidate.,,NO-ROWS,"Primary review: visual, environmental, compatibility, or replacer records are not authoritative new devotional actions; existing canonical source records remain authoritative.",,REJECTED
a20310e3bfddc22d,NQ104,NQ,Visuals - Landscape,Lux Via (main),Lux Via.esp,D:\Wabbajack\modlists\ARR 2.5\mods\Lux Via (main)\Lux Via.esp,a20310e3bfddc22d|018E3F:Skyrim.esm,SIGNAL,read,LCTN,018E3F:Skyrim.esm,PelagiaFarmLocation,,,,Direct selected-signature candidate.,,NO-ROWS,"Primary review: visual, environmental, compatibility, or replacer records are not authoritative new devotional actions; existing canonical source records remain authoritative.",,REJECTED
a20310e3bfddc22d,NQ104,NQ,Visuals - Landscape,Lux Via (main),Lux Via.esp,D:\Wabbajack\modlists\ARR 2.5\mods\Lux Via (main)\Lux Via.esp,a20310e3bfddc22d|018E40:Skyrim.esm,SIGNAL,read,LCTN,018E40:Skyrim.esm,SalviusFarmLocation,,,,Direct selected-signature candidate.,,NO-ROWS,"Primary review: visual, environmental, compatibility, or replacer records are not authoritative new devotional actions; existing canonical source records remain authoritative.",,REJECTED
a20310e3bfddc22d,NQ104,NQ,Visuals - Landscape,Lux Via (main),Lux Via.esp,D:\Wabbajack\modlists\ARR 2.5\mods\Lux Via (main)\Lux Via.esp,a20310e3bfddc22d|018E43:Skyrim.esm,SIGNAL,read,LCTN,018E43:Skyrim.esm,SnowShodFarmLocation,,,,Direct selected-signature candidate.,,NO-ROWS,"Primary review: visual, environmental, compatibility, or replacer records are not authoritative new devotional actions; existing canonical source records remain authoritative.",,REJECTED
a20310e3bfddc22d,NQ104,NQ,Visuals - Landscape,Lux Via (main),Lux Via.esp,D:\Wabbajack\modlists\ARR 2.5\mods\Lux Via (main)\Lux Via.esp,a20310e3bfddc22d|018E44:Skyrim.esm,SIGNAL,read,LCTN,018E44:Skyrim.esm,SolitudeSawmillLocation,,,,Direct selected-signature candidate.,,NO-ROWS,"Primary review: visual, environmental, compatibility, or replacer records are not authoritative new devotional actions; existing canonical source records remain authoritative.",,REJECTED
a20310e3bfddc22d,NQ104,NQ,Visuals - Landscape,Lux Via (main),Lux Via.esp,D:\Wabbajack\modlists\ARR 2.5\mods\Lux Via (main)\Lux Via.esp,a20310e3bfddc22d|018E45:Skyrim.esm,SIGNAL,read,LCTN,018E45:Skyrim.esm,WhistlingMineLocation,,,,Direct selected-signature candidate.,,NO-ROWS,"Primary review: visual, environmental, compatibility, or replacer records are not authoritative new devotional actions; existing canonical source records remain authoritative.",,REJECTED
a20310e3bfddc22d,NQ104,NQ,Visuals - Landscape,Lux Via (main),Lux Via.esp,D:\Wabbajack\modlists\ARR 2.5\mods\Lux Via (main)\Lux Via.esp,a20310e3bfddc22d|018EE3:Skyrim.esm,SIGNAL,read,LCTN,018EE3:Skyrim.esm,AngarvundeLocation,,,,Direct selected-signature candidate.,,NO-ROWS,"Primary review: visual, environmental, compatibility, or replacer records are not authoritative new devotional actions; existing canonical source records remain authoritative.",,REJECTED
a20310e3bfddc22d,NQ104,NQ,Visuals - Landscape,Lux Via (main),Lux Via.esp,D:\Wabbajack\modlists\ARR 2.5\mods\Lux Via (main)\Lux Via.esp,a20310e3bfddc22d|018EE5:Skyrim.esm,SIGNAL,read,LCTN,018EE5:Skyrim.esm,AvanchnzelLocation,,,,Direct selected-signature candidate.,,NO-ROWS,"Primary review: visual, environmental, compatibility, or replacer records are not authoritative new devotional actions; existing canonical source records remain authoritative.",,REJECTED
a20310e3bfddc22d,NQ104,NQ,Visuals - Landscape,Lux Via (main),Lux Via.esp,D:\Wabbajack\modlists\ARR 2.5\mods\Lux Via (main)\Lux Via.esp,a20310e3bfddc22d|018EED:Skyrim.esm,SIGNAL,read,LCTN,018EED:Skyrim.esm,BlindCliffCaveLocation,,,,Direct selected-signature candidate.,,NO-ROWS,"Primary review: visual, environmental, compatibility, or replacer records are not authoritative new devotional actions; existing canonical source records remain authoritative.",,REJECTED
a20310e3bfddc22d,NQ104,NQ,Visuals - Landscape,Lux Via (main),Lux Via.esp,D:\Wabbajack\modlists\ARR 2.5\mods\Lux Via (main)\Lux Via.esp,a20310e3bfddc22d|018EEF:Skyrim.esm,SIGNAL,read,LCTN,018EEF:Skyrim.esm,BloatedMansGrottoLocation,,,,Direct selected-signature candidate.,,NO-ROWS,"Primary review: visual, environmental, compatibility, or replacer records are not authoritative new devotional actions; existing canonical source records remain authoritative.",,REJECTED
a20310e3bfddc22d,NQ104,NQ,Visuals - Landscape,Lux Via (main),Lux Via.esp,D:\Wabbajack\modlists\ARR 2.5\mods\Lux Via (main)\Lux Via.esp,a20310e3bfddc22d|01914F:Skyrim.esm,SIGNAL,read,LCTN,01914F:Skyrim.esm,BrokenTowerRedoubtLocation,,,,Direct selected-signature candidate.,,NO-ROWS,"Primary review: visual, environmental, compatibility, or replacer records are not authoritative new devotional actions; existing canonical source records remain authoritative.",,REJECTED
a20310e3bfddc22d,NQ104,NQ,Visuals - Landscape,Lux Via (main),Lux Via.esp,D:\Wabbajack\modlists\ARR 2.5\mods\Lux Via (main)\Lux Via.esp,a20310e3bfddc22d|01916D:Skyrim.esm,SIGNAL,read,LCTN,01916D:Skyrim.esm,SteamcragCampLocation,,,,Direct selected-signature candidate.,,NO-ROWS,"Primary review: visual, environmental, compatibility, or replacer records are not authoritative new devotional actions; existing canonical source records remain authoritative.",,REJECTED
a20310e3bfddc22d,NQ104,NQ,Visuals - Landscape,Lux Via (main),Lux Via.esp,D:\Wabbajack\modlists\ARR 2.5\mods\Lux Via (main)\Lux Via.esp,a20310e3bfddc22d|01917C:Skyrim.esm,SIGNAL,read,LCTN,01917C:Skyrim.esm,FortAmolLocation,,,,Direct selected-signature candidate.,,NO-ROWS,"Primary review: visual, environmental, compatibility, or replacer records are not authoritative new devotional actions; existing canonical source records remain authoritative.",,REJECTED
a20310e3bfddc22d,NQ104,NQ,Visuals - Landscape,Lux Via (main),Lux Via.esp,D:\Wabbajack\modlists\ARR 2.5\mods\Lux Via (main)\Lux Via.esp,a20310e3bfddc22d|01917D:Skyrim.esm,SIGNAL,read,LCTN,01917D:Skyrim.esm,FortGreymoorLocation,,,,Direct selected-signature candidate.,,NO-ROWS,"Primary review: visual, environmental, compatibility, or replacer records are not authoritative new devotional actions; existing canonical source records remain authoritative.",,REJECTED
a20310e3bfddc22d,NQ104,NQ,Visuals - Landscape,Lux Via (main),Lux Via.esp,D:\Wabbajack\modlists\ARR 2.5\mods\Lux Via (main)\Lux Via.esp,a20310e3bfddc22d|019180:Skyrim.esm,SIGNAL,read,LCTN,019180:Skyrim.esm,FortGreenwallLocation,,,,Direct selected-signature candidate.,,NO-ROWS,"Primary review: visual, environmental, compatibility, or replacer records are not authoritative new devotional actions; existing canonical source records remain authoritative.",,REJECTED
a20310e3bfddc22d,NQ104,NQ,Visuals - Landscape,Lux Via (main),Lux Via.esp,D:\Wabbajack\modlists\ARR 2.5\mods\Lux Via (main)\Lux Via.esp,a20310e3bfddc22d|019182:Skyrim.esm,SIGNAL,read,LCTN,019182:Skyrim.esm,FortKastavLocation,,,,Direct selected-signature candidate.,,NO-ROWS,"Primary review: visual, environmental, compatibility, or replacer records are not authoritative new devotional actions; existing canonical source records remain authoritative.",,REJECTED
a20310e3bfddc22d,NQ104,NQ,Visuals - Landscape,Lux Via (main),Lux Via.esp,D:\Wabbajack\modlists\ARR 2.5\mods\Lux Via (main)\Lux Via.esp,a20310e3bfddc22d|019184:Skyrim.esm,SIGNAL,read,LCTN,019184:Skyrim.esm,FortSnowhawkLocation,,,,Direct selected-signature candidate.,,NO-ROWS,"Primary review: visual, environmental, compatibility, or replacer records are not authoritative new devotional actions; existing canonical source records remain authoritative.",,REJECTED
a20310e3bfddc22d,NQ104,NQ,Visuals - Landscape,Lux Via (main),Lux Via.esp,D:\Wabbajack\modlists\ARR 2.5\mods\Lux Via (main)\Lux Via.esp,a20310e3bfddc22d|019185:Skyrim.esm,SIGNAL,read,LCTN,019185:Skyrim.esm,FortSungardLocation,,,,Direct selected-signature candidate.,,NO-ROWS,"Primary review: visual, environmental, compatibility, or replacer records are not authoritative new devotional actions; existing canonical source records remain authoritative.",,REJECTED
a20310e3bfddc22d,NQ104,NQ,Visuals - Landscape,Lux Via (main),Lux Via.esp,D:\Wabbajack\modlists\ARR 2.5\mods\Lux Via (main)\Lux Via.esp,a20310e3bfddc22d|019260:Skyrim.esm,SIGNAL,read,LCTN,019260:Skyrim.esm,KilkreathRuinsLocation,,,,Direct selected-signature candidate.,,NO-ROWS,"Primary review: visual, environmental, compatibility, or replacer records are not authoritative new devotional actions; existing canonical source records remain authoritative.",,REJECTED
a20310e3bfddc22d,NQ104,NQ,Visuals - Landscape,Lux Via (main),Lux Via.esp,D:\Wabbajack\modlists\ARR 2.5\mods\Lux Via (main)\Lux Via.esp,a20310e3bfddc22d|019263:Skyrim.esm,SIGNAL,read,LCTN,019263:Skyrim.esm,LargashburLocation,,,,Direct selected-signature candidate.,,NO-ROWS,"Primary review: visual, environmental, compatibility, or replacer records are not authoritative new devotional actions; existing canonical source records remain authoritative.",,REJECTED
a20310e3bfddc22d,NQ104,NQ,Visuals - Landscape,Lux Via (main),Lux Via.esp,D:\Wabbajack\modlists\ARR 2.5\mods\Lux Via (main)\Lux Via.esp,a20310e3bfddc22d|01927B:Skyrim.esm,SIGNAL,read,LCTN,01927B:Skyrim.esm,MistwatchLocation,,,,Direct selected-signature candidate.,,NO-ROWS,"Primary review: visual, environmental, compatibility, or replacer records are not authoritative new devotional actions; existing canonical source records remain authoritative.",,REJECTED
a20310e3bfddc22d,NQ104,NQ,Visuals - Landscape,Lux Via (main),Lux Via.esp,D:\Wabbajack\modlists\ARR 2.5\mods\Lux Via (main)\Lux Via.esp,a20310e3bfddc22d|01927D:Skyrim.esm,SIGNAL,read,LCTN,01927D:Skyrim.esm,MorvunskarLocation,,,,Direct selected-signature candidate.,,NO-ROWS,"Primary review: visual, environmental, compatibility, or replacer records are not authoritative new devotional actions; existing canonical source records remain authoritative.",,REJECTED
a20310e3bfddc22d,NQ104,NQ,Visuals - Landscape,Lux Via (main),Lux Via.esp,D:\Wabbajack\modlists\ARR 2.5\mods\Lux Via (main)\Lux Via.esp,a20310e3bfddc22d|019284:Skyrim.esm,SIGNAL,read,LCTN,019284:Skyrim.esm,NilheimLocation,,,,Direct selected-signature candidate.,,NO-ROWS,"Primary review: visual, environmental, compatibility, or replacer records are not authoritative new devotional actions; existing canonical source records remain authoritative.",,REJECTED
a20310e3bfddc22d,NQ104,NQ,Visuals - Landscape,Lux Via (main),Lux Via.esp,D:\Wabbajack\modlists\ARR 2.5\mods\Lux Via (main)\Lux Via.esp,a20310e3bfddc22d|019291:Skyrim.esm,SIGNAL,read,LCTN,019291:Skyrim.esm,RavenscarHollowLocation,,,,Direct selected-signature candidate.,,NO-ROWS,"Primary review: visual, environmental, compatibility, or replacer records are not authoritative new devotional actions; existing canonical source records remain authoritative.",,REJECTED
a20310e3bfddc22d,NQ104,NQ,Visuals - Landscape,Lux Via (main),Lux Via.esp,D:\Wabbajack\modlists\ARR 2.5\mods\Lux Via (main)\Lux Via.esp,a20310e3bfddc22d|019293:Skyrim.esm,SIGNAL,read,LCTN,019293:Skyrim.esm,ReachwaterRockLocation,,,,Direct selected-signature candidate.,,NO-ROWS,"Primary review: visual, environmental, compatibility, or replacer records are not authoritative new devotional actions; existing canonical source records remain authoritative.",,REJECTED
a20310e3bfddc22d,NQ104,NQ,Visuals - Landscape,Lux Via (main),Lux Via.esp,D:\Wabbajack\modlists\ARR 2.5\mods\Lux Via (main)\Lux Via.esp,a20310e3bfddc22d|01929B:Skyrim.esm,SIGNAL,read,LCTN,01929B:Skyrim.esm,RobbersGorgeLocation,,,,Direct selected-signature candidate.,,NO-ROWS,"Primary review: visual, environmental, compatibility, or replacer records are not authoritative new devotional actions; existing canonical source records remain authoritative.",,REJECTED
a20310e3bfddc22d,NQ104,NQ,Visuals - Landscape,Lux Via (main),Lux Via.esp,D:\Wabbajack\modlists\ARR 2.5\mods\Lux Via (main)\Lux Via.esp,a20310e3bfddc22d|01929C:Skyrim.esm,SIGNAL,read,LCTN,01929C:Skyrim.esm,ShadowgreenCavernLocation,,,,Direct selected-signature candidate.,,NO-ROWS,"Primary review: visual, environmental, compatibility, or replacer records are not authoritative new devotional actions; existing canonical source records remain authoritative.",,REJECTED
a20310e3bfddc22d,NQ104,NQ,Visuals - Landscape,Lux Via (main),Lux Via.esp,D:\Wabbajack\modlists\ARR 2.5\mods\Lux Via (main)\Lux Via.esp,a20310e3bfddc22d|0192B8:Skyrim.esm,SIGNAL,read,LCTN,0192B8:Skyrim.esm,FrostmereCryptLocation,,,,Direct selected-signature candidate.,,NO-ROWS,"Primary review: visual, environmental, compatibility, or replacer records are not authoritative new devotional actions; existing canonical source records remain authoritative.",,REJECTED
a20310e3bfddc22d,NQ104,NQ,Visuals - Landscape,Lux Via (main),Lux Via.esp,D:\Wabbajack\modlists\ARR 2.5\mods\Lux Via (main)\Lux Via.esp,a20310e3bfddc22d|0192BD:Skyrim.esm,SIGNAL,read,LCTN,0192BD:Skyrim.esm,TrevasWatchLocation,,,,Direct selected-signature candidate.,,NO-ROWS,"Primary review: visual, environmental, compatibility, or replacer records are not authoritative new devotional actions; existing canonical source records remain authoritative.",,REJECTED
a20310e3bfddc22d,NQ104,NQ,Visuals - Landscape,Lux Via (main),Lux Via.esp,D:\Wabbajack\modlists\ARR 2.5\mods\Lux Via (main)\Lux Via.esp,a20310e3bfddc22d|0192C5:Skyrim.esm,SIGNAL,read,LCTN,0192C5:Skyrim.esm,WhiteRiverWatchLocation,,,,Direct selected-signature candidate.,,NO-ROWS,"Primary review: visual, environmental, compatibility, or replacer records are not authoritative new devotional actions; existing canonical source records remain authoritative.",,REJECTED
a20310e3bfddc22d,NQ104,NQ,Visuals - Landscape,Lux Via (main),Lux Via.esp,D:\Wabbajack\modlists\ARR 2.5\mods\Lux Via (main)\Lux Via.esp,a20310e3bfddc22d|01BDFC:Skyrim.esm,SIGNAL,read,LCTN,01BDFC:Skyrim.esm,MovarthsLairLocation,,,,Direct selected-signature candidate.,,NO-ROWS,"Primary review: visual, environmental, compatibility, or replacer records are not authoritative new devotional actions; existing canonical source records remain authoritative.",,REJECTED
a20310e3bfddc22d,NQ104,NQ,Visuals - Landscape,Lux Via (main),Lux Via.esp,D:\Wabbajack\modlists\ARR 2.5\mods\Lux Via (main)\Lux Via.esp,a20310e3bfddc22d|020006:Skyrim.esm,SIGNAL,read,LCTN,020006:Skyrim.esm,DragonBridgeFarmLocation,,,,Direct selected-signature candidate.,,NO-ROWS,"Primary review: visual, environmental, compatibility, or replacer records are not authoritative new devotional actions; existing canonical source records remain authoritative.",,REJECTED
a20310e3bfddc22d,NQ104,NQ,Visuals - Landscape,Lux Via (main),Lux Via.esp,D:\Wabbajack\modlists\ARR 2.5\mods\Lux Via (main)\Lux Via.esp,a20310e3bfddc22d|03444E:Skyrim.esm,SIGNAL,read,LCTN,03444E:Skyrim.esm,DarkBrotherhoodSanctuaryLocation,,,,Direct selected-signature candidate.,,NO-ROWS,"Primary review: visual, environmental, compatibility, or replacer records are not authoritative new devotional actions; existing canonical source records remain authoritative.",,REJECTED
a20310e3bfddc22d,NQ104,NQ,Visuals - Landscape,Lux Via (main),Lux Via.esp,D:\Wabbajack\modlists\ARR 2.5\mods\Lux Via (main)\Lux Via.esp,a20310e3bfddc22d|0479B3:Skyrim.esm,SIGNAL,read,LCTN,0479B3:Skyrim.esm,FalkreathWatchtowerLocation,,,,Direct selected-signature candidate.,,NO-ROWS,"Primary review: visual, environmental, compatibility, or replacer records are not authoritative new devotional actions; existing canonical source records remain authoritative.",,REJECTED
a20310e3bfddc22d,NQ104,NQ,Visuals - Landscape,Lux Via (main),Lux Via.esp,D:\Wabbajack\modlists\ARR 2.5\mods\Lux Via (main)\Lux Via.esp,a20310e3bfddc22d|0B712C:Skyrim.esm,SIGNAL,read,LCTN,0B712C:Skyrim.esm,EmbershardLocation,,,,Direct selected-signature candidate.,,NO-ROWS,"Primary review: visual, environmental, compatibility, or replacer records are not authoritative new devotional actions; existing canonical source records remain authoritative.",,REJECTED
a20310e3bfddc22d,NQ104,NQ,Visuals - Landscape,Lux Via (main),Lux Via.esp,D:\Wabbajack\modlists\ARR 2.5\mods\Lux Via (main)\Lux Via.esp,a20310e3bfddc22d|0C2EE7:Skyrim.esm,SIGNAL,read,LCTN,0C2EE7:Skyrim.esm,TraitorsPostLocation,,,,Direct selected-signature candidate.,,NO-ROWS,"Primary review: visual, environmental, compatibility, or replacer records are not authoritative new devotional actions; existing canonical source records remain authoritative.",,REJECTED
a20310e3bfddc22d,NQ104,NQ,Visuals - Landscape,Lux Via (main),Lux Via.esp,D:\Wabbajack\modlists\ARR 2.5\mods\Lux Via (main)\Lux Via.esp,a20310e3bfddc22d|0C2EED:Skyrim.esm,SIGNAL,read,LCTN,0C2EED:Skyrim.esm,WindwardRuinsLocation,,,,Direct selected-signature candidate.,,NO-ROWS,"Primary review: visual, environmental, compatibility, or replacer records are not authoritative new devotional actions; existing canonical source records remain authoritative.",,REJECTED
a20310e3bfddc22d,NQ104,NQ,Visuals - Landscape,Lux Via (main),Lux Via.esp,D:\Wabbajack\modlists\ARR 2.5\mods\Lux Via (main)\Lux Via.esp,a20310e3bfddc22d|0C3428:Skyrim.esm,SIGNAL,read,LCTN,0C3428:Skyrim.esm,YorgrimOverlookLocation,,,,Direct selected-signature candidate.,,NO-ROWS,"Primary review: visual, environmental, compatibility, or replacer records are not authoritative new devotional actions; existing canonical source records remain authoritative.",,REJECTED
a20310e3bfddc22d,NQ104,NQ,Visuals - Landscape,Lux Via (main),Lux Via.esp,D:\Wabbajack\modlists\ARR 2.5\mods\Lux Via (main)\Lux Via.esp,a20310e3bfddc22d|0D5669:Skyrim.esm,SIGNAL,read,LCTN,0D5669:Skyrim.esm,ShorsWatchtowerLocation,,,,Direct selected-signature candidate.,,NO-ROWS,"Primary review: visual, environmental, compatibility, or replacer records are not authoritative new devotional actions; existing canonical source records remain authoritative.",,REJECTED
a20310e3bfddc22d,NQ104,NQ,Visuals - Landscape,Lux Via (main),Lux Via.esp,D:\Wabbajack\modlists\ARR 2.5\mods\Lux Via (main)\Lux Via.esp,a20310e3bfddc22d|0D566D:Skyrim.esm,SIGNAL,read,LCTN,0D566D:Skyrim.esm,AlchemistsShackLocation,,,,Direct selected-signature candidate.,,NO-ROWS,"Primary review: visual, environmental, compatibility, or replacer records are not authoritative new devotional actions; existing canonical source records remain authoritative.",,REJECTED
a20310e3bfddc22d,NQ104,NQ,Visuals - Landscape,Lux Via (main),Lux Via.esp,D:\Wabbajack\modlists\ARR 2.5\mods\Lux Via (main)\Lux Via.esp,a20310e3bfddc22d|0D9079:Skyrim.esm,SIGNAL,read,LCTN,0D9079:Skyrim.esm,WhiterunWatchtowerLocation,,,,Direct selected-signature candidate.,,NO-ROWS,"Primary review: visual, environmental, compatibility, or replacer records are not authoritative new devotional actions; existing canonical source records remain authoritative.",,REJECTED
a20310e3bfddc22d,NQ104,NQ,Visuals - Landscape,Lux Via (main),Lux Via.esp,D:\Wabbajack\modlists\ARR 2.5\mods\Lux Via (main)\Lux Via.esp,a20310e3bfddc22d|0DAB88:Skyrim.esm,SIGNAL,read,LCTN,0DAB88:Skyrim.esm,WhiterunHonningbrewMeaderyLocation,,,,Direct selected-signature candidate.,,NO-ROWS,"Primary review: visual, environmental, compatibility, or replacer records are not authoritative new devotional actions; existing canonical source records remain authoritative.",,REJECTED
a20310e3bfddc22d,NQ104,NQ,Visuals - Landscape,Lux Via (main),Lux Via.esp,D:\Wabbajack\modlists\ARR 2.5\mods\Lux Via (main)\Lux Via.esp,a20310e3bfddc22d|0DDF6C:Skyrim.esm,SIGNAL,read,LCTN,0DDF6C:Skyrim.esm,CWMission07ImperialCampLocation,,,,Direct selected-signature candidate.,,NO-ROWS,"Primary review: visual, environmental, compatibility, or replacer records are not authoritative new devotional actions; existing canonical source records remain authoritative.",,REJECTED
a20310e3bfddc22d,NQ104,NQ,Visuals - Landscape,Lux Via (main),Lux Via.esp,D:\Wabbajack\modlists\ARR 2.5\mods\Lux Via (main)\Lux Via.esp,a20310e3bfddc22d|0DDF6D:Skyrim.esm,SIGNAL,read,LCTN,0DDF6D:Skyrim.esm,CWMission07SonsCampLocation,,,,Direct selected-signature candidate.,,NO-ROWS,"Primary review: visual, environmental, compatibility, or replacer records are not authoritative new devotional actions; existing canonical source records remain authoritative.",,REJECTED
a20310e3bfddc22d,NQ104,NQ,Visuals - Landscape,Lux Via (main),Lux Via.esp,D:\Wabbajack\modlists\ARR 2.5\mods\Lux Via (main)\Lux Via.esp,a20310e3bfddc22d|10FE43:Skyrim.esm,SIGNAL,read,LCTN,10FE43:Skyrim.esm,DoomstoneGuardianStoneLocation,,,,Direct selected-signature candidate.,,NO-ROWS,"Primary review: visual, environmental, compatibility, or replacer records are not authoritative new devotional actions; existing canonical source records remain authoritative.",,REJECTED
a20310e3bfddc22d,NQ104,NQ,Visuals - Landscape,Lux Via (main),Lux Via.esp,D:\Wabbajack\modlists\ARR 2.5\mods\Lux Via (main)\Lux Via.esp,a20310e3bfddc22d|10FE44:Skyrim.esm,SIGNAL,read,LCTN,10FE44:Skyrim.esm,SolitudeLighthouseExteriorLocation,,,,Direct selected-signature candidate.,,NO-ROWS,"Primary review: visual, environmental, compatibility, or replacer records are not authoritative new devotional actions; existing canonical source records remain authoritative.",,REJECTED
a20310e3bfddc22d,NQ104,NQ,Visuals - Landscape,Lux Via (main),Lux Via.esp,D:\Wabbajack\modlists\ARR 2.5\mods\Lux Via (main)\Lux Via.esp,a20310e3bfddc22d|005209:HearthFires.esm,SIGNAL,read,LCTN,005209:HearthFires.esm,BYOHHouse2Location,,,,Direct selected-signature candidate.,,NO-ROWS,"Primary review: visual, environmental, compatibility, or replacer records are not authoritative new devotional actions; existing canonical source records remain authoritative.",,REJECTED
a20310e3bfddc22d,NQ104,NQ,Visuals - Landscape,Lux Via (main),Lux Via.esp,D:\Wabbajack\modlists\ARR 2.5\mods\Lux Via (main)\Lux Via.esp,a20310e3bfddc22d|0009B7:Lux Via.esp,SIGNAL,read,MISC,0009B7:Lux Via.esp,LuxVia_Firewood,,,,Direct selected-signature candidate.,,NO-ROWS,"Primary review: visual, environmental, compatibility, or replacer records are not authoritative new devotional actions; existing canonical source records remain authoritative.",,REJECTED
a20310e3bfddc22d,NQ104,NQ,Visuals - Landscape,Lux Via (main),Lux Via.esp,D:\Wabbajack\modlists\ARR 2.5\mods\Lux Via (main)\Lux Via.esp,a20310e3bfddc22d|000B40:Lux Via.esp,SIGNAL,read,TREE,000B40:Lux Via.esp,LuxVia_ReachTree,,,,Direct selected-signature candidate.,,NO-ROWS,"Primary review: visual, environmental, compatibility, or replacer records are not authoritative new devotional actions; existing canonical source records remain authoritative.",,REJECTED
a20310e3bfddc22d,NQ104,NQ,Visuals - Landscape,Lux Via (main),Lux Via.esp,D:\Wabbajack\modlists\ARR 2.5\mods\Lux Via (main)\Lux Via.esp,a20310e3bfddc22d|0CC17C:Lux Via.esp,SIGNAL,read,TREE,0CC17C:Lux Via.esp,LuxVia_TreePineForestSkinny,,,,Direct selected-signature candidate.,,NO-ROWS,"Primary review: visual, environmental, compatibility, or replacer records are not authoritative new devotional actions; existing canonical source records remain authoritative.",,REJECTED
159b288fd829ebd5,NQ104,NQ,Visuals - Landscape,Lux Via main plugin update,Lux Via.esp,D:\Wabbajack\modlists\ARR 2.5\mods\Lux Via main plugin update\Lux Via.esp,PLUGIN,PLUGIN-SUMMARY,read,,,,,,,Direct selected-signature reads.,ACTI:2|BOOK:1|CONT:7|LCTN:77|MISC:1|TREE:2,NO-ROWS,"Primary review: visual, environmental, compatibility, or replacer records are not authoritative new devotional actions; existing canonical source records remain authoritative.",Direct signal candidate enumeration: 90,REJECTED
159b288fd829ebd5,NQ104,NQ,Visuals - Landscape,Lux Via main plugin update,Lux Via.esp,D:\Wabbajack\modlists\ARR 2.5\mods\Lux Via main plugin update\Lux Via.esp,159b288fd829ebd5|000E43:Lux Via.esp,SIGNAL,read,ACTI,000E43:Lux Via.esp,LuxVia_ShrineofTalosEmpty,,,,Direct selected-signature candidate.,,DEFER,Primary review: winning update defines explicit Talos/Kynareth shrine-coded activators; retain for direct activation/readback and shrine-swap adjudication.,,APPROVED
159b288fd829ebd5,NQ104,NQ,Visuals - Landscape,Lux Via main plugin update,Lux Via.esp,D:\Wabbajack\modlists\ARR 2.5\mods\Lux Via main plugin update\Lux Via.esp,159b288fd829ebd5|0EA98C:Lux Via.esp,SIGNAL,read,ACTI,0EA98C:Lux Via.esp,LuxVia_ShrineOfKynarethBowl,,,,Direct selected-signature candidate.,,DEFER,Primary review: winning update defines explicit Talos/Kynareth shrine-coded activators; retain for direct activation/readback and shrine-swap adjudication.,,APPROVED
159b288fd829ebd5,NQ104,NQ,Visuals - Landscape,Lux Via main plugin update,Lux Via.esp,D:\Wabbajack\modlists\ARR 2.5\mods\Lux Via main plugin update\Lux Via.esp,159b288fd829ebd5|13C1EE:Lux Via.esp,SIGNAL,read,BOOK,13C1EE:Lux Via.esp,LuxVia_NoteBUGGED,,,,Direct selected-signature candidate.,,NO-ROWS,"Primary review: visual, environmental, compatibility, or replacer records are not authoritative new devotional actions; existing canonical source records remain authoritative.",,REJECTED
159b288fd829ebd5,NQ104,NQ,Visuals - Landscape,Lux Via main plugin update,Lux Via.esp,D:\Wabbajack\modlists\ARR 2.5\mods\Lux Via main plugin update\Lux Via.esp,159b288fd829ebd5|000AF8:Lux Via.esp,SIGNAL,read,CONT,000AF8:Lux Via.esp,LuxVia_BurntCorpse02,,,,Direct selected-signature candidate.,,NO-ROWS,"Primary review: visual, environmental, compatibility, or replacer records are not authoritative new devotional actions; existing canonical source records remain authoritative.",,REJECTED
159b288fd829ebd5,NQ104,NQ,Visuals - Landscape,Lux Via main plugin update,Lux Via.esp,D:\Wabbajack\modlists\ARR 2.5\mods\Lux Via main plugin update\Lux Via.esp,159b288fd829ebd5|000AF6:Lux Via.esp,SIGNAL,read,CONT,000AF6:Lux Via.esp,LuxVia_BurntCorpse01,,,,Direct selected-signature candidate.,,NO-ROWS,"Primary review: visual, environmental, compatibility, or replacer records are not authoritative new devotional actions; existing canonical source records remain authoritative.",,REJECTED
159b288fd829ebd5,NQ104,NQ,Visuals - Landscape,Lux Via main plugin update,Lux Via.esp,D:\Wabbajack\modlists\ARR 2.5\mods\Lux Via main plugin update\Lux Via.esp,159b288fd829ebd5|000AFA:Lux Via.esp,SIGNAL,read,CONT,000AFA:Lux Via.esp,LuxVia_BurntCorpse03,,,,Direct selected-signature candidate.,,NO-ROWS,"Primary review: visual, environmental, compatibility, or replacer records are not authoritative new devotional actions; existing canonical source records remain authoritative.",,REJECTED
159b288fd829ebd5,NQ104,NQ,Visuals - Landscape,Lux Via main plugin update,Lux Via.esp,D:\Wabbajack\modlists\ARR 2.5\mods\Lux Via main plugin update\Lux Via.esp,159b288fd829ebd5|13C1DD:Lux Via.esp,SIGNAL,read,CONT,13C1DD:Lux Via.esp,LuxVia_BurntCorpse05,,,,Direct selected-signature candidate.,,NO-ROWS,"Primary review: visual, environmental, compatibility, or replacer records are not authoritative new devotional actions; existing canonical source records remain authoritative.",,REJECTED
159b288fd829ebd5,NQ104,NQ,Visuals - Landscape,Lux Via main plugin update,Lux Via.esp,D:\Wabbajack\modlists\ARR 2.5\mods\Lux Via main plugin update\Lux Via.esp,159b288fd829ebd5|01F6C1:Lux Via.esp,SIGNAL,read,CONT,01F6C1:Lux Via.esp,LuxVia_MiscSackSmallNails_NoRespawn,,,,Direct selected-signature candidate.,,NO-ROWS,"Primary review: visual, environmental, compatibility, or replacer records are not authoritative new devotional actions; existing canonical source records remain authoritative.",,REJECTED
159b288fd829ebd5,NQ104,NQ,Visuals - Landscape,Lux Via main plugin update,Lux Via.esp,D:\Wabbajack\modlists\ARR 2.5\mods\Lux Via main plugin update\Lux Via.esp,159b288fd829ebd5|13C1BF:Lux Via.esp,SIGNAL,read,CONT,13C1BF:Lux Via.esp,LuxVia_SafeBUGGED,,,,Direct selected-signature candidate.,,NO-ROWS,"Primary review: visual, environmental, compatibility, or replacer records are not authoritative new devotional actions; existing canonical source records remain authoritative.",,REJECTED
159b288fd829ebd5,NQ104,NQ,Visuals - Landscape,Lux Via main plugin update,Lux Via.esp,D:\Wabbajack\modlists\ARR 2.5\mods\Lux Via main plugin update\Lux Via.esp,159b288fd829ebd5|13C1DB:Lux Via.esp,SIGNAL,read,CONT,13C1DB:Lux Via.esp,LuxVia_BurntCorpse04,,,,Direct selected-signature candidate.,,NO-ROWS,"Primary review: visual, environmental, compatibility, or replacer records are not authoritative new devotional actions; existing canonical source records remain authoritative.",,REJECTED
159b288fd829ebd5,NQ104,NQ,Visuals - Landscape,Lux Via main plugin update,Lux Via.esp,D:\Wabbajack\modlists\ARR 2.5\mods\Lux Via main plugin update\Lux Via.esp,159b288fd829ebd5|013163:Skyrim.esm,SIGNAL,read,LCTN,013163:Skyrim.esm,RiverwoodLocation,,,,Direct selected-signature candidate.,,NO-ROWS,"Primary review: visual, environmental, compatibility, or replacer records are not authoritative new devotional actions; existing canonical source records remain authoritative.",,REJECTED
159b288fd829ebd5,NQ104,NQ,Visuals - Landscape,Lux Via main plugin update,Lux Via.esp,D:\Wabbajack\modlists\ARR 2.5\mods\Lux Via main plugin update\Lux Via.esp,159b288fd829ebd5|018A46:Skyrim.esm,SIGNAL,read,LCTN,018A46:Skyrim.esm,DragonBridgeLocation,,,,Direct selected-signature candidate.,,NO-ROWS,"Primary review: visual, environmental, compatibility, or replacer records are not authoritative new devotional actions; existing canonical source records remain authoritative.",,REJECTED
159b288fd829ebd5,NQ104,NQ,Visuals - Landscape,Lux Via main plugin update,Lux Via.esp,D:\Wabbajack\modlists\ARR 2.5\mods\Lux Via main plugin update\Lux Via.esp,159b288fd829ebd5|018A48:Skyrim.esm,SIGNAL,read,LCTN,018A48:Skyrim.esm,GraniteHillLocation,,,,Direct selected-signature candidate.,,NO-ROWS,"Primary review: visual, environmental, compatibility, or replacer records are not authoritative new devotional actions; existing canonical source records remain authoritative.",,REJECTED
159b288fd829ebd5,NQ104,NQ,Visuals - Landscape,Lux Via main plugin update,Lux Via.esp,D:\Wabbajack\modlists\ARR 2.5\mods\Lux Via main plugin update\Lux Via.esp,159b288fd829ebd5|018A49:Skyrim.esm,SIGNAL,read,LCTN,018A49:Skyrim.esm,FalkreathLocation,,,,Direct selected-signature candidate.,,NO-ROWS,"Primary review: visual, environmental, compatibility, or replacer records are not authoritative new devotional actions; existing canonical source records remain authoritative.",,REJECTED
159b288fd829ebd5,NQ104,NQ,Visuals - Landscape,Lux Via main plugin update,Lux Via.esp,D:\Wabbajack\modlists\ARR 2.5\mods\Lux Via main plugin update\Lux Via.esp,159b288fd829ebd5|018A4B:Skyrim.esm,SIGNAL,read,LCTN,018A4B:Skyrim.esm,IvarsteadLocation,,,,Direct selected-signature candidate.,,NO-ROWS,"Primary review: visual, environmental, compatibility, or replacer records are not authoritative new devotional actions; existing canonical source records remain authoritative.",,REJECTED
159b288fd829ebd5,NQ104,NQ,Visuals - Landscape,Lux Via main plugin update,Lux Via.esp,D:\Wabbajack\modlists\ARR 2.5\mods\Lux Via main plugin update\Lux Via.esp,159b288fd829ebd5|018A4D:Skyrim.esm,SIGNAL,read,LCTN,018A4D:Skyrim.esm,DarkwaterCrossingLocation,,,,Direct selected-signature candidate.,,NO-ROWS,"Primary review: visual, environmental, compatibility, or replacer records are not authoritative new devotional actions; existing canonical source records remain authoritative.",,REJECTED
159b288fd829ebd5,NQ104,NQ,Visuals - Landscape,Lux Via main plugin update,Lux Via.esp,D:\Wabbajack\modlists\ARR 2.5\mods\Lux Via main plugin update\Lux Via.esp,159b288fd829ebd5|018A4E:Skyrim.esm,SIGNAL,read,LCTN,018A4E:Skyrim.esm,KynesgroveLocation,,,,Direct selected-signature candidate.,,NO-ROWS,"Primary review: visual, environmental, compatibility, or replacer records are not authoritative new devotional actions; existing canonical source records remain authoritative.",,REJECTED
159b288fd829ebd5,NQ104,NQ,Visuals - Landscape,Lux Via main plugin update,Lux Via.esp,D:\Wabbajack\modlists\ARR 2.5\mods\Lux Via main plugin update\Lux Via.esp,159b288fd829ebd5|018A50:Skyrim.esm,SIGNAL,read,LCTN,018A50:Skyrim.esm,DawnstarLocation,,,,Direct selected-signature candidate.,,NO-ROWS,"Primary review: visual, environmental, compatibility, or replacer records are not authoritative new devotional actions; existing canonical source records remain authoritative.",,REJECTED
159b288fd829ebd5,NQ104,NQ,Visuals - Landscape,Lux Via main plugin update,Lux Via.esp,D:\Wabbajack\modlists\ARR 2.5\mods\Lux Via main plugin update\Lux Via.esp,159b288fd829ebd5|018A51:Skyrim.esm,SIGNAL,read,LCTN,018A51:Skyrim.esm,WinterholdLocation,,,,Direct selected-signature candidate.,,NO-ROWS,"Primary review: visual, environmental, compatibility, or replacer records are not authoritative new devotional actions; existing canonical source records remain authoritative.",,REJECTED
159b288fd829ebd5,NQ104,NQ,Visuals - Landscape,Lux Via main plugin update,Lux Via.esp,D:\Wabbajack\modlists\ARR 2.5\mods\Lux Via main plugin update\Lux Via.esp,159b288fd829ebd5|018A52:Skyrim.esm,SIGNAL,read,LCTN,018A52:Skyrim.esm,StonehillsLocation,,,,Direct selected-signature candidate.,,NO-ROWS,"Primary review: visual, environmental, compatibility, or replacer records are not authoritative new devotional actions; existing canonical source records remain authoritative.",,REJECTED
159b288fd829ebd5,NQ104,NQ,Visuals - Landscape,Lux Via main plugin update,Lux Via.esp,D:\Wabbajack\modlists\ARR 2.5\mods\Lux Via main plugin update\Lux Via.esp,159b288fd829ebd5|018A53:Skyrim.esm,SIGNAL,read,LCTN,018A53:Skyrim.esm,MorthalLocation,,,,Direct selected-signature candidate.,,NO-ROWS,"Primary review: visual, environmental, compatibility, or replacer records are not authoritative new devotional actions; existing canonical source records remain authoritative.",,REJECTED
159b288fd829ebd5,NQ104,NQ,Visuals - Landscape,Lux Via main plugin update,Lux Via.esp,D:\Wabbajack\modlists\ARR 2.5\mods\Lux Via main plugin update\Lux Via.esp,159b288fd829ebd5|018A54:Skyrim.esm,SIGNAL,read,LCTN,018A54:Skyrim.esm,KarthwastenLocation,,,,Direct selected-signature candidate.,,NO-ROWS,"Primary review: visual, environmental, compatibility, or replacer records are not authoritative new devotional actions; existing canonical source records remain authoritative.",,REJECTED
159b288fd829ebd5,NQ104,NQ,Visuals - Landscape,Lux Via main plugin update,Lux Via.esp,D:\Wabbajack\modlists\ARR 2.5\mods\Lux Via main plugin update\Lux Via.esp,159b288fd829ebd5|018A56:Skyrim.esm,SIGNAL,read,LCTN,018A56:Skyrim.esm,WhiterunLocation,,,,Direct selected-signature candidate.,,NO-ROWS,"Primary review: visual, environmental, compatibility, or replacer records are not authoritative new devotional actions; existing canonical source records remain authoritative.",,REJECTED
159b288fd829ebd5,NQ104,NQ,Visuals - Landscape,Lux Via main plugin update,Lux Via.esp,D:\Wabbajack\modlists\ARR 2.5\mods\Lux Via main plugin update\Lux Via.esp,159b288fd829ebd5|018A57:Skyrim.esm,SIGNAL,read,LCTN,018A57:Skyrim.esm,WindhelmLocation,,,,Direct selected-signature candidate.,,NO-ROWS,"Primary review: visual, environmental, compatibility, or replacer records are not authoritative new devotional actions; existing canonical source records remain authoritative.",,REJECTED
159b288fd829ebd5,NQ104,NQ,Visuals - Landscape,Lux Via main plugin update,Lux Via.esp,D:\Wabbajack\modlists\ARR 2.5\mods\Lux Via main plugin update\Lux Via.esp,159b288fd829ebd5|018A58:Skyrim.esm,SIGNAL,read,LCTN,018A58:Skyrim.esm,RiftenLocation,,,,Direct selected-signature candidate.,,NO-ROWS,"Primary review: visual, environmental, compatibility, or replacer records are not authoritative new devotional actions; existing canonical source records remain authoritative.",,REJECTED
159b288fd829ebd5,NQ104,NQ,Visuals - Landscape,Lux Via main plugin update,Lux Via.esp,D:\Wabbajack\modlists\ARR 2.5\mods\Lux Via main plugin update\Lux Via.esp,159b288fd829ebd5|018A59:Skyrim.esm,SIGNAL,read,LCTN,018A59:Skyrim.esm,MarkarthLocation,,,,Direct selected-signature candidate.,,NO-ROWS,"Primary review: visual, environmental, compatibility, or replacer records are not authoritative new devotional actions; existing canonical source records remain authoritative.",,REJECTED
159b288fd829ebd5,NQ104,NQ,Visuals - Landscape,Lux Via main plugin update,Lux Via.esp,D:\Wabbajack\modlists\ARR 2.5\mods\Lux Via main plugin update\Lux Via.esp,159b288fd829ebd5|018A5A:Skyrim.esm,SIGNAL,read,LCTN,018A5A:Skyrim.esm,SolitudeLocation,,,,Direct selected-signature candidate.,,NO-ROWS,"Primary review: visual, environmental, compatibility, or replacer records are not authoritative new devotional actions; existing canonical source records remain authoritative.",,REJECTED
159b288fd829ebd5,NQ104,NQ,Visuals - Landscape,Lux Via main plugin update,Lux Via.esp,D:\Wabbajack\modlists\ARR 2.5\mods\Lux Via main plugin update\Lux Via.esp,159b288fd829ebd5|018C8B:Skyrim.esm,SIGNAL,read,LCTN,018C8B:Skyrim.esm,AngasMillLocation,,,,Direct selected-signature candidate.,,NO-ROWS,"Primary review: visual, environmental, compatibility, or replacer records are not authoritative new devotional actions; existing canonical source records remain authoritative.",,REJECTED
159b288fd829ebd5,NQ104,NQ,Visuals - Landscape,Lux Via main plugin update,Lux Via.esp,D:\Wabbajack\modlists\ARR 2.5\mods\Lux Via main plugin update\Lux Via.esp,159b288fd829ebd5|018C8C:Skyrim.esm,SIGNAL,read,LCTN,018C8C:Skyrim.esm,BarleydarkFarmLocation,,,,Direct selected-signature candidate.,,NO-ROWS,"Primary review: visual, environmental, compatibility, or replacer records are not authoritative new devotional actions; existing canonical source records remain authoritative.",,REJECTED
159b288fd829ebd5,NQ104,NQ,Visuals - Landscape,Lux Via main plugin update,Lux Via.esp,D:\Wabbajack\modlists\ARR 2.5\mods\Lux Via main plugin update\Lux Via.esp,159b288fd829ebd5|018C8D:Skyrim.esm,SIGNAL,read,LCTN,018C8D:Skyrim.esm,BattleBornFarmLocation,,,,Direct selected-signature candidate.,,NO-ROWS,"Primary review: visual, environmental, compatibility, or replacer records are not authoritative new devotional actions; existing canonical source records remain authoritative.",,REJECTED
159b288fd829ebd5,NQ104,NQ,Visuals - Landscape,Lux Via main plugin update,Lux Via.esp,D:\Wabbajack\modlists\ARR 2.5\mods\Lux Via main plugin update\Lux Via.esp,159b288fd829ebd5|018C8F:Skyrim.esm,SIGNAL,read,LCTN,018C8F:Skyrim.esm,BrandyMugFarmLocation,,,,Direct selected-signature candidate.,,NO-ROWS,"Primary review: visual, environmental, compatibility, or replacer records are not authoritative new devotional actions; existing canonical source records remain authoritative.",,REJECTED
159b288fd829ebd5,NQ104,NQ,Visuals - Landscape,Lux Via main plugin update,Lux Via.esp,D:\Wabbajack\modlists\ARR 2.5\mods\Lux Via main plugin update\Lux Via.esp,159b288fd829ebd5|018C90:Skyrim.esm,SIGNAL,read,LCTN,018C90:Skyrim.esm,ChillfurrowFarmLocation,,,,Direct selected-signature candidate.,,NO-ROWS,"Primary review: visual, environmental, compatibility, or replacer records are not authoritative new devotional actions; existing canonical source records remain authoritative.",,REJECTED
159b288fd829ebd5,NQ104,NQ,Visuals - Landscape,Lux Via main plugin update,Lux Via.esp,D:\Wabbajack\modlists\ARR 2.5\mods\Lux Via main plugin update\Lux Via.esp,159b288fd829ebd5|018E32:Skyrim.esm,SIGNAL,read,LCTN,018E32:Skyrim.esm,GoldenglowEstateLocation,,,,Direct selected-signature candidate.,,NO-ROWS,"Primary review: visual, environmental, compatibility, or replacer records are not authoritative new devotional actions; existing canonical source records remain authoritative.",,REJECTED
159b288fd829ebd5,NQ104,NQ,Visuals - Landscape,Lux Via main plugin update,Lux Via.esp,D:\Wabbajack\modlists\ARR 2.5\mods\Lux Via main plugin update\Lux Via.esp,159b288fd829ebd5|018E35:Skyrim.esm,SIGNAL,read,LCTN,018E35:Skyrim.esm,HlaaluFarmLocation,,,,Direct selected-signature candidate.,,NO-ROWS,"Primary review: visual, environmental, compatibility, or replacer records are not authoritative new devotional actions; existing canonical source records remain authoritative.",,REJECTED
159b288fd829ebd5,NQ104,NQ,Visuals - Landscape,Lux Via main plugin update,Lux Via.esp,D:\Wabbajack\modlists\ARR 2.5\mods\Lux Via main plugin update\Lux Via.esp,159b288fd829ebd5|018E36:Skyrim.esm,SIGNAL,read,LCTN,018E36:Skyrim.esm,HollyfrostFarmLocation,,,,Direct selected-signature candidate.,,NO-ROWS,"Primary review: visual, environmental, compatibility, or replacer records are not authoritative new devotional actions; existing canonical source records remain authoritative.",,REJECTED
159b288fd829ebd5,NQ104,NQ,Visuals - Landscape,Lux Via main plugin update,Lux Via.esp,D:\Wabbajack\modlists\ARR 2.5\mods\Lux Via main plugin update\Lux Via.esp,159b288fd829ebd5|018E38:Skyrim.esm,SIGNAL,read,LCTN,018E38:Skyrim.esm,KatlasFarmLocation,,,,Direct selected-signature candidate.,,NO-ROWS,"Primary review: visual, environmental, compatibility, or replacer records are not authoritative new devotional actions; existing canonical source records remain authoritative.",,REJECTED
159b288fd829ebd5,NQ104,NQ,Visuals - Landscape,Lux Via main plugin update,Lux Via.esp,D:\Wabbajack\modlists\ARR 2.5\mods\Lux Via main plugin update\Lux Via.esp,159b288fd829ebd5|018E39:Skyrim.esm,SIGNAL,read,LCTN,018E39:Skyrim.esm,KolskeggrMineLocation,,,,Direct selected-signature candidate.,,NO-ROWS,"Primary review: visual, environmental, compatibility, or replacer records are not authoritative new devotional actions; existing canonical source records remain authoritative.",,REJECTED
159b288fd829ebd5,NQ104,NQ,Visuals - Landscape,Lux Via main plugin update,Lux Via.esp,D:\Wabbajack\modlists\ARR 2.5\mods\Lux Via main plugin update\Lux Via.esp,159b288fd829ebd5|018E3A:Skyrim.esm,SIGNAL,read,LCTN,018E3A:Skyrim.esm,LeftHandMineLocation,,,,Direct selected-signature candidate.,,NO-ROWS,"Primary review: visual, environmental, compatibility, or replacer records are not authoritative new devotional actions; existing canonical source records remain authoritative.",,REJECTED
159b288fd829ebd5,NQ104,NQ,Visuals - Landscape,Lux Via main plugin update,Lux Via.esp,D:\Wabbajack\modlists\ARR 2.5\mods\Lux Via main plugin update\Lux Via.esp,159b288fd829ebd5|018E3B:Skyrim.esm,SIGNAL,read,LCTN,018E3B:Skyrim.esm,LoreiusFarmLocation,,,,Direct selected-signature candidate.,,NO-ROWS,"Primary review: visual, environmental, compatibility, or replacer records are not authoritative new devotional actions; existing canonical source records remain authoritative.",,REJECTED
159b288fd829ebd5,NQ104,NQ,Visuals - Landscape,Lux Via main plugin update,Lux Via.esp,D:\Wabbajack\modlists\ARR 2.5\mods\Lux Via main plugin update\Lux Via.esp,159b288fd829ebd5|018E3D:Skyrim.esm,SIGNAL,read,LCTN,018E3D:Skyrim.esm,MixwaterMillLocation,,,,Direct selected-signature candidate.,,NO-ROWS,"Primary review: visual, environmental, compatibility, or replacer records are not authoritative new devotional actions; existing canonical source records remain authoritative.",,REJECTED
159b288fd829ebd5,NQ104,NQ,Visuals - Landscape,Lux Via main plugin update,Lux Via.esp,D:\Wabbajack\modlists\ARR 2.5\mods\Lux Via main plugin update\Lux Via.esp,159b288fd829ebd5|018E3E:Skyrim.esm,SIGNAL,read,LCTN,018E3E:Skyrim.esm,HalfmoonMillLocation,,,,Direct selected-signature candidate.,,NO-ROWS,"Primary review: visual, environmental, compatibility, or replacer records are not authoritative new devotional actions; existing canonical source records remain authoritative.",,REJECTED
159b288fd829ebd5,NQ104,NQ,Visuals - Landscape,Lux Via main plugin update,Lux Via.esp,D:\Wabbajack\modlists\ARR 2.5\mods\Lux Via main plugin update\Lux Via.esp,159b288fd829ebd5|018E3F:Skyrim.esm,SIGNAL,read,LCTN,018E3F:Skyrim.esm,PelagiaFarmLocation,,,,Direct selected-signature candidate.,,NO-ROWS,"Primary review: visual, environmental, compatibility, or replacer records are not authoritative new devotional actions; existing canonical source records remain authoritative.",,REJECTED
159b288fd829ebd5,NQ104,NQ,Visuals - Landscape,Lux Via main plugin update,Lux Via.esp,D:\Wabbajack\modlists\ARR 2.5\mods\Lux Via main plugin update\Lux Via.esp,159b288fd829ebd5|018E40:Skyrim.esm,SIGNAL,read,LCTN,018E40:Skyrim.esm,SalviusFarmLocation,,,,Direct selected-signature candidate.,,NO-ROWS,"Primary review: visual, environmental, compatibility, or replacer records are not authoritative new devotional actions; existing canonical source records remain authoritative.",,REJECTED
159b288fd829ebd5,NQ104,NQ,Visuals - Landscape,Lux Via main plugin update,Lux Via.esp,D:\Wabbajack\modlists\ARR 2.5\mods\Lux Via main plugin update\Lux Via.esp,159b288fd829ebd5|018E43:Skyrim.esm,SIGNAL,read,LCTN,018E43:Skyrim.esm,SnowShodFarmLocation,,,,Direct selected-signature candidate.,,NO-ROWS,"Primary review: visual, environmental, compatibility, or replacer records are not authoritative new devotional actions; existing canonical source records remain authoritative.",,REJECTED
159b288fd829ebd5,NQ104,NQ,Visuals - Landscape,Lux Via main plugin update,Lux Via.esp,D:\Wabbajack\modlists\ARR 2.5\mods\Lux Via main plugin update\Lux Via.esp,159b288fd829ebd5|018E44:Skyrim.esm,SIGNAL,read,LCTN,018E44:Skyrim.esm,SolitudeSawmillLocation,,,,Direct selected-signature candidate.,,NO-ROWS,"Primary review: visual, environmental, compatibility, or replacer records are not authoritative new devotional actions; existing canonical source records remain authoritative.",,REJECTED
159b288fd829ebd5,NQ104,NQ,Visuals - Landscape,Lux Via main plugin update,Lux Via.esp,D:\Wabbajack\modlists\ARR 2.5\mods\Lux Via main plugin update\Lux Via.esp,159b288fd829ebd5|018E45:Skyrim.esm,SIGNAL,read,LCTN,018E45:Skyrim.esm,WhistlingMineLocation,,,,Direct selected-signature candidate.,,NO-ROWS,"Primary review: visual, environmental, compatibility, or replacer records are not authoritative new devotional actions; existing canonical source records remain authoritative.",,REJECTED
159b288fd829ebd5,NQ104,NQ,Visuals - Landscape,Lux Via main plugin update,Lux Via.esp,D:\Wabbajack\modlists\ARR 2.5\mods\Lux Via main plugin update\Lux Via.esp,159b288fd829ebd5|018EE3:Skyrim.esm,SIGNAL,read,LCTN,018EE3:Skyrim.esm,AngarvundeLocation,,,,Direct selected-signature candidate.,,NO-ROWS,"Primary review: visual, environmental, compatibility, or replacer records are not authoritative new devotional actions; existing canonical source records remain authoritative.",,REJECTED
159b288fd829ebd5,NQ104,NQ,Visuals - Landscape,Lux Via main plugin update,Lux Via.esp,D:\Wabbajack\modlists\ARR 2.5\mods\Lux Via main plugin update\Lux Via.esp,159b288fd829ebd5|018EE5:Skyrim.esm,SIGNAL,read,LCTN,018EE5:Skyrim.esm,AvanchnzelLocation,,,,Direct selected-signature candidate.,,NO-ROWS,"Primary review: visual, environmental, compatibility, or replacer records are not authoritative new devotional actions; existing canonical source records remain authoritative.",,REJECTED
159b288fd829ebd5,NQ104,NQ,Visuals - Landscape,Lux Via main plugin update,Lux Via.esp,D:\Wabbajack\modlists\ARR 2.5\mods\Lux Via main plugin update\Lux Via.esp,159b288fd829ebd5|018EED:Skyrim.esm,SIGNAL,read,LCTN,018EED:Skyrim.esm,BlindCliffCaveLocation,,,,Direct selected-signature candidate.,,NO-ROWS,"Primary review: visual, environmental, compatibility, or replacer records are not authoritative new devotional actions; existing canonical source records remain authoritative.",,REJECTED
159b288fd829ebd5,NQ104,NQ,Visuals - Landscape,Lux Via main plugin update,Lux Via.esp,D:\Wabbajack\modlists\ARR 2.5\mods\Lux Via main plugin update\Lux Via.esp,159b288fd829ebd5|018EEF:Skyrim.esm,SIGNAL,read,LCTN,018EEF:Skyrim.esm,BloatedMansGrottoLocation,,,,Direct selected-signature candidate.,,NO-ROWS,"Primary review: visual, environmental, compatibility, or replacer records are not authoritative new devotional actions; existing canonical source records remain authoritative.",,REJECTED
159b288fd829ebd5,NQ104,NQ,Visuals - Landscape,Lux Via main plugin update,Lux Via.esp,D:\Wabbajack\modlists\ARR 2.5\mods\Lux Via main plugin update\Lux Via.esp,159b288fd829ebd5|01914F:Skyrim.esm,SIGNAL,read,LCTN,01914F:Skyrim.esm,BrokenTowerRedoubtLocation,,,,Direct selected-signature candidate.,,NO-ROWS,"Primary review: visual, environmental, compatibility, or replacer records are not authoritative new devotional actions; existing canonical source records remain authoritative.",,REJECTED
159b288fd829ebd5,NQ104,NQ,Visuals - Landscape,Lux Via main plugin update,Lux Via.esp,D:\Wabbajack\modlists\ARR 2.5\mods\Lux Via main plugin update\Lux Via.esp,159b288fd829ebd5|01916D:Skyrim.esm,SIGNAL,read,LCTN,01916D:Skyrim.esm,SteamcragCampLocation,,,,Direct selected-signature candidate.,,NO-ROWS,"Primary review: visual, environmental, compatibility, or replacer records are not authoritative new devotional actions; existing canonical source records remain authoritative.",,REJECTED
159b288fd829ebd5,NQ104,NQ,Visuals - Landscape,Lux Via main plugin update,Lux Via.esp,D:\Wabbajack\modlists\ARR 2.5\mods\Lux Via main plugin update\Lux Via.esp,159b288fd829ebd5|01917C:Skyrim.esm,SIGNAL,read,LCTN,01917C:Skyrim.esm,FortAmolLocation,,,,Direct selected-signature candidate.,,NO-ROWS,"Primary review: visual, environmental, compatibility, or replacer records are not authoritative new devotional actions; existing canonical source records remain authoritative.",,REJECTED
159b288fd829ebd5,NQ104,NQ,Visuals - Landscape,Lux Via main plugin update,Lux Via.esp,D:\Wabbajack\modlists\ARR 2.5\mods\Lux Via main plugin update\Lux Via.esp,159b288fd829ebd5|01917D:Skyrim.esm,SIGNAL,read,LCTN,01917D:Skyrim.esm,FortGreymoorLocation,,,,Direct selected-signature candidate.,,NO-ROWS,"Primary review: visual, environmental, compatibility, or replacer records are not authoritative new devotional actions; existing canonical source records remain authoritative.",,REJECTED
159b288fd829ebd5,NQ104,NQ,Visuals - Landscape,Lux Via main plugin update,Lux Via.esp,D:\Wabbajack\modlists\ARR 2.5\mods\Lux Via main plugin update\Lux Via.esp,159b288fd829ebd5|019180:Skyrim.esm,SIGNAL,read,LCTN,019180:Skyrim.esm,FortGreenwallLocation,,,,Direct selected-signature candidate.,,NO-ROWS,"Primary review: visual, environmental, compatibility, or replacer records are not authoritative new devotional actions; existing canonical source records remain authoritative.",,REJECTED
159b288fd829ebd5,NQ104,NQ,Visuals - Landscape,Lux Via main plugin update,Lux Via.esp,D:\Wabbajack\modlists\ARR 2.5\mods\Lux Via main plugin update\Lux Via.esp,159b288fd829ebd5|019182:Skyrim.esm,SIGNAL,read,LCTN,019182:Skyrim.esm,FortKastavLocation,,,,Direct selected-signature candidate.,,NO-ROWS,"Primary review: visual, environmental, compatibility, or replacer records are not authoritative new devotional actions; existing canonical source records remain authoritative.",,REJECTED
159b288fd829ebd5,NQ104,NQ,Visuals - Landscape,Lux Via main plugin update,Lux Via.esp,D:\Wabbajack\modlists\ARR 2.5\mods\Lux Via main plugin update\Lux Via.esp,159b288fd829ebd5|019184:Skyrim.esm,SIGNAL,read,LCTN,019184:Skyrim.esm,FortSnowhawkLocation,,,,Direct selected-signature candidate.,,NO-ROWS,"Primary review: visual, environmental, compatibility, or replacer records are not authoritative new devotional actions; existing canonical source records remain authoritative.",,REJECTED
159b288fd829ebd5,NQ104,NQ,Visuals - Landscape,Lux Via main plugin update,Lux Via.esp,D:\Wabbajack\modlists\ARR 2.5\mods\Lux Via main plugin update\Lux Via.esp,159b288fd829ebd5|019185:Skyrim.esm,SIGNAL,read,LCTN,019185:Skyrim.esm,FortSungardLocation,,,,Direct selected-signature candidate.,,NO-ROWS,"Primary review: visual, environmental, compatibility, or replacer records are not authoritative new devotional actions; existing canonical source records remain authoritative.",,REJECTED
159b288fd829ebd5,NQ104,NQ,Visuals - Landscape,Lux Via main plugin update,Lux Via.esp,D:\Wabbajack\modlists\ARR 2.5\mods\Lux Via main plugin update\Lux Via.esp,159b288fd829ebd5|019260:Skyrim.esm,SIGNAL,read,LCTN,019260:Skyrim.esm,KilkreathRuinsLocation,,,,Direct selected-signature candidate.,,NO-ROWS,"Primary review: visual, environmental, compatibility, or replacer records are not authoritative new devotional actions; existing canonical source records remain authoritative.",,REJECTED
159b288fd829ebd5,NQ104,NQ,Visuals - Landscape,Lux Via main plugin update,Lux Via.esp,D:\Wabbajack\modlists\ARR 2.5\mods\Lux Via main plugin update\Lux Via.esp,159b288fd829ebd5|019263:Skyrim.esm,SIGNAL,read,LCTN,019263:Skyrim.esm,LargashburLocation,,,,Direct selected-signature candidate.,,NO-ROWS,"Primary review: visual, environmental, compatibility, or replacer records are not authoritative new devotional actions; existing canonical source records remain authoritative.",,REJECTED
159b288fd829ebd5,NQ104,NQ,Visuals - Landscape,Lux Via main plugin update,Lux Via.esp,D:\Wabbajack\modlists\ARR 2.5\mods\Lux Via main plugin update\Lux Via.esp,159b288fd829ebd5|01927B:Skyrim.esm,SIGNAL,read,LCTN,01927B:Skyrim.esm,MistwatchLocation,,,,Direct selected-signature candidate.,,NO-ROWS,"Primary review: visual, environmental, compatibility, or replacer records are not authoritative new devotional actions; existing canonical source records remain authoritative.",,REJECTED
159b288fd829ebd5,NQ104,NQ,Visuals - Landscape,Lux Via main plugin update,Lux Via.esp,D:\Wabbajack\modlists\ARR 2.5\mods\Lux Via main plugin update\Lux Via.esp,159b288fd829ebd5|01927D:Skyrim.esm,SIGNAL,read,LCTN,01927D:Skyrim.esm,MorvunskarLocation,,,,Direct selected-signature candidate.,,NO-ROWS,"Primary review: visual, environmental, compatibility, or replacer records are not authoritative new devotional actions; existing canonical source records remain authoritative.",,REJECTED
159b288fd829ebd5,NQ104,NQ,Visuals - Landscape,Lux Via main plugin update,Lux Via.esp,D:\Wabbajack\modlists\ARR 2.5\mods\Lux Via main plugin update\Lux Via.esp,159b288fd829ebd5|019284:Skyrim.esm,SIGNAL,read,LCTN,019284:Skyrim.esm,NilheimLocation,,,,Direct selected-signature candidate.,,NO-ROWS,"Primary review: visual, environmental, compatibility, or replacer records are not authoritative new devotional actions; existing canonical source records remain authoritative.",,REJECTED
159b288fd829ebd5,NQ104,NQ,Visuals - Landscape,Lux Via main plugin update,Lux Via.esp,D:\Wabbajack\modlists\ARR 2.5\mods\Lux Via main plugin update\Lux Via.esp,159b288fd829ebd5|019291:Skyrim.esm,SIGNAL,read,LCTN,019291:Skyrim.esm,RavenscarHollowLocation,,,,Direct selected-signature candidate.,,NO-ROWS,"Primary review: visual, environmental, compatibility, or replacer records are not authoritative new devotional actions; existing canonical source records remain authoritative.",,REJECTED
159b288fd829ebd5,NQ104,NQ,Visuals - Landscape,Lux Via main plugin update,Lux Via.esp,D:\Wabbajack\modlists\ARR 2.5\mods\Lux Via main plugin update\Lux Via.esp,159b288fd829ebd5|019293:Skyrim.esm,SIGNAL,read,LCTN,019293:Skyrim.esm,ReachwaterRockLocation,,,,Direct selected-signature candidate.,,NO-ROWS,"Primary review: visual, environmental, compatibility, or replacer records are not authoritative new devotional actions; existing canonical source records remain authoritative.",,REJECTED
159b288fd829ebd5,NQ104,NQ,Visuals - Landscape,Lux Via main plugin update,Lux Via.esp,D:\Wabbajack\modlists\ARR 2.5\mods\Lux Via main plugin update\Lux Via.esp,159b288fd829ebd5|01929B:Skyrim.esm,SIGNAL,read,LCTN,01929B:Skyrim.esm,RobbersGorgeLocation,,,,Direct selected-signature candidate.,,NO-ROWS,"Primary review: visual, environmental, compatibility, or replacer records are not authoritative new devotional actions; existing canonical source records remain authoritative.",,REJECTED
159b288fd829ebd5,NQ104,NQ,Visuals - Landscape,Lux Via main plugin update,Lux Via.esp,D:\Wabbajack\modlists\ARR 2.5\mods\Lux Via main plugin update\Lux Via.esp,159b288fd829ebd5|01929C:Skyrim.esm,SIGNAL,read,LCTN,01929C:Skyrim.esm,ShadowgreenCavernLocation,,,,Direct selected-signature candidate.,,NO-ROWS,"Primary review: visual, environmental, compatibility, or replacer records are not authoritative new devotional actions; existing canonical source records remain authoritative.",,REJECTED
159b288fd829ebd5,NQ104,NQ,Visuals - Landscape,Lux Via main plugin update,Lux Via.esp,D:\Wabbajack\modlists\ARR 2.5\mods\Lux Via main plugin update\Lux Via.esp,159b288fd829ebd5|0192B8:Skyrim.esm,SIGNAL,read,LCTN,0192B8:Skyrim.esm,FrostmereCryptLocation,,,,Direct selected-signature candidate.,,NO-ROWS,"Primary review: visual, environmental, compatibility, or replacer records are not authoritative new devotional actions; existing canonical source records remain authoritative.",,REJECTED
159b288fd829ebd5,NQ104,NQ,Visuals - Landscape,Lux Via main plugin update,Lux Via.esp,D:\Wabbajack\modlists\ARR 2.5\mods\Lux Via main plugin update\Lux Via.esp,159b288fd829ebd5|0192BD:Skyrim.esm,SIGNAL,read,LCTN,0192BD:Skyrim.esm,TrevasWatchLocation,,,,Direct selected-signature candidate.,,NO-ROWS,"Primary review: visual, environmental, compatibility, or replacer records are not authoritative new devotional actions; existing canonical source records remain authoritative.",,REJECTED
159b288fd829ebd5,NQ104,NQ,Visuals - Landscape,Lux Via main plugin update,Lux Via.esp,D:\Wabbajack\modlists\ARR 2.5\mods\Lux Via main plugin update\Lux Via.esp,159b288fd829ebd5|0192C5:Skyrim.esm,SIGNAL,read,LCTN,0192C5:Skyrim.esm,WhiteRiverWatchLocation,,,,Direct selected-signature candidate.,,NO-ROWS,"Primary review: visual, environmental, compatibility, or replacer records are not authoritative new devotional actions; existing canonical source records remain authoritative.",,REJECTED
159b288fd829ebd5,NQ104,NQ,Visuals - Landscape,Lux Via main plugin update,Lux Via.esp,D:\Wabbajack\modlists\ARR 2.5\mods\Lux Via main plugin update\Lux Via.esp,159b288fd829ebd5|01BDFC:Skyrim.esm,SIGNAL,read,LCTN,01BDFC:Skyrim.esm,MovarthsLairLocation,,,,Direct selected-signature candidate.,,NO-ROWS,"Primary review: visual, environmental, compatibility, or replacer records are not authoritative new devotional actions; existing canonical source records remain authoritative.",,REJECTED
159b288fd829ebd5,NQ104,NQ,Visuals - Landscape,Lux Via main plugin update,Lux Via.esp,D:\Wabbajack\modlists\ARR 2.5\mods\Lux Via main plugin update\Lux Via.esp,159b288fd829ebd5|020006:Skyrim.esm,SIGNAL,read,LCTN,020006:Skyrim.esm,DragonBridgeFarmLocation,,,,Direct selected-signature candidate.,,NO-ROWS,"Primary review: visual, environmental, compatibility, or replacer records are not authoritative new devotional actions; existing canonical source records remain authoritative.",,REJECTED
159b288fd829ebd5,NQ104,NQ,Visuals - Landscape,Lux Via main plugin update,Lux Via.esp,D:\Wabbajack\modlists\ARR 2.5\mods\Lux Via main plugin update\Lux Via.esp,159b288fd829ebd5|03444E:Skyrim.esm,SIGNAL,read,LCTN,03444E:Skyrim.esm,DarkBrotherhoodSanctuaryLocation,,,,Direct selected-signature candidate.,,NO-ROWS,"Primary review: visual, environmental, compatibility, or replacer records are not authoritative new devotional actions; existing canonical source records remain authoritative.",,REJECTED
159b288fd829ebd5,NQ104,NQ,Visuals - Landscape,Lux Via main plugin update,Lux Via.esp,D:\Wabbajack\modlists\ARR 2.5\mods\Lux Via main plugin update\Lux Via.esp,159b288fd829ebd5|0479B3:Skyrim.esm,SIGNAL,read,LCTN,0479B3:Skyrim.esm,FalkreathWatchtowerLocation,,,,Direct selected-signature candidate.,,NO-ROWS,"Primary review: visual, environmental, compatibility, or replacer records are not authoritative new devotional actions; existing canonical source records remain authoritative.",,REJECTED
159b288fd829ebd5,NQ104,NQ,Visuals - Landscape,Lux Via main plugin update,Lux Via.esp,D:\Wabbajack\modlists\ARR 2.5\mods\Lux Via main plugin update\Lux Via.esp,159b288fd829ebd5|0B712C:Skyrim.esm,SIGNAL,read,LCTN,0B712C:Skyrim.esm,EmbershardLocation,,,,Direct selected-signature candidate.,,NO-ROWS,"Primary review: visual, environmental, compatibility, or replacer records are not authoritative new devotional actions; existing canonical source records remain authoritative.",,REJECTED
159b288fd829ebd5,NQ104,NQ,Visuals - Landscape,Lux Via main plugin update,Lux Via.esp,D:\Wabbajack\modlists\ARR 2.5\mods\Lux Via main plugin update\Lux Via.esp,159b288fd829ebd5|0C2EE7:Skyrim.esm,SIGNAL,read,LCTN,0C2EE7:Skyrim.esm,TraitorsPostLocation,,,,Direct selected-signature candidate.,,NO-ROWS,"Primary review: visual, environmental, compatibility, or replacer records are not authoritative new devotional actions; existing canonical source records remain authoritative.",,REJECTED
159b288fd829ebd5,NQ104,NQ,Visuals - Landscape,Lux Via main plugin update,Lux Via.esp,D:\Wabbajack\modlists\ARR 2.5\mods\Lux Via main plugin update\Lux Via.esp,159b288fd829ebd5|0C2EED:Skyrim.esm,SIGNAL,read,LCTN,0C2EED:Skyrim.esm,WindwardRuinsLocation,,,,Direct selected-signature candidate.,,NO-ROWS,"Primary review: visual, environmental, compatibility, or replacer records are not authoritative new devotional actions; existing canonical source records remain authoritative.",,REJECTED
159b288fd829ebd5,NQ104,NQ,Visuals - Landscape,Lux Via main plugin update,Lux Via.esp,D:\Wabbajack\modlists\ARR 2.5\mods\Lux Via main plugin update\Lux Via.esp,159b288fd829ebd5|0C3428:Skyrim.esm,SIGNAL,read,LCTN,0C3428:Skyrim.esm,YorgrimOverlookLocation,,,,Direct selected-signature candidate.,,NO-ROWS,"Primary review: visual, environmental, compatibility, or replacer records are not authoritative new devotional actions; existing canonical source records remain authoritative.",,REJECTED
159b288fd829ebd5,NQ104,NQ,Visuals - Landscape,Lux Via main plugin update,Lux Via.esp,D:\Wabbajack\modlists\ARR 2.5\mods\Lux Via main plugin update\Lux Via.esp,159b288fd829ebd5|0D5669:Skyrim.esm,SIGNAL,read,LCTN,0D5669:Skyrim.esm,ShorsWatchtowerLocation,,,,Direct selected-signature candidate.,,NO-ROWS,"Primary review: visual, environmental, compatibility, or replacer records are not authoritative new devotional actions; existing canonical source records remain authoritative.",,REJECTED
159b288fd829ebd5,NQ104,NQ,Visuals - Landscape,Lux Via main plugin update,Lux Via.esp,D:\Wabbajack\modlists\ARR 2.5\mods\Lux Via main plugin update\Lux Via.esp,159b288fd829ebd5|0D566D:Skyrim.esm,SIGNAL,read,LCTN,0D566D:Skyrim.esm,AlchemistsShackLocation,,,,Direct selected-signature candidate.,,NO-ROWS,"Primary review: visual, environmental, compatibility, or replacer records are not authoritative new devotional actions; existing canonical source records remain authoritative.",,REJECTED
159b288fd829ebd5,NQ104,NQ,Visuals - Landscape,Lux Via main plugin update,Lux Via.esp,D:\Wabbajack\modlists\ARR 2.5\mods\Lux Via main plugin update\Lux Via.esp,159b288fd829ebd5|0D9079:Skyrim.esm,SIGNAL,read,LCTN,0D9079:Skyrim.esm,WhiterunWatchtowerLocation,,,,Direct selected-signature candidate.,,NO-ROWS,"Primary review: visual, environmental, compatibility, or replacer records are not authoritative new devotional actions; existing canonical source records remain authoritative.",,REJECTED
159b288fd829ebd5,NQ104,NQ,Visuals - Landscape,Lux Via main plugin update,Lux Via.esp,D:\Wabbajack\modlists\ARR 2.5\mods\Lux Via main plugin update\Lux Via.esp,159b288fd829ebd5|0DAB88:Skyrim.esm,SIGNAL,read,LCTN,0DAB88:Skyrim.esm,WhiterunHonningbrewMeaderyLocation,,,,Direct selected-signature candidate.,,NO-ROWS,"Primary review: visual, environmental, compatibility, or replacer records are not authoritative new devotional actions; existing canonical source records remain authoritative.",,REJECTED
159b288fd829ebd5,NQ104,NQ,Visuals - Landscape,Lux Via main plugin update,Lux Via.esp,D:\Wabbajack\modlists\ARR 2.5\mods\Lux Via main plugin update\Lux Via.esp,159b288fd829ebd5|0DDF6C:Skyrim.esm,SIGNAL,read,LCTN,0DDF6C:Skyrim.esm,CWMission07ImperialCampLocation,,,,Direct selected-signature candidate.,,NO-ROWS,"Primary review: visual, environmental, compatibility, or replacer records are not authoritative new devotional actions; existing canonical source records remain authoritative.",,REJECTED
159b288fd829ebd5,NQ104,NQ,Visuals - Landscape,Lux Via main plugin update,Lux Via.esp,D:\Wabbajack\modlists\ARR 2.5\mods\Lux Via main plugin update\Lux Via.esp,159b288fd829ebd5|0DDF6D:Skyrim.esm,SIGNAL,read,LCTN,0DDF6D:Skyrim.esm,CWMission07SonsCampLocation,,,,Direct selected-signature candidate.,,NO-ROWS,"Primary review: visual, environmental, compatibility, or replacer records are not authoritative new devotional actions; existing canonical source records remain authoritative.",,REJECTED
159b288fd829ebd5,NQ104,NQ,Visuals - Landscape,Lux Via main plugin update,Lux Via.esp,D:\Wabbajack\modlists\ARR 2.5\mods\Lux Via main plugin update\Lux Via.esp,159b288fd829ebd5|10FE43:Skyrim.esm,SIGNAL,read,LCTN,10FE43:Skyrim.esm,DoomstoneGuardianStoneLocation,,,,Direct selected-signature candidate.,,NO-ROWS,"Primary review: visual, environmental, compatibility, or replacer records are not authoritative new devotional actions; existing canonical source records remain authoritative.",,REJECTED
159b288fd829ebd5,NQ104,NQ,Visuals - Landscape,Lux Via main plugin update,Lux Via.esp,D:\Wabbajack\modlists\ARR 2.5\mods\Lux Via main plugin update\Lux Via.esp,159b288fd829ebd5|10FE44:Skyrim.esm,SIGNAL,read,LCTN,10FE44:Skyrim.esm,SolitudeLighthouseExteriorLocation,,,,Direct selected-signature candidate.,,NO-ROWS,"Primary review: visual, environmental, compatibility, or replacer records are not authoritative new devotional actions; existing canonical source records remain authoritative.",,REJECTED
159b288fd829ebd5,NQ104,NQ,Visuals - Landscape,Lux Via main plugin update,Lux Via.esp,D:\Wabbajack\modlists\ARR 2.5\mods\Lux Via main plugin update\Lux Via.esp,159b288fd829ebd5|005209:HearthFires.esm,SIGNAL,read,LCTN,005209:HearthFires.esm,BYOHHouse2Location,,,,Direct selected-signature candidate.,,NO-ROWS,"Primary review: visual, environmental, compatibility, or replacer records are not authoritative new devotional actions; existing canonical source records remain authoritative.",,REJECTED
159b288fd829ebd5,NQ104,NQ,Visuals - Landscape,Lux Via main plugin update,Lux Via.esp,D:\Wabbajack\modlists\ARR 2.5\mods\Lux Via main plugin update\Lux Via.esp,159b288fd829ebd5|0009B7:Lux Via.esp,SIGNAL,read,MISC,0009B7:Lux Via.esp,LuxVia_Firewood,,,,Direct selected-signature candidate.,,NO-ROWS,"Primary review: visual, environmental, compatibility, or replacer records are not authoritative new devotional actions; existing canonical source records remain authoritative.",,REJECTED
159b288fd829ebd5,NQ104,NQ,Visuals - Landscape,Lux Via main plugin update,Lux Via.esp,D:\Wabbajack\modlists\ARR 2.5\mods\Lux Via main plugin update\Lux Via.esp,159b288fd829ebd5|000B40:Lux Via.esp,SIGNAL,read,TREE,000B40:Lux Via.esp,LuxVia_ReachTree,,,,Direct selected-signature candidate.,,NO-ROWS,"Primary review: visual, environmental, compatibility, or replacer records are not authoritative new devotional actions; existing canonical source records remain authoritative.",,REJECTED
159b288fd829ebd5,NQ104,NQ,Visuals - Landscape,Lux Via main plugin update,Lux Via.esp,D:\Wabbajack\modlists\ARR 2.5\mods\Lux Via main plugin update\Lux Via.esp,159b288fd829ebd5|0CC17C:Lux Via.esp,SIGNAL,read,TREE,0CC17C:Lux Via.esp,LuxVia_TreePineForestSkinny,,,,Direct selected-signature candidate.,,NO-ROWS,"Primary review: visual, environmental, compatibility, or replacer records are not authoritative new devotional actions; existing canonical source records remain authoritative.",,REJECTED
c5670bcbbf913cd1,NQ104,NQ,Visuals - Landscape,Seasonal Landscapes,Seasonal Landscapes - Aspens Ablaze Patch.esp,D:\Wabbajack\modlists\ARR 2.5\mods\Seasonal Landscapes\Seasonal Landscapes - Aspens Ablaze Patch.esp,PLUGIN,PLUGIN-SUMMARY,read,,,,,,,Direct selected-signature reads.,TREE:36,NO-ROWS,"Primary review: visual, environmental, compatibility, or replacer records are not authoritative new devotional actions; existing canonical source records remain authoritative.",Direct signal candidate enumeration: 36,REJECTED
c5670bcbbf913cd1,NQ104,NQ,Visuals - Landscape,Seasonal Landscapes,Seasonal Landscapes - Aspens Ablaze Patch.esp,D:\Wabbajack\modlists\ARR 2.5\mods\Seasonal Landscapes\Seasonal Landscapes - Aspens Ablaze Patch.esp,c5670bcbbf913cd1|0008ED:Seasonal Landscapes.esp,SIGNAL,read,TREE,0008ED:Seasonal Landscapes.esp,TreeAspen01SPR,,,,Direct selected-signature candidate.,,NO-ROWS,"Primary review: visual, environmental, compatibility, or replacer records are not authoritative new devotional actions; existing canonical source records remain authoritative.",,REJECTED
c5670bcbbf913cd1,NQ104,NQ,Visuals - Landscape,Seasonal Landscapes,Seasonal Landscapes - Aspens Ablaze Patch.esp,D:\Wabbajack\modlists\ARR 2.5\mods\Seasonal Landscapes\Seasonal Landscapes - Aspens Ablaze Patch.esp,c5670bcbbf913cd1|0008EE:Seasonal Landscapes.esp,SIGNAL,read,TREE,0008EE:Seasonal Landscapes.esp,TreeAspen02SPR,,,,Direct selected-signature candidate.,,NO-ROWS,"Primary review: visual, environmental, compatibility, or replacer records are not authoritative new devotional actions; existing canonical source records remain authoritative.",,REJECTED
c5670bcbbf913cd1,NQ104,NQ,Visuals - Landscape,Seasonal Landscapes,Seasonal Landscapes - Aspens Ablaze Patch.esp,D:\Wabbajack\modlists\ARR 2.5\mods\Seasonal Landscapes\Seasonal Landscapes - Aspens Ablaze Patch.esp,c5670bcbbf913cd1|0008EF:Seasonal Landscapes.esp,SIGNAL,read,TREE,0008EF:Seasonal Landscapes.esp,TreeAspen03SPR,,,,Direct selected-signature candidate.,,NO-ROWS,"Primary review: visual, environmental, compatibility, or replacer records are not authoritative new devotional actions; existing canonical source records remain authoritative.",,REJECTED
c5670bcbbf913cd1,NQ104,NQ,Visuals - Landscape,Seasonal Landscapes,Seasonal Landscapes - Aspens Ablaze Patch.esp,D:\Wabbajack\modlists\ARR 2.5\mods\Seasonal Landscapes\Seasonal Landscapes - Aspens Ablaze Patch.esp,c5670bcbbf913cd1|0008F0:Seasonal Landscapes.esp,SIGNAL,read,TREE,0008F0:Seasonal Landscapes.esp,TreeAspen04SPR,,,,Direct selected-signature candidate.,,NO-ROWS,"Primary review: visual, environmental, compatibility, or replacer records are not authoritative new devotional actions; existing canonical source records remain authoritative.",,REJECTED
c5670bcbbf913cd1,NQ104,NQ,Visuals - Landscape,Seasonal Landscapes,Seasonal Landscapes - Aspens Ablaze Patch.esp,D:\Wabbajack\modlists\ARR 2.5\mods\Seasonal Landscapes\Seasonal Landscapes - Aspens Ablaze Patch.esp,c5670bcbbf913cd1|0008F1:Seasonal Landscapes.esp,SIGNAL,read,TREE,0008F1:Seasonal Landscapes.esp,TreeAspen05SPR,,,,Direct selected-signature candidate.,,NO-ROWS,"Primary review: visual, environmental, compatibility, or replacer records are not authoritative new devotional actions; existing canonical source records remain authoritative.",,REJECTED
c5670bcbbf913cd1,NQ104,NQ,Visuals - Landscape,Seasonal Landscapes,Seasonal Landscapes - Aspens Ablaze Patch.esp,D:\Wabbajack\modlists\ARR 2.5\mods\Seasonal Landscapes\Seasonal Landscapes - Aspens Ablaze Patch.esp,c5670bcbbf913cd1|0008F2:Seasonal Landscapes.esp,SIGNAL,read,TREE,0008F2:Seasonal Landscapes.esp,TreeAspen06SPR,,,,Direct selected-signature candidate.,,NO-ROWS,"Primary review: visual, environmental, compatibility, or replacer records are not authoritative new devotional actions; existing canonical source records remain authoritative.",,REJECTED
c5670bcbbf913cd1,NQ104,NQ,Visuals - Landscape,Seasonal Landscapes,Seasonal Landscapes - Aspens Ablaze Patch.esp,D:\Wabbajack\modlists\ARR 2.5\mods\Seasonal Landscapes\Seasonal Landscapes - Aspens Ablaze Patch.esp,c5670bcbbf913cd1|000904:Seasonal Landscapes.esp,SIGNAL,read,TREE,000904:Seasonal Landscapes.esp,TreeAspen01SUM,,,,Direct selected-signature candidate.,,NO-ROWS,"Primary review: visual, environmental, compatibility, or replacer records are not authoritative new devotional actions; existing canonical source records remain authoritative.",,REJECTED
c5670bcbbf913cd1,NQ104,NQ,Visuals - Landscape,Seasonal Landscapes,Seasonal Landscapes - Aspens Ablaze Patch.esp,D:\Wabbajack\modlists\ARR 2.5\mods\Seasonal Landscapes\Seasonal Landscapes - Aspens Ablaze Patch.esp,c5670bcbbf913cd1|000905:Seasonal Landscapes.esp,SIGNAL,read,TREE,000905:Seasonal Landscapes.esp,TreeAspen02SUM,,,,Direct selected-signature candidate.,,NO-ROWS,"Primary review: visual, environmental, compatibility, or replacer records are not authoritative new devotional actions; existing canonical source records remain authoritative.",,REJECTED
c5670bcbbf913cd1,NQ104,NQ,Visuals - Landscape,Seasonal Landscapes,Seasonal Landscapes - Aspens Ablaze Patch.esp,D:\Wabbajack\modlists\ARR 2.5\mods\Seasonal Landscapes\Seasonal Landscapes - Aspens Ablaze Patch.esp,c5670bcbbf913cd1|000906:Seasonal Landscapes.esp,SIGNAL,read,TREE,000906:Seasonal Landscapes.esp,TreeAspen03SUM,,,,Direct selected-signature candidate.,,NO-ROWS,"Primary review: visual, environmental, compatibility, or replacer records are not authoritative new devotional actions; existing canonical source records remain authoritative.",,REJECTED
c5670bcbbf913cd1,NQ104,NQ,Visuals - Landscape,Seasonal Landscapes,Seasonal Landscapes - Aspens Ablaze Patch.esp,D:\Wabbajack\modlists\ARR 2.5\mods\Seasonal Landscapes\Seasonal Landscapes - Aspens Ablaze Patch.esp,c5670bcbbf913cd1|000907:Seasonal Landscapes.esp,SIGNAL,read,TREE,000907:Seasonal Landscapes.esp,TreeAspen04SUM,,,,Direct selected-signature candidate.,,NO-ROWS,"Primary review: visual, environmental, compatibility, or replacer records are not authoritative new devotional actions; existing canonical source records remain authoritative.",,REJECTED
c5670bcbbf913cd1,NQ104,NQ,Visuals - Landscape,Seasonal Landscapes,Seasonal Landscapes - Aspens Ablaze Patch.esp,D:\Wabbajack\modlists\ARR 2.5\mods\Seasonal Landscapes\Seasonal Landscapes - Aspens Ablaze Patch.esp,c5670bcbbf913cd1|000908:Seasonal Landscapes.esp,SIGNAL,read,TREE,000908:Seasonal Landscapes.esp,TreeAspen05SUM,,,,Direct selected-signature candidate.,,NO-ROWS,"Primary review: visual, environmental, compatibility, or replacer records are not authoritative new devotional actions; existing canonical source records remain authoritative.",,REJECTED
c5670bcbbf913cd1,NQ104,NQ,Visuals - Landscape,Seasonal Landscapes,Seasonal Landscapes - Aspens Ablaze Patch.esp,D:\Wabbajack\modlists\ARR 2.5\mods\Seasonal Landscapes\Seasonal Landscapes - Aspens Ablaze Patch.esp,c5670bcbbf913cd1|000909:Seasonal Landscapes.esp,SIGNAL,read,TREE,000909:Seasonal Landscapes.esp,TreeAspen06SUM,,,,Direct selected-signature candidate.,,NO-ROWS,"Primary review: visual, environmental, compatibility, or replacer records are not authoritative new devotional actions; existing canonical source records remain authoritative.",,REJECTED
c5670bcbbf913cd1,NQ104,NQ,Visuals - Landscape,Seasonal Landscapes,Seasonal Landscapes - Aspens Ablaze Patch.esp,D:\Wabbajack\modlists\ARR 2.5\mods\Seasonal Landscapes\Seasonal Landscapes - Aspens Ablaze Patch.esp,c5670bcbbf913cd1|000910:Seasonal Landscapes.esp,SIGNAL,read,TREE,000910:Seasonal Landscapes.esp,TreeAspen01AUT,,,,Direct selected-signature candidate.,,NO-ROWS,"Primary review: visual, environmental, compatibility, or replacer records are not authoritative new devotional actions; existing canonical source records remain authoritative.",,REJECTED
c5670bcbbf913cd1,NQ104,NQ,Visuals - Landscape,Seasonal Landscapes,Seasonal Landscapes - Aspens Ablaze Patch.esp,D:\Wabbajack\modlists\ARR 2.5\mods\Seasonal Landscapes\Seasonal Landscapes - Aspens Ablaze Patch.esp,c5670bcbbf913cd1|000911:Seasonal Landscapes.esp,SIGNAL,read,TREE,000911:Seasonal Landscapes.esp,TreeAspen02AUT,,,,Direct selected-signature candidate.,,NO-ROWS,"Primary review: visual, environmental, compatibility, or replacer records are not authoritative new devotional actions; existing canonical source records remain authoritative.",,REJECTED
c5670bcbbf913cd1,NQ104,NQ,Visuals - Landscape,Seasonal Landscapes,Seasonal Landscapes - Aspens Ablaze Patch.esp,D:\Wabbajack\modlists\ARR 2.5\mods\Seasonal Landscapes\Seasonal Landscapes - Aspens Ablaze Patch.esp,c5670bcbbf913cd1|000912:Seasonal Landscapes.esp,SIGNAL,read,TREE,000912:Seasonal Landscapes.esp,TreeAspen03AUT,,,,Direct selected-signature candidate.,,NO-ROWS,"Primary review: visual, environmental, compatibility, or replacer records are not authoritative new devotional actions; existing canonical source records remain authoritative.",,REJECTED
c5670bcbbf913cd1,NQ104,NQ,Visuals - Landscape,Seasonal Landscapes,Seasonal Landscapes - Aspens Ablaze Patch.esp,D:\Wabbajack\modlists\ARR 2.5\mods\Seasonal Landscapes\Seasonal Landscapes - Aspens Ablaze Patch.esp,c5670bcbbf913cd1|000913:Seasonal Landscapes.esp,SIGNAL,read,TREE,000913:Seasonal Landscapes.esp,TreeAspen04AUT,,,,Direct selected-signature candidate.,,NO-ROWS,"Primary review: visual, environmental, compatibility, or replacer records are not authoritative new devotional actions; existing canonical source records remain authoritative.",,REJECTED
c5670bcbbf913cd1,NQ104,NQ,Visuals - Landscape,Seasonal Landscapes,Seasonal Landscapes - Aspens Ablaze Patch.esp,D:\Wabbajack\modlists\ARR 2.5\mods\Seasonal Landscapes\Seasonal Landscapes - Aspens Ablaze Patch.esp,c5670bcbbf913cd1|000914:Seasonal Landscapes.esp,SIGNAL,read,TREE,000914:Seasonal Landscapes.esp,TreeAspen05AUT,,,,Direct selected-signature candidate.,,NO-ROWS,"Primary review: visual, environmental, compatibility, or replacer records are not authoritative new devotional actions; existing canonical source records remain authoritative.",,REJECTED
c5670bcbbf913cd1,NQ104,NQ,Visuals - Landscape,Seasonal Landscapes,Seasonal Landscapes - Aspens Ablaze Patch.esp,D:\Wabbajack\modlists\ARR 2.5\mods\Seasonal Landscapes\Seasonal Landscapes - Aspens Ablaze Patch.esp,c5670bcbbf913cd1|000915:Seasonal Landscapes.esp,SIGNAL,read,TREE,000915:Seasonal Landscapes.esp,TreeAspen06AUT,,,,Direct selected-signature candidate.,,NO-ROWS,"Primary review: visual, environmental, compatibility, or replacer records are not authoritative new devotional actions; existing canonical source records remain authoritative.",,REJECTED
c5670bcbbf913cd1,NQ104,NQ,Visuals - Landscape,Seasonal Landscapes,Seasonal Landscapes - Aspens Ablaze Patch.esp,D:\Wabbajack\modlists\ARR 2.5\mods\Seasonal Landscapes\Seasonal Landscapes - Aspens Ablaze Patch.esp,c5670bcbbf913cd1|00098B:Seasonal Landscapes.esp,SIGNAL,read,TREE,00098B:Seasonal Landscapes.esp,TreeAspen01WIN,,,,Direct selected-signature candidate.,,NO-ROWS,"Primary review: visual, environmental, compatibility, or replacer records are not authoritative new devotional actions; existing canonical source records remain authoritative.",,REJECTED
c5670bcbbf913cd1,NQ104,NQ,Visuals - Landscape,Seasonal Landscapes,Seasonal Landscapes - Aspens Ablaze Patch.esp,D:\Wabbajack\modlists\ARR 2.5\mods\Seasonal Landscapes\Seasonal Landscapes - Aspens Ablaze Patch.esp,c5670bcbbf913cd1|00098C:Seasonal Landscapes.esp,SIGNAL,read,TREE,00098C:Seasonal Landscapes.esp,TreeAspen02WIN,,,,Direct selected-signature candidate.,,NO-ROWS,"Primary review: visual, environmental, compatibility, or replacer records are not authoritative new devotional actions; existing canonical source records remain authoritative.",,REJECTED
c5670bcbbf913cd1,NQ104,NQ,Visuals - Landscape,Seasonal Landscapes,Seasonal Landscapes - Aspens Ablaze Patch.esp,D:\Wabbajack\modlists\ARR 2.5\mods\Seasonal Landscapes\Seasonal Landscapes - Aspens Ablaze Patch.esp,c5670bcbbf913cd1|00098D:Seasonal Landscapes.esp,SIGNAL,read,TREE,00098D:Seasonal Landscapes.esp,TreeAspen03WIN,,,,Direct selected-signature candidate.,,NO-ROWS,"Primary review: visual, environmental, compatibility, or replacer records are not authoritative new devotional actions; existing canonical source records remain authoritative.",,REJECTED
c5670bcbbf913cd1,NQ104,NQ,Visuals - Landscape,Seasonal Landscapes,Seasonal Landscapes - Aspens Ablaze Patch.esp,D:\Wabbajack\modlists\ARR 2.5\mods\Seasonal Landscapes\Seasonal Landscapes - Aspens Ablaze Patch.esp,c5670bcbbf913cd1|00098E:Seasonal Landscapes.esp,SIGNAL,read,TREE,00098E:Seasonal Landscapes.esp,TreeAspen04WIN,,,,Direct selected-signature candidate.,,NO-ROWS,"Primary review: visual, environmental, compatibility, or replacer records are not authoritative new devotional actions; existing canonical source records remain authoritative.",,REJECTED
c5670bcbbf913cd1,NQ104,NQ,Visuals - Landscape,Seasonal Landscapes,Seasonal Landscapes - Aspens Ablaze Patch.esp,D:\Wabbajack\modlists\ARR 2.5\mods\Seasonal Landscapes\Seasonal Landscapes - Aspens Ablaze Patch.esp,c5670bcbbf913cd1|00098F:Seasonal Landscapes.esp,SIGNAL,read,TREE,00098F:Seasonal Landscapes.esp,TreeAspen05WIN,,,,Direct selected-signature candidate.,,NO-ROWS,"Primary review: visual, environmental, compatibility, or replacer records are not authoritative new devotional actions; existing canonical source records remain authoritative.",,REJECTED
c5670bcbbf913cd1,NQ104,NQ,Visuals - Landscape,Seasonal Landscapes,Seasonal Landscapes - Aspens Ablaze Patch.esp,D:\Wabbajack\modlists\ARR 2.5\mods\Seasonal Landscapes\Seasonal Landscapes - Aspens Ablaze Patch.esp,c5670bcbbf913cd1|000990:Seasonal Landscapes.esp,SIGNAL,read,TREE,000990:Seasonal Landscapes.esp,TreeAspen06WIN,,,,Direct selected-signature candidate.,,NO-ROWS,"Primary review: visual, environmental, compatibility, or replacer records are not authoritative new devotional actions; existing canonical source records remain authoritative.",,REJECTED
c5670bcbbf913cd1,NQ104,NQ,Visuals - Landscape,Seasonal Landscapes,Seasonal Landscapes - Aspens Ablaze Patch.esp,D:\Wabbajack\modlists\ARR 2.5\mods\Seasonal Landscapes\Seasonal Landscapes - Aspens Ablaze Patch.esp,c5670bcbbf913cd1|000800:Seasonal Landscapes - Aspens Ablaze Patch.esp,SIGNAL,read,TREE,000800:Seasonal Landscapes - Aspens Ablaze Patch.esp,TreeAspen07SPR,,,,Direct selected-signature candidate.,,NO-ROWS,"Primary review: visual, environmental, compatibility, or replacer records are not authoritative new devotional actions; existing canonical source records remain authoritative.",,REJECTED
c5670bcbbf913cd1,NQ104,NQ,Visuals - Landscape,Seasonal Landscapes,Seasonal Landscapes - Aspens Ablaze Patch.esp,D:\Wabbajack\modlists\ARR 2.5\mods\Seasonal Landscapes\Seasonal Landscapes - Aspens Ablaze Patch.esp,c5670bcbbf913cd1|000801:Seasonal Landscapes - Aspens Ablaze Patch.esp,SIGNAL,read,TREE,000801:Seasonal Landscapes - Aspens Ablaze Patch.esp,TreeAspen08SPR,,,,Direct selected-signature candidate.,,NO-ROWS,"Primary review: visual, environmental, compatibility, or replacer records are not authoritative new devotional actions; existing canonical source records remain authoritative.",,REJECTED
c5670bcbbf913cd1,NQ104,NQ,Visuals - Landscape,Seasonal Landscapes,Seasonal Landscapes - Aspens Ablaze Patch.esp,D:\Wabbajack\modlists\ARR 2.5\mods\Seasonal Landscapes\Seasonal Landscapes - Aspens Ablaze Patch.esp,c5670bcbbf913cd1|000802:Seasonal Landscapes - Aspens Ablaze Patch.esp,SIGNAL,read,TREE,000802:Seasonal Landscapes - Aspens Ablaze Patch.esp,TreeAspen09SPR,,,,Direct selected-signature candidate.,,NO-ROWS,"Primary review: visual, environmental, compatibility, or replacer records are not authoritative new devotional actions; existing canonical source records remain authoritative.",,REJECTED
c5670bcbbf913cd1,NQ104,NQ,Visuals - Landscape,Seasonal Landscapes,Seasonal Landscapes - Aspens Ablaze Patch.esp,D:\Wabbajack\modlists\ARR 2.5\mods\Seasonal Landscapes\Seasonal Landscapes - Aspens Ablaze Patch.esp,c5670bcbbf913cd1|000803:Seasonal Landscapes - Aspens Ablaze Patch.esp,SIGNAL,read,TREE,000803:Seasonal Landscapes - Aspens Ablaze Patch.esp,TreeAspen07SUM,,,,Direct selected-signature candidate.,,NO-ROWS,"Primary review: visual, environmental, compatibility, or replacer records are not authoritative new devotional actions; existing canonical source records remain authoritative.",,REJECTED
c5670bcbbf913cd1,NQ104,NQ,Visuals - Landscape,Seasonal Landscapes,Seasonal Landscapes - Aspens Ablaze Patch.esp,D:\Wabbajack\modlists\ARR 2.5\mods\Seasonal Landscapes\Seasonal Landscapes - Aspens Ablaze Patch.esp,c5670bcbbf913cd1|000804:Seasonal Landscapes - Aspens Ablaze Patch.esp,SIGNAL,read,TREE,000804:Seasonal Landscapes - Aspens Ablaze Patch.esp,TreeAspen08SUM,,,,Direct selected-signature candidate.,,NO-ROWS,"Primary review: visual, environmental, compatibility, or replacer records are not authoritative new devotional actions; existing canonical source records remain authoritative.",,REJECTED
c5670bcbbf913cd1,NQ104,NQ,Visuals - Landscape,Seasonal Landscapes,Seasonal Landscapes - Aspens Ablaze Patch.esp,D:\Wabbajack\modlists\ARR 2.5\mods\Seasonal Landscapes\Seasonal Landscapes - Aspens Ablaze Patch.esp,c5670bcbbf913cd1|000805:Seasonal Landscapes - Aspens Ablaze Patch.esp,SIGNAL,read,TREE,000805:Seasonal Landscapes - Aspens Ablaze Patch.esp,TreeAspen09SUM,,,,Direct selected-signature candidate.,,NO-ROWS,"Primary review: visual, environmental, compatibility, or replacer records are not authoritative new devotional actions; existing canonical source records remain authoritative.",,REJECTED
c5670bcbbf913cd1,NQ104,NQ,Visuals - Landscape,Seasonal Landscapes,Seasonal Landscapes - Aspens Ablaze Patch.esp,D:\Wabbajack\modlists\ARR 2.5\mods\Seasonal Landscapes\Seasonal Landscapes - Aspens Ablaze Patch.esp,c5670bcbbf913cd1|000806:Seasonal Landscapes - Aspens Ablaze Patch.esp,SIGNAL,read,TREE,000806:Seasonal Landscapes - Aspens Ablaze Patch.esp,TreeAspen07AUT,,,,Direct selected-signature candidate.,,NO-ROWS,"Primary review: visual, environmental, compatibility, or replacer records are not authoritative new devotional actions; existing canonical source records remain authoritative.",,REJECTED
c5670bcbbf913cd1,NQ104,NQ,Visuals - Landscape,Seasonal Landscapes,Seasonal Landscapes - Aspens Ablaze Patch.esp,D:\Wabbajack\modlists\ARR 2.5\mods\Seasonal Landscapes\Seasonal Landscapes - Aspens Ablaze Patch.esp,c5670bcbbf913cd1|000807:Seasonal Landscapes - Aspens Ablaze Patch.esp,SIGNAL,read,TREE,000807:Seasonal Landscapes - Aspens Ablaze Patch.esp,TreeAspen08AUT,,,,Direct selected-signature candidate.,,NO-ROWS,"Primary review: visual, environmental, compatibility, or replacer records are not authoritative new devotional actions; existing canonical source records remain authoritative.",,REJECTED
c5670bcbbf913cd1,NQ104,NQ,Visuals - Landscape,Seasonal Landscapes,Seasonal Landscapes - Aspens Ablaze Patch.esp,D:\Wabbajack\modlists\ARR 2.5\mods\Seasonal Landscapes\Seasonal Landscapes - Aspens Ablaze Patch.esp,c5670bcbbf913cd1|000808:Seasonal Landscapes - Aspens Ablaze Patch.esp,SIGNAL,read,TREE,000808:Seasonal Landscapes - Aspens Ablaze Patch.esp,TreeAspen09AUT,,,,Direct selected-signature candidate.,,NO-ROWS,"Primary review: visual, environmental, compatibility, or replacer records are not authoritative new devotional actions; existing canonical source records remain authoritative.",,REJECTED
c5670bcbbf913cd1,NQ104,NQ,Visuals - Landscape,Seasonal Landscapes,Seasonal Landscapes - Aspens Ablaze Patch.esp,D:\Wabbajack\modlists\ARR 2.5\mods\Seasonal Landscapes\Seasonal Landscapes - Aspens Ablaze Patch.esp,c5670bcbbf913cd1|000809:Seasonal Landscapes - Aspens Ablaze Patch.esp,SIGNAL,read,TREE,000809:Seasonal Landscapes - Aspens Ablaze Patch.esp,TreeAspen07WIN,,,,Direct selected-signature candidate.,,NO-ROWS,"Primary review: visual, environmental, compatibility, or replacer records are not authoritative new devotional actions; existing canonical source records remain authoritative.",,REJECTED
c5670bcbbf913cd1,NQ104,NQ,Visuals - Landscape,Seasonal Landscapes,Seasonal Landscapes - Aspens Ablaze Patch.esp,D:\Wabbajack\modlists\ARR 2.5\mods\Seasonal Landscapes\Seasonal Landscapes - Aspens Ablaze Patch.esp,c5670bcbbf913cd1|00080A:Seasonal Landscapes - Aspens Ablaze Patch.esp,SIGNAL,read,TREE,00080A:Seasonal Landscapes - Aspens Ablaze Patch.esp,TreeAspen08WIN,,,,Direct selected-signature candidate.,,NO-ROWS,"Primary review: visual, environmental, compatibility, or replacer records are not authoritative new devotional actions; existing canonical source records remain authoritative.",,REJECTED
c5670bcbbf913cd1,NQ104,NQ,Visuals - Landscape,Seasonal Landscapes,Seasonal Landscapes - Aspens Ablaze Patch.esp,D:\Wabbajack\modlists\ARR 2.5\mods\Seasonal Landscapes\Seasonal Landscapes - Aspens Ablaze Patch.esp,c5670bcbbf913cd1|00080B:Seasonal Landscapes - Aspens Ablaze Patch.esp,SIGNAL,read,TREE,00080B:Seasonal Landscapes - Aspens Ablaze Patch.esp,TreeAspen09WIN,,,,Direct selected-signature candidate.,,NO-ROWS,"Primary review: visual, environmental, compatibility, or replacer records are not authoritative new devotional actions; existing canonical source records remain authoritative.",,REJECTED
98170d245fab04ec,NQ104,NQ,Visuals - Landscape,Seasonal Landscapes,Seasonal Landscapes - Nature of the Wild Lands Patch.esp,D:\Wabbajack\modlists\ARR 2.5\mods\Seasonal Landscapes\Seasonal Landscapes - Nature of the Wild Lands Patch.esp,PLUGIN,PLUGIN-SUMMARY,read,,,,,,,Direct selected-signature reads.,TREE:12,NO-ROWS,"Primary review: visual, environmental, compatibility, or replacer records are not authoritative new devotional actions; existing canonical source records remain authoritative.",Direct signal candidate enumeration: 12,REJECTED
98170d245fab04ec,NQ104,NQ,Visuals - Landscape,Seasonal Landscapes,Seasonal Landscapes - Nature of the Wild Lands Patch.esp,D:\Wabbajack\modlists\ARR 2.5\mods\Seasonal Landscapes\Seasonal Landscapes - Nature of the Wild Lands Patch.esp,98170d245fab04ec|000910:Seasonal Landscapes.esp,SIGNAL,read,TREE,000910:Seasonal Landscapes.esp,TreeAspen01AUT,,,,Direct selected-signature candidate.,,NO-ROWS,"Primary review: visual, environmental, compatibility, or replacer records are not authoritative new devotional actions; existing canonical source records remain authoritative.",,REJECTED
98170d245fab04ec,NQ104,NQ,Visuals - Landscape,Seasonal Landscapes,Seasonal Landscapes - Nature of the Wild Lands Patch.esp,D:\Wabbajack\modlists\ARR 2.5\mods\Seasonal Landscapes\Seasonal Landscapes - Nature of the Wild Lands Patch.esp,98170d245fab04ec|000911:Seasonal Landscapes.esp,SIGNAL,read,TREE,000911:Seasonal Landscapes.esp,TreeAspen02AUT,,,,Direct selected-signature candidate.,,NO-ROWS,"Primary review: visual, environmental, compatibility, or replacer records are not authoritative new devotional actions; existing canonical source records remain authoritative.",,REJECTED
98170d245fab04ec,NQ104,NQ,Visuals - Landscape,Seasonal Landscapes,Seasonal Landscapes - Nature of the Wild Lands Patch.esp,D:\Wabbajack\modlists\ARR 2.5\mods\Seasonal Landscapes\Seasonal Landscapes - Nature of the Wild Lands Patch.esp,98170d245fab04ec|000912:Seasonal Landscapes.esp,SIGNAL,read,TREE,000912:Seasonal Landscapes.esp,TreeAspen03AUT,,,,Direct selected-signature candidate.,,NO-ROWS,"Primary review: visual, environmental, compatibility, or replacer records are not authoritative new devotional actions; existing canonical source records remain authoritative.",,REJECTED
98170d245fab04ec,NQ104,NQ,Visuals - Landscape,Seasonal Landscapes,Seasonal Landscapes - Nature of the Wild Lands Patch.esp,D:\Wabbajack\modlists\ARR 2.5\mods\Seasonal Landscapes\Seasonal Landscapes - Nature of the Wild Lands Patch.esp,98170d245fab04ec|000913:Seasonal Landscapes.esp,SIGNAL,read,TREE,000913:Seasonal Landscapes.esp,TreeAspen04AUT,,,,Direct selected-signature candidate.,,NO-ROWS,"Primary review: visual, environmental, compatibility, or replacer records are not authoritative new devotional actions; existing canonical source records remain authoritative.",,REJECTED
98170d245fab04ec,NQ104,NQ,Visuals - Landscape,Seasonal Landscapes,Seasonal Landscapes - Nature of the Wild Lands Patch.esp,D:\Wabbajack\modlists\ARR 2.5\mods\Seasonal Landscapes\Seasonal Landscapes - Nature of the Wild Lands Patch.esp,98170d245fab04ec|000914:Seasonal Landscapes.esp,SIGNAL,read,TREE,000914:Seasonal Landscapes.esp,TreeAspen05AUT,,,,Direct selected-signature candidate.,,NO-ROWS,"Primary review: visual, environmental, compatibility, or replacer records are not authoritative new devotional actions; existing canonical source records remain authoritative.",,REJECTED
98170d245fab04ec,NQ104,NQ,Visuals - Landscape,Seasonal Landscapes,Seasonal Landscapes - Nature of the Wild Lands Patch.esp,D:\Wabbajack\modlists\ARR 2.5\mods\Seasonal Landscapes\Seasonal Landscapes - Nature of the Wild Lands Patch.esp,98170d245fab04ec|000915:Seasonal Landscapes.esp,SIGNAL,read,TREE,000915:Seasonal Landscapes.esp,TreeAspen06AUT,,,,Direct selected-signature candidate.,,NO-ROWS,"Primary review: visual, environmental, compatibility, or replacer records are not authoritative new devotional actions; existing canonical source records remain authoritative.",,REJECTED
98170d245fab04ec,NQ104,NQ,Visuals - Landscape,Seasonal Landscapes,Seasonal Landscapes - Nature of the Wild Lands Patch.esp,D:\Wabbajack\modlists\ARR 2.5\mods\Seasonal Landscapes\Seasonal Landscapes - Nature of the Wild Lands Patch.esp,98170d245fab04ec|00098B:Seasonal Landscapes.esp,SIGNAL,read,TREE,00098B:Seasonal Landscapes.esp,TreeAspen01WIN,,,,Direct selected-signature candidate.,,NO-ROWS,"Primary review: visual, environmental, compatibility, or replacer records are not authoritative new devotional actions; existing canonical source records remain authoritative.",,REJECTED
98170d245fab04ec,NQ104,NQ,Visuals - Landscape,Seasonal Landscapes,Seasonal Landscapes - Nature of the Wild Lands Patch.esp,D:\Wabbajack\modlists\ARR 2.5\mods\Seasonal Landscapes\Seasonal Landscapes - Nature of the Wild Lands Patch.esp,98170d245fab04ec|00098C:Seasonal Landscapes.esp,SIGNAL,read,TREE,00098C:Seasonal Landscapes.esp,TreeAspen02WIN,,,,Direct selected-signature candidate.,,NO-ROWS,"Primary review: visual, environmental, compatibility, or replacer records are not authoritative new devotional actions; existing canonical source records remain authoritative.",,REJECTED
98170d245fab04ec,NQ104,NQ,Visuals - Landscape,Seasonal Landscapes,Seasonal Landscapes - Nature of the Wild Lands Patch.esp,D:\Wabbajack\modlists\ARR 2.5\mods\Seasonal Landscapes\Seasonal Landscapes - Nature of the Wild Lands Patch.esp,98170d245fab04ec|00098D:Seasonal Landscapes.esp,SIGNAL,read,TREE,00098D:Seasonal Landscapes.esp,TreeAspen03WIN,,,,Direct selected-signature candidate.,,NO-ROWS,"Primary review: visual, environmental, compatibility, or replacer records are not authoritative new devotional actions; existing canonical source records remain authoritative.",,REJECTED
98170d245fab04ec,NQ104,NQ,Visuals - Landscape,Seasonal Landscapes,Seasonal Landscapes - Nature of the Wild Lands Patch.esp,D:\Wabbajack\modlists\ARR 2.5\mods\Seasonal Landscapes\Seasonal Landscapes - Nature of the Wild Lands Patch.esp,98170d245fab04ec|00098E:Seasonal Landscapes.esp,SIGNAL,read,TREE,00098E:Seasonal Landscapes.esp,TreeAspen04WIN,,,,Direct selected-signature candidate.,,NO-ROWS,"Primary review: visual, environmental, compatibility, or replacer records are not authoritative new devotional actions; existing canonical source records remain authoritative.",,REJECTED
98170d245fab04ec,NQ104,NQ,Visuals - Landscape,Seasonal Landscapes,Seasonal Landscapes - Nature of the Wild Lands Patch.esp,D:\Wabbajack\modlists\ARR 2.5\mods\Seasonal Landscapes\Seasonal Landscapes - Nature of the Wild Lands Patch.esp,98170d245fab04ec|00098F:Seasonal Landscapes.esp,SIGNAL,read,TREE,00098F:Seasonal Landscapes.esp,TreeAspen05WIN,,,,Direct selected-signature candidate.,,NO-ROWS,"Primary review: visual, environmental, compatibility, or replacer records are not authoritative new devotional actions; existing canonical source records remain authoritative.",,REJECTED
98170d245fab04ec,NQ104,NQ,Visuals - Landscape,Seasonal Landscapes,Seasonal Landscapes - Nature of the Wild Lands Patch.esp,D:\Wabbajack\modlists\ARR 2.5\mods\Seasonal Landscapes\Seasonal Landscapes - Nature of the Wild Lands Patch.esp,98170d245fab04ec|000990:Seasonal Landscapes.esp,SIGNAL,read,TREE,000990:Seasonal Landscapes.esp,TreeAspen06WIN,,,,Direct selected-signature candidate.,,NO-ROWS,"Primary review: visual, environmental, compatibility, or replacer records are not authoritative new devotional actions; existing canonical source records remain authoritative.",,REJECTED
ad3cac16d6ea5c2c,NQ104,NQ,Visuals - Landscape,Seasonal Landscapes,Seasonal Landscapes - Solstheim.esp,D:\Wabbajack\modlists\ARR 2.5\mods\Seasonal Landscapes\Seasonal Landscapes - Solstheim.esp,PLUGIN,PLUGIN-SUMMARY,read,,,,,,,Direct selected-signature reads.,FLOR:2|TREE:10,NO-ROWS,"Primary review: visual, environmental, compatibility, or replacer records are not authoritative new devotional actions; existing canonical source records remain authoritative.",Direct signal candidate enumeration: 12,REJECTED
ad3cac16d6ea5c2c,NQ104,NQ,Visuals - Landscape,Seasonal Landscapes,Seasonal Landscapes - Solstheim.esp,D:\Wabbajack\modlists\ARR 2.5\mods\Seasonal Landscapes\Seasonal Landscapes - Solstheim.esp,ad3cac16d6ea5c2c|000859:Seasonal Landscapes - Solstheim.esp,SIGNAL,read,FLOR,000859:Seasonal Landscapes - Solstheim.esp,DLC2FloraCreepClusterAshRockSUM,,,,Direct selected-signature candidate.,,NO-ROWS,"Primary review: visual, environmental, compatibility, or replacer records are not authoritative new devotional actions; existing canonical source records remain authoritative.",,REJECTED
ad3cac16d6ea5c2c,NQ104,NQ,Visuals - Landscape,Seasonal Landscapes,Seasonal Landscapes - Solstheim.esp,D:\Wabbajack\modlists\ARR 2.5\mods\Seasonal Landscapes\Seasonal Landscapes - Solstheim.esp,ad3cac16d6ea5c2c|000858:Seasonal Landscapes - Solstheim.esp,SIGNAL,read,FLOR,000858:Seasonal Landscapes - Solstheim.esp,DLC2FloraCreepClusterAshSUM,,,,Direct selected-signature candidate.,,NO-ROWS,"Primary review: visual, environmental, compatibility, or replacer records are not authoritative new devotional actions; existing canonical source records remain authoritative.",,REJECTED
ad3cac16d6ea5c2c,NQ104,NQ,Visuals - Landscape,Seasonal Landscapes,Seasonal Landscapes - Solstheim.esp,D:\Wabbajack\modlists\ARR 2.5\mods\Seasonal Landscapes\Seasonal Landscapes - Solstheim.esp,ad3cac16d6ea5c2c|00087C:Seasonal Landscapes - Solstheim.esp,SIGNAL,read,TREE,00087C:Seasonal Landscapes - Solstheim.esp,DLC2TreeFloraSpikyGrassAsh01WIN,,,,Direct selected-signature candidate.,,NO-ROWS,"Primary review: visual, environmental, compatibility, or replacer records are not authoritative new devotional actions; existing canonical source records remain authoritative.",,REJECTED
ad3cac16d6ea5c2c,NQ104,NQ,Visuals - Landscape,Seasonal Landscapes,Seasonal Landscapes - Solstheim.esp,D:\Wabbajack\modlists\ARR 2.5\mods\Seasonal Landscapes\Seasonal Landscapes - Solstheim.esp,ad3cac16d6ea5c2c|000853:Seasonal Landscapes - Solstheim.esp,SIGNAL,read,TREE,000853:Seasonal Landscapes - Solstheim.esp,DLC2TreeFloraSpikyGrassAsh01SUM,,,,Direct selected-signature candidate.,,NO-ROWS,"Primary review: visual, environmental, compatibility, or replacer records are not authoritative new devotional actions; existing canonical source records remain authoritative.",,REJECTED
ad3cac16d6ea5c2c,NQ104,NQ,Visuals - Landscape,Seasonal Landscapes,Seasonal Landscapes - Solstheim.esp,D:\Wabbajack\modlists\ARR 2.5\mods\Seasonal Landscapes\Seasonal Landscapes - Solstheim.esp,ad3cac16d6ea5c2c|000854:Seasonal Landscapes - Solstheim.esp,SIGNAL,read,TREE,000854:Seasonal Landscapes - Solstheim.esp,DLC2TreeFloraSpikyGrassAsh02SUM,,,,Direct selected-signature candidate.,,NO-ROWS,"Primary review: visual, environmental, compatibility, or replacer records are not authoritative new devotional actions; existing canonical source records remain authoritative.",,REJECTED
ad3cac16d6ea5c2c,NQ104,NQ,Visuals - Landscape,Seasonal Landscapes,Seasonal Landscapes - Solstheim.esp,D:\Wabbajack\modlists\ARR 2.5\mods\Seasonal Landscapes\Seasonal Landscapes - Solstheim.esp,ad3cac16d6ea5c2c|000855:Seasonal Landscapes - Solstheim.esp,SIGNAL,read,TREE,000855:Seasonal Landscapes - Solstheim.esp,DLC2TreeFloraScathecraw01SUM,,,,Direct selected-signature candidate.,,NO-ROWS,"Primary review: visual, environmental, compatibility, or replacer records are not authoritative new devotional actions; existing canonical source records remain authoritative.",,REJECTED
ad3cac16d6ea5c2c,NQ104,NQ,Visuals - Landscape,Seasonal Landscapes,Seasonal Landscapes - Solstheim.esp,D:\Wabbajack\modlists\ARR 2.5\mods\Seasonal Landscapes\Seasonal Landscapes - Solstheim.esp,ad3cac16d6ea5c2c|000856:Seasonal Landscapes - Solstheim.esp,SIGNAL,read,TREE,000856:Seasonal Landscapes - Solstheim.esp,DLC2TreeFloraScathecraw02SUM,,,,Direct selected-signature candidate.,,NO-ROWS,"Primary review: visual, environmental, compatibility, or replacer records are not authoritative new devotional actions; existing canonical source records remain authoritative.",,REJECTED
ad3cac16d6ea5c2c,NQ104,NQ,Visuals - Landscape,Seasonal Landscapes,Seasonal Landscapes - Solstheim.esp,D:\Wabbajack\modlists\ARR 2.5\mods\Seasonal Landscapes\Seasonal Landscapes - Solstheim.esp,ad3cac16d6ea5c2c|00085A:Seasonal Landscapes - Solstheim.esp,SIGNAL,read,TREE,00085A:Seasonal Landscapes - Solstheim.esp,DLC2TreeFloraAshYam01SUM,,,,Direct selected-signature candidate.,,NO-ROWS,"Primary review: visual, environmental, compatibility, or replacer records are not authoritative new devotional actions; existing canonical source records remain authoritative.",,REJECTED
ad3cac16d6ea5c2c,NQ104,NQ,Visuals - Landscape,Seasonal Landscapes,Seasonal Landscapes - Solstheim.esp,D:\Wabbajack\modlists\ARR 2.5\mods\Seasonal Landscapes\Seasonal Landscapes - Solstheim.esp,ad3cac16d6ea5c2c|00087D:Seasonal Landscapes - Solstheim.esp,SIGNAL,read,TREE,00087D:Seasonal Landscapes - Solstheim.esp,DLC2TreeFloraSpikyGrassAsh02WIN,,,,Direct selected-signature candidate.,,NO-ROWS,"Primary review: visual, environmental, compatibility, or replacer records are not authoritative new devotional actions; existing canonical source records remain authoritative.",,REJECTED
ad3cac16d6ea5c2c,NQ104,NQ,Visuals - Landscape,Seasonal Landscapes,Seasonal Landscapes - Solstheim.esp,D:\Wabbajack\modlists\ARR 2.5\mods\Seasonal Landscapes\Seasonal Landscapes - Solstheim.esp,ad3cac16d6ea5c2c|00087E:Seasonal Landscapes - Solstheim.esp,SIGNAL,read,TREE,00087E:Seasonal Landscapes - Solstheim.esp,DLC2TreeFloraScathecraw01WIN,,,,Direct selected-signature candidate.,,NO-ROWS,"Primary review: visual, environmental, compatibility, or replacer records are not authoritative new devotional actions; existing canonical source records remain authoritative.",,REJECTED
ad3cac16d6ea5c2c,NQ104,NQ,Visuals - Landscape,Seasonal Landscapes,Seasonal Landscapes - Solstheim.esp,D:\Wabbajack\modlists\ARR 2.5\mods\Seasonal Landscapes\Seasonal Landscapes - Solstheim.esp,ad3cac16d6ea5c2c|00087F:Seasonal Landscapes - Solstheim.esp,SIGNAL,read,TREE,00087F:Seasonal Landscapes - Solstheim.esp,DLC2TreeFloraScathecraw02WIN,,,,Direct selected-signature candidate.,,NO-ROWS,"Primary review: visual, environmental, compatibility, or replacer records are not authoritative new devotional actions; existing canonical source records remain authoritative.",,REJECTED
ad3cac16d6ea5c2c,NQ104,NQ,Visuals - Landscape,Seasonal Landscapes,Seasonal Landscapes - Solstheim.esp,D:\Wabbajack\modlists\ARR 2.5\mods\Seasonal Landscapes\Seasonal Landscapes - Solstheim.esp,ad3cac16d6ea5c2c|00088D:Seasonal Landscapes - Solstheim.esp,SIGNAL,read,TREE,00088D:Seasonal Landscapes - Solstheim.esp,DLC2TreeFloraAshYam01WIN,,,,Direct selected-signature candidate.,,NO-ROWS,"Primary review: visual, environmental, compatibility, or replacer records are not authoritative new devotional actions; existing canonical source records remain authoritative.",,REJECTED
