source_plugin,readback_plugin,formid,editor_id,readback_editor_id,quest_name,quest_type,quest_flags,quest_filter,pdv_use,candidate_validation,readback_status,stage_count,stage_indices,completion_stages,fail_stages,startup_stages,stage_log_summary,objective_summary,fragment_stage_indices,fragment_scripts,alias_summary,approval_seed
Dawnguard.esm,Dawnguard.esm,Skyrim.esm:01CEF4,C03,C03,,CompanionQuests,"RunOnce, WarnOnAliasFillFailure",Faction\Companions\Story\,quest-stage signal candidate,candidate-scan,readback-ok,9,0; 1; 5; 10; 15; 20; 25; 30; 200,200,,,0 | 1 | 5 | 10 | 15 | 20 | 25 | 30 | 200,5 | 10 | 15 | 20 | 25 | 30 | 31,0; 5; 10; 25; 15; 20; 200; 30; 1,QF_C01_0001CEF4,0:Reference:Skjor; 5:Reference:Aela; 1:Reference:KodlakWhitemane; 12:Location:GallowsRock; 2:Reference:KrevTheSkinner; 4:Reference:Sidekick; 6:Reference:Farkas; 7:Reference:Vilkas; 8:Reference:Font; 9:Reference:Eorlund; 10:Reference:UnderforgeDoor,scan-only; exact stage/outcome semantics require dossier review
Dawnguard.esm,Dawnguard.esm,Skyrim.esm:0AEBFE,C03Rampage,C03Rampage,,None,0,Faction\Companions\Story\,quest-stage signal candidate,candidate-scan,readback-ok,2,0; 100,,,0,0 [StartUpStage] | 100,,0; 100,QF_C03Rampage_000AEBFE,0:Reference:Player; 1:Reference:Kodlak; 2:Reference:Farkas; 3:Reference:Vilkas; 4:Reference:Athis; 5:Reference:Njada; 6:Reference:Ria; 7:Reference:Torvar; 9:Reference:Aela,scan-only; exact stage/outcome semantics require dossier review
Dawnguard.esm,Dawnguard.esm,Skyrim.esm:02D512,DA04,DA04,,Daedric,273,Daedric\,Daedric/moral-choice candidate,candidate-scan,readback-ok,13,1; 5; 10; 20; 30; 35; 40; 50; 55; 60; 100; 105; 200,100,105,,1 | 5 | 10 | 20 | 30 | 35 | 40 | 50 | 55 | 60 | 100 | 105 | 200,5 | 10 | 20 | 30 | 35 | 41 | 42 | 43 | 44 | 45 | 50 | 55,35; 40; 5; 10; 1; 20; 60; 50; 55; 30; 100; 105; 200,QF_DA04_0002D512,17:Reference:Urag; 18:Reference:UragEssential; 0:Reference:Septimus; 5:Reference:SeptimusEssential; 1:Reference:ElderScroll; 2:Reference:HermaeusMora; 15:Reference:HermaeusMoraRename; 3:Reference:OghmaInfinium; 6:Reference:Extractor; 7:Reference:ExtractorQuestItem; 8:Reference:LexiconStand; 9:Reference:LexiconCubeBlank; 21:Reference:AtunementSphere; 11:Reference:CubeStorageChest; 10:Reference:LexiconCubeInscribed; 12:Reference:RuminationsQuestItem; 19:Reference:RuminationsBook; 13:Reference:AlftandWorldDoor; 14:Reference:AlftandSecondCellDoor; 22:Reference:AlftandZCellIntDoor; 24:Reference:BlackreachLock; 25:Reference:ActualBlackreachDoor; 26:Reference:TamrielToAlftand; 27:Reference:TowerOfMzarkDoor,scan-only; exact stage/outcome semantics require dossier review
Dawnguard.esm,Dawnguard.esm,Skyrim.esm:0242AF,DA16,DA16,,Daedric,4369,Daedric\,Daedric/moral-choice candidate,candidate-scan,readback-ok,34,0; 5; 10; 20; 22; 25; 28; 30; 40; 50; 60; 70; 80; 90; 100; 110; 120; 140; 145; 148; 150; 155; 160; 170; 180; 190; 191; 192; 195; 196; 197; 198; 199; 200,200,,,0 | 5 | 10 | 20 | 22 | 25 | 28 | 30 | 40 | 50 | 60 | 70 | 80 | 90 | 100 | 110 | 120 | 140 | 145 | 148 | 150 | 155 | 160 | 170 | 180 | 190 | 191 | 192 | 195 | 196 | 197 | 198 | 199 | 200,20 | 25 | 28 | 30 | 40 | 50 | 55 | 57 | 60 | 65 | 70 | 80 | 100 | 110 | 120 | 130 | 140 | 150 | 160 | 165 | 170 | 180 | 190 | 200,0; 145; 22; 160; 90; 20; 191; 180; 40; 100; 25; 60; 198; 70; 80; 10; 155; 28; 195; 190; 50; 30; 110; 5; 120; 197; 150; 192; 196; 170; 140; 200; 200; 200; 148; 199,QF_DA16_000242AF,36:Location:DA16NightcallerLocationAlias; 0:Reference:ErandurAlias; 2:Reference:ThorekAlias; 3:Reference:VerenAlias; 14:Reference:SkullAlias; 18:Reference:IrgnirAlias; 19:Reference:FrukiAlias; 20:Reference:BarrierGemAlias; 23:Reference:MiasmaLeverAlias; 26:Reference:DA16TorporAlias; 46:Reference:DA16TorporQuestItemAlias; 27:Reference:DA16AlchemyTomeAlias; 28:Reference:DA16LibraryMarkerAlias; 30:Reference:DA16LabMarkerAlias; 31:Reference:DA16SkullPedestal; 32:Reference:DA16ErandurMarkerAlias; 42:Reference:DA16ThoringAlias; 37:Reference:DA16Spectator01Alias; 38:Reference:DA16Spectator02Alias; 39:Reference:DA16Spectator03Alias; 40:Reference:DA16Spectator04Alias; 44:Reference:DA16VerenAmbushAlias; 45:Reference:DA16ThorekAmbushAlias; 47:Reference:DA16PointerAlias,scan-only; exact stage/outcome semantics require dossier review
Dawnguard.esm,Dawnguard.esm,Dawnguard.esm:006BDA,DLC1_BF_DunTempleQST,DLC1_BF_DunTempleQST,,None,RunOnce,Dungeons\,Dawnguard/vampire/Arkay-Stendarr candidate,candidate-scan,readback-ok,15,100; 150; 200; 220; 300; 400; 420; 500; 600; 680; 700; 720; 800; 810; 900,,,,100 | 150 | 200 | 220 | 300 | 400 | 420 | 500 | 600 | 680 | 700 | 720 | 800 | 810 | 900,,220; 300; 400; 100; 900; 600; 500; 150; 200; 680; 720; 700; 800; 810; 420,DLC1_QF_DLC1_BF_DunTempleQST_01006BDA,17:Reference:WaveMarker02; 18:Reference:WaveMarker03a; 31:Reference:WaveMarker03b; 32:Reference:WaveMarker03c; 16:Reference:WaveMarker01; 23:Reference:BossIceShield; 24:Reference:Prince; 43:Reference:Serana; 30:Reference:DebrisController; 37:Reference:TempFinale; 44:Reference:TempFinale2; 38:Reference:MiniBossMarker; 36:Reference:FrostMiniBoss01; 39:Reference:FrostMiniBoss02; 40:Reference:FrostMiniBoss03; 41:Reference:FrostMiniBoss04; 42:Reference:FrostMiniBoss05; 45:Reference:BossFightLights; 46:Reference:BossIceSpikes; 47:Reference:PlayerKnockdownMarker; 48:Reference:PlayerKnockdownMarker2; 49:Reference:SeranaKnockdownMarker; 50:Reference:BowPedestal; 52:Reference:VisBlockers; 53:Reference:FakeInteriorWeatherTrig; 54:Reference:DisableFastTravelTRIG; 55:Reference:VampireDamageTriggersMarker; 56:Reference:ZombieDragonNoFlyTrig,scan-only; exact stage/outcome semantics require dossier review
Dawnguard.esm,Dawnguard.esm,Dawnguard.esm:0034DE,DLC1_WESC01,DLC1_WESC01,,None,4,DLC1\Wilderness Encounters\,Dawnguard/vampire/Arkay-Stendarr candidate,candidate-scan,readback-ok,4,0; 10; 20; 255,,,0,0 [StartUpStage] | 10 | 20 | 255 [ShutDownStage],,0; 255; 10; 20,DLC1_QF_DLC1_WESC01_010034DE,1:Reference:TRIGGER; 4:Location:myHoldLocation; 6:Location:myHoldContested; 7:Location:myHoldImperial; 8:Location:myHoldSons; 9:Reference:LocationCenterMarker; 41:Reference:VampireLairDestination; 16:Reference:Vampire; 17:Reference:VigilantHunter; 38:Reference:Vigilant01; 40:Reference:Vigilant02,scan-only; exact stage/outcome semantics require dossier review
Dawnguard.esm,Dawnguard.esm,Dawnguard.esm:0034EA,DLC1_WESC02,DLC1_WESC02,,None,4,DLC1\Wilderness Encounters\,Dawnguard/vampire/Arkay-Stendarr candidate,candidate-scan,readback-ok,4,0; 10; 20; 255,,,0,0 [StartUpStage] | 10 | 20 | 255 [ShutDownStage],,0; 255; 10; 20,DLC1_QF_DLC1_WESC02_010034EA,1:Reference:TRIGGER; 4:Location:myHoldLocation; 6:Location:myHoldContested; 7:Location:myHoldImperial; 8:Location:myHoldSons; 11:Reference:SceneCenterMarker; 12:Reference:SceneMarker1; 13:Reference:SceneMarker2; 46:Reference:SceneMarker3; 45:Reference:SceneMarker4; 33:Reference:TravelMarker1; 38:Reference:TravelMarker2; 18:Reference:Vigilant01; 35:Reference:Vigilant02; 34:Reference:Vigilant03; 26:Reference:VampireLeader; 40:Reference:Vampire02; 41:Reference:Vampire03; 42:Reference:NameAlias_Vampire01; 43:Reference:NameAlias_Vampire02; 44:Reference:NameAlias_Vampire03,scan-only; exact stage/outcome semantics require dossier review
Dawnguard.esm,Dawnguard.esm,Dawnguard.esm:0034D0,DLC1_WESC03,DLC1_WESC03,,None,4,DLC1\Wilderness Encounters\,Dawnguard/vampire/Arkay-Stendarr candidate,candidate-scan,readback-ok,3,0; 10; 255,,,0,0 [StartUpStage] | 10 | 255 [ShutDownStage],,0; 255; 10,DLC1_QF_DLC1_WESC03_010034D0,1:Reference:TRIGGER; 4:Location:myHoldLocation; 6:Location:myHoldContested; 7:Location:myHoldImperial; 8:Location:myHoldSons; 11:Reference:SceneCenterMarker; 14:Reference:SceneMarker1; 29:Reference:SceneMarker2; 33:Reference:SceneMarker3; 34:Reference:SceneMarker4; 32:Reference:ScriptManager; 28:Reference:Bat01; 30:Reference:Bat02; 31:Reference:Bat03; 35:Reference:Bat04; 36:Reference:Bat05; 38:Reference:Bat06; 47:Reference:Bat07; 46:Reference:Bat08; 45:Reference:Bat09; 44:Reference:Bat10,scan-only; exact stage/outcome semantics require dossier review
Dawnguard.esm,Dawnguard.esm,Dawnguard.esm:0034D4,DLC1_WESC04,DLC1_WESC04,,None,12,DLC1\Wilderness Encounters\,Dawnguard/vampire/Arkay-Stendarr candidate,candidate-scan,readback-ok,5,0; 10; 100; 110; 255,,,0,"0 [StartUpStage, KeepInstanceDataFromHereOn] | 10 | 100 | 110 | 255 [ShutDownStage]",,0; 255; 10; 110; 100,DLC1_QF_DLC1_WESC04_010034D4,1:Reference:TRIGGER; 4:Location:myHoldLocation; 6:Location:myHoldContested; 7:Location:myHoldImperial; 8:Location:myHoldSons; 11:Reference:SceneCenterMarker; 51:Reference:SceneMarker01; 53:Reference:SceneMarker02; 32:Reference:ScriptManager; 50:Reference:Skeleton01; 63:Reference:Skeleton02; 59:Location:TargetDungeon; 61:Reference:TargetDungeonMapMarker; 48:Reference:Vampire; 60:Reference:AssassinationWrit,scan-only; exact stage/outcome semantics require dossier review
Dawnguard.esm,Dawnguard.esm,Dawnguard.esm:0034DA,DLC1_WESC05,DLC1_WESC05,,None,4,DLC1\Wilderness Encounters\,Dawnguard/vampire/Arkay-Stendarr candidate,candidate-scan,readback-ok,2,0; 255,,,0,0 [StartUpStage] | 255 [ShutDownStage],,0; 255,DLC1_QF_DLC1_WESC05_010034DA,1:Reference:TRIGGER; 4:Location:myHoldLocation; 6:Location:myHoldContested; 7:Location:myHoldImperial; 8:Location:myHoldSons; 9:Reference:SceneCenterMarker; 10:Reference:SceneMarker1; 50:Reference:SceneMarker2; 16:Reference:Dawnguard01; 39:Reference:Dawnguard02; 42:Reference:Dawnguard03; 43:Reference:Writ,scan-only; exact stage/outcome semantics require dossier review
Dawnguard.esm,Dawnguard.esm,Dawnguard.esm:003511,DLC1_WESC06,DLC1_WESC06,,None,12,DLC1\Wilderness Encounters\,Dawnguard/vampire/Arkay-Stendarr candidate,candidate-scan,readback-ok,6,0; 10; 20; 30; 40; 255,,,0,0 [StartUpStage] | 10 | 20 | 30 | 40 | 255 [ShutDownStage],,0; 40; 10; 20; 30; 255,DLC1_QF_DLC1_WESC06_01003511,1:Reference:TRIGGER; 4:Location:myHoldLocation; 44:Location:AppropriateLocation; 6:Location:myHoldContested; 7:Location:myHoldImperial; 8:Location:myHoldSons; 9:Reference:LocationCenterMarker; 41:Reference:DawnguardDestination; 16:Reference:Dawnguard; 42:Reference:DawnguardNameReplacement; 17:Reference:Vampire01; 40:Reference:Vampire02,scan-only; exact stage/outcome semantics require dossier review
Dawnguard.esm,Dawnguard.esm,Dawnguard.esm:0034F8,DLC1_WESC06_CacheTracking,DLC1_WESC06_CacheTracking,,None,0,DLC1\Wilderness Encounters\,Dawnguard/vampire/Arkay-Stendarr candidate,candidate-scan,readback-ok,5,0; 1; 2; 3; 255,,,0,0 [StartUpStage] | 1 | 2 | 3 | 255 [ShutDownStage],,0; 2; 1; 3,DLC1_QF_DLC1_WESC06_CacheTrac_010034F8,1:Reference:DLC01Cache01; 0:Reference:DLC01Cache02; 2:Reference:DLC01Cache03,scan-only; exact stage/outcome semantics require dossier review
Dawnguard.esm,Dawnguard.esm,Dawnguard.esm:003508,DLC1_WESC07,DLC1_WESC07,,None,4,DLC1\Wilderness Encounters\,Dawnguard/vampire/Arkay-Stendarr candidate,candidate-scan,readback-ok,4,0; 10; 100; 255,,,0,0 [StartUpStage] | 10 | 100 | 255 [ShutDownStage],,0; 255; 10; 100,DLC1_QF_DLC1_WESC07_01003508,1:Reference:TRIGGER; 4:Location:myHoldLocation; 78:Location:AppropriateLocation; 6:Location:myHoldContested; 7:Location:myHoldImperial; 8:Location:myHoldSons; 74:Reference:CenterMarkerMorthal; 76:Reference:CenterMarkerWinterhold; 53:Reference:TravelMarker; 39:Reference:Outrider; 73:Reference:OutriderHorse,scan-only; exact stage/outcome semantics require dossier review
Dawnguard.esm,Dawnguard.esm,Dawnguard.esm:0034FF,DLC1_WESC07_CacheTracking,DLC1_WESC07_CacheTracking,,None,0,DLC1\Wilderness Encounters\,Dawnguard/vampire/Arkay-Stendarr candidate,candidate-scan,readback-ok,5,0; 4; 5; 6; 255,,,0,0 [StartUpStage] | 4 | 5 | 6 | 255 [ShutDownStage],,0; 5; 6; 4,DLC1_QF_DLC1_WESC07_CacheTrac_010034FF,0:Reference:DLC01Cache04; 1:Reference:DLC01Cache05; 2:Reference:DLC01Cache06,scan-only; exact stage/outcome semantics require dossier review
Dawnguard.esm,Dawnguard.esm,Dawnguard.esm:00351E,DLC1_WESC08,DLC1_WESC08,,None,4,DLC1\Wilderness Encounters\,Dawnguard/vampire/Arkay-Stendarr candidate,candidate-scan,readback-ok,3,0; 10; 255,,,0,0 [StartUpStage] | 10 | 255 [ShutDownStage],,0; 255; 10,DLC1_QF_DLC1_WESC08_0100351E,1:Reference:TRIGGER; 4:Location:myHoldLocation; 69:Location:AppropriateLocation; 6:Location:myHoldContested; 7:Location:myHoldImperial; 8:Location:myHoldSons; 11:Reference:SceneCenterMarker; 51:Reference:SceneMarker01; 53:Reference:SceneMarker02; 66:Reference:SceneMarker03; 48:Reference:DawnguardLynoit; 50:Reference:VampireRemains1; 64:Reference:VampireRemains2; 65:Reference:VampireRemains3,scan-only; exact stage/outcome semantics require dossier review
Dawnguard.esm,Dawnguard.esm,Dawnguard.esm:003500,DLC1_WESC08_CacheTracking,DLC1_WESC08_CacheTracking,,None,0,DLC1\Wilderness Encounters\,Dawnguard/vampire/Arkay-Stendarr candidate,candidate-scan,readback-ok,5,0; 7; 8; 9; 255,,,0,0 [StartUpStage] | 7 | 8 | 9 | 255 [ShutDownStage],,0; 7; 9; 8,DLC1_QF_DLC1_WESC08_CacheTrac_01003500,1:Reference:DLC01Cache07; 0:Reference:DLC01Cache08; 2:Reference:DLC01Cache09,scan-only; exact stage/outcome semantics require dossier review
Dawnguard.esm,Dawnguard.esm,Dawnguard.esm:014BF1,DLC1_WESC09,DLC1_WESC09,,None,4,DLC1\Wilderness Encounters\,Dawnguard/vampire/Arkay-Stendarr candidate,candidate-scan,readback-ok,5,0; 10; 20; 50; 255,,,0,0 [StartUpStage] | 10 | 20 | 50 | 255 [ShutDownStage],,0; 255; 50; 10; 20,DLC1_QF_DLC1_WESC09_01014BF1,1:Reference:TRIGGER; 4:Location:myHoldLocation; 6:Location:myHoldContested; 7:Location:myHoldImperial; 8:Location:myHoldSons; 9:Reference:SceneCenterMarker; 43:Reference:SceneMarker01; 46:Reference:SceneMarker02; 47:Reference:SceneMarker03; 16:Reference:Taron; 48:Reference:Guard01; 51:Reference:Guard02; 52:Reference:Guard03,scan-only; exact stage/outcome semantics require dossier review
Dawnguard.esm,Dawnguard.esm,Dawnguard.esm:013768,DLC1DialogueDexionLore,DLC1DialogueDexionLore,,None,17,DLC1\,Dawnguard/vampire/Arkay-Stendarr candidate,candidate-scan,readback-ok,0,,,,,,,,,13:Reference:Dexion,scan-only; exact stage/outcome semantics require dossier review
Dawnguard.esm,Dawnguard.esm,Dawnguard.esm:016848,DLC1DialogueFerrySystem,DLC1DialogueFerrySystem,,None,17,Generic\,Dawnguard/vampire/Arkay-Stendarr candidate,candidate-scan,readback-ok,0,,,,,,,,,0:Reference:DawnstarFerryman; 2:Reference:SolitudeFerryman; 4:Reference:WindhelmFerryman; 10:Reference:CartRider1; 11:Reference:CartRider2; 12:Reference:CartRider3; 13:Reference:CartRiderPlayer; 16:Reference:CartRiderPlayer2; 14:Reference:CurrentSeat1; 15:Reference:CurrentSeat2,scan-only; exact stage/outcome semantics require dossier review
Dawnguard.esm,Dawnguard.esm,Dawnguard.esm:014FAE,DLC1DialogueGeneric,DLC1DialogueGeneric,,None,17,,Dawnguard/vampire/Arkay-Stendarr candidate,candidate-scan,readback-ok,0,,,,,,,,,,scan-only; exact stage/outcome semantics require dossier review
Dawnguard.esm,Dawnguard.esm,Dawnguard.esm:014FAC,DLC1DialogueGenericUniqueVoices,DLC1DialogueGenericUniqueVoices,,None,273,,Dawnguard/vampire/Arkay-Stendarr candidate,candidate-scan,readback-ok,0,,,,,,,,,,scan-only; exact stage/outcome semantics require dossier review
Dawnguard.esm,Dawnguard.esm,Dawnguard.esm:01AA71,DLC1DialogueGuardsGeneral,DLC1DialogueGuardsGeneral,,None,0,DLC1\Radiant\,Dawnguard/vampire/Arkay-Stendarr candidate,candidate-scan,readback-ok,0,,,,,,,,,,scan-only; exact stage/outcome semantics require dossier review
Dawnguard.esm,Dawnguard.esm,Dawnguard.esm:004E0D,DLC1DialogueHunterBase,DLC1DialogueHunterBase,,None,17,DLC1\,Dawnguard/vampire/Arkay-Stendarr candidate,candidate-scan,readback-ok,1,10,,,,10,,10,DLC1_QF_DLC1DialogueHunterBas_01004E0D,0:Reference:IsranAlias; 1:Reference:ArielleAlias; 2:Reference:GunmarAlias; 3:Reference:FlorentiusAlias; 4:Reference:AgmaerAlias; 5:Reference:TolanAlias; 7:Reference:BelevalAlias; 8:Reference:CelannAlias; 9:Reference:DurakAlias; 10:Reference:IngjardAlias,scan-only; exact stage/outcome semantics require dossier review
Dawnguard.esm,Dawnguard.esm,Dawnguard.esm:0163B4,DLC1DialogueHunterBaseScene1,DLC1DialogueHunterBaseScene1,,None,0,DLC1\Dialogue\,Dawnguard/vampire/Arkay-Stendarr candidate,candidate-scan,readback-ok,0,,,,,,,,,0:Reference:Actor1; 1:Reference:Actor2; 2:Reference:GunmarAlias; 3:Reference:SorineAlias,scan-only; exact stage/outcome semantics require dossier review
Dawnguard.esm,Dawnguard.esm,Dawnguard.esm:003FD3,DLC1DialogueHunterBaseScene10,DLC1DialogueHunterBaseScene10,,None,0,DLC1\Dialogue\,Dawnguard/vampire/Arkay-Stendarr candidate,candidate-scan,readback-ok,0,,,,,,,,,0:Reference:Actor1; 1:Reference:Actor2; 2:Reference:GunmarAlias; 3:Reference:FlorentiusAlias,scan-only; exact stage/outcome semantics require dossier review
Dawnguard.esm,Dawnguard.esm,Dawnguard.esm:0163B6,DLC1DialogueHunterBaseScene2,DLC1DialogueHunterBaseScene2,,None,0,DLC1\Dialogue\,Dawnguard/vampire/Arkay-Stendarr candidate,candidate-scan,readback-ok,0,,,,,,,,,0:Reference:Actor1; 1:Reference:Actor2; 2:Reference:GunmarAlias; 3:Reference:SorineAlias,scan-only; exact stage/outcome semantics require dossier review
Dawnguard.esm,Dawnguard.esm,Dawnguard.esm:0163B8,DLC1DialogueHunterBaseScene3,DLC1DialogueHunterBaseScene3,,None,0,DLC1\Dialogue\,Dawnguard/vampire/Arkay-Stendarr candidate,candidate-scan,readback-ok,0,,,,,,,,,0:Reference:Actor1; 1:Reference:Actor2; 2:Reference:GunmarAlias; 3:Reference:SorineAlias,scan-only; exact stage/outcome semantics require dossier review
Dawnguard.esm,Dawnguard.esm,Dawnguard.esm:0163BA,DLC1DialogueHunterBaseScene4,DLC1DialogueHunterBaseScene4,,None,0,DLC1\Dialogue\,Dawnguard/vampire/Arkay-Stendarr candidate,candidate-scan,readback-ok,0,,,,,,,,,0:Reference:Actor1; 1:Reference:Actor2; 2:Reference:GunmarAlias; 3:Reference:SorineAlias,scan-only; exact stage/outcome semantics require dossier review
Dawnguard.esm,Dawnguard.esm,Dawnguard.esm:0163BC,DLC1DialogueHunterBaseScene5,DLC1DialogueHunterBaseScene5,,None,0,DLC1\Dialogue\,Dawnguard/vampire/Arkay-Stendarr candidate,candidate-scan,readback-ok,0,,,,,,,,,0:Reference:Actor1; 1:Reference:Actor2; 2:Reference:GunmarAlias; 3:Reference:SorineAlias,scan-only; exact stage/outcome semantics require dossier review
Dawnguard.esm,Dawnguard.esm,Dawnguard.esm:0163BE,DLC1DialogueHunterBaseScene6,DLC1DialogueHunterBaseScene6,,None,0,DLC1\Dialogue\,Dawnguard/vampire/Arkay-Stendarr candidate,candidate-scan,readback-ok,0,,,,,,,,,0:Reference:Actor1; 1:Reference:Actor2; 2:Reference:GunmarAlias; 3:Reference:IsranAlias,scan-only; exact stage/outcome semantics require dossier review
Dawnguard.esm,Dawnguard.esm,Dawnguard.esm:017FF3,DLC1DialogueHunterBaseScene7,DLC1DialogueHunterBaseScene7,,None,0,DLC1\Dialogue\,Dawnguard/vampire/Arkay-Stendarr candidate,candidate-scan,readback-ok,0,,,,,,,,,0:Reference:Actor1; 1:Reference:Actor2; 2:Reference:GunmarAlias; 3:Reference:IsranAlias,scan-only; exact stage/outcome semantics require dossier review
Dawnguard.esm,Dawnguard.esm,Dawnguard.esm:017FF5,DLC1DialogueHunterBaseScene8,DLC1DialogueHunterBaseScene8,,None,0,DLC1\Dialogue\,Dawnguard/vampire/Arkay-Stendarr candidate,candidate-scan,readback-ok,0,,,,,,,,,0:Reference:Actor1; 1:Reference:Actor2; 2:Reference:SorineAlias; 3:Reference:IsranAlias,scan-only; exact stage/outcome semantics require dossier review
Dawnguard.esm,Dawnguard.esm,Dawnguard.esm:003FD1,DLC1DialogueHunterBaseScene9,DLC1DialogueHunterBaseScene9,,None,0,DLC1\Dialogue\,Dawnguard/vampire/Arkay-Stendarr candidate,candidate-scan,readback-ok,0,,,,,,,,,0:Reference:Actor1; 1:Reference:Actor2; 2:Reference:GunmarAlias; 3:Reference:FlorentiusAlias,scan-only; exact stage/outcome semantics require dossier review
Dawnguard.esm,Dawnguard.esm,Dawnguard.esm:01693D,DLC1DialogueHunterVampireBlock,DLC1DialogueHunterVampireBlock,,None,17,,Dawnguard/vampire/Arkay-Stendarr candidate,candidate-scan,readback-ok,0,,,,,,,,,0:Reference:IsranAlias; 1:Reference:GunmarAlias; 2:Reference:SorineAlias; 3:Reference:FlorentiusAlias; 4:Reference:AgmaerAlias; 5:Reference:BelevalAlias; 6:Reference:CelannAlias; 7:Reference:DurakAlias; 8:Reference:IngjardAlias,scan-only; exact stage/outcome semantics require dossier review
Dawnguard.esm,Dawnguard.esm,Dawnguard.esm:0198F9,DLC1DialogueRefugeeCamp,DLC1DialogueRefugeeCamp,,None,17,,Dawnguard/vampire/Arkay-Stendarr candidate,candidate-scan,readback-ok,0,,,,,,,,,0:Reference:Jayri; 1:Reference:Alvide; 2:Reference:Barknar; 3:Reference:Sern,scan-only; exact stage/outcome semantics require dossier review
Dawnguard.esm,Dawnguard.esm,Dawnguard.esm:01964A,DLC1DialogueVampire,DLC1DialogueVampire,,None,273,DLC1\,Dawnguard/vampire/Arkay-Stendarr candidate,candidate-scan,readback-ok,11,10; 20; 30; 40; 50; 60; 70; 80; 90; 100; 110,,,,10 | 20 | 30 | 40 | 50 | 60 | 70 | 80 | 90 | 100 | 110,,110; 40; 80; 10; 90; 20; 60; 50; 30; 100; 70,DLC1_QF_DLC1DialogueVampire_0101964A,,scan-only; exact stage/outcome semantics require dossier review
Dawnguard.esm,Dawnguard.esm,Dawnguard.esm:004E0C,DLC1DialogueVampireBase,DLC1DialogueVampireBase,,None,17,DLC1\,Dawnguard/vampire/Arkay-Stendarr candidate,candidate-scan,readback-ok,0,,,,,,,,,0:Reference:VingalmoAlias; 1:Reference:OrthjolfAlias; 2:Reference:ThrongAlias; 3:Reference:GaranAlias; 4:Reference:FeranAlias; 5:Reference:RargalAlias; 6:Reference:RonthilAlias; 7:Reference:StalfAlias; 8:Reference:SaloniaAlias; 9:Reference:HestlaAlias; 10:Reference:HarkonAlias; 11:Reference:TutorialThrallMarker; 12:Reference:TutorialThrall,scan-only; exact stage/outcome semantics require dossier review
Dawnguard.esm,Dawnguard.esm,Dawnguard.esm:004E18,DLC1DialogueVampireBaseScene01,DLC1DialogueVampireBaseScene01,,None,0,DLC1\Dialogue\,Dawnguard/vampire/Arkay-Stendarr candidate,candidate-scan,readback-ok,0,,,,,,,,,0:Reference:Actor1; 1:Reference:Actor2; 2:Reference:VingalmoAlias; 3:Reference:OrthjolfAlias,scan-only; exact stage/outcome semantics require dossier review
Dawnguard.esm,Dawnguard.esm,Dawnguard.esm:004E1A,DLC1DialogueVampireBaseScene02,DLC1DialogueVampireBaseScene02,,None,0,DLC1\Dialogue\,Dawnguard/vampire/Arkay-Stendarr candidate,candidate-scan,readback-ok,0,,,,,,,,,0:Reference:Actor1; 1:Reference:Actor2; 2:Reference:VingalmoAlias; 3:Reference:OrthjolfAlias,scan-only; exact stage/outcome semantics require dossier review
Dawnguard.esm,Dawnguard.esm,Dawnguard.esm:004E1C,DLC1DialogueVampireBaseScene03,DLC1DialogueVampireBaseScene03,,None,0,DLC1\Dialogue\,Dawnguard/vampire/Arkay-Stendarr candidate,candidate-scan,readback-ok,0,,,,,,,,,0:Reference:Actor1; 1:Reference:Actor2; 2:Reference:VingalmoAlias; 3:Reference:SaloniaAlias,scan-only; exact stage/outcome semantics require dossier review
Dawnguard.esm,Dawnguard.esm,Dawnguard.esm:004E1E,DLC1DialogueVampireBaseScene04,DLC1DialogueVampireBaseScene04,,None,0,DLC1\Dialogue\,Dawnguard/vampire/Arkay-Stendarr candidate,candidate-scan,readback-ok,0,,,,,,,,,0:Reference:Actor1; 1:Reference:Actor2; 2:Reference:FeranAlias; 3:Reference:RonthilAlias,scan-only; exact stage/outcome semantics require dossier review
Dawnguard.esm,Dawnguard.esm,Dawnguard.esm:004E20,DLC1DialogueVampireBaseScene05,DLC1DialogueVampireBaseScene05,,None,0,DLC1\Dialogue\,Dawnguard/vampire/Arkay-Stendarr candidate,candidate-scan,readback-ok,0,,,,,,,,,0:Reference:Actor1; 1:Reference:Actor2; 2:Reference:FeranAlias; 3:Reference:RonthilAlias,scan-only; exact stage/outcome semantics require dossier review
Dawnguard.esm,Dawnguard.esm,Dawnguard.esm:004E22,DLC1DialogueVampireBaseScene06,DLC1DialogueVampireBaseScene06,,None,0,DLC1\Dialogue\,Dawnguard/vampire/Arkay-Stendarr candidate,candidate-scan,readback-ok,0,,,,,,,,,0:Reference:Actor1; 1:Reference:Actor2; 2:Reference:VingalmoAlias; 3:Reference:RonthilAlias,scan-only; exact stage/outcome semantics require dossier review
Dawnguard.esm,Dawnguard.esm,Dawnguard.esm:01693F,DLC1DialogueVampireCuredBlock,DLC1DialogueVampireCuredBlock,,None,17,,Dawnguard/vampire/Arkay-Stendarr candidate,candidate-scan,readback-ok,0,,,,,,,,,0:Reference:VingalmoAlias; 1:Reference:OrthjolfAlias; 2:Reference:GaranAlias; 3:Reference:FuraAlias; 4:Reference:FeranAlias; 5:Reference:HestlaAlias; 6:Reference:RargalAlias; 7:Reference:RonthilAlias; 8:Reference:StalfAlias; 9:Reference:SaloniaAlias,scan-only; exact stage/outcome semantics require dossier review
Dawnguard.esm,Dawnguard.esm,Dawnguard.esm:004CE2,DLC1DialogueVampireLordBlock,DLC1DialogueVampireLordBlock,,None,273,DLC1\,Dawnguard/vampire/Arkay-Stendarr candidate,candidate-scan,readback-ok,0,,,,,,,,,,scan-only; exact stage/outcome semantics require dossier review
Dawnguard.esm,Dawnguard.esm,Dawnguard.esm:019BB1,DLC1DialogueWerewolfBlock,DLC1DialogueWerewolfBlock,,None,273,DLC1\,Dawnguard/vampire/Arkay-Stendarr candidate,candidate-scan,readback-ok,0,,,,,,,,,,scan-only; exact stage/outcome semantics require dossier review
Dawnguard.esm,Dawnguard.esm,Dawnguard.esm:007773,DLC1dunMasterQST,DLC1dunMasterQST,,None,273,Dungeons\,Dawnguard/vampire/Arkay-Stendarr candidate,candidate-scan,readback-ok,0,,,,,,,,,1:Location:DLC1RedwaterDunLocation; 2:Reference:DLC1DarkPassageNote01; 3:Reference:DLC1DarkfallPassageNote02; 6:Reference:DLC1PortalGemWhiteKeyGIANT; 14:Reference:DLC1PortalGemPurpleKeyGIANT; 10:Reference:DLC1PortalGemGreenKeyGIANT; 8:Reference:DLC1PortalGemBlueKeyGIANT; 12:Reference:DLC1PortalGemOrangeKeyGIANT; 5:Reference:DLC1PortalGemWhiteKey; 13:Reference:DLC1PortalGemPurpleKey; 9:Reference:DLC1PortalGemGreenKey; 7:Reference:DLC1PortalGemBlueKey; 11:Reference:DLC1PortalGemOrangeKey; 17:Location:DLC1HallofVigilantLoc,scan-only; exact stage/outcome semantics require dossier review
Dawnguard.esm,Dawnguard.esm,Dawnguard.esm:007C4F,DLC1dunRedwaterDenQST,DLC1dunRedwaterDenQST,,None,RunOnce,Dungeons\,Dawnguard/vampire/Arkay-Stendarr candidate,candidate-scan,readback-ok,11,0; 1; 2; 5; 6; 10; 20; 30; 35; 40; 100,,,0,0 [StartUpStage] | 1 | 2 | 5 | 6 | 10 | 20 | 30 | 35 | 40 | 100,,0; 40; 5; 10; 1; 20; 2; 30; 100; 35; 6,DLC1_QF_DLC1dunRedwaterDenQST_01007C4F,0:Location:DLC1RedwaterDenLocation; 1:Reference:Bouncer; 2:Reference:Attendant1; 3:Reference:Attendant2; 5:Reference:ExteriorThug1; 6:Reference:ExteriorThug2; 21:Reference:CageVampire; 7:Reference:Patron1; 8:Reference:Patron2; 9:Reference:Patron3; 10:Reference:Boss; 11:Reference:DenCageDoor; 12:Reference:CaptiveMarker; 13:Reference:RedwaterFactionMember01; 17:Reference:RedwaterFactionMember02; 16:Reference:RedwaterFactionMember03; 15:Reference:RedwaterFactionMember04; 14:Reference:RedwaterFactionMember05; 18:Reference:PrisonerCageDoor; 22:Reference:CageDeadbody1; 23:Reference:ChatterActor1; 24:Reference:ChatterActor2; 25:Reference:BouncerDoor,scan-only; exact stage/outcome semantics require dossier review
Dawnguard.esm,Dawnguard.esm,Dawnguard.esm:01629F,DLC1EclipseAttack1,DLC1EclipseAttack1,,None,0,DLC1\Radiant\Eclipse\,Dawnguard/vampire/Arkay-Stendarr candidate,candidate-scan,readback-ok,2,1; 255,,,1,1 [StartUpStage] | 255 [ShutDownStage],,255; 1,DLC1_QF_DLC1EclipseAttack1_0101629F,10:Reference:Player; 1:Location:Habitation; 2:Reference:CenterMarker; 3:Reference:EdgeMarker; 4:Reference:WEMarker; 11:Reference:Guard; 5:Reference:Attacker1,scan-only; exact stage/outcome semantics require dossier review
Dawnguard.esm,Dawnguard.esm,Dawnguard.esm:017648,DLC1EclipseAttack2,DLC1EclipseAttack2,,None,0,DLC1\Radiant\Eclipse\,Dawnguard/vampire/Arkay-Stendarr candidate,candidate-scan,readback-ok,2,1; 255,,,1,1 [StartUpStage] | 255 [ShutDownStage],,255; 1,DLC1_QF_DLC1EclipseAttack2_01017648,10:Reference:Player; 1:Location:Habitation; 2:Reference:CenterMarker; 3:Reference:EdgeMarker; 4:Reference:WEMarker; 11:Reference:Guard; 5:Reference:Attacker1; 8:Reference:Attacker2; 9:Reference:Attacker3,scan-only; exact stage/outcome semantics require dossier review
Dawnguard.esm,Dawnguard.esm,Dawnguard.esm:017649,DLC1EclipseAttack3,DLC1EclipseAttack3,,None,0,DLC1\Radiant\Eclipse\,Dawnguard/vampire/Arkay-Stendarr candidate,candidate-scan,readback-ok,2,1; 255,,,1,1 [StartUpStage] | 255 [ShutDownStage],,255; 1,DLC1_QF_DLC1EclipseAttack3_01017649,10:Reference:Player; 1:Location:Habitation; 2:Reference:CenterMarker; 3:Reference:EdgeMarker; 4:Reference:WEMarker; 11:Reference:Guard; 5:Reference:Attacker1; 8:Reference:Attacker2,scan-only; exact stage/outcome semantics require dossier review
Dawnguard.esm,Dawnguard.esm,Dawnguard.esm:01764A,DLC1EclipseAttack4,DLC1EclipseAttack4,,None,0,DLC1\Radiant\Eclipse\,Dawnguard/vampire/Arkay-Stendarr candidate,candidate-scan,readback-ok,2,1; 255,,,1,1 [StartUpStage] | 255 [ShutDownStage],,255; 1,DLC1_QF_DLC1EclipseAttack4_0101764A,10:Reference:Player; 1:Location:Habitation; 2:Reference:CenterMarker; 3:Reference:EdgeMarker; 4:Reference:WEMarker; 11:Reference:Guard; 5:Reference:Attacker1; 8:Reference:Attacker2; 9:Reference:Attacker3,scan-only; exact stage/outcome semantics require dossier review
Dawnguard.esm,Dawnguard.esm,Dawnguard.esm:01764B,DLC1EclipseAttack5,DLC1EclipseAttack5,,None,0,DLC1\Radiant\Eclipse\,Dawnguard/vampire/Arkay-Stendarr candidate,candidate-scan,readback-ok,2,1; 255,,,1,1 [StartUpStage] | 255 [ShutDownStage],,255; 1,DLC1_QF_DLC1EclipseAttack5_0101764B,10:Reference:Player; 1:Location:Habitation; 2:Reference:CenterMarker; 3:Reference:EdgeMarker; 4:Reference:WEMarker; 11:Reference:Guard; 5:Reference:Attacker1; 8:Reference:Attacker2; 9:Reference:Attacker3,scan-only; exact stage/outcome semantics require dossier review
Dawnguard.esm,Dawnguard.esm,Dawnguard.esm:01764C,DLC1EclipseAttack6,DLC1EclipseAttack6,,None,0,DLC1\Radiant\Eclipse\,Dawnguard/vampire/Arkay-Stendarr candidate,candidate-scan,readback-ok,2,1; 255,,,1,1 [StartUpStage] | 255 [ShutDownStage],,255; 1,DLC1_QF_DLC1EclipseAttack6_0101764C,10:Reference:Player; 1:Location:Habitation; 2:Reference:CenterMarker; 3:Reference:EdgeMarker; 4:Reference:WEMarker; 11:Reference:Guard; 5:Reference:Attacker1; 8:Reference:Attacker2; 9:Reference:Attacker3,scan-only; exact stage/outcome semantics require dossier review
Dawnguard.esm,Dawnguard.esm,Dawnguard.esm:0123E5,DLC1GargoyleFactionRelations,DLC1GargoyleFactionRelations,,None,273,DLC1\Radiant\Vampire\,Dawnguard/vampire/Arkay-Stendarr candidate,candidate-scan,readback-ok,0,,,,,,,,,,scan-only; exact stage/outcome semantics require dossier review
Dawnguard.esm,Dawnguard.esm,Dawnguard.esm:01AA70,DLC1HireableDogs,DLC1HireableDogs,,None,25,DLC1\Radiant\,Dawnguard/vampire/Arkay-Stendarr candidate,candidate-scan,readback-ok,0,,,,,,,,,,scan-only; exact stage/outcome semantics require dossier review
Dawnguard.esm,Dawnguard.esm,Dawnguard.esm:0198B2,DLC1HunterBaseEnableSet1,DLC1HunterBaseEnableSet1,,None,0,,Dawnguard/vampire/Arkay-Stendarr candidate,candidate-scan,readback-ok,2,0; 200,200,,0,0 [StartUpStage] | 200 [ShutDownStage],,0; 200,DLC1_QF_DLC1HunterBaseEnableS_010198B2,,scan-only; exact stage/outcome semantics require dossier review
Dawnguard.esm,Dawnguard.esm,Dawnguard.esm:01991F,DLC1HunterBaseEnableSet2,DLC1HunterBaseEnableSet2,,None,0,,Dawnguard/vampire/Arkay-Stendarr candidate,candidate-scan,readback-ok,2,0; 200,200,,0,0 [StartUpStage] | 200 [ShutDownStage],,0; 200,DLC1_QF_DLC1HunterBaseEnableS_0101991F,,scan-only; exact stage/outcome semantics require dossier review
Dawnguard.esm,Dawnguard.esm,Dawnguard.esm:011F0D,DLC1HunterBaseFlorentiusChange,DLC1HunterBaseFlorentiusChange,,None,RunOnce,,Dawnguard/vampire/Arkay-Stendarr candidate,candidate-scan,readback-ok,2,10; 200,,,10,10 [StartUpStage] | 200 [ShutDownStage],,10,DLC1_QF_DLC1HunterBaseFlorent_02011F0D,0:Reference:FlorentiusAlias,scan-only; exact stage/outcome semantics require dossier review
Dawnguard.esm,Dawnguard.esm,Dawnguard.esm:004E24,DLC1HunterBaseIntro,DLC1HunterBaseIntro,,Vampire,0,DLC1\,Dawnguard/vampire/Arkay-Stendarr candidate,candidate-scan,readback-ok,11,0; 10; 20; 30; 40; 45; 50; 60; 70; 200; 255,200,,0,0 [StartUpStage] | 10 | 20 | 30 | 40 | 45 | 50 | 60 | 70 | 200 | 255,10 | 20 | 30 | 40 | 45 | 47 | 50 | 60,0; 40; 45; 10; 20; 60; 50; 30; 255; 200; 70,DLC1_QF_DLC1HunterBaseIntro_01004E24,0:Reference:IsranAlias; 1:Reference:TolanAlias; 3:Reference:SorineAlias; 4:Reference:GunmarAlias; 5:Reference:FlorentiusAlias; 6:Reference:ArielleDwarvenRuinAlias; 9:Location:GunmarDungeonLocationAlias; 7:Reference:GunmarDungeonReference; 18:Reference:GunmarDungeonBossMarker; 10:Reference:FlorentiusMarker; 12:Reference:BaseExteriorDoor; 16:Location:StendarrsBeaconLocAlias; 13:Reference:BeaconVigilant1; 14:Reference:BeaconVigilant2; 15:Reference:BeaconVigilant3; 17:Reference:BearAlias; 20:Reference:ForgottenFallsExtDoor; 21:Reference:CelannAlias; 22:Reference:DurakAlias; 23:Reference:AmbushCreature1; 24:Reference:AmbushCreature2; 25:Reference:AmbushCreature3; 26:Reference:SeranaAlias,scan-only; exact stage/outcome semantics require dossier review
Dawnguard.esm,Dawnguard.esm,Dawnguard.esm:002B01,DLC1HunterBaseIntroAmbush,DLC1HunterBaseIntroAmbush,,None,0,,Dawnguard/vampire/Arkay-Stendarr candidate,candidate-scan,readback-ok,2,0; 200,200,,0,0 [StartUpStage] | 200 [ShutDownStage],,0; 200,DLC1_QF_DLC1HunterBaseIntroAm_01002B01,,scan-only; exact stage/outcome semantics require dossier review
Dawnguard.esm,Dawnguard.esm,Dawnguard.esm:013F1F,DLC1HunterBaseStage2,DLC1HunterBaseStage2,,Vampire,RunOnce,,Dawnguard/vampire/Arkay-Stendarr candidate,candidate-scan,readback-ok,3,10; 20; 200,200,,,10 | 20 | 200,10 | 20,20; 200; 10,DLC1_QF_DLC1HunterBaseStage2_01013F1F,0:Reference:IsranAlias; 1:Reference:SorineAlias; 2:Reference:GunmarAlias; 3:Reference:FlorentiusAlias; 4:Reference:TolanAlias; 5:Reference:Ruunvald01Marker; 6:Reference:Ruunvald02Marker,scan-only; exact stage/outcome semantics require dossier review
Dawnguard.esm,Dawnguard.esm,Dawnguard.esm:002C09,DLC1Init,DLC1Init,,None,273,,Dawnguard/vampire/Arkay-Stendarr candidate,candidate-scan,readback-ok,1,0,,,0,0 [StartUpStage],,0,DLC1_QF_DLC1Init_01002C09,,scan-only; exact stage/outcome semantics require dossier review
Dawnguard.esm,Dawnguard.esm,Dawnguard.esm:005817,DLC1LD,DLC1LD,,SideQuest,RunOnce,DLC1\LD\,Dawnguard/vampire/Arkay-Stendarr candidate,candidate-scan,readback-ok,61,0; 1; 2; 3; 4; 5; 6; 7; 10; 20; 30; 40; 50; 70; 71; 72; 73; 74; 75; 100; 110; 111; 112; 120; 125; 126; 130; 131; 135; 140; 141; 142; 143; 144; 145; 146; 147; 148; 150; 160; 170; 175; 176; 179; 180; 181; 182; 185; 186; 187; 190; 195; 196; 200; 205; 206; 210; 220; 221; 225; 255,,,,0 | 1 | 2 | 3 | 4 | 5 | 6 | 7 | 10 | 20 | 30 | 40 | 50 | 70 | 71 | 72 | 73 | 74 | 75 | 100 | 110 | 111 | 112 | 120 | 125 | 126 | 130 | 131 | 135 | 140 | 141 | 142 | 143 | 144 | 145 | 146 | 147 | 148 | 150 | 160 | 170 | 175 | 176 | 179 | 180 | 181 | 182 | 185 | 186 | 187 | 190 | 195 | 196 | 200 | 205 | 206 | 210 | 220 | 221 | 225 | 255,100 | 110 | 120 | 125 | 130 | 135 | 150 | 160 | 170 | 175 | 180 | 190 | 195 | 200 | 205 | 210 | 220 | 225,0; 125; 135; 140; 71; 160; 182; 142; 147; 2; 180; 145; 210; 185; 196; 72; 175; 100; 111; 205; 4; 112; 74; 176; 187; 6; 225; 131; 40; 144; 170; 181; 190; 10; 1; 141; 146; 195; 200; 50; 120; 30; 143; 3; 126; 110; 255; 5; 148; 179; 206; 130; 73; 150; 7; 221; 70; 75; 20; 186; 220,DLC1_QF_DLC1LD_01005817,0:Reference:Shard1; 1:Reference:Shard2; 2:Reference:Shard3; 3:Reference:Shard4; 37:Reference:NameShard1; 38:Reference:NameShard2; 40:Reference:NameShard3; 39:Reference:NameShard4; 31:Reference:Crest; 64:Reference:CrestNP; 4:Reference:Katria; 17:Reference:KatriaCorpse; 41:Reference:KatriaJournal; 47:Reference:D3BookCorpse; 46:Reference:D4BookCorpse; 42:Reference:QT_D1KatriaIntroBook; 43:Reference:QT_D2IntroBook; 45:Reference:QT_D3IntroBook; 44:Reference:QT_D4IntroBook; 5:Reference:QT_D1_Summit; 29:Reference:QT_D5_BthalftStandClearMarker; 60:Reference:CrestPedestal; 62:Reference:CrestPedestalTrig; 61:Reference:QT_D5_AetheriumForge; 30:Reference:Forgemaster; 63:Reference:QT_D5_MaterialsChest; 65:Reference:QT_D5_ValveLeft; 66:Reference:QT_D5_ValveRight; 68:Reference:QT_DoorToRaldbthar01; 69:Reference:QT_DoorToRaldbthar02,scan-only; exact stage/outcome semantics require dossier review
Dawnguard.esm,Dawnguard.esm,Dawnguard.esm:004D6B,DLC1LD_Arkngthamz,DLC1LD_Arkngthamz,,None,RunOnce,DLC1\LD\,Dawnguard/vampire/Arkay-Stendarr candidate,candidate-scan,readback-ok,49,0; 10; 15; 19; 20; 21; 22; 23; 24; 25; 26; 27; 30; 31; 32; 33; 40; 41; 42; 43; 45; 50; 52; 54; 56; 58; 60; 62; 63; 64; 66; 74; 75; 76; 77; 78; 80; 81; 85; 86; 87; 88; 89; 90; 95; 100; 101; 200; 255,,,0,0 [StartUpStage] | 10 | 15 | 19 | 20 | 21 | 22 | 23 | 24 | 25 | 26 | 27 | 30 | 31 | 32 | 33 | 40 | 41 | 42 | 43 | 45 | 50 | 52 | 54 | 56 | 58 | 60 | 62 | 63 | 64 | 66 | 74 | 75 | 76 | 77 | 78 | 80 | 81 | 85 | 86 | 87 | 88 | 89 | 90 | 95 | 100 | 101 | 200 | 255,,0; 22; 58; 90; 81; 20; 31; 88; 56; 85; 40; 62; 100; 25; 15; 74; 42; 33; 27; 77; 80; 45; 10; 23; 87; 89; 200; 50; 86; 30; 21; 54; 255; 24; 101; 78; 95; 41; 76; 66; 63; 19; 52; 60; 26; 75; 64; 32; 43,DLC1_QF_DLC1LD_01004D6B,14:Reference:GhostlyVoice01; 22:Reference:GhostlyVoice02; 0:Reference:Katria; 18:Reference:KatriaCorpse; 12:Reference:Shard; 15:Reference:KatriaBow; 4:Reference:KatriaHeadTrackTargetMainChamber; 16:Reference:KatriaHeadTrackTargetPuzzleChamber; 19:Reference:KatriaHeadTrackTargetSideDoor; 21:Reference:DLC1LD_ArkngthamzAdventurer; 17:Reference:PuzzleScrap,scan-only; exact stage/outcome semantics require dossier review
Dawnguard.esm,Dawnguard.esm,Dawnguard.esm:00CFFF,DLC1LD_Bthalft,DLC1LD_Bthalft,,None,RunOnce,DLC1\LD\,Dawnguard/vampire/Arkay-Stendarr candidate,candidate-scan,readback-ok,40,0; 1; 10; 15; 20; 21; 25; 27; 28; 30; 35; 36; 37; 39; 40; 42; 44; 45; 46; 47; 48; 49; 50; 51; 55; 56; 57; 58; 59; 60; 61; 62; 65; 75; 80; 81; 90; 91; 100; 255,,,0,0 [StartUpStage] | 1 | 10 | 15 | 20 | 21 | 25 | 27 | 28 | 30 | 35 | 36 | 37 | 39 | 40 | 42 | 44 | 45 | 46 | 47 | 48 | 49 | 50 | 51 | 55 | 56 | 57 | 58 | 59 | 60 | 61 | 62 | 65 | 75 | 80 | 81 | 90 | 91 | 100 | 255,,0; 49; 58; 44; 39; 20; 37; 46; 56; 51; 35; 40; 62; 100; 25; 15; 55; 60; 42; 27; 59; 48; 80; 45; 10; 1; 28; 47; 36; 50; 57; 30; 21; 255; 91; 90; 75; 81; 61; 65,DLC1_QF_DLC1LD_Bthalft_0100CFFF,0:Reference:Katria; 1:Reference:Forgemaster; 2:Reference:BthalftExteriorPedestal,scan-only; exact stage/outcome semantics require dossier review
Dawnguard.esm,Dawnguard.esm,Dawnguard.esm:004D6C,DLC1LD_ChangeLocation,DLC1LD_ChangeLocation,,None,0,DLC1\LD\,Dawnguard/vampire/Arkay-Stendarr candidate,candidate-scan,readback-ok,1,0,,,0,0 [StartUpStage],,0,DLC1_QF_DLC1LDChangeLocationQ_01004D6C,,scan-only; exact stage/outcome semantics require dossier review
Dawnguard.esm,Dawnguard.esm,Dawnguard.esm:00CFFE,DLC1LD_CraftItemManager,DLC1LD_CraftItemManager,,None,RunOnce,DLC1\LD\,Dawnguard/vampire/Arkay-Stendarr candidate,candidate-scan,readback-ok,1,0,,,0,0 [StartUpStage],,0,DLC1_QF_DLC1LD_CraftItemManag_0100CFFE,,scan-only; exact stage/outcome semantics require dossier review
Dawnguard.esm,Dawnguard.esm,Dawnguard.esm:003F56,DLC1LD_DarkfallCave,DLC1LD_DarkfallCave,,None,RunOnce,DLC1\LD\,Dawnguard/vampire/Arkay-Stendarr candidate,candidate-scan,readback-ok,0,,,,,,,,,,scan-only; exact stage/outcome semantics require dossier review
Dawnguard.esm,Dawnguard.esm,Dawnguard.esm:00B639,DLC1LD_Misc,DLC1LD_Misc,,Misc,RunOnce,DLC1\LD\,Dawnguard/vampire/Arkay-Stendarr candidate,candidate-scan,readback-ok,8,10; 11; 12; 20; 30; 40; 50; 255,,,,10 | 11 | 12 | 20 | 30 | 40 | 50 | 255,10 | 20,12; 11; 50; 255; 10; 40; 30; 20,DLC1_QF_DLC1LD_Misc_0100B639,0:Reference:QT_Shard1; 1:Reference:QT_Katria; 2:Reference:QT_KatriaIntroBook; 3:Reference:QT_RaldbtharIntroBook; 4:Reference:QT_DeepFolkIntroBook; 5:Reference:QT_MzulftIntroBook; 8:Reference:QT_D1KatriaCorpse; 6:Reference:QT_D3BookCorpse; 7:Reference:QT_D4BookCorpse,scan-only; exact stage/outcome semantics require dossier review
Dawnguard.esm,Dawnguard.esm,Dawnguard.esm:00CFFD,DLC1LD_Postquest,DLC1LD_Postquest,,None,RunOnce,DLC1\LD\,Dawnguard/vampire/Arkay-Stendarr candidate,candidate-scan,readback-ok,1,0,,,,0,,0,DLC1_QF_DLC1LD_Postquest_0100CFFD,0:Reference:AetherialCrown,scan-only; exact stage/outcome semantics require dossier review
Dawnguard.esm,Dawnguard.esm,Dawnguard.esm:0088E5,DLC1LDIceDragonFight,DLC1LDIceDragonFight,,None,"AllowRepeatedStages, RunOnce",,Dawnguard/vampire/Arkay-Stendarr candidate,candidate-scan,readback-ok,7,0; 3; 5; 10; 15; 20; 30,,,,0 | 3 | 5 | 10 | 15 | 20 | 30 [ShutDownStage],,20; 5; 10; 15; 3; 30,DLC1_QF_DLC1LDIceDragonFight_010088E5,0:Reference:dragon,scan-only; exact stage/outcome semantics require dossier review
Dawnguard.esm,Dawnguard.esm,Dawnguard.esm:019DD2,DLC1LDIceDragonFight02,DLC1LDIceDragonFight02,,None,"AllowRepeatedStages, RunOnce",,Dawnguard/vampire/Arkay-Stendarr candidate,candidate-scan,readback-ok,7,0; 3; 5; 10; 15; 20; 30,,,,0 | 3 | 5 | 10 | 15 | 20 | 30 [ShutDownStage],,20; 5; 10; 15; 3; 30,DLC1_QF_DLC1LDIceDragonFight0_01019DD2,1:Reference:dragon02,scan-only; exact stage/outcome semantics require dossier review
Dawnguard.esm,Dawnguard.esm,Dawnguard.esm:015AA3,DLC1NPCCommentary01,DLC1NPCCommentary01,,None,0,,Dawnguard/vampire/Arkay-Stendarr candidate,candidate-scan,readback-ok,0,,,,,,,,,0:Reference:RNPC,scan-only; exact stage/outcome semantics require dossier review
Dawnguard.esm,Dawnguard.esm,Dawnguard.esm:015AA4,DLC1NPCCommentary02,DLC1NPCCommentary02,,None,0,,Dawnguard/vampire/Arkay-Stendarr candidate,candidate-scan,readback-ok,0,,,,,,,,,0:Reference:RNPC,scan-only; exact stage/outcome semantics require dossier review
Dawnguard.esm,Dawnguard.esm,Dawnguard.esm:015AA5,DLC1NPCCommentary03,DLC1NPCCommentary03,,None,0,,Dawnguard/vampire/Arkay-Stendarr candidate,candidate-scan,readback-ok,0,,,,,,,,,0:Reference:RNPC,scan-only; exact stage/outcome semantics require dossier review
Dawnguard.esm,Dawnguard.esm,Dawnguard.esm:002B6E,DLC1NPCMentalModel,DLC1NPCMentalModel,,None,25,,Dawnguard/vampire/Arkay-Stendarr candidate,candidate-scan,readback-ok,3,0; 10; 20,,,0,0 [StartUpStage] | 10 | 20,,0; 10; 20,DLC1_QF_DLC1_NPCMentalModel_01002B6E,0:Reference:ResponsiveNPC; 1:Reference:ResponsiveNPC_Essential; 3:Reference:ResponsiveNPCVampireKeywords; 2:Reference:HomeMarker,scan-only; exact stage/outcome semantics require dossier review
Dawnguard.esm,Dawnguard.esm,Dawnguard.esm:003BC0,DLC1NPCMonitoringPlayer,DLC1NPCMonitoringPlayer,,None,0,,Dawnguard/vampire/Arkay-Stendarr candidate,candidate-scan,readback-ok,1,0,,,0,0 [StartUpStage],,0,DLC1_QF_DLC1NPCMonitoringPlay_01003BC0,,scan-only; exact stage/outcome semantics require dossier review
Dawnguard.esm,Dawnguard.esm,Dawnguard.esm:008E51,DLC1PlayerFactionRelation,DLC1PlayerFactionRelation,,None,273,DLC1\Radiant\,Dawnguard/vampire/Arkay-Stendarr candidate,candidate-scan,readback-ok,0,,,,,,,,,,scan-only; exact stage/outcome semantics require dossier review
Dawnguard.esm,Dawnguard.esm,Dawnguard.esm:00A2A9,DLC1PlayerVampirePowerItems,DLC1PlayerVampirePowerItems,,None,273,,Dawnguard/vampire/Arkay-Stendarr candidate,candidate-scan,readback-ok,0,,,,,,,,,,scan-only; exact stage/outcome semantics require dossier review
Dawnguard.esm,Dawnguard.esm,Dawnguard.esm:0071D0,DLC1PlayerVampireQuest,DLC1PlayerVampireQuest,,None,AllowRepeatedStages,DLC1\,Dawnguard/vampire/Arkay-Stendarr candidate,candidate-scan,readback-ok,7,0; 1; 10; 11; 20; 30; 100,,,0,0 [StartUpStage] | 1 | 10 | 11 | 20 | 30 | 100,,0; 11; 100; 10; 1; 30; 20,DLC1_QF_DLC1PlayerVampireQues_010071D0,0:Reference:Player; 1:Reference:PlayerMistform; 2:Reference:PlayerReflexes,scan-only; exact stage/outcome semantics require dossier review
Dawnguard.esm,Dawnguard.esm,Dawnguard.esm:004C1C,DLC1Radiant,DLC1Radiant,,Misc,1049,DLC1\Radiant\,Dawnguard/vampire/Arkay-Stendarr candidate,candidate-scan,readback-ok,9,1; 2; 10; 11; 20; 21; 30; 31; 40,,,,1 | 2 | 10 | 11 | 20 | 21 | 30 | 31 | 40,10 | 20,11; 10; 1; 20; 31; 2; 30; 21; 40,DLC1_QF_DLC1Radiant_01004C1C,0:Reference:Player; 1:Reference:CurrentQuestGiver; 2:Reference:TrollFollower; 3:Reference:Sorine,scan-only; exact stage/outcome semantics require dossier review
Dawnguard.esm,Dawnguard.esm,Dawnguard.esm:0132CC,DLC1RadiantAttackGuardComments,DLC1RadiantAttackGuardComments,,None,17,DLC1\Radiant\,Dawnguard/vampire/Arkay-Stendarr candidate,candidate-scan,readback-ok,0,,,,,,,,,,scan-only; exact stage/outcome semantics require dossier review
Dawnguard.esm,Dawnguard.esm,Dawnguard.esm:01574C,DLC1RadiantDisguised,DLC1RadiantDisguised,,None,273,DLC1\Radiant\,Dawnguard/vampire/Arkay-Stendarr candidate,candidate-scan,readback-ok,0,,,,,,,,,,scan-only; exact stage/outcome semantics require dossier review
Dawnguard.esm,Dawnguard.esm,Dawnguard.esm:00420E,DLC1RadiantDisguisedVampireLordSpawner,DLC1RadiantDisguisedVampireLordSpawner,,None,0,DLC1\Radiant\Vampire\,Dawnguard/vampire/Arkay-Stendarr candidate,candidate-scan,readback-ok,2,0; 255,,,0,0 [StartUpStage] | 255 [ShutDownStage],,0; 255,DLC1_QF_DLC1RadiantDisguisedV_0100420E,1:Location:Location; 2:Reference:CenterMarker; 3:Reference:VampireLord; 4:Reference:Player; 5:Reference:Guard,scan-only; exact stage/outcome semantics require dossier review
Dawnguard.esm,Dawnguard.esm,Dawnguard.esm:00F899,DLC1RegiftingLycanthropy,DLC1RegiftingLycanthropy,,None,273,,Dawnguard/vampire/Arkay-Stendarr candidate,candidate-scan,readback-ok,0,,,,,,,,,,scan-only; exact stage/outcome semantics require dossier review
Dawnguard.esm,Dawnguard.esm,Dawnguard.esm:005E4A,DLC1RH01,DLC1RH01,,Vampire,0,DLC1\Radiant\Hunter\,Dawnguard/vampire/Arkay-Stendarr candidate,candidate-scan,readback-ok,4,1; 10; 100; 255,255,,1,1 [StartUpStage] | 10 | 100 | 255,10 | 100,255; 10; 1; 100,DLC1_QF_DLC1RH01_01005E4A,0:Reference:QuestGiver; 2:Location:Habitation; 6:Reference:HabitationCenterMarker; 3:Location:Inn; 4:Reference:InnCenterMarker; 5:Reference:Target; 7:Reference:MapMarker,scan-only; exact stage/outcome semantics require dossier review
Dawnguard.esm,Dawnguard.esm,Dawnguard.esm:005E53,DLC1RH02,DLC1RH02,,Vampire,0,DLC1\Radiant\Hunter\,Dawnguard/vampire/Arkay-Stendarr candidate,candidate-scan,readback-ok,3,10; 100; 255,255,,,10 | 100 | 255,10 | 100,255; 10; 100,DLC1_QF_DLC1RH02_01005E53,0:Reference:QuestGiver; 2:Location:Dungeon; 3:Reference:Boss; 4:Reference:MapMarker,scan-only; exact stage/outcome semantics require dossier review
Dawnguard.esm,Dawnguard.esm,Dawnguard.esm:005E58,DLC1RH03,DLC1RH03,,Vampire,0,DLC1\Radiant\Hunter\,Dawnguard/vampire/Arkay-Stendarr candidate,candidate-scan,readback-ok,3,10; 100; 255,255,,,10 | 100 | 255,10 | 100,255; 10; 100,DLC1_QF_DLC1RH03_01005E58,0:Reference:Questgiver; 2:Location:Dungeon; 3:Reference:Boss; 4:Reference:Vampire; 5:Reference:MapMarker,scan-only; exact stage/outcome semantics require dossier review
Dawnguard.esm,Dawnguard.esm,Dawnguard.esm:006952,DLC1RH04,DLC1RH04,,Vampire,0,DLC1\Radiant\Hunter\,Dawnguard/vampire/Arkay-Stendarr candidate,candidate-scan,readback-ok,8,0; 1; 10; 20; 50; 51; 100; 255,255,,1,0 | 1 [StartUpStage] | 10 | 20 | 50 | 51 | 100 | 255,10 | 50 | 100,0; 255; 50; 10; 1; 100; 51,DLC1_QF_DLC1RH04_01006952,0:Reference:Questgiver; 1:Location:Dungeon; 2:Reference:Boss; 3:Reference:Vampire; 6:Location:Habitation; 8:Reference:HabitationCenterMarker; 9:Location:Dwelling; 10:Reference:Friend; 11:Reference:HouseContainer; 12:Reference:Letter; 13:Reference:MapMarkerHabitation; 14:Reference:MapMarkerDungeon,scan-only; exact stage/outcome semantics require dossier review
Dawnguard.esm,Dawnguard.esm,Dawnguard.esm:006BAC,DLC1RH05,DLC1RH05,,Vampire,0,DLC1\Radiant\Hunter\,Dawnguard/vampire/Arkay-Stendarr candidate,candidate-scan,readback-ok,3,10; 100; 255,255,,,10 | 100 | 255,10 | 100,255; 10; 100,DLC1_QF_DLC1RH05_01006BAC,0:Reference:QuestGiver; 2:Location:Dungeon; 3:Reference:BossContainer; 15:Reference:EnhancedCrossbow; 12:Reference:BoltFire; 13:Reference:BoltIce; 14:Reference:BoltShock; 16:Reference:DwarvenCrossbow; 17:Reference:EnhancedDwarvenCrossbow; 5:Reference:Item; 11:Reference:BanditLetter; 6:Reference:BanditScrap1; 7:Reference:BanditScrap2; 8:Reference:BanditScrap3; 9:Reference:BanditScrap4; 10:Reference:BanditScrap5; 18:Reference:MapMarker,scan-only; exact stage/outcome semantics require dossier review
Dawnguard.esm,Dawnguard.esm,Dawnguard.esm:007201,DLC1RH06,DLC1RH06,,Vampire,0,DLC1\Radiant\Hunter\,Dawnguard/vampire/Arkay-Stendarr candidate,candidate-scan,readback-ok,5,10; 50; 60; 100; 255,255,,,10 | 50 | 60 | 100 | 255,10 | 11 | 100,60; 50; 10; 255; 100,DLC1_QF_DLC1RH06_01007201,0:Reference:QuestGiver; 2:Location:Dungeon; 9:Reference:Boss; 10:Reference:Vampire; 3:Reference:CaptiveMarker; 11:Reference:BoundCaptiveMarker; 4:Reference:Spouse; 5:Reference:Friend; 8:Reference:Prisoner; 12:Reference:MapMarker,scan-only; exact stage/outcome semantics require dossier review
Dawnguard.esm,Dawnguard.esm,Dawnguard.esm:007EC5,DLC1RH07,DLC1RH07,,Vampire,0,DLC1\Radiant\Hunter\,Dawnguard/vampire/Arkay-Stendarr candidate,candidate-scan,readback-ok,8,0; 10; 20; 30; 40; 100; 255; 300,255; 300,,0,0 [StartUpStage] | 10 | 20 | 30 | 40 | 100 | 255 | 300,10 | 20 | 30 | 40 | 100,0; 40; 300; 255; 10; 100; 30; 20,DLC1_QF_DLC1RH07_01007EC5,1:Reference:QuestGiver; 2:Reference:Jarl; 5:Location:Capital; 6:Location:CapitalHQ; 8:Reference:Vampire; 9:Reference:Letter; 11:Reference:MapMarker,scan-only; exact stage/outcome semantics require dossier review
Dawnguard.esm,Dawnguard.esm,Dawnguard.esm:015017,DLC1RH08,DLC1RH08,,Vampire,0,DLC1\Radiant\Hunter\,Dawnguard/vampire/Arkay-Stendarr candidate,candidate-scan,readback-ok,3,10; 100; 255,255,,,10 | 100 | 255,10 | 100,255; 10; 100,DLC1_QF_DLC1RH08_01015017,0:Reference:QuestGiver; 1:Location:Dungeon; 5:Reference:BossContainer; 2:Reference:Hammer; 3:Reference:Shield; 7:Reference:Axe; 4:Reference:Item; 6:Reference:MapMarker,scan-only; exact stage/outcome semantics require dossier review
Dawnguard.esm,Dawnguard.esm,Dawnguard.esm:0190C3,DLC1RNPCClickedHellos,DLC1RNPCClickedHellos,,None,273,,Dawnguard/vampire/Arkay-Stendarr candidate,candidate-scan,readback-ok,0,,,,,,,,,,scan-only; exact stage/outcome semantics require dossier review
Dawnguard.esm,Dawnguard.esm,Dawnguard.esm:0190C2,DLC1RNPCGeneralHellos,DLC1RNPCGeneralHellos,,None,273,,Dawnguard/vampire/Arkay-Stendarr candidate,candidate-scan,readback-ok,0,,,,,,,,,,scan-only; exact stage/outcome semantics require dossier review
Dawnguard.esm,Dawnguard.esm,Dawnguard.esm:004C1B,DLC1RV01,DLC1RV01,,Vampire,0,DLC1\Radiant\Vampire\,Dawnguard/vampire/Arkay-Stendarr candidate,candidate-scan,readback-ok,6,1; 10; 11; 12; 100; 255,255,,1,1 [StartUpStage] | 10 | 11 | 12 | 100 | 255,10 | 11 | 100,12; 11; 10; 1; 255; 100,DLC1_QF_DLC1RV01_01004C1B,1:Reference:QuestGiver; 3:Location:Habitation; 8:Reference:HabitationCenterMarker; 5:Location:Inn; 7:Reference:InnCenterMarker; 6:Reference:Target; 9:Reference:MapMarker,scan-only; exact stage/outcome semantics require dossier review
Dawnguard.esm,Dawnguard.esm,Dawnguard.esm:004C30,DLC1RV01AssaultMonitorNOTUSING,DLC1RV01AssaultMonitorNOTUSING,,None,0,DLC1\Radiant\Vampire\,Dawnguard/vampire/Arkay-Stendarr candidate,candidate-scan,readback-ok,2,1; 255,,,1,1 [StartUpStage] | 255 [ShutDownStage],,255; 1,DLC1_QF_DLC1RV01AssaultMonito_01004C30,,scan-only; exact stage/outcome semantics require dossier review
Dawnguard.esm,Dawnguard.esm,Dawnguard.esm:004C2E,DLC1RV01KillActorMonitor,DLC1RV01KillActorMonitor,,None,0,DLC1\Radiant\Vampire\,Dawnguard/vampire/Arkay-Stendarr candidate,candidate-scan,readback-ok,2,1; 255,,,1,1 [StartUpStage] | 255 [ShutDownStage],,255; 1,DLC1_QF_DLC1RV01KillActorMoni_01004C2E,,scan-only; exact stage/outcome semantics require dossier review
Dawnguard.esm,Dawnguard.esm,Dawnguard.esm:0050B9,DLC1RV02,DLC1RV02,,Vampire,0,DLC1\Radiant\Vampire\,Dawnguard/vampire/Arkay-Stendarr candidate,candidate-scan,readback-ok,3,10; 100; 255,255,,,10 | 100 | 255,10 | 100,255; 10; 100,DLC1_QF_DLC1RV02_010050B9,0:Reference:QuestGiver; 1:Location:Dungeon; 2:Reference:Boss; 3:Reference:MapMarker,scan-only; exact stage/outcome semantics require dossier review
Dawnguard.esm,Dawnguard.esm,Dawnguard.esm:0050BD,DLC1RV03,DLC1RV03,,Vampire,0,DLC1\Radiant\Vampire\,Dawnguard/vampire/Arkay-Stendarr candidate,candidate-scan,readback-ok,10,1; 10; 100; 101; 110; 111; 200; 220; 255; 300,255,300,1,1 [StartUpStage] | 10 | 100 | 101 | 110 | 111 | 200 | 220 | 255 | 300,100 | 110 | 111 | 200 | 220,110; 101; 100; 111; 200; 300; 1; 220; 10; 255,DLC1_QF_DLC1RV03_010050BD,0:Reference:QuestGiver; 4:Location:City; 2:Reference:CityCenterMarker; 5:Reference:Victim; 6:Reference:Letter; 7:Reference:MapMarker,scan-only; exact stage/outcome semantics require dossier review
Dawnguard.esm,Dawnguard.esm,Dawnguard.esm:0050C1,DLC1RV03KillActorMonitor,DLC1RV03KillActorMonitor,,None,0,DLC1\Radiant\Vampire\,Dawnguard/vampire/Arkay-Stendarr candidate,candidate-scan,readback-ok,0,,,,,,,,,,scan-only; exact stage/outcome semantics require dossier review
Dawnguard.esm,Dawnguard.esm,Dawnguard.esm:0056FD,DLC1RV04,DLC1RV04,,Vampire,0,DLC1\Radiant\Vampire\,Dawnguard/vampire/Arkay-Stendarr candidate,candidate-scan,readback-ok,3,10; 100; 255,255,,,10 | 100 | 255,10 | 100,255; 10; 100,DLC1_QF_DLC1RV04_010056FD,0:Reference:Questgiver; 2:Location:Dungeon; 3:Reference:Boss; 4:Reference:Vampire; 5:Reference:MapMarker,scan-only; exact stage/outcome semantics require dossier review
Dawnguard.esm,Dawnguard.esm,Dawnguard.esm:005702,DLC1RV05,DLC1RV05,,Vampire,0,DLC1\Radiant\Vampire\,Dawnguard/vampire/Arkay-Stendarr candidate,candidate-scan,readback-ok,4,0; 10; 100; 255,255,,0,0 [StartUpStage] | 10 | 100 | 255,10 | 100,0; 255; 10; 100,DLC1_QF_DLC1RV05_01005702,0:Reference:QuestGiver; 2:Location:Dungeon; 3:Reference:BossContainer; 4:Reference:Remains; 5:Reference:MapMarker,scan-only; exact stage/outcome semantics require dossier review
Dawnguard.esm,Dawnguard.esm,Dawnguard.esm:0058CA,DLC1RV06,DLC1RV06,,Vampire,0,DLC1\Radiant\Vampire\,Dawnguard/vampire/Arkay-Stendarr candidate,candidate-scan,readback-ok,6,10; 50; 70; 100; 255; 300,255,300,,10 | 50 | 70 | 100 | 255 | 300,10 | 100,70; 50; 10; 300; 255; 100,DLC1_QF_DLC1RV06_010058CA,0:Reference:QuestGiver; 2:Reference:Spouse,scan-only; exact stage/outcome semantics require dossier review
Dawnguard.esm,Dawnguard.esm,Dawnguard.esm:00A29C,DLC1RV07,DLC1RV07,,Vampire,0,DLC1\Radiant\Vampire\,Dawnguard/vampire/Arkay-Stendarr candidate,candidate-scan,readback-ok,5,10; 50; 100; 255; 300,255,300,,10 | 50 | 100 | 255 | 300,10 | 100,255; 50; 10; 300; 100,DLC1_QF_DLC1RV07_0100A29C,0:Reference:QuestGiver; 5:Location:Dwelling; 1:Reference:Candidate; 2:Location:Habitation; 3:Reference:Coffin; 4:Reference:MainDoor; 6:Reference:MapMarker,scan-only; exact stage/outcome semantics require dossier review
Dawnguard.esm,Dawnguard.esm,Dawnguard.esm:01434C,DLC1RV07Post,DLC1RV07Post,,None,273,DLC1\Radiant\Vampire\,Dawnguard/vampire/Arkay-Stendarr candidate,candidate-scan,readback-ok,0,,,,,,,,,0:Reference:Cairine,scan-only; exact stage/outcome semantics require dossier review
Dawnguard.esm,Dawnguard.esm,Dawnguard.esm:00CE06,DLC1RV08,DLC1RV08,,Vampire,RunOnce,DLC1\Radiant\Vampire\,Dawnguard/vampire/Arkay-Stendarr candidate,candidate-scan,readback-ok,5,10; 110; 120; 200; 255,255,,,10 | 110 | 120 | 200 | 255,110 | 120 | 200,110; 200; 120; 10; 255,DLC1_QF_DLC1RV08_0100CE06,0:Reference:QuestGiver; 1:Location:Location1; 8:Location:Location2; 2:Reference:Boss1; 10:Reference:BossContainer2; 5:Reference:Item1; 6:Reference:Item2; 14:Reference:MapMarker1; 15:Reference:MapMarker2,scan-only; exact stage/outcome semantics require dossier review
Dawnguard.esm,Dawnguard.esm,Dawnguard.esm:00CE0B,DLC1RV09,DLC1RV09,,Vampire,RunOnce,DLC1\Radiant\Vampire\,Dawnguard/vampire/Arkay-Stendarr candidate,candidate-scan,readback-ok,6,10; 110; 120; 130; 200; 255,255,,,10 | 110 | 120 | 130 | 200 | 255,110 | 120 | 130 | 200,110; 200; 120; 10; 255; 130,DLC1_QF_DLC1RV09_0100CE0B,0:Reference:QuestGiver; 1:Location:Location1; 9:Location:Location3; 2:Reference:Boss1; 11:Reference:CaptiveMarker3; 12:Reference:DeadVampire3; 5:Reference:Item1; 7:Reference:Item3; 13:Reference:MapMarker1; 15:Reference:MapMarker3,scan-only; exact stage/outcome semantics require dossier review
Dawnguard.esm,Dawnguard.esm,Dawnguard.esm:019938,DLC1RV10,DLC1RV10,,Vampire,RunOnce,DLC1\Radiant\Vampire\,Dawnguard/vampire/Arkay-Stendarr candidate,candidate-scan,readback-ok,3,10; 100; 255,255,,,10 | 100 | 255,10 | 100,255; 10; 100,DLC1_QF_DLC1RV10_01019938,0:Reference:QuestGiver; 1:Location:Location; 11:Reference:Door; 2:Reference:Isran; 3:Reference:Sorine; 5:Reference:Gunmar; 6:Reference:Florentius; 7:Reference:Agmaer; 10:Reference:Beleval; 9:Reference:Celann; 8:Reference:Durak; 12:Reference:MapMarker,scan-only; exact stage/outcome semantics require dossier review
Dawnguard.esm,Dawnguard.esm,Dawnguard.esm:0041CF,DLC1ScoutPatrol,DLC1ScoutPatrol,,None,0,DLC1\Radiant\,Dawnguard/vampire/Arkay-Stendarr candidate,candidate-scan,readback-ok,2,0; 255,,,0,0 [StartUpStage] | 255,,0; 255,DLC1_QF_DLC1ScoutPatrol_010041CF,3:Location:Location; 4:Reference:ScoutMarker1; 5:Reference:ScoutMarker2; 6:Reference:ScoutVampire1; 7:Reference:ScoutVampire2; 8:Reference:ScoutHunter1; 9:Reference:ScoutHunter2; 0:Reference:Scout1; 1:Reference:Scout2,scan-only; exact stage/outcome semantics require dossier review
Dawnguard.esm,Dawnguard.esm,Dawnguard.esm:011A83,DLC1ScrollHandling,DLC1ScrollHandling,,None,273,,Dawnguard/vampire/Arkay-Stendarr candidate,candidate-scan,readback-ok,1,0,,,0,0 [StartUpStage],,0,DLC1_QF_DLC1ScrollHandling_01011A83,,scan-only; exact stage/outcome semantics require dossier review
Dawnguard.esm,Dawnguard.esm,Dawnguard.esm:012F92,DLC1ScrollHandlingChangeLoc,DLC1ScrollHandlingChangeLoc,,None,0,,Dawnguard/vampire/Arkay-Stendarr candidate,candidate-scan,readback-ok,2,0; 200,,,0,0 [StartUpStage] | 200 [ShutDownStage],,0; 200,DLC1_QF_DLC1ScrollHandlingCha_02012F92,,scan-only; exact stage/outcome semantics require dossier review
Dawnguard.esm,Dawnguard.esm,Dawnguard.esm:005044,DLC1SeranaCureSelfQuest,DLC1SeranaCureSelfQuest,,None,RunOnce,,Dawnguard/vampire/Arkay-Stendarr candidate,candidate-scan,readback-ok,5,0; 10; 20; 100; 200,,,0,0 [StartUpStage] | 10 | 20 | 100 | 200,,0; 200; 10; 20; 100,DLC1_QF_DLC1SeranaCureSelfQue_01005044,1:Reference:HomeMarker; 0:Reference:Serana; 2:Reference:Player,scan-only; exact stage/outcome semantics require dossier review
Dawnguard.esm,Dawnguard.esm,Dawnguard.esm:016072,DLC1SoulCairnDialogue,DLC1SoulCairnDialogue,,None,17,DLC1\,Dawnguard/vampire/Arkay-Stendarr candidate,candidate-scan,readback-ok,0,,,,,,,,,,scan-only; exact stage/outcome semantics require dossier review
Dawnguard.esm,Dawnguard.esm,Dawnguard.esm:016352,DLC1SoulCairnHuskMerchant,DLC1SoulCairnHuskMerchant,,None,21,,Dawnguard/vampire/Arkay-Stendarr candidate,candidate-scan,readback-ok,2,0; 10,,,0,0 [StartUpStage] | 10,,10,DLC1_QF_DLC1SoulCairnHuskMerc_01016352,40:Reference:MorvenAlias,scan-only; exact stage/outcome semantics require dossier review
Dawnguard.esm,Dawnguard.esm,Dawnguard.esm:00697C,DLC1Surgery,DLC1Surgery,,Misc,17,DLC1\,Dawnguard/vampire/Arkay-Stendarr candidate,candidate-scan,readback-ok,3,10; 20; 50,,,,10 | 20 | 50,10 | 20,20; 50; 10,DLC1_QF_DLC1Surgery_0100697C,1:Reference:Surgeon,scan-only; exact stage/outcome semantics require dossier review
Dawnguard.esm,Dawnguard.esm,Dawnguard.esm:0162F8,DLC1ThrallDialogue,DLC1ThrallDialogue,,None,273,,Dawnguard/vampire/Arkay-Stendarr candidate,candidate-scan,readback-ok,0,,,,,,,,,,scan-only; exact stage/outcome semantics require dossier review
Dawnguard.esm,Dawnguard.esm,Dawnguard.esm:00594C,DLC1VampireBaseIntro,DLC1VampireBaseIntro,,Vampire,0,DLC1\,Dawnguard/vampire/Arkay-Stendarr candidate,candidate-scan,readback-ok,9,0; 10; 15; 20; 30; 40; 50; 60; 200,200,,0,0 [StartUpStage] | 10 | 15 | 20 | 30 | 40 | 50 | 60 | 200,10 | 15 | 20 | 30 | 35 | 40 | 50 | 60,0; 40; 10; 15; 20; 60; 50; 30; 200,DLC1_QF_DLC1VampireBaseIntro_0100594C,0:Reference:GaranAlias; 1:Reference:StalfAlias; 2:Reference:SaloniaAlias; 3:Reference:VingalmoAlias; 4:Reference:OrthjolfAlias; 5:Reference:Bloodspring; 6:Reference:StalfSpringMarker; 7:Reference:SaloniaSpringMarker; 11:Reference:HoldingChestRef; 8:Reference:DLC1VampireBaseIntroChaliceAlias; 9:Reference:FilledChaliceAlias; 10:Reference:RedwaterDenDoor; 12:Reference:SecretDoorParent; 14:Reference:RedwaterDenDoor02,scan-only; exact stage/outcome semantics require dossier review
Dawnguard.esm,Dawnguard.esm,Dawnguard.esm:014CB9,DLC1VampireFeedBystander,DLC1VampireFeedBystander,,None,4096,DLC1\Radiant\,Dawnguard/vampire/Arkay-Stendarr candidate,candidate-scan,readback-ok,1,1,,,1,1 [StartUpStage],,1,DLC1_QF_DLC1VampireFeedBystan_02014CB9,0:Reference:Victim; 1:Reference:Bystander1; 2:Reference:Bystander2; 3:Reference:Bystander3; 4:Reference:Bystander4; 5:Reference:Bystander5; 6:Reference:Bystander6; 7:Reference:Bystander7; 8:Reference:Bystander8,scan-only; exact stage/outcome semantics require dossier review
Dawnguard.esm,Dawnguard.esm,Dawnguard.esm:0071D2,DLC1VampireLordTrackingQuest,DLC1VampireLordTrackingQuest,,None,273,,Dawnguard/vampire/Arkay-Stendarr candidate,candidate-scan,readback-ok,2,0; 100,,,0,0 [StartUpStage] | 100,,100,DLC1_QF_DLC1VampireLordTracki_010071D2,,scan-only; exact stage/outcome semantics require dossier review
Dawnguard.esm,Dawnguard.esm,Dawnguard.esm:00BF73,DLC1VampireMesmerize,DLC1VampireMesmerize,,None,273,DLC1\Radiant\Vampire\,Dawnguard/vampire/Arkay-Stendarr candidate,candidate-scan,readback-ok,0,,,,,,,,,0:Reference:MesmerizedAlias1; 1:Reference:MesmerizedAlias2; 2:Reference:MesmerizedAlias3,scan-only; exact stage/outcome semantics require dossier review
Dawnguard.esm,Dawnguard.esm,Dawnguard.esm:008E3B,DLC1VampireSleep,DLC1VampireSleep,,None,273,DLC1\Radiant\Vampire\,Dawnguard/vampire/Arkay-Stendarr candidate,candidate-scan,readback-ok,1,0,,,0,0 [StartUpStage],,0,DLC1_QF_DLC1VampireSleep_01008E3B,,scan-only; exact stage/outcome semantics require dossier review
Dawnguard.esm,Dawnguard.esm,Dawnguard.esm:00588C,DLC1VampireTurn,DLC1VampireTurn,,None,25,DLC1\Radiant\Vampire\,Dawnguard/vampire/Arkay-Stendarr candidate,candidate-scan,readback-ok,1,10,,,,10 [KeepInstanceDataFromHereOn],,10,DLC1_QF_DLC1VampireTurn_0100588C,0:Reference:NewVampire1; 1:Reference:NewVampire2; 2:Reference:NewVampire3; 3:Reference:NewVampire4; 4:Reference:NewVampire5; 5:Reference:Player; 6:Reference:DisguisedVampireLordName; 8:Reference:GiveMeRedEyes1; 10:Reference:GiveMeRedEyes2; 11:Reference:GiveMeRedEyes3; 12:Reference:GiveMeRedEyes4; 13:Reference:GiveMeRedEyes5,scan-only; exact stage/outcome semantics require dossier review
Dawnguard.esm,Dawnguard.esm,Dawnguard.esm:01909F,DLC1VampireTutorial,DLC1VampireTutorial,,Misc,0,DLC1\Main Quest\,Dawnguard/vampire/Arkay-Stendarr candidate,candidate-scan,readback-ok,7,10; 20; 30; 40; 50; 100; 200,,,,10 | 20 | 30 | 40 | 50 | 100 | 200,10 | 20,20; 40; 50; 10; 200; 100; 30,DLC1_QF_DLC1VampireTutorial_0101909F,1:Reference:Harkon,scan-only; exact stage/outcome semantics require dossier review
Dawnguard.esm,Dawnguard.esm,Dawnguard.esm:01A428,DLC1VCController,DLC1VCController,,None,281,DLC1\Radiant\Vampire\,Dawnguard/vampire/Arkay-Stendarr candidate,candidate-scan,readback-ok,6,0; 10; 15; 20; 30; 40,,,0,0 [StartUpStage] | 10 | 15 | 20 | 30 | 40,,0; 40; 10; 30; 15; 20,DLC1_QF_DLC1VCController_0101A428,0:Reference:DLC1VQTutorialDoor; 1:Reference:DLC1VQMainDoor; 2:Reference:DLC1VCBossDoor001; 3:Reference:DLC1VCBossDoorInside,scan-only; exact stage/outcome semantics require dossier review
Dawnguard.esm,Dawnguard.esm,Dawnguard.esm:00D90E,DLC1VQ00,DLC1VQ00,,Misc,273,DLC1\Main Quest\,Dawnguard/vampire/Arkay-Stendarr candidate,candidate-scan,readback-ok,7,10; 15; 20; 30; 50; 100; 200,,,10,10 [StartUpStage] | 15 | 20 | 30 | 50 | 100 | 200 [ShutDownStage],10,20; 200; 50; 50; 30; 15; 100,DLC1_QF_DLC1VQ00_0100D90E,7:Location:Location; 2:Reference:LocationCenterMarker; 3:Reference:Messenger,scan-only; exact stage/outcome semantics require dossier review
Dawnguard.esm,Dawnguard.esm,Dawnguard.esm:00D90B,DLC1VQ00ChangeLocation,DLC1VQ00ChangeLocation,,Misc,0,DLC1\Main Quest\,Dawnguard/vampire/Arkay-Stendarr candidate,candidate-scan,readback-ok,2,0; 200,,,0,0 [StartUpStage] | 200 [ShutDownStage],,0; 200,DLC1_QF_DLC1VQ00ChangeLocatio_0100D90B,1:Location:Location; 2:Reference:LocationCenterMarker; 3:Reference:Messenger,scan-only; exact stage/outcome semantics require dossier review
Dawnguard.esm,Dawnguard.esm,Dawnguard.esm:00352A,DLC1VQ01,DLC1VQ01,,Vampire,RunOnce,DLC1\Main Quest\,Dawnguard/vampire/Arkay-Stendarr candidate,candidate-scan,readback-ok,13,0; 5; 10; 12; 15; 17; 18; 19; 20; 30; 40; 200; 999,200,,,0 | 5 | 10 | 12 | 15 | 17 | 18 | 19 | 20 | 30 | 40 | 200 [ShutDownStage] | 999,30 | 40,0; 19; 5; 18; 15; 12; 200; 17; 999; 30; 40; 20; 10,QF_DLC01VQ01_0100352A,13:Location:DimhollowCrypt; 0:Reference:Tolan; 16:Reference:Adalvald; 14:Reference:Agmaer; 1:Reference:Serana; 6:Reference:Book; 3:Reference:Sarcophagus; 19:Reference:DimhollowEntrance; 4:Reference:SeranaCloaking; 15:Reference:Vampire1; 8:Reference:Vampire2; 7:Reference:PuzzleRoomVampireBoss; 17:Reference:PuzzleRoomVampire1; 18:Reference:PuzzleRoomVampireThrall,scan-only; exact stage/outcome semantics require dossier review
Dawnguard.esm,Dawnguard.esm,Dawnguard.esm:00D06C,DLC1VQ01MiscObjective,DLC1VQ01MiscObjective,,Vampire,RunOnce,DLC1\Main Quest\,Dawnguard/vampire/Arkay-Stendarr candidate,candidate-scan,readback-ok,16,5; 10; 20; 50; 80; 100; 110; 115; 120; 130; 140; 150; 180; 190; 200; 250,180,,5,5 [StartUpStage] | 10 | 20 | 50 | 80 | 100 | 110 | 115 | 120 | 130 | 140 | 150 | 180 | 190 | 200 | 250 [ShutDownStage],10,110; 120; 5; 250; 10; 80; 115; 200; 150; 190; 50; 140; 20; 180; 180; 100; 130,DLC1_QF_DLC1VQ01MiscObjective_0100D06C,7:Location:FortDawnguardLocation; 2:Reference:Isran; 8:Reference:Tolan; 9:Reference:Agmaer; 10:Reference:Celann; 12:Reference:Durak; 11:Reference:IsranLookUpMarker; 13:Reference:FortDawnguardWorldspaceDoor,scan-only; exact stage/outcome semantics require dossier review
Dawnguard.esm,Dawnguard.esm,Dawnguard.esm:00E6A7,DLC1VQ01RNPC,DLC1VQ01RNPC,,None,RunOnce,,Dawnguard/vampire/Arkay-Stendarr candidate,candidate-scan,readback-ok,1,0,,,0,0 [StartUpStage],,,,0:Reference:RNPC,scan-only; exact stage/outcome semantics require dossier review
Dawnguard.esm,Dawnguard.esm,Dawnguard.esm:002F65,DLC1VQ02,DLC1VQ02,,Vampire,RunOnce,DLC1\Main Quest\,Dawnguard/vampire/Arkay-Stendarr candidate,candidate-scan,readback-ok,15,0; 5; 6; 7; 8; 9; 10; 15; 20; 25; 30; 40; 180; 190; 200,180; 190; 200,,,0 | 5 | 6 | 7 | 8 | 9 | 10 | 15 | 20 | 25 | 30 | 40 | 180 | 190 | 200,10 | 20 | 30,0; 40; 5; 10; 25; 15; 200; 20; 7; 9; 190; 6; 180; 30; 8,DLC1_QF_DLC1VQ01COPY0000_01002F65,0:Reference:Tolan; 23:Reference:Agmaer; 1:Reference:Serana; 4:Reference:Harkon; 5:Reference:Vingalmo; 6:Reference:SpectatorVamp1; 7:Reference:SpectatorVamp2; 24:Reference:SpectatorVamp3; 9:Reference:SpectatorVamp4; 25:Reference:SpectatorVamp5; 26:Reference:SpectatorVamp6; 12:Reference:SpectatorVamp7; 13:Reference:SpectatorVamp8; 27:Reference:SpectatorVamp9; 28:Reference:Deathhound1; 29:Reference:Deathhound2; 14:Reference:PulledLever; 15:Reference:TargetLever; 16:Reference:DungeonExit; 17:Reference:Boat; 18:Reference:Isran; 19:Reference:Player; 20:Reference:FortWorld; 22:Location:DimhollowCryptLocation; 21:Reference:GargoyleAmbush; 30:Reference:MainCastleDoor,scan-only; exact stage/outcome semantics require dossier review
Dawnguard.esm,Dawnguard.esm,Dawnguard.esm:015AA7,DLC1VQ02RNPC,DLC1VQ02RNPC,,None,RunOnce,,Dawnguard/vampire/Arkay-Stendarr candidate,candidate-scan,readback-ok,1,0,,,0,0 [StartUpStage],,0,DLC1_QF_DLC1VQ02RNPC_01015AA7,0:Reference:RNPC,scan-only; exact stage/outcome semantics require dossier review
Dawnguard.esm,Dawnguard.esm,Dawnguard.esm:0098CB,DLC1VQ03Hunter,DLC1VQ03Hunter,,Vampire,RunOnce,DLC1\Main Quest\,Dawnguard/vampire/Arkay-Stendarr candidate,candidate-scan,readback-ok,24,0; 5; 7; 10; 15; 17; 20; 30; 40; 45; 50; 52; 55; 57; 60; 61; 65; 66; 67; 70; 80; 90; 100; 200,200,,,0 | 5 | 7 | 10 | 15 | 17 | 20 | 30 | 40 | 45 | 50 | 52 | 55 | 57 | 60 | 61 | 65 | 66 | 67 | 70 | 80 | 90 | 100 | 200,5 | 10 | 15 | 20 | 24 | 25 | 26 | 27 | 30 | 32 | 35 | 37 | 40 | 41 | 42 | 45 | 50 | 60,0; 70; 80; 45; 10; 90; 20; 200; 50; 57; 30; 40; 5; 67; 100; 15; 55; 60; 17; 66; 61; 65; 52; 7,DLC1_QF_DLC1VQ03Hunter_010098CB,38:Location:DLC1ForbearsHoldoutLocation; 1:Reference:Serana; 19:Reference:Isran; 3:Reference:Dexion; 5:Reference:Innkeeper; 17:Reference:Urag; 21:Reference:DragonBridge; 25:Reference:DeadVampire; 28:Reference:VampiresNote; 30:Reference:Hulda; 31:Reference:CorpulusVinius; 32:Reference:SorexVinius; 34:Reference:Malkus; 35:Reference:BarrierWidget; 36:Reference:BarrierControl; 39:Reference:VampireLeutenant,scan-only; exact stage/outcome semantics require dossier review
Dawnguard.esm,Dawnguard.esm,Dawnguard.esm:00F363,DLC1VQ03RNPC,DLC1VQ03RNPC,,None,RunOnce,,Dawnguard/vampire/Arkay-Stendarr candidate,candidate-scan,readback-ok,2,1; 200,,,1,1 [StartUpStage] | 200 [ShutDownStage],,200; 1,DLC1_QF_DLC1VQ03RNPC_0100F363,0:Reference:RNPC,scan-only; exact stage/outcome semantics require dossier review
Dawnguard.esm,Dawnguard.esm,Dawnguard.esm:004C3D,DLC1VQ03Vampire,DLC1VQ03Vampire,,Vampire,RunOnce,DLC1\Main Quest\,Dawnguard/vampire/Arkay-Stendarr candidate,candidate-scan,readback-ok,25,0; 5; 10; 20; 30; 40; 45; 47; 50; 55; 57; 60; 61; 65; 66; 67; 68; 70; 80; 90; 100; 110; 120; 130; 200,200,,5,0 | 5 [StartUpStage] | 10 | 20 | 30 | 40 | 45 | 47 | 50 | 55 | 57 | 60 | 61 | 65 | 66 | 67 | 68 | 70 | 80 | 90 | 100 | 110 | 120 | 130 | 200,10 | 20 | 23 | 24 | 25 | 26 | 27 | 28 | 30 | 35 | 37 | 38 | 39 | 40 | 41 | 45 | 47 | 50 | 60 | 70 | 80,0; 70; 80; 45; 10; 90; 47; 200; 50; 57; 30; 110; 40; 5; 67; 100; 66; 65; 60; 130; 120; 61; 68; 20; 55,DLC1_QF_DLC1VQ03Vampire_01004C3D,28:Location:ForbearsHoldout; 1:Reference:Serana; 3:Reference:Dexion; 4:Reference:Harkon; 5:Reference:Innkeeper; 9:Reference:Spectator1; 10:Reference:Spectator2; 11:Reference:Spectator3; 12:Reference:Spectator4; 13:Reference:Spectator5; 14:Reference:Spectator6; 15:Reference:Spectator7; 16:Reference:Spectator8; 17:Reference:Urag; 19:Reference:DragonBridge; 20:Reference:Hulda; 21:Reference:CorpulusVinius; 22:Reference:SorexVinius; 24:Reference:DeadVampire; 25:Reference:VampiresNote; 26:Reference:Vanik; 27:Reference:DawnguardLieutenant; 30:Reference:MalkusCorpse; 29:Reference:BarrierWidget; 31:Reference:BarrierControl,scan-only; exact stage/outcome semantics require dossier review
Dawnguard.esm,Dawnguard.esm,Dawnguard.esm:00284F,DLC1VQ04,DLC1VQ04,,Vampire,"RunOnce, WarnOnAliasFillFailure",DLC1\Main Quest\,Dawnguard/vampire/Arkay-Stendarr candidate,candidate-scan,readback-ok,23,0; 1; 10; 20; 25; 30; 35; 40; 45; 50; 55; 60; 70; 75; 80; 90; 95; 100; 110; 111; 112; 115; 200,200,,,0 | 1 | 10 | 20 | 25 | 30 | 35 | 40 | 45 | 50 | 55 | 60 | 70 | 75 | 80 | 90 | 95 | 100 | 110 | 111 | 112 | 115 | 200,10 | 20 | 30 | 40 | 45 | 50 | 52 | 54 | 56 | 60 | 70 | 80 | 90 | 100 | 110 | 120,0; 70; 80; 45; 10; 1; 90; 20; 20; 200; 50; 30; 35; 40; 115; 95; 25; 55; 60; 112; 75; 111; 110; 100,DLC1_QF_VQ04Hunter_0100284F,0:Reference:DLC1VQ04RNPC; 2:Reference:DLC1VQ04BookAlias; 3:Reference:DLC1VQ04PortalActivatorAlias; 4:Reference:DLC1VQ04PortalDoorAlias; 5:Reference:DLC1VQ04SoulGemBowlAlias; 6:Reference:DLC1VQ04BoneMealBowlAlias; 7:Reference:DLC1VQ04VoidSaltBowlAlias; 8:Reference:DLC1VQ04MoondialAlias; 9:Reference:DLC1VQ04LabAlias; 10:Reference:DLC1VQ04BowlActivator; 16:Reference:DLC1VQ04HoldingSafe; 13:Reference:DLC1VQ04SoulGemShardsAlias; 14:Reference:DLC1VQ04BoneMealIngredAlias; 15:Reference:DLC1VQ04VoidSaltIngredAlias; 17:Reference:DLC1VQ04SealOne; 18:Reference:DLC1VQ04SealTwo; 19:Reference:DLC1VQ04SealThree; 20:Reference:DLC1VQ04MoondialMarkerAlias,scan-only; exact stage/outcome semantics require dossier review
Dawnguard.esm,Dawnguard.esm,Dawnguard.esm:016673,DLC1VQ04RNPC,DLC1VQ04RNPC,,None,RunOnce,,Dawnguard/vampire/Arkay-Stendarr candidate,candidate-scan,readback-ok,1,0,,,0,0 [StartUpStage],,0,DLC1_QF_DLC1VQ04RNPC_01016673,0:Reference:RNPC,scan-only; exact stage/outcome semantics require dossier review
Dawnguard.esm,Dawnguard.esm,Dawnguard.esm:002850,DLC1VQ05,DLC1VQ05,,Vampire,RunOnce,DLC1\Main Quest\,Dawnguard/vampire/Arkay-Stendarr candidate,candidate-scan,readback-ok,16,0; 10; 20; 25; 28; 29; 30; 40; 50; 70; 80; 110; 120; 130; 140; 200,200,,,0 | 10 | 20 | 25 | 28 | 29 | 30 | 40 | 50 | 70 | 80 | 110 | 120 | 130 | 140 | 200,10 | 20 | 30 | 40 | 50 | 60 | 70 | 90 | 95 | 100 | 110 | 120,0; 40; 29; 120; 10; 25; 140; 28; 20; 200; 200; 50; 130; 30; 110; 80; 70,DLC1_QF_DLC1VQ05_01002850,0:Reference:DLC1VQ05RNPCAlias; 1:Reference:DLC1VQ05ValericaAlias; 2:Reference:DLC1VQ05Keeper01Alias; 3:Reference:DLC1VQ05Keeper02Alias; 4:Reference:DLC1VQ05Keeper03Alias; 15:Location:DLC1VQ05SoulCairn; 10:Reference:DLC1VQ05DurnehviirAlias; 17:Reference:DLC1VQ05HoldingSafeAlias; 11:Reference:DLC1VQ05ElderScrollThreeAlias; 13:Reference:DLC1VQ05ReturnHomeAlias; 18:Reference:DLC1VQ05ESActivatorAlias; 19:Reference:DLC1VQ05JumpPadPointerAlias,scan-only; exact stage/outcome semantics require dossier review
Dawnguard.esm,Dawnguard.esm,Dawnguard.esm:00D2D5,DLC1VQ05DragonFight,DLC1VQ05DragonFight,,None,260,,Dawnguard/vampire/Arkay-Stendarr candidate,candidate-scan,readback-ok,3,0; 100; 255,,,0,0 [StartUpStage] | 100 | 255 [ShutDownStage],,,,41:Location:DLC1VQ05DragonFightSoulCairn; 1:Reference:dragon,scan-only; exact stage/outcome semantics require dossier review
Dawnguard.esm,Dawnguard.esm,Dawnguard.esm:015A16,DLC1VQ05Post,DLC1VQ05Post,,None,"AllowRepeatedStages, RunOnce",DLC1\Main Quest\,Dawnguard/vampire/Arkay-Stendarr candidate,candidate-scan,readback-ok,2,10; 20,,,10,10 [StartUpStage] | 20,,20; 10,DLC1_QF_DLC1VQ05Post_01015A16,0:Reference:DLC1VQ05PostValericaAlias,scan-only; exact stage/outcome semantics require dossier review
Dawnguard.esm,Dawnguard.esm,Dawnguard.esm:0176C2,DLC1VQ05RNPC,DLC1VQ05RNPC,,None,RunOnce,,Dawnguard/vampire/Arkay-Stendarr candidate,candidate-scan,readback-ok,1,0,,,0,0 [StartUpStage],,0,DLC1_QF_DLC1VQ05RNPC_010176C2,0:Reference:RNPC,scan-only; exact stage/outcome semantics require dossier review
Dawnguard.esm,Dawnguard.esm,Dawnguard.esm:00EA41,DLC1VQ05SoulGemHandler,DLC1VQ05SoulGemHandler,,Misc,RunOnce,,Dawnguard/vampire/Arkay-Stendarr candidate,candidate-scan,readback-ok,4,10; 20; 30; 200,200,,10,10 [StartUpStage] | 20 | 30 | 200,10,20; 200; 10; 30,DLC1_QF_DLC1VQ05SoulGemHandle_0100EA41,1:Reference:DLC1VQ05GemChestAlias; 0:Reference:DLC1VQ05GemAlias,scan-only; exact stage/outcome semantics require dossier review
Dawnguard.esm,Dawnguard.esm,Dawnguard.esm:002852,DLC1VQ06,DLC1VQ06,,Vampire,RunOnce,DLC1\Main Quest\,Dawnguard/vampire/Arkay-Stendarr candidate,candidate-scan,readback-ok,14,0; 10; 20; 30; 40; 50; 60; 61; 62; 63; 64; 65; 70; 200,200,,,0 | 10 | 20 | 30 | 40 | 50 | 60 | 61 | 62 | 63 | 64 | 65 | 70 | 200,10 | 20 | 30 | 40 | 50 | 60,0; 40; 62; 10; 65; 63; 20; 200; 200; 50; 30; 61; 64; 70; 60,DLC1_QF_DLC1VQ06_01002852,9:Reference:DLC1VQ06RNPCAlias; 0:Reference:DLC1VQ06DiasMarkerAlias; 11:Reference:DLC1VQ06HoldingSafe; 1:Reference:DLC1VQ06DrawKnifeAlias; 23:Reference:DLC1VQ06DrawKnifeQTAlias; 3:Reference:DLC1VQ06CanticleTreeAlias01; 4:Reference:DLC1VQ06CanticleTreeAlias02; 5:Reference:DLC1VQ06CanticleTreeAlias03; 6:Reference:DLC1VQ06CanticleTreeAlias04; 7:Reference:DLC1VQ06CanticleTreeAlias05; 8:Reference:DLC1VQ06ReadingMarkerAlias; 10:Reference:DLC1VQ06PlayerAlias; 18:Reference:DLC1HoldingCellSafe; 12:Reference:DLC1VQ06CanticleBark1; 22:Reference:DLC1VQ06CanticleBark2; 21:Reference:DLC1VQ06CanticleBark3; 20:Reference:DLC1VQ06CanticleBark4; 19:Reference:DLC1VQ06CanticleBark5,scan-only; exact stage/outcome semantics require dossier review
Dawnguard.esm,Dawnguard.esm,Dawnguard.esm:0176C3,DLC1VQ06RNPC,DLC1VQ06RNPC,,None,RunOnce,,Dawnguard/vampire/Arkay-Stendarr candidate,candidate-scan,readback-ok,1,0,,,0,0 [StartUpStage],,0,DLC1_QF_DLC1VQ06RNPC_010176C3,0:Reference:RNPC,scan-only; exact stage/outcome semantics require dossier review
Dawnguard.esm,Dawnguard.esm,Dawnguard.esm:002853,DLC1VQ07,DLC1VQ07,,Vampire,RunOnce,DLC1\Main Quest\,Dawnguard/vampire/Arkay-Stendarr candidate,candidate-scan,readback-ok,33,0; 10; 30; 35; 36; 50; 55; 60; 65; 70; 80; 81; 82; 85; 86; 87; 90; 91; 92; 95; 96; 97; 100; 105; 110; 120; 130; 131; 132; 135; 140; 150; 200,200,,,0 | 10 | 30 | 35 | 36 | 50 | 55 | 60 | 65 | 70 | 80 | 81 | 82 | 85 | 86 | 87 | 90 | 91 | 92 | 95 | 96 | 97 | 100 | 105 | 110 | 120 | 130 | 131 | 132 | 135 | 140 | 150 | 200,20 | 30 | 50 | 70 | 80 | 90 | 100 | 110 | 120 | 130,0; 135; 140; 90; 81; 105; 85; 100; 131; 65; 60; 92; 87; 70; 80; 91; 10; 10; 10; 97; 200; 50; 30; 110; 120; 95; 82; 150; 35; 36; 55; 130; 132; 86; 96,DLC1_QF_DLC1VQ07_01002853,0:Reference:DLC1VQ07GeleborAlias; 13:Reference:DLC1VQ07RNPCAlias; 1:Reference:DLC1VQ07VyrthurAlias; 2:Reference:DLC1VQ07InitiatesEwerAlias; 19:Reference:DLC1VQ07Prelate00Alias; 6:Reference:DLC1VQ07Prelate01Alias; 7:Reference:DLC1VQ07Prelate02Alias; 8:Reference:DLC1VQ07Prelate03Alias; 10:Reference:DLC1VQ07Prelate04Alias; 21:Reference:DLC1VQ07HoldingSafe; 11:Reference:DLC1VQ07AurielsBowAlias; 22:Reference:DLC1VQ07BowTriggerAlias; 20:Reference:DLC1VQ07Basin00Alias; 14:Reference:DLC1VQ07Basin01Alias; 15:Reference:DLC1VQ07Basin02Alias; 16:Reference:DLC1VQ07Basin03Alias; 17:Reference:DLC1VQ07Basin04Alias; 18:Reference:DLC1VQ07TempleBasinAlias; 23:Reference:DLC1VQ07BalconyCollisionMarker,scan-only; exact stage/outcome semantics require dossier review
Dawnguard.esm,Dawnguard.esm,Dawnguard.esm:01681C,DLC1VQ07Combat,DLC1VQ07Combat,,None,273,DLC1\Main Quest\,Dawnguard/vampire/Arkay-Stendarr candidate,candidate-scan,readback-ok,0,,,,,,,,,,scan-only; exact stage/outcome semantics require dossier review
Dawnguard.esm,Dawnguard.esm,Dawnguard.esm:015A68,DLC1VQ07Post,DLC1VQ07Post,,None,RunOnce,DLC1\Main Quest\,Dawnguard/vampire/Arkay-Stendarr candidate,candidate-scan,readback-ok,1,10,,,10,10 [StartUpStage],,10,DLC1_QF_DLC1VQ07Post_01015A68,0:Reference:DLC1VQ07PostGeleborAlias; 1:Reference:DLC1VQ07PostSerana,scan-only; exact stage/outcome semantics require dossier review
Dawnguard.esm,Dawnguard.esm,Dawnguard.esm:0176C4,DLC1VQ07RNPC,DLC1VQ07RNPC,,None,RunOnce,,Dawnguard/vampire/Arkay-Stendarr candidate,candidate-scan,readback-ok,1,0,,,0,0 [StartUpStage],,0,DLC1_QF_DLC1VQ07RNPC_010176C4,0:Reference:RNPC,scan-only; exact stage/outcome semantics require dossier review
Dawnguard.esm,Dawnguard.esm,Dawnguard.esm:007C25,DLC1VQ08,DLC1VQ08,,Vampire,RunOnce,DLC1\Main Quest\,Dawnguard/vampire/Arkay-Stendarr candidate,candidate-scan,readback-ok,10,0; 10; 20; 25; 30; 40; 50; 55; 60; 200,200,,,0 | 10 | 20 | 25 | 30 | 40 | 50 | 55 | 60 | 200,10 | 20 | 30 | 40,0; 40; 10; 25; 55; 60; 50; 30; 20; 20; 200,DLC1_QF_DLC1VQ08_01007C25,0:Reference:DLC1VQ08RNPCAlias; 1:Reference:DLC1VQ08HarkonAlias; 2:Reference:DLC1VQ08IsranAlias; 3:Reference:DLC1VQ08AgmaerAlias; 4:Reference:DLC1VQ08BelevalAlias; 5:Reference:DLC1VQ08CelannAlias; 6:Reference:DLC1VQ08DurakAlias; 7:Reference:DLC1VQ08IngjardAlias; 8:Reference:DLC1VQ08SorineAlias; 9:Reference:DLC1VQ08GunmarAlias; 10:Reference:DLC1VQ08FlorentiusAlias; 11:Reference:DLC1VQ08PlayerAlias; 12:Reference:DLC1VQ08AurielsBowAlias; 13:Reference:VingalmoAlias; 14:Reference:OrthjolfAlias; 15:Reference:FeranAlias; 16:Reference:GaranAlias; 17:Reference:FuraAlias; 18:Reference:HestlaAlias; 19:Reference:RonthilAlias; 20:Reference:RargalAlias; 53:Reference:SaloniaAlias; 58:Reference:ModhnaAlias; 57:Reference:NamasurAlias; 54:Reference:StalfAlias; 55:Reference:Deathhound1Alias; 56:Reference:Deathhound2Alias; 21:Reference:TrollAlias; 22:Reference:HunterUpdateTriggerAlias; 45:Reference:HarkonBossChamberDoor; 59:Reference:HarkonBossChamberDoorGuildSide; 46:Reference:HarkonBattleNoNameAlias; 49:Reference:HarkonBattleHoldPositionMarker; 52:Reference:HarkonBattleRealHarkon; 50:Reference:HarkonBattleMeleeForm; 51:Reference:HarkonBattleMagicForm,scan-only; exact stage/outcome semantics require dossier review
Dawnguard.esm,Dawnguard.esm,Dawnguard.esm:01A8BB,DLC1VQ08HunterMove,DLC1VQ08HunterMove,,None,RunOnce,,Dawnguard/vampire/Arkay-Stendarr candidate,candidate-scan,readback-ok,2,0; 200,,,0,0 [StartUpStage] | 200 [ShutDownStage],,0,DLC1_QF_DLC1VQ08HunterMove_0101A8BB,0:Reference:IsranAlias; 1:Reference:TrollAlias; 2:Reference:SorineAlias; 3:Reference:GunmarAlias; 4:Reference:FlorentiusAlias; 5:Reference:AgmaerAlias; 6:Reference:BelevalAlias; 7:Reference:CelannAlias; 8:Reference:DurakAlias; 9:Reference:IngjardAlias; 10:Reference:IsranCastleMarker; 11:Reference:SorineCastleMarker; 12:Reference:GunmarCastleMarker; 13:Reference:FlorentiusCastleMarker; 14:Reference:AgmaerCastleMarker; 15:Reference:BelevalCastleMarker; 16:Reference:CelannCastleMarker; 17:Reference:DurakCastleMarker; 18:Reference:IngjardCastleMarker,scan-only; exact stage/outcome semantics require dossier review
Dawnguard.esm,Dawnguard.esm,Dawnguard.esm:01A1C1,DLC1VQ08Post,DLC1VQ08Post,,None,RunOnce,DLC1\Main Quest\,Dawnguard/vampire/Arkay-Stendarr candidate,candidate-scan,readback-ok,1,10,,,10,10 [StartUpStage],,10,DLC1_QF_DLC1VQ08Post_0101A1C1,0:Reference:IsranAlias; 1:Reference:SorineAlias; 2:Reference:GunmarAlias; 3:Reference:FlorentiusAlias; 18:Reference:SeranaAlias; 4:Reference:BelevalAlias; 5:Reference:CelannAlias; 6:Reference:AgmaerAlias; 7:Reference:DurakAlias; 8:Reference:IngjardAlias; 9:Reference:VingalmoAlias; 10:Reference:OrthjolfAlias; 11:Reference:GaranAlias; 12:Reference:FuraAlias; 13:Reference:FeranAlias; 14:Reference:HestlaAlias; 15:Reference:RargalAlias; 16:Reference:RonthilAlias; 17:Reference:BossRoomMarkerAlias; 19:Reference:HarkonDeathMarker; 20:Reference:DexionAlias,scan-only; exact stage/outcome semantics require dossier review
Dawnguard.esm,Dawnguard.esm,Dawnguard.esm:004BBF,DLC1VQ08RNPC,DLC1VQ08RNPC,,None,RunOnce,,Dawnguard/vampire/Arkay-Stendarr candidate,candidate-scan,readback-ok,1,0,,,0,0 [StartUpStage],,0,DLC1_QF_DLC1VQ08RNPC_01004BBF,0:Reference:RNPC,scan-only; exact stage/outcome semantics require dossier review
Dawnguard.esm,Dawnguard.esm,Dawnguard.esm:01A415,DLC1VQCastleGuard,DLC1VQCastleGuard,,Misc,17,DLC1\Main Quest\,Dawnguard/vampire/Arkay-Stendarr candidate,candidate-scan,readback-ok,5,0; 10; 20; 30; 200,,,10,0 | 10 [StartUpStage] | 20 | 30 | 200 [ShutDownStage],,0; 200; 10; 20; 30,DLC1_QF_DLC1VQCastleGuard_0101A415,1:Reference:Guard,scan-only; exact stage/outcome semantics require dossier review
Dawnguard.esm,Dawnguard.esm,Dawnguard.esm:00C73A,DLC1VQDragon,DLC1VQDragon,,Misc,273,DLC1\,Dawnguard/vampire/Arkay-Stendarr candidate,candidate-scan,readback-ok,8,0; 10; 20; 30; 35; 40; 50; 60,,,,0 | 10 | 20 | 30 | 35 | 40 | 50 | 60,10 | 20 | 30 | 40,0; 40; 50; 60; 10; 35; 30; 20,DLC1_QF_DLC1VQDragon_0100C73A,0:Reference:dragon; 3:Location:DLC1VQDragonSoulCairn; 1:Reference:DLC1VQDragonAlias,scan-only; exact stage/outcome semantics require dossier review
Dawnguard.esm,Dawnguard.esm,Dawnguard.esm:01119F,DLC1VQDragonMisc,DLC1VQDragonMisc,,Misc,RunOnce,,Dawnguard/vampire/Arkay-Stendarr candidate,candidate-scan,readback-ok,2,10; 200,,,10,10 [StartUpStage] | 200,10,200; 10,DLC1_QF_DLC1VQDragonMisc_0101119F,2:Location:DLC1VQDragonMiscSCAlias; 0:Reference:DLC1VQDragonMiscAlias,scan-only; exact stage/outcome semantics require dossier review
Dawnguard.esm,Dawnguard.esm,Dawnguard.esm:005DA9,DLC1VQElder,DLC1VQElder,,Vampire,0,DLC1\Main Quest\,Dawnguard/vampire/Arkay-Stendarr candidate,candidate-scan,readback-ok,7,1; 10; 20; 25; 30; 40; 200,200,,1,1 [StartUpStage] | 10 | 20 | 25 | 30 | 40 | 200,10 | 20 | 30,20; 40; 40; 200; 200; 10; 1; 30; 25,DLC1_QF_DLC1VQElder_01005DA9,3:Reference:DLC1VQElderRNPCAlias; 0:Reference:DLC1VQElderDexionAlias; 5:Reference:DLC1HoldingCellSafe; 2:Reference:DLC1VQElderScrollThree; 1:Reference:DLC1VQElderScrollTwo; 4:Reference:DLC1VQElderScrollTwoCreated; 6:Reference:DLC1VQElderScrollTwoMaster; 7:Reference:DLC1VQElderScrollOne; 8:Reference:DLC1VQElderUragAlias; 9:Reference:Serana,scan-only; exact stage/outcome semantics require dossier review
Dawnguard.esm,Dawnguard.esm,Dawnguard.esm:0181BF,DLC1VQElderHandler,DLC1VQElderHandler,,Vampire,RunOnce,DLC1\Main Quest\,Dawnguard/vampire/Arkay-Stendarr candidate,candidate-scan,readback-ok,4,10; 20; 30; 200,200,,10,10 [StartUpStage] | 20 | 30 | 200,10 | 20,20; 200; 200; 200; 10; 30,DLC1_QF_DLC1VQElderHandler_010181BF,0:Reference:DLC1VQElderRNPCAlias; 1:Reference:DLC1VQElderHandlerUragAlias,scan-only; exact stage/outcome semantics require dossier review
Dawnguard.esm,Dawnguard.esm,Dawnguard.esm:019DB9,DLC1VQElderQuestItemHandler,DLC1VQElderQuestItemHandler,,None,17,,Dawnguard/vampire/Arkay-Stendarr candidate,candidate-scan,readback-ok,1,10,,,10,10 [StartUpStage],,10,DLC1_QF_DLC1VQElderQuestItemH_01019DB9,0:Reference:DLC1VQESBloodAlias; 1:Reference:DLC1VQESSunAlias; 2:Reference:DLC1VQESDragonAlias,scan-only; exact stage/outcome semantics require dossier review
Dawnguard.esm,Dawnguard.esm,Dawnguard.esm:0083A4,DLC1VQFactions,DLC1VQFactions,,None,1041,DLC1\Main Quest\,Dawnguard/vampire/Arkay-Stendarr candidate,candidate-scan,readback-ok,1,0,,,,0,,,,,scan-only; exact stage/outcome semantics require dossier review
Dawnguard.esm,Dawnguard.esm,Dawnguard.esm:01A3E4,DLC1VQFVBooks,DLC1VQFVBooks,,Misc,273,DLC1\,Dawnguard/vampire/Arkay-Stendarr candidate,candidate-scan,readback-ok,5,0; 10; 20; 30; 200,,,10,0 | 10 [StartUpStage] | 20 | 30 | 200 [ShutDownStage],10,0; 200; 10; 30; 20,DLC1_QF_DLC1VQFVBooks_0101A3E4,0:Reference:DLC1FVBUragAlias; 5:Reference:DLC1FVBHoldingSafe; 10:Reference:DLC1FVBActivatorBook01; 14:Reference:DLC1FVBActivatorBook02; 15:Reference:DLC1FVBActivatorBook03; 16:Reference:DLC1FVBActivatorBook04; 1:Reference:DLC1FVBBook01; 2:Reference:DLC1FVBBook02; 3:Reference:DLC1FVBBook03; 4:Reference:DLC1FVBBook04; 6:Reference:DLC1FVBBookEnglish01; 7:Reference:DLC1FVBBookEnglish02; 8:Reference:DLC1FVBBookEnglish03; 9:Reference:DLC1FVBBookEnglish04,scan-only; exact stage/outcome semantics require dossier review
Dawnguard.esm,Dawnguard.esm,Dawnguard.esm:01400B,DLC1VQSaint,DLC1VQSaint,,Vampire,273,DLC1\,Dawnguard/vampire/Arkay-Stendarr candidate,candidate-scan,readback-ok,5,0; 10; 20; 30; 200,200,,,0 | 10 | 20 | 30 | 200,10 | 20,0; 200; 10; 20; 30,DLC1_QF_DLC1VQSaint_0101400B,0:Reference:DLC1VQSaintJiubAlias; 1:Reference:DLC1VQSaintPage01Alias; 2:Reference:DLC1VQSaintPage02Alias; 3:Reference:DLC1VQSaintPage03Alias; 4:Reference:DLC1VQSaintPage04Alias; 5:Reference:DLC1VQSaintPage05Alias; 6:Reference:DLC1VQSaintPage06Alias; 7:Reference:DLC1VQSaintPage07Alias; 8:Reference:DLC1VQSaintPage08Alias; 9:Reference:DLC1VQSaintPage09Alias; 10:Reference:DLC1VQSaintPage10Alias,scan-only; exact stage/outcome semantics require dossier review
Dawnguard.esm,Dawnguard.esm,Dawnguard.esm:01400D,DLC1VQSaintPost,DLC1VQSaintPost,,None,0,DLC1\,Dawnguard/vampire/Arkay-Stendarr candidate,candidate-scan,readback-ok,1,10,,,10,10 [StartUpStage],,10,DLC1_QF_DLC1VQSaintPost_0101400D,0:Reference:DLC1VQSaintJiubPostAlias,scan-only; exact stage/outcome semantics require dossier review
Dawnguard.esm,Dawnguard.esm,Dawnguard.esm:00876D,DLC1WE00,DLC1WE00,,None,4,DLC1\Wilderness Encounters\,Dawnguard/vampire/Arkay-Stendarr candidate,candidate-scan,readback-ok,2,0; 255,,,0,0 [StartUpStage] | 255 [ShutDownStage],,0; 255,DLC1_QF_DLC1WE00_0100876D,1:Reference:TRIGGER; 4:Location:myHoldLocation; 6:Location:myHoldContested; 7:Location:myHoldImperial; 8:Location:myHoldSons; 11:Reference:SceneCenterMarker; 12:Reference:SceneMarker1; 13:Reference:SceneMarker2; 14:Reference:SceneMarker3; 26:Reference:TravelMarker1; 27:Reference:TravelMarker2; 25:Reference:PostEncounterSandboxRef; 18:Reference:Actor1; 29:Reference:Actor2; 30:Reference:Actor3,scan-only; exact stage/outcome semantics require dossier review
Dawnguard.esm,Dawnguard.esm,Dawnguard.esm:00876E,DLC1WE01,DLC1WE01,,None,4,DLC1\Wilderness Encounters\,Dawnguard/vampire/Arkay-Stendarr candidate,candidate-scan,readback-ok,2,0; 255,,,0,0 [StartUpStage] | 255 [ShutDownStage],,0; 255,DLC1_QF_DLC1WE01_0100876E,1:Reference:TRIGGER; 4:Location:myHoldLocation; 6:Location:myHoldContested; 7:Location:myHoldImperial; 8:Location:myHoldSons; 26:Reference:TravelMarker1; 27:Reference:TravelMarker2; 18:Reference:Actor1; 29:Reference:Actor2,scan-only; exact stage/outcome semantics require dossier review
Dawnguard.esm,Dawnguard.esm,Dawnguard.esm:008771,DLC1WE02,DLC1WE02,,None,4,DLC1\Wilderness Encounters\,Dawnguard/vampire/Arkay-Stendarr candidate,candidate-scan,readback-ok,2,0; 255,,,0,0 [StartUpStage] | 255 [ShutDownStage],,0; 255,DLC1_QF_DLC1WE02_01008771,1:Reference:TRIGGER; 4:Location:myHoldLocation; 6:Location:myHoldContested; 7:Location:myHoldImperial; 8:Location:myHoldSons; 26:Reference:TravelMarker1; 27:Reference:TravelMarker2; 18:Reference:Actor1,scan-only; exact stage/outcome semantics require dossier review
Dawnguard.esm,Dawnguard.esm,Dawnguard.esm:017861,DLC1WE03,DLC1WE03,,None,4,DLC1\Wilderness Encounters\,Dawnguard/vampire/Arkay-Stendarr candidate,candidate-scan,readback-ok,2,0; 255,,,0,0 [StartUpStage] | 255 [ShutDownStage],,0; 255,DLC1_QF_DLC1WE03_01017861,1:Reference:TRIGGER; 4:Location:myHoldLocation; 6:Location:myHoldContested; 7:Location:myHoldImperial; 8:Location:myHoldSons; 26:Reference:TravelMarker1; 27:Reference:TravelMarker2; 18:Reference:Actor1; 29:Reference:Actor2,scan-only; exact stage/outcome semantics require dossier review
Dawnguard.esm,Dawnguard.esm,Dawnguard.esm:017863,DLC1WE04,DLC1WE04,,None,4,DLC1\Wilderness Encounters\,Dawnguard/vampire/Arkay-Stendarr candidate,candidate-scan,readback-ok,2,0; 255,,,0,0 [StartUpStage] | 255 [ShutDownStage],,0; 255,DLC1_QF_DLC1WE04_01017863,1:Reference:TRIGGER; 4:Location:myHoldLocation; 6:Location:myHoldContested; 7:Location:myHoldImperial; 8:Location:myHoldSons; 26:Reference:TravelMarker1; 27:Reference:TravelMarker2; 18:Reference:Actor1; 29:Reference:Actor2; 30:Reference:Actor3,scan-only; exact stage/outcome semantics require dossier review
Dawnguard.esm,Dawnguard.esm,Dawnguard.esm:017865,DLC1WE05,DLC1WE05,,None,4,DLC1\Wilderness Encounters\,Dawnguard/vampire/Arkay-Stendarr candidate,candidate-scan,readback-ok,2,0; 255,,,0,0 [StartUpStage] | 255 [ShutDownStage],,0; 255,DLC1_QF_DLC1WE05_01017865,1:Reference:TRIGGER; 4:Location:myHoldLocation; 6:Location:myHoldContested; 7:Location:myHoldImperial; 8:Location:myHoldSons; 26:Reference:TravelMarker1; 27:Reference:TravelMarker2; 18:Reference:Actor1; 29:Reference:Actor2,scan-only; exact stage/outcome semantics require dossier review
Dawnguard.esm,Dawnguard.esm,Dawnguard.esm:017867,DLC1WE06,DLC1WE06,,None,4,DLC1\Wilderness Encounters\,Dawnguard/vampire/Arkay-Stendarr candidate,candidate-scan,readback-ok,2,0; 255,,,0,0 [StartUpStage] | 255 [ShutDownStage],,0; 255,DLC1_QF_DLC1WE06_01017867,1:Reference:TRIGGER; 4:Location:myHoldLocation; 6:Location:myHoldContested; 7:Location:myHoldImperial; 8:Location:myHoldSons; 26:Reference:TravelMarker1; 27:Reference:TravelMarker2; 18:Reference:Actor1; 29:Reference:Actor2; 30:Reference:Actor3; 31:Reference:Actor4; 32:Reference:Actor5; 33:Reference:Actor6,scan-only; exact stage/outcome semantics require dossier review
Dawnguard.esm,Dawnguard.esm,Dawnguard.esm:0041FE,DLC1WE07,DLC1WE07,,None,4,DLC1\Wilderness Encounters\,Dawnguard/vampire/Arkay-Stendarr candidate,candidate-scan,readback-ok,2,0; 255,,,0,0 [StartUpStage] | 255 [ShutDownStage],,0; 255,DLC1_QF_DLC1WE07_010041FE,1:Reference:TRIGGER; 4:Location:myHoldLocation; 6:Location:myHoldContested; 7:Location:myHoldImperial; 8:Location:myHoldSons; 26:Reference:TravelMarker1; 27:Reference:TravelMarker2; 18:Reference:Actor1; 31:Reference:Actor2; 32:Reference:Actor3,scan-only; exact stage/outcome semantics require dossier review
Dawnguard.esm,Dawnguard.esm,Dawnguard.esm:004201,DLC1WE08,DLC1WE08,,None,4,DLC1\Wilderness Encounters\,Dawnguard/vampire/Arkay-Stendarr candidate,candidate-scan,readback-ok,2,0; 255,,,0,0 [StartUpStage] | 255 [ShutDownStage],,0; 255,DLC1_QF_DLC1WE08_01004201,1:Reference:TRIGGER; 4:Location:myHoldLocation; 6:Location:myHoldContested; 7:Location:myHoldImperial; 8:Location:myHoldSons; 26:Reference:TravelMarker1; 27:Reference:TravelMarker2; 18:Reference:Actor1; 31:Reference:Actor2; 32:Reference:Actor3,scan-only; exact stage/outcome semantics require dossier review
Dawnguard.esm,Dawnguard.esm,Dawnguard.esm:01420C,DLC1WEDB01,DLC1WEDB01,,None,4,DLC1\Wilderness Encounters\,Dawnguard/vampire/Arkay-Stendarr candidate,candidate-scan,readback-ok,2,0; 255,,,0,0 [StartUpStage] | 255 [ShutDownStage],,0; 255,DLC1_QF_DLC1WEDB01_0101420C,1:Reference:TRIGGER; 4:Location:myHoldLocation; 6:Location:myHoldContested; 7:Location:myHoldImperial; 8:Location:myHoldSons; 11:Reference:SceneCenterMarker; 12:Reference:SceneMarker1; 13:Reference:SceneMarker2; 14:Reference:SceneMarker3; 26:Reference:TravelMarker1; 27:Reference:TravelMarker2; 25:Reference:PostEncounterSandboxRef; 18:Reference:Actor1; 31:Reference:Actor2; 32:Reference:Actor3; 33:Reference:Actor4,scan-only; exact stage/outcome semantics require dossier review
Dawnguard.esm,Dawnguard.esm,Dawnguard.esm:01420F,DLC1WEDB02,DLC1WEDB02,,None,4,DLC1\Wilderness Encounters\,Dawnguard/vampire/Arkay-Stendarr candidate,candidate-scan,readback-ok,5,0; 10; 20; 30; 255,,,0,0 [StartUpStage] | 10 | 20 | 30 | 255 [ShutDownStage],,0; 255; 10; 20; 30,DLC1_QF_DLC1WEDB02_0101420F,1:Reference:TRIGGER; 4:Location:myHoldLocation; 6:Location:myHoldContested; 7:Location:myHoldImperial; 8:Location:myHoldSons; 11:Reference:SceneCenterMarker; 12:Reference:SceneMarker1; 13:Reference:SceneMarker2; 14:Reference:SceneMarker3; 26:Reference:TravelMarker1; 27:Reference:TravelMarker2; 25:Reference:PostEncounterSandboxRef; 18:Reference:Actor1; 31:Reference:Actor2,scan-only; exact stage/outcome semantics require dossier review
Dawnguard.esm,Dawnguard.esm,Dawnguard.esm:014215,DLC1WEDB03,DLC1WEDB03,,None,4,DLC1\Wilderness Encounters\,Dawnguard/vampire/Arkay-Stendarr candidate,candidate-scan,readback-ok,4,0; 10; 20; 255,,,0,0 [StartUpStage] | 10 | 20 | 255 [ShutDownStage],,0; 255; 10; 20,DLC1_QF_DLC1WEDB03_01014215,1:Reference:TRIGGER; 4:Location:myHoldLocation; 6:Location:myHoldContested; 7:Location:myHoldImperial; 8:Location:myHoldSons; 11:Reference:SceneCenterMarker; 12:Reference:SceneMarker1; 13:Reference:SceneMarker2; 14:Reference:SceneMarker3; 26:Reference:TravelMarker1; 27:Reference:TravelMarker2; 25:Reference:PostEncounterSandboxRef; 18:Reference:Actor1; 37:Reference:Actor2; 36:Reference:Actor3,scan-only; exact stage/outcome semantics require dossier review
Dawnguard.esm,Dawnguard.esm,Dawnguard.esm:00F7F0,DLC1WEJS01,DLC1WEJS01,,None,4,DLC1\Wilderness Encounters\,Dawnguard/vampire/Arkay-Stendarr candidate,candidate-scan,readback-ok,2,0; 255,,,0,0 [StartUpStage] | 255 [ShutDownStage],,0; 255,DLC1_QF_DLC1WEJS01_0100F7F0,1:Reference:TRIGGER; 4:Location:myHoldLocation; 6:Location:myHoldContested; 7:Location:myHoldImperial; 8:Location:myHoldSons; 11:Reference:SceneCenterMarker; 12:Reference:SceneMarker1; 13:Reference:SceneMarker2; 14:Reference:SceneMarker3; 26:Reference:TravelMarker1; 27:Reference:TravelMarker2; 25:Reference:PostEncounterSandboxRef; 18:Reference:DeadVigilant; 29:Reference:Vampire; 30:Reference:Vampire02,scan-only; exact stage/outcome semantics require dossier review
Dawnguard.esm,Dawnguard.esm,Dawnguard.esm:010AE7,DLC1WEJS02,DLC1WEJS02,,None,4,DLC1\Wilderness Encounters\,Dawnguard/vampire/Arkay-Stendarr candidate,candidate-scan,readback-ok,3,0; 10; 255,,,0,0 [StartUpStage] | 10 | 255 [ShutDownStage],,0; 255; 10,DLC1_QF_DLC1WEJS02_01010AE7,1:Reference:TRIGGER; 4:Location:myHoldLocation; 6:Location:myHoldContested; 7:Location:myHoldImperial; 8:Location:myHoldSons; 34:Location:Dungeon; 31:Reference:DungeonInsideEntrance; 26:Reference:TravelMarker1; 27:Reference:TravelMarker2; 29:Reference:Vampire,scan-only; exact stage/outcome semantics require dossier review
Dawnguard.esm,Dawnguard.esm,Dawnguard.esm:010AEB,DLC1WEJS04,DLC1WEJS04,,None,4,DLC1\Wilderness Encounters\,Dawnguard/vampire/Arkay-Stendarr candidate,candidate-scan,readback-ok,4,0; 5; 10; 255,,,0,0 [StartUpStage] | 5 | 10 | 255 [ShutDownStage],,0; 255; 10,DLC1_QF_DLC1WEJS04_01010AEB,1:Reference:TRIGGER; 4:Location:myHoldLocation; 6:Location:myHoldContested; 7:Location:myHoldImperial; 8:Location:myHoldSons; 11:Reference:SceneCenterMarker; 12:Reference:SceneMarker1; 13:Reference:SceneMarker2; 14:Reference:SceneMarker3; 18:Reference:Babette; 29:Reference:DeadBody,scan-only; exact stage/outcome semantics require dossier review
Dawnguard.esm,Dawnguard.esm,Dawnguard.esm:0127EE,DLC1WEJS05,DLC1WEJS05,,None,4,DLC1\Wilderness Encounters\,Dawnguard/vampire/Arkay-Stendarr candidate,candidate-scan,readback-ok,2,0; 255,,,0,0 [StartUpStage] | 255 [ShutDownStage],,0; 255,DLC1_QF_DLC1WEJS05_010127EE,1:Reference:TRIGGER; 4:Location:myHoldLocation; 6:Location:myHoldContested; 7:Location:myHoldImperial; 8:Location:myHoldSons; 11:Reference:SceneCenterMarker; 12:Reference:SceneMarker1; 31:Reference:SceneMarker2; 32:Reference:SceneMarker3; 25:Reference:PostEncounterSandboxRef; 18:Reference:GiantSpider; 29:Reference:GiantSpiderSnow; 33:Reference:SpiderDinner01; 34:Reference:SpiderDinner02; 35:Reference:SpiderDinner03,scan-only; exact stage/outcome semantics require dossier review
Dawnguard.esm,Dawnguard.esm,Dawnguard.esm:0127F0,DLC1WEJS06,DLC1WEJS06,,None,4,DLC1\Wilderness Encounters\,Dawnguard/vampire/Arkay-Stendarr candidate,candidate-scan,readback-ok,2,0; 255,,,0,0 [StartUpStage] | 255 [ShutDownStage],,0; 255,DLC1_QF_DLC1WEJS06_010127F0,1:Reference:TRIGGER; 4:Location:myHoldLocation; 6:Location:myHoldContested; 7:Location:myHoldImperial; 8:Location:myHoldSons; 11:Reference:SceneCenterMarker; 12:Reference:SceneMarker1; 31:Reference:SceneMarker2; 32:Reference:SceneMarker3; 25:Reference:PostEncounterSandboxRef; 18:Reference:GiantSpider; 36:Reference:GiantSpider02; 29:Reference:GiantSpiderSnow; 37:Reference:GiantSpiderSnow02; 33:Reference:SpiderDinner01,scan-only; exact stage/outcome semantics require dossier review
Dawnguard.esm,Dawnguard.esm,Dawnguard.esm:00F711,DLC1WerewolfPerkExplanation,DLC1WerewolfPerkExplanation,,None,273,,Dawnguard/vampire/Arkay-Stendarr candidate,candidate-scan,readback-ok,0,,,,,,,,,,scan-only; exact stage/outcome semantics require dossier review
Dawnguard.esm,Dawnguard.esm,Skyrim.esm:021551,TG05,TG05,,ThievesGuild,0,Faction\ThievesGuild\,Nocturnal/theft candidate,candidate-scan,readback-ok,11,0; 1; 10; 20; 30; 35; 40; 45; 50; 60; 200,200,,,0 | 1 | 10 | 20 | 30 | 35 | 40 | 45 | 50 | 60 | 200,10 | 20 | 35 | 50,0; 40; 45; 10; 1; 20; 60; 50; 30; 35; 200,QF_TG05_00021551,0:Reference:TG05KarliahAlias; 1:Reference:TG05MercerAlias; 2:Reference:TG05DoorAlias; 3:Reference:TG05BrynjolfAlias; 4:Reference:SnowveilWETrigger,scan-only; exact stage/outcome semantics require dossier review
Dawnguard.esm,Dawnguard.esm,Skyrim.esm:02C367,TG05SP,TG05SP,,None,0,Faction\ThievesGuild\,Nocturnal/theft candidate,candidate-scan,readback-ok,5,10; 20; 30; 40; 200,,,,10 | 20 | 30 | 40 | 200,,20; 40; 10; 30; 200,QF_TG05SP_0002C367,0:Reference:TG05SPKarliahAlias; 1:Reference:TG05SPMercerAlias,scan-only; exact stage/outcome semantics require dossier review
Dawnguard.esm,Dawnguard.esm,Skyrim.esm:021554,TG08B,TG08B,,ThievesGuild,AllowRepeatedStages,Faction\ThievesGuild\,Nocturnal/theft candidate,candidate-scan,readback-ok,16,0; 1; 10; 20; 30; 32; 33; 35; 37; 40; 41; 45; 47; 50; 60; 200,200,,,0 | 1 | 10 | 20 | 30 | 32 | 33 | 35 | 37 | 40 | 41 | 45 | 47 | 50 | 60 | 200,10 | 20 | 30 | 40 | 45 | 50 | 60,0; 40; 41; 45; 10; 1; 47; 60; 20; 200; 50; 33; 37; 30; 32; 35,QF_TG08_00021554,0:Reference:KarliahAlias; 1:Reference:BrynjolfAlias; 2:Reference:MercerAlias; 3:Reference:SkeletonKeyAlias; 5:Reference:TG08BExitMarkerAlias; 7:Reference:MercerSpeakerAlias; 8:Reference:TG08MeetMarkerAlias; 10:Reference:TG08BIrkDoorAlias,scan-only; exact stage/outcome semantics require dossier review
Dragonborn.esm,Dragonborn.esm,Dragonborn.esm:027EC7,DLC2_dunMQ02,DLC2_dunMQ02,,None,RunOnce,DLC2\Dungeons\,Solstheim/Hermaeus Mora/Dunmer candidate,candidate-scan,readback-ok,24,0; 10; 100; 105; 110; 115; 120; 125; 140; 145; 200; 210; 215; 220; 225; 228; 230; 240; 250; 300; 305; 310; 320; 330,,,10,0 | 10 [StartUpStage] | 100 | 105 | 110 | 115 | 120 | 125 | 140 | 145 | 200 | 210 | 215 | 220 | 225 | 228 | 230 | 240 | 250 | 300 | 305 | 310 | 320 | 330,,215; 125; 140; 10; 240; 105; 320; 330; 228; 110; 300; 115; 305; 100; 310; 120; 250; 220; 200; 210; 225; 145; 230,DLC2_QF_DLC2_dunMQ02_02027EC7,5:Location:TempleofMiraakLoc; 0:Reference:Frea; 1:Reference:FreaHeadTrackCatacombs01; 2:Reference:FreaHeadTrackCatacombs02; 3:Reference:GateKeeper; 8:Reference:FreaHeadtrackStatue01; 9:Reference:FreaHeadtrackDragon01; 10:Reference:Follower,scan-only; exact stage/outcome semantics require dossier review
Dragonborn.esm,Dragonborn.esm,Dragonborn.esm:038423,DLC2AshSpawnAttack,DLC2AshSpawnAttack,,None,0,DLC2\Radiant\,Solstheim/Hermaeus Mora/Dunmer candidate,candidate-scan,readback-ok,1,0,,,0,0 [StartUpStage],,0,DLC2_QF_DLC2AshSpawnAttack_02038423,0:Location:Location; 7:Reference:HoldPositionRef; 1:Reference:AshSpawn1; 2:Reference:AshSpawn2; 3:Reference:AshSpawn3; 5:Reference:WallGuard1; 6:Reference:WallGuard2,scan-only; exact stage/outcome semantics require dossier review
Dragonborn.esm,Dragonborn.esm,Dragonborn.esm:03216C,DLC2BlackBook03Quest,DLC2BlackBook03Quest,,SideQuest,RunOnce,DLC2\,Solstheim/Hermaeus Mora/Dunmer candidate,candidate-scan,readback-ok,2,10; 20,20,,,10 | 20,10,20; 10,DLC2_QF_DLC2BlackBook03Quest_0203216C,0:Reference:Book03Target,scan-only; exact stage/outcome semantics require dossier review
Dragonborn.esm,Dragonborn.esm,Dragonborn.esm:03216E,DLC2BlackBook04Quest,DLC2BlackBook04Quest,,SideQuest,RunOnce,DLC2\,Solstheim/Hermaeus Mora/Dunmer candidate,candidate-scan,readback-ok,2,10; 20,20,,,10 | 20,10,20; 10,DLC2_QF_DLC2BlackBook04Quest_0203216E,0:Reference:BookTarget,scan-only; exact stage/outcome semantics require dossier review
Dragonborn.esm,Dragonborn.esm,Dragonborn.esm:03216D,DLC2BlackBook05Quest,DLC2BlackBook05Quest,,SideQuest,RunOnce,DLC2\,Solstheim/Hermaeus Mora/Dunmer candidate,candidate-scan,readback-ok,2,10; 20,20,,,10 | 20,10,20; 10,DLC2_QF_DLC2BlackBook05Quest_0203216D,0:Reference:BookTarget,scan-only; exact stage/outcome semantics require dossier review
Dragonborn.esm,Dragonborn.esm,Dragonborn.esm:03216F,DLC2BlackBook06Quest,DLC2BlackBook06Quest,,SideQuest,RunOnce,DLC2\,Solstheim/Hermaeus Mora/Dunmer candidate,candidate-scan,readback-ok,2,10; 20,20,,,10 | 20,10,20; 10,DLC2_QF_DLC2BlackBook06Quest_0203216F,0:Reference:BookTarget,scan-only; exact stage/outcome semantics require dossier review
Dragonborn.esm,Dragonborn.esm,Dragonborn.esm:032170,DLC2BlackBook07Quest,DLC2BlackBook07Quest,,SideQuest,RunOnce,DLC2\,Solstheim/Hermaeus Mora/Dunmer candidate,candidate-scan,readback-ok,2,10; 20,20,,,10 | 20,10,20; 10,DLC2_QF_DLC2BlackBook07Quest_02032170,0:Reference:BookTarget,scan-only; exact stage/outcome semantics require dossier review
Dragonborn.esm,Dragonborn.esm,Dragonborn.esm:02648D,DLC2BlackBookRewards,DLC2BlackBookRewards,,None,273,,Solstheim/Hermaeus Mora/Dunmer candidate,candidate-scan,readback-ok,0,,,,,,,,,,scan-only; exact stage/outcome semantics require dossier review
Dragonborn.esm,Dragonborn.esm,Dragonborn.esm:027282,DLC2BloodskalBladeQST,DLC2BloodskalBladeQST,,None,RunOnce,DLC2\Dungeons\,Solstheim/Hermaeus Mora/Dunmer candidate,candidate-scan,readback-ok,0,,,,,,,,,0:Reference:BloodskalBlade,scan-only; exact stage/outcome semantics require dossier review
Dragonborn.esm,Dragonborn.esm,Dragonborn.esm:03A35E,DLC2Book01PuzzleQST,DLC2Book01PuzzleQST,,None,273,DLC2\,Solstheim/Hermaeus Mora/Dunmer candidate,candidate-scan,readback-ok,0,,,,,,,,,1:Reference:BookContainer; 0:Reference:BookTentacles; 2:Reference:BookClaws; 3:Reference:BookTeeth; 4:Reference:BookEyes,scan-only; exact stage/outcome semantics require dossier review
Dragonborn.esm,Dragonborn.esm,Dragonborn.esm:016E21,DLC2BookDungeonController,DLC2BookDungeonController,,None,RunOnce,,Solstheim/Hermaeus Mora/Dunmer candidate,candidate-scan,readback-ok,0,,,,,,,,,0:Reference:Player; 13:Reference:HermaeusMora; 14:Reference:Follower; 15:Reference:Neloth,scan-only; exact stage/outcome semantics require dossier review
Dragonborn.esm,Dragonborn.esm,Dragonborn.esm:034FB6,DLC2CreatureDialogueWerebear,DLC2CreatureDialogueWerebear,,None,RunOnce,,Solstheim/Hermaeus Mora/Dunmer candidate,candidate-scan,readback-ok,0,,,,,,,,,,scan-only; exact stage/outcome semantics require dossier review
Dragonborn.esm,Dragonborn.esm,Dragonborn.esm:03546D,DLC2CultistAmbush,DLC2CultistAmbush,,Misc,0,DLC2\Radiant\,Solstheim/Hermaeus Mora/Dunmer candidate,candidate-scan,readback-ok,3,1; 10; 255,,,,1 | 10 [KeepInstanceDataFromHereOn] | 255 [ShutDownStage],,255; 10; 1,DLC2_QF_DLC2CultistAmbush_0203546D,5:Location:Location; 6:Reference:CenterMarker; 0:Reference:Cultist1; 7:Reference:Cultist2; 9:Reference:Note; 10:Reference:Player,scan-only; exact stage/outcome semantics require dossier review
Dragonborn.esm,Dragonborn.esm,Dragonborn.esm:038FB1,DLC2CultistOrdersQuestObjectHandler,DLC2CultistOrdersQuestObjectHandler,,None,273,DLC2\Radiant\,Solstheim/Hermaeus Mora/Dunmer candidate,candidate-scan,readback-ok,0,,,,,,,,,0:Reference:Note,scan-only; exact stage/outcome semantics require dossier review
Dragonborn.esm,Dragonborn.esm,Dragonborn.esm:0383B3,DLC2DamphallMine01SceneQuest,DLC2DamphallMine01SceneQuest,,None,RunOnce,DLC2\Dungeons\,Solstheim/Hermaeus Mora/Dunmer candidate,candidate-scan,readback-ok,1,10,,,10,10 [StartUpStage],,10,DLC2_QF_DLC2DamphallMine01Sce_020383B3,0:Reference:Bandit01; 2:Reference:Bandit02,scan-only; exact stage/outcome semantics require dossier review
Dragonborn.esm,Dragonborn.esm,Dragonborn.esm:024CAC,DLC2DialogueBandits,DLC2DialogueBandits,,None,273,DLC2\,Solstheim/Hermaeus Mora/Dunmer candidate,candidate-scan,readback-ok,0,,,,,,,,,,scan-only; exact stage/outcome semantics require dossier review
Dragonborn.esm,Dragonborn.esm,Dragonborn.esm:02C0A5,DLC2DialogueCrimeGuards,DLC2DialogueCrimeGuards,,None,25,DLC2\,Solstheim/Hermaeus Mora/Dunmer candidate,candidate-scan,readback-ok,0,,,,,,,,,,scan-only; exact stage/outcome semantics require dossier review
Dragonborn.esm,Dragonborn.esm,Dragonborn.esm:034E60,DLC2DialogueCultists,DLC2DialogueCultists,,None,17,DLC2\Dialogue\,Solstheim/Hermaeus Mora/Dunmer candidate,candidate-scan,readback-ok,0,,,,,,,,,,scan-only; exact stage/outcome semantics require dossier review
Dragonborn.esm,Dragonborn.esm,Dragonborn.esm:033BB5,DLC2DialogueGenericCommandedDarkElf,DLC2DialogueGenericCommandedDarkElf,,None,273,DLC2\Dialogue\Generic\,Solstheim/Hermaeus Mora/Dunmer candidate,candidate-scan,readback-ok,0,,,,,,,,,,scan-only; exact stage/outcome semantics require dossier review
Dragonborn.esm,Dragonborn.esm,Dragonborn.esm:033BB2,DLC2DialogueGenericDarkElf,DLC2DialogueGenericDarkElf,,None,17,DLC2\Dialogue\Generic\,Solstheim/Hermaeus Mora/Dunmer candidate,candidate-scan,readback-ok,0,,,,,,,,,,scan-only; exact stage/outcome semantics require dossier review
Dragonborn.esm,Dragonborn.esm,Dragonborn.esm:033BB6,DLC2DialogueGenericFriendlyHitDarkElf,DLC2DialogueGenericFriendlyHitDarkElf,,None,17,DLC2\Dialogue\Generic\,Solstheim/Hermaeus Mora/Dunmer candidate,candidate-scan,readback-ok,0,,,,,,,,,,scan-only; exact stage/outcome semantics require dossier review
Dragonborn.esm,Dragonborn.esm,Dragonborn.esm:03A4CB,DLC2DialogueGenericHunter,DLC2DialogueGenericHunter,,None,RunOnce,DLC2\Dialogue\Generic\,Solstheim/Hermaeus Mora/Dunmer candidate,candidate-scan,readback-ok,0,,,,,,,,,,scan-only; exact stage/outcome semantics require dossier review
Dragonborn.esm,Dragonborn.esm,Dragonborn.esm:032897,DLC2DialogueGenericRieklings,DLC2DialogueGenericRieklings,,None,RunOnce,,Solstheim/Hermaeus Mora/Dunmer candidate,candidate-scan,readback-ok,0,,,,,,,,,,scan-only; exact stage/outcome semantics require dossier review
Dragonborn.esm,Dragonborn.esm,Dragonborn.esm:02BA40,DLC2DialogueGenericUniqueVoices,DLC2DialogueGenericUniqueVoices,,None,273,,Solstheim/Hermaeus Mora/Dunmer candidate,candidate-scan,readback-ok,0,,,,,,,,,,scan-only; exact stage/outcome semantics require dossier review
Dragonborn.esm,Dragonborn.esm,Dragonborn.esm:018B0F,DLC2DialogueRavenRock,DLC2DialogueRavenRock,,None,273,DLC2\Dialogue\,Solstheim/Hermaeus Mora/Dunmer candidate,candidate-scan,readback-ok,0,,,,,,,,,0:Reference:Player,scan-only; exact stage/outcome semantics require dossier review
Dragonborn.esm,Dragonborn.esm,Dragonborn.esm:0271E5,DLC2DialogueRavenRockRumors,DLC2DialogueRavenRockRumors,,None,17,,Solstheim/Hermaeus Mora/Dunmer candidate,candidate-scan,readback-ok,0,,,,,,,,,,scan-only; exact stage/outcome semantics require dossier review
Dragonborn.esm,Dragonborn.esm,Dragonborn.esm:033BB7,DLC2DialogueRelationshipGenericDarkElf,DLC2DialogueRelationshipGenericDarkElf,,None,273,DLC2\Dialogue\Generic\,Solstheim/Hermaeus Mora/Dunmer candidate,candidate-scan,readback-ok,0,,,,,,,,,,scan-only; exact stage/outcome semantics require dossier review
Dragonborn.esm,Dragonborn.esm,Dragonborn.esm:019B49,DLC2DialogueSkaalVillage,DLC2DialogueSkaalVillage,,None,RunOnce,DLC2\Dialogue\,Solstheim/Hermaeus Mora/Dunmer candidate,candidate-scan,readback-ok,0,,,,,,,,,,scan-only; exact stage/outcome semantics require dossier review
Dragonborn.esm,Dragonborn.esm,Dragonborn.esm:02C05D,DLC2DialogueSkaalVillage2,DLC2DialogueSkaalVillage2,,None,RunOnce,DLC2\Dialogue\,Solstheim/Hermaeus Mora/Dunmer candidate,candidate-scan,readback-ok,0,,,,,,,,,,scan-only; exact stage/outcome semantics require dossier review
Dragonborn.esm,Dragonborn.esm,Dragonborn.esm:02C05E,DLC2DialogueSkaalVillageGeneric,DLC2DialogueSkaalVillageGeneric,,None,RunOnce,DLC2\Dialogue\,Solstheim/Hermaeus Mora/Dunmer candidate,candidate-scan,readback-ok,0,,,,,,,,,,scan-only; exact stage/outcome semantics require dossier review
Dragonborn.esm,Dragonborn.esm,Dragonborn.esm:017E85,DLC2DialogueTelMithryn,DLC2DialogueTelMithryn,,None,RunOnce,DLC2\Dialogue\,Solstheim/Hermaeus Mora/Dunmer candidate,candidate-scan,readback-ok,1,10,,,,10,,10,DLC2_QF_DLC2DialogueTelMithry_02017E85,0:Reference:Neloth; 1:Reference:Varona; 2:Reference:SunStoneMarker; 3:Reference:LevitationTarget; 5:Reference:Player; 6:Reference:IldariSkeleton,scan-only; exact stage/outcome semantics require dossier review
Dragonborn.esm,Dragonborn.esm,Dragonborn.esm:01A52F,DLC2DialogueThirskMeadHall,DLC2DialogueThirskMeadHall,,None,RunOnce,DLC2\Dialogue\,Solstheim/Hermaeus Mora/Dunmer candidate,candidate-scan,readback-ok,0,,,,,,,,,,scan-only; exact stage/outcome semantics require dossier review
Dragonborn.esm,Dragonborn.esm,Dragonborn.esm:024137,DLC2DialogueThirskMeadHallAfterRieklings,DLC2DialogueThirskMeadHallAfterRieklings,,None,RunOnce,DLC2\Dialogue\,Solstheim/Hermaeus Mora/Dunmer candidate,candidate-scan,readback-ok,0,,,,,,,,,,scan-only; exact stage/outcome semantics require dossier review
Dragonborn.esm,Dragonborn.esm,Dragonborn.esm:02782F,DLC2DialogueWaterStone,DLC2DialogueWaterStone,,None,RunOnce,,Solstheim/Hermaeus Mora/Dunmer candidate,candidate-scan,readback-ok,0,,,,,,,,,,scan-only; exact stage/outcome semantics require dossier review
Dragonborn.esm,Dragonborn.esm,Dragonborn.esm:01F9E6,DLC2dunFrostmoonQST,DLC2dunFrostmoonQST,,None,RunOnce,DLC2\Dungeons\,Solstheim/Hermaeus Mora/Dunmer candidate,candidate-scan,readback-ok,9,0; 1; 10; 20; 21; 22; 23; 24; 200,,,0,0 [StartUpStage] | 1 | 10 | 20 | 21 | 22 | 23 | 24 | 200,,0; 22; 10; 1; 23; 20; 200; 21; 24,DLC2_QF_DLC2dunFrostmoonQST_0201F9E6,0:Reference:Player; 3:Reference:Majni; 4:Reference:Akar; 5:Reference:Hjordis; 1:Reference:Rakel,scan-only; exact stage/outcome semantics require dossier review
Dragonborn.esm,Dragonborn.esm,Dragonborn.esm:035E2F,DLC2dunFrostmoonQSTMisc,DLC2dunFrostmoonQSTMisc,,Misc,RunOnce,DLC2\Dungeons\,Solstheim/Hermaeus Mora/Dunmer candidate,candidate-scan,readback-ok,4,10; 11; 20; 30,,,,10 | 11 | 20 | 30,10 | 11,20; 11; 10; 30,DLC2_QF_DLC2dunFrostmoonQSTMi_02035E2F,0:Reference:QT_Majni,scan-only; exact stage/outcome semantics require dossier review
Dragonborn.esm,Dragonborn.esm,Dragonborn.esm:038FB0,DLC2dunHaknirQSTIncreaseLevel,DLC2dunHaknirQSTIncreaseLevel,,Misc,RunOnce,DLC2\Dungeons\,Solstheim/Hermaeus Mora/Dunmer candidate,candidate-scan,readback-ok,1,10,,,10,10 [StartUpStage],,10,DLC2_QF_DLC2dunHaknirQSTIncre_02038FB0,,scan-only; exact stage/outcome semantics require dossier review
Dragonborn.esm,Dragonborn.esm,Dragonborn.esm:024002,DLC2dunHaknirTreasureQST,DLC2dunHaknirTreasureQST,,SideQuest,RunOnce,DLC2\Dungeons\,Solstheim/Hermaeus Mora/Dunmer candidate,candidate-scan,readback-ok,21,0; 1; 10; 20; 29; 30; 31; 40; 41; 42; 43; 45; 50; 51; 52; 53; 70; 80; 90; 100; 200,,,10,0 | 1 | 10 [StartUpStage] | 20 | 29 | 30 | 31 | 40 | 41 | 42 | 43 | 45 | 50 | 51 | 52 | 53 | 70 | 80 | 90 | 100 | 200,29 | 30 | 70 | 90,0; 70; 29; 45; 10; 1; 90; 20; 31; 50; 30; 51; 40; 53; 41; 52; 42; 200; 100; 80; 43,DLC2_QF_DLC2dunHaknirTreasure_02024002,1:Location:HaknirsShoalLocation; 23:Location:GyldenhulBarrowLocation; 2:Reference:ShoalBanditBoss; 3:Reference:ShoalBanditScene; 18:Reference:ShoalBanditOther; 6:Reference:TreasureMap; 26:Reference:ShoalBanditBossBook; 21:Reference:POIBandit01; 22:Reference:POIBandit02; 27:Reference:POIBandit02Book; 10:Reference:Chest01; 11:Reference:Chest02; 12:Reference:Chest03; 13:Reference:Chest04; 17:Reference:HaknirHelm; 14:Reference:HaknirBoots; 15:Reference:HaknirArmor; 16:Reference:HaknirGauntlets; 24:Reference:Haknir; 25:Reference:HaknirsSword; 30:Reference:GyldenhulBarrowKey,scan-only; exact stage/outcome semantics require dossier review
Dragonborn.esm,Dragonborn.esm,Dragonborn.esm:03661B,DLC2dunHaknirTreasureQSTMisc,DLC2dunHaknirTreasureQSTMisc,,Misc,RunOnce,DLC2\Dungeons\,Solstheim/Hermaeus Mora/Dunmer candidate,candidate-scan,readback-ok,2,10; 20,,,,10 | 20,10,20; 10,DLC2_QF_DLC2dunHaknirTreasure_0203661B,0:Reference:QT_HaknirsShoalBanditBoss,scan-only; exact stage/outcome semantics require dossier review
Dragonborn.esm,Dragonborn.esm,Dragonborn.esm:037560,DLC2dunHrodulf,DLC2dunHrodulf,,Misc,RunOnce,DLC2\Dungeons\,Solstheim/Hermaeus Mora/Dunmer candidate,candidate-scan,readback-ok,1,10,,,,10,,,,0:Reference:Bandit01; 1:Reference:Bandit02,scan-only; exact stage/outcome semantics require dossier review
Dragonborn.esm,Dragonborn.esm,Dragonborn.esm:029EFF,DLC2dunInstrumentalQST,DLC2dunInstrumentalQST,,None,AllowRepeatedStages,DLC2\Dungeons\,Solstheim/Hermaeus Mora/Dunmer candidate,candidate-scan,readback-ok,7,0; 10; 20; 500; 510; 520; 600,,,0,0 [StartUpStage] | 10 | 20 | 500 | 510 | 520 | 600,,20; 520; 510; 10; 600; 500,DLC2_QF_DLC2dunInstrumentalQS_02029EFF,0:Reference:Bard,scan-only; exact stage/outcome semantics require dossier review
Dragonborn.esm,Dragonborn.esm,Dragonborn.esm:0247F8,DLC2dunKarstaagQST,DLC2dunKarstaagQST,,None,RunOnce,DLC2\Dungeons\,Solstheim/Hermaeus Mora/Dunmer candidate,candidate-scan,readback-ok,7,0; 10; 20; 30; 240; 250; 255,,,0,0 [StartUpStage] | 10 | 20 | 30 | 240 | 250 | 255,,0; 255; 250; 10; 20; 30; 240,DLC2_QF_DLC2dunKarstaagQST_020247F8,5:Location:CastleKarstaagLocation; 1:Reference:KarstaagSkullActivator; 7:Reference:KarstaagSkullChest; 2:Reference:KarstaagSkullItem; 3:Reference:KarstaagSkullOnThrone; 4:Reference:Karstaag; 17:Reference:ConjuredKarstaag,scan-only; exact stage/outcome semantics require dossier review
Dragonborn.esm,Dragonborn.esm,Dragonborn.esm:02667E,DLC2dunKolbjornMiscQST,DLC2dunKolbjornMiscQST,,Misc,RunOnce,DLC2\Dungeons\,Solstheim/Hermaeus Mora/Dunmer candidate,candidate-scan,readback-ok,3,10; 20; 30,,,,10 | 20 | 30,10 | 20,20; 10; 30,DLC2_QF_DLC2dunKolbjornMiscQS_0202667E,0:Reference:Ralis,scan-only; exact stage/outcome semantics require dossier review
Dragonborn.esm,Dragonborn.esm,Dragonborn.esm:0277E8,DLC2dunKolbjornPhase1TrackingQST,DLC2dunKolbjornPhase1TrackingQST,,None,RunOnce,DLC2\Dungeons\,Solstheim/Hermaeus Mora/Dunmer candidate,candidate-scan,readback-ok,3,0; 100; 200,,,0,0 [StartUpStage] | 100 | 200,,0; 200; 100,DLC2_QF_DLC2dunKolbjornPhase1_020277E8,1:Location:DLC2KolbjornBarrow; 2:Reference:KolbjornEnemy1; 16:Reference:KolbjornEnemy2; 15:Reference:KolbjornEnemy3; 14:Reference:KolbjornEnemy4; 13:Reference:KolbjornEnemy5; 12:Reference:KolbjornEnemy6; 11:Reference:KolbjornEnemy7; 10:Reference:KolbjornEnemy8; 9:Reference:KolbjornEnemy9; 8:Reference:KolbjornEnemy10; 7:Reference:KolbjornEnemy11; 6:Reference:KolbjornEnemy12; 5:Reference:KolbjornEnemy13; 4:Reference:KolbjornEnemy14; 3:Reference:KolbjornEnemy15,scan-only; exact stage/outcome semantics require dossier review
Dragonborn.esm,Dragonborn.esm,Dragonborn.esm:0277E9,DLC2dunKolbjornPhase2TrackingQST,DLC2dunKolbjornPhase2TrackingQST,,None,RunOnce,DLC2\Dungeons\,Solstheim/Hermaeus Mora/Dunmer candidate,candidate-scan,readback-ok,3,0; 100; 200,,,0,0 [StartUpStage] | 100 | 200,,0; 200; 100,DLC2_QF_DLC2dunKolbjornPhase2_020277E9,1:Location:DLC2KolbjornBarrow; 2:Reference:KolbjornEnemy1; 16:Reference:KolbjornEnemy2; 15:Reference:KolbjornEnemy3; 14:Reference:KolbjornEnemy4; 13:Reference:KolbjornEnemy5; 12:Reference:KolbjornEnemy6; 11:Reference:KolbjornEnemy7; 10:Reference:KolbjornEnemy8; 9:Reference:KolbjornEnemy9; 8:Reference:KolbjornEnemy10; 7:Reference:KolbjornEnemy11; 6:Reference:KolbjornEnemy12; 5:Reference:KolbjornEnemy13; 4:Reference:KolbjornEnemy14; 3:Reference:KolbjornEnemy15; 18:Reference:KolbjornEnemy16; 17:Reference:KolbjornEnemy17,scan-only; exact stage/outcome semantics require dossier review
Dragonborn.esm,Dragonborn.esm,Dragonborn.esm:0277EA,DLC2dunKolbjornPhase3TrackingQST,DLC2dunKolbjornPhase3TrackingQST,,None,RunOnce,DLC2\Dungeons\,Solstheim/Hermaeus Mora/Dunmer candidate,candidate-scan,readback-ok,3,0; 100; 200,,,0,0 [StartUpStage] | 100 | 200,,0; 200; 100,DLC2_QF_DLC2dunKolbjornPhase3_020277EA,1:Location:DLC2KolbjornBarrow; 2:Reference:KolbjornEnemy1; 16:Reference:KolbjornEnemy2; 15:Reference:KolbjornEnemy3; 14:Reference:KolbjornEnemy4; 13:Reference:KolbjornEnemy5; 12:Reference:KolbjornEnemy6; 11:Reference:KolbjornEnemy7; 10:Reference:KolbjornEnemy8; 9:Reference:KolbjornEnemy9; 8:Reference:KolbjornEnemy10; 7:Reference:KolbjornEnemy11; 6:Reference:KolbjornEnemy12; 5:Reference:KolbjornEnemy13; 4:Reference:KolbjornEnemy14; 3:Reference:KolbjornEnemy15,scan-only; exact stage/outcome semantics require dossier review
Dragonborn.esm,Dragonborn.esm,Dragonborn.esm:01810B,DLC2dunKolbjornQST,DLC2dunKolbjornQST,,SideQuest,RunOnce,DLC2\Dungeons\,Solstheim/Hermaeus Mora/Dunmer candidate,candidate-scan,readback-ok,67,0; 1; 2; 3; 4; 5; 9; 10; 11; 12; 13; 14; 15; 40; 75; 98; 99; 100; 101; 110; 120; 130; 140; 150; 160; 175; 198; 199; 200; 210; 220; 230; 240; 241; 242; 250; 260; 275; 298; 299; 300; 310; 320; 330; 350; 358; 359; 360; 375; 398; 399; 400; 410; 440; 449; 450; 475; 476; 477; 478; 479; 480; 485; 490; 500; 550; 600,,,,0 | 1 | 2 | 3 | 4 | 5 | 9 | 10 | 11 | 12 | 13 | 14 | 15 | 40 | 75 | 98 | 99 | 100 | 101 | 110 | 120 | 130 | 140 | 150 | 160 | 175 | 198 | 199 | 200 | 210 | 220 | 230 | 240 | 241 | 242 | 250 | 260 | 275 | 298 | 299 | 300 | 310 | 320 | 330 | 350 | 358 | 359 | 360 | 375 | 398 | 399 | 400 | 410 | 440 | 449 | 450 | 475 | 476 | 477 | 478 | 479 | 480 | 485 | 490 | 500 | 550 | 600,40 | 75 | 100 | 130 | 140 | 150 | 160 | 175 | 200 | 230 | 240 | 250 | 260 | 275 | 300 | 330 | 350 | 360 | 375 | 400 | 410 | 450 | 475 | 480,0; 11; 140; 160; 98; 320; 2; 550; 359; 480; 210; 400; 476; 478; 220; 600; 350; 240; 242; 475; 130; 101; 5; 14; 12; 450; 75; 485; 199; 241; 250; 275; 500; 310; 40; 175; 449; 15; 4; 399; 360; 13; 260; 230; 1; 358; 200; 490; 298; 330; 9; 120; 10; 398; 477; 300; 440; 198; 410; 479; 110; 3; 99; 100; 299; 150; 375,DLC2_QF_DLC2dunKolbjornQST_0201810B,12:Location:KolbjornBarrowLocation; 1:Reference:Ralis; 2:Reference:Ahzidal; 3:Reference:QT_RalisJournal01; 17:Reference:QT_RalisJournal02; 16:Reference:QT_RalisJournal03; 15:Reference:QT_RalisJournal04; 14:Reference:QT_RalisJournal05; 4:Reference:QT_DraugrLeftToKill01; 6:Reference:QT_DraugrLeftToKill02; 5:Reference:QT_DraugrLeftToKill03; 19:Reference:QT_DraugrLeftToKill04; 18:Reference:QT_DraugrLeftToKill05; 7:Reference:QT_Phase1Skull; 8:Reference:QT_KolbjornBarrowExterior; 9:Reference:QT_Phase2Miner01; 10:Reference:QT_Phase2Miner02; 13:Reference:RalisKnockbackSource; 21:Reference:ExteriorChest; 22:Reference:CourierNote01,scan-only; exact stage/outcome semantics require dossier review
Dragonborn.esm,Dragonborn.esm,Dragonborn.esm:01D4CD,DLC2dunNchardakReset,DLC2dunNchardakReset,,None,RunOnce,DLC2\Dungeons\,Solstheim/Hermaeus Mora/Dunmer candidate,candidate-scan,readback-ok,1,0,,,0,0 [StartUpStage],,0,DLC2_QF_DLC2dunNchardakReset_0201D4CD,1:Location:NchardakLocation; 2:Reference:Enemy01; 8:Reference:Enemy02; 7:Reference:Enemy03; 6:Reference:Enemy04; 5:Reference:Enemy05; 4:Reference:Enemy06; 3:Reference:Enemy07,scan-only; exact stage/outcome semantics require dossier review
Dragonborn.esm,Dragonborn.esm,Dragonborn.esm:0173BE,DLC2dunNchardakTracking,DLC2dunNchardakTracking,,None,RunOnce,DLC2\Dungeons\,Solstheim/Hermaeus Mora/Dunmer candidate,candidate-scan,readback-ok,6,0; 10; 20; 100; 150; 300,,,0,0 [StartUpStage] | 10 | 20 | 100 | 150 | 300,,20; 300; 10; 150; 100,DLC2_QF_DLC2dunNchardakTracki_020173BE,0:Reference:Clear01; 29:Reference:Clear02; 28:Reference:Clear03; 27:Reference:Clear04; 26:Reference:Clear05; 25:Reference:Clear06; 24:Reference:Clear07; 23:Reference:Clear08; 22:Reference:Clear09; 21:Reference:Clear10; 20:Reference:Clear11; 19:Reference:Clear12; 18:Reference:Clear13; 17:Reference:Clear14; 16:Reference:Clear15; 15:Reference:Clear16; 14:Reference:Clear18; 13:Reference:Clear19; 12:Reference:Clear17; 11:Reference:Clear20; 10:Reference:Clear21; 9:Reference:Clear22; 8:Reference:Clear23; 7:Reference:Clear24; 6:Reference:Clear25; 5:Reference:Clear26; 4:Reference:Clear27; 3:Reference:Clear28; 2:Reference:Clear29; 38:Reference:Clear30; 37:Reference:Clear31; 36:Reference:Clear32; 35:Reference:Clear33; 34:Reference:Clear34; 30:Reference:Clear00; 33:Location:DLC2NchardakLocation; 32:Reference:CenturionBoss; 40:Reference:ExteriorBandit01; 46:Reference:ExteriorBandit02; 45:Reference:ExteriorBandit03,scan-only; exact stage/outcome semantics require dossier review
Dragonborn.esm,Dragonborn.esm,Dragonborn.esm:02A86C,DLC2dunTT2,DLC2dunTT2,,None,RunOnce,DLC2\Dungeons\,Solstheim/Hermaeus Mora/Dunmer candidate,candidate-scan,readback-ok,8,0; 10; 20; 22; 24; 26; 30; 200,,,0,0 [StartUpStage] | 10 | 20 | 22 | 24 | 26 | 30 | 200 [ShutDownStage],,20; 200; 22; 10; 30; 26; 24,DLC2_QF_DLC2dunTT2_0202A86C,0:Reference:Ildari; 1:Reference:AshGuardianAct; 2:Reference:BossMarker; 3:Reference:Gate1; 4:Reference:Gate2,scan-only; exact stage/outcome semantics require dossier review
Dragonborn.esm,Dragonborn.esm,Dragonborn.esm:02C49E,DLC2EbonyWarriorQuest,DLC2EbonyWarriorQuest,,SideQuest,"RunOnce, WarnOnAliasFillFailure",DLC2\,Solstheim/Hermaeus Mora/Dunmer candidate,candidate-scan,readback-ok,4,5; 10; 100; 200,200,,5,5 [StartUpStage] | 10 | 100 | 200 [ShutDownStage],10 | 100,200; 5; 10; 100,DLC2_QF_DLC2EbonyWarriorQuest_0202C49E,2:Location:StartCity; 3:Reference:CityCenter; 0:Reference:EbonyWarrior; 1:Reference:LastVigil; 4:Reference:Player; 5:Reference:Shadowmere,scan-only; exact stage/outcome semantics require dossier review
Dragonborn.esm,Dragonborn.esm,Dragonborn.esm:017962,DLC2ExpSpiderQuest,DLC2ExpSpiderQuest,,None,273,,Solstheim/Hermaeus Mora/Dunmer candidate,candidate-scan,readback-ok,2,10; 100,,,10,10 [StartUpStage] | 100,,10; 100,DLC2_QF_DLC2ExpSpiderQuest_02017962,1:Reference:SpiderControlledActor01; 2:Reference:SpiderControlledActor02; 3:Reference:SpiderControlledActor03; 4:Reference:Merilar; 5:Reference:SpiderSpawnControl01; 7:Reference:SpiderSpawnControl02; 6:Reference:SpiderSpawnControl03; 8:Reference:SpiderSpawnControl04; 9:Reference:SpiderSpawnControl05; 10:Reference:SpiderSpawnControl06; 11:Reference:GlowSpiderSpawnControl01; 12:Reference:PackSpiderSpawnControl01,scan-only; exact stage/outcome semantics require dossier review
Dragonborn.esm,Dragonborn.esm,Dragonborn.esm:01847D,DLC2FlingQuest,DLC2FlingQuest,,None,273,DLC2\,Solstheim/Hermaeus Mora/Dunmer candidate,candidate-scan,readback-ok,0,,,,,,,,,0:Reference:FlingRune,scan-only; exact stage/outcome semantics require dossier review
Dragonborn.esm,Dragonborn.esm,Dragonborn.esm:038566,DLC2HirelingQuest,DLC2HirelingQuest,,None,25,,Solstheim/Hermaeus Mora/Dunmer candidate,candidate-scan,readback-ok,1,10,,,,10,,10,DLC2_QF_DLC2HirelingQuest_02038566,1:Reference:DLC2FollowerAlias,scan-only; exact stage/outcome semantics require dossier review
Dragonborn.esm,Dragonborn.esm,Dragonborn.esm:016E02,DLC2Init,DLC2Init,,None,273,DLC2\,Solstheim/Hermaeus Mora/Dunmer candidate,candidate-scan,readback-ok,2,10; 100,,,10,10 [StartUpStage] | 100,,10; 100,DLC2_QF_DLC2_MQ04_02016E02,0:Location:DLC2BenkongerikeLocation; 1:Location:DLC2BloodskalBarrowLocation; 2:Location:DLC2BrodirGroveLocation; 3:Location:DLC2BujoldsRetreatLocation; 4:Location:DLC2CastleKarstaagRuinsLocation; 5:Location:DLC2DwarvenRuin2Location; 6:Location:DLC2FortFrostmothLocation; 7:Location:DLC2FrosselLocation; 8:Location:DLC2FrostmoonCragLocation; 9:Location:DLC2GyldenhulBarrowLocation; 10:Location:DLC2HaknirsShoalLocation; 11:Location:DLC2HighpointTowerLocation; 12:Location:DLC2HorkerIslandLocation; 13:Location:DLC2HrothmundsBarrowLocation; 14:Location:DLC2KagrumezLocation; 15:Location:DLC2KolbjornBarrowLocation; 17:Location:DLC2NchardakLocation; 18:Location:DLC2NorthshoreLandingLocation; 19:Location:DLC2PatchworkAirshipLocation; 20:Location:DLC2SaeringsWatchLocation; 23:Location:DLC2TempleOfMiraakLocation; 21:Location:DLC2VahloksTombLocation; 22:Location:DLC2WhiteRidgeBarrowLocation; 35:Location:DLC2TelMithrynLocation; 25:Reference:DremoraButler; 26:Reference:DremoraMerchant; 27:Reference:Player; 28:Reference:BlackBook01; 29:Reference:BlackBook02; 30:Reference:BlackBook03; 31:Reference:BlackBook04; 32:Reference:BlackBook05; 33:Reference:BlackBook06; 34:Reference:BlackBook07; 36:Reference:BlackBook01Final; 37:Reference:BlackBook02Final; 38:Reference:BlackBook03Final; 39:Reference:BlackBook04Final; 40:Reference:BlackBook05Final; 41:Reference:BlackBook06Final,scan-only; exact stage/outcome semantics require dossier review
Dragonborn.esm,Dragonborn.esm,Dragonborn.esm:03166D,DLC2KagrumezQST,DLC2KagrumezQST,,Misc,AllowRepeatedStages,DLC2\,Solstheim/Hermaeus Mora/Dunmer candidate,candidate-scan,readback-ok,12,0; 1; 10; 20; 30; 40; 50; 60; 90; 100; 200; 250,250,,0,0 [StartUpStage] | 1 | 10 | 20 | 30 | 40 | 50 | 60 | 90 | 100 | 200 | 250,10,0; 40; 10; 90; 20; 60; 50; 30; 200; 100,DLC2_QF_DLC2KagrumezQST_0203166D,16:Reference:sceneBanditSpot; 18:Reference:bossSpot; 15:Reference:BanditBoss; 17:Reference:sceneBandit; 12:Reference:spiderSpot; 14:Reference:sphereSpot; 11:Reference:SpiderFriend; 13:Reference:SphereFriend; 6:Reference:KagrumezGem01; 5:Reference:KagrumezGem02; 0:Reference:KagrumezGem03; 4:Reference:KagrumezGem04; 7:Reference:KagrumezGem05,scan-only; exact stage/outcome semantics require dossier review
Dragonborn.esm,Dragonborn.esm,Dragonborn.esm:033C89,DLC2MerchDialogue,DLC2MerchDialogue,,None,0,,Solstheim/Hermaeus Mora/Dunmer candidate,candidate-scan,readback-ok,0,,,,,,,,,,scan-only; exact stage/outcome semantics require dossier review
Dragonborn.esm,Dragonborn.esm,Dragonborn.esm:01A50B,DLC2MH01,DLC2MH01,,SideQuest,RunOnce,DLC2\Thirsk\,Solstheim/Hermaeus Mora/Dunmer candidate,candidate-scan,readback-ok,11,0; 10; 20; 25; 27; 30; 40; 100; 200; 205; 210,100; 200,210,0,0 [StartUpStage] | 10 | 20 | 25 | 27 | 30 | 40 | 100 | 200 | 205 | 210,10 | 20 | 21 | 25 | 27 | 30 | 40,0; 40; 210; 100; 25; 20; 200; 200; 205; 30; 27; 10,DLC2_QF_DLC2MH01_0201A50B,0:Reference:Bujold; 31:Reference:BujoldEssential; 26:Reference:Elmus; 27:Reference:Halbarn; 28:Reference:Hilund; 29:Reference:Kuvar; 35:Reference:Sirkjorg; 36:Reference:Herkja; 23:Reference:ThirskCenterMarker; 32:Reference:BarrowMarker; 30:Reference:HrothmundInYourHead; 24:Reference:Altar; 3:Reference:Rielking001; 4:Reference:Rielking002; 5:Reference:Rielking003; 6:Reference:Rielking004; 7:Reference:Rielking005; 8:Reference:Rielking006; 9:Reference:Rielking007; 10:Reference:Rielking008; 11:Reference:Rielking009; 12:Reference:Rielking010; 13:Reference:Rielking011; 14:Reference:Rielking012; 15:Reference:Rielking013; 16:Reference:Rielking014; 17:Reference:Rielking015; 18:Reference:Rielking016; 19:Reference:Rielking017; 20:Reference:Rielking018; 21:Reference:Rielking019; 22:Reference:Rielking020; 34:Location:Thirsk,scan-only; exact stage/outcome semantics require dossier review
Dragonborn.esm,Dragonborn.esm,Dragonborn.esm:01D98F,DLC2MH01PostQuest,DLC2MH01PostQuest,,None,RunOnce,,Solstheim/Hermaeus Mora/Dunmer candidate,candidate-scan,readback-ok,3,0; 10; 100,100,,0,0 [StartUpStage] | 10 | 100 [ShutDownStage],,100,DLC2_QF_DLC2MH01PostQuest_0201D98F,0:Reference:Kuvar; 1:Reference:Bujold; 2:Reference:Nord1; 3:Reference:Nord2; 4:Reference:Nord3; 7:Reference:Nord4; 8:Reference:Nord5,scan-only; exact stage/outcome semantics require dossier review
Dragonborn.esm,Dragonborn.esm,Dragonborn.esm:01A50C,DLC2MH02,DLC2MH02,,SideQuest,RunOnce,DLC2\Thirsk\,Solstheim/Hermaeus Mora/Dunmer candidate,candidate-scan,readback-ok,13,0; 10; 15; 17; 20; 30; 35; 37; 40; 100; 200; 205; 210,200,210,0,0 [StartUpStage] | 10 | 15 | 17 | 20 | 30 | 35 | 37 | 40 | 100 | 200 | 205 | 210,10 | 15 | 17 | 20 | 30 | 35 | 37 | 40,35; 40; 210; 10; 15; 20; 200; 17; 205; 37; 100; 30,DLC2_QF_DLC2MH02_0201A50C,19:Location:Thirsk; 21:Reference:ExileCamp; 0:Reference:Chief; 9:Reference:ChiefEssential; 8:Reference:BilgemuckSpawnPoint; 1:Reference:Bilgemuck; 7:Reference:BristlebackPen; 2:Reference:Nord1; 3:Reference:Nord2; 4:Reference:Nord3; 5:Reference:Nord4; 6:Reference:Nord5; 23:Reference:Nord6; 24:Reference:Nord7; 10:Reference:RieklingAlly01; 11:Reference:RieklingAlly02; 12:Reference:RieklingAlly03; 13:Reference:RieklingAlly04; 14:Reference:RieklingAlly05; 15:Reference:RieklingAlly06; 16:Reference:RieklingAlly07; 17:Reference:RieklingAlly08; 18:Reference:RieklingAlly09,scan-only; exact stage/outcome semantics require dossier review
Dragonborn.esm,Dragonborn.esm,Dragonborn.esm:0208DA,DLC2MH02PostQuest,DLC2MH02PostQuest,,None,RunOnce,,Solstheim/Hermaeus Mora/Dunmer candidate,candidate-scan,readback-ok,1,0,,,0,0 [StartUpStage],,,,,scan-only; exact stage/outcome semantics require dossier review
Dragonborn.esm,Dragonborn.esm,Dragonborn.esm:0251FC,DLC2MHBujoldElmusReclaimScene01,DLC2MHBujoldElmusReclaimScene01,,None,0,DLC2\Dialogue\,Solstheim/Hermaeus Mora/Dunmer candidate,candidate-scan,readback-ok,0,,,,,,,,,0:Reference:Actor1; 2:Reference:Actor2; 3:Reference:Bujold; 4:Reference:Elmus,scan-only; exact stage/outcome semantics require dossier review
Dragonborn.esm,Dragonborn.esm,Dragonborn.esm:0251F7,DLC2MHBujoldElmusScene01,DLC2MHBujoldElmusScene01,,None,0,DLC2\Dialogue\,Solstheim/Hermaeus Mora/Dunmer candidate,candidate-scan,readback-ok,0,,,,,,,,,0:Reference:Actor1; 2:Reference:Actor2; 3:Reference:Bujold; 4:Reference:Elmus,scan-only; exact stage/outcome semantics require dossier review
Dragonborn.esm,Dragonborn.esm,Dragonborn.esm:0251FE,DLC2MHBujoldHilundReclaimScene01,DLC2MHBujoldHilundReclaimScene01,,None,0,DLC2\Dialogue\,Solstheim/Hermaeus Mora/Dunmer candidate,candidate-scan,readback-ok,0,,,,,,,,,0:Reference:Actor1; 2:Reference:Actor2; 3:Reference:Bujold; 4:Reference:Hilund,scan-only; exact stage/outcome semantics require dossier review
Dragonborn.esm,Dragonborn.esm,Dragonborn.esm:01A545,DLC2MHBujoldHilundScene,DLC2MHBujoldHilundScene,,None,0,DLC2\Dialogue\,Solstheim/Hermaeus Mora/Dunmer candidate,candidate-scan,readback-ok,0,,,,,,,,,0:Reference:Actor1; 2:Reference:Actor2; 3:Reference:Bujold; 4:Reference:Hilund,scan-only; exact stage/outcome semantics require dossier review
Dragonborn.esm,Dragonborn.esm,Dragonborn.esm:025200,DLC2MHBujoldKuvarReclaimScene01,DLC2MHBujoldKuvarReclaimScene01,,None,0,DLC2\Dialogue\,Solstheim/Hermaeus Mora/Dunmer candidate,candidate-scan,readback-ok,0,,,,,,,,,0:Reference:Actor1; 2:Reference:Actor2; 3:Reference:Bujold; 4:Reference:Kuvar,scan-only; exact stage/outcome semantics require dossier review
Dragonborn.esm,Dragonborn.esm,Dragonborn.esm:025202,DLC2MHBujoldKuvarReclaimScene02,DLC2MHBujoldKuvarReclaimScene02,,None,0,DLC2\Dialogue\,Solstheim/Hermaeus Mora/Dunmer candidate,candidate-scan,readback-ok,0,,,,,,,,,0:Reference:Actor1; 2:Reference:Actor2; 3:Reference:Bujold; 4:Reference:Kuvar,scan-only; exact stage/outcome semantics require dossier review
Dragonborn.esm,Dragonborn.esm,Dragonborn.esm:025204,DLC2MHBujoldKuvarReclaimScene03,DLC2MHBujoldKuvarReclaimScene03,,None,0,DLC2\Dialogue\,Solstheim/Hermaeus Mora/Dunmer candidate,candidate-scan,readback-ok,0,,,,,,,,,0:Reference:Actor1; 2:Reference:Actor2; 3:Reference:Bujold; 4:Reference:Kuvar,scan-only; exact stage/outcome semantics require dossier review
Dragonborn.esm,Dragonborn.esm,Dragonborn.esm:01A53F,DLC2MHBujoldKuvarScene01,DLC2MHBujoldKuvarScene01,,None,0,DLC2\Dialogue\,Solstheim/Hermaeus Mora/Dunmer candidate,candidate-scan,readback-ok,0,,,,,,,,,0:Reference:Actor1; 2:Reference:Actor2; 3:Reference:Bujold; 4:Reference:Kuvar,scan-only; exact stage/outcome semantics require dossier review
Dragonborn.esm,Dragonborn.esm,Dragonborn.esm:01A541,DLC2MHBujoldKuvarScene02,DLC2MHBujoldKuvarScene02,,None,0,DLC2\Dialogue\,Solstheim/Hermaeus Mora/Dunmer candidate,candidate-scan,readback-ok,0,,,,,,,,,0:Reference:Actor1; 2:Reference:Actor2; 3:Reference:Bujold; 4:Reference:Kuvar,scan-only; exact stage/outcome semantics require dossier review
Dragonborn.esm,Dragonborn.esm,Dragonborn.esm:01A543,DLC2MHBujoldKuvarScene03,DLC2MHBujoldKuvarScene03,,None,0,DLC2\Dialogue\,Solstheim/Hermaeus Mora/Dunmer candidate,candidate-scan,readback-ok,0,,,,,,,,,0:Reference:Actor1; 2:Reference:Actor2; 3:Reference:Bujold; 4:Reference:Kuvar,scan-only; exact stage/outcome semantics require dossier review
Dragonborn.esm,Dragonborn.esm,Dragonborn.esm:02520A,DLC2MHElmusKuvarReclaimScene01,DLC2MHElmusKuvarReclaimScene01,,None,0,DLC2\Dialogue\,Solstheim/Hermaeus Mora/Dunmer candidate,candidate-scan,readback-ok,0,,,,,,,,,0:Reference:Actor1; 2:Reference:Actor2; 3:Reference:Elmus; 4:Reference:Kuvar,scan-only; exact stage/outcome semantics require dossier review
Dragonborn.esm,Dragonborn.esm,Dragonborn.esm:0251F3,DLC2MHElmusKuvarScene01,DLC2MHElmusKuvarScene01,,None,0,DLC2\Dialogue\,Solstheim/Hermaeus Mora/Dunmer candidate,candidate-scan,readback-ok,0,,,,,,,,,0:Reference:Actor1; 2:Reference:Actor2; 3:Reference:Elmus; 4:Reference:Kuvar,scan-only; exact stage/outcome semantics require dossier review
Dragonborn.esm,Dragonborn.esm,Dragonborn.esm:0251F5,DLC2MHElmusKuvarScene02,DLC2MHElmusKuvarScene02,,None,0,DLC2\Dialogue\,Solstheim/Hermaeus Mora/Dunmer candidate,candidate-scan,readback-ok,0,,,,,,,,,0:Reference:Actor1; 2:Reference:Actor2; 3:Reference:Elmus; 4:Reference:Kuvar,scan-only; exact stage/outcome semantics require dossier review
Dragonborn.esm,Dragonborn.esm,Dragonborn.esm:025208,DLC2MHKuvarHilundReclaimScene01,DLC2MHKuvarHilundReclaimScene01,,None,0,DLC2\Dialogue\,Solstheim/Hermaeus Mora/Dunmer candidate,candidate-scan,readback-ok,0,,,,,,,,,0:Reference:Actor1; 2:Reference:Actor2; 3:Reference:Kuvar; 4:Reference:Hilund,scan-only; exact stage/outcome semantics require dossier review
Dragonborn.esm,Dragonborn.esm,Dragonborn.esm:0251F9,DLC2MHKuvarHilundScene01,DLC2MHKuvarHilundScene01,,None,0,DLC2\Dialogue\,Solstheim/Hermaeus Mora/Dunmer candidate,candidate-scan,readback-ok,0,,,,,,,,,0:Reference:Actor1; 2:Reference:Actor2; 3:Reference:Kuvar; 4:Reference:Hilund,scan-only; exact stage/outcome semantics require dossier review
Dragonborn.esm,Dragonborn.esm,Dragonborn.esm:02BAB0,DLC2MHMisc,DLC2MHMisc,,Misc,RunOnce,,Solstheim/Hermaeus Mora/Dunmer candidate,candidate-scan,readback-ok,2,0; 100,,,0,0 [StartUpStage] | 100,10,0; 100,QF_DLC2MHMisc_0202BAB0,1:Reference:ThirskCenter; 2:Reference:RetreatCenter,scan-only; exact stage/outcome semantics require dossier review
Dragonborn.esm,Dragonborn.esm,Dragonborn.esm:01A523,DLC2MHRieklingHandler,DLC2MHRieklingHandler,,None,4096,,Solstheim/Hermaeus Mora/Dunmer candidate,candidate-scan,readback-ok,1,0,,,0,0 [StartUpStage],,0,DLC2_QF_DLC2MHRieklingHandler_0201A523,2:Location:Thirsk; 37:Reference:SpawnPoint; 9:Reference:Riekling001; 11:Reference:Riekling002; 30:Reference:Riekling003; 31:Reference:Riekling004; 32:Reference:Riekling005; 33:Reference:Riekling006; 35:Reference:Riekling007; 34:Reference:Riekling008; 36:Reference:Riekling009; 19:Reference:Riekling010; 20:Reference:Riekling011; 21:Reference:Riekling012; 22:Reference:Riekling013; 23:Reference:Riekling014; 24:Reference:Riekling015; 25:Reference:Riekling016; 26:Reference:Riekling017; 27:Reference:Riekling018; 28:Reference:Riekling019; 29:Reference:Riekling020,scan-only; exact stage/outcome semantics require dossier review
Dragonborn.esm,Dragonborn.esm,Dragonborn.esm:026242,DLC2MQ00,DLC2MQ00,,None,273,DLC2\,Solstheim/Hermaeus Mora/Dunmer candidate,candidate-scan,readback-ok,7,10; 20; 21; 22; 30; 40; 50,,,,10 | 20 | 21 | 22 | 30 | 40 | 50,,20; 40; 50; 22; 10; 21; 30,DLC2_QF_DLC2MQ00_02026242,,scan-only; exact stage/outcome semantics require dossier review
Dragonborn.esm,Dragonborn.esm,Dragonborn.esm:017F8E,DLC2MQ01,DLC2MQ01,,Dragonborn,4352,DLC2\,Solstheim/Hermaeus Mora/Dunmer candidate,candidate-scan,readback-ok,9,0; 5; 7; 10; 15; 20; 25; 30; 200,200,,,0 | 5 | 7 | 10 | 15 | 20 | 25 | 30 | 200,5 | 7 | 10 | 20 | 25 | 30,0; 5; 10; 10; 10; 25; 15; 20; 7; 30; 200,DLC2_QF_DLC2MQ01_02017F8E,0:Reference:PlayerAlias; 1:Reference:MQ01Miraak; 2:Reference:GjalundAlias; 3:Reference:Stage20Trigger; 4:Reference:MQ01PillarMarker; 5:Reference:WizardAlias; 6:Reference:Villager1Alias; 7:Reference:Villager2Alias; 8:Reference:RavenRockMarker; 9:Reference:TempleMapMarker; 10:Reference:DLC2MQ01MiraakTalkingMarker; 11:Reference:SearchCultistAmbushObjective,scan-only; exact stage/outcome semantics require dossier review
Dragonborn.esm,Dragonborn.esm,Dragonborn.esm:017F8F,DLC2MQ02,DLC2MQ02,,Dragonborn,RunOnce,DLC2\,Solstheim/Hermaeus Mora/Dunmer candidate,candidate-scan,readback-ok,11,0; 5; 10; 20; 22; 25; 30; 40; 50; 60; 200,200,,,0 | 5 | 10 | 20 | 22 | 25 | 30 | 40 | 50 | 60 | 200,5 | 10 | 20 | 25 | 30 | 40 | 50 | 60,0; 40; 5; 22; 10; 25; 20; 60; 50; 30; 200,DLC2_QF_DLC2MQ02_02017F8F,0:Reference:Frea; 1:Reference:MQ02Miraak; 2:Reference:MQ02Book01; 3:Reference:MQ02MiraakApocrypha; 4:Reference:MQ02BookUpdateTrigger; 16:Location:Book01DungeonLocation; 5:Reference:MQ02MiraakDragon; 17:Reference:MQ06MiraakDragon; 6:Reference:DLC2MQ02TempleExteriorMarker; 8:Reference:Seeker1SceneMarker; 9:Reference:Seeker2SceneMarker; 23:Reference:Seeker3SceneMarker; 24:Reference:Seeker4SceneMarker; 10:Reference:Seeker1; 11:Reference:Seeker2; 21:Reference:Seeker3; 22:Reference:Seeker4; 12:Reference:DLC2MQ02FreaHoldTrigger; 13:Reference:DLC2MQ02FreaFollowTrigger; 15:Reference:DLC2MQ02ExtRamp; 18:Reference:DLC2MQ02CultistExtMarker; 19:Reference:Oslaf; 20:Reference:Ysra; 25:Reference:DLC2MQ02DragonHeadTrackMarker,scan-only; exact stage/outcome semantics require dossier review
Dragonborn.esm,Dragonborn.esm,Dragonborn.esm:0327AD,DLC2MQ02FreaTempleSceneQuest,DLC2MQ02FreaTempleSceneQuest,,None,0,,Solstheim/Hermaeus Mora/Dunmer candidate,candidate-scan,readback-ok,2,0; 200,200,,0,0 [StartUpStage] | 200,,0; 200,DLC2_QF_DLC2MQ02FreaTempleSce_020327AD,0:Reference:Frea; 1:Reference:Oslaf; 2:Reference:Ysra,scan-only; exact stage/outcome semantics require dossier review
Dragonborn.esm,Dragonborn.esm,Dragonborn.esm:017F90,DLC2MQ03,DLC2MQ03,,Dragonborn,RunOnce,DLC2\,Solstheim/Hermaeus Mora/Dunmer candidate,candidate-scan,readback-ok,9,0; 10; 20; 30; 40; 50; 60; 70; 200,200,,,0 | 10 | 20 | 30 | 40 | 50 | 60 | 70 | 200,10 | 20 | 30 | 40 | 50 | 60 | 70,0; 40; 10; 20; 60; 50; 30; 70; 200,DLC2_QF_DLC2MQ03_02017F90,0:Reference:Finna; 1:Reference:Aeta; 2:Reference:Nikulas; 4:Reference:Storn; 5:Reference:Frea; 7:Reference:WindStoneAlias; 8:Reference:LurkerMarker; 9:Reference:Lurker; 10:Reference:Fanari; 11:Reference:WordWallTargetMarker; 12:Reference:SaeringsWatchMapMarker; 13:Reference:WindStoneMapMarker,scan-only; exact stage/outcome semantics require dossier review
Dragonborn.esm,Dragonborn.esm,Dragonborn.esm:035440,DLC2MQ03B,DLC2MQ03B,,Dragonborn,RunOnce,DLC2\,Solstheim/Hermaeus Mora/Dunmer candidate,candidate-scan,readback-ok,11,0; 5; 10; 15; 20; 25; 30; 35; 40; 45; 200,200,,,0 | 5 | 10 | 15 | 20 | 25 | 30 | 35 | 40 | 45 | 200,10 | 20 | 30 | 40,35; 35; 40; 5; 5; 5; 5; 5; 5; 45; 45; 10; 25; 25; 15; 15; 20; 200; 200; 30,DLC2_QF_DLC2MQ03B_02035440,4:Reference:Storn; 7:Reference:WaterStoneAlias; 12:Reference:EarthStoneAlias; 13:Reference:BeastStoneAlias; 14:Reference:SunStoneAlias; 9:Reference:LurkerWater; 15:Reference:LurkerEarth; 16:Reference:LurkerBeast; 17:Reference:LurkerSun,scan-only; exact stage/outcome semantics require dossier review
Dragonborn.esm,Dragonborn.esm,Dragonborn.esm:016E1F,DLC2MQ04,DLC2MQ04,,Dragonborn,RunOnce,DLC2\,Solstheim/Hermaeus Mora/Dunmer candidate,candidate-scan,readback-ok,48,0; 1; 10; 20; 50; 55; 60; 70; 100; 110; 120; 150; 200; 210; 230; 250; 255; 260; 265; 270; 280; 300; 320; 325; 330; 340; 350; 355; 360; 370; 375; 380; 390; 400; 410; 420; 430; 435; 440; 445; 450; 460; 500; 510; 520; 530; 550; 600,550,,,0 | 1 | 10 | 20 | 50 | 55 | 60 | 70 | 100 | 110 | 120 | 150 | 200 | 210 | 230 | 250 | 255 | 260 | 265 | 270 | 280 | 300 | 320 | 325 | 330 | 340 | 350 | 355 | 360 | 370 | 375 | 380 | 390 | 400 | 410 | 420 | 430 | 435 | 440 | 445 | 450 | 460 | 500 | 510 | 520 | 530 | 550 | 600,10 | 20 | 40 | 50,0; 430; 340; 250; 270; 280; 20; 460; 320; 550; 390; 375; 400; 100; 55; 60; 355; 360; 370; 70; 600; 10; 1; 350; 380; 200; 50; 210; 230; 510; 330; 255; 445; 300; 450; 120; 435; 150; 420; 410; 325; 440; 530; 110; 260; 265; 500; 520,DLC2_QF_DLC2MQ05_02016E1F,16:Location:Nchardak; 1:Reference:Neloth; 4:Reference:Miraak; 0:Reference:Storn; 2:Reference:Frea; 3:Reference:Book2Tamriel; 29:Reference:ReadingRoomButton; 20:Reference:NchardakTargetNull; 5:Reference:NchardakTarget01; 6:Reference:NchardakTarget02; 7:Reference:NchardakTarget03; 8:Reference:NchardakTarget04; 9:Reference:NchardakTarget05; 17:Reference:Player; 19:Reference:NchardakReadingRoomDoor; 21:Reference:NchardakCube01_AsQuestItem; 22:Reference:NchardakCube02_AsQuestItem; 23:Reference:NchardakCube03_AsQuestItem; 24:Reference:NchardakCube04_AsQuestItem; 25:Reference:NchardakCube05_AsQuestItem; 26:Reference:Cube4Centurion; 27:Reference:BossCenturion,scan-only; exact stage/outcome semantics require dossier review
Dragonborn.esm,Dragonborn.esm,Dragonborn.esm:0179DE,DLC2MQ05,DLC2MQ05,,Dragonborn,RunOnce,DLC2\,Solstheim/Hermaeus Mora/Dunmer candidate,candidate-scan,readback-ok,31,0; 1; 10; 100; 150; 200; 250; 290; 300; 310; 320; 325; 330; 340; 350; 355; 360; 370; 390; 400; 450; 500; 600; 610; 620; 630; 700; 750; 800; 1000; 1100,1000,,,0 | 1 | 10 | 100 | 150 | 200 | 250 | 290 | 300 | 310 | 320 | 325 | 330 | 340 | 350 | 355 | 360 | 370 | 390 | 400 | 450 | 500 | 600 | 610 | 620 | 630 | 700 | 750 | 800 | 1000 | 1100,10 | 20 | 30 | 40,0; 340; 250; 10; 1; 610; 500; 750; 200; 310; 1000; 700; 330; 630; 800; 390; 300; 600; 400; 100; 620; 450; 150; 325; 1100; 355; 360; 370; 290; 320; 350,DLC2_QF_DLC2MQ04_020179DE,0:Reference:Storn; 2:Reference:Frea; 3:Reference:Neloth; 27:Reference:Book2Tamriel; 5:Reference:Book2Apocrypha; 6:Location:Nchardak; 7:Reference:Dragon; 8:Reference:Player; 9:Reference:HermaeusMora; 10:Reference:HermaeusMoraSkaal; 11:Reference:SkaalCitizenAeta; 16:Reference:SkaalCitizenBaldor; 17:Reference:SkaalCitizenDeor; 18:Reference:SkaalCitizenEdla; 19:Reference:SkaalCitizenFanari; 20:Reference:SkaalCitizenFinna; 21:Reference:SkaalCitizenMorwen; 22:Reference:SkaalCitizenNikulas; 23:Reference:SkaalCitizenOslaf; 24:Reference:SkaalCitizenTharstan; 25:Reference:SkaalCitizenWulf; 26:Reference:SkaalCitizenYrsa,scan-only; exact stage/outcome semantics require dossier review
Dragonborn.esm,Dragonborn.esm,Dragonborn.esm:02871F,DLC2MQ05SkaalSceneFiller,DLC2MQ05SkaalSceneFiller,,None,RunOnce,DLC2\,Solstheim/Hermaeus Mora/Dunmer candidate,candidate-scan,readback-ok,1,10,,,10,10 [StartUpStage],,10,DLC2_QF_DLC2MQ05SkaalSceneFil_0202871F,11:Reference:SkaalCitizenAeta; 16:Reference:SkaalCitizenBaldor; 17:Reference:SkaalCitizenDeor; 18:Reference:SkaalCitizenEdla; 19:Reference:SkaalCitizenFanari; 20:Reference:SkaalCitizenFinna; 21:Reference:SkaalCitizenMorwen; 22:Reference:SkaalCitizenNikulas; 23:Reference:SkaalCitizenOslaf; 24:Reference:SkaalCitizenTharstan; 25:Reference:SkaalCitizenWulf; 26:Reference:SkaalCitizenYrsa,scan-only; exact stage/outcome semantics require dossier review
Dragonborn.esm,Dragonborn.esm,Dragonborn.esm:0179D7,DLC2MQ06,DLC2MQ06,,Dragonborn,RunOnce,DLC2\,Solstheim/Hermaeus Mora/Dunmer candidate,candidate-scan,readback-ok,23,0; 10; 100; 200; 220; 240; 250; 300; 330; 335; 340; 350; 400; 420; 440; 460; 500; 520; 550; 580; 590; 600; 1000,550,,,0 | 10 | 100 | 200 | 220 | 240 | 250 | 300 | 330 | 335 | 340 | 350 | 400 | 420 | 440 | 460 | 500 | 520 | 550 | 580 | 590 | 600 | 1000,10 | 20 | 25 | 30 | 40,0; 220; 340; 250; 10; 420; 350; 240; 200; 550; 330; 300; 400; 100; 460; 440; 500; 580; 520; 335; 590; 1000; 600,DLC2_QF_DLC2MQ07_020179D7,2:Location:Book01Location; 3:Reference:FerryDragon; 1:Reference:Miraak; 0:Reference:Book1Target; 10:Reference:LoadBookTarget; 11:Reference:WordWallTarget; 4:Reference:Player; 5:Reference:Dragon2; 6:Reference:Dragon3; 7:Reference:HermausMoraTA; 8:Reference:DragonToKill; 9:Reference:SprintTarget; 12:Reference:Frea; 13:Reference:ThirskWorker1; 14:Reference:ThirskWorker2; 15:Reference:Lurker; 16:Reference:TameDragon,scan-only; exact stage/outcome semantics require dossier review
Dragonborn.esm,Dragonborn.esm,Dragonborn.esm:03854C,DLC2MQ07,DLC2MQ07,,None,RunOnce,DLC2\,Solstheim/Hermaeus Mora/Dunmer candidate,candidate-scan,readback-ok,7,10; 20; 30; 50; 100; 150; 200,,,,10 | 20 | 30 | 50 | 100 | 150 | 200,,20; 200; 50; 50; 10; 150; 150; 100; 30,DLC2_QF_DLC2MQ07_0203854C,0:Reference:Frea; 1:Reference:Neloth,scan-only; exact stage/outcome semantics require dossier review
Dragonborn.esm,Dragonborn.esm,Dragonborn.esm:01C4E4,DLC2Pillar,DLC2Pillar,,None,RunOnce,DLC2\Radiant\,Solstheim/Hermaeus Mora/Dunmer candidate,candidate-scan,readback-ok,3,0; 10; 100,,,0,0 [StartUpStage] | 10 | 100,,0; 10; 100,DLC2_QF_DLC2Pillar_0201C4E4,10:Reference:TestAlias; 11:Reference:Player; 0:Reference:Builder1; 1:Reference:Builder2; 2:Reference:Builder3; 3:Reference:Builder4; 4:Reference:Builder5; 5:Reference:Builder6; 6:Reference:Builder7; 7:Reference:Builder8; 8:Reference:Builder9; 9:Reference:Builder10; 12:Reference:Frea; 13:Reference:Neloth; 14:Reference:MiraakVoiceMarker; 15:Reference:FollowerAtPillar,scan-only; exact stage/outcome semantics require dossier review
Dragonborn.esm,Dragonborn.esm,Dragonborn.esm:028664,DLC2PillarDestroyed,DLC2PillarDestroyed,,None,4096,DLC2\Radiant\,Solstheim/Hermaeus Mora/Dunmer candidate,candidate-scan,readback-ok,1,0,,,0,0 [StartUpStage],,0,DLC2_QF_DLC2PillarDestroyed_02028664,1:Reference:PillarShoutTrigger; 33:Reference:Monster; 0:Reference:Spectator1; 12:Reference:Spectator2; 13:Reference:Spectator3; 14:Reference:Spectator4; 15:Reference:Spectator5; 16:Reference:Spectator6; 17:Reference:Spectator7; 18:Reference:Spectator8; 19:Reference:Spectator9; 20:Reference:Spectator10; 21:Reference:Spectator11; 22:Reference:Spectator12; 23:Reference:Spectator13; 24:Reference:Spectator14; 26:Reference:Spectator15; 27:Reference:Spectator16; 28:Reference:Spectator17; 29:Reference:Spectator18; 30:Reference:Spectator19; 31:Reference:Spectator20,scan-only; exact stage/outcome semantics require dossier review
Dragonborn.esm,Dragonborn.esm,Dragonborn.esm:038C07,DLC2RieklingRescue,DLC2RieklingRescue,,None,273,DLC2\Radiant\,Solstheim/Hermaeus Mora/Dunmer candidate,candidate-scan,readback-ok,1,1,,,,1,,1,DLC2_QF_DLC2RieklingRescue_02038C07,0:Reference:Player; 1:Reference:Riekling1; 2:Reference:Riekling2; 3:Reference:Riekling3,scan-only; exact stage/outcome semantics require dossier review
Dragonborn.esm,Dragonborn.esm,Dragonborn.esm:01BFE9,DLC2RR00,DLC2RR00,,None,273,DLC2\,Solstheim/Hermaeus Mora/Dunmer candidate,candidate-scan,readback-ok,2,0; 10,,,,0 | 10,,0; 10,DLC2_QF_DLC2RR00_0201BFE9,,scan-only; exact stage/outcome semantics require dossier review
Dragonborn.esm,Dragonborn.esm,Dragonborn.esm:018B13,DLC2RR01,DLC2RR01,,SideQuest,RunOnce,DLC2\,Solstheim/Hermaeus Mora/Dunmer candidate,candidate-scan,readback-ok,15,0; 10; 20; 30; 40; 45; 50; 60; 80; 90; 100; 110; 120; 130; 200,200,,10,0 | 10 [StartUpStage] | 20 | 30 | 40 | 45 | 50 | 60 | 80 | 90 | 100 | 110 | 120 | 130 | 200,10 | 20 | 30 | 50 | 60 | 70 | 80 | 90 | 100 | 110,0; 40; 80; 45; 10; 90; 100; 20; 200; 50; 110; 30; 120; 130; 60,DLC2_QF_DLC2RR01_02018B13,0:Reference:DLC2RR01ModynAlias; 1:Reference:DLC2RR01CariusAlias; 6:Location:DLC2RR01AmbushCellAlias; 8:Location:DLC2RR01AttiusFarmCellAlias; 2:Reference:DLC2RR01Ghoul01Alias; 3:Reference:DLC2RR01Ghoul02Alias; 4:Reference:DLC2RR01Ghoul03Alias; 9:Reference:DLC2RR01Plans; 10:Reference:DLC2RR01Player; 12:Reference:DLC2RR01HoldingSafeAlias; 11:Reference:DLC2RR01AltLetterAlias,scan-only; exact stage/outcome semantics require dossier review
Dragonborn.esm,Dragonborn.esm,Dragonborn.esm:018B14,DLC2RR02,DLC2RR02,,SideQuest,RunOnce,DLC2\,Solstheim/Hermaeus Mora/Dunmer candidate,candidate-scan,readback-ok,16,0; 5; 10; 15; 20; 30; 40; 50; 60; 70; 80; 85; 90; 100; 110; 200,200,,,0 | 5 | 10 | 15 | 20 | 30 | 40 | 50 | 60 | 70 | 80 | 85 | 90 | 100 | 110 | 200,5 | 10 | 20 | 30 | 40 | 50 | 60 | 65 | 70 | 80 | 90 | 100,0; 40; 5; 110; 100; 10; 15; 60; 20; 200; 50; 90; 30; 70; 80; 85,DLC2_QF_DLC2RR02_02018B14,0:Reference:DLC2RR02AdrilAlias; 1:Reference:DLC2RR02VendilAlias; 2:Reference:DLC2RR02MirriAlias; 3:Reference:DLC2RR02TilisuAlias; 10:Reference:DLC2RR02MorvaynAlias; 4:Reference:DLC2RR02GeldisAlias; 5:Reference:DLC2RR02TombQTAlias; 6:Reference:DLC2RR02SafeAlias; 13:Reference:DLC2RRHoldingSafeAlias; 7:Reference:DLC2RR02EvidenceAlias; 8:Reference:DLC2RR02SeverinHouseMarkerAlias; 9:Reference:DLC2RR02PlayerAlias; 11:Reference:DLC2RR02VelethAlias; 12:Reference:DLC2RR02GuardQT,scan-only; exact stage/outcome semantics require dossier review
Dragonborn.esm,Dragonborn.esm,Dragonborn.esm:018B15,DLC2RR03,DLC2RR03,,SideQuest,RunOnce,DLC2\,Solstheim/Hermaeus Mora/Dunmer candidate,candidate-scan,readback-ok,9,0; 10; 15; 20; 25; 30; 40; 50; 200,200,,10,0 | 10 [StartUpStage] | 15 | 20 | 25 | 30 | 40 | 50 | 200,5 | 10 | 20 | 30 | 40,20; 40; 50; 30; 10; 25; 15; 200,DLC2_QF_DLC2RR03_02018B15,0:Reference:DLC2RR03CresciusAlias; 1:Reference:DLC2RR03AphiaAlias; 2:Reference:DLC2RR03GratianSkeletonAlias; 3:Reference:DLC2RR03BloodskalBladeAlias; 4:Reference:DLC2RR03GratianJournalAlias; 5:Reference:DLC2RR03SafeAlias; 6:Reference:DLC2RR03MineKeyAlias; 7:Reference:DLC2RR03LetterAlias; 8:Reference:DLC2RR03PlayerAlias; 10:Reference:DLC2RR03QuestTargetAlias; 13:Reference:DLC2RR03ExteriorQuestTargetAlias; 14:Location:DLC2RR03BloodskalLocAlias; 15:Reference:DLC2RR03SeekerAlias,scan-only; exact stage/outcome semantics require dossier review
Dragonborn.esm,Dragonborn.esm,Dragonborn.esm:020A1C,DLC2RR03Intro,DLC2RR03Intro,,Misc,RunOnce,DLC2\,Solstheim/Hermaeus Mora/Dunmer candidate,candidate-scan,readback-ok,5,10; 15; 20; 25; 200,200,,10,10 [StartUpStage] | 15 | 20 | 25 | 200 [ShutDownStage],10 | 20 | 30,20; 200; 10; 25; 15,DLC2_QF_DLC2RR03Intro_02020A1C,3:Reference:DLC2RR03IntroGloverAlias; 1:Reference:DLC2RR03IntroCresciusAlias; 5:Reference:DLC2RR03SafeAlias; 2:Reference:DLC2RR03IntroAxeAlias; 4:Reference:DLC2RR03IntroPlayer,scan-only; exact stage/outcome semantics require dossier review
Dragonborn.esm,Dragonborn.esm,Dragonborn.esm:03332B,DLC2RR03Mine,DLC2RR03Mine,,None,RunOnce,DLC2\,Solstheim/Hermaeus Mora/Dunmer candidate,candidate-scan,readback-ok,1,10,,,10,10 [StartUpStage],,10,DLC2_QF_DLC2RR03Mine_0203332B,,scan-only; exact stage/outcome semantics require dossier review
Dragonborn.esm,Dragonborn.esm,Dragonborn.esm:03332C,DLC2RR03MineCL,DLC2RR03MineCL,,None,RunOnce,DLC2\,Solstheim/Hermaeus Mora/Dunmer candidate,candidate-scan,readback-ok,2,10; 200,,,10,10 [StartUpStage] | 200 [ShutDownStage],,200; 10,DLC2_QF_DLC2RR03MineCL_0203332C,,scan-only; exact stage/outcome semantics require dossier review
Dragonborn.esm,Dragonborn.esm,Dragonborn.esm:03332A,DLC2RR03Priest,DLC2RR03Priest,,Misc,RunOnce,DLC2\,Solstheim/Hermaeus Mora/Dunmer candidate,candidate-scan,readback-ok,2,10; 200,,,10,10 [StartUpStage] | 200 [ShutDownStage],10,200; 10,DLC2_QF_DLC2RR03Priest_0203332A,2:Location:DLC2RR03BloodskalLocAlias; 0:Reference:DLC2RR03Priest,scan-only; exact stage/outcome semantics require dossier review
Dragonborn.esm,Dragonborn.esm,Dragonborn.esm:01992F,DLC2RRAlorHouseScene01,DLC2RRAlorHouseScene01,,None,0,DLC2\Dialogue\,Solstheim/Hermaeus Mora/Dunmer candidate,candidate-scan,readback-ok,0,,,,,,,,,0:Reference:Actor1; 2:Reference:Actor2; 3:Reference:RRFethisAlias; 4:Reference:RRDreylaAlias,scan-only; exact stage/outcome semantics require dossier review
Dragonborn.esm,Dragonborn.esm,Dragonborn.esm:019931,DLC2RRAlorHouseScene02,DLC2RRAlorHouseScene02,,None,0,DLC2\Dialogue\,Solstheim/Hermaeus Mora/Dunmer candidate,candidate-scan,readback-ok,0,,,,,,,,,0:Reference:Actor1; 2:Reference:Actor2; 3:Reference:RRFethisAlias; 4:Reference:RRDreylaAlias,scan-only; exact stage/outcome semantics require dossier review
Dragonborn.esm,Dragonborn.esm,Dragonborn.esm:019C32,DLC2RRAnyLocScene01,DLC2RRAnyLocScene01,,None,0,DLC2\Dialogue\,Solstheim/Hermaeus Mora/Dunmer candidate,candidate-scan,readback-ok,0,,,,,,,,,0:Reference:Actor1; 2:Reference:Actor2; 3:Reference:RRAdrilAlias; 4:Reference:RRModynAlias,scan-only; exact stage/outcome semantics require dossier review
Dragonborn.esm,Dragonborn.esm,Dragonborn.esm:019C34,DLC2RRAnyLocScene02,DLC2RRAnyLocScene02,,None,0,DLC2\Dialogue\,Solstheim/Hermaeus Mora/Dunmer candidate,candidate-scan,readback-ok,0,,,,,,,,,0:Reference:Actor1; 2:Reference:Actor2; 3:Reference:RRAdrilAlias; 4:Reference:RRCindiriAlias,scan-only; exact stage/outcome semantics require dossier review
Dragonborn.esm,Dragonborn.esm,Dragonborn.esm:019C36,DLC2RRAnyLocScene03,DLC2RRAnyLocScene03,,None,0,DLC2\Dialogue\,Solstheim/Hermaeus Mora/Dunmer candidate,candidate-scan,readback-ok,0,,,,,,,,,0:Reference:Actor1; 2:Reference:Actor2; 3:Reference:RRAdrilAlias; 4:Reference:RRFethisAlias,scan-only; exact stage/outcome semantics require dossier review
Dragonborn.esm,Dragonborn.esm,Dragonborn.esm:019C38,DLC2RRAnyLocScene04,DLC2RRAnyLocScene04,,None,0,DLC2\Dialogue\,Solstheim/Hermaeus Mora/Dunmer candidate,candidate-scan,readback-ok,0,,,,,,,,,0:Reference:Actor1; 2:Reference:Actor2; 3:Reference:RRAdrilAlias; 4:Reference:RRGloverAlias,scan-only; exact stage/outcome semantics require dossier review
Dragonborn.esm,Dragonborn.esm,Dragonborn.esm:019C3A,DLC2RRAnyLocScene05,DLC2RRAnyLocScene05,,None,0,DLC2\Dialogue\,Solstheim/Hermaeus Mora/Dunmer candidate,candidate-scan,readback-ok,0,,,,,,,,,0:Reference:Actor1; 2:Reference:Actor2; 3:Reference:RRAdrilAlias; 4:Reference:RRVendilAlias,scan-only; exact stage/outcome semantics require dossier review
Dragonborn.esm,Dragonborn.esm,Dragonborn.esm:019C3C,DLC2RRAnyLocScene06,DLC2RRAnyLocScene06,,None,0,DLC2\Dialogue\,Solstheim/Hermaeus Mora/Dunmer candidate,candidate-scan,readback-ok,0,,,,,,,,,0:Reference:Actor1; 2:Reference:Actor2; 3:Reference:RRModynAlias; 4:Reference:RRFethisAlias,scan-only; exact stage/outcome semantics require dossier review
Dragonborn.esm,Dragonborn.esm,Dragonborn.esm:019C3E,DLC2RRAnyLocScene07,DLC2RRAnyLocScene07,,None,0,DLC2\Dialogue\,Solstheim/Hermaeus Mora/Dunmer candidate,candidate-scan,readback-ok,0,,,,,,,,,0:Reference:Actor1; 2:Reference:Actor2; 3:Reference:RRModynAlias; 4:Reference:RRDreylaAlias,scan-only; exact stage/outcome semantics require dossier review
Dragonborn.esm,Dragonborn.esm,Dragonborn.esm:019C40,DLC2RRAnyLocScene08,DLC2RRAnyLocScene08,,None,0,DLC2\Dialogue\,Solstheim/Hermaeus Mora/Dunmer candidate,candidate-scan,readback-ok,0,,,,,,,,,0:Reference:Actor1; 2:Reference:Actor2; 3:Reference:RRModynAlias; 4:Reference:RRGloverAlias,scan-only; exact stage/outcome semantics require dossier review
Dragonborn.esm,Dragonborn.esm,Dragonborn.esm:019C42,DLC2RRAnyLocScene09,DLC2RRAnyLocScene09,,None,0,DLC2\Dialogue\,Solstheim/Hermaeus Mora/Dunmer candidate,candidate-scan,readback-ok,0,,,,,,,,,0:Reference:Actor1; 2:Reference:Actor2; 3:Reference:RRModynAlias; 4:Reference:RRGarynAlias,scan-only; exact stage/outcome semantics require dossier review
Dragonborn.esm,Dragonborn.esm,Dragonborn.esm:019C44,DLC2RRAnyLocScene10,DLC2RRAnyLocScene10,,None,0,DLC2\Dialogue\,Solstheim/Hermaeus Mora/Dunmer candidate,candidate-scan,readback-ok,0,,,,,,,,,0:Reference:Actor1; 2:Reference:Actor2; 3:Reference:RRFethisAlias; 4:Reference:RRGloverAlias,scan-only; exact stage/outcome semantics require dossier review
Dragonborn.esm,Dragonborn.esm,Dragonborn.esm:019C46,DLC2RRAnyLocScene11,DLC2RRAnyLocScene11,,None,0,DLC2\Dialogue\,Solstheim/Hermaeus Mora/Dunmer candidate,candidate-scan,readback-ok,0,,,,,,,,,0:Reference:Actor1; 2:Reference:Actor2; 3:Reference:RRVendilAlias; 4:Reference:RRGloverAlias,scan-only; exact stage/outcome semantics require dossier review
Dragonborn.esm,Dragonborn.esm,Dragonborn.esm:019C48,DLC2RRAnyLocScene12,DLC2RRAnyLocScene12,,None,0,DLC2\Dialogue\,Solstheim/Hermaeus Mora/Dunmer candidate,candidate-scan,readback-ok,0,,,,,,,,,0:Reference:Actor1; 2:Reference:Actor2; 3:Reference:RRGarynAlias; 4:Reference:RRGloverAlias,scan-only; exact stage/outcome semantics require dossier review
Dragonborn.esm,Dragonborn.esm,Dragonborn.esm:025813,DLC2RRAnyLocScene13,DLC2RRAnyLocScene13,,None,0,DLC2\Dialogue\,Solstheim/Hermaeus Mora/Dunmer candidate,candidate-scan,readback-ok,0,,,,,,,,,0:Reference:Actor1; 2:Reference:Actor2; 3:Reference:RRGarynAlias; 4:Reference:RRMiloreAlias,scan-only; exact stage/outcome semantics require dossier review
Dragonborn.esm,Dragonborn.esm,Dragonborn.esm:025815,DLC2RRAnyLocScene14,DLC2RRAnyLocScene14,,None,0,DLC2\Dialogue\,Solstheim/Hermaeus Mora/Dunmer candidate,candidate-scan,readback-ok,0,,,,,,,,,0:Reference:Actor1; 2:Reference:Actor2; 3:Reference:RRMiloreAlias; 4:Reference:RRFethisAlias,scan-only; exact stage/outcome semantics require dossier review
Dragonborn.esm,Dragonborn.esm,Dragonborn.esm:01993F,DLC2RRAnyLocScene15,DLC2RRAnyLocScene15,,None,0,DLC2\Dialogue\,Solstheim/Hermaeus Mora/Dunmer candidate,candidate-scan,readback-ok,0,,,,,,,,,0:Reference:Actor1; 2:Reference:Actor2; 3:Reference:RRMiloreAlias; 4:Reference:RRGarynAlias,scan-only; exact stage/outcome semantics require dossier review
Dragonborn.esm,Dragonborn.esm,Dragonborn.esm:025817,DLC2RRAnyLocScene16,DLC2RRAnyLocScene16,,None,0,DLC2\Dialogue\,Solstheim/Hermaeus Mora/Dunmer candidate,candidate-scan,readback-ok,0,,,,,,,,,0:Reference:Actor1; 2:Reference:Actor2; 3:Reference:RRMiloreAlias; 4:Reference:RRFethisAlias,scan-only; exact stage/outcome semantics require dossier review
Dragonborn.esm,Dragonborn.esm,Dragonborn.esm:025819,DLC2RRAnyLocScene17,DLC2RRAnyLocScene17,,None,0,DLC2\Dialogue\,Solstheim/Hermaeus Mora/Dunmer candidate,candidate-scan,readback-ok,0,,,,,,,,,0:Reference:Actor1; 2:Reference:Actor2; 3:Reference:RROthrelothAlias; 4:Reference:RRModynAlias,scan-only; exact stage/outcome semantics require dossier review
Dragonborn.esm,Dragonborn.esm,Dragonborn.esm:0347FC,DLC2RRAnyLocScene18,DLC2RRAnyLocScene18,,None,0,DLC2\Dialogue\,Solstheim/Hermaeus Mora/Dunmer candidate,candidate-scan,readback-ok,0,,,,,,,,,0:Reference:Actor1; 2:Reference:Actor2; 3:Reference:RRMogrulAlias; 4:Reference:RRMiloreAlias,scan-only; exact stage/outcome semantics require dossier review
Dragonborn.esm,Dragonborn.esm,Dragonborn.esm:0347FE,DLC2RRAnyLocScene19,DLC2RRAnyLocScene19,,None,0,DLC2\Dialogue\,Solstheim/Hermaeus Mora/Dunmer candidate,candidate-scan,readback-ok,0,,,,,,,,,0:Reference:Actor1; 2:Reference:Actor2; 3:Reference:RRMogrulAlias; 4:Reference:RRGarynAlias,scan-only; exact stage/outcome semantics require dossier review
Dragonborn.esm,Dragonborn.esm,Dragonborn.esm:034800,DLC2RRAnyLocScene20,DLC2RRAnyLocScene20,,None,0,DLC2\Dialogue\,Solstheim/Hermaeus Mora/Dunmer candidate,candidate-scan,readback-ok,0,,,,,,,,,0:Reference:Actor1; 2:Reference:Actor2; 3:Reference:RRMogrulAlias; 4:Reference:RRFethisAlias,scan-only; exact stage/outcome semantics require dossier review
Dragonborn.esm,Dragonborn.esm,Dragonborn.esm:034802,DLC2RRAnyLocScene21,DLC2RRAnyLocScene21,,None,0,DLC2\Dialogue\,Solstheim/Hermaeus Mora/Dunmer candidate,candidate-scan,readback-ok,0,,,,,,,,,0:Reference:Actor1; 2:Reference:Actor2; 3:Reference:RRMogrulAlias; 4:Reference:RRModynAlias,scan-only; exact stage/outcome semantics require dossier review
Dragonborn.esm,Dragonborn.esm,Dragonborn.esm:02ADDA,DLC2RRArrivalScene,DLC2RRArrivalScene,,None,273,,Solstheim/Hermaeus Mora/Dunmer candidate,candidate-scan,readback-ok,2,10; 200,,,,10 | 200 [ShutDownStage],,200; 10,DLC2_QF_DLC2RRArrivalScene_0202ADDA,0:Reference:DLC2RRASGjalundAlias; 1:Reference:DLC2RRASAdrilAlias; 3:Location:DLC2RRASRavenRockLocation; 2:Reference:DLC2RRASGuardAlias; 4:Reference:GjalundMarker,scan-only; exact stage/outcome semantics require dossier review
Dragonborn.esm,Dragonborn.esm,Dragonborn.esm:019C4B,DLC2RRBeggarScene,DLC2RRBeggarScene,,None,0,DLC2\Dialogue\,Solstheim/Hermaeus Mora/Dunmer candidate,candidate-scan,readback-ok,0,,,,,,,,,0:Reference:Actor1; 2:Reference:Actor2; 3:Reference:RRBeggarAlias; 4:Reference:RROtherAlias,scan-only; exact stage/outcome semantics require dossier review
Dragonborn.esm,Dragonborn.esm,Dragonborn.esm:019935,DLC2RRCresciusHouseScene01,DLC2RRCresciusHouseScene01,,None,0,DLC2\Dialogue\,Solstheim/Hermaeus Mora/Dunmer candidate,candidate-scan,readback-ok,0,,,,,,,,,0:Reference:Actor1; 2:Reference:Actor2; 3:Reference:RRCresciusAlias; 4:Reference:RRAphiaAlias,scan-only; exact stage/outcome semantics require dossier review
Dragonborn.esm,Dragonborn.esm,Dragonborn.esm:019937,DLC2RRCresciusHouseScene02,DLC2RRCresciusHouseScene02,,None,0,DLC2\Dialogue\,Solstheim/Hermaeus Mora/Dunmer candidate,candidate-scan,readback-ok,0,,,,,,,,,0:Reference:Actor1; 2:Reference:Actor2; 3:Reference:RRCresciusAlias; 4:Reference:RRAphiaAlias,scan-only; exact stage/outcome semantics require dossier review
Dragonborn.esm,Dragonborn.esm,Dragonborn.esm:024DDE,DLC2RRFavor01,DLC2RRFavor01,,Misc,RunOnce,DLC2\,Solstheim/Hermaeus Mora/Dunmer candidate,candidate-scan,readback-ok,4,10; 20; 30; 200,200,,10,10 [StartUpStage] | 20 | 30 | 200,10 | 20,20; 200; 10; 30,DLC2_QF_DLC2RRFavor01_02024DDE,0:Reference:DLC2RRFVelethAlias; 1:Reference:DLC2RRF01BarrelAlias,scan-only; exact stage/outcome semantics require dossier review
Dragonborn.esm,Dragonborn.esm,Dragonborn.esm:024DE7,DLC2RRFavor02,DLC2RRFavor02,,Misc,RunOnce,DLC2\,Solstheim/Hermaeus Mora/Dunmer candidate,candidate-scan,readback-ok,4,10; 20; 200; 250,200,,10,10 [StartUpStage] | 20 | 200 | 250,10 | 20,20; 200; 250; 10,DLC2_QF_DLC2RRFavor02_02024DE7,0:Reference:DLC2RRF02MiloreAlias; 3:Reference:DLC2RRF02PlayerAlias,scan-only; exact stage/outcome semantics require dossier review
Dragonborn.esm,Dragonborn.esm,Dragonborn.esm:024DFC,DLC2RRFavor03,DLC2RRFavor03,,Misc,RunOnce,DLC2\,Solstheim/Hermaeus Mora/Dunmer candidate,candidate-scan,readback-ok,5,10; 20; 30; 200; 250,,,10,10 [StartUpStage] | 20 | 30 | 200 | 250,10 | 20,20; 200; 250; 10; 30,DLC2_QF_DLC2RRFavor03_02024DFC,0:Reference:DLC2RRF03ElderAlias; 3:Location:DLC2RRF03TombLocAlias; 1:Reference:DLC2RRF03Spawn01Alias; 4:Reference:DLC2RRF03Spawn02Alias; 5:Reference:DLC2RRF03Spawn03Alias; 13:Reference:DLC2RRF03Spawn04Alias; 12:Reference:DLC2RRF03Spawn05Alias; 11:Reference:DLC2RRF03Spawn06Alias; 10:Reference:DLC2RRF03Spawn07Alias; 9:Reference:DLC2RRF03Spawn08Alias; 8:Reference:DLC2RRF03Spawn09Alias; 7:Reference:DLC2RRF03Spawn10Alias; 6:Reference:DLC2RRF03Spawn11Alias; 14:Reference:QTTomb,scan-only; exact stage/outcome semantics require dossier review
Dragonborn.esm,Dragonborn.esm,Dragonborn.esm:024E04,DLC2RRFavor04,DLC2RRFavor04,,Misc,"AllowRepeatedStages, RunOnce",DLC2\,Solstheim/Hermaeus Mora/Dunmer candidate,candidate-scan,readback-ok,5,10; 20; 25; 30; 200,200,,10,10 [StartUpStage] | 20 | 25 | 30 | 200,10 | 20,20; 200; 10; 25; 30,DLC2_QF_DLC2RRFavor04_02024E04,0:Reference:DLC2RRF03GeldisAlias,scan-only; exact stage/outcome semantics require dossier review
Dragonborn.esm,Dragonborn.esm,Dragonborn.esm:024FA8,DLC2RRFavor05,DLC2RRFavor05,,Misc,"AllowRepeatedStages, RunOnce",DLC\,Solstheim/Hermaeus Mora/Dunmer candidate,candidate-scan,readback-ok,4,10; 20; 30; 250,,,10,10 [StartUpStage] | 20 | 30 | 250,10,20; 250; 10; 30,DLC2_QF_DLC2RRFavor05_02024FA8,0:Reference:DLC2RRF05FethisAlias,scan-only; exact stage/outcome semantics require dossier review
Dragonborn.esm,Dragonborn.esm,Dragonborn.esm:024FAD,DLC2RRFavor06,DLC2RRFavor06,,Misc,RunOnce,DLC2\,Solstheim/Hermaeus Mora/Dunmer candidate,candidate-scan,readback-ok,5,10; 20; 30; 200; 250,200,,10,10 [StartUpStage] | 20 | 30 | 200 | 250,10 | 20,20; 200; 250; 10; 30,DLC2_QF_DLC2RRFavor06_02024FAD,0:Reference:DLC2RRF06BralsaAlias; 1:Reference:DLC2RRF06GeldisAlias,scan-only; exact stage/outcome semantics require dossier review
Dragonborn.esm,Dragonborn.esm,Dragonborn.esm:02BAC6,DLC2RRFavor07,DLC2RRFavor07,,Misc,RunOnce,DLC2\,Solstheim/Hermaeus Mora/Dunmer candidate,candidate-scan,readback-ok,5,10; 20; 30; 200; 250,200,,10,10 [StartUpStage] | 20 | 30 | 200 | 250,10 | 20,20; 200; 250; 10; 30,DLC2_QF_DLC2RRFavor07_0202BAC6,0:Reference:DLC2RRF07CindiriAlias; 1:Reference:DLC2RRF07ChestAlias; 2:Reference:DLC2RRF07BookAlias; 3:Reference:DLC2RRF07PlayerAlias,scan-only; exact stage/outcome semantics require dossier review
Dragonborn.esm,Dragonborn.esm,Dragonborn.esm:019C4E,DLC2RRGuardDialogue,DLC2RRGuardDialogue,,None,0,DLC2\Dialogue\,Solstheim/Hermaeus Mora/Dunmer candidate,candidate-scan,readback-ok,0,,,,,,,,,,scan-only; exact stage/outcome semantics require dossier review
Dragonborn.esm,Dragonborn.esm,Dragonborn.esm:019941,DLC2RRIenthFarmScene02,DLC2RRIenthFarmScene02,,None,0,DLC2\Dialogue\,Solstheim/Hermaeus Mora/Dunmer candidate,candidate-scan,readback-ok,0,,,,,,,,,0:Reference:Actor1; 2:Reference:Actor2; 3:Reference:RRMiloreAlias; 4:Reference:RRGarynAlias,scan-only; exact stage/outcome semantics require dossier review
Dragonborn.esm,Dragonborn.esm,Dragonborn.esm:01991F,DLC2RRMorvaynManorScene01,DLC2RRMorvaynManorScene01,,None,0,DLC2\Dialogue\,Solstheim/Hermaeus Mora/Dunmer candidate,candidate-scan,readback-ok,0,,,,,,,,,0:Reference:Actor1; 2:Reference:Actor2; 3:Reference:RRLlerilAlias; 4:Reference:RRAdrilAlias,scan-only; exact stage/outcome semantics require dossier review
Dragonborn.esm,Dragonborn.esm,Dragonborn.esm:019921,DLC2RRMorvaynManorScene02,DLC2RRMorvaynManorScene02,,None,0,DLC2\Dialogue\,Solstheim/Hermaeus Mora/Dunmer candidate,candidate-scan,readback-ok,0,,,,,,,,,0:Reference:Actor1; 2:Reference:Actor2; 3:Reference:RRLlerilAlias; 4:Reference:RRAdrilAlias,scan-only; exact stage/outcome semantics require dossier review
Dragonborn.esm,Dragonborn.esm,Dragonborn.esm:019923,DLC2RRMorvaynManorScene03,DLC2RRMorvaynManorScene03,,None,0,DLC2\Dialogue\,Solstheim/Hermaeus Mora/Dunmer candidate,candidate-scan,readback-ok,0,,,,,,,,,0:Reference:Actor1; 2:Reference:Actor2; 3:Reference:RRLlerilAlias; 4:Reference:RRAdrilAlias,scan-only; exact stage/outcome semantics require dossier review
Dragonborn.esm,Dragonborn.esm,Dragonborn.esm:019925,DLC2RRMorvaynManorScene04,DLC2RRMorvaynManorScene04,,None,0,DLC2\Dialogue\,Solstheim/Hermaeus Mora/Dunmer candidate,candidate-scan,readback-ok,0,,,,,,,,,0:Reference:Actor1; 2:Reference:Actor2; 3:Reference:RRLlerilAlias; 4:Reference:RRAdrilAlias,scan-only; exact stage/outcome semantics require dossier review
Dragonborn.esm,Dragonborn.esm,Dragonborn.esm:019927,DLC2RRMorvaynManorScene05,DLC2RRMorvaynManorScene05,,None,0,DLC2\Dialogue\,Solstheim/Hermaeus Mora/Dunmer candidate,candidate-scan,readback-ok,0,,,,,,,,,0:Reference:Actor1; 2:Reference:Actor2; 3:Reference:RRLlerilAlias; 4:Reference:RRCindriAlias,scan-only; exact stage/outcome semantics require dossier review
Dragonborn.esm,Dragonborn.esm,Dragonborn.esm:019929,DLC2RRMorvaynManorScene06,DLC2RRMorvaynManorScene06,,None,0,DLC2\Dialogue\,Solstheim/Hermaeus Mora/Dunmer candidate,candidate-scan,readback-ok,0,,,,,,,,,0:Reference:Actor1; 2:Reference:Actor2; 3:Reference:RRAdrilAlias; 4:Reference:RRCindriAlias,scan-only; exact stage/outcome semantics require dossier review
Dragonborn.esm,Dragonborn.esm,Dragonborn.esm:019943,DLC2RRNetchScene01,DLC2RRNetchScene01,,None,0,DLC2\Dialogue\,Solstheim/Hermaeus Mora/Dunmer candidate,candidate-scan,readback-ok,0,,,,,,,,,0:Reference:Actor1; 2:Reference:Actor2; 3:Reference:RRGeldisAlias; 4:Reference:RRAdrilAlias,scan-only; exact stage/outcome semantics require dossier review
Dragonborn.esm,Dragonborn.esm,Dragonborn.esm:019945,DLC2RRNetchScene02,DLC2RRNetchScene02,,None,0,DLC2\Dialogue\,Solstheim/Hermaeus Mora/Dunmer candidate,candidate-scan,readback-ok,0,,,,,,,,,0:Reference:Actor1; 2:Reference:Actor2; 3:Reference:RRGeldisAlias; 4:Reference:RRModynAlias,scan-only; exact stage/outcome semantics require dossier review
Dragonborn.esm,Dragonborn.esm,Dragonborn.esm:019947,DLC2RRNetchScene03,DLC2RRNetchScene03,,None,0,DLC2\Dialogue\,Solstheim/Hermaeus Mora/Dunmer candidate,candidate-scan,readback-ok,0,,,,,,,,,0:Reference:Actor1; 2:Reference:Actor2; 3:Reference:RRGeldisAlias; 4:Reference:RRDreylaAlias,scan-only; exact stage/outcome semantics require dossier review
Dragonborn.esm,Dragonborn.esm,Dragonborn.esm:019949,DLC2RRNetchScene04,DLC2RRNetchScene04,,None,0,DLC2\Dialogue\,Solstheim/Hermaeus Mora/Dunmer candidate,candidate-scan,readback-ok,0,,,,,,,,,0:Reference:Actor1; 2:Reference:Actor2; 3:Reference:RRGeldisAlias; 4:Reference:RRFethisAlias,scan-only; exact stage/outcome semantics require dossier review
Dragonborn.esm,Dragonborn.esm,Dragonborn.esm:01994B,DLC2RRNetchScene05,DLC2RRNetchScene05,,None,0,DLC2\Dialogue\,Solstheim/Hermaeus Mora/Dunmer candidate,candidate-scan,readback-ok,0,,,,,,,,,0:Reference:Actor1; 2:Reference:Actor2; 3:Reference:RRGeldisAlias; 4:Reference:RRGloverAlias,scan-only; exact stage/outcome semantics require dossier review
Dragonborn.esm,Dragonborn.esm,Dragonborn.esm:01994D,DLC2RRNetchScene06,DLC2RRNetchScene06,,None,0,DLC2\Dialogue\,Solstheim/Hermaeus Mora/Dunmer candidate,candidate-scan,readback-ok,0,,,,,,,,,0:Reference:Actor1; 2:Reference:Actor2; 3:Reference:RRGeldisAlias; 4:Reference:RRGarynAlias,scan-only; exact stage/outcome semantics require dossier review
Dragonborn.esm,Dragonborn.esm,Dragonborn.esm:01994F,DLC2RRNetchScene07,DLC2RRNetchScene07,,None,0,DLC2\Dialogue\,Solstheim/Hermaeus Mora/Dunmer candidate,candidate-scan,readback-ok,0,,,,,,,,,0:Reference:Actor1; 2:Reference:Actor2; 3:Reference:RRAdrilAlias; 4:Reference:RRModynAlias,scan-only; exact stage/outcome semantics require dossier review
Dragonborn.esm,Dragonborn.esm,Dragonborn.esm:02B992,DLC2RRNetchScene08,DLC2RRNetchScene08,,None,0,DLC2\Dialogue\,Solstheim/Hermaeus Mora/Dunmer candidate,candidate-scan,readback-ok,0,,,,,,,,,0:Reference:Actor1; 2:Reference:Actor2; 3:Reference:RRGeldisAlias; 4:Reference:RRDrovasAlias,scan-only; exact stage/outcome semantics require dossier review
Dragonborn.esm,Dragonborn.esm,Dragonborn.esm:02B994,DLC2RRNetchScene09,DLC2RRNetchScene09,,None,0,DLC2\Dialogue\,Solstheim/Hermaeus Mora/Dunmer candidate,candidate-scan,readback-ok,0,,,,,,,,,0:Reference:Actor1; 2:Reference:Actor2; 3:Reference:RRGeldisAlias; 4:Reference:RRDrovasAlias,scan-only; exact stage/outcome semantics require dossier review
Dragonborn.esm,Dragonborn.esm,Dragonborn.esm:02B997,DLC2RRNetchScene10,DLC2RRNetchScene10,,None,0,DLC2\Dialogue\,Solstheim/Hermaeus Mora/Dunmer candidate,candidate-scan,readback-ok,0,,,,,,,,,0:Reference:Actor1; 2:Reference:Actor2; 3:Reference:RRGeldisAlias; 4:Reference:RRMogrulAlias,scan-only; exact stage/outcome semantics require dossier review
Dragonborn.esm,Dragonborn.esm,Dragonborn.esm:019939,DLC2RRSeverinManorScene01,DLC2RRSeverinManorScene01,,None,0,DLC2\Dialogue\,Solstheim/Hermaeus Mora/Dunmer candidate,candidate-scan,readback-ok,0,,,,,,,,,0:Reference:Actor1; 2:Reference:Actor2; 3:Reference:RRVendilAlias; 4:Reference:RRTilisuAlias,scan-only; exact stage/outcome semantics require dossier review
Dragonborn.esm,Dragonborn.esm,Dragonborn.esm:01993B,DLC2RRSeverinManorScene02,DLC2RRSeverinManorScene02,,None,0,DLC2\Dialogue\,Solstheim/Hermaeus Mora/Dunmer candidate,candidate-scan,readback-ok,0,,,,,,,,,0:Reference:Actor1; 2:Reference:Actor2; 3:Reference:RRMirriAlias; 4:Reference:RRTilisuAlias,scan-only; exact stage/outcome semantics require dossier review
Dragonborn.esm,Dragonborn.esm,Dragonborn.esm:01993D,DLC2RRSeverinManorScene03,DLC2RRSeverinManorScene03,,None,0,DLC2\Dialogue\,Solstheim/Hermaeus Mora/Dunmer candidate,candidate-scan,readback-ok,0,,,,,,,,,0:Reference:Actor1; 2:Reference:Actor2; 3:Reference:RRMirriAlias; 4:Reference:RRVendilAlias,scan-only; exact stage/outcome semantics require dossier review
Dragonborn.esm,Dragonborn.esm,Dragonborn.esm:01992B,DLC2RRTempleScene01,DLC2RRTempleScene01,,None,0,DLC2\Dialogue\,Solstheim/Hermaeus Mora/Dunmer candidate,candidate-scan,readback-ok,0,,,,,,,,,0:Reference:Actor1; 2:Reference:Actor2; 3:Reference:RRElderAlias; 4:Reference:RRGaldrusAlias,scan-only; exact stage/outcome semantics require dossier review
Dragonborn.esm,Dragonborn.esm,Dragonborn.esm:01992D,DLC2RRTempleScene02,DLC2RRTempleScene02,,None,0,DLC2\Dialogue\,Solstheim/Hermaeus Mora/Dunmer candidate,candidate-scan,readback-ok,0,,,,,,,,,0:Reference:Actor1; 2:Reference:Actor2; 3:Reference:RRElderAlias; 4:Reference:RRGaldrusAlias,scan-only; exact stage/outcome semantics require dossier review
Dragonborn.esm,Dragonborn.esm,Dragonborn.esm:019933,DLC2RRTempleScene03,DLC2RRTempleScene03,,None,0,DLC2\Dialogue\,Solstheim/Hermaeus Mora/Dunmer candidate,candidate-scan,readback-ok,0,,,,,,,,,0:Reference:Actor1; 2:Reference:Actor2; 3:Reference:RRElderAlias; 4:Reference:RRGaldrusAlias,scan-only; exact stage/outcome semantics require dossier review
Dragonborn.esm,Dragonborn.esm,Dragonborn.esm:02581B,DLC2RRTempleScene04,DLC2RRTempleScene04,,None,0,DLC2\Dialogue\,Solstheim/Hermaeus Mora/Dunmer candidate,candidate-scan,readback-ok,0,,,,,,,,,3:Reference:Actor 1; 4:Reference:Actor 2; 0:Reference:DLC2RRESAdrilAlias; 1:Reference:DLC2RRESElderAlias,scan-only; exact stage/outcome semantics require dossier review
Dragonborn.esm,Dragonborn.esm,Dragonborn.esm:025ACC,DLC2RRTempleScene05,DLC2RRTempleScene05,,None,0,,Solstheim/Hermaeus Mora/Dunmer candidate,candidate-scan,readback-ok,0,,,,,,,,,1:Reference:Actor1; 2:Reference:Actor2; 0:Reference:OthrelothAlias; 3:Reference:GaldrusAlias,scan-only; exact stage/outcome semantics require dossier review
Dragonborn.esm,Dragonborn.esm,Dragonborn.esm:02BC66,DLC2Services,DLC2Services,,None,0,,Solstheim/Hermaeus Mora/Dunmer candidate,candidate-scan,readback-ok,0,,,,,,,,,,scan-only; exact stage/outcome semantics require dossier review
Dragonborn.esm,Dragonborn.esm,Dragonborn.esm:02C1E9,DLC2SiltStriderMerchantQuest,DLC2SiltStriderMerchantQuest,,None,273,,Solstheim/Hermaeus Mora/Dunmer candidate,candidate-scan,readback-ok,2,0; 10,,,,0 | 10,,,,,scan-only; exact stage/outcome semantics require dossier review
Dragonborn.esm,Dragonborn.esm,Dragonborn.esm:02C8AA,DLC2SkaalVillageFreeform1,DLC2SkaalVillageFreeform1,,Misc,RunOnce,DLC2 Skaal\,Solstheim/Hermaeus Mora/Dunmer candidate,candidate-scan,readback-ok,6,0; 10; 20; 200; 300; 350,,350,0,0 [StartUpStage] | 10 | 20 | 200 | 300 | 350,10 | 20,20; 200; 10; 350; 300,DLC2_QF_DLC2SkaalVillageFreef_0202C8AA,0:Reference:Morwen; 1:Reference:Runil; 2:Reference:Necklace; 5:Reference:GoToSkyrim; 6:Reference:GoToSolstheim,scan-only; exact stage/outcome semantics require dossier review
Dragonborn.esm,Dragonborn.esm,Dragonborn.esm:031787,DLC2SkaalVillageFreeform2,DLC2SkaalVillageFreeform2,,Misc,RunOnce,DLC2 Skaal\,Solstheim/Hermaeus Mora/Dunmer candidate,candidate-scan,readback-ok,7,0; 10; 20; 30; 200; 300; 350,,300,0; 10,0 [StartUpStage] | 10 [StartUpStage] | 20 | 30 | 200 | 300 | 350,10 | 20,20; 200; 10; 300; 350; 30,DLC2_QF_DLC2SkaalVillageFreef_02031787,0:Reference:Edla; 1:Reference:Nikulas,scan-only; exact stage/outcome semantics require dossier review
Dragonborn.esm,Dragonborn.esm,Dragonborn.esm:0200D8,DLC2SoulSteal,DLC2SoulSteal,,None,273,DLC2\Radiant\,Solstheim/Hermaeus Mora/Dunmer candidate,candidate-scan,readback-ok,2,10; 20,,,,10 | 20,,20; 10,DLC2_QF_DLC2SoulSteal_020200D8,2:Reference:Player; 3:Reference:MiraakSpawnMarker; 0:Reference:Miraak; 1:Reference:Dragon,scan-only; exact stage/outcome semantics require dossier review
Dragonborn.esm,Dragonborn.esm,Dragonborn.esm:019B4A,DLC2SV01,DLC2SV01,,SideQuest,RunOnce,DLC2 Skaal\,Solstheim/Hermaeus Mora/Dunmer candidate,candidate-scan,readback-ok,42,0; 5; 10; 20; 30; 40; 45; 50; 100; 200; 300; 305; 310; 312; 313; 315; 320; 322; 323; 325; 330; 332; 333; 335; 340; 345; 401; 402; 500; 505; 510; 515; 520; 550; 600; 610; 620; 630; 701; 702; 703; 704,200,,0,0 [StartUpStage] | 5 | 10 | 20 | 30 | 40 | 45 | 50 | 100 | 200 [ShutDownStage] | 300 | 305 | 310 | 312 | 313 | 315 | 320 | 322 | 323 | 325 | 330 | 332 | 333 | 335 | 340 | 345 | 401 | 402 | 500 | 505 | 510 | 515 | 520 | 550 | 600 | 610 | 620 | 630 | 701 | 702 | 703 | 704,10 | 20 | 30 | 40 | 45 | 50,515; 322; 340; 702; 20; 320; 550; 40; 100; 620; 315; 402; 505; 335; 345; 703; 45; 10; 610; 704; 200; 50; 30; 630; 520; 510; 300; 5; 305; 332; 333; 401; 323; 325; 312; 313; 310; 701; 330; 600; 500,DLC2_QF_DLC2SV01_02019B4A,12:Location:Solstheim; 11:Location:TombLocation; 0:Reference:Tharstan; 5:Reference:Miniboss1; 6:Reference:Miniboss2; 10:Reference:Vahlok; 7:Reference:HalfClaw1; 8:Reference:HalfClaw2; 9:Reference:Keyhole; 3:Reference:TombDoor; 14:Reference:DungeonBlocker; 15:Reference:FourthPuzzleSolveTriggers,scan-only; exact stage/outcome semantics require dossier review
Dragonborn.esm,Dragonborn.esm,Dragonborn.esm:0337F5,DLC2SV01Post,DLC2SV01Post,,None,RunOnce,,Solstheim/Hermaeus Mora/Dunmer candidate,candidate-scan,readback-ok,3,10; 20; 200,,,10,10 [StartUpStage] | 20 | 200 [ShutDownStage],,20; 200; 10,DLC2_QF_DLC2SV01Post_020337F5,0:Reference:Tharstan,scan-only; exact stage/outcome semantics require dossier review
Dragonborn.esm,Dragonborn.esm,Dragonborn.esm:01CAF1,DLC2SV02,DLC2SV02,,SideQuest,RunOnce,DLC2 Skaal\,Solstheim/Hermaeus Mora/Dunmer candidate,candidate-scan,readback-ok,9,0; 10; 20; 30; 40; 50; 100; 110; 200,200,,10,0 | 10 [StartUpStage] | 20 | 30 | 40 | 50 | 100 | 110 | 200 [ShutDownStage],10 | 20 | 30 | 40,0; 200; 20; 10; 30; 100; 110,DLC2_QF_DLC2SV02_0201CAF1,9:Location:Lodge; 10:Location:NorthShoreLanding; 7:Reference:Ancarion; 0:Reference:Deor; 3:Reference:Baldor; 4:Reference:Map; 8:Reference:LodgeThalmor1; 11:Reference:LodgeThalmor2; 12:Reference:LodgeThalmor3; 13:Reference:LodgeThalmor4; 14:Reference:LodgeKey; 15:Reference:NorthShoreThalmor1; 16:Reference:NorthShoreThalmor2; 17:Reference:NorthShoreThalmor3; 18:Reference:Note,scan-only; exact stage/outcome semantics require dossier review
Dragonborn.esm,Dragonborn.esm,Dragonborn.esm:027E15,DLC2SV02AncarionMerchant,DLC2SV02AncarionMerchant,,Misc,RunOnce,DLC2 Skaal\,Solstheim/Hermaeus Mora/Dunmer candidate,candidate-scan,readback-ok,2,0; 10,,,10,0 | 10 [StartUpStage],10,0; 10,DLC2_QF_DLC2SV02AncarionMerch_02027E15,10:Location:NorthShoreLanding; 7:Reference:Ancarion,scan-only; exact stage/outcome semantics require dossier review
Dragonborn.esm,Dragonborn.esm,Dragonborn.esm:01E169,DLC2SV02Misc,DLC2SV02Misc,,Misc,RunOnce,DLC2 Skaal\,Solstheim/Hermaeus Mora/Dunmer candidate,candidate-scan,readback-ok,3,0; 10; 200,,,0,0 [StartUpStage] | 10 | 200 [ShutDownStage],10,0; 200; 10,DLC2_QF_DLC2SV02Misc_0201E169,0:Reference:Deor; 8:Reference:Fanari; 9:Reference:Baldor,scan-only; exact stage/outcome semantics require dossier review
Dragonborn.esm,Dragonborn.esm,Dragonborn.esm:0214CC,DLC2SVBaldorMorwenScene01,DLC2SVBaldorMorwenScene01,,None,0,DLC2\Dialogue\,Solstheim/Hermaeus Mora/Dunmer candidate,candidate-scan,readback-ok,0,,,,,,,,,0:Reference:Actor1; 2:Reference:Actor2; 3:Reference:Morwen; 4:Reference:Baldor,scan-only; exact stage/outcome semantics require dossier review
Dragonborn.esm,Dragonborn.esm,Dragonborn.esm:0214CE,DLC2SVBaldorMorwenScene02,DLC2SVBaldorMorwenScene02,,None,0,DLC2\Dialogue\,Solstheim/Hermaeus Mora/Dunmer candidate,candidate-scan,readback-ok,0,,,,,,,,,0:Reference:Actor1; 2:Reference:Actor2; 3:Reference:Morwen; 4:Reference:Baldor,scan-only; exact stage/outcome semantics require dossier review
Dragonborn.esm,Dragonborn.esm,Dragonborn.esm:0214D0,DLC2SVBaldorMorwenScene03,DLC2SVBaldorMorwenScene03,,None,0,DLC2\Dialogue\,Solstheim/Hermaeus Mora/Dunmer candidate,candidate-scan,readback-ok,0,,,,,,,,,0:Reference:Actor1; 2:Reference:Actor2; 3:Reference:Morwen; 4:Reference:Baldor,scan-only; exact stage/outcome semantics require dossier review
Dragonborn.esm,Dragonborn.esm,Dragonborn.esm:01BBF5,DLC2SVDeorWulfScene01,DLC2SVDeorWulfScene01,,None,0,DLC2\Dialogue\,Solstheim/Hermaeus Mora/Dunmer candidate,candidate-scan,readback-ok,0,,,,,,,,,0:Reference:Actor1; 2:Reference:Actor2; 3:Reference:Deor; 4:Reference:Wulf,scan-only; exact stage/outcome semantics require dossier review
Dragonborn.esm,Dragonborn.esm,Dragonborn.esm:01BD47,DLC2SVDeorWulfScene02,DLC2SVDeorWulfScene02,,None,0,DLC2\Dialogue\,Solstheim/Hermaeus Mora/Dunmer candidate,candidate-scan,readback-ok,0,,,,,,,,,0:Reference:Actor1; 2:Reference:Actor2; 3:Reference:Deor; 4:Reference:Wulf,scan-only; exact stage/outcome semantics require dossier review
Dragonborn.esm,Dragonborn.esm,Dragonborn.esm:0214D6,DLC2SVDeorWulfScene03,DLC2SVDeorWulfScene03,,None,0,DLC2\Dialogue\,Solstheim/Hermaeus Mora/Dunmer candidate,candidate-scan,readback-ok,0,,,,,,,,,0:Reference:Actor1; 2:Reference:Actor2; 3:Reference:Deor; 4:Reference:Wulf,scan-only; exact stage/outcome semantics require dossier review
Dragonborn.esm,Dragonborn.esm,Dragonborn.esm:0214D8,DLC2SVDeorYrsaScene01,DLC2SVDeorYrsaScene01,,None,0,DLC2\Dialogue\,Solstheim/Hermaeus Mora/Dunmer candidate,candidate-scan,readback-ok,0,,,,,,,,,0:Reference:Actor1; 2:Reference:Actor2; 3:Reference:Deor; 4:Reference:Yrsa,scan-only; exact stage/outcome semantics require dossier review
Dragonborn.esm,Dragonborn.esm,Dragonborn.esm:0214DA,DLC2SVDeorYrsaScene02,DLC2SVDeorYrsaScene02,,None,0,DLC2\Dialogue\,Solstheim/Hermaeus Mora/Dunmer candidate,candidate-scan,readback-ok,0,,,,,,,,,0:Reference:Actor1; 2:Reference:Actor2; 3:Reference:Deor; 4:Reference:Yrsa,scan-only; exact stage/outcome semantics require dossier review
Dragonborn.esm,Dragonborn.esm,Dragonborn.esm:01BD44,DLC2SVEdlaNikulasScene01,DLC2SVEdlaNikulasScene01,,None,0,DLC2\Dialogue\,Solstheim/Hermaeus Mora/Dunmer candidate,candidate-scan,readback-ok,0,,,,,,,,,0:Reference:Actor1; 2:Reference:Actor2; 3:Reference:Edla; 4:Reference:Nikulas,scan-only; exact stage/outcome semantics require dossier review
Dragonborn.esm,Dragonborn.esm,Dragonborn.esm:01BBF1,DLC2SVFanariTharstanScene01,DLC2SVFanariTharstanScene01,,None,0,DLC2\Dialogue\,Solstheim/Hermaeus Mora/Dunmer candidate,candidate-scan,readback-ok,0,,,,,,,,,0:Reference:Actor1; 2:Reference:Actor2; 3:Reference:Fanari; 4:Reference:Tharstan,scan-only; exact stage/outcome semantics require dossier review
Dragonborn.esm,Dragonborn.esm,Dragonborn.esm:01BBF3,DLC2SVFanariTharstanScene02,DLC2SVFanariTharstanScene02,,None,0,DLC2\Dialogue\,Solstheim/Hermaeus Mora/Dunmer candidate,candidate-scan,readback-ok,0,,,,,,,,,0:Reference:Actor1; 2:Reference:Actor2; 3:Reference:Fanari; 4:Reference:Tharstan,scan-only; exact stage/outcome semantics require dossier review
Dragonborn.esm,Dragonborn.esm,Dragonborn.esm:01BBF9,DLC2SVMorwenTharstanScene01,DLC2SVMorwenTharstanScene01,,None,0,DLC2\Dialogue\,Solstheim/Hermaeus Mora/Dunmer candidate,candidate-scan,readback-ok,0,,,,,,,,,0:Reference:Actor1; 2:Reference:Actor2; 3:Reference:Morwen; 4:Reference:Tharstan,scan-only; exact stage/outcome semantics require dossier review
Dragonborn.esm,Dragonborn.esm,Dragonborn.esm:01BD42,DLC2SVOslafAetaScene01,DLC2SVOslafAetaScene01,,None,0,DLC2\Dialogue\,Solstheim/Hermaeus Mora/Dunmer candidate,candidate-scan,readback-ok,0,,,,,,,,,0:Reference:Actor1; 2:Reference:Actor2; 3:Reference:Aeta; 4:Reference:Oslaf,scan-only; exact stage/outcome semantics require dossier review
Dragonborn.esm,Dragonborn.esm,Dragonborn.esm:0214D2,DLC2SVOslafFinnaScene01,DLC2SVOslafFinnaScene01,,None,0,DLC2\Dialogue\,Solstheim/Hermaeus Mora/Dunmer candidate,candidate-scan,readback-ok,0,,,,,,,,,0:Reference:Actor1; 2:Reference:Actor2; 3:Reference:Oslaf; 4:Reference:Finna,scan-only; exact stage/outcome semantics require dossier review
Dragonborn.esm,Dragonborn.esm,Dragonborn.esm:0214D4,DLC2SVOslafFinnaScene02,DLC2SVOslafFinnaScene02,,None,0,DLC2\Dialogue\,Solstheim/Hermaeus Mora/Dunmer candidate,candidate-scan,readback-ok,0,,,,,,,,,0:Reference:Actor1; 2:Reference:Actor2; 3:Reference:Oslaf; 4:Reference:Finna,scan-only; exact stage/outcome semantics require dossier review
Dragonborn.esm,Dragonborn.esm,Dragonborn.esm:01BBF7,DLC2SVOslafYrsaScene01,DLC2SVOslafYrsaScene01,,None,0,DLC2\Dialogue\,Solstheim/Hermaeus Mora/Dunmer candidate,candidate-scan,readback-ok,0,,,,,,,,,0:Reference:Actor1; 2:Reference:Actor2; 3:Reference:Oslaf; 4:Reference:Yrsa,scan-only; exact stage/outcome semantics require dossier review
Dragonborn.esm,Dragonborn.esm,Dragonborn.esm:0179E2,DLC2TameDragon,DLC2TameDragon,,None,17,DLC2\,Solstheim/Hermaeus Mora/Dunmer candidate,candidate-scan,readback-ok,0,,,,,,,,,0:Reference:Dragon; 4:Reference:DragonReleased; 1:Reference:Player,scan-only; exact stage/outcome semantics require dossier review
Dragonborn.esm,Dragonborn.esm,Dragonborn.esm:03A31F,DLC2TelMithrynDrovasElyneaScene01,DLC2TelMithrynDrovasElyneaScene01,,None,0,DLC2\TelMithryn\Conversation\,Solstheim/Hermaeus Mora/Dunmer candidate,candidate-scan,readback-ok,0,,,,,,,,,0:Reference:Actor1; 1:Reference:Actor2; 2:Reference:Drovas; 3:Reference:Elynea,scan-only; exact stage/outcome semantics require dossier review
Dragonborn.esm,Dragonborn.esm,Dragonborn.esm:03A321,DLC2TelMithrynDrovasElyneaScene02,DLC2TelMithrynDrovasElyneaScene02,,None,0,DLC2\TelMithryn\Conversation\,Solstheim/Hermaeus Mora/Dunmer candidate,candidate-scan,readback-ok,0,,,,,,,,,0:Reference:Actor1; 1:Reference:Actor2; 2:Reference:Drovas; 3:Reference:Elynea,scan-only; exact stage/outcome semantics require dossier review
Dragonborn.esm,Dragonborn.esm,Dragonborn.esm:03A319,DLC2TelMithrynDrovasNelothScene01,DLC2TelMithrynDrovasNelothScene01,,None,0,DLC2\TelMithryn\Conversation\,Solstheim/Hermaeus Mora/Dunmer candidate,candidate-scan,readback-ok,0,,,,,,,,,0:Reference:Actor1; 1:Reference:Actor2; 2:Reference:Drovas; 3:Reference:Neloth,scan-only; exact stage/outcome semantics require dossier review
Dragonborn.esm,Dragonborn.esm,Dragonborn.esm:03A317,DLC2TelMithrynDrovasNelothScene02,DLC2TelMithrynDrovasNelothScene02,,None,0,DLC2\TelMithryn\Conversation\,Solstheim/Hermaeus Mora/Dunmer candidate,candidate-scan,readback-ok,0,,,,,,,,,0:Reference:Actor1; 1:Reference:Actor2; 2:Reference:Drovas; 3:Reference:Neloth,scan-only; exact stage/outcome semantics require dossier review
Dragonborn.esm,Dragonborn.esm,Dragonborn.esm:03A31D,DLC2TelMithrynDrovasTalvasScene01,DLC2TelMithrynDrovasTalvasScene01,,None,0,DLC2\TelMithryn\Conversation\,Solstheim/Hermaeus Mora/Dunmer candidate,candidate-scan,readback-ok,0,,,,,,,,,0:Reference:Actor1; 1:Reference:Actor2; 2:Reference:Drovas; 3:Reference:Talvas,scan-only; exact stage/outcome semantics require dossier review
Dragonborn.esm,Dragonborn.esm,Dragonborn.esm:03A31B,DLC2TelMithrynDrovasTalvasScene02,DLC2TelMithrynDrovasTalvasScene02,,None,0,DLC2\TelMithryn\Conversation\,Solstheim/Hermaeus Mora/Dunmer candidate,candidate-scan,readback-ok,0,,,,,,,,,0:Reference:Actor1; 1:Reference:Actor2; 2:Reference:Drovas; 3:Reference:Talvas,scan-only; exact stage/outcome semantics require dossier review
Dragonborn.esm,Dragonborn.esm,Dragonborn.esm:01BD10,DLC2TelMithrynNelothTalvasScene01,DLC2TelMithrynNelothTalvasScene01,,None,0,DLC2\TelMithryn\Conversation\,Solstheim/Hermaeus Mora/Dunmer candidate,candidate-scan,readback-ok,0,,,,,,,,,0:Reference:Actor 1; 1:Reference:Actor 2; 2:Reference:Neloth; 3:Reference:Talvas,scan-only; exact stage/outcome semantics require dossier review
Dragonborn.esm,Dragonborn.esm,Dragonborn.esm:01BD12,DLC2TelMithrynNelothTalvasScene02,DLC2TelMithrynNelothTalvasScene02,,None,0,DLC2\TelMithryn\Conversation\,Solstheim/Hermaeus Mora/Dunmer candidate,candidate-scan,readback-ok,0,,,,,,,,,0:Reference:Actor 1; 1:Reference:Actor 2; 2:Reference:Neloth; 3:Reference:Talvas,scan-only; exact stage/outcome semantics require dossier review
Dragonborn.esm,Dragonborn.esm,Dragonborn.esm:01BD14,DLC2TelMithrynNelothTalvasScene03,DLC2TelMithrynNelothTalvasScene03,,None,0,DLC2\TelMithryn\Conversation\,Solstheim/Hermaeus Mora/Dunmer candidate,candidate-scan,readback-ok,0,,,,,,,,,0:Reference:Actor 1; 1:Reference:Actor 2; 2:Reference:Neloth; 3:Reference:Talvas,scan-only; exact stage/outcome semantics require dossier review
Dragonborn.esm,Dragonborn.esm,Dragonborn.esm:01BD16,DLC2TelMithrynNelothTalvasScene04,DLC2TelMithrynNelothTalvasScene04,,None,0,DLC2\TelMithryn\Conversation\,Solstheim/Hermaeus Mora/Dunmer candidate,candidate-scan,readback-ok,0,,,,,,,,,0:Reference:Actor 1; 1:Reference:Actor 2; 2:Reference:Neloth; 3:Reference:Talvas,scan-only; exact stage/outcome semantics require dossier review
Dragonborn.esm,Dragonborn.esm,Dragonborn.esm:01F909,DLC2TelMithrynVaronaElyneaScene01,DLC2TelMithrynVaronaElyneaScene01,,None,0,DLC2\TelMithryn\Conversation\,Solstheim/Hermaeus Mora/Dunmer candidate,candidate-scan,readback-ok,0,,,,,,,,,0:Reference:Actor1; 1:Reference:Actor2; 2:Reference:Varona; 3:Reference:Elynea,scan-only; exact stage/outcome semantics require dossier review
Dragonborn.esm,Dragonborn.esm,Dragonborn.esm:01F90B,DLC2TelMithrynVaronaElyneaScene02,DLC2TelMithrynVaronaElyneaScene02,,None,0,DLC2\TelMithryn\Conversation\,Solstheim/Hermaeus Mora/Dunmer candidate,candidate-scan,readback-ok,0,,,,,,,,,0:Reference:Actor1; 1:Reference:Actor2; 2:Reference:Varona; 3:Reference:Elynea,scan-only; exact stage/outcome semantics require dossier review
Dragonborn.esm,Dragonborn.esm,Dragonborn.esm:01F913,DLC2TelMithrynVaronaNelothScene01,DLC2TelMithrynVaronaNelothScene01,,None,0,DLC2\TelMithryn\Conversation\,Solstheim/Hermaeus Mora/Dunmer candidate,candidate-scan,readback-ok,0,,,,,,,,,0:Reference:Actor1; 1:Reference:Actor2; 2:Reference:Varona; 3:Reference:Neloth,scan-only; exact stage/outcome semantics require dossier review
Dragonborn.esm,Dragonborn.esm,Dragonborn.esm:01F915,DLC2TelMithrynVaronaNelothScene02,DLC2TelMithrynVaronaNelothScene02,,None,0,DLC2\TelMithryn\Conversation\,Solstheim/Hermaeus Mora/Dunmer candidate,candidate-scan,readback-ok,0,,,,,,,,,0:Reference:Actor1; 1:Reference:Actor2; 2:Reference:Varona; 3:Reference:Neloth,scan-only; exact stage/outcome semantics require dossier review
Dragonborn.esm,Dragonborn.esm,Dragonborn.esm:01F917,DLC2TelMithrynVaronaTalvasScene01,DLC2TelMithrynVaronaTalvasScene01,,None,0,DLC2\TelMithryn\Conversation\,Solstheim/Hermaeus Mora/Dunmer candidate,candidate-scan,readback-ok,0,,,,,,,,,0:Reference:Actor1; 1:Reference:Actor2; 2:Reference:Varona; 3:Reference:Talvas,scan-only; exact stage/outcome semantics require dossier review
Dragonborn.esm,Dragonborn.esm,Dragonborn.esm:01F919,DLC2TelMithrynVaronaTalvasScene02,DLC2TelMithrynVaronaTalvasScene02,,None,0,DLC2\TelMithryn\Conversation\,Solstheim/Hermaeus Mora/Dunmer candidate,candidate-scan,readback-ok,0,,,,,,,,,0:Reference:Actor1; 1:Reference:Actor2; 2:Reference:Varona; 3:Reference:Talvas,scan-only; exact stage/outcome semantics require dossier review
Dragonborn.esm,Dragonborn.esm,Dragonborn.esm:01F90E,DLC2TelMithrynVaronaUlvesScene01,DLC2TelMithrynVaronaUlvesScene01,,None,0,DLC2\TelMithryn\Conversation\,Solstheim/Hermaeus Mora/Dunmer candidate,candidate-scan,readback-ok,0,,,,,,,,,0:Reference:Actor1; 1:Reference:Actor2; 2:Reference:Varona; 3:Reference:Ulves,scan-only; exact stage/outcome semantics require dossier review
Dragonborn.esm,Dragonborn.esm,Dragonborn.esm:01F90D,DLC2TelMithrynVaronaUlvesScene02,DLC2TelMithrynVaronaUlvesScene02,,None,0,DLC2\TelMithryn\Conversation\,Solstheim/Hermaeus Mora/Dunmer candidate,candidate-scan,readback-ok,0,,,,,,,,,0:Reference:Actor1; 1:Reference:Actor2; 2:Reference:Varona; 3:Reference:Ulves,scan-only; exact stage/outcome semantics require dossier review
Dragonborn.esm,Dragonborn.esm,Dragonborn.esm:02AD26,DLC2TGQuest,DLC2TGQuest,,Misc,RunOnce,DLC2\,Solstheim/Hermaeus Mora/Dunmer candidate,candidate-scan,readback-ok,4,5; 10; 20; 200,200,,,5 | 10 | 20 | 200,10 | 20,20; 200; 5; 10,DLC2_QF_DLC2TGQuest_0202AD26,0:Reference:DLC2TGGloverAlias; 1:Reference:DLC2TGEsmondAlias; 4:Reference:DLC2RRFormulaAlias; 3:Reference:DLC2TGPlayerAlias,scan-only; exact stage/outcome semantics require dossier review
Dragonborn.esm,Dragonborn.esm,Dragonborn.esm:038EBF,DLC2ThirskFFElmus,DLC2ThirskFFElmus,,Misc,RunOnce,DLC2\Thirsk\,Solstheim/Hermaeus Mora/Dunmer candidate,candidate-scan,readback-ok,6,0; 10; 100; 200; 205; 210,200,205,,0 | 10 [KeepInstanceDataFromHereOn] | 100 | 200 | 205 | 210,10,200; 210; 205; 10; 100,QF_DLC2ThirskFFElmus_02038EBF,0:Reference:Elmus; 1:Reference:ThirskDoor,scan-only; exact stage/outcome semantics require dossier review
Dragonborn.esm,Dragonborn.esm,Dragonborn.esm:038EC4,DLC2ThirskFFElmusBack,DLC2ThirskFFElmusBack,,Misc,RunOnce,DLC2\Thirsk\,Solstheim/Hermaeus Mora/Dunmer candidate,candidate-scan,readback-ok,6,0; 10; 100; 200; 205; 210,200,205,,0 | 10 [KeepInstanceDataFromHereOn] | 100 | 200 | 205 | 210,10,200; 210; 205; 10; 100,QF_DLC2ThirskFFElmusBack_02038EC4,0:Reference:Elmus; 1:Reference:ThirskDoor,scan-only; exact stage/outcome semantics require dossier review
Dragonborn.esm,Dragonborn.esm,Dragonborn.esm:038FBC,DLC2ThirskFFHalbarn,DLC2ThirskFFHalbarn,,Misc,RunOnce,DLC2\Thirsk\,Solstheim/Hermaeus Mora/Dunmer candidate,candidate-scan,readback-ok,5,0; 10; 100; 200; 205,200,205,,0 | 10 [KeepInstanceDataFromHereOn] | 100 | 200 | 205,10,200; 205; 10; 100,QF_DLC2ThirskFFHalbarn_02038FBC,0:Reference:Halbarn,scan-only; exact stage/outcome semantics require dossier review
Dragonborn.esm,Dragonborn.esm,Dragonborn.esm:038FBB,DLC2ThirskFFHilund,DLC2ThirskFFHilund,,Misc,RunOnce,DLC2\Thirsk\,Solstheim/Hermaeus Mora/Dunmer candidate,candidate-scan,readback-ok,5,0; 10; 100; 200; 205,200,205,,0 | 10 [KeepInstanceDataFromHereOn] | 100 | 200 | 205,10,200; 205; 10; 100,QF_DLC2ThirskFFHilund_02038FBB,0:Reference:Hilund; 1:Reference:Player,scan-only; exact stage/outcome semantics require dossier review
Dragonborn.esm,Dragonborn.esm,Dragonborn.esm:0208CC,DLC2ThirskRieklingSpawner,DLC2ThirskRieklingSpawner,,None,0,,Solstheim/Hermaeus Mora/Dunmer candidate,candidate-scan,readback-ok,1,0,,,,0,,0,DLC2_QF_DLC2ThirskRieklingSpa_020208CC,1:Location:Thirsk; 3:Reference:Riekling01; 11:Reference:Riekling02; 10:Reference:Riekling03; 9:Reference:Riekling04; 8:Reference:Riekling05; 7:Reference:Riekling06; 6:Reference:Riekling07; 5:Reference:Riekling08; 4:Reference:Riekling09,scan-only; exact stage/outcome semantics require dossier review
Dragonborn.esm,Dragonborn.esm,Dragonborn.esm:017E8D,DLC2TT1,DLC2TT1,,SideQuest,RunOnce,DLC2\TelMithryn\,Solstheim/Hermaeus Mora/Dunmer candidate,candidate-scan,readback-ok,11,0; 90; 100; 150; 170; 200; 210; 300; 310; 400; 500,500,,,0 | 90 | 100 | 150 | 170 | 200 | 210 | 300 | 310 | 400 | 500,150 | 200 | 300 | 400,0; 170; 210; 400; 100; 90; 500; 150; 200; 310; 300,DLC2_QF_DLC2TT1_02017E8D,2:Reference:Neloth; 1:Reference:Varona; 3:Reference:Drovas; 4:Reference:VaronaDeadMarker; 5:Reference:Player; 6:Reference:AshSpawn1; 7:Reference:AshSpawn2; 8:Reference:AshSpawn3; 12:Reference:EnchanterDoor; 14:Reference:Talvas,scan-only; exact stage/outcome semantics require dossier review
Dragonborn.esm,Dragonborn.esm,Dragonborn.esm:01844E,DLC2TT1b,DLC2TT1b,,SideQuest,RunOnce,DLC2\TelMithryn\,Solstheim/Hermaeus Mora/Dunmer candidate,candidate-scan,readback-ok,7,10; 50; 100; 200; 300; 310; 320,300; 310; 320,,10,10 [StartUpStage] | 50 | 100 | 200 | 300 | 310 | 320,100 | 200 | 210,200; 50; 100; 10; 300; 310; 320,DLC2_QF_DLC2TT1b_0201844E,1:Reference:Mogrul; 2:Reference:Player,scan-only; exact stage/outcome semantics require dossier review
Dragonborn.esm,Dragonborn.esm,Dragonborn.esm:0195A1,DLC2TT2,DLC2TT2,,SideQuest,RunOnce,DLC2\TelMithryn\,Solstheim/Hermaeus Mora/Dunmer candidate,candidate-scan,readback-ok,11,0; 5; 10; 100; 200; 250; 300; 310; 400; 500; 600,600,,10,0 | 5 | 10 [StartUpStage] | 100 | 200 | 250 | 300 | 310 | 400 | 500 | 600 [ShutDownStage],100 | 200 | 400 | 500,0; 300; 5; 250; 10; 500; 200; 310; 100; 400; 600,DLC2_QF_DLC2TT2_020195A1,0:Reference:Neloth; 1:Reference:HeartStone; 3:Reference:NelothsRing; 5:Reference:Ildari; 6:Location:DungeonLocation; 7:Reference:MapMarker; 9:Reference:Player; 10:Reference:Niyya; 11:Reference:HighpointTowerExteriorMarker,scan-only; exact stage/outcome semantics require dossier review
Dragonborn.esm,Dragonborn.esm,Dragonborn.esm:01AAB0,DLC2TTF1,DLC2TTF1,,SideQuest,RunOnce,DLC2\TelMithryn\,Solstheim/Hermaeus Mora/Dunmer candidate,candidate-scan,readback-ok,11,5; 7; 10; 30; 50; 100; 200; 300; 310; 320; 400,300,,5,5 [StartUpStage] | 7 | 10 | 30 | 50 | 100 | 200 | 300 | 310 | 320 | 400,100 | 200,300; 5; 400; 10; 7; 320; 50; 30; 310; 100; 200,DLC2_QF_DLC2TTF1_0201AAB0,0:Reference:Talvas; 1:Reference:Player; 7:Reference:Neloth; 2:Reference:AshGuardian; 3:Reference:Elynea; 4:Reference:Ulves; 5:Reference:Varona; 6:Reference:Drovas,scan-only; exact stage/outcome semantics require dossier review
Dragonborn.esm,Dragonborn.esm,Dragonborn.esm:01AAC8,DLC2TTF2,DLC2TTF2,,SideQuest,RunOnce,DLC2\TelMithryn\,Solstheim/Hermaeus Mora/Dunmer candidate,candidate-scan,readback-ok,6,100; 200; 300; 400; 500; 510,500,510,,100 | 200 | 300 | 400 | 500 | 510,100 | 110 | 200 | 300 | 400,200; 400; 100; 510; 300; 500,DLC2_QF_DLC2TTF2_0201AAC8,0:Reference:Elynea; 2:Reference:XMarker01; 3:Reference:XMarker02; 4:Reference:XMarkerBoss; 14:Location:Harstrad; 15:Reference:HarstradMapMarker; 1:Reference:Spriggan01; 5:Reference:Spriggan02; 6:Reference:SprigganBoss; 7:Reference:Player; 8:Reference:SoakedTaproot1; 9:Reference:SoakedTaproot2; 10:Reference:SoakedTaproot3; 11:Reference:Water; 12:Reference:PlantTaproot; 13:Reference:WitheredWall,scan-only; exact stage/outcome semantics require dossier review
Dragonborn.esm,Dragonborn.esm,Dragonborn.esm:01B65F,DLC2TTR1,DLC2TTR1,,SideQuest,0,DLC2\TelMithryn\,Solstheim/Hermaeus Mora/Dunmer candidate,candidate-scan,readback-ok,3,100; 200; 300,300,,,100 | 200 | 300 [ShutDownStage],100 | 200,200; 100; 300,DLC2_QF_DLC2TTR1_0201B65F,1:Location:Dungeon; 0:Reference:ApocryphaBook; 2:Reference:Neloth; 3:Reference:Player,scan-only; exact stage/outcome semantics require dossier review
Dragonborn.esm,Dragonborn.esm,Dragonborn.esm:01C06E,DLC2TTR2,DLC2TTR2,,SideQuest,RunOnce,DLC2\TelMithryn\,Solstheim/Hermaeus Mora/Dunmer candidate,candidate-scan,readback-ok,3,100; 200; 300,300,,,100 | 200 | 300,100 | 200,200; 100; 300,DLC2_QF_DLC2TTR2_0201C06E,0:Reference:Neloth; 3:Reference:Player; 1:Location:HeartStoneMine; 2:Reference:MineMapMarker; 4:Reference:HeartStoneVein,scan-only; exact stage/outcome semantics require dossier review
Dragonborn.esm,Dragonborn.esm,Dragonborn.esm:01B65D,DLC2TTR3a,DLC2TTR3a,,SideQuest,RunOnce,DLC2\TelMithryn\,Solstheim/Hermaeus Mora/Dunmer candidate,candidate-scan,readback-ok,3,100; 200; 300,300,,,100 | 200 | 300,100 | 200,200; 100; 300,DLC2_QF_DLC2TTR3a_0201B65D,0:Reference:Neloth; 2:Reference:AshExtractor; 3:Reference:AshSample,scan-only; exact stage/outcome semantics require dossier review
Dragonborn.esm,Dragonborn.esm,Dragonborn.esm:01D8D1,DLC2TTR3b,DLC2TTR3b,,SideQuest,RunOnce,DLC2\TelMithryn\,Solstheim/Hermaeus Mora/Dunmer candidate,candidate-scan,readback-ok,3,100; 200; 300,300,,,100 | 200 | 300,100 | 200,200; 100; 300,DLC2_QF_DLC2TTR3b_0201D8D1,0:Reference:Neloth; 1:Location:Dungeon; 2:Reference:BossChest; 3:Reference:Book; 4:Reference:Player; 5:Reference:MapMarker; 6:Reference:SkyrimMapMarker,scan-only; exact stage/outcome semantics require dossier review
Dragonborn.esm,Dragonborn.esm,Dragonborn.esm:01B664,DLC2TTR4a,DLC2TTR4a,,SideQuest,RunOnce,DLC2\TelMithryn\,Solstheim/Hermaeus Mora/Dunmer candidate,candidate-scan,readback-ok,4,100; 200; 300; 400,300,400,,100 | 200 | 300 | 400,100 | 200,200; 400; 100; 300,DLC2_QF_DLC2TTR4a_0201B664,0:Reference:Neloth; 1:Reference:Player,scan-only; exact stage/outcome semantics require dossier review
Dragonborn.esm,Dragonborn.esm,Dragonborn.esm:01CDE1,DLC2TTR4b,DLC2TTR4b,,Misc,RunOnce,DLC2\TelMithryn\,Solstheim/Hermaeus Mora/Dunmer candidate,candidate-scan,readback-ok,5,100; 105; 110; 200; 300,200,300,,100 | 105 | 110 | 200 | 300,150,110; 105; 100; 300; 200,DLC2_QF_DLC2TTR4b_0201CDE1,0:Reference:Neloth; 1:Reference:Player; 2:Reference:Talvas,scan-only; exact stage/outcome semantics require dossier review
Dragonborn.esm,Dragonborn.esm,Dragonborn.esm:01C05C,DLC2TTR5,DLC2TTR5,,SideQuest,RunOnce,DLC2\TelMithryn\,Solstheim/Hermaeus Mora/Dunmer candidate,candidate-scan,readback-ok,3,100; 200; 300,300,,,100 | 200 | 300,100 | 200,200; 100; 300,DLC2_QF_DLC2TTR5_0201C05C,0:Reference:Neloth; 2:Reference:AshSpawnMarker; 1:Reference:AshSpawn1; 3:Reference:AshSpawn2; 4:Reference:AshSpawn3,scan-only; exact stage/outcome semantics require dossier review
Dragonborn.esm,Dragonborn.esm,Dragonborn.esm:01BD18,DLC2TTR7,DLC2TTR7,,SideQuest,AllowRepeatedStages,DLC2\TelMithryn\,Solstheim/Hermaeus Mora/Dunmer candidate,candidate-scan,readback-ok,3,100; 200; 300,300,,,100 [KeepInstanceDataFromHereOn] | 200 | 300,100 | 200,200; 100; 300,DLC2_QF_DLC2TTR7_0201BD18,0:Reference:Neloth; 6:Location:Dungeon; 1:Reference:BossChest; 2:Reference:Staff; 7:Reference:DungeonMapMarker; 8:Reference:Player; 10:Reference:SkyrimMapMarker,scan-only; exact stage/outcome semantics require dossier review
Dragonborn.esm,Dragonborn.esm,Dragonborn.esm:01F13B,DLC2TTR8,DLC2TTR8,,Misc,WarnOnAliasFillFailure,DLC2\TelMithryn\,Solstheim/Hermaeus Mora/Dunmer candidate,candidate-scan,readback-ok,4,50; 75; 100; 110,100,,50,50 [StartUpStage] | 75 | 100 | 110,101 | 102 | 103 | 104 | 105 | 106,110; 50; 75; 100,DLC2_QF_DLC2TTR8_0201F13B,0:Reference:Elynea,scan-only; exact stage/outcome semantics require dossier review
Dragonborn.esm,Dragonborn.esm,Dragonborn.esm:027826,DLC2WaterStoneSailAwayQuest,DLC2WaterStoneSailAwayQuest,,None,RunOnce,,Solstheim/Hermaeus Mora/Dunmer candidate,candidate-scan,readback-ok,1,0,,,0,0 [StartUpStage],,0,QF_DLC2WaterStoneSailAwayQue_02027826,,scan-only; exact stage/outcome semantics require dossier review
Dragonborn.esm,Dragonborn.esm,Dragonborn.esm:0209AE,DLC2WB01,DLC2WB01,,SideQuest,RunOnce,,Solstheim/Hermaeus Mora/Dunmer candidate,candidate-scan,readback-ok,7,0; 10; 15; 20; 100; 200; 205,100,205,,0 | 10 | 15 | 20 | 100 | 200 | 205,10 | 15 | 20,0; 200; 205; 10; 20; 15; 15; 100; 100,DLC2_QF_DLC2WB01_020209AE,1:Reference:Wulf; 4:Reference:JournalChest; 3:Reference:Torkild; 2:Reference:Journal,scan-only; exact stage/outcome semantics require dossier review
Dragonborn.esm,Dragonborn.esm,Dragonborn.esm:020FBE,DLC2WE00,DLC2WE00,,None,4,DLC2\Wilderness Encounters\,Solstheim/Hermaeus Mora/Dunmer candidate,candidate-scan,readback-ok,2,0; 255,,,0,0 [StartUpStage] | 255 [ShutDownStage],,0; 255,DLC2_QF_DLC2WE00_02020FBE,1:Reference:TRIGGER; 4:Location:myHoldLocation; 6:Location:myHoldContested; 7:Location:myHoldImperial; 8:Location:myHoldSons; 9:Reference:TravelMarker1; 10:Reference:TravelMarker2; 26:Reference:SceneCenterMarker; 27:Reference:SceneMarker1; 28:Reference:SceneMarker2; 29:Reference:SceneMarker3; 17:Reference:Actor1; 25:Reference:Actor2; 30:Reference:Actor3; 31:Reference:Actor4; 32:Reference:Actor5,scan-only; exact stage/outcome semantics require dossier review
Dragonborn.esm,Dragonborn.esm,Dragonborn.esm:01F980,DLC2WE01,DLC2WE01,,None,4,DLC2\Wilderness Encounters\,Solstheim/Hermaeus Mora/Dunmer candidate,candidate-scan,readback-ok,2,0; 255,,,0,0 [StartUpStage] | 255 [ShutDownStage],,0; 255,DLC2_QF_DLC2WE01_0201F980,1:Reference:TRIGGER; 4:Location:myHoldLocation; 6:Location:myHoldContested; 7:Location:myHoldImperial; 8:Location:myHoldSons; 9:Reference:TravelMarker1; 10:Reference:TravelMarker2; 16:Reference:Deer; 17:Reference:Hunter1; 25:Reference:Hunter2,scan-only; exact stage/outcome semantics require dossier review
Dragonborn.esm,Dragonborn.esm,Dragonborn.esm:01F981,DLC2WE02,DLC2WE02,,None,4100,DLC2\Wilderness Encounters\,Solstheim/Hermaeus Mora/Dunmer candidate,candidate-scan,readback-ok,2,0; 255,,,0,0 [StartUpStage] | 255 [ShutDownStage],,0; 255,DLC2_QF_DLC2WE02_0201F981,1:Reference:TRIGGER; 4:Location:myHoldLocation; 6:Location:myHoldContested; 7:Location:myHoldImperial; 8:Location:myHoldSons; 9:Reference:TravelMarker1; 10:Reference:TravelMarker2; 11:Reference:SceneCenterMarker; 12:Reference:SceneMarker1; 13:Reference:SceneMarker2; 24:Reference:Predator1; 25:Reference:Predator2; 28:Reference:bandit,scan-only; exact stage/outcome semantics require dossier review
Dragonborn.esm,Dragonborn.esm,Dragonborn.esm:01F989,DLC2WE03,DLC2WE03,,Misc,4,DLC2\Wilderness Encounters\,Solstheim/Hermaeus Mora/Dunmer candidate,candidate-scan,readback-ok,2,0; 255,,,0,0 [StartUpStage] | 255 [ShutDownStage],,255,DLC2_QF_DLC2WE03_0201F989,1:Reference:TRIGGER; 4:Location:myHoldLocation; 6:Location:myHoldContested; 7:Location:myHoldImperial; 8:Location:myHoldSons; 9:Reference:CenterMarker; 53:Reference:Scene Marker2; 54:Reference:Scene Marker1; 39:Reference:Dog; 52:Reference:Hunter,scan-only; exact stage/outcome semantics require dossier review
Dragonborn.esm,Dragonborn.esm,Dragonborn.esm:01F98C,DLC2WE04,DLC2WE04,,None,4,DLC2\Wilderness Encounters\,Solstheim/Hermaeus Mora/Dunmer candidate,candidate-scan,readback-ok,2,0; 255,,,0,0 [StartUpStage] | 255 [ShutDownStage],,0; 255,DLC2_QF_DLC2WE04_0201F98C,1:Reference:TRIGGER; 4:Location:myHoldLocation; 6:Location:myHoldContested; 7:Location:myHoldImperial; 8:Location:myHoldSons; 9:Reference:TravelMarker1; 10:Reference:TravelMarker2; 17:Reference:IceWraith; 36:Reference:IceWraith2; 40:Reference:Bandit1; 41:Reference:Bandit2; 42:Reference:Bandit3,scan-only; exact stage/outcome semantics require dossier review
Dragonborn.esm,Dragonborn.esm,Dragonborn.esm:020FC0,DLC2WE05,DLC2WE05,,None,4,DLC2\Wilderness Encounters\,Solstheim/Hermaeus Mora/Dunmer candidate,candidate-scan,readback-ok,4,0; 10; 20; 255,,,0,0 [StartUpStage] | 10 | 20 | 255 [ShutDownStage],,0; 255; 10; 20,DLC2_QF_DLC2WE05_02020FC0,1:Reference:TRIGGER; 4:Location:myHoldLocation; 6:Location:myHoldContested; 7:Location:myHoldImperial; 8:Location:myHoldSons; 26:Reference:SceneCenterMarker; 17:Reference:Actor,scan-only; exact stage/outcome semantics require dossier review
Dragonborn.esm,Dragonborn.esm,Dragonborn.esm:027A14,DLC2WE06,DLC2WE06,,Misc,4,DLC2\Wilderness Encounters\,Solstheim/Hermaeus Mora/Dunmer candidate,candidate-scan,readback-ok,7,0; 10; 20; 50; 100; 200; 255,,,0,0 [StartUpStage] | 10 [KeepInstanceDataFromHereOn] | 20 [KeepInstanceDataFromHereOn] | 50 [KeepInstanceDataFromHereOn] | 100 | 200 | 255 [ShutDownStage],1,0; 200; 50; 10; 20; 100; 255,DLC2_QF_DLC2WE06_02027A14,33:Location:Dungeon; 34:Reference:BlackBook; 1:Reference:TRIGGER; 4:Location:myHoldLocation; 6:Location:myHoldContested; 7:Location:myHoldImperial; 8:Location:myHoldSons; 9:Reference:TravelMarker1; 17:Reference:Actor1; 35:Reference:Note,scan-only; exact stage/outcome semantics require dossier review
Dragonborn.esm,Dragonborn.esm,Dragonborn.esm:027E92,DLC2WE07,DLC2WE07,,None,4,DLC2\Wilderness Encounters\,Solstheim/Hermaeus Mora/Dunmer candidate,candidate-scan,readback-ok,2,0; 255,,,0,0 [StartUpStage] | 255 [ShutDownStage],,0; 255,DLC2_QF_DLC2WE07_02027E92,1:Reference:TRIGGER; 4:Location:myHoldLocation; 6:Location:myHoldContested; 7:Location:myHoldImperial; 8:Location:myHoldSons; 9:Reference:TravelMarker1; 10:Reference:TravelMarker2; 17:Reference:Actor1; 25:Reference:Actor2; 30:Reference:Actor3,scan-only; exact stage/outcome semantics require dossier review
Dragonborn.esm,Dragonborn.esm,Dragonborn.esm:027E9D,DLC2WE08,DLC2WE08,,None,4,DLC2\Wilderness Encounters\,Solstheim/Hermaeus Mora/Dunmer candidate,candidate-scan,readback-ok,3,0; 10; 255,,,0,0 [StartUpStage] | 10 [KeepInstanceDataFromHereOn] | 255 [ShutDownStage],,0; 255; 10,DLC2_QF_DLC2WE08_02027E9D,1:Reference:TRIGGER; 4:Location:myHoldLocation; 6:Location:myHoldContested; 7:Location:myHoldImperial; 8:Location:myHoldSons; 9:Reference:TravelMarker1; 33:Reference:TravelMarker2; 17:Reference:Actor1; 25:Reference:Actor2; 30:Reference:Actor3; 34:Reference:Note,scan-only; exact stage/outcome semantics require dossier review
Dragonborn.esm,Dragonborn.esm,Dragonborn.esm:0331C0,DLC2WE09,DLC2WE09,,Misc,4,DLC2\Wilderness Encounters\,Solstheim/Hermaeus Mora/Dunmer candidate,candidate-scan,readback-ok,4,0; 1; 10; 255,,,0,0 [StartUpStage] | 1 [KeepInstanceDataFromHereOn] | 10 [KeepInstanceDataFromHereOn] | 255 [ShutDownStage],10,0; 255; 10; 1,DLC2_QF_DLC2WE09_020331C0,1:Reference:TRIGGER; 4:Location:myHoldLocation; 6:Location:myHoldContested; 7:Location:myHoldImperial; 8:Location:myHoldSons; 9:Reference:TravelMarker1; 10:Reference:TravelMarker2; 17:Reference:Actor1; 25:Reference:Actor2; 30:Reference:Actor3; 37:Reference:NoteInitial,scan-only; exact stage/outcome semantics require dossier review
Dragonborn.esm,Dragonborn.esm,Dragonborn.esm:0362B9,DLC2WE10,DLC2WE10,,None,4,DLC2\Wilderness Encounters\,Solstheim/Hermaeus Mora/Dunmer candidate,candidate-scan,readback-ok,2,0; 255,,,0,0 [StartUpStage] | 255 [ShutDownStage],,0; 255,DLC2_QF_DLC2WE10_020362B9,1:Reference:Trigger; 4:Location:myHoldLocation; 6:Location:myHoldContested; 7:Location:myHoldImperial; 8:Location:myHoldSons; 24:Reference:DistantOutsideEntranceMarker; 16:Reference:Dragon; 25:Reference:Player; 26:Reference:PlayerPositionMarker,scan-only; exact stage/outcome semantics require dossier review
Dragonborn.esm,Dragonborn.esm,Dragonborn.esm:03724A,DLC2WE11,DLC2WE11,,None,4,DLC2\Wilderness Encounters\,Solstheim/Hermaeus Mora/Dunmer candidate,candidate-scan,readback-ok,4,0; 1; 10; 255,,,0,0 [StartUpStage] | 1 [KeepInstanceDataFromHereOn] | 10 | 255 [ShutDownStage],,0; 255; 10; 1,DLC2_QF_DLC2WE11_0203724A,1:Reference:TRIGGER; 4:Location:myHoldLocation; 6:Location:myHoldContested; 7:Location:myHoldImperial; 8:Location:myHoldSons; 9:Reference:TravelMarker1; 10:Reference:TravelMarker2; 17:Reference:Actor1; 25:Reference:Actor2; 30:Reference:Actor3; 33:Reference:Note,scan-only; exact stage/outcome semantics require dossier review
Dragonborn.esm,Dragonborn.esm,Dragonborn.esm:03923B,DLC2WE12,DLC2WE12,,Misc,4,DLC2\Wilderness Encounters\,Solstheim/Hermaeus Mora/Dunmer candidate,candidate-scan,readback-ok,3,0; 10; 255,,,0,0 [StartUpStage] | 10 | 255 [ShutDownStage],,0; 255; 10,DLC2_QF_DLC2WE12_0203923B,1:Reference:TRIGGER; 4:Location:myHoldLocation; 6:Location:myHoldContested; 7:Location:myHoldImperial; 8:Location:myHoldSons; 26:Reference:SceneCenterMarker; 27:Reference:SceneMarker1; 28:Reference:SceneMarker2; 29:Reference:SceneMarker3; 17:Reference:Actor1; 33:Location:Dungeon; 34:Reference:MapMarker,scan-only; exact stage/outcome semantics require dossier review
Dragonborn.esm,Dragonborn.esm,Dragonborn.esm:03971F,DLC2WE13,DLC2WE13,,None,4,DLC2\Wilderness Encounters\,Solstheim/Hermaeus Mora/Dunmer candidate,candidate-scan,readback-ok,3,0; 10; 255,,,0,0 [StartUpStage] | 10 | 255 [ShutDownStage],,0; 255; 10,DLC2_QF_DLC2WE13_0203971F,1:Reference:TRIGGER; 4:Location:myHoldLocation; 6:Location:myHoldContested; 7:Location:myHoldImperial; 8:Location:myHoldSons; 26:Reference:SceneCenterMarker; 27:Reference:SceneMarker1; 17:Reference:Actor1; 25:Reference:Actor2,scan-only; exact stage/outcome semantics require dossier review
Dragonborn.esm,Dragonborn.esm,Dragonborn.esm:0398A3,DLC2WE14,DLC2WE14,,None,4,DLC2\Wilderness Encounters\,Solstheim/Hermaeus Mora/Dunmer candidate,candidate-scan,readback-ok,3,0; 10; 255,,,0,0 [StartUpStage] | 10 | 255 [ShutDownStage],,0; 255; 10,DLC2_QF_DLC2WE14_020398A3,1:Reference:TRIGGER; 4:Location:myHoldLocation; 6:Location:myHoldContested; 7:Location:myHoldImperial; 8:Location:myHoldSons; 9:Reference:TravelMarker1; 10:Reference:TravelMarker2; 17:Reference:Actor1,scan-only; exact stage/outcome semantics require dossier review
Dragonborn.esm,Dragonborn.esm,Dragonborn.esm:039A77,DLC2WE15,DLC2WE15,,None,4,DLC2\Wilderness Encounters\,Solstheim/Hermaeus Mora/Dunmer candidate,candidate-scan,readback-ok,4,0; 5; 10; 255,,,0,0 [StartUpStage] | 5 | 10 | 255 [ShutDownStage],,0; 255; 5; 10,DLC2_QF_DLC2WE15_02039A77,1:Reference:TRIGGER; 4:Location:myHoldLocation; 6:Location:myHoldContested; 7:Location:myHoldImperial; 8:Location:myHoldSons; 9:Reference:TravelMarker1; 10:Reference:TravelMarker2; 26:Reference:SceneCenterMarker; 27:Reference:SceneMarker1; 28:Reference:SceneMarker2; 29:Reference:SceneMarker3; 17:Reference:Actor1; 25:Reference:Actor2; 30:Reference:Actor3; 31:Reference:Actor4; 32:Reference:Actor5,scan-only; exact stage/outcome semantics require dossier review
Dragonborn.esm,Dragonborn.esm,Dragonborn.esm:034025,DLC2WESL01,DLC2WESL01,,None,4,DLC2\Wilderness Encounters\,Solstheim/Hermaeus Mora/Dunmer candidate,candidate-scan,readback-ok,2,0; 255,,,0,0 [StartUpStage] | 255 [ShutDownStage],,0; 255,QF_DLC2WESL01_02034025,1:Reference:TRIGGER; 4:Location:myHoldLocation; 6:Location:myHoldContested; 7:Location:myHoldImperial; 8:Location:myHoldSons; 9:Reference:TravelMarker1; 10:Reference:TravelMarker2; 26:Reference:SceneCenterMarker; 27:Reference:SceneMarker1; 28:Reference:SceneMarker2; 29:Reference:SceneMarker3; 17:Reference:Actor1,scan-only; exact stage/outcome semantics require dossier review
HearthFires.esm,HearthFires.esm,HearthFires.esm:005207,BYOHHouseBanditAttack,BYOHHouseBanditAttack,,None,0,,quest-stage signal candidate,candidate-scan,readback-ok,6,5; 10; 20; 30; 100; 200,,,5,5 [StartUpStage] | 10 | 20 | 30 | 100 | 200 [ShutDownStage],,20; 200; 5; 10; 100; 30,BYOH_QF_BYOHHouseBanditAttack_01005207,5:Reference:HouseSteward; 3:Location:houseLocation; 4:Reference:LocationCenter; 2:Reference:StewardFalkreath; 15:Reference:StewardHjaalmarch; 16:Reference:StewardPale; 6:Reference:HouseEdgeMarker; 11:Location:HouseInteriorLocation; 12:Reference:InteriorCenterMarker; 7:Reference:BanditBoss; 9:Reference:Bandit1; 10:Reference:Bandit2; 13:Location:BanditDungeon; 14:Reference:BanditDungeonMarker,scan-only; exact stage/outcome semantics require dossier review
HearthFires.esm,HearthFires.esm,HearthFires.esm:0008A8,BYOHHouseBanditAttack2,BYOHHouseBanditAttack2,,Misc,0,,quest-stage signal candidate,candidate-scan,readback-ok,13,5; 10; 20; 30; 40; 50; 60; 70; 80; 100; 120; 150; 200,,,5,5 [StartUpStage] | 10 [KeepInstanceDataFromHereOn] | 20 | 30 | 40 | 50 | 60 | 70 | 80 | 100 | 120 | 150 | 200 [ShutDownStage],5 | 10,40; 5; 120; 10; 20; 200; 50; 80; 70; 100; 150; 60,BYOH_QF_BYOHHouseBanditAttack_010008A8,5:Reference:HouseSteward; 3:Location:houseLocation; 4:Reference:LocationCenter; 2:Reference:StewardFalkreath; 15:Reference:StewardHjaalmarch; 16:Reference:StewardPale; 6:Reference:HouseEdgeMarker; 18:Reference:HouseFrontDoorMarker; 11:Location:HouseInteriorLocation; 12:Reference:InteriorCenterMarker; 13:Location:BanditDungeon; 14:Reference:BanditDungeonMarker; 25:Reference:BanditDungeonMapMarker; 20:Reference:BanditDungeonCaptiveMarker; 21:Reference:BanditDungeonCaptiveFurniture; 7:Reference:BanditBoss; 23:Reference:BanditBossNew; 9:Reference:Bandit1; 10:Reference:Bandit2; 22:Reference:Bandit3; 17:Reference:Housecarl; 19:Reference:Spouse; 24:Reference:RansomNote,scan-only; exact stage/outcome semantics require dossier review
HearthFires.esm,HearthFires.esm,HearthFires.esm:0008C3,BYOHHouseBanditPacifier,BYOHHouseBanditPacifier,,None,4096,,quest-stage signal candidate,candidate-scan,readback-ok,2,10; 100,,,10,10 [StartUpStage] | 100 [ShutDownStage],,10; 100,BYOH_QF_BYOHHouseBanditPacifi_010008C3,1:Location:BanditLocation; 0:Reference:Bandit01; 5:Reference:Bandit02; 6:Reference:Bandit03; 7:Reference:Bandit04; 8:Reference:Bandit05; 9:Reference:Bandit06; 10:Reference:Bandit07; 11:Reference:Bandit08; 12:Reference:Bandit09; 13:Reference:Bandit10; 15:Reference:Player,scan-only; exact stage/outcome semantics require dossier review
HearthFires.esm,HearthFires.esm,HearthFires.esm:00305D,BYOHHouseBuilding,BYOHHouseBuilding,,Misc,17,,quest-stage signal candidate,candidate-scan,readback-ok,8,1; 2; 3; 10; 100; 110; 120; 150,,,10,1 | 2 | 3 | 10 [StartUpStage] | 100 | 110 | 120 | 150,100,110; 150; 10; 2; 100; 1; 3; 120,BYOH_QF_BYOHHouseBuilding_0100305D,1:Reference:LumbermillMarker; 0:Reference:LumbermillOperator; 18:Location:LumbermillLocation; 3:Reference:Player; 4:Reference:House1Steward; 5:Reference:House2Steward; 6:Reference:House3Steward; 8:Reference:House1Lumbermill; 9:Reference:House2Lumbermill; 10:Reference:House3Lumbermill; 11:Reference:MiscVendorChest1; 12:Reference:MiscVendorChest2; 13:Reference:MiscVendorChest3; 14:Reference:House1LogPileActivator; 15:Reference:House2LogPileActivator; 16:Reference:House3LogPileActivator; 19:Reference:House1LumberVendor; 20:Reference:House2LumberVendor; 21:Reference:House3LumberVendor,scan-only; exact stage/outcome semantics require dossier review
HearthFires.esm,HearthFires.esm,HearthFires.esm:015D5A,BYOHHouseDialogueHousecarl,BYOHHouseDialogueHousecarl,,None,273,BYOH\,quest-stage signal candidate,candidate-scan,readback-ok,0,,,,,,,,,,scan-only; exact stage/outcome semantics require dossier review
HearthFires.esm,HearthFires.esm,HearthFires.esm:00305E,BYOHHouseFalkreath,BYOHHouseFalkreath,,Misc,17,,quest-stage signal candidate,candidate-scan,readback-ok,23,10; 12; 15; 17; 20; 30; 50; 100; 110; 120; 130; 1010; 1020; 1030; 1040; 1050; 1060; 1070; 1080; 1090; 1100; 1110; 1120,,,10,10 [StartUpStage] | 12 | 15 | 17 | 20 | 30 | 50 | 100 | 110 | 120 | 130 | 1010 | 1020 | 1030 | 1040 | 1050 | 1060 | 1070 | 1080 | 1090 | 1100 | 1110 | 1120,15 | 30 | 100 | 110 | 120,110; 1010; 15; 120; 10; 1060; 1020; 1030; 12; 1090; 17; 130; 30; 30; 50; 20; 100; 100,BYOH_QF_BYOHHouseFalkreath_0100305E,0:Reference:Jarl; 1:Reference:Steward; 11:Location:HouseLocation; 3:Reference:HouseInteriorMarker; 4:Reference:DraftingTable; 13:Reference:CarpentersWorkbench; 5:Reference:HouseCarriageDriver; 12:Reference:HouseHorse; 8:Location:Hold; 10:Location:HoldCity; 9:Reference:CourierNote; 14:Reference:Charter; 15:Reference:IntroNote,scan-only; exact stage/outcome semantics require dossier review
HearthFires.esm,HearthFires.esm,HearthFires.esm:000C3E,BYOHHouseGiantAttack,BYOHHouseGiantAttack,,None,0,,quest-stage signal candidate,candidate-scan,readback-ok,3,5; 10; 200,,,5,5 [StartUpStage] | 10 | 200 [ShutDownStage],,200; 5; 10,BYOH_QF_BYOHHouseGiantAttack_01000C3E,5:Reference:HouseSteward; 3:Location:houseLocation; 4:Reference:LocationCenter; 2:Reference:StewardFalkreath; 15:Reference:StewardHjaalmarch; 16:Reference:StewardPale; 6:Reference:HouseEdgeMarker; 11:Location:HouseInteriorLocation; 12:Reference:InteriorCenterMarker; 19:Reference:HouseCow; 9:Reference:Giant,scan-only; exact stage/outcome semantics require dossier review
HearthFires.esm,HearthFires.esm,HearthFires.esm:00BE09,BYOHHouseHjaalmarch,BYOHHouseHjaalmarch,,Misc,17,,quest-stage signal candidate,candidate-scan,readback-ok,21,10; 15; 20; 30; 50; 100; 110; 120; 130; 1010; 1020; 1030; 1040; 1050; 1060; 1070; 1080; 1090; 1100; 1110; 1120,,,10,10 [StartUpStage] | 15 | 20 | 30 | 50 | 100 | 110 | 120 | 130 | 1010 | 1020 | 1030 | 1040 | 1050 | 1060 | 1070 | 1080 | 1090 | 1100 | 1110 | 1120,30 | 100 | 110 | 120,110; 120; 100; 100; 1010; 15; 1060; 20; 1090; 50; 1030; 30; 30; 1020; 130; 10,BYOH_QF_BYOHHouseHjaalmarch_0100BE09,0:Reference:Jarl; 1:Reference:Steward; 11:Location:HouseLocation; 3:Reference:HouseInteriorMarker; 4:Reference:DraftingTable; 13:Reference:CarpentersWorkbench; 5:Reference:HouseCarriageDriver; 12:Reference:HouseHorse; 8:Location:Hold; 10:Location:HoldCity; 9:Reference:CourierNote; 14:Reference:Charter; 15:Reference:IntroNote,scan-only; exact stage/outcome semantics require dossier review
HearthFires.esm,HearthFires.esm,HearthFires.esm:010BEE,BYOHHousePale,BYOHHousePale,,Misc,4113,,quest-stage signal candidate,candidate-scan,readback-ok,21,10; 15; 20; 30; 50; 100; 110; 120; 130; 1010; 1020; 1030; 1040; 1050; 1060; 1070; 1080; 1090; 1100; 1110; 1120,,,10,10 [StartUpStage] | 15 | 20 | 30 | 50 | 100 | 110 | 120 | 130 | 1010 | 1020 | 1030 | 1040 | 1050 | 1060 | 1070 | 1080 | 1090 | 1100 | 1110 | 1120,30 | 100 | 110 | 120,110; 120; 100; 100; 1010; 15; 1060; 20; 50; 1090; 1030; 30; 30; 1020; 10; 130,BYOH_QF_BYOHHousePale_01010BEE,0:Reference:Jarl; 1:Reference:Steward; 11:Location:HouseLocation; 3:Reference:HouseInteriorMarker; 4:Reference:DraftingTable; 13:Reference:CarpentersWorkbench; 5:Reference:HouseCarriageDriver; 12:Reference:HouseHorse; 8:Location:Hold; 10:Location:HoldCity; 9:Reference:CourierNote; 14:Reference:Charter; 15:Reference:IntroNote,scan-only; exact stage/outcome semantics require dossier review
HearthFires.esm,HearthFires.esm,HearthFires.esm:010A44,BYOHHouseSkeeverInfestation,BYOHHouseSkeeverInfestation,,None,0,,quest-stage signal candidate,candidate-scan,readback-ok,4,5; 20; 100; 200,,,5,5 [StartUpStage] | 20 | 100 | 200 [ShutDownStage],,20; 200; 5; 100,BYOH_QF_BYOHHouseSkeeverInfes_01010A44,5:Reference:HouseSteward; 3:Location:houseLocation; 4:Reference:LocationCenter; 2:Reference:StewardFalkreath; 15:Reference:StewardHjaalmarch; 16:Reference:StewardPale; 6:Reference:HouseEdgeMarker; 11:Location:HouseInteriorLocation; 12:Reference:InteriorCenterMarker; 17:Reference:BasementMarker; 9:Reference:Skeever1; 18:Reference:Skeever2; 19:Reference:Skeever3; 21:Reference:Skeever4; 20:Reference:SkeeverTame; 22:Reference:Child1; 23:Reference:Child2,scan-only; exact stage/outcome semantics require dossier review
HearthFires.esm,HearthFires.esm,HearthFires.esm:00308B,BYOHHouseStewardOffer,BYOHHouseStewardOffer,,None,0,,quest-stage signal candidate,candidate-scan,readback-ok,3,10; 100; 200,,,10,10 [StartUpStage] | 100 | 200 [ShutDownStage],,200; 10; 100,BYOH_QF_BYOHHouseStewardOffer_0100308B,0:Reference:Follower; 3:Location:houseLocation; 4:Reference:LocationCenter; 2:Reference:FollowerAtHouse1; 5:Reference:FollowerAtHouse2; 6:Reference:FollowerAtHouse3,scan-only; exact stage/outcome semantics require dossier review
HearthFires.esm,HearthFires.esm,HearthFires.esm:000C39,BYOHHouseWolfAttack,BYOHHouseWolfAttack,,None,0,,quest-stage signal candidate,candidate-scan,readback-ok,3,5; 10; 200,,,5,5 [StartUpStage] | 10 | 200 [ShutDownStage],,200; 5; 10,BYOH_QF_BYOHHouseWolfAttack_01000C39,5:Reference:HouseSteward; 3:Location:houseLocation; 4:Reference:LocationCenter; 2:Reference:StewardFalkreath; 15:Reference:StewardHjaalmarch; 16:Reference:StewardPale; 6:Reference:HouseEdgeMarker; 11:Location:HouseInteriorLocation; 12:Reference:InteriorCenterMarker; 19:Reference:HouseChicken; 9:Reference:Wolf1; 17:Reference:Wolf2; 18:Reference:Wolf3,scan-only; exact stage/outcome semantics require dossier review
HearthFires.esm,HearthFires.esm,HearthFires.esm:004291,BYOHRelationshipAdoptable,BYOHRelationshipAdoptable,,Misc,273,BYOH\Adoption\,quest-stage signal candidate,candidate-scan,readback-ok,2,0; 255,,,0,0 [StartUpStage] | 255,10,0; 255,BYOH_QF_BYOHRelationshipAdopt_01004291,8:Reference:ConstanceMichel,scan-only; exact stage/outcome semantics require dossier review
HearthFires.esm,HearthFires.esm,HearthFires.esm:004286,BYOHRelationshipAdoptableOrphanage,BYOHRelationshipAdoptableOrphanage,,None,RunOnce,BYOH\Adoption\,quest-stage signal candidate,candidate-scan,readback-ok,6,0; 10; 20; 100; 200; 255,,,0,0 [StartUpStage] | 10 | 20 | 100 | 200 | 255,,0; 200; 10; 20; 100; 255,BYOH_QF_BYOHRelationshipAdopt_01004286,5:Reference:Constance; 0:Reference:Aventus; 2:Reference:Francois; 4:Reference:Samuel; 3:Reference:Runa; 1:Reference:Hroar; 6:Reference:Orphan01; 12:Reference:Orphan02; 11:Reference:Orphan03; 10:Reference:Orphan04; 9:Reference:Orphan05; 8:Reference:Orphan06; 7:Reference:Orphan07,scan-only; exact stage/outcome semantics require dossier review
HearthFires.esm,HearthFires.esm,HearthFires.esm:00E29A,BYOHRelationshipAdoptableOrphanageCL,BYOHRelationshipAdoptableOrphanageCL,,None,RunOnce,BYOH\Adoption\,quest-stage signal candidate,candidate-scan,readback-ok,1,0,,,0,0 [StartUpStage],,0,BYOH_QF_BYOHRelationshipAdopt_0100E29A,,scan-only; exact stage/outcome semantics require dossier review
HearthFires.esm,HearthFires.esm,HearthFires.esm:003F7B,BYOHRelationshipAdoptableStewardCourier,BYOHRelationshipAdoptableStewardCourier,,Misc,RunOnce,BYOH\Adoption\,quest-stage signal candidate,candidate-scan,readback-ok,1,0,,,0,"0 [StartUpStage, KeepInstanceDataFromHereOn]",,0,BYOH_QF_BYOHRelationshipAdopt_01003F7B,26:Location:HomeCity; 29:Reference:Player; 25:Reference:HomeCitySteward; 22:Location:Home; 31:Reference:NoteMarker; 30:Reference:Note,scan-only; exact stage/outcome semantics require dossier review
HearthFires.esm,HearthFires.esm,HearthFires.esm:004100,BYOHRelationshipAdoptableUrchins,BYOHRelationshipAdoptableUrchins,,None,17,BYOH\Adoption\,quest-stage signal candidate,candidate-scan,readback-ok,0,,,,,,,,,0:Reference:Sofie; 2:Reference:Alesan; 3:Reference:Lucia; 4:Reference:Blaise,scan-only; exact stage/outcome semantics require dossier review
HearthFires.esm,HearthFires.esm,HearthFires.esm:0042B4,BYOHRelationshipAdoption,BYOHRelationshipAdoption,,Misc,0,BYOH\Adoption\,quest-stage signal candidate,candidate-scan,readback-ok,2,0; 10,,,0,0 [StartUpStage] | 10,,0; 10,BYOH_QF_BYOHRelationshipAdopt_010042B4,11:Reference:Player; 1:Reference:Spouse; 0:Reference:Child1; 14:Reference:Child2; 26:Reference:FamilyPet; 27:Reference:FamilyCritter; 28:Reference:TransientPet; 29:Reference:TransientCritter; 24:Location:CurrentHomeHouse; 18:Location:CurrentHomeExterior; 20:Location:CurrentHomeHold,scan-only; exact stage/outcome semantics require dossier review
HearthFires.esm,HearthFires.esm,HearthFires.esm:003F7E,BYOHRelationshipAdoptionCWSiegeHandler,BYOHRelationshipAdoptionCWSiegeHandler,,Misc,AllowRepeatedStages,BYOH\Adoption\,quest-stage signal candidate,candidate-scan,readback-ok,1,0,,,0,0 [StartUpStage],,,,20:Reference:FleeTarget; 3:Reference:Spouse; 0:Reference:Child1; 1:Reference:Child2,scan-only; exact stage/outcome semantics require dossier review
HearthFires.esm,HearthFires.esm,HearthFires.esm:003F6E,BYOHRelationshipAdoptionNewAdoptionHandler,BYOHRelationshipAdoptionNewAdoptionHandler,,Misc,AllowRepeatedStages,BYOH\Adoption\,quest-stage signal candidate,candidate-scan,readback-ok,2,0; 255,,,0,0 [StartUpStage] | 255 [ShutDownStage],,,,0:Reference:Child1; 1:Reference:Child2; 29:Reference:Spouse; 23:Location:CityLocation; 27:Reference:TravelTargetMarker; 26:Location:HomeLocation,scan-only; exact stage/outcome semantics require dossier review
HearthFires.esm,HearthFires.esm,HearthFires.esm:00401C,BYOHRelationshipAdoptionScheduler,BYOHRelationshipAdoptionScheduler,,Misc,"AllowRepeatedStages, WarnOnAliasFillFailure",BYOH\Adoption\,quest-stage signal candidate,candidate-scan,readback-ok,1,0,,,0,0 [StartUpStage],,0,BYOH_QF_BYOHRelationshipAdopt_0100401C,2:Reference:Player; 3:Reference:Spouse; 0:Reference:Child1; 1:Reference:Child2; 27:Reference:FamilyPet; 28:Reference:FamilyCritter; 29:Reference:TransientCritter; 4:Location:CurrentHomeLocation; 5:Location:CurrentHomeCity; 22:Location:CurrentHomestead; 23:Location:CurrentHomeExterior; 33:Reference:PetDoor; 7:Reference:Bed1; 9:Reference:Bed2; 26:Reference:DollMarker; 11:Reference:PracticeDummy; 13:Reference:ChildChest; 19:Reference:DiningTable; 14:Reference:SandboxOutside; 15:Reference:SandboxHome; 31:Reference:SandboxHome02; 30:Reference:SandboxHome03; 32:Reference:SandboxHome04; 16:Reference:SandboxRoom; 21:Reference:PatrolChores1; 24:Reference:PatrolChores2; 17:Reference:SceneMarker1; 18:Reference:SceneMarker2,scan-only; exact stage/outcome semantics require dossier review
Skyrim.esm,Skyrim.esm,Skyrim.esm:0D944F,BardsCollegeDrum,BardsCollegeDrum,Rjorn's Drum,Misc,17,Solitude\,Julianos/Magnus/magic-study candidate,candidate-scan,readback-ok,5,0; 15; 20; 40; 200,200,,0,0 [StartUpStage] | 15 | 20: Giraud Gemane of the Bards College has found a clue to the location of the legendary drum of Rjorn. He's asked me to go to Halldir's Cairn and retrieve it. | 40 | 200 [ShutDownStage],20: Find Rjorn's Drum | 40: Give Rjorn's Drum to Giraud,20; 40; 15; 200,QF_BardsCollegeDrum_000D944F,17:Reference:Giraud; 19:Location:Dungeon; 20:Reference:BossContainer; 18:Reference:RjornsDrum,scan-only; exact stage/outcome semantics require dossier review
Skyrim.esm,Skyrim.esm,Skyrim.esm:0D9431,BardsCollegeFlute,BardsCollegeFlute,Pantea's Flute,Misc,17,Solitude\,Julianos/Magnus/magic-study candidate,candidate-scan,readback-ok,5,0; 15; 20; 40; 200,200,,0,0 [StartUpStage] | 15 | 20 | 40 | 200 [ShutDownStage],20: Find Pantea's Flute | 40: Return Pantea's Flute,20; 40; 15; 200,QF_BardsCollegeFlute_000D9431,17:Reference:Pantea; 19:Location:Dungeon; 20:Reference:BossContainer; 18:Reference:PanteasFlute,scan-only; exact stage/outcome semantics require dossier review
Skyrim.esm,Skyrim.esm,Skyrim.esm:0D93FA,BardsCollegeLute,BardsCollegeLute,Finn's Lute,Misc,17,Solitude\,Julianos/Magnus/magic-study candidate,candidate-scan,readback-ok,5,0; 15; 20; 40; 200,200,,0,0 [StartUpStage] | 15 | 20: Thieves stolen Finn's Lute from the Bards College over a year ago. Inge Six-Fingers has asked me to recover the lute from their stronghold. | 40 | 200 [ShutDownStage],20: Find Finn's Lute | 40: Give Finn's Lute to Inge,20; 40; 15; 200,QF_BardsCollegeLute_000D93FA,17:Reference:Inge; 19:Location:Dungeon; 20:Reference:BossContainer; 18:Reference:FinnsLute,scan-only; exact stage/outcome semantics require dossier review
Skyrim.esm,Skyrim.esm,Skyrim.esm:0E7814,BardsCollegePoeticEdda,BardsCollegePoeticEdda,Collecting the Edda,SideQuest,0,Solitude\,Julianos/Magnus/magic-study candidate,candidate-scan,readback-ok,3,0; 10; 200,,,0,0 [StartUpStage] | 10 | 200,10: Collect parts of the Poetic Edda from Bards you meet.,10,QF_BardsCollegePoeticEdda_000E7814,17:Reference:Giraud,scan-only; exact stage/outcome semantics require dossier review
Skyrim.esm,Skyrim.esm,Skyrim.esm:04B2D9,C00,C00,Take Up Arms,CompanionQuests,17,Faction\Companions\Story\,quest-stage signal candidate,candidate-scan,readback-ok,9,0; 1; 10; 20; 30; 40; 50; 100; 150,100,,0,"0 [StartUpStage] | 1 | 10: If I want to become a member of the Companions, I have to speak to their leader, Kodlak Whitemane, in Whiterun. | 20: The legendary warrior band of Whiterun, the Companions have agreed to let me join them, if I can handle some preliminary tasks for them. | 30 | 40 | 50 | 100: I have joined the Companions, the legendary warrior band of Whiterun. | 150",10: Speak to Kodlak Whitemane | 20: Train with Vilkas | 30: Give Vilkas's sword to Eorlund | 40: Bring Aela her shield | 50: Follow Farkas to your quarters,0; 40; 50; 20; 10; 30; 100; 150,QF_C00_0004B2D9,7:Reference:Kodlak; 0:Reference:Aela; 1:Reference:Farkas; 2:Reference:Vilkas; 3:Reference:Skjor; 8:Reference:Eorlund; 6:Reference:TrialObserver; 9:Reference:VilkasSword; 11:Reference:VilkasSwordQuestItem; 12:Reference:AelaShield; 13:Reference:AelaShieldQuestItem; 14:Reference:Athis; 16:Reference:Njada; 17:Reference:Ria; 18:Reference:Torvar; 21:Location:DustmansCairnReservation; 24:Location:GallowsRockReservation; 26:Location:YsgramorsTombReservation; 27:Reference:GlenmorilHead1; 28:Reference:GlenmorilHead2; 29:Reference:GlenmorilHead3; 30:Reference:GlenmorilHead4; 31:Reference:GlenmorilHead5; 32:Reference:KodlakEssential; 33:Reference:AelaEssential; 34:Reference:SkjorEssential; 35:Reference:VilkasEssential; 36:Reference:FarkasEssential; 37:Reference:EorlundEssential; 38:Reference:RadiantQuestgiver; 39:Reference:PlayerWatched; 40:Reference:CurrentFollower; 41:Reference:FragmentsOfWuuthrad; 46:Reference:DeadKodlak1; 47:Reference:DeadKodlak2; 48:Reference:DeadSilverHand1; 49:Reference:DeadSilverHand2; 50:Reference:DeadSilverHand3; 51:Reference:DeadSilverHand4; 52:Reference:DeadSilverHand5,scan-only; exact stage/outcome semantics require dossier review
Skyrim.esm,Skyrim.esm,Skyrim.esm:0A81FE,C00DebugFollowerComeHere,C00DebugFollowerComeHere,,None,25,Faction\Companions\,quest-stage signal candidate,candidate-scan,readback-ok,1,10,,,,10,,10,QF_C00DebugFollowerComeHere_000A81FE,0:Reference:Follower,scan-only; exact stage/outcome semantics require dossier review
Skyrim.esm,Skyrim.esm,Skyrim.esm:0C97D9,C00GiantAttack,C00GiantAttack,,CompanionQuests,273,Faction\Companions\Story\,quest-stage signal candidate,candidate-scan,readback-ok,6,0; 1; 10; 20; 30; 200,,,0,0 [StartUpStage] | 1 | 10 | 20 | 30 | 200,,0; 200; 10; 30,QF_C00GiantAttack_000C97D9,0:Reference:Aela; 2:Reference:Ria; 3:Reference:Farkas; 5:Reference:Giant,scan-only; exact stage/outcome semantics require dossier review
Skyrim.esm,Skyrim.esm,Skyrim.esm:0BC0BD,C00JorrvaskrFight,C00JorrvaskrFight,,None,273,Faction\Companions\Story\,quest-stage signal candidate,candidate-scan,readback-ok,3,0; 1; 100,,,0,0 [StartUpStage] | 1 | 100 [ShutDownStage],,0; 100; 1,QF_C00JorrvaskrFight_000BC0BD,0:Reference:Athis; 1:Reference:Njada; 2:Reference:Skjor; 3:Reference:Torvar; 4:Reference:Vignar; 5:Reference:Brill; 6:Reference:Tilma,scan-only; exact stage/outcome semantics require dossier review
Skyrim.esm,Skyrim.esm,Skyrim.esm:0A3EC5,C00LocationMonitoring1,C00LocationMonitoring1,,CompanionQuests,0,Faction\Companions\Radiant\,quest-stage signal candidate,candidate-scan,readback-ok,1,0,,,0,0 [StartUpStage],,0,QF_C00LocationMonitoring1_000A3EC5,1:Location:NewLocation,scan-only; exact stage/outcome semantics require dossier review
Skyrim.esm,Skyrim.esm,Skyrim.esm:0A3EE4,C00LocationMonitoring2,C00LocationMonitoring2,,CompanionQuests,0,Faction\Companions\Radiant\,quest-stage signal candidate,candidate-scan,readback-ok,1,0,,,0,0 [StartUpStage],,0,QF_C00LocationMonitoring2_000A3EE4,1:Location:NewLocation,scan-only; exact stage/outcome semantics require dossier review
Skyrim.esm,Skyrim.esm,Skyrim.esm:0A3EE5,C00LocationMonitoring3,C00LocationMonitoring3,,CompanionQuests,0,Faction\Companions\Radiant\,quest-stage signal candidate,candidate-scan,readback-ok,1,0,,,0,0 [StartUpStage],,0,QF_C00LocationMonitoring3_000A3EE5,1:Location:NewLocation; 3:Location:OldLocation,scan-only; exact stage/outcome semantics require dossier review
Skyrim.esm,Skyrim.esm,Skyrim.esm:10FBF5,C00PlayerTheftPoke,C00PlayerTheftPoke,,None,0,,quest-stage signal candidate,candidate-scan,readback-ok,0,,,,,,,,,,scan-only; exact stage/outcome semantics require dossier review
Skyrim.esm,Skyrim.esm,Skyrim.esm:0FF235,C00SwapVignarAndBrillOnAscension,C00SwapVignarAndBrillOnAscension,,None,RunOnce,Faction\Companions\Radiant\,quest-stage signal candidate,candidate-scan,readback-ok,1,0,,,0,0 [StartUpStage],,0,QF_C00SwapVignarAndBrillOnAsc_000FF235,0:Reference:Vignar; 1:Reference:Brill,scan-only; exact stage/outcome semantics require dossier review
Skyrim.esm,Skyrim.esm,Skyrim.esm:0A3EBC,C00VilkasTrainingQuest,C00VilkasTrainingQuest,,None,AllowRepeatedStages,Faction\Companions\Story\,quest-stage signal candidate,candidate-scan,readback-ok,6,10; 100; 110; 125; 150; 200,,,10,10 [StartUpStage] | 100 | 110 | 125 | 150 | 200,10: Attack Vilkas,110; 125; 10; 200; 150; 100,QF_C00VilkasTrainingQuest_000A3EBC,0:Reference:Vilkas,scan-only; exact stage/outcome semantics require dossier review
Skyrim.esm,Skyrim.esm,Skyrim.esm:06E803,C01,C01,Proving Honor,CompanionQuests,"RunOnce, WarnOnAliasFillFailure",Faction\Companions\Story\,quest-stage signal candidate,candidate-scan,readback-ok,7,0; 1; 10; 20; 30; 40; 200,200,,,"0 | 1 | 10: The Companions leaders say they don't have any more work for me, but that I should speak to Skjor about ""the next steps."" | 20: The Companions have given me one final challenge before inducting me. I'm to retrieve a fragment of Wuuthrad, the Blade of Ysgramor, from <Alias=Dungeon> while <Alias=Observer> judges my valor. | 30 | 40 | 200: I successfully retrieved a fragment of Wuuthrad, the Blade of Ysgramor, to earn my place in the Companions.",10: Speak to Skjor | 20: Speak to <Alias=Observer> | 30: Retrieve the fragment | 40: Return to Jorrvaskr | 110: Follow Vilkas,0; 40; 20; 10; 1; 30; 200,QF_C01_0006E803,0:Reference:Skjor; 1:Reference:Observer; 2:Reference:MacGuffin; 3:Location:Dungeon; 4:Reference:DungeonMarker; 6:Reference:JorrvaskrTarget; 9:Reference:KeyContainer; 8:Reference:Key; 10:Reference:AmbushSH1; 11:Reference:AmbushSH2; 12:Reference:AmbushSH3; 13:Reference:AmbushSH4; 14:Reference:AmbushSH5; 15:Reference:ObserverWerewolfStorage; 16:Reference:Vilkas,scan-only; exact stage/outcome semantics require dossier review
Skyrim.esm,Skyrim.esm,Skyrim.esm:06E804,C02,C02,Brotherhood,CompanionQuests,"RunOnce, WarnOnAliasFillFailure",Faction\Companions\Story\,quest-stage signal candidate,candidate-scan,readback-ok,5,0; 1; 10; 20; 200,,,,0 | 1 | 10: <Alias=Questgiver> says that the Companions have been waiting for my return. I'm supposed to follow <Alias.PronounObj=Questgiver>. | 20 | 200: I have been inducted as a full member of the Companions.,10: Follow <Alias=Questgiver>,0; 200; 10; 1; 20,QF_C02_0006E804,2:Reference:Questgiver; 3:Reference:Aela; 4:Reference:Farkas; 5:Reference:Vilkas; 6:Reference:Skjor; 7:Reference:Kodlak; 8:Reference:LastQuestObserver; 9:Reference:Athis; 10:Reference:Njada; 11:Reference:Ria; 12:Reference:Torvar; 13:Reference:Vignar; 14:Reference:Brill; 15:Reference:Tilma,scan-only; exact stage/outcome semantics require dossier review
Skyrim.esm,Skyrim.esm,Skyrim.esm:0A3EF8,C02Kicker,C02Kicker,,CompanionQuests,0,Faction\Companions\Radiant\,quest-stage signal candidate,candidate-scan,readback-ok,3,0; 10; 200,,,0,0 [StartUpStage] | 10 | 200,,0; 200,QF_C02Kicker_000A3EF8,,scan-only; exact stage/outcome semantics require dossier review
Skyrim.esm,Skyrim.esm,Skyrim.esm:0A3EF9,C02PostQuest,C02PostQuest,,None,0,Faction\Companions\Story\,quest-stage signal candidate,candidate-scan,readback-ok,0,,,,,,,,,1:Reference:Kodlak; 2:Reference:Aela; 3:Reference:Skjor; 4:Reference:Farkas; 6:Reference:Vilkas; 7:Reference:Athis; 8:Reference:Njada; 9:Reference:Ria; 10:Reference:Torvar; 11:Reference:Vignar; 12:Reference:Brill; 13:Reference:Tilma,scan-only; exact stage/outcome semantics require dossier review
Skyrim.esm,Skyrim.esm,Skyrim.esm:01CEF4,C03,C03,The Silver Hand,CompanionQuests,"RunOnce, WarnOnAliasFillFailure",Faction\Companions\Story\,quest-stage signal candidate,candidate-scan,readback-ok,9,0; 1; 5; 10; 15; 20; 25; 30; 200,200,,,"0 | 1 | 5: Aela and Skjor want to speak to me about some kind of special mission for the Companions. | 10: Skjor and Aela say they have some sort of special assignment for me. I'm supposed to meet them underneath the Skyforge tonight. | 15 | 20 | 25: I have ascended to the Circle which leads the Companions, and now share their blood as a werewolf. To celebrate my new status, Skjor and Aela have invited me to attack a Silver Hand camp nearby. | 30 | 200: I have ascended to the Circle which leads the Companions, and now share their blood as a werewolf. Aela led me to a Silver Hand stronghold where Skjor fell in battle. She has enlisted me on her quest for revenge.",5: Talk to Skjor | 10: Meet with Skjor at night | 15: Enter the Underforge | 20: Participate in the blood ritual | 25: Talk to Aela | 30: Kill the werewolf hunters | 31: Talk to Aela,0; 5; 10; 25; 15; 20; 200; 30; 1,QF_C01_0001CEF4,0:Reference:Skjor; 5:Reference:Aela; 1:Reference:KodlakWhitemane; 12:Location:GallowsRock; 2:Reference:KrevTheSkinner; 4:Reference:Sidekick; 6:Reference:Farkas; 7:Reference:Vilkas; 8:Reference:Font; 9:Reference:Eorlund; 10:Reference:UnderforgeDoor,scan-only; exact stage/outcome semantics require dossier review
Skyrim.esm,Skyrim.esm,Skyrim.esm:0AEF91,C03AelaRadiantKicker,C03AelaRadiantKicker,,None,RunOnce,Faction\Companions\,quest-stage signal candidate,candidate-scan,readback-ok,1,0,,,0,0 [StartUpStage],,0,QF_C03AelaRadiantKicker_000AEF91,,scan-only; exact stage/outcome semantics require dossier review
Skyrim.esm,Skyrim.esm,Skyrim.esm:0B3E08,C03PostQuest,C03PostQuest,,None,0,Faction\Companions\Story\,quest-stage signal candidate,candidate-scan,readback-ok,4,0; 10; 20; 200,,,0,0 [StartUpStage] | 10 | 20 | 200,,0; 200; 10; 20,QF_C03PostQuest_000B3E08,0:Reference:Aela; 1:Reference:DeadSkjor,scan-only; exact stage/outcome semantics require dossier review
Skyrim.esm,Skyrim.esm,Skyrim.esm:0AEBFE,C03Rampage,C03Rampage,,None,0,Faction\Companions\Story\,quest-stage signal candidate,candidate-scan,readback-ok,2,0; 100,,,0,0 [StartUpStage] | 100,,0; 100,QF_C03Rampage_000AEBFE,0:Reference:Player; 1:Reference:Kodlak; 2:Reference:Farkas; 3:Reference:Vilkas; 4:Reference:Athis; 5:Reference:Njada; 6:Reference:Ria; 7:Reference:Torvar; 9:Reference:Aela,scan-only; exact stage/outcome semantics require dossier review
Skyrim.esm,Skyrim.esm,Skyrim.esm:01CEF5,C04,C04,Blood's Honor,CompanionQuests,"RunOnce, WarnOnAliasFillFailure",Faction\Companions\Story\,quest-stage signal candidate,candidate-scan,readback-ok,6,0; 1; 10; 20; 30; 200,200,,,"0 | 1 | 10: Kodlak Whitemane has caught wind of my secret missions with Aela and has asked to speak with me. | 20: As part of his quest to cure his lycanthropy, Kodlak Whitemane has sent me to kill the Glenmoril Witches and bring back their heads. | 30 | 200: I killed the Glenmoril Witches at the behest of Kodlak Whitemane, but he was killed by the Silver Hand before I could return.",10: Speak to Kodlak Whitemane | 20: Collect a Glenmoril Witch's head | 25: (Optional) Wipe out the Glenmoril Witches | 30: Return to Kodlak,0; 200; 10; 1; 30; 20,QF_C02_0001CEF5,0:Reference:Kodlak; 20:Location:GlenmorilCoven; 8:Reference:Aela; 9:Reference:Vilkas; 10:Reference:Farkas; 11:Reference:DeadSilverHandOne; 12:Reference:DeadSilverHandTwo; 14:Reference:DeadSilverHandThree; 17:Reference:GlenmorilCovenMarker; 18:Reference:Hagraven1; 19:Reference:Hagraven2; 23:Reference:Hagraven3; 22:Reference:Hagraven4; 21:Reference:Hagraven5; 25:Reference:DA05Hagraven; 27:Reference:Player; 28:Reference:PlayerChair; 34:Reference:VilkasSpot; 35:Reference:BackDoor1; 36:Reference:BackDoor2,scan-only; exact stage/outcome semantics require dossier review
Skyrim.esm,Skyrim.esm,Skyrim.esm:0AD39D,C04JorrvaskrCommotion,C04JorrvaskrCommotion,,None,0,Faction\Companions\Story\,quest-stage signal candidate,candidate-scan,readback-ok,2,0; 200,,,0,0 [StartUpStage] | 200 [ShutDownStage],,0; 200,QF_C04JorrvaskrCommotion_000AD39D,0:Reference:Gawker1; 1:Reference:Gawker2; 2:Reference:Gawker3; 3:Reference:Gawker4; 4:Reference:RangedGateCompanion; 5:Reference:MeleeTreeCompanion; 6:Reference:Farkas; 7:Reference:Njada; 8:Reference:Athis; 9:Reference:Ria,scan-only; exact stage/outcome semantics require dossier review
Skyrim.esm,Skyrim.esm,Skyrim.esm:06E805,C05,C05,Purity of Revenge,CompanionQuests,"RunOnce, WarnOnAliasFillFailure",Faction\Companions\Story\,quest-stage signal candidate,candidate-scan,readback-ok,5,0; 1; 10; 20; 200,200,,,0 | 1 | 10: Vilkas has come with me to avenge the death of Kodlak by wiping out the Silver Hand. | 20: Vilkas and I avenged Kodlak's death by bringing ruin to the Silver Hand. | 200,10: Retrieve the fragments of Wuuthrad | 11: (Optional) Wipe out the Silver Hand | 20: Return to Jorrvaskr,0; 200; 10; 1; 20,QF_C05_0006E805,2:Reference:Fragments; 3:Reference:Vilkas; 6:Location:SilverHandHQ; 7:Reference:SilverHandBoss; 8:Reference:HQMapMarker; 9:Reference:JorrvaskrInterior; 10:Reference:PlayerWatched; 12:Reference:FragmentSackBox; 11:Reference:FragmentSack; 13:Reference:DriftShadeInteriorDoor; 14:Reference:DriftShadeInteriorDoor2; 15:Reference:DriftShadeInteriorDoor2Reverse,scan-only; exact stage/outcome semantics require dossier review
Skyrim.esm,Skyrim.esm,Skyrim.esm:01CEF6,C06,C06,Glory of the Dead,CompanionQuests,"RunOnce, WarnOnAliasFillFailure",Faction\Companions\Story\,quest-stage signal candidate,candidate-scan,readback-ok,15,0; 1; 10; 15; 17; 18; 20; 30; 35; 40; 50; 60; 65; 70; 200,200,,,"0 | 1 | 10: I should attend the funeral of Kodak Whitman, the late Harbinger of the Companions. | 15: Eorlund needs the fragments of Wuuthrad to prepare them for remounting in Jorrvaskr. | 17 | 18 | 20: As a member of the Circle, I need to convene in the Underforge to determine the next steps for the Companions following the death of Kodak Whitman. | 30: The Companions believe there is a way to cleanse Kodlak's soul of the taint of the beast. We're going to the ancient Tomb of Ysgramor to perform the ceremony. | 35 | 40 | 50 | 60 | 65 | 70 | 200: I helped grant Kodlak Whitemane the glory of Sovngarde, and took his place as Harbinger of the Companions.",10: Attend Kodlak's funeral | 15: Give the fragments of Wuuthrad to Eorlund | 17: Retrieve Kodlak's fragment | 18: Give the final fragment to Eorlund | 20: Meet the Circle | 30: Go to Ysgramor's Tomb with the Circle | 35: Return Wuuthrad to Ysgramor | 40: Get to the burial chamber | 50: Speak to Kodlak | 60: Put witch head into fire | 65: Defeat the wolf spirit | 70: Speak to Kodlak,0; 40; 18; 10; 1; 15; 35; 20; 200; 17; 50; 30; 65; 60; 70,QF_C03_0001CEF6,38:Reference:Player; 1:Reference:Aela; 11:Reference:Vilkas; 13:Reference:Farkas; 20:Reference:Eorlund; 21:Reference:FuneralLocationMarker; 0:Reference:Font; 22:Reference:Sarcophagus; 23:Reference:GhostKodlak; 24:Reference:WolfSpirit; 26:Reference:Kodlak; 28:Reference:Skjor; 27:Reference:YsgramorsBlade; 30:Location:YsgramorsTomb; 31:Reference:YsgramorsTombMapMarker; 32:Reference:YsgramorStatue; 33:Reference:KodlakBodyMarker; 35:Reference:KodlaksEndTable; 34:Reference:KodlaksFragment; 37:Reference:KodlaksJournal; 36:Reference:Skyforge; 40:Reference:BossChest; 41:Reference:SHIELD,scan-only; exact stage/outcome semantics require dossier review
Skyrim.esm,Skyrim.esm,Skyrim.esm:0E30E7,C06FuneralObserversQuest,C06FuneralObserversQuest,,None,RunOnce,Faction\Companions\Story\,quest-stage signal candidate,candidate-scan,readback-ok,2,0; 10,,,0,0 [StartUpStage] | 10,,0; 10,QF_C06FuneralObserversQuest_000E30E7,7:Reference:CompanionsObserver1; 8:Reference:CompanionsObserver2; 9:Reference:CompanionsObserver3; 10:Reference:CompanionsObserver4; 11:Reference:CompanionsObserver5; 12:Reference:CompanionsObserver6; 13:Reference:CompanionsObserver7; 0:Reference:Observer1; 1:Reference:Observer2; 6:Reference:Observer3; 14:Reference:LookAtTarget,scan-only; exact stage/outcome semantics require dossier review
Skyrim.esm,Skyrim.esm,Skyrim.esm:0B627D,C06PostQuest,C06PostQuest,,None,0,Faction\Companions\Story\,quest-stage signal candidate,candidate-scan,readback-ok,4,0; 10; 20; 200,,,0,0 [StartUpStage] | 10 | 20 | 200,,0; 200; 10; 20,QF_C06PostQuest_000B627D,0:Reference:Aela; 1:Reference:Vilkas; 2:Reference:Farkas,scan-only; exact stage/outcome semantics require dossier review
Skyrim.esm,Skyrim.esm,Skyrim.esm:108059,CompanionsBladeFragmentTracking,CompanionsBladeFragmentTracking,,None,17,Faction\Companions\Radiant\,quest-stage signal candidate,candidate-scan,readback-ok,1,0,,,0,0 [StartUpStage],,0,QF_CompanionsBladeFragmentTr_00108059,,scan-only; exact stage/outcome semantics require dossier review
Skyrim.esm,Skyrim.esm,Skyrim.esm:0AD39C,CompanionsBrawlingQuest,CompanionsBrawlingQuest,,None,17,Faction\Companions\,quest-stage signal candidate,candidate-scan,readback-ok,0,,,,,,,,,,scan-only; exact stage/outcome semantics require dossier review
Skyrim.esm,Skyrim.esm,Skyrim.esm:0D19B9,CompanionsMiscObjective,CompanionsMiscObjective,,Misc,RunOnce,Faction\Companions\,quest-stage signal candidate,candidate-scan,readback-ok,4,0; 10; 200; 255,200,,,0 | 10 | 200 | 255 [ShutDownStage],10: Speak with the leader of the Companions,200; 10; 255,QF_CompanionsMiscObjective_000D19B9,7:Reference:KodlakAlias,scan-only; exact stage/outcome semantics require dossier review
Skyrim.esm,Skyrim.esm,Skyrim.esm:109AAA,CompanionsRadiantMiscObjective,CompanionsRadiantMiscObjective,,Misc,0,Faction\Companions\Radiant\,quest-stage signal candidate,candidate-scan,readback-ok,1,0,,,0,0 [StartUpStage],10: Talk to the Companions leaders for work,0,QF_CompanionsRadiantMiscObje_00109AAA,0:Reference:Aela; 3:Reference:Skjor; 2:Reference:Vilkas; 1:Reference:Farkas,scan-only; exact stage/outcome semantics require dossier review
Skyrim.esm,Skyrim.esm,Skyrim.esm:0880E1,CompanionsRejoinQuest,CompanionsRejoinQuest,,CompanionQuests,17,Faction\Companions\Radiant\,quest-stage signal candidate,candidate-scan,readback-ok,0,,,,,,,,,,scan-only; exact stage/outcome semantics require dossier review
Skyrim.esm,Skyrim.esm,Skyrim.esm:0880EB,CompanionsSingleCombatQuest,CompanionsSingleCombatQuest,,None,5120,Faction\Companions\Radiant\,quest-stage signal candidate,candidate-scan,readback-ok,3,10; 150; 200,,,10,10 [StartUpStage] | 150 | 200,,150; 200; 10,QF_CompanionsSingleCombatQues_000880EB,1:Reference:Opponent; 2:Reference:Bystander1; 3:Reference:Bystander2; 4:Reference:Bystander3,scan-only; exact stage/outcome semantics require dossier review
Skyrim.esm,Skyrim.esm,Skyrim.esm:0D3C5F,CW00A,CW00A,Imperial Introductions,Misc,273,Civil War\,civil-war/Talos/civic candidate,candidate-scan,readback-ok,8,0; 1; 2; 5; 7; 10; 20; 21,,,,0 | 1 | 2 | 5 | 7 | 10 | 20 | 21,1: Join the Imperial Legion,0; 7; 5; 2; 10; 1; 21; 20,QF_CW00_000D3C5F,2:Reference:Tullius; 0:Reference:Rikke; 1:Reference:Galmar,scan-only; exact stage/outcome semantics require dossier review
Skyrim.esm,Skyrim.esm,Skyrim.esm:0E1B5A,CW00B,CW00B,Stormcloak Introductions,Misc,273,Civil War\,civil-war/Talos/civic candidate,candidate-scan,readback-ok,7,0; 2; 5; 7; 10; 15; 20,,,,0 | 2 | 5 | 7 | 10 | 15 | 20,2: Join the Stormcloak rebellion,0; 7; 5; 2; 10; 15; 20,QF_CW00B_000E1B5A,2:Reference:Ulfric; 0:Reference:Galmar,scan-only; exact stage/outcome semantics require dossier review
Skyrim.esm,Skyrim.esm,Skyrim.esm:0D5165,CW00SolitudeMapTableScene,CW00SolitudeMapTableScene,Scene about Balgruuf,None,0,Civil War\Scene\,civil-war/Talos/civic candidate,candidate-scan,readback-ok,1,0,,,,0,,0,QF_CW00SolitudeMapTableScene_000D5165,11:Reference:Actor1; 12:Reference:Actor2; 0:Location:Location; 1:Reference:TableLeanA; 2:Reference:TableLeanB; 3:Reference:TableLeanC; 4:Reference:TableLeanD; 5:Reference:TablePositionA; 6:Reference:TablePositionB; 7:Reference:TablePositionC; 8:Reference:TablePositionD; 9:Reference:TablePacePatrolA; 10:Reference:TablePacePatrolB,scan-only; exact stage/outcome semantics require dossier review
Skyrim.esm,Skyrim.esm,Skyrim.esm:0E1B36,CW00WindhelmMapTableScene,CW00WindhelmMapTableScene,Scene about Balgruuf,None,0,Civil War\Scene\,civil-war/Talos/civic candidate,candidate-scan,readback-ok,1,0,,,,0,,0,QF_CW00WindhelmMapTableScene_000E1B36,11:Reference:Actor1; 12:Reference:Actor2; 0:Location:Location; 1:Reference:TableLeanA; 2:Reference:TableLeanB; 3:Reference:TableLeanC; 4:Reference:TableLeanD; 5:Reference:TablePositionA; 6:Reference:TablePositionB; 7:Reference:TablePositionC; 8:Reference:TablePositionD; 9:Reference:TablePacePatrolA; 10:Reference:TablePacePatrolB; 13:Reference:TableFloorMarker,scan-only; exact stage/outcome semantics require dossier review
Skyrim.esm,Skyrim.esm,Skyrim.esm:0D517A,CW01A,CW01A,Joining the Legion,CivilWar,RunOnce,Civil War\,civil-war/Talos/civic candidate,candidate-scan,readback-ok,7,0; 1; 100; 150; 160; 200; 999,200,999,,"0 | 1: In order to prove myself to Legate Rikke, I am to clear out the bandits living at Fort Hraggstad. | 100 | 150 | 160 | 200 | 999",1: Clear out Fort Hraggstad | 100: Report to Legate Rikke | 160: Take the oath,0; 200; 999; 100; 1; 160; 150,QF_CW01_000D517A,27:Reference:Tullius; 26:Reference:Rikke; 0:Location:Fort; 1:Reference:Bandit1; 2:Reference:Bandit2; 3:Reference:Bandit3; 4:Reference:Bandit4; 5:Reference:Bandit5; 6:Reference:Bandit6; 7:Reference:Bandit7; 8:Reference:Bandit8; 9:Reference:Bandit9; 10:Reference:Bandit10; 11:Reference:Bandit11; 12:Reference:Bandit12; 13:Reference:Bandit13; 14:Reference:Bandit14; 15:Reference:Bandit15; 16:Reference:Bandit16; 17:Reference:Bandit17; 18:Reference:Bandit18; 19:Reference:Bandit19; 20:Reference:Bandit20; 21:Reference:Bandit21; 22:Reference:Bandit22; 23:Reference:Bandit23; 24:Reference:Bandit24; 25:Reference:Bandit25,scan-only; exact stage/outcome semantics require dossier review
Skyrim.esm,Skyrim.esm,Skyrim.esm:0C349B,CW01AOutfitImperial,CW01AOutfitImperial,Get Outfitted,Misc,17,Civil War\,civil-war/Talos/civic candidate,candidate-scan,readback-ok,5,1; 10; 11; 12; 255,,,,1 | 10 | 11 | 12 | 255,1: Get Imperial gear from Beirand,12; 11; 10; 1; 255,QF_CW01AOutfitImperial_000C349B,0:Reference:Beirand,scan-only; exact stage/outcome semantics require dossier review
Skyrim.esm,Skyrim.esm,Skyrim.esm:0E2D29,CW01B,CW01B,Joining the Stormcloaks,CivilWar,RunOnce,Civil War\,civil-war/Talos/civic candidate,candidate-scan,readback-ok,7,0; 1; 100; 150; 160; 200; 999,200,999,,"0 | 1: To prove myself worthy of becoming a Stormcloak, Galmar Stone-Fist has sent me to kill an Ice Wraith at Serpentstone Isle. | 100 | 150 | 160 | 200 | 999",1: Kill the Ice Wraith | 100: Return to Galmar | 160: Take the oath,0; 200; 999; 100; 1; 160; 150,QF_CW01B_000E2D29,27:Reference:Ulfric; 26:Reference:Galmar; 0:Location:Location; 1:Reference:IceWraith,scan-only; exact stage/outcome semantics require dossier review
Skyrim.esm,Skyrim.esm,Skyrim.esm:0D5F0A,CW01SolitudeMapTableScene,CW01SolitudeMapTableScene,Scene about Jagged Crown,None,0,Civil War\Scene\,civil-war/Talos/civic candidate,candidate-scan,readback-ok,1,0,,,,0,,0,QF_CW01SolitudeMapTableScene_000D5F0A,11:Reference:Actor1; 12:Reference:Actor2; 0:Location:Location; 1:Reference:TableLeanA; 2:Reference:TableLeanB; 3:Reference:TableLeanC; 4:Reference:TableLeanD; 5:Reference:TablePositionA; 6:Reference:TablePositionB; 7:Reference:TablePositionC; 8:Reference:TablePositionD; 9:Reference:TablePacePatrolA; 10:Reference:TablePacePatrolB,scan-only; exact stage/outcome semantics require dossier review
Skyrim.esm,Skyrim.esm,Skyrim.esm:0E2D3A,CW01WindhelmMapTableScene,CW01WindhelmMapTableScene,Scene about Jagged Crown,None,0,Civil War\Scene\,civil-war/Talos/civic candidate,candidate-scan,readback-ok,1,0,,,,0,,0,QF_CW01WindhelmMapTableScene_000E2D3A,11:Reference:Actor1; 12:Reference:Actor2; 0:Location:Location; 1:Reference:TableLeanA; 2:Reference:TableLeanB; 3:Reference:TableLeanC; 4:Reference:TableLeanD; 5:Reference:TablePositionA; 6:Reference:TablePositionB; 7:Reference:TablePositionC; 8:Reference:TablePositionD; 9:Reference:TablePacePatrolA; 10:Reference:TablePacePatrolB,scan-only; exact stage/outcome semantics require dossier review
Skyrim.esm,Skyrim.esm,Skyrim.esm:02D75C,CW02A,CW02A,The Jagged Crown,CivilWar,RunOnce,Civil War\,civil-war/Talos/civic candidate,candidate-scan,readback-ok,44,0; 1; 7; 10; 20; 30; 40; 42; 43; 45; 50; 54; 60; 61; 62; 63; 65; 70; 78; 80; 81; 100; 102; 103; 105; 110; 120; 130; 135; 140; 150; 160; 162; 170; 171; 172; 174; 175; 176; 178; 180; 190; 200; 220,200,,,0 | 1 | 7 | 10: I've decided to join the Imperial Legion in its fight to preserve the Empire. I should talk to Legate Rikke to get my first assignment. | 20 | 30: I've decided to join the Imperial Legion in its fight to preserve the Empire. My first assignment is to help Legate Rikke recover the Jagged Crown from the ruins of Korvanjund. | 40 | 42 | 43 | 45 | 50 | 54 | 60 | 61 | 62 | 63 | 65 | 70 | 78 | 80 | 81 | 100 | 102 | 103 | 105 | 110 | 120 | 130 | 135 | 140 | 150 | 160 | 162 | 170 | 171 | 172 | 174 | 175 | 176 | 178 | 180 | 190 | 200 | 220,10: Talk to Legate Rikke | 20: Meet Legate Rikke outside Korvanjund | 40: Retrieve the Jagged Crown | 45: Follow Legate Rikke | 50: Find a way past the ambush | 55: Follow Legate Rikke | 60: Open the Hall of Stories door | 65: Follow Legate Rikke | 70: Find a way to open the gate | 72: Defeat the Draugr (<Global=MQ103DraugrDeadCount>/<Global=MQ103DraugrTotal>) | 80: Deliver the crown to General Tullius | 90: Get new orders | 99: Defeat the enemy soldiers. (<Global=MQ103DefenderDeadCount>/<Global=MQ103DefenderTotal>),0; 135; 171; 160; 81; 20; 105; 180; 162; 40; 62; 175; 100; 65; 60; 42; 102; 70; 80; 45; 10; 1; 200; 50; 30; 110; 130; 78; 54; 120; 190; 178; 174; 170; 150; 7; 103; 176; 61; 172; 220; 43,QF_MQ103A_0002D75C,4:Reference:GeneralTullius; 9:Reference:LegateRikke; 34:Reference:CaptainMetilius; 32:Reference:Ulfric; 35:Reference:Sifnar; 11:Reference:KorvanjundMeetingPoint; 19:Location:Korvanjund; 13:Reference:ExteriorDefender1; 15:Reference:ExteriorDefender2; 16:Reference:ExteriorDefender3; 48:Reference:ExteriorDefender4; 49:Reference:ExteriorDefender5; 22:Reference:FriendlyFollower01; 23:Reference:FriendlyFollower02; 50:Reference:FriendlyFollower03; 51:Reference:FriendlyFollower04; 1:Reference:Hadvar; 24:Reference:EnemyEavesdrop01a; 25:Reference:EnemyEavesdrop01b; 17:Reference:BookMarker; 18:Reference:Book; 29:Reference:AmbushTarget; 43:Reference:LockedGateLever02; 30:Reference:DeadDraugrHeadTarget; 36:Reference:EbonyClaw; 37:Reference:ObjDraugr01; 38:Reference:ObjDraugr02; 39:Reference:ObjDraugr03; 40:Reference:ObjDraugr04; 41:Reference:ObjDraugr05; 42:Reference:ObjDraugr06; 44:Reference:DraugrBoss; 45:Reference:HallOfStoriesDoor; 47:Reference:PreQuestDungeonDisabler; 52:Reference:Cell02FriendlyMoveToPoint; 53:Reference:DraugrBossMinion01; 54:Reference:DraugrBossMinion02; 55:Reference:Cell01ExitDoor; 56:Reference:Cell02ExitDoor; 58:Reference:Stage61EntranceMarker01,scan-only; exact stage/outcome semantics require dossier review
Skyrim.esm,Skyrim.esm,Skyrim.esm:02610B,CW02B,CW02B,The Jagged Crown,CivilWar,RunOnce,Civil War\,civil-war/Talos/civic candidate,candidate-scan,readback-ok,44,0; 1; 7; 10; 20; 30; 40; 42; 43; 45; 50; 54; 60; 61; 62; 63; 65; 70; 78; 80; 81; 100; 102; 103; 105; 110; 120; 130; 135; 140; 150; 160; 162; 170; 171; 172; 174; 175; 176; 178; 180; 190; 200; 220,200,,,0 | 1 | 7 | 10: I've decided to help the Stormcloaks drive the Empire out of Skyrim. I should talk to Galmar Stone-Fist to get my first assignment. | 20 | 30: I've decided to help the Sons of Skyrim drive the Empire out of Skyrim. My first mission is to help Galmar Stone-Fist retrieve the Jagged Crown from the ruins of Korvanjund. | 40 | 42 | 43 | 45 | 50 | 54 | 60 | 61 | 62 | 63 | 65 | 70 | 78 | 80 | 81 | 100 | 102 | 103 | 105 | 110 | 120 | 130 | 135 | 140 | 150 | 160 | 162 | 170 | 171 | 172 | 174 | 175 | 176 | 178 | 180 | 190 | 200 | 220,10: Talk to Galmar | 20: Meet Galmar outside Korvanjund | 40: Retrieve the Jagged Crown | 50: Find a way to open the gate | 80: Deliver the crown to Ulfric Stormcloak | 90: Get new orders | 99: Defeat the enemy soldiers guarding Korvanjund. (<Global=MQ103DefenderDeadCount>/<Global=MQ103DefenderTotal>),0; 135; 171; 160; 81; 20; 105; 180; 162; 40; 62; 175; 100; 65; 60; 42; 102; 70; 80; 45; 10; 1; 200; 50; 30; 110; 130; 78; 54; 120; 190; 178; 174; 170; 150; 7; 103; 176; 61; 172; 220; 43,QF_MQ103B_0002610B,5:Reference:Ulfric; 10:Reference:Galmar; 27:Reference:Sifnar; 26:Reference:GeneralTullius; 28:Reference:CaptainMetilius; 11:Reference:KorvanjundMeetingPoint; 19:Location:Korvanjund; 13:Reference:ExteriorDefender1; 15:Reference:ExteriorDefender2; 16:Reference:ExteriorDefender3; 42:Reference:ExteriorDefender4; 43:Reference:ExteriorDefender5; 21:Reference:FriendlyFollower01; 22:Reference:FriendlyFollower02; 40:Reference:FriendlyFollower03; 41:Reference:FriendlyFollower04; 0:Reference:Ralof; 17:Reference:BookMarker; 18:Reference:Book; 24:Reference:EnemyEavesdrop01a; 25:Reference:EnemyEavesdrop01b; 29:Reference:ObjDraugr01; 30:Reference:ObjDraugr02; 31:Reference:ObjDraugr03; 32:Reference:ObjDraugr04; 33:Reference:ObjDraugr05; 34:Reference:ObjDraugr06; 35:Reference:DraugrBoss; 36:Reference:EbonyClaw; 37:Reference:LockedGateLever02; 38:Reference:PreQuestDungeonDisabler; 39:Reference:DeadDraugrHeadTarget; 44:Reference:Torsten; 45:Reference:ScoutsManyMarshes; 46:Reference:Cell02FriendlyMoveToPoint; 47:Reference:DraugrBossMinion01; 48:Reference:DraugrBossMinion02; 49:Reference:Cell02ExitDoor; 50:Reference:Cell01ExitDoor; 52:Reference:Stage61EntranceMarker01,scan-only; exact stage/outcome semantics require dossier review
Skyrim.esm,Skyrim.esm,Skyrim.esm:0D661C,CW03,CW03,Message to Whiterun,CivilWar,RunOnce,Civil War\,civil-war/Talos/civic candidate,candidate-scan,readback-ok,18,1; 2; 10; 15; 16; 20; 30; 40; 50; 100; 150; 199; 200; 210; 225; 230; 240; 255,210; 240; 255,,,1 | 2 | 10: I am to deliver a message to the Jarl of Whiterun. It is time for him to pick a side in the war. | 15 | 16 | 20 | 30 | 40 | 50: The Jarl of Whiterun has sided with the Empire. I am to inform Jarl Ulfric Stormcloak of this decision. | 100: Ulfric plans to make war on Whiterun. I should return and warn the Jarl. | 150 | 199 | 200 | 210 | 225 | 230 | 240 | 255 [ShutDownStage],10: Deliver message to the Jarl of Whiterun | 11: Deliver axe to the Jarl of Whiterun | 16: Assist Jarl Balgruuf with the dragon threat | 20: Wait for the Jarl's response | 50: Deliver axe to Jarl Ulfric | 100: Return to Whiterun and warn the Jarl | 150: Report to <Alias=ImperialFieldCO> | 225: Wait for orders from Jarl Ulfric,230; 1; 240; 20; 200; 50; 2; 30; 40; 210; 100; 15; 150; 199; 10; 225; 255; 16,QF_CW03_000D661C,23:Reference:BalgruufAlive; 24:Reference:BalgruufDead; 0:Reference:Balgruuf; 1:Reference:Proventus; 2:Reference:Irileth; 3:Reference:Ulfric; 16:Reference:Galmar; 7:Reference:ImperialFieldCO; 8:Reference:ImperialScout; 9:Reference:ImperialScoutStartMarker; 14:Reference:ImperialScoutEnsMarker; 12:Location:WhiterunDragonsreach; 13:Reference:MapTableFloorMarker; 17:Reference:Message; 18:Reference:AxeUlfrics; 19:Reference:AxeBalgruufs; 20:Reference:AxeHrongars; 22:Reference:MessageFromTullius,scan-only; exact stage/outcome semantics require dossier review
Skyrim.esm,Skyrim.esm,Skyrim.esm:028AD6,DA01,DA01,The Black Star,Daedric,17,Daedric\,Daedric/moral-choice candidate,candidate-scan,readback-ok,21,0; 10; 20; 25; 30; 50; 57; 58; 60; 61; 62; 65; 70; 75; 80; 85; 90; 95; 100; 110; 250,100; 110,250,,"0 | 10: Aranea, a priestess of Azura, says I am destined to find ""an elven man, who can turn the brightest star as black as night."" She believes he is in Winterhold. | 20 | 25 | 30: Nelacar has told me that his old mentor, Maylyn Varen, was experimenting on Azura's Star. Malyn's last known location is Ilinalta's Deep. | 50: I have Azura's Star, but it's been corrupted by Malyn Varen's magic. I could take the Star to either Aranea or Nelacar to have it repaired. | 57 | 58 | 60 | 61 | 62 | 65 | 70: I am inside Azura's Star and must defeat Malyn Varen's soul in order for Azura to purify the Star and bring me out. | 75: I am inside Azura's Star and must defeat Malyn Varen's soul in order for Nelacar to bring me out and complete the Black Star. | 80 | 85 | 90 | 95 | 100: I have cleansed Azura's Star, the infinite Soul Gem. It is mine to do with as I see fit. | 110: I have completed the Black Star, an infinite Black Soul Gem. It is now mine to do with as I please. | 250",10: Find the elven mage from Aranea's vision | 20: Speak to Nelacar | 30: Find Azura's Star | 40: Bring the Star to Aranea | 45: Bring the Star to Nelacar | 60: Speak to Azura | 62: Tell Azura you're ready to enter the Star | 65: Tell Nelacar you're ready to enter the Star | 80: Destroy Malyn Varen's soul,0; 70; 80; 250; 10; 58; 90; 20; 50; 57; 30; 85; 62; 95; 25; 65; 60; 75; 61; 100; 110,QF_DA01_00028AD6,0:Reference:Aranea; 22:Location:IlinaltasDeepLocation; 24:Location:AzurasStarInterior; 1:Reference:Nelacar; 9:Reference:AzurasStarBroken; 14:Reference:ShrineofAzura; 4:Reference:WinterholdMapMarker; 3:Reference:MalynVarensCorpse; 21:Reference:MalynsJournal; 5:Reference:MalynVaren; 7:Reference:VoiceofAzura; 18:Reference:Nirya; 25:Reference:AzuraSpeaksTrigger; 26:Reference:IlinaltasDeepDoor; 28:Reference:NelacarVoiceMarker; 30:Reference:NelacarStar,scan-only; exact stage/outcome semantics require dossier review
Skyrim.esm,Skyrim.esm,Skyrim.esm:089CD1,DA01dunIlinaltasDeepQST,DA01dunIlinaltasDeepQST,,Misc,17,Dungeons\,Daedric/moral-choice candidate,candidate-scan,readback-ok,1,0,,,0,0 [StartUpStage],,0,QF_dunIlinaltasDeepQST_00089CD1,0:Reference:IlinaltaBoss; 7:Reference:VarensFollower01; 8:Reference:VarensFollower02,scan-only; exact stage/outcome semantics require dossier review
Skyrim.esm,Skyrim.esm,Skyrim.esm:01DD49,DA01FIN,DA01FIN,,None,0,Daedric\,Daedric/moral-choice candidate,candidate-scan,readback-ok,1,10,,,,10,,10,QF_DA01FIN_0001DD49,,scan-only; exact stage/outcome semantics require dossier review
Skyrim.esm,Skyrim.esm,Skyrim.esm:092E25,DA01Intro,DA01Intro,,Misc,17,Daedric\,Daedric/moral-choice candidate,candidate-scan,readback-ok,2,10; 100,,,,10 | 100,10: Visit the Shrine of Azura,10; 100,QF_DA01Intro_00092E25,1:Reference:Aranea,scan-only; exact stage/outcome semantics require dossier review
Skyrim.esm,Skyrim.esm,Skyrim.esm:04D8D6,DA02,DA02,Boethiah's Calling,Daedric,RunOnce,Daedric\,Daedric/moral-choice candidate,candidate-scan,readback-ok,24,0; 1; 4; 5; 6; 7; 9; 10; 11; 12; 15; 17; 20; 21; 30; 40; 41; 50; 60; 70; 80; 81; 100; 200,50; 100,,0,"0 [StartUpStage] | 1: I found a book that mentioned a cult of Boethiah in the mountains near Windhelm. | 4 | 5: I have discovered a shrine to Boethiah in the mountains near Windhelm. | 6 | 7 | 9 | 10: I am to lead someone to the Shrine of Boethiah, instruct them to touch the Pillar of Sacrifice, and once trapped by it's magic, slay them. If I do this Boethiah will appear. | 11 | 12 | 15: Boethiah has appeared using <Alias=DeadFriend>'s corpse as a vessel. She will give a special task to whichever of her cultists are left alive after we fight to the death. | 17 | 20: Boethiah revealed herself to me. I am to slay her previous champion, and having done so, don the Ebony Mail. So doing, she will make me her champion. | 21 | 30 | 40: I have proven myself to Boethiah, and she has made me her new champion. | 41 | 50 | 60 | 70 | 80 | 81 | 100 | 200",1: Find the shrine of Boethiah | 5: Find the cult of Boethiah | 10: Lead someone to become trapped by the shrine and slay them | 15: Slay the other cultists | 20: Slay everyone at <Alias=Dungeon> stealthily | 30: Retrieve and equip the Ebony Mail | 50: Slay the Jarl of Solitude | 100: Speak to Boethiah's Conduit | 101: Speak to Boethiah's Conduit,11; 80; 10; 1; 81; 20; 200; 50; 30; 21; 40; 5; 100; 15; 4; 12; 7; 17; 6; 9; 60; 70,QF_DA02_0004D8D6,28:Reference:BoethiahsConduit; 9:Reference:ShrineCenterMarker; 15:Reference:ShrineApproachTrigger; 33:Reference:Fighter1Spawn; 34:Reference:Fighter2Spawn; 3:Reference:Fighter1; 4:Reference:Fighter2; 16:Reference:Cultist1SpawnMarker; 42:Reference:Cultist2SpawnMarker; 43:Reference:Cultist3SpawnMarker; 44:Reference:Cultist4SpawnMarker; 45:Reference:Cultist5SpawnMarker; 8:Reference:Cultist1; 10:Reference:Cultist2; 11:Reference:Cultist3; 12:Reference:Cultist4; 13:Reference:Cultist5; 71:Reference:Pillar; 95:Reference:PillarLookUpMarker; 18:Reference:DeadFriend; 74:Location:Dungeon; 29:Reference:Champion; 73:Reference:Enemy1; 78:Reference:Enemy2; 79:Reference:Enemy3; 80:Reference:Enemy4; 81:Reference:Enemy5; 82:Reference:Enemy6; 83:Reference:Enemy7; 84:Reference:Enemy8; 85:Reference:Enemy9; 91:Reference:Enemy10; 92:Reference:Enemy11; 94:Reference:Enemy12; 93:Reference:Enemy13; 90:Reference:Enemy14; 72:Reference:DungeonMapMarker; 30:Reference:BoethiahsVoiceXMarker; 31:Reference:Elisif; 32:Reference:ElisifIsEssential,scan-only; exact stage/outcome semantics require dossier review
Skyrim.esm,Skyrim.esm,Skyrim.esm:0B18E1,DA02ChangeLoc,DA02ChangeLoc,Sets up guard aliases,None,5120,Daedric\,Daedric/moral-choice candidate,candidate-scan,readback-ok,1,0,,,0,0 [StartUpStage],,0,QF_DA02ChangeLoc_000B18E1,0:Reference:GuardA; 1:Reference:GuardB; 2:Reference:GuardC; 3:Reference:GuardD; 4:Reference:MarkerA; 5:Reference:MarkerB; 6:Reference:MarkerC; 7:Reference:MarkerD,scan-only; exact stage/outcome semantics require dossier review
Skyrim.esm,Skyrim.esm,Skyrim.esm:0B48FB,DA02DeadBody,DA02DeadBody,,None,0,Daedric\,Daedric/moral-choice candidate,candidate-scan,readback-ok,1,0,,,0,0 [StartUpStage],,0,QF_DA02DeadBody_000B48FB,1:Reference:Actor; 0:Reference:DeadActor,scan-only; exact stage/outcome semantics require dossier review
Skyrim.esm,Skyrim.esm,Skyrim.esm:0B3E56,DA02GuardWarn,DA02GuardWarn,,None,RunOnce,,Daedric/moral-choice candidate,candidate-scan,readback-ok,0,,,,,,,,,0:Reference:ClosestGuard,scan-only; exact stage/outcome semantics require dossier review
Skyrim.esm,Skyrim.esm,Skyrim.esm:04D917,DA02KillFriend,DA02KillFriend,,None,0,Daedric\,Daedric/moral-choice candidate,candidate-scan,readback-ok,1,0,,,0,0 [StartUpStage],,0,QF_DA02KillFriend_0004D917,0:Reference:DeadFriend,scan-only; exact stage/outcome semantics require dossier review
Skyrim.esm,Skyrim.esm,Skyrim.esm:052795,DA02KillObj,DA02KillObj,Boethiah's Bidding,CompanionQuests,0,Daedric\,Daedric/moral-choice candidate,candidate-scan,readback-ok,2,50; 200,200,,,"50: Lord Boethiah has sent me, her champion, to assassinate the Jarl of Solitude using guile, deception, and stealth. | 200: Lord Boethiah has sent me, her champion, to assassinate the Jarl of Solitude using guile, deception, and stealth. I have successfully completed my mission.",50: Assassinate the Jarl of Solitude,200; 50,QF_DA02KillObj_00052795,0:Reference:Elisif,scan-only; exact stage/outcome semantics require dossier review
Skyrim.esm,Skyrim.esm,Skyrim.esm:01A4EA,DA02Post,DA02Post,,MainQuest,0,Daedric\,Daedric/moral-choice candidate,candidate-scan,readback-ok,1,0,,,0,0 [StartUpStage],,0,QF_DA02Post_0001A4EA,0:Reference:NewJarl,scan-only; exact stage/outcome semantics require dossier review
Skyrim.esm,Skyrim.esm,Skyrim.esm:01BFC4,DA03,DA03,A Daedra's Best Friend,Daedric,RunOnce,Daedric\,Daedric/moral-choice candidate,candidate-scan,readback-ok,24,0; 5; 7; 10; 15; 20; 25; 27; 50; 60; 70; 75; 77; 90; 100; 105; 107; 110; 150; 151; 152; 155; 200; 205,200; 205,,,"0 | 5 | 7 | 10 | 15 | 20 | 25: I ran in to a talking dog named Barbas who said he wanted my help. He's waiting outside Haemar's Shame. | 27 | 50: I ran in to a talking dog named Barbas who said he had a falling out with his master and wanted my help. He's waiting outside Haemar's Shame. | 60 | 70: I ran in to a talking dog named Barbas who had a falling out with his master Clavicus Vile. Clavicus has agreed to take Barbas back if Barbas and I retrieve the Rueful Axe. | 75 | 77 | 90 | 100 | 105 | 107 | 110 | 150: I ran in to a talking dog named Barbas who had a falling out with his master Clavicus Vile. I've retrieved the Rueful axe for Clavicus. I can keep the axe if I kill Barbas or I can return the axe, reunite Barbas and Clavicus Vile and receive the Masque of Clavicus Vile. | 151 | 152 | 155: I ran in to a talking dog named Barbas who had a falling out with his master Clavicus Vile. I've retrieved the Rueful Axe for Clavicus who offered me a deal. I decided to kill Barbas and keep the Rueful Axe. | 200: I ran in to a talking dog named Barbas who had a falling out with his master Clavicus Vile. I've retrieved the Rueful Axe for Clavicus who offered me a deal. I decided to reunite Barbas and Vile and received the Masque of Clavicus Vile. | 205",20: Talk with Barbas | 25: Join Barbas outside Haemar's Shame | 50: Travel with Barbas to the shrine of Clavicus Vile | 75: Join Barbas outside Rimerock Burrow | 100: Retrieve the Rueful Axe with Barbas | 105: Join Barbas outside Haemar's Shame | 110: Return to the shrine of Clavicus Vile with Barbas and the Rueful Axe | 150: Give the Rueful Axe to Clavicus Vile OR kill Barbas with the Rueful Axe | 155: Speak to Clavicus Vile,0; 70; 107; 10; 155; 90; 20; 105; 50; 152; 110; 5; 100; 25; 15; 60; 150; 7; 200; 205; 75; 151; 27; 77,QF_DA03_0001BFC4,7:Reference:DA03BarbasMeetTrigger; 0:Reference:Barbas; 1:Reference:ClavicusVile; 9:Reference:ClavicusVilewithBarbas; 10:Reference:ClavicusVilePreQuestStatue; 2:Reference:WizardLeader; 3:Reference:RuefulAxe; 8:Reference:RuefulAxeEnabler; 4:Reference:RimerockBurrowMarker; 5:Reference:HaemarsShameMarker; 6:Reference:DA03BarbasMarker; 11:Reference:HaemarsShameMapMarker; 12:Reference:RimerockBurrowMapMarker; 13:Reference:HaemarsShameQuickExit; 14:Reference:BarbasMoveToSpot,scan-only; exact stage/outcome semantics require dossier review
Skyrim.esm,Skyrim.esm,Skyrim.esm:0D7939,DA03Start,DA03Start,,Misc,273,Daedric\,Daedric/moral-choice candidate,candidate-scan,readback-ok,6,0; 5; 10; 15; 20; 200,20,,,0 | 5: A guard outside Falkreath mentioned the Blacksmith Lod is looking for a Dog and offering a reward. | 10 | 15 | 20 | 200,5: Speak to Lod | 10: Find the Dog outside Falkreath,20; 200; 5; 10; 15,QF_DA03Start_000D7939,7:Reference:ImperialGateGuard1; 8:Reference:ImperialGateGuard2; 9:Reference:SonsGateGuard1; 10:Reference:SonsGateGuard2; 6:Reference:Lod; 11:Reference:DA03Meat; 12:Reference:DA03StartBarbasMeetMarker,scan-only; exact stage/outcome semantics require dossier review
Skyrim.esm,Skyrim.esm,Skyrim.esm:02D512,DA04,DA04,Discerning the Transmundane,Daedric,273,Daedric\,Daedric/moral-choice candidate,candidate-scan,readback-ok,13,1; 5; 10; 20; 30; 35; 40; 50; 55; 60; 100; 105; 200,100,105,,"1 | 5: I've been given a book of bizarre ramblings about Elder Scrolls, written by Septimus Signus. He claims to have spent time at the Winterhold Arcanaeum. | 10: I've learned that Septimus Signus, a preeminent scholar of the Elder Scrolls, is currently living in the far north, studying a dwarven artifact. He might know where I can find an Elder Scroll for Paarthurnax. | 20: I met Septimus Signus, a brilliant but mad scholar living in the northern ice fields. He's directed me to a dwarven observatory that supposedly houses an Elder Scroll. He doesn't care about the Scroll itself, but wants me to use some kind of machine there to inscribe a dwarven lexicon with the Scroll's knowledge and bring it to him. | 30 | 35: I met Septimus Signus and brought him a dwarven lexicon containing the distilled knowledge of an Elder Scroll. With it, he believes he can open the lockbox he's been studying. He will contact me when he has the secret. | 40: I met Septimus Signus and brought him a dwarven lexicon containing the distilled knowledge of an Elder Scroll. With it, he believes he can open the lockbox he's been studying by creating a mixture of blood that will resemble dwarven. I need to collect blood from several different races if I want to help him. | 50 | 55 | 60 | 100: I met a strange hermit named Septimus Signus, who needed the knowledge of an Elder Scroll and a collection of blood to open a dwarven lockbox he had studied for years. I helped him open it. It did not contain what he had expected, but instead a book of great knowledge, the Oghma Infinium. | 105: I met and killed a strange hermit named Septimus Signus, who needed the knowledge of an Elder Scroll and a collection of blood to open a dwarven lockbox he had studied for years. | 200",5: Ask Urag about the insane book | 10: Find Septimus Signus | 20: Transcribe the Lexicon | 30: Give the Lexicon to Septimus | 35: Return to Septimus | 41: Harvest High Elf blood | 42: Harvest Wood Elf blood | 43: Harvest Dark Elf blood | 44: Harvest Falmer blood | 45: Harvest Orc blood | 50: Bring blood to Septimus | 55: Take the Oghma Infinium,35; 40; 5; 10; 1; 20; 60; 50; 200; 30; 105; 100; 55,QF_DA04_0002D512,17:Reference:Urag; 18:Reference:UragEssential; 0:Reference:Septimus; 5:Reference:SeptimusEssential; 1:Reference:ElderScroll; 2:Reference:HermaeusMora; 15:Reference:HermaeusMoraRename; 3:Reference:OghmaInfinium; 6:Reference:Extractor; 7:Reference:ExtractorQuestItem; 8:Reference:LexiconStand; 9:Reference:LexiconCubeBlank; 21:Reference:AtunementSphere; 11:Reference:CubeStorageChest; 10:Reference:LexiconCubeInscribed; 12:Reference:RuminationsQuestItem; 19:Reference:RuminationsBook; 13:Reference:AlftandWorldDoor; 14:Reference:AlftandSecondCellDoor; 22:Reference:AlftandZCellIntDoor; 24:Reference:BlackreachLock; 25:Reference:ActualBlackreachDoor; 26:Reference:TamrielToAlftand; 27:Reference:TowerOfMzarkDoor,scan-only; exact stage/outcome semantics require dossier review
Skyrim.esm,Skyrim.esm,Skyrim.esm:10481C,DA04SeptimusSendForPlayerQuest,DA04SeptimusSendForPlayerQuest,,None,RunOnce,,Daedric/moral-choice candidate,candidate-scan,readback-ok,1,0,,,0,0 [StartUpStage],,0,QF_DA04SeptimusSendForPlayer_0010481C,,scan-only; exact stage/outcome semantics require dossier review
Skyrim.esm,Skyrim.esm,Skyrim.esm:02A49A,DA05,DA05,Ill Met By Moonlight,Daedric,281,Daedric\,Daedric/moral-choice candidate,candidate-scan,readback-ok,14,0; 10; 20; 50; 55; 60; 61; 65; 70; 80; 100; 105; 200; 205,100; 105,205,0,"0 [StartUpStage] | 10: There are stories in Falkreath of a strange vagrant who savagely killed a little girl. | 20: I've met Sinding, a werewolf who the Daedric Lord Hircine has punished by preventing his transformations. He's given me the ring he stole and asked me to entreat Hircine for forgiveness. | 50: I've met Sinding, a werewolf who the Daedric Lord Hircine has punished by preventing his transformations. Hircine has asked me to finish the job and gain his favor by killing Sinding. | 55 | 60 | 61 | 65 | 70: I've met Sinding, a werewolf who the Daedric Lord Hircine has punished by preventing his transformations. I'm going to defend him against the hunters that Hircine has sent to end his life. | 80 | 100: I met Sinding, a werewolf who the Daedric Lord Hircine had punished by preventing his transformations. I helped kill him as a service to Hircine, and have been rewarded with the Savior's Hide. | 105: I met Sinding, a werewolf who the Daedric Lord Hircine had punished by preventing his transformations. I defended him against the hunters that Hircine sent to end his life, and earned his friendship. | 200 | 205",10: Speak to Sinding | 20: Kill the great beast | 50: Begin the hunt | 55: Join the hunt | 60: Kill Sinding | 61: Skin Sinding | 65: Speak with Hircine | 70: Kill the Hunters | 80: Talk to Sinding,70; 80; 10; 60; 200; 20; 105; 50; 205; 61; 100; 55; 65,QF_DA05_0002A49A,0:Reference:Sinding; 30:Reference:SindingGhost; 1:Reference:GlenmorilLeader; 2:Reference:GreatHuntStart; 3:Reference:Hunter 1; 5:Reference:Hunter 2; 6:Reference:Hunter 3; 7:Reference:Hunter 4; 8:Reference:VictimMother; 9:Reference:VictimFather; 10:Reference:Funeralizer; 22:Reference:HircinesRing; 26:Reference:HircinesRingQuestItem; 23:Reference:SkinBox; 25:Reference:SindingSkin; 27:Reference:QuestingBeast; 28:Reference:QuestingBeastGhost; 31:Reference:QuestingBeastTA; 33:Reference:Hunter5; 34:Reference:Hunter6; 40:Reference:Hunter7; 39:Reference:Hunter8; 38:Reference:Hunter9; 37:Reference:Hunter10; 36:Reference:Hunter11; 35:Reference:Hunter12,scan-only; exact stage/outcome semantics require dossier review
Skyrim.esm,Skyrim.esm,Skyrim.esm:0955CF,DA05_dunBloatedMansGrottoQST,DA05_dunBloatedMansGrottoQST,,Misc,0,Dungeons\,Daedric/moral-choice candidate,candidate-scan,readback-ok,25,0; 1; 4; 5; 6; 10; 20; 30; 31; 32; 40; 41; 45; 50; 55; 56; 60; 65; 66; 70; 75; 76; 80; 100; 105,,,10,0 | 1 | 4 | 5 | 6 | 10 [StartUpStage] | 20 | 30 | 31 | 32 | 40 | 41 | 45 | 50 | 55 | 56 | 60 | 65 | 66 | 70 | 75 | 76 | 80 | 100 | 105 [ShutDownStage],,0; 70; 80; 45; 10; 1; 20; 31; 50; 30; 56; 40; 5; 41; 105; 66; 4; 65; 60; 100; 76; 75; 6; 32; 55,QF_dunBloatedMansGrottoQST_000955CF,1:Reference:MainEnableMarker; 2:Reference:StartEnableMarker; 3:Reference:EndEnableMarker; 6:Reference:Sinding; 7:Reference:SindingStartPosition; 19:Reference:SindingMakeFriendsTrigger; 37:Reference:SindingWontLeaveTrigger; 45:Reference:DA05CollisionEnableMarker; 46:Reference:Hunter01_Rissing; 47:Reference:Hunter01_Mazgak; 48:Reference:Hunter01_Tsrasuna; 49:Reference:Hunter02_Eriana; 50:Reference:Hunter02_Torkild; 51:Reference:Hunter02_Yar; 52:Reference:Hunter02_Viding; 53:Reference:Hunter03_Ahjisi; 54:Reference:Hunter03_Heratar; 55:Reference:Hunter03_Thjollod; 56:Reference:Hunter03_Jsava; 57:Reference:Hunter00_JKier,scan-only; exact stage/outcome semantics require dossier review
Skyrim.esm,Skyrim.esm,Skyrim.esm:090CF0,DA05FuneralSpectatorsQuest,DA05FuneralSpectatorsQuest,,None,RunOnce,,Daedric/moral-choice candidate,candidate-scan,readback-ok,0,,,,,,,,,,scan-only; exact stage/outcome semantics require dossier review
Skyrim.esm,Skyrim.esm,Skyrim.esm:05D330,DA05LocationCheck,DA05LocationCheck,,Daedric,AllowRepeatedStages,Daedric\,Daedric/moral-choice candidate,candidate-scan,readback-ok,2,0; 100,,,0,0 [StartUpStage] | 100,,0; 100,QF_DA05LocationCheck_0005D330,1:Location:NewLocation,scan-only; exact stage/outcome semantics require dossier review
Skyrim.esm,Skyrim.esm,Skyrim.esm:03B681,DA06,DA06,The Cursed Tribe,Daedric,RunOnce,Daedric\,Daedric/moral-choice candidate,candidate-scan,readback-ok,15,0; 10; 20; 30; 40; 50; 60; 70; 80; 90; 100; 110; 120; 200; 255,200,255,0,"0 [StartUpStage] | 10: I've heard rumors there's some kind of problem in the Orc settlement of Largashbur, southwest of Riften. | 20 | 30 | 40 | 50: The orcs of Largashbur are besieged by giants, and have been forbidden to leave their stronghold. Atub, the wise woman of the tribe, has asked me to find her Troll Fat and a Daedra Heart so that she may contact Malacath for guidance. | 60 | 70: Malacath has spoken to his followers and expressed disappointment in them. He is angry they allowed his shrine to be desecrated, and has commanded the chieftain of Largashbur, Yamarz, to return to the shrine and reclaim it. | 80: Despite being specifically instructed by Malacath to see to it himself, Yamarz wants my help in defeating the giants that have overrun Fallowstone Cave and the shrine of Malacath. He's promised to pay me in exchange for making sure he arrives there safely. | 90 | 100: After Malacath ordered him to retake the shrine in Fallowstone Cave, Yamarz insisted that I escort him there to make sure he arrived safely. Now he has offered to pay me even more in exchange for killing the giant myself, to which I have agreed. | 110: After escorting Yamarz to Fallowstone Cave and proving myself more worthy, Malacath has commanded me to return to Largashbur and deliver Shagrol's Hammer there. | 120 | 200: The curse placed on the Orcs of Largashbur is lifted. The tribe's leader, Yamarz, was revealed as a shiftless weakling in Malacath's eyes, and I have redeemed his actions by defeating the giant that had taken over the shrine in Fallowstone Cave. Malacath has named Gularzob as the new chief, and has named me his new Champion. | 255",10: Find out what's happening in Largashbur | 50: Bring Troll Fat and a Daedra Heart to Atub | 60: Observe Atub's ritual | 70: Speak with Yamarz | 80: Meet Yamarz at Fallowstone Cave | 90: Protect Yamarz | 100: Defeat the giant | 110: Take Shagrol's Hammer back to Largashbur | 120: Place Shagrol's Hammer on the shrine in Largashbur,0; 40; 80; 120; 10; 90; 255; 20; 60; 50; 200; 30; 110; 100; 70,QF_DA06_0003B681,0:Reference:DA06AtubAlias; 1:Reference:DA06MalacathSpeakerAlias; 2:Reference:DA06YamarzAlias; 3:Reference:DA06GularzobAlias; 5:Reference:DA06UgorAlias; 6:Reference:DA06GiantAlias; 8:Reference:DA06ShagrolAlias; 9:Reference:DA06Gate; 10:Reference:GenOrcWarrior01; 11:Reference:GenOrcWarrior02; 12:Reference:GenOrcWarrior03; 13:Reference:giant01; 15:Reference:StartSceneTrigger; 16:Reference:LobAlias; 17:Reference:GarakhAlias; 18:Reference:GularzobAlias; 19:Reference:OgolAlias; 20:Reference:DA06ShagrolHammerAlias; 21:Reference:DA06StatueAlias; 22:Reference:DA06LargashburShrine; 23:Reference:DungeonMapMarker,scan-only; exact stage/outcome semantics require dossier review
Skyrim.esm,Skyrim.esm,Skyrim.esm:0240B8,DA07,DA07,Pieces of the Past,Daedric,17,Daedric\,Daedric/moral-choice candidate,candidate-scan,readback-ok,25,5; 10; 11; 13; 15; 20; 25; 30; 35; 40; 45; 50; 52; 53; 55; 60; 65; 70; 75; 80; 90; 95; 100; 150; 200,100; 150,200,,"5 | 10: Silus Vesuius, the owner of a museum dedicated to the Mythic Dawn cult, wants to hire me for a job. He'll give me the details inside his house in Dawnstar. | 11 | 13: Silus Vesuius is offering me gold to retrieve the three pieces of Mehrunes' Razor from their current owners. Drascua has the pommel, Ghunzul has the blade shards, and Jorgen has the hilt. | 15 | 20 | 25 | 30 | 35 | 40 | 45 | 50: Silus Vesuius now has all three pieces of Mehrunes' Razor and wants me to help him reforge it at the Shrine of Mehrunes Dagon. | 52 | 53 | 55 | 60 | 65 | 70: Mehrunes Dagon has asked me to kill Silus Vesuius. I will be given the reforged Razor if I succeed. | 75 | 80: I have killed Silus Vesuius for Mehrunes Dagon. I should speak to the Lord of Destruction through his altar. | 90: Mehrunes Dagon has promised to reforge his Razor if I place my hands on his altar. | 95 | 100: Silus is dead and Mehrunes' Razor is mine. | 150: I refused to kill Silus for Mehrunes Dagon. The Razor is forever out of my grasp. | 200: Silus is dead. Whatever plans he had have died with him.",10: Speak to Silus inside his house | 11: Retrieve the pommel of Mehrunes' Razor | 12: Retrieve the blade shards of Mehrunes' Razor | 14: Retrieve the hilt of Mehrunes' Razor | 20: Bring the pommel stone to Silus | 22: Bring the blade shards to Silus | 24: Bring the hilt to Silus | 30: Meet Silus at the Shrine of Mehrunes Dagon | 40: Speak to Mehrunes Dagon | 50: Kill Silus | 60: Speak to Mehrunes Dagon | 70: Reforge Mehrunes' Razor | 75: Claim Mehrunes' Razor,11; 80; 45; 10; 90; 20; 200; 50; 30; 35; 40; 5; 53; 95; 25; 15; 150; 55; 60; 100; 70; 75; 13; 65; 52,QF_DA07_000240B8,1:Reference:Silus; 35:Location:SilusHouse; 46:Reference:SilusDoor; 60:Location:HagRockRedoubt; 36:Location:DeadCroneRock; 58:Location:CrackedTuskKeep; 4:Reference:Drascua; 5:Reference:Ghunzul; 6:Reference:Jorgen; 47:Reference:JorgenChest; 31:Reference:RazorPommel; 29:Reference:RazorBlade; 30:Reference:RazorHilt; 8:Reference:MehrunesRazor; 37:Reference:VoiceofDagon; 38:Reference:RobesCase; 39:Reference:XarxesCase; 40:Reference:CommentariesCase; 41:Reference:RazorCase; 48:Reference:ShrineMapMarker; 50:Reference:DagonSpeaksTrigger; 51:Reference:Altar; 52:Reference:Dremora01; 53:Reference:Dremora02; 54:Reference:DagonDoor; 56:Reference:DagonVoiceMarker; 57:Reference:ReforgeTrigger; 61:Reference:Dremora2Marker; 62:Reference:Dremora1Marker,scan-only; exact stage/outcome semantics require dossier review
Skyrim.esm,Skyrim.esm,Skyrim.esm:0BA1CC,DA07FIN,DA07FIN,,Misc,0,Daedric\,Daedric/moral-choice candidate,candidate-scan,readback-ok,1,10,,,,10,,10,QF_DA07FIN_000BA1CC,,scan-only; exact stage/outcome semantics require dossier review
Skyrim.esm,Skyrim.esm,Skyrim.esm:094D89,DA07intro,DA07intro,,Misc,0,Daedric\,Daedric/moral-choice candidate,candidate-scan,readback-ok,7,0; 5; 7; 10; 15; 200; 250,200,,0,0 [StartUpStage] | 5 | 7 | 10 | 15 | 200 | 250,10: Visit the museum in Dawnstar,0; 7; 5; 250; 10; 15; 200,QF_DA07Intro_00094D89,0:Reference:Silus; 2:Reference:Madena; 3:Reference:HouseDoor; 6:Reference:Container; 1:Reference:Pamphlet,scan-only; exact stage/outcome semantics require dossier review
Skyrim.esm,Skyrim.esm,Skyrim.esm:096FD7,DA07MuseumScenes,DA07MuseumScenes,,None,AllowRepeatedStages,Daedric\,Daedric/moral-choice candidate,candidate-scan,readback-ok,10,10; 15; 20; 25; 30; 35; 40; 45; 50; 55,,,,10 | 15 | 20 | 25 | 30 | 35 | 40 | 45 | 50 | 55,,35; 40; 45; 10; 25; 15; 20; 50; 30; 55,QF_DA07MuseumScenes_00096FD7,0:Reference:Silus,scan-only; exact stage/outcome semantics require dossier review
Skyrim.esm,Skyrim.esm,Skyrim.esm:04A37B,DA08,DA08,The Whispering Door,Daedric,273,Daedric\,Daedric/moral-choice candidate,candidate-scan,readback-ok,11,0; 1; 10; 20; 25; 30; 40; 50; 51; 60; 80,60,,0,"0 [StartUpStage] | 1 | 10: Balgruuf the Greater, Jarl of Whiterun, has a troubled child. He's asked me to help the boy. | 20 | 25: Mephala, the Lady of Whispers, has tasked me with releasing the Ebony Blade from its prison. | 30 | 40 | 50 | 51 | 60: I have received Mephala's Ebony Blade, but it lacks its legendary powers. To restore it, I must use it to slay those who are close to me. | 80: I have restored Mephala's Ebony Blade to its full potential.",10: Find out what's wrong with Nelkir | 20: Listen to the whispering door | 25: Speak to Nelkir | 30: Obtain the key to the whispering door | 40: Open the whispering door | 50: Retrieve the Ebony Blade,0; 40; 10; 1; 20; 60; 60; 50; 30; 25; 51,QF_DA08_0004A37B,0:Reference:Nelkir; 1:Reference:WhisperingDoor; 2:Reference:WhisperingDoorTA; 10:Reference:Karinda; 15:Reference:KarindaEssential; 3:Reference:Balgruuf; 14:Reference:BalgruufEssential; 11:Reference:Farengar; 4:Reference:EbonyBlade; 12:Reference:EbonyBladeQuestItem; 5:Reference:Frothar; 6:Reference:Dagny; 7:Reference:MephalaInYourHead; 8:Reference:WhisperingDoorName; 9:Reference:MysteriousDoorName,scan-only; exact stage/outcome semantics require dossier review
Skyrim.esm,Skyrim.esm,Skyrim.esm:10FAEC,DA08EbonyBladeTracking,DA08EbonyBladeTracking,,None,0,Daedric\,Daedric/moral-choice candidate,candidate-scan,readback-ok,0,,,,,,,,,0:Reference:MephalaInYourHead,scan-only; exact stage/outcome semantics require dossier review
Skyrim.esm,Skyrim.esm,Skyrim.esm:10FAEE,DA08FriendKill,DA08FriendKill,,None,0,Daedric\,Daedric/moral-choice candidate,candidate-scan,readback-ok,1,0,,,0,0 [StartUpStage],,0,QF_DA08FriendKill_0010FAEE,,scan-only; exact stage/outcome semantics require dossier review
Skyrim.esm,Skyrim.esm,Skyrim.esm:0DC9E0,DA08RumorPointer,DA08RumorPointer,,Misc,RunOnce,,Daedric/moral-choice candidate,candidate-scan,readback-ok,3,0; 10; 20,,,0,0 [StartUpStage] | 10 | 20,10: Ask about Balgruuf's strange children,20; 10,QF_DA08RumorPointer_000DC9E0,0:Reference:Balgruuf,scan-only; exact stage/outcome semantics require dossier review
Skyrim.esm,Skyrim.esm,Skyrim.esm:04E4E1,DA09,DA09,The Break of Dawn,Daedric,RunOnce,Daedric\,Daedric/moral-choice candidate,candidate-scan,readback-ok,12,0; 1; 50; 100; 150; 200; 300; 350; 400; 410; 450; 500,500,,0,"0 [StartUpStage] | 1 | 50: An otherworldly voice coming from Mount Kilkreath is commanding me to find a beacon and return it. | 100: I've found a strange gem. An otherworldly voice is commanding me to bring it to Mount Kilkreath. | 150 | 200 | 300: Meridia has commanded me to enter Kilkreath Ruins, destroy Malkoran, and retrieve the artifact Dawnbreaker. I will need to guide a beam of light through the ruins which will open the way for me. | 350 | 400 | 410 | 450 | 500: I have entered Kilkreath Ruins, destroyed Malkoran, and retrieved the artifact Dawnstar, which Meridia has bestowed upon me for my service.",5: Find Meridia's beacon | 10: Bring Meridia's beacon to Mount Kilkreath | 15: Replace the beacon | 20: Guide Meridia's Light through the temple | 30: Destroy Malkoran | 40: Retrieve Dawnbreaker,0; 300; 400; 100; 1; 350; 410; 150; 200; 50; 450; 500,QF_DA09_0004E4E1,0:Reference:Meridia; 10:Location:GemContainerLocation; 9:Reference:GemContainer; 25:Reference:GemMapMarker; 12:Reference:xMarkerVoice; 1:Reference:Gem; 4:Reference:GemStatic; 3:Reference:Statue; 5:Reference:dragonPriest; 13:Reference:FalkreathMapMarker; 14:Reference:TempleExteriorTrigger; 15:Reference:StatueTrigger; 16:Reference:BeamSky; 17:Reference:Dawnsbreaker; 18:Reference:Pedestal; 19:Reference:SkySceneStartMarker; 22:Reference:FrontDoor; 24:Reference:Cell1Exit; 21:Reference:QuestTargetHelperTrigger; 20:Reference:BossTrigger,scan-only; exact stage/outcome semantics require dossier review
Skyrim.esm,Skyrim.esm,Skyrim.esm:081C59,DA09ChangeLocation,DA09ChangeLocation,,None,0,Daedric\,Daedric/moral-choice candidate,candidate-scan,readback-ok,1,0,,,0,0 [StartUpStage],,0,QF_DA09ChangeLocation_00081C59,0:Location:Location; 1:Reference:BossContainer; 2:Reference:Gem; 3:Reference:MapMarker,scan-only; exact stage/outcome semantics require dossier review
Skyrim.esm,Skyrim.esm,Skyrim.esm:022F08,DA10,DA10,The House of Horrors,Daedric,0,Daedric\,Daedric/moral-choice candidate,candidate-scan,readback-ok,33,0; 3; 10; 15; 17; 20; 25; 30; 32; 35; 36; 37; 38; 40; 45; 65; 70; 72; 74; 76; 80; 85; 90; 92; 95; 100; 110; 120; 130; 140; 200; 500; 550,200,500; 550,,"0 | 3 | 10: Tyranus, a Vigilant of Stendarr, is investigating an old, abandoned house in Markarth. He believes it was once a site of Daedric worship. | 15 | 17 | 20 | 25 | 30 | 32 | 35 | 36 | 37 | 38 | 40 | 45 | 65 | 70 | 72 | 74 | 76 | 80: I have met Molag Bal, the Lord of Domination. He has asked me to cleanse his altar in the abandoned house in Markarth by luring a priest of Boethiah to him. | 85 | 90 | 92 | 95 | 100 | 110 | 120 | 130 | 140 | 200: Logrolf is dead, and the Mace of Molag Bal is mine. | 500: Tyranus is dead. Whatever investigation he had in mind ended with him. | 550: Logrolf is dead. Whatever plans Molag Bal had for him are over now.",10: Search the abandoned house | 20: Find your reward | 30: Find the priest of Boethiah | 35: Free Logrolf | 40: Go to the abandoned house | 50: Beat Logrolf into submission | 60: Kill Logrolf | 70: Speak to Molag Bal,0; 140; 76; 90; 500; 20; 37; 85; 40; 72; 100; 25; 15; 65; 74; 92; 70; 38; 45; 10; 36; 30; 3; 110; 120; 95; 550; 17; 35; 130; 200; 32; 80,QF_DA10_00022F08,39:Location:MarkarthLocation; 40:Reference:MarkarthCenterMarker; 37:Location:Dungeon; 38:Reference:CaptiveMarker; 0:Reference:Logrolf; 21:Reference:Tyranus; 23:Location:AbandonedHouse; 5:Reference:MaceOfMolagBal; 7:Reference:RustyMace; 18:Reference:Yngvar; 20:Reference:MolagBalVoiceMarker; 24:Reference:MainDoor; 25:Reference:BasementDoor; 31:Reference:PlayerRustyMaceChest; 30:Reference:PlayerRustyMace; 36:Reference:AltarofMolagBal; 41:Reference:DA10ReanimateCasterRef; 43:Reference:MolagBalFinalTalking; 44:Reference:MapMarker; 45:Reference:RustyMaceStatic; 46:Reference:RustyMaceTriggerREF; 48:Reference:RustyMaceIntRef; 47:Reference:Altar,scan-only; exact stage/outcome semantics require dossier review
Skyrim.esm,Skyrim.esm,Skyrim.esm:028D34,DA10FIN,DA10FIN,The House of Horrors,None,0,Daedric\,Daedric/moral-choice candidate,candidate-scan,readback-ok,0,,,,,,,,,,scan-only; exact stage/outcome semantics require dossier review
Skyrim.esm,Skyrim.esm,Skyrim.esm:02BB38,DA10HauntingController,DA10HauntingController,,MainQuest,AllowRepeatedStages,Daedric\,Daedric/moral-choice candidate,candidate-scan,readback-ok,11,0; 10; 20; 30; 40; 50; 60; 70; 80; 90; 100,,,0,0 [StartUpStage] | 10 | 20 | 30 | 40 | 50 | 60 | 70 | 80 | 90 | 100,,0; 40; 80; 10; 90; 20; 60; 50; 30; 70; 100,QF_DA10HauntingController_0002BB38,0:Location:LogrolfsHouseLoc; 1:Reference:Item01; 3:Reference:Item02; 5:Reference:Item03; 6:Reference:Item04; 7:Reference:Item05; 8:Reference:Item06; 9:Reference:Item07; 10:Reference:Item08; 11:Reference:Item09; 12:Reference:Item10; 13:Reference:Item11; 14:Reference:Item12; 15:Reference:Item13; 16:Reference:Item14; 17:Reference:Item15; 26:Reference:BasementItem01; 27:Reference:BasementItem02; 30:Reference:BasementItem03; 29:Reference:BasementItem04; 28:Reference:BasementItem05; 33:Reference:BedroomItem01; 19:Reference:QuestLightParent; 24:Reference:NonQuestLightParent; 31:Reference:BasementLightParent; 32:Reference:DoorToSlam; 25:Reference:witchHunter; 34:Reference:ChairEnableMarker,scan-only; exact stage/outcome semantics require dossier review
Skyrim.esm,Skyrim.esm,Skyrim.esm:0DC53C,DA10MiscObjective,DA10MiscObjective,,Misc,17,Daedric\,Daedric/moral-choice candidate,candidate-scan,readback-ok,2,10; 20,,,,10 | 20,10: Speak to the witchhunter about the abandoned house,20; 10,QF_DA10MiscObjective_000DC53C,0:Reference:Tyranus,scan-only; exact stage/outcome semantics require dossier review
Skyrim.esm,Skyrim.esm,Skyrim.esm:02C358,DA11,DA11,The Taste of Death,Daedric,17,Daedric\,Daedric/moral-choice candidate,candidate-scan,readback-ok,17,0; 5; 10; 15; 20; 30; 40; 45; 50; 60; 70; 100; 200; 225; 250; 500; 600,100,250; 500,,"0 | 5 | 10: Eola in Markarth wants me to join her in worshipping Namira, the Lady of Decay, by feasting on the flesh of the dead. She has something planned inside Reachcliff Cave. | 15 | 20 | 30: Eola wants me to lure Brother Verulus to the Shrine of Namira, so that her coven of cannibals can feast on his flesh. | 40 | 45 | 50 | 60: Brother Verulus is dead, and I've been asked to feast on his dead body to complete my initiation into Namira's coven. | 70 | 100: I have feasted on the body of Brother Verulus and have been rewarded with Namira's Ring. | 200 | 225 | 250: I killed Eola. Whatever she could have offered me was lost when she died. | 500: I killed Brother Verulus outside of the shrine of Namira's presence. The cannabilistic ritual to gain Namira's blessing has failed. | 600",10: Clear the Draugr from Reachcliff Cave | 20: Speak to Eola | 30: Convince Verulus to follow you | 40: Lead Verulus to the Shrine of Namira | 50: Kill Verulus | 60: Feast on Verulus,70; 40; 5; 600; 10; 100; 15; 500; 20; 60; 50; 200; 30; 225; 250; 45,QF_DA11_0002C358,0:Reference:Glooredhel; 7:Reference:BrotherVerulus; 29:Location:HalloftheDead; 15:Location:ReachcliffCave; 14:Reference:HalloftheDeadCenterMarker; 6:Reference:ShrineofNamira; 10:Reference:ReachcliffCaveCenter; 17:Reference:DraugrBoss; 25:Reference:NamiraShrineRoomTrigger; 26:Reference:ShrineDoor; 27:Reference:VoiceofNamira; 33:Reference:Lisbet; 34:Reference:Hogni; 35:Reference:Banning; 37:Reference:Cultist01; 38:Reference:Cultist02; 39:Reference:ReachcliffEntrance; 40:Reference:MarkarthDoor; 41:Reference:SecretExit,scan-only; exact stage/outcome semantics require dossier review
Skyrim.esm,Skyrim.esm,Skyrim.esm:0A7242,DA11ConvoEolaBanning,DA11ConvoEolaBanning,,None,0,,Daedric/moral-choice candidate,candidate-scan,readback-ok,0,,,,,,,,,0:Reference:Actor1; 1:Reference:Actor2; 2:Reference:Eola; 3:Reference:Banning,scan-only; exact stage/outcome semantics require dossier review
Skyrim.esm,Skyrim.esm,Skyrim.esm:0A71AC,DA11ConvoEolaHogni,DA11ConvoEolaHogni,,None,0,,Daedric/moral-choice candidate,candidate-scan,readback-ok,0,,,,,,,,,0:Reference:Actor1; 1:Reference:Actor2; 2:Reference:Eola; 3:Reference:Hogni,scan-only; exact stage/outcome semantics require dossier review
Skyrim.esm,Skyrim.esm,Skyrim.esm:0A7240,DA11ConvoEolaLisbet,DA11ConvoEolaLisbet,,None,0,,Daedric/moral-choice candidate,candidate-scan,readback-ok,0,,,,,,,,,0:Reference:Actor1; 1:Reference:Actor2; 2:Reference:Eola; 3:Reference:Lisbet,scan-only; exact stage/outcome semantics require dossier review
Skyrim.esm,Skyrim.esm,Skyrim.esm:0A71A7,DA11ConvoHogniBanning,DA11ConvoHogniBanning,,None,0,,Daedric/moral-choice candidate,candidate-scan,readback-ok,0,,,,,,,,,0:Reference:Actor1; 1:Reference:Actor2; 2:Reference:Hogni; 3:Reference:Banning,scan-only; exact stage/outcome semantics require dossier review
Skyrim.esm,Skyrim.esm,Skyrim.esm:0A71A9,DA11ConvoHogniLisbet,DA11ConvoHogniLisbet,,None,0,,Daedric/moral-choice candidate,candidate-scan,readback-ok,0,,,,,,,,,0:Reference:Actor1; 1:Reference:Actor2; 2:Reference:Lisbet; 3:Reference:Hogni,scan-only; exact stage/outcome semantics require dossier review
Skyrim.esm,Skyrim.esm,Skyrim.esm:0A7185,DA11ConvoLisbetBanning,DA11ConvoLisbetBanning,,None,0,,Daedric/moral-choice candidate,candidate-scan,readback-ok,0,,,,,,,,,0:Reference:Actor1; 1:Reference:Actor2; 2:Reference:Lisbet; 3:Reference:Banning,scan-only; exact stage/outcome semantics require dossier review
Skyrim.esm,Skyrim.esm,Skyrim.esm:0A0D26,DA11DialogueReachcliff,DA11DialogueReachcliff,,None,17,,Daedric/moral-choice candidate,candidate-scan,readback-ok,0,,,,,,,,,,scan-only; exact stage/outcome semantics require dossier review
Skyrim.esm,Skyrim.esm,Skyrim.esm:04D217,DA11FIN,DA11FIN,,None,0,Daedric\,Daedric/moral-choice candidate,candidate-scan,readback-ok,2,10; 20,,,,10 | 20,,20; 10,QF_DA11FIN_0004D217,21:Reference:Verulus,scan-only; exact stage/outcome semantics require dossier review
Skyrim.esm,Skyrim.esm,Skyrim.esm:07D950,DA11HallScene,DA11HallScene,,None,0,Daedric\,Daedric/moral-choice candidate,candidate-scan,readback-ok,1,10,,,,10,,10,QF_DA11HalloftheDeadSceneQues_0007D950,1:Reference:Glooredhel; 2:Reference:LOSMarker01; 3:Reference:LOSMarker02; 4:Reference:ShrineofArkay; 5:Reference:TalkMarker; 6:Reference:Player,scan-only; exact stage/outcome semantics require dossier review
Skyrim.esm,Skyrim.esm,Skyrim.esm:07D949,DA11Intro,DA11Intro,Investigate the Hall of the Dead,Misc,0,Daedric\,Daedric/moral-choice candidate,candidate-scan,readback-ok,7,0; 5; 10; 12; 15; 20; 200,20; 200,,0,0 [StartUpStage] | 5 | 10 | 12 | 15 | 20 | 200,5: Speak to Verulus about the Hall of the Dead | 10: Investigate the Hall of the Dead | 15: Tell Verulus the Hall of the dead is safe,0; 200; 5; 10; 20; 15; 12,QF_DA11Favor_0007D949,17:Reference:Questgiver; 18:Reference:HalloftheDead; 22:Reference:Glooredhel,scan-only; exact stage/outcome semantics require dossier review
Skyrim.esm,Skyrim.esm,Skyrim.esm:0AEC22,DA11IntroScene,DA11IntroScene,DA11IntroScene,Misc,0,Dialogue\The Reach\Markarth\UniqueScenes\,Daedric/moral-choice candidate,candidate-scan,readback-ok,3,10; 15; 100,100,,,10 | 15 | 100 [ShutDownStage],,10; 15; 100,QF_DA11IntroScene_000AEC22,6:Reference:Thongvor; 7:Reference:Verulus,scan-only; exact stage/outcome semantics require dossier review
Skyrim.esm,Skyrim.esm,Skyrim.esm:08998D,DA13,DA13,The Only Cure,Daedric,0,Daedric\,Daedric/moral-choice candidate,candidate-scan,readback-ok,17,0; 1; 5; 10; 11; 15; 20; 21; 30; 31; 40; 45; 50; 75; 80; 81; 100,100,,,"0 | 1 | 5 | 10: A Khajiit named Kesh has offered to help me commune with Peryite. He asked me to acquire a deathbell flower, flawless ruby, silver ingot and some vampire dust. | 11 | 15 | 20 | 21: There is a fuming incense at the wilderness shrine to Peryite. Inhaling this is supposed to help me commune with the Daedric Prince. | 30 | 31 | 40: The Daedric Prince Peryite has solicited me to kill an elf named Orchendor. | 45 | 50 | 75: I have killed Orchendor, as instructed by Peryite. | 80 | 81 | 100",11: Obtain some Vampire Dust | 12: Obtain a Deathbell Flower | 13: Obtain a Silver Ingot | 14: Obtain a Flawless Ruby | 15: Deliver the Ingredients | 20: Inhale the fumes | 40: Kill Orchendor | 75: Report Orchendor's death to Peryite,10; 11; 5; 45; 100; 1; 15; 81; 20; 31; 50; 80; 30; 21; 75; 40,QF_DA13_0008998D,0:Reference:Kesh; 2:Reference:Player; 3:Reference:KeshRitualMarker; 4:Reference:Peryite; 5:Reference:HallucinatedSkeeverMarker; 6:Reference:Orchendor; 7:Reference:Inhalant; 8:Reference:Skeever01; 9:Reference:Skeever02; 10:Reference:Skeever03; 11:Reference:BthardamzBlockingVines,scan-only; exact stage/outcome semantics require dossier review
Skyrim.esm,Skyrim.esm,Skyrim.esm:0BEDEC,Da13Intro,Da13Intro,,Misc,RunOnce,,Daedric/moral-choice candidate,candidate-scan,readback-ok,3,0; 1; 100,,,1,0 | 1 [StartUpStage] | 100 [ShutDownStage],0: Find Kesh at the Peryite Shrine,100; 1,QF_Da13Intro_000BEDEC,0:Reference:Kesh,scan-only; exact stage/outcome semantics require dossier review
Skyrim.esm,Skyrim.esm,Skyrim.esm:01BB9B,DA14,DA14,A Night To Remember,Daedric,RunOnce,Daedric\,Daedric/moral-choice candidate,candidate-scan,readback-ok,21,0; 5; 10; 20; 30; 40; 50; 75; 84; 85; 100; 110; 115; 125; 130; 135; 150; 165; 175; 185; 200,200,,,"0 | 5: I have awoken in the Temple Of Dibella in Markarth. Sam and the staff he promised me have disappeared. | 10: I have awoken in the Temple Of Dibella in Markarth. Sam and the staff he promised me have disappeared. I have no idea how I got here but a priestess has told me I trashed the Temple. The priestess might tell me what happened to Sam and the staff if I pick up the place. | 20 | 30: I have awoken in the Temple Of Dibella in Markarth. Sam and the staff he promised me have disappeared. I have no idea how I got here but a priestess has told me I trashed the Temple. I have cleaned up the Temple, if I apologize to the priestess she might tell me what happened to Sam and the staff. | 40: I have awoken from a night of debauchery with no idea what happened. Sam and the staff he promised me have disappeared. The priestesses of Dibella have told me to ask about Sam in Rorikstead. | 50: I have awoken from a night of debauchery with no idea what happened. Sam and the staff he promised me have disappeared. Ennis in Rorikstead will tell me more about what happened once I return the goat I stole from him. | 75: I have awoken from a night of debauchery with no idea what happened. Sam and the staff he promised me have disappeared. Ennis in Rorikstead will tell me more about what happened once I return the goat I stole from him. | 84 | 85: I have awoken from a night of debauchery with no idea what happened. Sam and the staff he promised me have disappeared. A note of debt I gave to Ennis in Rorikstead has directed me to Ysolda in Whiterun, she might be able to direct me to Sam. | 100: I have awoken from a night of debauchery with no idea what happened. Sam and the staff he promised me have disappeared. Ysolda in Whiterun will give me more information about Same once I return the ring I borrowed from her to give to someone in Witchmist Grove. | 110 | 115: I have awoken from a night of debauchery with no idea what happened. Sam and the staff he promised me have disappeared. Ysolda in Whiterun will give me more information about Same once I return the ring I borrowed from her to give to a hagraven Witchmist Grove. | 125 | 130 | 135: I have awoken from a night of debauchery with no idea what happened. Sam and the staff he promised me have disappeared. Ysolda in Whiterun has told me to look for Sam in Morvunskar. | 150 | 165 | 175 | 185 | 200: ""Sam"" turned out to be the daedric prince of debauchery, Sanguine. He spurred me on during a drunken night of revelry that crossed all of Skyrim. I've acquired the Sanguine Rose for my troubles.",10: Find Sam Guevenne | 12: Find the Staff | 20: Help clean up the Temple of Dibella | 30: Apologize to the priestesses of Dibella | 40: Ask about Sam and the staff in Rorikstead | 50: Find Gleda the Goat | 75: Bring Gleda the Goat back to Ennis in Rorikstead | 85: Talk to Ysolda in Whiterun about the staff | 100: Find the wedding ring in Witchmist Grove | 115: Take the wedding ring | 125: Return the wedding ring to Ysolda in Whiterun | 135: Head to Morvunskar | 150: Search Morvunskar for Sam and the Staff,0; 125; 135; 10; 20; 200; 50; 30; 130; 40; 5; 175; 100; 84; 165; 150; 115; 75; 110; 85; 185,QF_DA14_0001BB9B,25:Reference:DA14PlayerAwakenMarker; 26:Reference:DA14PriestessAwakenMarker; 37:Reference:DA14Senna; 27:Reference:DA14Priestess2AwakenMarker; 28:Reference:DA14GiantsClub; 29:Reference:DA14HolyWater; 30:Reference:DA14NoteFromSam; 31:Reference:DA14Wine; 2:Reference:DA14Ennis; 12:Reference:DA14GiantAlias; 3:Reference:DA14SammyAlias; 4:Reference:DA14YsoldaAlias; 7:Reference:DA14HagravenAlias; 24:Reference:DA14WeddingRing; 5:Reference:DA14Samwell; 11:Reference:SanguineRose; 14:Reference:DA14BrokenStaff; 9:Reference:DA14Sanguine; 32:Reference:DA14MorvunskarQuestTarget; 41:Reference:DA14MorvunskarEntrance; 34:Reference:DA14InnMarker; 35:Reference:DA14SamEndMarker; 36:Reference:DA14SanguinesRealmEnabler; 38:Reference:DA14RoricksteadMapmarker; 39:Reference:DA14MorvunskarMapMarker; 40:Reference:DA14WitchmistGroveMapMarker,scan-only; exact stage/outcome semantics require dossier review
Skyrim.esm,Skyrim.esm,Skyrim.esm:03FA17,DA14Start,DA14Start,,Misc,AllowRepeatedStages,Daedric\,Daedric/moral-choice candidate,candidate-scan,readback-ok,7,10; 20; 30; 40; 50; 60; 70,70,,10,10 [StartUpStage] | 20 | 30 | 40 | 50 | 60 | 70,20: Participate in a drinking contest with Sam Guenvere,20; 40; 50; 10; 30; 60; 70,QF_DA14Start_0003FA17,0:Location:EventLocation; 1:Reference:TownCenterMarker; 4:Location:InnLocation; 2:Reference:InnMarker; 5:Reference:DA14StartSamwellPackageMarker; 6:Reference:DA14StartSamwell,scan-only; exact stage/outcome semantics require dossier review
Skyrim.esm,Skyrim.esm,Skyrim.esm:02AC68,DA15,DA15,The Mind of Madness,Daedric,273,Daedric\,Daedric/moral-choice candidate,candidate-scan,readback-ok,14,0; 10; 20; 30; 40; 45; 50; 55; 90; 95; 100; 150; 190; 200,200,,,"0 | 10: Dervenin wants me to talk to his master about returning from vacation. To do so, I need to gain entrance to the Pelagius Wing of the Blue palace. | 20 | 30 | 40 | 45 | 50: Dervenin wants me to talk to his master about returning from vacation. His master should be somewhere in the Pelagius Wing of the Blue Palace. | 55 | 90 | 95 | 100: Dervenin wants his master Sheogorath to return from vacation. I have tracked Sheogorath and been transported by him in to Pelagius's mind. If I can find a way to home Sheogorath has promised to return home as well. | 150 | 190 | 200: I have helped Dervenin by convincing his master Sheogorath to return from vacation inside the mind of Pelagius. Sheogorath has rewarded me with the Wabbajack for my troubles.",10: Gain access to the Pelagius Wing of the Blue Palace | 45: Use the key to gain access to the Pelagius Wing | 50: Search for Dervenin's master in the Pelagius Wing | 100: Use the Wabbajack to escape from Pelagius's Mind | 150: Escape from the Blue Palace,0; 40; 45; 10; 90; 55; 190; 50; 200; 30; 150; 100; 95,QF_DA15_0002AC68,1:Reference:Dervenin; 2:Reference:Pelagius; 3:Reference:Sheogorath; 4:Reference:Doorway; 6:Reference:HipBone; 7:Reference:DA15BluePalaWingStartMarker; 8:Reference:DA15BluePalacWorldTrigger; 9:Reference:DA15BluePalaceReturnMarker; 10:Reference:DA15ParanoiaQT; 11:Reference:DA15LoathingQT; 12:Reference:DA15TerrorQT; 13:Reference:Wabbajack; 14:Reference:PelagiusKey; 15:Reference:Falk; 16:Reference:Una; 17:Reference:Erdi,scan-only; exact stage/outcome semantics require dossier review
Skyrim.esm,Skyrim.esm,Skyrim.esm:0B3B44,DA15Loathing,DA15Loathing,,None,0,,Daedric/moral-choice candidate,candidate-scan,readback-ok,6,0; 10; 20; 30; 40; 200,,,,0 | 10 | 20 | 30 | 40 | 200,,0; 40; 10; 200; 30; 20,QF_DA15Loathing_000B3B44,0:Reference:LoathingIntroTrigger; 1:Reference:LoathingExplainTrigger; 2:Reference:blocker; 3:Reference:Sheogorath,scan-only; exact stage/outcome semantics require dossier review
Skyrim.esm,Skyrim.esm,Skyrim.esm:0B3B1C,DA15Paranoia,DA15Paranoia,,None,0,,Daedric/moral-choice candidate,candidate-scan,readback-ok,6,0; 10; 20; 30; 40; 200,,,,0 | 10 | 20 | 30 | 40 | 200,,0; 40; 10; 200; 30; 20,QF_DA15Paranoia_000B3B1C,0:Reference:ParanoiaIntroTrigger; 1:Reference:ParanoiaExplainTrigger; 2:Reference:Sheogorath; 3:Reference:blocker,scan-only; exact stage/outcome semantics require dossier review
Skyrim.esm,Skyrim.esm,Skyrim.esm:10FF8F,DA15Return,DA15Return,,None,0,,Daedric/moral-choice candidate,candidate-scan,readback-ok,3,0; 10; 200,,,,0 | 10 | 200,,0; 200; 10,QF_DA15Return_0010FF8F,5:Reference:DA15BluePalaceReturnMarker,scan-only; exact stage/outcome semantics require dossier review
Skyrim.esm,Skyrim.esm,Skyrim.esm:0D7897,DA15Rumor,DA15Rumor,,Misc,17,,Daedric/moral-choice candidate,candidate-scan,readback-ok,3,0; 10; 20,,,,0 | 10 | 20,10: Investigate the man wandering the streets near the Bards College,20; 10,QF_DA15Rumor_000D7897,0:Reference:Dervenin,scan-only; exact stage/outcome semantics require dossier review
Skyrim.esm,Skyrim.esm,Skyrim.esm:0B3B1D,DA15Terror,DA15Terror,,None,0,,Daedric/moral-choice candidate,candidate-scan,readback-ok,6,0; 10; 20; 30; 40; 200,,,,0 | 10 | 20 | 30 | 40 | 200,,0; 40; 10; 200; 30; 20,QF_DA15Terror_000B3B1D,0:Reference:TerrorIntroTrigger; 1:Reference:TerrorExplainTrigger; 2:Reference:Sheogorath; 3:Reference:blocker; 5:Reference:NightmarePelagius,scan-only; exact stage/outcome semantics require dossier review
Skyrim.esm,Skyrim.esm,Skyrim.esm:09B248,DA15WabbajackQST,DA15WabbajackQST,,None,17,Test\,Daedric/moral-choice candidate,candidate-scan,readback-ok,5,10; 20; 100; 200; 255,100,200,10,10 [StartUpStage] | 20 | 100 | 200 | 255,,,,,scan-only; exact stage/outcome semantics require dossier review
Skyrim.esm,Skyrim.esm,Skyrim.esm:0242AF,DA16,DA16,Waking Nightmare,Daedric,4369,Daedric\,Daedric/moral-choice candidate,candidate-scan,readback-ok,34,0; 5; 10; 20; 22; 25; 28; 30; 40; 50; 60; 70; 80; 90; 100; 110; 120; 140; 145; 148; 150; 155; 160; 170; 180; 190; 191; 192; 195; 196; 197; 198; 199; 200,200,,,"0 | 5 | 10 | 20: I've overheard two citizens of Dawnstar complaining about horrible nightmares. They seem to be relying on a priest of Mara named Erandur for assistance. | 22 | 25: Erandur has assured me he can end the nightmares, the source of which seems to be within Nightcaller Temple, a place of worship for Vaermina. I have agreed to assist him in this endeavor and we are now on our way. | 28 | 30 | 40 | 50: Erandur has revealed that Nightcaller Temple contains the legendary Skull of Corruption, an artifact of great power. In order to end the nightmares, we must breach the inner sanctum and allow Erandur to perform a ritual on the Skull which will render it inert. | 60 | 70 | 80 | 90: From a tome obtained in the temple's library, Erandur has discovered a way to breach the inner sanctum. By obtaining a special liquid, we'll be able to perform a Dreamstride... travel a distance using another subject's dreams. | 100 | 110 | 120 | 140: With Vaermina's Torpor in hand, I am ready to undergo the Dreamstride. I must drink the liquid which will enable me to enter the dreams of those who still slumber within these walls and use them to breach the inner sanctum. | 145 | 148 | 150: I've found myself within the dreams of a priest of Vaermina. I am experiencing the Orc invasion of the temple over a decade ago. In the guise of the priest, I've been tasked with releasing the Miasma and placing everyone inside the temple in a deep sleep. | 155 | 160 | 170 | 180: After awakening from the Dreamstride, I was able to remove the barrier to the inner sanctum. I must now follow Erandur to the Skull of Corruption so it can be rendered inert. | 190 | 191 | 192 | 195 | 196 | 197: I've heard the words of the goddess Vaermina, who claims that Erandur will kill me after the ritual to destroy the Skull of Corruption is complete. I must make a choice; either allow Erandur to complete the ritual and destroy the Skull, or kill Erandur and wield the Skull of Corruption as my own. | 198 | 199 | 200: I've made my decision, and allowed Erandur to live. The Skull of Corruption has been destroyed and Erandur has offered his services as a companion if I should ever need his assistance.","20: Speak to Erandur | 25: Follow Erandur to Nightcaller Temple | 28: Speak to Erandur | 30: Follow Erandur | 40: Follow Erandur to the Library | 50: Speak to Erandur | 55: Locate ""The Dreamstride"" | 57: Speak to Erandur | 60: Follow Erandur to the Laboratory | 65: Speak to Erandur | 70: Locate Vaermina's Torpor | 80: Speak to Erandur | 100: Drink Vaermina's Torpor | 110: Release the Miasma | 120: Disable the Magical Barrier | 130: Speak to Erandur | 140: Follow Erandur to the Skull of Corruption | 150: Defeat Veren and Thorek | 160: Speak to Erandur | 165: Wait for Erandur to dispel the barrier | 170: Murder Erandur | 180: Allow Erandur to complete his ritual | 190: Take the Skull of Corruption | 200: Speak to Erandur",0; 145; 22; 160; 90; 20; 191; 180; 196; 100; 25; 60; 198; 170; 80; 10; 155; 28; 195; 190; 50; 30; 110; 5; 148; 197; 150; 200; 200; 200; 40; 70; 192; 140; 120; 199,QF_DA16_000242AF,36:Location:DA16NightcallerLocationAlias; 0:Reference:ErandurAlias; 2:Reference:ThorekAlias; 3:Reference:VerenAlias; 14:Reference:SkullAlias; 18:Reference:IrgnirAlias; 19:Reference:FrukiAlias; 20:Reference:BarrierGemAlias; 23:Reference:MiasmaLeverAlias; 26:Reference:DA16TorporAlias; 46:Reference:DA16TorporQuestItemAlias; 27:Reference:DA16AlchemyTomeAlias; 28:Reference:DA16LibraryMarkerAlias; 30:Reference:DA16LabMarkerAlias; 31:Reference:DA16SkullPedestal; 32:Reference:DA16ErandurMarkerAlias; 42:Reference:DA16ThoringAlias; 37:Reference:DA16Spectator01Alias; 38:Reference:DA16Spectator02Alias; 39:Reference:DA16Spectator03Alias; 40:Reference:DA16Spectator04Alias; 44:Reference:DA16VerenAmbushAlias; 45:Reference:DA16ThorekAmbushAlias; 47:Reference:DA16PointerAlias,scan-only; exact stage/outcome semantics require dossier review
Skyrim.esm,Skyrim.esm,Skyrim.esm:0E16CC,DA16MiniScenes,DA16MiniScenes,Waking Nightmare Mini-Scenes,None,17,Daedric\,Daedric/moral-choice candidate,candidate-scan,readback-ok,0,,,,,,,,,48:Reference:DA16VaerminaAlias; 53:Location:DA16LocationAlias; 52:Reference:DA16MaleSlyPriestAlias; 54:Reference:DA16MaleWarPriestAlias; 55:Reference:DA16FemaleConPriestAlias; 56:Reference:DA16BarrierPriest,scan-only; exact stage/outcome semantics require dossier review
Skyrim.esm,Skyrim.esm,Skyrim.esm:1093CF,DA16SkullHandler,DA16SkullHandler,Skull of Corruption Handler Quest,None,0,Daedric\,Daedric/moral-choice candidate,candidate-scan,readback-ok,1,10,,,,10,,10,QF_DA16SkullHandler_001093CF,,scan-only; exact stage/outcome semantics require dossier review
Skyrim.esm,Skyrim.esm,Skyrim.esm:0E16C6,DA16WalkSceneMonitor,DA16WalkSceneMonitor,,None,0,Daedric\,Daedric/moral-choice candidate,candidate-scan,readback-ok,2,10; 200,,,10,10 [StartUpStage] | 200,,200; 10,QF_DA16WalkSceneMonitor_000E16C6,,scan-only; exact stage/outcome semantics require dossier review
Skyrim.esm,Skyrim.esm,Skyrim.esm:01EA5C,DarkBrotherhood,DarkBrotherhood,Dark Brotherhood,DarkBrotherhood,273,Faction\Dark Brotherhood\,Daedric/moral-choice candidate,candidate-scan,readback-ok,1,1,,,1,1 [StartUpStage],,1; 1; 1; 1,QF_DarkBrotherhood_0001EA5C,0:Reference:CiceroAlias; 1:Reference:AstridRef; 3:Reference:FestusKrexAlias; 4:Reference:ArnbjornAlias; 5:Reference:BabetteAlias; 6:Reference:VeezaraAlias; 8:Reference:AmaundAlias; 10:Reference:AventusAlias; 26:Reference:MuiriAlias; 28:Reference:SamuelAlias; 29:Reference:OlfridAlias; 36:Reference:BlackDoorAlias; 37:Reference:SancSoldierAlias; 44:Reference:NazirAlias; 45:Reference:AlainAlias; 46:Reference:GabriellaAlias; 49:Reference:BarrelAlias; 48:Reference:PoisonAlias; 50:Reference:CiceroEndGameAlias; 52:Reference:Initiate1Alias; 53:Reference:Initiate2Alias; 54:Reference:VittoriaViciAlias; 55:Reference:AsgeirAlias; 56:Reference:NilsineAlias; 57:Reference:AntonAlias; 58:Reference:HelvardAlias; 59:Reference:TovaAlias,scan-only; exact stage/outcome semantics require dossier review
Skyrim.esm,Skyrim.esm,Skyrim.esm:051417,DarkBrotherhoodadditionalNPCDialogue,DarkBrotherhoodadditionalNPCDialogue,Dark Brotherhood Additional NPC Dialogue,DarkBrotherhood,273,Faction\Dark Brotherhood\,Daedric/moral-choice candidate,candidate-scan,readback-ok,0,,,,,,,,,,scan-only; exact stage/outcome semantics require dossier review
Skyrim.esm,Skyrim.esm,Skyrim.esm:02E7B0,DarkBrotherhoodSanctuaryConversation1,DarkBrotherhoodSanctuaryConversation1,Dark Brotherhood Sanctuary Conversations 1,DarkBrotherhood,0,Faction\Dark Brotherhood\,Daedric/moral-choice candidate,candidate-scan,readback-ok,0,,,,,,,,,0:Reference:CiceroAlias; 1:Reference:AstridRef,scan-only; exact stage/outcome semantics require dossier review
Skyrim.esm,Skyrim.esm,Skyrim.esm:03444D,DarkBrotherhoodSanctuaryConvSystem,DarkBrotherhoodSanctuaryConvSystem,Dark Brotherhood Sanctuary Conversation System,DarkBrotherhood,0,Faction\Dark Brotherhood\,Daedric/moral-choice candidate,candidate-scan,readback-ok,0,,,,,,,,,0:Reference:CiceroAlias; 1:Reference:AstridRef; 3:Reference:FestusKrexAlias; 4:Reference:NazirAlias; 6:Reference:GabriellaAlias; 7:Reference:BabetteAlias; 8:Reference:VeezaraAlias; 9:Reference:ArnbjornAlias; 10:Reference:Actor1; 11:Reference:Actor2,scan-only; exact stage/outcome semantics require dossier review
Skyrim.esm,Skyrim.esm,Skyrim.esm:02E7AF,DarkBrotherhoodSanctuaryDialogue,DarkBrotherhoodSanctuaryDialogue,Dark Brotherhood Sanctuary Dialogue Quest,DarkBrotherhood,17,Faction\Dark Brotherhood\,Daedric/moral-choice candidate,candidate-scan,readback-ok,0,,,,,,,,,,scan-only; exact stage/outcome semantics require dossier review
Skyrim.esm,Skyrim.esm,Skyrim.esm:087BA2,DarkBrotherhoodSanctuaryRepair,DarkBrotherhoodSanctuaryRepair,Where You Hang Your Enemy's Head...,DarkBrotherhood,RunOnce,Faction\Dark Brotherhood\,Daedric/moral-choice candidate,candidate-scan,readback-ok,4,0; 10; 200; 255,200,,,"0 | 10: I should see Delvin Mallory in the Ragged Flagon in Riften, and see if he can help refit the Dawnstar Sanctuary. | 200: The Dawnstar Sanctuary has been refitted and repaired to the extent of Delvin Mallory's capabilities. A new age has dawned for the Dark Brotherhood. | 255 [ShutDownStage]",10: Employ Delvin Mallory's services,200; 10; 255,QF_DarkBrotherhoodSanctuaryRe_00087BA2,9:Reference:DelvinMalloryAlias; 10:Reference:CiceroAlias; 11:Reference:DBCaptive1; 12:Reference:DBCaptive2; 13:Reference:DBCaptive3; 14:Reference:DBCaptive4,scan-only; exact stage/outcome semantics require dossier review
Skyrim.esm,Skyrim.esm,Skyrim.esm:01EA50,DB01,DB01,Innocence Lost,DarkBrotherhood,273,Faction\Dark Brotherhood\,Sithis/assassination candidate,candidate-scan,readback-ok,6,0; 5; 20; 30; 200; 255,200,,,"0 | 5: I heard a rumor that a boy named Aventus Aretino, in Windhelm, has been attempting to contact the Dark Brotherhood. I should find this boy and speak with him, and find out why he wants to contact a guild of assassins. | 20: The mother of Aventus Aretino recently died, and the boy was sent to live at Honorhall Orphanage in Riften. He thinks I'm a Dark Brotherhood assassin, and wants me to kill the Orphanage's sadistic headmistress, Grelod the Kind. | 30 | 200: I killed Grelod the Kind, and Aventus Aretino rewarded me with a family heirloom. Now the boy can return to Honorhall Orphanage, and live out his childhood peacefully. | 255 [ShutDownStage]",5: Talk to Aventus Aretino | 20: Kill Grelod the Kind | 30: Tell Aventus Aretino that Grelod is dead,20; 200; 5; 30,QF_DB01_0001EA50,0:Reference:AventusAretinoAlias; 1:Reference:GrelodTheKindAlias; 2:Reference:HroarAlias; 3:Reference:RunaAlias; 4:Reference:SamuelAlias; 5:Reference:FrancoisAlias; 6:Reference:AstridAlias,scan-only; exact stage/outcome semantics require dossier review
Skyrim.esm,Skyrim.esm,Skyrim.esm:01EA4F,DB01Misc,DB01Misc,Delayed Burial,DarkBrotherhood,273,Faction\Dark Brotherhood\,Sithis/assassination candidate,candidate-scan,readback-ok,11,0; 5; 10; 20; 30; 40; 50; 200; 210; 215; 255,200,210,,"0 | 5: Apparently there's a strange jester near the Loreius Farm, on the road north of Whiterun. It would seem he's transporting a coffin in a cart, but one of the wheels has broken of. It might be worth investigating. | 10: I met a strange jester named Cicero, who is transporting his mother's coffin. One of the wheels of Cicero's wagon has broken off, and he wants me to ask a farmer named Loreius for help. | 20: I have agreed to help the farmer Loreius get rid of the strange jester named Cicero, who keeps asking for his help. I'm to report Cicero to the nearby guard, and lie about his offense. | 30: The jester Cicero wants the farmer Loreius to fix his broken wagon wheel, but Loreius just wants Cicero to leave. I can either convince Loreius to fix the wheel, or report Cicero to the nearby guard. | 40: I have reported Cicero to the guard, and lied about his offense. I must now speak to Loreius, and let him know I have assisted him. | 50: I have spoken to Loreius, and convinced him to repair Cicero's broken wagon wheel. I need to report back to Cicero, and let him know help is on the way. | 200: I have resolved the conflict between the jester Cicero and Loreius the farmer. | 210: I have resolved the conflict between the jester Cicero and Loreius the farmer. | 215: I have resolved the conflict between the jester Cicero and Loreius the farmer. | 255 [ShutDownStage]",5: Talk to the strange jester | 10: Convince Loreius to fix the wheel | 20: Report Cicero to the guard | 30: Convince Loreius OR report Cicero | 40: Talk to Loreius | 50: Talk to Cicero,20; 40; 40; 5; 255; 10; 200; 50; 30,QF_DB01Misc_0001EA4F,5:Reference:DB01MiscGuardImperial; 6:Reference:DB01MiscGuardSons; 1:Reference:CiceroRoadAlias; 2:Reference:CurweAlias; 3:Reference:LoreiusAlias,scan-only; exact stage/outcome semantics require dossier review
Skyrim.esm,Skyrim.esm,Skyrim.esm:0BC8B6,DB01MiscObjective,DB01MiscObjective,,Misc,RunOnce,Faction\Dark Brotherhood\,Sithis/assassination candidate,candidate-scan,readback-ok,4,0; 10; 200; 255,200,,,0 | 10 | 200 | 255 [ShutDownStage],10: Talk to the strange jester,200; 10; 255,QF_DB01MiscObjective_000BC8B6,1:Reference:CiceroRoadAlias,scan-only; exact stage/outcome semantics require dossier review
Skyrim.esm,Skyrim.esm,Skyrim.esm:0BC8B7,DB01Objective,DB01Objective,,Misc,RunOnce,Faction\Dark Brotherhood\,Sithis/assassination candidate,candidate-scan,readback-ok,4,0; 10; 200; 255,200,,,0 | 10 | 200 | 255 [ShutDownStage],10: Talk to Aventus Aretino,200; 10; 255,QF_DB01Objective_000BC8B7,1:Reference:AventusAretinoAlias,scan-only; exact stage/outcome semantics require dossier review
Skyrim.esm,Skyrim.esm,Skyrim.esm:01EA51,DB02,DB02,With Friends Like These...,DarkBrotherhood,RunOnce,Faction\Dark Brotherhood\,Sithis/assassination candidate,candidate-scan,readback-ok,8,0; 10; 30; 40; 50; 200; 220; 255,200,220,,"0 | 10: Astrid, of the Dark Brotherhood, informed me that by killing Grelod the Kind, I have robbed her organization of a kill. I have been taken captive and moved to some remote shack. Astrid will only give me the key if I kill someone she has taken captive, to ""repay my debt."" | 30 | 40: I have killed one of the captives as Astrid instructed, and must now gain entrance to the Dark Brotherhood Sanctuary, which is located in the southern Pine Forest. Astrid has provided me with the correct passphrase - ""Silence, my Brother."" | 50 | 200: I have killed an innocent person, gained entrance into the Dark Brotherhood Sanctuary, and been officially welcomed into the Dark Brotherhood by Astrid. There's no turning back now. | 220: Astrid invited me into the Dark Brotherhood, but I killed her instead. I will now never be able to join the shadowy organization of assassins. | 255 [ShutDownStage]",0 | 10: Kill one of the captives | 30: Speak with Astrid | 40: Enter the Dark Brotherhood Sanctuary | 50: Speak with Astrid,0; 40; 50; 50; 50; 30; 10; 10; 200; 220; 220; 255,QF_DB02_0001EA51,1:Reference:UnluckyFriend; 2:Reference:BlackDoorAlias; 3:Reference:Astrid; 4:Reference:DB02Captive1Alias; 5:Reference:DB02Captive2Alias; 6:Reference:DB02Captive3Alias,scan-only; exact stage/outcome semantics require dossier review
Skyrim.esm,Skyrim.esm,Skyrim.esm:022F47,DB02a,DB02a,Sanctuary,DarkBrotherhood,RunOnce,Faction\Dark Brotherhood\,Sithis/assassination candidate,candidate-scan,readback-ok,5,0; 10; 20; 200; 255,200,,,"0 | 10: I must speak with Nazir, in the Dark Brotherhood Sanctuary, and receive my first assassination contracts. | 20 | 200: I have spoken to Nazir and received my first set of contracts. | 255 [ShutDownStage]",10: Speak with Nazir | 20: Receive the first set of contracts from Nazir,0; 0; 200; 10; 20; 255,QF_DB02a_00022F47,3:Reference:AstridAlias; 4:Reference:NazirAlias,scan-only; exact stage/outcome semantics require dossier review
Skyrim.esm,Skyrim.esm,Skyrim.esm:01EA52,DB03,DB03,Mourning Never Comes,DarkBrotherhood,RunOnce,Faction\Dark Brotherhood\,Sithis/assassination candidate,candidate-scan,readback-ok,12,0; 5; 10; 20; 25; 30; 31; 35; 40; 50; 200; 255,200,,,"0 | 5 | 10: Astrid has given me my first major contract. I am to contact Muiri, the apothecary's assistant in The Hag's Cure, in Markarth. Muiri has apparently performed the Black Sacrament, and is trying to contact the Dark Brotherhood. | 20: Muiri wants me to kill the bandit leader Alain Dufont, who is holed up with his gang of cutthroats in the dwarven ruin of Raldbthar. If Dufont dies, the contract will be completed, but Muiri will pay me some kind of bonus if I also eliminate Nilsine Shatter-Shield, in Windhelm. | 25 | 30 | 31 | 35 | 40: Alain Dufont is dead. I must now return to Markarth, and tell Muiri the deed is complete. | 50: I have spoken to Muiri, and been paid for the assassination of Alain Dufont. I must now report back to Astrid at the Dark Brotherhood Sanctuary. | 200: After contacting Muiri, the apothecary's assistant at the Hag's Cure in Markarth, I learned that she wished to hire the Dark Brotherhood to kill a slanderous ex-lover. I killed the man, the bandit leader Alain Dufont, and was rewarded for the contract. | 255 [ShutDownStage]",5: Speak with Astrid | 10: Talk to Muiri | 20: Kill Alain Dufont | 30: (Optional) Kill Nilsine Shatter-Shield | 40: Talk to Muiri | 50: Report back to Astrid,0; 0; 0; 0; 40; 5; 10; 25; 20; 31; 50; 50; 50; 30; 255; 200,QF_DB03_0001EA52,0:Reference:AstridAlias; 1:Reference:MuiriAlias; 9:Reference:NilsineAlias; 2:Reference:AlainDufontAlias; 3:Reference:CiceroAlias; 4:Reference:CiceroRoadAlias,scan-only; exact stage/outcome semantics require dossier review
Skyrim.esm,Skyrim.esm,Skyrim.esm:08D5DA,DB03GetArrestedQuest,DB03GetArrestedQuest,,DarkBrotherhood,0,Faction\Dark Brotherhood\,Sithis/assassination candidate,candidate-scan,readback-ok,1,10,,,10,10 [StartUpStage],,10,QF_DB03GetArrestedQuest_0008D5DA,,scan-only; exact stage/outcome semantics require dossier review
Skyrim.esm,Skyrim.esm,Skyrim.esm:01EA53,DB04,DB04,Whispers in the Dark,DarkBrotherhood,RunOnce,Faction\Dark Brotherhood\,Sithis/assassination candidate,candidate-scan,readback-ok,9,0; 1; 10; 20; 30; 40; 50; 200; 255,200,,1,"0 | 1 [StartUpStage] | 10: Astrid has heard Cicero speaking with someone, in whispered tones, in the chamber of the Night Mother. She fears they're conspiring against the Sanctuary, and wants me to eavesdrop on the conversation. I'm to sneak into the chamber, and hide in the coffin of the Night Mother. | 20 | 30 | 40 | 50: While eavesdropping on Cicero, I heard the voice of the Night Mother, who named me Listener. Astrid seems unsure what to believe, and needs time to process this latest development. In the meantime, I'm to see Nazir for more side contract work. | 200: While eavesdropping on Cicero, I heard the voice of the Night Mother, who named me Listener. Astrid seems unsure what to believe, and it's hard to tell what effect this will ultimately have on the Sanctuary. | 255 [ShutDownStage]",10: Hide in the Night Mother's coffin | 20: Eavesdrop on Cicero | 30: Talk to Cicero | 40: Talk to Astrid | 50: Receive a side contract from Nazir,0; 0; 0; 0; 0; 40; 10; 1; 20; 200; 50; 30; 255,QF_DB04_0001EA53,0:Reference:CiceroAlias; 1:Reference:AmaundMotierreAlias; 2:Reference:NightMotherAlias; 3:Reference:AstridAlias; 4:Reference:ArnbjornAlias; 5:Reference:NazirAlias; 6:Reference:PlayerAlias; 8:Reference:RexusAlias; 9:Reference:CoffinAlias; 10:Reference:DB04PlayerAlias; 11:Reference:HeadAlias,scan-only; exact stage/outcome semantics require dossier review
Skyrim.esm,Skyrim.esm,Skyrim.esm:02AD16,DB04a,DB04a,The Silence Has Been Broken,DarkBrotherhood,RunOnce,Faction\Dark Brotherhood\,Sithis/assassination candidate,candidate-scan,readback-ok,8,0; 5; 10; 15; 20; 30; 40; 200,200,,,"0 | 5: I returned to Nazir, but he directed me to speak with Astrid immediately. Perhaps she's made up her mind about me seeing Amaund Motierre in Volundruud. | 10: Astrid has agreed to let me see Amaund Motierre in the dungeon known as Volunruud, as commanded by the Night Mother. I'm to speak with Motierre, and find out what he wants. | 15 | 20: Amaund Motierre has commissioned the Dark Brotherhood to kill several people, all of which will lead to the assassination of a primary target - the Emperor of Tamriel himself. I am to report this information back to Astrid. | 30: I've given Astrid the amulet and sealed letter provided to me by Amaund Motierre. I'm to take the amulet to a fence named Delvin Mallory, in the Riften Ratway - to gain any information I can, and sell it if Mallory is willing to buy. | 40: Delvin Mallory has informed me that the amulet provided by Amaund Motierre indicates he is a member of the Emperor's Elder Council. Mallory was willing to purchase the amulet in exchange for a letter of credit, which I must now deliver to Astrid. | 200: After meeting with Amaund Motierre, I learned he is a member of the Elder Council, and wants the Dark Brotherhood to kill several people, all of whom lead to a primary target - the Emperor himself.",5: Speak with Astrid | 10: Speak with Amaund Motierre | 15: Talk to Rexus | 20: Deliver the letter and amulet to Astrid | 30: Show the amulet to Delvin Mallory | 40: Report back to Astrid,0; 0; 0; 0; 40; 40; 5; 200; 10; 30; 15; 20; 20,QF_DB04a_0002AD16,0:Reference:CiceroAlias; 1:Reference:AmaundMotierreAlias; 2:Reference:NightMotherAlias; 3:Reference:AstridAlias; 4:Reference:ArnbjornAlias; 5:Reference:NazirAlias; 6:Reference:DelvinMalloryAlias; 7:Reference:RexusAlias; 8:Reference:LetterAlias; 10:Reference:CreditAlias; 9:Reference:AmuletAlias,scan-only; exact stage/outcome semantics require dossier review
Skyrim.esm,Skyrim.esm,Skyrim.esm:01EA54,DB05,DB05,Bound Until Death,DarkBrotherhood,RunOnce,Faction\Dark Brotherhood\,Sithis/assassination candidate,candidate-scan,readback-ok,5,0; 10; 20; 200; 255,200,,,"0 | 10: I must journey to the Temple of the Divines in Solitude, attend the public wedding reception of Vittoria Vici and Asgeir Snow-Shod, and kill the bride. I'll receive a bonus if I kill Vici as she addresses the crowd. | 20 | 200: I have killed Vittoria Vici, the Emperor's cousin, at her own wedding, and everyone will assume it's related to the ongoing war. The Emperor will now be forced to visit Skyrim to deal with the aftermath, paving the way for his assassination. | 255 [ShutDownStage]",10: Kill Vittoria Vici | 20: Report back to Astrid,0; 0; 0; 0; 200; 200; 10; 10; 10; 10; 255; 20,QF_DB05_0001EA54,0:Reference:VittoriaViciAlias; 1:Reference:AstridAlias; 2:Reference:CiceroAlias; 3:Reference:AmaundMotierreAlias; 4:Reference:AsgeirAlias; 5:Reference:AlexiaViciAlias; 6:Reference:VivienneOnisAlias; 7:Reference:KaydAlias; 8:Reference:NosterAlias; 9:Reference:ElisifAlias; 10:Reference:RorlundAlias; 11:Reference:PanteaAlias; 12:Reference:VulwulfAlias; 13:Reference:PorlofAlias; 14:Reference:BrylingAlias; 15:Reference:ErikurAlias; 17:Reference:VeezaraAlias; 18:Reference:PenitusAlias; 19:Reference:StatueAlias; 20:Reference:LodiAlias; 21:Reference:StatueEnableMarkerAlias; 22:Reference:Ring1Alias; 23:Reference:Ring2Alias,scan-only; exact stage/outcome semantics require dossier review
Skyrim.esm,Skyrim.esm,Skyrim.esm:01EA55,DB06,DB06,Breaching Security,DarkBrotherhood,"AllowRepeatedStages, RunOnce",Faction\Dark Brotherhood\,Sithis/assassination candidate,candidate-scan,readback-ok,7,0; 5; 10; 20; 30; 200; 255,200,,,"0 | 5: Astrid informed me that I should speak to Gabriella about my next contract, which has something to do with the Emperor's security. | 10: I must kill Gaius Maro, an agent of the Emperor's security force. Once he's dead, I must plant a letter on his body that will incriminate him in a plot to kill the Emperor. If I wish to earn a bonus, I must not kill him in Dragon Bridge, or on the road, but in one of the cities he visits. | 20 | 30 | 200: I have killed Gaius Maro, and planted the Incriminating Letter on his body. This will surely disrupt the security plan for the Emperor's visit, ruin Commander Maro emotionally, and make the Emperor believe the only plot to kill him has been foiled. | 255 [ShutDownStage]",5: Speak with Gabriella | 8: (Optional) Steal Gaius Maro's travel schedule | 10: Kill Gaius Maro | 20: Plant the Incriminating Letter on Gaius Maro's body | 30: Report back to Gabriella,0; 0; 0; 0; 200; 5; 10; 255; 30; 30; 30; 20,QF_DB06_0001EA55,0:Reference:AstridAlias; 1:Reference:CommanderMaroAlias; 2:Reference:MaroScheduleAlias; 3:Reference:CiceroAlias; 4:Reference:GabriellaAlias; 5:Reference:GaiusMaroAlias; 6:Reference:FaidaAlias; 7:Reference:ArnbjornAlias; 9:Reference:VeezaraAlias; 10:Reference:BabetteAlias; 11:Reference:NazirAlias; 12:Reference:FestusAlias; 13:Reference:IncriminatingLetterAlias,scan-only; exact stage/outcome semantics require dossier review
Skyrim.esm,Skyrim.esm,Skyrim.esm:01EA56,DB07,DB07,The Cure for Madness,DarkBrotherhood,RunOnce,Faction\Dark Brotherhood\,Sithis/assassination candidate,candidate-scan,readback-ok,13,0; 10; 15; 17; 19; 20; 25; 30; 40; 50; 60; 200; 255,200,,,"0 | 10: Upon my return to the Sanctuary, I was informed by Gabriella that there was some kind of ""incident"" with Cicero. I need to speak to Astrid to find out what happened. | 15: While I was away, Cicero went berserk and tried to kill Astrid. He fled the Sanctuary, with Arnbjorn in pursuit. I need to locate them both, and then kill Cicero. | 17 | 19 | 20 | 25 | 30 | 40 | 50 | 60 | 200: After learning that Cicero went berserk and tried to kill Astrid, I was ordered to go to the Dawnstar Sanctuary, find him, and end his life. The matter has now been resolved. | 255 [ShutDownStage]","10: Talk to Astrid | 15: Search Cicero's room | 17: Read Cicero's diary | 19: Talk to Astrid | 20: Locate Arnbjorn | 25: Talk to Arnbjorn | 30: Enter the Dawnstar Sanctuary | 40: Kill Cicero | 50: Kill Cicero, or leave the Sanctuary | 60: Report back to Astrid | 666: Behold Shadowmere",0; 0; 0; 0; 0; 19; 10; 25; 15; 20; 20; 60; 17; 40; 30; 30; 50; 200; 255,QF_DB07_0001EA56,0:Reference:AstridAlias; 1:Reference:ArnbjornAlias; 2:Reference:CiceroAlias; 3:Reference:JournalAlias; 4:Reference:VeezaraAlias; 5:Reference:BabetteAlias; 6:Reference:FestusAlias; 7:Reference:NazirAlias; 8:Reference:DoorAlias; 9:Reference:GaiusMaroAlias; 10:Reference:ShadowmereTargetMarkerAlias; 11:Reference:ShadowmereAlias,scan-only; exact stage/outcome semantics require dossier review
Skyrim.esm,Skyrim.esm,Skyrim.esm:01EA57,DB08,DB08,Recipe for Disaster,DarkBrotherhood,RunOnce,Faction\Dark Brotherhood\,Sithis/assassination candidate,candidate-scan,readback-ok,9,0; 2; 4; 6; 10; 20; 30; 200; 255,200,,,"0 | 2: I must speak with Festus Krex about my next target, the renowned chef known only as the ""Gourmet."" | 4: I have been tasked with killing the Gourmet, but only one person knows the famous chef's true identity and location - a man named Anton Virane. I must get this information from Anton Virane, and then kill him. | 6 | 10: I must kill the Gourmet, who is actually an Orc named Balagog gro-Nolob. Once he's dead, I must steal his Writ of Passage. And, if I can manage to hide the body, I'll receive a bonus. | 20 | 30 | 200: The Gourmet is dead, and I'm now in possession of his Writ of Passage. Soon, I will take his place as chef for the Emperor... | 255 [ShutDownStage]",2: Report to Festus Krex | 4: Question Anton Virane | 6: Kill Anton Virane | 10: Kill Balagog gro-Nolob | 15: (Optional) Drag Balagog's body to a hiding place | 20: Take the Writ of Passage | 30: Report back to Festus Krex,0; 0; 0; 0; 0; 255; 10; 4; 20; 200; 2; 2; 30; 6,QF_DB08_0001EA57,6:Reference:PapersBarrelAlias; 0:Reference:BalagogGroNolobAlias; 1:Reference:AstridAlias; 3:Reference:PapersAlias; 4:Reference:FestusKrexAlias; 5:Reference:AntonViraneAlias; 7:Reference:OutdoorHidingPlace1; 9:Reference:IndoorHidingPlace2; 10:Reference:IndoorHidingPlace3; 11:Reference:IndoorHidingPlace4; 12:Reference:IndoorHidingPlace5; 13:Reference:NightgateDoorAlias,scan-only; exact stage/outcome semantics require dossier review
Skyrim.esm,Skyrim.esm,Skyrim.esm:01EA58,DB09,DB09,To Kill an Empire,DarkBrotherhood,RunOnce,Faction\Dark Brotherhood\,Sithis/assassination candidate,candidate-scan,readback-ok,13,0; 5; 10; 20; 25; 30; 40; 50; 60; 70; 75; 200; 255,200,,,"0 | 5: It would appear all the contracts leading up to the Emperor's assassination have been completed. I must now speak with Astrid, and receive further instructions. | 10: Using the Writ of Passage issued to the chef known as ""The Gourmet,"" I must enter Castle Dour and play the part of the culinary master, who is scheduled to prepare a feast. This will be my opportunity to assassinate the Emperor, using any tools at my disposal. | 20 | 25 | 30 | 40 | 50 | 60 | 70: It was a trap! The Emperor was actually Titus Mede II's double, and Commander Maro said I had been betrayed by someone within the Dark Brotherhood. Despite his deal, Maro has sent troops to destroy the Sanctuary. I must return there and help my Family! | 75 | 200: After learning the Emperor was actually Titus Mede II's double, and being confronted by Commander Maro, I learned Maro had betrayed the betrayer, and sent troops to destroy the Dark Brotherhood Sanctuary. I returned there, to lend aid to my fellow Family members. | 255 [ShutDownStage]",5: Report to Astrid | 10: Report to Commander Maro | 20: Report to Gianna | 25: Report to Gianna while wearing a chef's hat | 30: Make the Potage le Magnifique | 40: Follow Gianna to the dining room | 50: Kill the Emperor | 60: Escape the Tower! | 70: Return to the Sanctuary,0; 0; 0; 0; 0; 40; 40; 40; 40; 40; 5; 5; 10; 10; 10; 25; 20; 20; 60; 60; 50; 50; 255; 30; 30; 200; 75; 70; 70; 70,QF_DB09_0001EA58,0:Reference:AstridAlias; 1:Reference:CommanderMaroAlias; 2:Reference:GiannaAlias; 3:Reference:EmperorDecoyAlias; 4:Reference:BlackDoorAlias; 5:Reference:DBSancSoldierAlias; 6:Reference:DBSancSoldier2Alias; 7:Reference:DBSancSoldier3Alias; 8:Reference:DBSancSoldier4Alias; 9:Reference:SolPenitusOutside1Alias; 10:Reference:SolPenitusOutside2Alias; 11:Reference:SolPenitusEmpGuard1Alias; 12:Reference:SolPenitusEmpGuard2Alias; 13:Reference:Noble1Alias; 14:Reference:Noble2Alias; 15:Reference:Noble3Alias; 16:Reference:DB09AmbushGuard1Alias; 17:Reference:DB09AmbushGuard2Alias; 18:Reference:DB09AmbushGuard3Alias; 19:Reference:MaroBridgeMarkerAlias; 20:Reference:JarrinAlias; 21:Reference:DB09BridgeDoorAlias; 23:Reference:TowerTopDoorAlias; 24:Reference:EscapeMarkerAlias,scan-only; exact stage/outcome semantics require dossier review
Skyrim.esm,Skyrim.esm,Skyrim.esm:03CEDA,DB10,DB10,Death Incarnate,DarkBrotherhood,RunOnce,Faction\Dark Brotherhood\,Sithis/assassination candidate,candidate-scan,readback-ok,19,0; 1; 2; 3; 4; 7; 10; 15; 20; 30; 35; 40; 50; 55; 60; 70; 80; 200; 255,200,,,"0 | 1 | 2 | 3 | 4 | 7 | 10: I have returned to the Sanctuary in the midst of the Penitus Oculatus' assault. I must assist my fellow Family members any way I can. | 15 | 20 | 30 | 35 | 40 | 50 | 55 | 60 | 70 | 80 | 200: Not only have the Penitus Oculatus killed most of the Family members and burned the Sanctuary, Astrid also revealed herself to be the one who betrayed me. But there is still hope - the Emperor is still in Skyrim, and I have a chance to fulfill my contract with Amaund Motierre. | 255 [ShutDownStage]",10: Enter the Sanctuary | 15: Search for survivors | 20: Kill the Legion soldiers inside the Sanctuary (<Global=DB10LegionAttackerDeadCount>/5) | 30: Kill Nazir's attacker! | 35: Speak with Nazir | 40: Escape the Sanctuary | 50: Embrace the Night Mother | 60: Talk to Astrid | 70: Kill Astrid | 80: Return to the Night Mother | 81: (Optional) Retrieve the Blade of Woe,0; 0; 0; 0; 0; 0; 70; 80; 10; 10; 10; 10; 10; 10; 1; 20; 200; 50; 2; 30; 3; 35; 40; 40; 15; 4; 55; 60; 60; 255; 7,QF_DB10_0003CEDA,0:Reference:OutdoorSoldier1Alias; 11:Reference:OutdoorSoldier2Alias; 12:Reference:OutdoorSoldier3Alias; 13:Reference:OutdoorSoldier4Alias; 2:Reference:BlackDoorAlias; 3:Reference:AstridEndAlias; 4:Reference:NazirAlias; 5:Reference:PenitusSoldier1Alias; 6:Reference:PenitusSoldier2Alias; 7:Reference:PenitusSoldier3Alias; 8:Reference:PenitusSoldier4Alias; 9:Reference:PenitusSoldier5Alias; 14:Reference:PenitusSoldier6Alias; 10:Reference:NightMotherAlias; 18:Reference:NMCoffinAlias; 15:Reference:BabetteAlias; 16:Reference:PenitusBoss; 17:Reference:BladeOfWoeAlias; 20:Reference:NMCoffinLakeAlias; 21:Reference:PenitusSoldier7Alias; 24:Reference:ArnbjornWerewolfAlias; 22:Reference:PenitusSoldierArnbjorn1Alias; 23:Reference:PenitusSoldierArnbjorn2Alias,scan-only; exact stage/outcome semantics require dossier review
Skyrim.esm,Skyrim.esm,Skyrim.esm:01EA59,DB11,DB11,Hail Sithis!,DarkBrotherhood,RunOnce,Faction\Dark Brotherhood\,Sithis/assassination candidate,candidate-scan,readback-ok,15,0; 1; 2; 3; 5; 10; 15; 20; 40; 50; 60; 70; 80; 200; 255,200,,,"0 | 1 | 2 | 3 | 5: The Night Mother has spoken to me once again. The true Emperor must be assassinated - the contract with Amaund Motierre must be completed. | 10 | 15 | 20 | 40 | 50 | 60 | 70 | 80 | 200: The Emperor has been assassinated. The Dark Brotherhood will, once more, be feared and respected the world over. | 255 [ShutDownStage]",5: Talk to Nazir | 10: Talk to Amaund Motierre | 15: Board the Katariah | 20: Kill the Emperor! | 40: (Optional) Kill Commander Maro | 50: Report to Amaund Motierre | 60: Retrieve the payment | 70: (Optional) Kill Amaund Motierre | 80: Report to Nazir,0; 0; 0; 0; 0; 0; 0; 0; 0; 40; 5; 10; 10; 10; 1; 15; 15; 15; 255; 20; 60; 60; 50; 2; 200; 80; 80; 3; 70; 70,QF_DB11_0001EA59,0:Reference:NightMotherAlias; 1:Reference:AmaundMotierreAlias; 2:Reference:CommanderMaroAlias; 3:Reference:EmperorAlias; 4:Reference:PaymentAlias; 5:Reference:BabetteAlias; 6:Reference:NazirAlias; 8:Reference:VolunruudUrnAlias; 9:Reference:PenitusDocksAlias; 10:Reference:KatariahChainAlias; 11:Reference:RexusAlias; 12:Reference:EmperorExitDoorAlias; 13:Reference:TargetMarker2Alias; 14:Reference:TargetMarker1Alias,scan-only; exact stage/outcome semantics require dossier review
Skyrim.esm,Skyrim.esm,Skyrim.esm:0C6020,DB11_dunKatariahQST,DB11_dunKatariahQST,,Misc,0,Dungeons\,Sithis/assassination candidate,candidate-scan,readback-ok,7,0; 10; 15; 19; 20; 100; 255,,,0,0 [StartUpStage] | 10 | 15 | 19 | 20 | 100 | 255 [ShutDownStage],,20; 19; 10; 100; 15; 255,QF_DB11_dunKatariahQST_000C6020,0:Reference:HoldSailor; 1:Reference:HoldSailorFriend; 2:Reference:Guard01; 3:Reference:Guard02,scan-only; exact stage/outcome semantics require dossier review
Skyrim.esm,Skyrim.esm,Skyrim.esm:0935DE,DialogueCompanionsAelaNjada1,DialogueCompanionsAelaNjada1,,None,0,Dialogue\Whiterun Hold\Whiterun\,quest-stage signal candidate,candidate-scan,readback-ok,0,,,,,,,,,4:Reference:Actor1; 5:Reference:Actor2; 6:Reference:Aela; 7:Reference:Njada,scan-only; exact stage/outcome semantics require dossier review
Skyrim.esm,Skyrim.esm,Skyrim.esm:0935E0,DialogueCompanionsAelaNjada2,DialogueCompanionsAelaNjada2,,None,0,Dialogue\Whiterun Hold\Whiterun\,quest-stage signal candidate,candidate-scan,readback-ok,0,,,,,,,,,4:Reference:Actor1; 5:Reference:Actor2; 6:Reference:Aela; 7:Reference:Njada,scan-only; exact stage/outcome semantics require dossier review
Skyrim.esm,Skyrim.esm,Skyrim.esm:0935E2,DialogueCompanionsFarkasAthis1,DialogueCompanionsFarkasAthis1,,None,0,Dialogue\Whiterun Hold\Whiterun\,quest-stage signal candidate,candidate-scan,readback-ok,0,,,,,,,,,4:Reference:Actor1; 5:Reference:Actor2; 6:Reference:Farkas; 7:Reference:Athis,scan-only; exact stage/outcome semantics require dossier review
Skyrim.esm,Skyrim.esm,Skyrim.esm:0935E4,DialogueCompanionsFarkasAthis2,DialogueCompanionsFarkasAthis2,,None,0,Dialogue\Whiterun Hold\Whiterun\,quest-stage signal candidate,candidate-scan,readback-ok,0,,,,,,,,,4:Reference:Actor1; 5:Reference:Actor2; 6:Reference:Farkas; 7:Reference:Athis,scan-only; exact stage/outcome semantics require dossier review
Skyrim.esm,Skyrim.esm,Skyrim.esm:0935E6,DialogueCompanionsFarkasTorvar1,DialogueCompanionsFarkasTorvar1,,None,0,Dialogue\Whiterun Hold\Whiterun\,quest-stage signal candidate,candidate-scan,readback-ok,0,,,,,,,,,4:Reference:Actor1; 5:Reference:Actor2; 6:Reference:Farkas; 7:Reference:Torvar,scan-only; exact stage/outcome semantics require dossier review
Skyrim.esm,Skyrim.esm,Skyrim.esm:0935EA,DialogueCompanionsFarkasTorvar2,DialogueCompanionsFarkasTorvar2,,None,0,Dialogue\Whiterun Hold\Whiterun\,quest-stage signal candidate,candidate-scan,readback-ok,0,,,,,,,,,4:Reference:Actor1; 5:Reference:Actor2; 6:Reference:Farkas; 7:Reference:Torvar,scan-only; exact stage/outcome semantics require dossier review
Skyrim.esm,Skyrim.esm,Skyrim.esm:023E60,DialogueCompanionsJorrvaskr,DialogueCompanionsJorrvaskr,,None,17,Dialogue\Whiterun Hold\Whiterun\,quest-stage signal candidate,candidate-scan,readback-ok,0,,,,,,,,,0:Reference:EnvironsTrigger; 1:Reference:GenericDialogueSuppressor1; 2:Reference:GenericDialogueSuppressor2; 3:Reference:GenericDialogueSuppressor3; 4:Reference:GenericDialogueSuppressor4,scan-only; exact stage/outcome semantics require dossier review
Skyrim.esm,Skyrim.esm,Skyrim.esm:0935FA,DialogueCompanionsKodlakAela1,DialogueCompanionsKodlakAela1,,None,0,Dialogue\Whiterun Hold\Whiterun\,quest-stage signal candidate,candidate-scan,readback-ok,0,,,,,,,,,4:Reference:Actor1; 5:Reference:Actor2; 6:Reference:Kodlak; 7:Reference:Aela,scan-only; exact stage/outcome semantics require dossier review
Skyrim.esm,Skyrim.esm,Skyrim.esm:0935FC,DialogueCompanionsKodlakAela2,DialogueCompanionsKodlakAela2,,None,0,Dialogue\Whiterun Hold\Whiterun\,quest-stage signal candidate,candidate-scan,readback-ok,0,,,,,,,,,4:Reference:Actor1; 5:Reference:Actor2; 6:Reference:Kodlak; 7:Reference:Aela,scan-only; exact stage/outcome semantics require dossier review
Skyrim.esm,Skyrim.esm,Skyrim.esm:0935FE,DialogueCompanionsKodlakFarkas1,DialogueCompanionsKodlakFarkas1,,None,0,Dialogue\Whiterun Hold\Whiterun\,quest-stage signal candidate,candidate-scan,readback-ok,0,,,,,,,,,4:Reference:Actor1; 5:Reference:Actor2; 6:Reference:Kodlak; 7:Reference:Farkas,scan-only; exact stage/outcome semantics require dossier review
Skyrim.esm,Skyrim.esm,Skyrim.esm:093600,DialogueCompanionsKodlakFarkas2,DialogueCompanionsKodlakFarkas2,,None,0,Dialogue\Whiterun Hold\Whiterun\,quest-stage signal candidate,candidate-scan,readback-ok,0,,,,,,,,,4:Reference:Actor1; 5:Reference:Actor2; 6:Reference:Kodlak; 7:Reference:Farkas,scan-only; exact stage/outcome semantics require dossier review
Skyrim.esm,Skyrim.esm,Skyrim.esm:0935F6,DialogueCompanionsKodlakSkjor1,DialogueCompanionsKodlakSkjor1,,None,0,Dialogue\Whiterun Hold\Whiterun\,quest-stage signal candidate,candidate-scan,readback-ok,0,,,,,,,,,4:Reference:Actor1; 5:Reference:Actor2; 6:Reference:Kodlak; 7:Reference:Skjor,scan-only; exact stage/outcome semantics require dossier review
Skyrim.esm,Skyrim.esm,Skyrim.esm:0935F8,DialogueCompanionsKodlakSkjor2,DialogueCompanionsKodlakSkjor2,,None,0,Dialogue\Whiterun Hold\Whiterun\,quest-stage signal candidate,candidate-scan,readback-ok,0,,,,,,,,,4:Reference:Actor1; 5:Reference:Actor2; 6:Reference:Kodlak; 7:Reference:Skjor,scan-only; exact stage/outcome semantics require dossier review
Skyrim.esm,Skyrim.esm,Skyrim.esm:093602,DialogueCompanionsKodlakTorvar1,DialogueCompanionsKodlakTorvar1,,None,0,Dialogue\Whiterun Hold\Whiterun\,quest-stage signal candidate,candidate-scan,readback-ok,0,,,,,,,,,4:Reference:Actor1; 5:Reference:Actor2; 6:Reference:Kodlak; 7:Reference:Torvar,scan-only; exact stage/outcome semantics require dossier review
Skyrim.esm,Skyrim.esm,Skyrim.esm:093604,DialogueCompanionsKodlakTorvar2,DialogueCompanionsKodlakTorvar2,,None,0,Dialogue\Whiterun Hold\Whiterun\,quest-stage signal candidate,candidate-scan,readback-ok,0,,,,,,,,,4:Reference:Actor1; 5:Reference:Actor2; 6:Reference:Kodlak; 7:Reference:Torvar,scan-only; exact stage/outcome semantics require dossier review
Skyrim.esm,Skyrim.esm,Skyrim.esm:0935EE,DialogueCompanionsRiaVilkas1,DialogueCompanionsRiaVilkas1,,None,0,Dialogue\Whiterun Hold\Whiterun\,quest-stage signal candidate,candidate-scan,readback-ok,0,,,,,,,,,4:Reference:Actor1; 5:Reference:Actor2; 6:Reference:Ria; 7:Reference:Vilkas,scan-only; exact stage/outcome semantics require dossier review
Skyrim.esm,Skyrim.esm,Skyrim.esm:0935F0,DialogueCompanionsRiaVilkas2,DialogueCompanionsRiaVilkas2,,None,0,Dialogue\Whiterun Hold\Whiterun\,quest-stage signal candidate,candidate-scan,readback-ok,0,,,,,,,,,4:Reference:Actor1; 5:Reference:Actor2; 6:Reference:Ria; 7:Reference:Vilkas,scan-only; exact stage/outcome semantics require dossier review
Skyrim.esm,Skyrim.esm,Skyrim.esm:0935F2,DialogueCompanionsRiaVilkas3,DialogueCompanionsRiaVilkas3,,None,0,Dialogue\Whiterun Hold\Whiterun\,quest-stage signal candidate,candidate-scan,readback-ok,0,,,,,,,,,4:Reference:Actor1; 5:Reference:Actor2; 6:Reference:Ria; 7:Reference:Vilkas,scan-only; exact stage/outcome semantics require dossier review
Skyrim.esm,Skyrim.esm,Skyrim.esm:0935D6,DialogueCompanionsSkjorAela1,DialogueCompanionsSkjorAela1,,None,0,Dialogue\Whiterun Hold\Whiterun\,quest-stage signal candidate,candidate-scan,readback-ok,0,,,,,,,,,4:Reference:Actor1; 5:Reference:Actor2; 6:Reference:Skjor; 7:Reference:Aela,scan-only; exact stage/outcome semantics require dossier review
Skyrim.esm,Skyrim.esm,Skyrim.esm:0935D8,DialogueCompanionsSkjorAela2,DialogueCompanionsSkjorAela2,,None,0,Dialogue\Whiterun Hold\Whiterun\,quest-stage signal candidate,candidate-scan,readback-ok,0,,,,,,,,,4:Reference:Actor1; 5:Reference:Actor2; 6:Reference:Skjor; 7:Reference:Aela,scan-only; exact stage/outcome semantics require dossier review
Skyrim.esm,Skyrim.esm,Skyrim.esm:0935DA,DialogueCompanionsSkjorNjada1,DialogueCompanionsSkjorNjada1,,None,0,Dialogue\Whiterun Hold\Whiterun\,quest-stage signal candidate,candidate-scan,readback-ok,0,,,,,,,,,4:Reference:Actor1; 5:Reference:Actor2; 6:Reference:Skjor; 7:Reference:Njada,scan-only; exact stage/outcome semantics require dossier review
Skyrim.esm,Skyrim.esm,Skyrim.esm:0935DC,DialogueCompanionsSkjorNjada2,DialogueCompanionsSkjorNjada2,,None,0,Dialogue\Whiterun Hold\Whiterun\,quest-stage signal candidate,candidate-scan,readback-ok,0,,,,,,,,,4:Reference:Actor1; 5:Reference:Actor2; 6:Reference:Skjor; 7:Reference:Njada,scan-only; exact stage/outcome semantics require dossier review
Skyrim.esm,Skyrim.esm,Skyrim.esm:0935E8,DialogueCompanionsTorvarAthis1,DialogueCompanionsTorvarAthis1,,None,0,Dialogue\Whiterun Hold\Whiterun\,quest-stage signal candidate,candidate-scan,readback-ok,0,,,,,,,,,4:Reference:Actor1; 5:Reference:Actor2; 6:Reference:Athis; 7:Reference:Torvar,scan-only; exact stage/outcome semantics require dossier review
Skyrim.esm,Skyrim.esm,Skyrim.esm:0935EC,DialogueCompanionsTorvarAthis2,DialogueCompanionsTorvarAthis2,,None,0,Dialogue\Whiterun Hold\Whiterun\,quest-stage signal candidate,candidate-scan,readback-ok,0,,,,,,,,,4:Reference:Actor1; 5:Reference:Actor2; 6:Reference:Athis; 7:Reference:Torvar,scan-only; exact stage/outcome semantics require dossier review
Skyrim.esm,Skyrim.esm,Skyrim.esm:10074F,DialogueDremora,DialogueDremora,Dremora Dialogue,None,17,,Daedric/moral-choice candidate,candidate-scan,readback-ok,0,,,,,,,,,,scan-only; exact stage/outcome semantics require dossier review
Skyrim.esm,Skyrim.esm,Skyrim.esm:0B3293,DialogueGenericVigilantsOfStendarr,DialogueGenericVigilantsOfStendarr,Generic Dialogue for Vigilants of Stendarr,None,25,Generic\,quest-stage signal candidate,candidate-scan,readback-ok,1,10,,,,10,,10,QF_DialogueGenericVigilantsOf_000B3293,,scan-only; exact stage/outcome semantics require dossier review
Skyrim.esm,Skyrim.esm,Skyrim.esm:046B3D,DialogueRiftenTempleofMaraScene01,DialogueRiftenTempleofMaraScene01,Temple of Mara Scene 01,None,0,Dialogue\The Rift\Riften\,quest-stage signal candidate,candidate-scan,readback-ok,0,,,,,,,,,0:Reference:Actor1; 1:Reference:Actor2; 2:Reference:MaramalAlias; 3:Reference:DinyaAlias,scan-only; exact stage/outcome semantics require dossier review
Skyrim.esm,Skyrim.esm,Skyrim.esm:046B3F,DialogueRiftenTempleofMaraScene02,DialogueRiftenTempleofMaraScene02,Temple of Mara Scene 02,None,0,Dialogue\The Rift\Riften\,quest-stage signal candidate,candidate-scan,readback-ok,0,,,,,,,,,0:Reference:Actor1; 1:Reference:Actor2; 2:Reference:MaramalAlias; 3:Reference:DinyaAlias,scan-only; exact stage/outcome semantics require dossier review
Skyrim.esm,Skyrim.esm,Skyrim.esm:0E38C7,DialogueSkyHavenTemple,DialogueSkyHavenTemple,,None,17,,quest-stage signal candidate,candidate-scan,readback-ok,0,,,,,,,,,,scan-only; exact stage/outcome semantics require dossier review
Skyrim.esm,Skyrim.esm,Skyrim.esm:0E6DE7,DialogueSkyHavenTempleConversation01,DialogueSkyHavenTempleConversation01,Conversation System for Skyhaven,None,4096,,quest-stage signal candidate,candidate-scan,readback-ok,0,,,,,,,,,0:Reference:Actor1; 1:Reference:Actor2; 2:Reference:Delphine; 3:Reference:Esbern,scan-only; exact stage/outcome semantics require dossier review
Skyrim.esm,Skyrim.esm,Skyrim.esm:0E6DE9,DialogueSkyHavenTempleConversation02,DialogueSkyHavenTempleConversation02,Conversation System for Skyhaven,None,4096,,quest-stage signal candidate,candidate-scan,readback-ok,0,,,,,,,,,0:Reference:Actor1; 1:Reference:Actor2; 2:Reference:Delphine; 3:Reference:Esbern,scan-only; exact stage/outcome semantics require dossier review
Skyrim.esm,Skyrim.esm,Skyrim.esm:0E6DEB,DialogueSkyHavenTempleConversation03,DialogueSkyHavenTempleConversation03,Conversation System for Skyhaven,None,4096,,quest-stage signal candidate,candidate-scan,readback-ok,0,,,,,,,,,0:Reference:Actor1; 1:Reference:Actor2; 2:Reference:Delphine; 3:Reference:Esbern,scan-only; exact stage/outcome semantics require dossier review
Skyrim.esm,Skyrim.esm,Skyrim.esm:0E6DED,DialogueSkyHavenTempleConversation04,DialogueSkyHavenTempleConversation04,Conversation System for Skyhaven,None,4096,,quest-stage signal candidate,candidate-scan,readback-ok,0,,,,,,,,,0:Reference:Actor1; 1:Reference:Actor2; 2:Reference:Delphine; 3:Reference:Esbern,scan-only; exact stage/outcome semantics require dossier review
Skyrim.esm,Skyrim.esm,Skyrim.esm:0D6A1A,DialogueSolitudeBardsCollegeClassGiraudScene1,DialogueSolitudeBardsCollegeClassGiraudScene1,Bards College Class Scene,None,25,Dialogue\Haafingar\Solitude\,Julianos/Magnus/magic-study candidate,candidate-scan,readback-ok,3,0; 10; 20,,,,0 | 10 | 20,,20; 10,QF_DialogueSolitudeBardsColle_000D6A1A,6:Reference:Aia; 3:Reference:AtAfAlan; 9:Reference:Illdi; 4:Reference:Jorn; 8:Reference:Giraud; 10:Reference:Inge; 11:Reference:SceneTrigger,scan-only; exact stage/outcome semantics require dossier review
Skyrim.esm,Skyrim.esm,Skyrim.esm:0E780C,DialogueSolitudeBardsCollegeClassGiraudScene2,DialogueSolitudeBardsCollegeClassGiraudScene2,Bards College Class Scene,None,AllowRepeatedStages,Dialogue\Haafingar\Solitude\,Julianos/Magnus/magic-study candidate,candidate-scan,readback-ok,3,0; 10; 20,,,,0 | 10 | 20,,20; 10,QF_DialogueSolitudeBardsColle_000E780C,6:Reference:Aia; 3:Reference:AtAfAlan; 9:Reference:Illdi; 4:Reference:Jorn; 8:Reference:Giraud; 10:Reference:Inge; 11:Reference:SceneTrigger,scan-only; exact stage/outcome semantics require dossier review
Skyrim.esm,Skyrim.esm,Skyrim.esm:0D6A1C,DialogueSolitudeBardsCollegeClassIngeScene1,DialogueSolitudeBardsCollegeClassIngeScene1,Bards College Class Scene,None,25,Dialogue\Haafingar\Solitude\,Julianos/Magnus/magic-study candidate,candidate-scan,readback-ok,3,0; 10; 20,,,,0 | 10 | 20,,20; 10,QF_DialogueSolitudeBardsColle_000D6A1C,6:Reference:Aia; 3:Reference:AtAfAlan; 9:Reference:Illdi; 4:Reference:Jorn; 8:Reference:Inge; 10:Reference:SceneTrigger,scan-only; exact stage/outcome semantics require dossier review
Skyrim.esm,Skyrim.esm,Skyrim.esm:0E780E,DialogueSolitudeBardsCollegeClassIngeScene2,DialogueSolitudeBardsCollegeClassIngeScene2,Bards College Class Scene,None,AllowRepeatedStages,Dialogue\Haafingar\Solitude\,Julianos/Magnus/magic-study candidate,candidate-scan,readback-ok,3,0; 10; 20,,,,0 | 10 | 20,,20; 10,QF_DialogueSolitudeBardsColle_000E780E,6:Reference:Aia; 3:Reference:AtAfAlan; 9:Reference:Illdi; 4:Reference:Jorn; 8:Reference:Inge; 10:Reference:SceneTrigger,scan-only; exact stage/outcome semantics require dossier review
Skyrim.esm,Skyrim.esm,Skyrim.esm:0D6A1D,DialogueSolitudeBardsCollegeClassPanteaScene1,DialogueSolitudeBardsCollegeClassPanteaScene1,Bards College Class Scene,None,25,Dialogue\Haafingar\Solitude\,Julianos/Magnus/magic-study candidate,candidate-scan,readback-ok,3,0; 10; 20,,,,0 | 10 | 20,,20; 10,QF_DialogueSolitudeBardsColle_000D6A1D,6:Reference:Aia; 3:Reference:AtAfAlan; 9:Reference:Illdi; 4:Reference:Jorn; 8:Reference:Pantea; 11:Reference:Inge; 10:Reference:SceneTrigger,scan-only; exact stage/outcome semantics require dossier review
Skyrim.esm,Skyrim.esm,Skyrim.esm:0E780F,DialogueSolitudeBardsCollegeClassPanteaScene2,DialogueSolitudeBardsCollegeClassPanteaScene2,Bards College Class Scene,None,AllowRepeatedStages,Dialogue\Haafingar\Solitude\,Julianos/Magnus/magic-study candidate,candidate-scan,readback-ok,3,0; 10; 20,,,,0 | 10 | 20,,20; 10,QF_DialogueSolitudeBardsColle_000E780F,6:Reference:Aia; 3:Reference:AtAfAlan; 9:Reference:Illdi; 4:Reference:Jorn; 8:Reference:Pantea; 11:Reference:Inge; 10:Reference:SceneTrigger,scan-only; exact stage/outcome semantics require dossier review
Skyrim.esm,Skyrim.esm,Skyrim.esm:0367EB,DialogueSolitudeTempleScene1,DialogueSolitudeTempleScene1,Temple Conversation 1,None,0,Dialogue\Haafingar\Solitude\,quest-stage signal candidate,candidate-scan,readback-ok,0,,,,,,,,,0:Reference:Actor1; 1:Reference:Actor2; 2:Reference:Rorlund; 3:Reference:Freir,scan-only; exact stage/outcome semantics require dossier review
Skyrim.esm,Skyrim.esm,Skyrim.esm:0367ED,DialogueSolitudeTempleScene2,DialogueSolitudeTempleScene2,Temple Conversation 1,None,0,Dialogue\Haafingar\Solitude\,quest-stage signal candidate,candidate-scan,readback-ok,0,,,,,,,,,0:Reference:Actor1; 1:Reference:Actor2; 2:Reference:Rorlund; 4:Reference:Silana,scan-only; exact stage/outcome semantics require dossier review
Skyrim.esm,Skyrim.esm,Skyrim.esm:0367EE,DialogueSolitudeTempleScene3,DialogueSolitudeTempleScene3,Temple Conversation 1,None,0,Dialogue\Haafingar\Solitude\,quest-stage signal candidate,candidate-scan,readback-ok,0,,,,,,,,,0:Reference:Actor1; 1:Reference:Actor2; 3:Reference:Freir; 4:Reference:Silana,scan-only; exact stage/outcome semantics require dossier review
Skyrim.esm,Skyrim.esm,Skyrim.esm:0D74FC,DialogueWhiterunTemple,DialogueWhiterunTemple,,None,17,Dialogue\Whiterun Hold\Whiterun\,quest-stage signal candidate,candidate-scan,readback-ok,0,,,,,,,,,5:Reference:Healer; 6:Reference:Soldier; 7:Reference:Farmer,scan-only; exact stage/outcome semantics require dossier review
Skyrim.esm,Skyrim.esm,Skyrim.esm:0D8BE0,DialogueWhiterunTempleHealFarmer,DialogueWhiterunTempleHealFarmer,,None,17,Dialogue\Whiterun Hold\Whiterun\,quest-stage signal candidate,candidate-scan,readback-ok,0,,,,,,,,,5:Reference:Healer; 7:Reference:Farmer,scan-only; exact stage/outcome semantics require dossier review
Skyrim.esm,Skyrim.esm,Skyrim.esm:0D7D5B,DialogueWhiterunTempleHealSoldier,DialogueWhiterunTempleHealSoldier,,None,17,Dialogue\Whiterun Hold\Whiterun\,quest-stage signal candidate,candidate-scan,readback-ok,0,,,,,,,,,5:Reference:Healer; 6:Reference:Soldier,scan-only; exact stage/outcome semantics require dossier review
Skyrim.esm,Skyrim.esm,Skyrim.esm:019FD1,DialogueWhiterunTempleofKynarethScene1,DialogueWhiterunTempleofKynarethScene1,Whiterun Temple Convo System 1,None,0,Dialogue\Whiterun Hold\Whiterun\,quest-stage signal candidate,candidate-scan,readback-ok,0,,,,,,,,,3:Reference:Actor1; 4:Reference:Actor2; 1:Reference:Danica Pure-Spring; 2:Reference:Ahlam,scan-only; exact stage/outcome semantics require dossier review
Skyrim.esm,Skyrim.esm,Skyrim.esm:0D8BE1,DialogueWhiterunTempleTalkFarmer,DialogueWhiterunTempleTalkFarmer,,None,0,Dialogue\Whiterun Hold\Whiterun\,quest-stage signal candidate,candidate-scan,readback-ok,0,,,,,,,,,5:Reference:Healer; 7:Reference:Farmer,scan-only; exact stage/outcome semantics require dossier review
Skyrim.esm,Skyrim.esm,Skyrim.esm:0D8BE2,DialogueWhiterunTempleTalkSoldier,DialogueWhiterunTempleTalkSoldier,,None,0,Dialogue\Whiterun Hold\Whiterun\,quest-stage signal candidate,candidate-scan,readback-ok,0,,,,,,,,,5:Reference:Healer; 6:Reference:Soldier,scan-only; exact stage/outcome semantics require dossier review
Skyrim.esm,Skyrim.esm,Skyrim.esm:03618F,DialogueWinterholdCollege,DialogueWinterholdCollege,Winterhold College Dialogue,None,17,Dialogue\Winterhold\College\,Julianos/Magnus/magic-study candidate,candidate-scan,readback-ok,1,10,,,,10,,10,QF_DialogueWinterholdCollege_0003618F,0:Reference:MGStaffofMagnus; 1:Reference:Onmund; 2:Reference:Jzargo; 3:Reference:MGTorcAlias; 4:Reference:Tolfdir; 6:Location:SaarthalLocation; 7:Location:FellglowKeepLocation; 8:Reference:SavosArenAlias; 9:Reference:EnthirAlias,scan-only; exact stage/outcome semantics require dossier review
Skyrim.esm,Skyrim.esm,Skyrim.esm:037DD4,DialogueWinterholdCollegeArcanaeumScene02,DialogueWinterholdCollegeArcanaeumScene02,MG Arcanaeum Scene 2,None,0,Dialogue\Winterhold\College\,Julianos/Magnus/magic-study candidate,candidate-scan,readback-ok,0,,,,,,,,,0:Reference:Actor1; 1:Reference:Actor2; 2:Reference:UragAlias; 3:Reference:DrevisAlias,scan-only; exact stage/outcome semantics require dossier review
Skyrim.esm,Skyrim.esm,Skyrim.esm:037DD3,DialogueWinterholdCollegeArcanaeumScene03,DialogueWinterholdCollegeArcanaeumScene03,MG Arcanaeum Scene 3,None,0,Dialogue\Winterhold\College\,Julianos/Magnus/magic-study candidate,candidate-scan,readback-ok,0,,,,,,,,,0:Reference:Actor1; 1:Reference:Actor2; 2:Reference:UragAlias; 3:Reference:NiryaAlias,scan-only; exact stage/outcome semantics require dossier review
Skyrim.esm,Skyrim.esm,Skyrim.esm:037DD7,DialogueWinterholdCollegeArcanaeumScene04,DialogueWinterholdCollegeArcanaeumScene04,MG Arcanaeum Scene 4,None,0,Dialogue\Winterhold\College\,Julianos/Magnus/magic-study candidate,candidate-scan,readback-ok,0,,,,,,,,,0:Reference:Actor1; 1:Reference:Actor2; 2:Reference:UragAlias; 3:Reference:NiryaAlias,scan-only; exact stage/outcome semantics require dossier review
Skyrim.esm,Skyrim.esm,Skyrim.esm:037E7E,DialogueWinterholdCollegeArcanaeumScene05,DialogueWinterholdCollegeArcanaeumScene05,MG Arcanaeum Scene 5,None,0,Dialogue\Winterhold\College\,Julianos/Magnus/magic-study candidate,candidate-scan,readback-ok,0,,,,,,,,,0:Reference:Actor1; 1:Reference:Actor2; 2:Reference:UragAlias; 3:Reference:ConstanceAlias,scan-only; exact stage/outcome semantics require dossier review
Skyrim.esm,Skyrim.esm,Skyrim.esm:037E80,DialogueWinterholdCollegeArcanaeumScene06,DialogueWinterholdCollegeArcanaeumScene06,MG Arcanaeum Scene 6,None,0,Dialogue\Winterhold\College\,Julianos/Magnus/magic-study candidate,candidate-scan,readback-ok,0,,,,,,,,,0:Reference:Actor1; 1:Reference:Actor2; 2:Reference:UragAlias; 3:Reference:ColetteAlias,scan-only; exact stage/outcome semantics require dossier review
Skyrim.esm,Skyrim.esm,Skyrim.esm:05E2D7,DialogueWinterholdCollegeArcanaeumScene07,DialogueWinterholdCollegeArcanaeumScene07,MG Arcanaeum Scene 7,None,0,Dialogue\Winterhold\College\,Julianos/Magnus/magic-study candidate,candidate-scan,readback-ok,0,,,,,,,,,0:Reference:Actor1; 1:Reference:Actor2; 2:Reference:UragAlias; 3:Reference:SergiusAlias,scan-only; exact stage/outcome semantics require dossier review
Skyrim.esm,Skyrim.esm,Skyrim.esm:037EDA,DialogueWinterholdCollegeDormitoryScene01,DialogueWinterholdCollegeDormitoryScene01,MG Dormitory Scene 1,None,0,Dialogue\Winterhold\College\,Julianos/Magnus/magic-study candidate,candidate-scan,readback-ok,0,,,,,,,,,0:Reference:Actor1; 1:Reference:Actor2; 2:Reference:ArnielAlias; 3:Reference:EnthirAlias,scan-only; exact stage/outcome semantics require dossier review
Skyrim.esm,Skyrim.esm,Skyrim.esm:037EDC,DialogueWinterholdCollegeDormitoryScene02,DialogueWinterholdCollegeDormitoryScene02,MG Dormitory Scene 2,None,0,Dialogue\Winterhold\College\,Julianos/Magnus/magic-study candidate,candidate-scan,readback-ok,0,,,,,,,,,0:Reference:Actor1; 1:Reference:Actor2; 2:Reference:ArnielAlias; 3:Reference:EnthirAlias,scan-only; exact stage/outcome semantics require dossier review
Skyrim.esm,Skyrim.esm,Skyrim.esm:05D32A,DialogueWinterholdCollegeDormitoryScene03,DialogueWinterholdCollegeDormitoryScene03,MG Dormitory Scene 3,None,0,Dialogue\Winterhold\College\,Julianos/Magnus/magic-study candidate,candidate-scan,readback-ok,0,,,,,,,,,0:Reference:Actor1; 1:Reference:Actor2; 2:Reference:Brelyna; 3:Reference:Onmund,scan-only; exact stage/outcome semantics require dossier review
Skyrim.esm,Skyrim.esm,Skyrim.esm:05D32C,DialogueWinterholdCollegeDormitoryScene04,DialogueWinterholdCollegeDormitoryScene04,MG Dormitory Scene 4,None,0,Dialogue\Winterhold\College\,Julianos/Magnus/magic-study candidate,candidate-scan,readback-ok,0,,,,,,,,,0:Reference:Actor1; 1:Reference:Actor2; 2:Reference:Brelyna; 3:Reference:Onmund,scan-only; exact stage/outcome semantics require dossier review
Skyrim.esm,Skyrim.esm,Skyrim.esm:05D32E,DialogueWinterholdCollegeDormitoryScene05,DialogueWinterholdCollegeDormitoryScene05,MG Dormitory Scene 5,None,0,Dialogue\Winterhold\College\,Julianos/Magnus/magic-study candidate,candidate-scan,readback-ok,0,,,,,,,,,0:Reference:Actor1; 1:Reference:Actor2; 2:Reference:Jzargo; 3:Reference:Onmund,scan-only; exact stage/outcome semantics require dossier review
Skyrim.esm,Skyrim.esm,Skyrim.esm:05E2D9,DialogueWinterholdCollegeDormitoryScene06,DialogueWinterholdCollegeDormitoryScene06,MG Dormitory Scene 6,None,0,Dialogue\Winterhold\College\,Julianos/Magnus/magic-study candidate,candidate-scan,readback-ok,0,,,,,,,,,0:Reference:Actor1; 1:Reference:Actor2; 2:Reference:Arniel; 3:Reference:Brelyna,scan-only; exact stage/outcome semantics require dossier review
Skyrim.esm,Skyrim.esm,Skyrim.esm:05E2DB,DialogueWinterholdCollegeDormitoryScene07,DialogueWinterholdCollegeDormitoryScene07,MG Dormitory Scene 7,None,0,Dialogue\Winterhold\College\,Julianos/Magnus/magic-study candidate,candidate-scan,readback-ok,0,,,,,,,,,0:Reference:Actor1; 1:Reference:Actor2; 2:Reference:Arniel; 3:Reference:Nirya,scan-only; exact stage/outcome semantics require dossier review
Skyrim.esm,Skyrim.esm,Skyrim.esm:05E2DF,DialogueWinterholdCollegeDormitoryScene08,DialogueWinterholdCollegeDormitoryScene08,MG Dormitory Scene 8,None,0,Dialogue\Winterhold\College\,Julianos/Magnus/magic-study candidate,candidate-scan,readback-ok,0,,,,,,,,,0:Reference:Actor1; 1:Reference:Actor2; 2:Reference:Drevis; 3:Reference:Colette,scan-only; exact stage/outcome semantics require dossier review
Skyrim.esm,Skyrim.esm,Skyrim.esm:05E2E1,DialogueWinterholdCollegeDormitoryScene09,DialogueWinterholdCollegeDormitoryScene09,MG Dormitory Scene 9,None,0,Dialogue\Winterhold\College\,Julianos/Magnus/magic-study candidate,candidate-scan,readback-ok,0,,,,,,,,,0:Reference:Actor1; 1:Reference:Actor2; 2:Reference:Arniel; 3:Reference:Nirya,scan-only; exact stage/outcome semantics require dossier review
Skyrim.esm,Skyrim.esm,Skyrim.esm:0B3242,DialogueWinterholdCollegeDormitoryScene10,DialogueWinterholdCollegeDormitoryScene10,MG Dormitory Scene 10,None,0,Dialogue\Winterhold\College\,Julianos/Magnus/magic-study candidate,candidate-scan,readback-ok,0,,,,,,,,,4:Reference:Actor1; 5:Reference:Actor2; 2:Reference:Faralda; 3:Reference:Enthir,scan-only; exact stage/outcome semantics require dossier review
Skyrim.esm,Skyrim.esm,Skyrim.esm:0B3248,DialogueWinterholdCollegeDormitoryScene11,DialogueWinterholdCollegeDormitoryScene11,MG Dormitory Scene 11,None,0,Dialogue\Winterhold\College\,Julianos/Magnus/magic-study candidate,candidate-scan,readback-ok,0,,,,,,,,,0:Reference:Actor1; 1:Reference:Actor2; 2:Reference:Arniel; 3:Reference:Enthir,scan-only; exact stage/outcome semantics require dossier review
Skyrim.esm,Skyrim.esm,Skyrim.esm:037E82,DialogueWinterholdCollegeGHallScene01,DialogueWinterholdCollegeGHallScene01,MG Great Hall Scene 1,None,0,Dialogue\Winterhold\College\,Julianos/Magnus/magic-study candidate,candidate-scan,readback-ok,0,,,,,,,,,0:Reference:Actor1; 1:Reference:Actor2; 2:Reference:SavosAlias; 3:Reference:MirabelleAlias,scan-only; exact stage/outcome semantics require dossier review
Skyrim.esm,Skyrim.esm,Skyrim.esm:037E84,DialogueWinterholdCollegeGHallScene02,DialogueWinterholdCollegeGHallScene02,MG Great Hall Scene 2,None,0,Dialogue\Winterhold\College\,Julianos/Magnus/magic-study candidate,candidate-scan,readback-ok,0,,,,,,,,,0:Reference:Actor1; 1:Reference:Actor2; 2:Reference:SavosAlias; 3:Reference:MirabelleAlias,scan-only; exact stage/outcome semantics require dossier review
Skyrim.esm,Skyrim.esm,Skyrim.esm:037E86,DialogueWinterholdCollegeGHallScene03,DialogueWinterholdCollegeGHallScene03,MG Great Hall Scene 3,None,0,Dialogue\Winterhold\College\,Julianos/Magnus/magic-study candidate,candidate-scan,readback-ok,0,,,,,,,,,0:Reference:Actor1; 1:Reference:Actor2; 2:Reference:SavosAlias; 3:Reference:MirabelleAlias,scan-only; exact stage/outcome semantics require dossier review
Skyrim.esm,Skyrim.esm,Skyrim.esm:037ED8,DialogueWinterholdCollegeGHallScene04,DialogueWinterholdCollegeGHallScene04,MG Great Hall Scene 4,None,0,Dialogue\Winterhold\College\,Julianos/Magnus/magic-study candidate,candidate-scan,readback-ok,0,,,,,,,,,0:Reference:Actor1; 1:Reference:Actor2; 2:Reference:SavosAlias; 3:Reference:MirabelleAlias,scan-only; exact stage/outcome semantics require dossier review
Skyrim.esm,Skyrim.esm,Skyrim.esm:05E2DD,DialogueWinterholdCollegeGHallScene05,DialogueWinterholdCollegeGHallScene05,MG Great Hall Scene 5,None,0,Dialogue\Winterhold\College\,Julianos/Magnus/magic-study candidate,candidate-scan,readback-ok,0,,,,,,,,,0:Reference:Actor1; 1:Reference:Actor2; 2:Reference:AncanoAlias; 3:Reference:MirabelleAlias,scan-only; exact stage/outcome semantics require dossier review
Skyrim.esm,Skyrim.esm,Skyrim.esm:0B3240,DialogueWinterholdCollegeGHallScene06,DialogueWinterholdCollegeGHallScene06,MG Great Hall Scene 6,None,0,Dialogue\Winterhold\College\,Julianos/Magnus/magic-study candidate,candidate-scan,readback-ok,0,,,,,,,,,0:Reference:Actor1; 1:Reference:Actor2; 2:Reference:SavosAlias; 3:Reference:MirabelleAlias,scan-only; exact stage/outcome semantics require dossier review
Skyrim.esm,Skyrim.esm,Skyrim.esm:107E40,DialogueWinterholdCollegePostSceneQuest,DialogueWinterholdCollegePostSceneQuest,,None,0,,Julianos/Magnus/magic-study candidate,candidate-scan,readback-ok,0,,,,,,,,,0:Reference:Tolfdir; 1:Reference:Faralda; 2:Reference:Nirya; 4:Reference:Arniel; 5:Reference:Drevis; 6:Reference:Onmund; 7:Reference:Brelyna; 8:Reference:Jzargo; 9:Reference:Phinis; 10:Reference:Enthir,scan-only; exact stage/outcome semantics require dossier review
Skyrim.esm,Skyrim.esm,Skyrim.esm:065BDF,FreeformRiftenThane,FreeformRiftenThane,I Done Got Thaned!,Misc,17,Dialogue\The Rift\Riften\,quest-stage signal candidate,candidate-scan,readback-ok,4,10; 15; 20; 200,,,,10 | 15 | 20 | 200,10: Speak to the Jarl of Riften | 20: Purchase Honeyside from Riften's Steward | 30: Return to the Jarl of Riften,20; 200; 10; 15,QF_FreeformRiftenThane_00065BDF,2:Reference:FFRiftenThaneLailaJarlAlias; 5:Reference:FFRiftenThaneMavenJarlAlias; 3:Reference:FFRiftenThaneAnurielStewardAlias; 6:Reference:FFRiftenThaneHemmingStewardAlias; 4:Reference:FFRiftenThaneJarlWeaponAlias,scan-only; exact stage/outcome semantics require dossier review
Skyrim.esm,Skyrim.esm,Skyrim.esm:0E38C9,FreeformSkyhavenTempleA,FreeformSkyhavenTempleA,Rebuilding the Blades,Misc,25,,quest-stage signal candidate,candidate-scan,readback-ok,5,10; 20; 30; 40; 50,,,,10 | 20 | 30 | 40 | 50,10: Bring a follower to Delphine | 20: Bring a follower to Delphine | 30: Bring a follower to Delphine | 40: Ask Esbern about dragon lairs,20; 40; 50; 10; 30,QF_FreeformSkyHavenTempleA_000E38C9,0:Reference:Delphine; 7:Reference:Esbern; 2:Reference:Blade01; 3:Reference:Blade02; 4:Reference:Blade03,scan-only; exact stage/outcome semantics require dossier review
Skyrim.esm,Skyrim.esm,Skyrim.esm:0E3E67,FreeformSkyHavenTempleB,FreeformSkyHavenTempleB,Dragon Hunting,Misc,0,,quest-stage signal candidate,candidate-scan,readback-ok,6,5; 10; 15; 20; 25; 100,,,,5 | 10 | 15 | 20 | 25 | 100,10: Kill the Dragon in <Alias=DragonLair> | 20: Return to Esbern,20; 5; 10; 25; 15; 100,QF_FreeformSkyHavenTempleB_000E3E67,23:Location:DragonLair; 24:Reference:Boss; 25:Reference:LocationEdgeMarker; 30:Reference:SkyhavenCenter; 26:Reference:Blade01; 27:Reference:Blade02; 28:Reference:Blade03; 29:Reference:Esbern; 31:Reference:MapMarker,scan-only; exact stage/outcome semantics require dossier review
Skyrim.esm,Skyrim.esm,Skyrim.esm:0E6DE3,FreeformSkyHavenTempleC,FreeformSkyHavenTempleC,Dragonslayer's Blessing,Misc,17,,quest-stage signal candidate,candidate-scan,readback-ok,1,10,,,,10,,10,QF_FreeformSkyHavenTempleC_000E6DE3,,scan-only; exact stage/outcome semantics require dossier review
Skyrim.esm,Skyrim.esm,Skyrim.esm:0E6DF1,FreeformSkyHavenTempleD,FreeformSkyHavenTempleD,Dragon Research,Misc,273,,quest-stage signal candidate,candidate-scan,readback-ok,2,10; 100,,,,10 | 100,10: Bring a Dragon Scale and a Dragon Bone to Esbern,10; 100,QF_FreeformSkyHavenTempleD_000E6DF1,0:Reference:Esbern,scan-only; exact stage/outcome semantics require dossier review
Skyrim.esm,Skyrim.esm,Skyrim.esm:05D2E9,FreeformWinterholdCollegeA,FreeformWinterholdCollegeA,Research Thief,Misc,0,Faction\Mages Guild\,Julianos/Magnus/magic-study candidate,candidate-scan,readback-ok,4,0; 10; 20; 200,200,,0,0 [StartUpStage] | 10 | 20 | 200,,0; 200; 10; 20,QF_FreeformWinterholdCollegeA_0005D2E9,0:Reference:Faralda; 1:Reference:Nirya; 3:Reference:NotesMarker; 2:Reference:Notes,scan-only; exact stage/outcome semantics require dossier review
Skyrim.esm,Skyrim.esm,Skyrim.esm:0E357D,FreeformWinterholdCollegeB,FreeformWinterholdCollegeB,The Missing Apprentices,Misc,0,,Julianos/Magnus/magic-study candidate,candidate-scan,readback-ok,3,10; 20; 200,200,,,10 | 20 | 200,,20; 200; 10,QF_FreeformWinterholdCollegeB_000E357D,0:Reference:Questgiver,scan-only; exact stage/outcome semantics require dossier review
Skyrim.esm,Skyrim.esm,Skyrim.esm:01F251,MG01,MG01,First Lessons,MageGuild,273,Faction\Mages Guild\,Julianos/Magnus/magic-study candidate,candidate-scan,readback-ok,12,0; 3; 10; 20; 21; 22; 23; 24; 30; 40; 50; 200,200,,0,"0 [StartUpStage] | 3 | 10: I've found the College of Winterhold, where mages study the arcane arts in Skyrim. If I want to learn more about magic, I'll need to join their ranks. | 20: In order to join the College of Winterhold, I need to show I'm capable of simple magic by casting a Magelight spell.. | 21: In order to join the College of Winterhold, I need to show I'm capable of simple magic by summoning a Flame Atronach. | 22: In order to join the College of Winterhold, I need to show I'm capable of simple magic by casting a Firebolt spell. | 23: In order to join the College of Winterhold, I need to show I'm capable of simple magic by casting a Fear spell. | 24: In order to join the College of Winterhold, I need to show I'm capable of simple magic by casting Healing Hands on Nirya at the entrance to the College. | 30: I've been allowed to join the College of Winterhold, and need to find Mirablle Ervine for a tour of the grounds. | 40: I have joined the College of Winterhold. Mirabelle Ervine has agreed to show me around in order to become familiar with the grounds. | 50: I have joined the College of Winterhold, and after a tour of the grounds need to find Tolfdir, who looks after the new Apprentices. | 200 [ShutDownStage]: After joining the College of Winterhold and speaking with Tolfdir, I've learned a bit about wards and will be accompanying some of the others on an expedition.",10: Join the College of Winterhold | 20: Cast a Mage Light spell | 21: Summon a Flame Atronach | 22: Cast a Firebolt spell | 23: Cast a Fear Spell | 24: Cast a Healing Hands spell | 30: Report to Mirabelle Ervine | 40: Tour the College of Winterhold | 50: Listen to Tolfdir,0; 40; 22; 10; 23; 20; 200; 50; 30; 21; 3; 24,QF_MG01_0001F251,0:Reference:MG01MirabelleAlias; 1:Reference:MG01NiryaAlias; 2:Reference:MG01TolfdirAlias; 3:Reference:MG01OnmundAlias; 4:Reference:MG01BrelynaAlias; 5:Reference:MG01JzargoAlias; 6:Reference:MG01GateAlias; 7:Reference:MG01ClassroomExtDoor; 8:Reference:MG01ClassroomIntDoor; 9:Reference:MG01StoneAlias; 10:Reference:MG01AncanoAlias; 11:Reference:MG01FaraldaAlias; 13:Reference:Player; 14:Reference:CastMarker,scan-only; exact stage/outcome semantics require dossier review
Skyrim.esm,Skyrim.esm,Skyrim.esm:054D0A,MG01Pointer,MG01Pointer,College Objective Quest,Misc,0,Faction\Mages Guild\,Julianos/Magnus/magic-study candidate,candidate-scan,readback-ok,3,10; 200; 255,200,,10,10 [StartUpStage] | 200 [ShutDownStage] | 255,10: Visit the College of Winterhold,200; 10; 255,QF_MG01Pointer_00054D0A,0:Reference:Nirya,scan-only; exact stage/outcome semantics require dossier review
Skyrim.esm,Skyrim.esm,Skyrim.esm:0B812E,MG01ShoutUpdate,MG01ShoutUpdate,,None,0,,Julianos/Magnus/magic-study candidate,candidate-scan,readback-ok,2,0; 200,200,,0,0 [StartUpStage] | 200,,0; 200,QF_MG01ShoutUpdate_000B812E,,scan-only; exact stage/outcome semantics require dossier review
Skyrim.esm,Skyrim.esm,Skyrim.esm:01F252,MG02,MG02,Under Saarthal,MageGuild,RunOnce,Faction\Mages Guild\,Julianos/Magnus/magic-study candidate,candidate-scan,readback-ok,11,0; 10; 11; 20; 25; 30; 40; 50; 60; 70; 200,200,,0,"0 [StartUpStage]: Tolfdir has decided to take us to investigate the ruins of Saarthal to explore the more practical uses of magic. | 10: Tolfdir has asked the Apprentices to meet him at Saarthal, the site of an ongoing excavation by the College. | 11 | 20 | 25: In the College excavation at Saarthal, I've been asked to assist Arniel Gane with his work uncovering the ruins. | 30: I've been asked to assist Arniel Gane in his work at the excavation in Saarthal by collecting enchanted objects scattered around the ruins. | 40: While helping in the excavation in Saarthal by gathering enchanted items, I somehow triggered some sort of trap. It has revealed an unexplored section of the ruins, and Tolfdir would like me to follow him further in. | 50: While following Tolfdir through an unexplored section of Saarthal, a vision from the Psijic Order has suggested that something has been set in motion by the exploration of Saarthal. Tolfdir should be warned. | 60: While in an unexplored area of Saarthal, I received a vision from someone in the Psijic Order saying there's something dangerous in Saarthal. Despite this, Tolfdir wishes to forge ahead and has asked that I follow him. | 70: During an expedition to Saarthal, I uncovered a new section of the ruins, and was warned by a vision from someone in the Psijic Order of danger within. Despite this, Tolfdir and I have explored further and found a strange orb buried deep within Saarthal. Tolfdir has asked that I take news of the discovery to the Arch-Mage. | 200: I've delivered word to the Arch-Mage that something interesting was found deep within Saarthal.",10: Meet Tolfdir outside Saarthal | 20: Follow Tolfdir | 25: Find Arniel Gane | 30: Search for magical artifacts (<Global=MG02ItemsFound>/<Global=MG02ItemsTotal>) | 35: Use the Saarthal Amulet to escape the trap | 40: Follow Tolfdir | 50: Tell Tolfdir about the vision | 60: Follow Tolfdir | 65: Find the danger within Saarthal | 70: Talk to the Arch-Mage,0; 11; 10; 25; 20; 60; 50; 30; 200; 70; 40; 40,QF_MG02_0001F252,0:Reference:MG02TolfdirAlias; 1:Reference:MG02AmuletTriggerAlias; 2:Reference:MG02SavosArenAlias; 3:Reference:MG02NerienAlias; 4:Reference:MG02BrelynaAlias; 5:Reference:MG02OnmundAlias; 6:Reference:MG02JzargoAlias; 7:Reference:MG02ArnielAlias; 10:Reference:MG02SaarthalDoor; 11:Reference:MG02WallAlias; 12:Reference:MG02TolfdirLectureTrigger1; 13:Reference:MG02TolfdirLectureTrigger2; 14:Reference:MG02TolfdirLectureTrigger3; 15:Reference:MG02Stage20FGTrigger; 16:Reference:MG02TransitionDoorTrigger; 18:Reference:MG02TolfdirTunnelSceneTrigger1; 19:Reference:MG02TolfdirTunnelSceneTrigger2; 20:Reference:MG02EnchantedItemLocation01; 21:Reference:MG02EnchantedItemLocation02; 22:Reference:MG02EnchantedItemLocation03; 23:Reference:MG02EnchantedItem01; 24:Reference:MG02EnchantedItem02; 25:Reference:MG02EnchantedItem03; 26:Reference:MG02EyeAlias; 27:Reference:MG02TolfdirStartMarker; 28:Reference:MG02Player; 29:Reference:Saarthal02ExitDoor; 30:Reference:HoldingChest; 31:Reference:MG02AmuletAlias,scan-only; exact stage/outcome semantics require dossier review
Skyrim.esm,Skyrim.esm,Skyrim.esm:08563B,MG02MinerDialogue,MG02MinerDialogue,Saarthal Miner Dialogue,None,17,,Julianos/Magnus/magic-study candidate,candidate-scan,readback-ok,0,,,,,,,,,,scan-only; exact stage/outcome semantics require dossier review
Skyrim.esm,Skyrim.esm,Skyrim.esm:0FBFDD,MG02MonkSceneQuest,MG02MonkSceneQuest,,MainQuest,4352,,Julianos/Magnus/magic-study candidate,candidate-scan,readback-ok,2,0; 200,,,0,0 [StartUpStage] | 200 [ShutDownStage],,0; 200,QF_MG02MonkSceneQuest_000FBFDD,0:Reference:Actor01; 1:Reference:Actor02; 2:Reference:Actor03; 3:Reference:Actor04; 4:Reference:Actor05; 5:Reference:Actor06; 6:Reference:Actor07; 7:Reference:Actor08; 8:Reference:Actor09; 9:Reference:Actor10; 10:Reference:Actor11; 11:Reference:Actor12; 12:Reference:Actor13; 13:Reference:Actor14; 14:Reference:Actor15; 15:Reference:Actor16; 16:Reference:Actor17; 17:Reference:Actor18; 18:Reference:Actor19; 19:Reference:Actor20; 20:Reference:Actor21; 21:Reference:Actor22; 22:Reference:Actor23,scan-only; exact stage/outcome semantics require dossier review
Skyrim.esm,Skyrim.esm,Skyrim.esm:01F253,MG03,MG03,Hitting the Books,MageGuild,RunOnce,Faction\Mages Guild\,Julianos/Magnus/magic-study candidate,candidate-scan,readback-ok,8,0; 10; 20; 30; 50; 55; 60; 200,200,,0,"0 [StartUpStage] | 10: With Tolfdir still occupied in Saarthal, I need to speak to Mirabelle Ervine to find out about researching the discovery in Saarthal. | 20: Since Tolfdir is not available, I've been asked by Mirabelle Ervine to look into information on the object we found in Saarthal by talking to Urag gro-Shub in the Arcanaeum. | 30: I've been asked to find more information on the object found in Saarthal. Urag suggested that useful books may have been stolen from the Arcanaeum by Othorn, a former Apprentice at the College. His last known location was Fellglow Keep. | 50: In attempting to track down books that may have information about Saarthal, I've been exploring Fellglow Keep and have located Orthorn, the former apprentice who stole the books in the first place. He's now a prisoner, and has begged me to free him. | 55: I've freed Orthorn from Fellglow Keep, and he has offered to help me find the books I'm looking for. | 60: I was asked to find books that may have information about the object discovered in Saarthal, and traveled to Fellglow Keep to retrieve them from Orthorn, a former Apprentice at the College. I've found the books and now need to see them returned to the College. | 200: I've returned to the College with the books from Fellglow Keep. One of the books, ""Night of Tears"", has some information about Saarthal that Urag found very interesting.",10: Speak with Mirabelle Ervine | 20: Speak with Urag gro-Shub | 30: Find the stolen books (<Global=MG03BooksFound>/<Global=MG03BooksTotal>) | 50: (Optional) Free Orthorn | 60: Return the books,0; 60; 50; 200; 10; 55; 30; 20,QF_MG03_0001F253,0:Reference:MG03MirabelleErvine; 1:Reference:MG03UragGroShub; 3:Reference:MG03Orthorn; 4:Reference:MG03Book01; 6:Reference:MG03CallerAlias; 5:Reference:MG03CallerTriggerAlias; 7:Reference:MG03SummonMarker1; 9:Reference:MG03SummonMarker2; 10:Reference:MG03CallerSummon01; 11:Reference:MG03CallerSummon02; 12:Reference:MG03FellglowEnableMarker; 13:Reference:MG03OrthornGuard; 14:Reference:MG03Book2; 15:Reference:MG03Book3; 16:Reference:FellglowDungeonDoor; 17:Reference:FellglowKeepInteriorDoor; 22:Reference:MG03Tolfdir; 23:Reference:SaarthalEye; 24:Reference:CollegeEye; 26:Reference:FellglowRitualRoomDoor; 27:Reference:MG03JzargoAlias; 28:Reference:MG03NiryaAlias; 29:Reference:MG03AncanoAlias; 30:Reference:MG03SavosAlias; 31:Reference:MG03ArchMageDoor; 32:Reference:MG03TolfdirHallMarker; 33:Reference:MG03Faralda,scan-only; exact stage/outcome semantics require dossier review
Skyrim.esm,Skyrim.esm,Skyrim.esm:076C30,MG03_dunFellglowKeepQST,MG03_dunFellglowKeepQST,,None,0,Dungeons\,Julianos/Magnus/magic-study candidate,candidate-scan,readback-ok,10,0; 1; 10; 21; 22; 25; 30; 40; 50; 255,,,1,0 | 1 [StartUpStage]: ; | 10 | 21 | 22 | 25 | 30 | 40 | 50 | 255,,40; 255; 10; 22; 30; 21; 1; 25,QF_dunFellglowKeepQST_00076C30,10:Reference:PrisonerSceneWarlock; 11:Reference:PetSceneWarlock; 12:Reference:PetScene_Pet1; 13:Reference:PetScene_Pet2; 14:Reference:Prisoner01; 16:Reference:Prisoner02; 15:Reference:Prisoner03; 19:Reference:JailGuard; 22:Reference:FiringRangeMage2; 23:Reference:FiringRangeMage3; 24:Reference:JailWolf1; 25:Reference:JailWolf2; 26:Reference:FiringRangeMaster; 27:Reference:CagedPrisoner; 28:Reference:NecromancerLeader; 29:Reference:NecromancerAssistant,scan-only; exact stage/outcome semantics require dossier review
Skyrim.esm,Skyrim.esm,Skyrim.esm:01F254,MG04,MG04,Good Intentions,MageGuild,RunOnce,Faction\Mages Guild\,Julianos/Magnus/magic-study candidate,candidate-scan,readback-ok,10,0; 10; 15; 20; 30; 40; 45; 50; 60; 200,200,,0,"0 [StartUpStage] | 10: Urag has asked me to mention the Night of Tears book to Tolfdir. | 15: I've mentioned the Night of Tears book to Tolfdir, who seems distracted by the orb from Saarthal, and has some additional thoughts about it. | 20: While discussing the Saarthal orb with Tolfdir, Ancano interrupted and insisted I follow him. | 30: Ancano interrupted my conversation with Tolfdir to insist that I speak with someone claiming to be from the Psijic Order, who is waiting in the Arch-Mage's quarters in the College. | 40: I've been led to the Arch-Mage's quarters by Ancano, who was insistent that I speak to someone claiming to be from the Psijic Order. The monk, named Quaranir, has informed me that the ""Eye of Magnus"" is dangerous and that to learn how to deal with it, I need to speak with The Augur of Dunlain within the College. I should ask my fellow members where to find him. | 45: I've been led to the Arch-Mage's quarters by Ancano, who was insistent that I speak to someone claiming to be from the Psijic Order. The monk, named Quaranir, has informed me that the ""Eye of Magnus"" is dangerous and that to learn how to deal with it, I need to speak with The Augur of Dunlain within the College. He can be found in the Midden, beneath the College. | 50: After speaking with Quaranir from the Psijic Order and being warned of the danger of keeping the Eye of Magnus at the College, I sought out and talked to the Augur of Dunlain, who lives in the Midden underneath the College. The Augur told me that I'll need to find the Staff of Magnus, and to give that information to my superiors immediately. | 60 | 200: After speaking privately with a monk from the Psijic Order, I have been warned that the ""Eye of Magnus"" is potentially dangerous and must be dealt with. After consulting with the Augur of Dunlain beneath the College, I have brought word to the Arch-Mage that the Staff of Magnus needs to be located.",10: Speak with Tolfdir | 15: Listen to Tolfdir | 20: Follow Ancano | 30: Speak with Quaranir | 40: Find the Augur of Dunlain | 50: Report to Savos Aren,0; 40; 10; 15; 20; 60; 50; 30; 200,QF_MG04_0001F254,0:Reference:MG04AncanoAlias; 1:Reference:MG04QuaranirAlias; 2:Reference:MG04MirabelleAlias; 3:Reference:MG04SavosArenAlias; 4:Reference:MG04AugurAlias; 5:Reference:MG04TolfdirAlias; 6:Reference:MG04AugurSpeaker1; 7:Reference:MG04AugurSpeaker2; 8:Reference:MG04AugurSpeaker3; 9:Reference:MG04AugurSpeaker4; 10:Reference:Trigger1; 11:Reference:Trigger2; 12:Reference:Trigger3; 13:Reference:MG04AugurDoor; 14:Reference:MG04UragAlias; 15:Reference:MG04EyeAlias; 16:Reference:MG04QuaranirSceneTrigger; 17:Reference:MG04ArchMageDoor; 18:Reference:MG04AugurFlame,scan-only; exact stage/outcome semantics require dossier review
Skyrim.esm,Skyrim.esm,Skyrim.esm:076F39,MG04MonkSceneQuest,MG04MonkSceneQuest,,MainQuest,4352,,Julianos/Magnus/magic-study candidate,candidate-scan,readback-ok,2,0; 200,,,0,0 [StartUpStage] | 200 [ShutDownStage],,0; 200,QF_MG04MonkSceneQuest_00076F39,0:Reference:Actor01; 1:Reference:Actor02; 2:Reference:Actor03; 3:Reference:Actor04; 4:Reference:Actor05; 5:Reference:Actor06; 6:Reference:Actor07; 7:Reference:Actor08; 8:Reference:Actor09; 9:Reference:Actor10; 10:Reference:Actor11; 11:Reference:Actor12; 12:Reference:Actor13; 13:Reference:Actor14; 14:Reference:Actor15; 15:Reference:Actor16; 16:Reference:Actor17; 17:Reference:Actor18; 18:Reference:Actor19; 19:Reference:Actor20; 20:Reference:Actor21; 21:Reference:Actor22; 22:Reference:Actor23; 27:Reference:PlayerPositionMarker,scan-only; exact stage/outcome semantics require dossier review
Skyrim.esm,Skyrim.esm,Skyrim.esm:01F255,MG05,MG05,Containment,MageGuild,RunOnce,Faction\Mages Guild\,Julianos/Magnus/magic-study candidate,candidate-scan,readback-ok,9,0; 1; 10; 20; 25; 30; 40; 50; 200,200,,0,"0 [StartUpStage] | 1 | 10 | 20: Ancano has done something to the Eye of Magnus, causing the orb to release incredible amounts of energy, and possibly putting the area in danger. I need to find the Arch-Mage and make sure he's safe. | 25 | 30: Ancano has done something to the Eye of Magnus, causing the orb to release incredible amounts of energy, damaging the College and killing the Arch-Mage. The town of Winterhold may be affected as well, and needs to be secured. | 40 | 50: Winterhold now appears to be safe from the creatures attacking it. Mirabelle needs to be informed of what's going on. | 200: The town of Winterhold has been secured for now, but the Eye of Magnus cannot be reached and continues to jeopardize the College.",10: Assess the damage to the Great Hall | 20: Find the Arch-Mage | 30: Protect the town of Winterhold | 40: Defeat the creatures infesting Winterhold (<Global=MG05CreaturesKilled>/<Global=MG05CreaturesTotal>) | 50: Report to Mirabelle Ervine,0; 40; 50; 200; 10; 25; 30; 20,QF_MG05_0001F255,0:Reference:MG05AncanoAlias; 1:Reference:MG05MirabelleAlias; 2:Reference:MG05FaraldaAlias; 3:Reference:MG05ArnielGaneAlias; 4:Reference:MG05SavosArenAlias; 6:Reference:MG05CreatureAlias01; 7:Reference:MG05CreatureAlias02; 8:Reference:MG05CreatureAlias03; 31:Reference:MG05CreatureAlias04; 32:Reference:MG05CreatureAlias05; 33:Reference:MG05CreatureAlias06; 34:Reference:MG05CreatureAlias07; 35:Reference:MG05CreatureAlias08; 36:Reference:MG05CreatureAlias09; 37:Reference:MG05CreatureAlias010; 9:Reference:MGGateAlias; 10:Reference:MG05FaraldaGateMarker; 11:Reference:MG05ArnielGateMarker; 12:Reference:MG05NelacarAlias; 13:Reference:MG05KraldarAlias; 14:Reference:MG05AssurAlias; 15:Reference:MG05KorirAlias; 16:Reference:MG05ThaenaAlias; 17:Reference:MG05BirnaAlias; 18:Reference:MG05RanmirAlias; 19:Reference:MG05DagurAlias; 20:Reference:MG05HaranAlias; 21:Reference:MG05EiridAlias; 22:Reference:MG05TolfdirAlias; 23:Location:Winterhold; 24:Reference:WinterholdGuard1; 25:Reference:WinterholdGuard2; 26:Reference:WinterholdGuard3; 27:Reference:MGGate; 28:Reference:MG05GuardMarker01; 29:Reference:MG05GuardMarker02; 30:Reference:MG05GuardMarker03; 38:Reference:MG05SergiusAlias; 39:Reference:MG05DrevisAlias; 40:Reference:MG05NiryaAlias,scan-only; exact stage/outcome semantics require dossier review
Skyrim.esm,Skyrim.esm,Skyrim.esm:01F256,mg06,mg06,Revealing the Unseen,MageGuild,260,Faction\Mages Guild\,Julianos/Magnus/magic-study candidate,candidate-scan,readback-ok,15,0; 10; 20; 25; 30; 32; 35; 37; 40; 50; 55; 60; 70; 99; 200,200,,0,"0 [StartUpStage] | 10: I've been asked to speak with Mirabelle Ervine to follow up on the Staff of Magnus. | 20: Mirabelle has told me that members of the Synod recently visited the College, mentioning the Staff of Magnus. They were last known to be heading towards Mzulft; they may know more about where to find the staff. | 25 | 30: At Mirabelle's suggestion, I entered the ruins of Mzulft searching for the Synod researchers. I found one man who died, and suggested that more people may be inside at something called The Oculory. I should head further into the ruins to see what's going on. | 32: At Mirabelle's suggestion, I entered the ruins of Mzulft searching for the Synod researchers. I found Paratus Decimius, who appears to be the only surviving member of the Synod expedition, and who has insisted that a ""focusing crystal"" is necessary to finish his experiment but was stolen by the Falmer. | 35: Exploring Mzulft while looking for information about the Staff of Magnus, I've encountered Paratus Decimius, the sole surviving member of a Synod expedition. I've found the focusing crystal he needs to finish his experiment, and should return it to him. | 37 | 40: Paratus Decimius may know the location of the Staff of Magnus, but has asked for my help in completing an experiment in Mzulft. I need to follow him to the top of the ruins. | 50: Paratus Decimius may know the location of the Staff of Magnus, but has asked for my help in completing an experiment in Mzulft. I need to use magic to attenuate Paratus' focusing crystal, and then manipulate the dwarven machinery to line up the beams of light. | 55 | 60: Traveling to Mzulft in search of the Synod, I found Paratus Decimius who helped me learn that the Staff of Magnus is located in Labyrinthian. This information needs to get back to Savos Aren at the College immediately. | 70: After traveling to Mzulft and learning that the Staff of Magnus is located within Labyrinthian, I returned to the College to give the news to Arch-Mage Aren. Aren, however, is more concerned with the Eye of Magnus at the moment, since Ancano has locked himself in the Hall of the Elements with it. I need to help the Arch-Mage reach him at once. | 99 | 200: After finding the Synod in Mzulft, I learned that the Staff of Magnus can be found in Labyrinthian, and brought this news to the Arch-Mage.",10: Speak with Mirabelle Ervine | 20: Find the ruins of Mzulft | 25: Search for Synod researchers | 30: Reach the Oculory | 32: Find the Focusing Crystal | 35: Return the Crystal to Paratus | 37: Follow Paratus | 40: Place the Crystal into the Oculory | 50: Focus the Oculory | 55: Talk to Paratus | 60: Report to Savos Aren | 70: Reach Ancano,0; 40; 10; 25; 60; 35; 20; 200; 50; 37; 30; 99; 32; 55,QF_MG06_0001F256,0:Reference:MG06MirabelleAlias; 1:Reference:MG06AncanoAlias; 5:Reference:MG06GavrosAlias; 19:Reference:MG06Journal; 6:Reference:MG06NerienAlias; 7:Reference:MG06TandilAlias; 8:Reference:MG06SavosArenAlias; 9:Reference:Stage30TargetMarker1; 10:Reference:Stage30TargetMarker2; 12:Reference:MG06TelescopeActivator; 13:Reference:MG06ParatusAlias; 17:Location:MzulftLoc; 15:Reference:MG06FalmerBoss; 14:Reference:MG06Crystal; 18:Reference:MG06Sergius; 20:Reference:MG06CrystalTarget; 21:Reference:MG06StartingKey; 22:Reference:ObservatoryKeyContainer; 23:Reference:ObservatoryKey; 24:Reference:ArmillaryButton02,scan-only; exact stage/outcome semantics require dossier review
Skyrim.esm,Skyrim.esm,Skyrim.esm:01F257,MG07,MG07,The Staff of Magnus,MageGuild,RunOnce,Faction\Mages Guild\,Julianos/Magnus/magic-study candidate,candidate-scan,readback-ok,10,0; 10; 20; 30; 40; 50; 60; 70; 80; 200,200,,0,"0 [StartUpStage] | 10: I need to retrieve the Staff of Magnus from within Labyrinthian and return with it to the College of Winterhold. Only the staff will help me put an end to Ancano's abuse of the Eye of Magnus. | 20 | 30 | 40 | 50: I have recovered the Staff of Magnus, and need to get it back to the College at once. | 60 | 70 | 80 | 200: I have recovered the Staff of Magnus.",10: Enter Labyrinthian | 20: Find the Staff of Magnus | 30: Defeat the Dragon Priest | 40: Retrieve the Staff of Magnus | 50: Exit Labrynthian | 60: Escape the Thalmor | 70: Find a way out of Labrynthian | 80: Return to Tolfdir,0; 60; 50; 200; 10; 80; 70; 20,QF_MG07_0001F257,0:Reference:MG07AncanoAlias; 1:Reference:MG07EstormoAlias; 2:Reference:MG07MurilAlias; 11:Reference:MG07DragonPriest; 3:Reference:MG07StaffAlias; 4:Reference:MG07TolfdirAlias; 5:Reference:MG07CreatureSpawner; 6:Reference:MG07CreatureAlias01; 7:Reference:MG07FaraldaAlias; 8:Reference:MG07ArnielAlias; 9:Reference:MG07LabyrinthianExtDoorAlias; 10:Reference:MG07Portcullis; 12:Reference:Worldspace02QTMarker; 13:Reference:MG07PriestTauntVoice; 14:Reference:MG07MirabelleAlias; 15:Reference:MG07SavosGhostAlias; 16:Reference:MG07HafnarGhostAlias; 17:Reference:MG07AtmahGhostAlias; 19:Reference:MG07GirduinGhostAlias; 20:Reference:MG07ElvaliGhostAlias; 21:Reference:MG07TakesGhostAlias; 22:Reference:MG07GhostEnableParentAlias; 24:Reference:Thrall01; 25:Reference:Thrall02,scan-only; exact stage/outcome semantics require dossier review
Skyrim.esm,Skyrim.esm,Skyrim.esm:01F258,MG08,MG08,The Eye of Magnus,MageGuild,RunOnce,Faction\Mages Guild\,Julianos/Magnus/magic-study candidate,candidate-scan,readback-ok,8,0; 1; 10; 20; 30; 40; 50; 200,200,,0,"0 [StartUpStage] | 1 | 10: The Staff of Magnus has been recovered, and so it's time to assault the College of Winterhold and strike down Ancano. | 20 | 30 | 40: Ancano has been defeated, but there's still a tremendous amount of energy coming out of the Eye of Magnus. I need to talk to Tolfdir about what to do next. | 50 | 200: Ancano has been defeated. The Psijic Monks have removed the Eye of Magnus from the College, saying that the world is not ready for such a thing. With the crisis over, I have been named the new Arch-Mage of the College.",0 | 10: Use the Staff of Magnus to enter the College of Winterhold | 20: Reach the Hall of the Elements | 30: Defeat Ancano | 40: Talk to Tolfdir | 50: Speak with Quaranir,0; 40; 50; 200; 10; 1; 30; 20,QF_MG08_0001F258,0:Reference:MG08AncanoAlias; 1:Reference:MG08TandilAlias; 2:Reference:MG08GelebrosAlias; 4:Reference:MG08TolfdirAlias; 5:Reference:MGGate; 6:Reference:MG08QuaranirAlias; 7:Reference:MG08EyeAlias; 8:Reference:MG08RubbleEnableMarker; 9:Reference:MG08Faralda; 10:Reference:MG08SergiusAlias; 11:Reference:MG08ArnielAlias; 12:Reference:MG08GateAlias,scan-only; exact stage/outcome semantics require dossier review
Skyrim.esm,Skyrim.esm,Skyrim.esm:0E0C67,MGCollegeLectureInfos,MGCollegeLectureInfos,College Lectures,None,0,Faction\Mages Guild\,Julianos/Magnus/magic-study candidate,candidate-scan,readback-ok,2,0; 10,,,0,0 [StartUpStage] | 10,,0,QF_MGCollegeLectures_000E0C67,0:Reference:Drevis; 1:Reference:Nirya; 2:Reference:Tolfdir; 3:Reference:Faralda; 4:Reference:Phinis; 5:Reference:Arniel; 6:Reference:Enthir; 7:Reference:Colette; 8:Reference:Mirabelle; 9:Reference:Ancano; 10:Reference:Urag,scan-only; exact stage/outcome semantics require dossier review
Skyrim.esm,Skyrim.esm,Skyrim.esm:01C5D9,MQ00,MQ00,MQ Always On,None,17,Main Quest\,main-quest/Dragonborn candidate,candidate-scan,readback-ok,3,5; 10; 15,,,,5 | 10 | 15,,5; 10; 15,QF_MQ00_0001C5D9,3:Reference:Esbern; 6:Reference:Delphine; 4:Reference:ElderScroll; 7:Reference:EsbernDreamLookTarget,scan-only; exact stage/outcome semantics require dossier review
Skyrim.esm,Skyrim.esm,Skyrim.esm:03372B,MQ101,MQ101,Unbound,MainQuest,RunOnce,Main Quest\,main-quest/Dragonborn candidate,candidate-scan,readback-ok,124,0; 2; 3; 5; 6; 7; 8; 9; 10; 12; 14; 15; 20; 22; 25; 26; 27; 28; 30; 32; 35; 37; 39; 40; 41; 42; 43; 45; 46; 50; 52; 54; 56; 58; 60; 62; 64; 65; 67; 70; 75; 80; 81; 82; 84; 85; 90; 95; 97; 98; 99; 100; 120; 130; 140; 145; 150; 160; 180; 190; 195; 200; 202; 210; 220; 240; 250; 252; 255; 256; 257; 258; 260; 265; 267; 268; 270; 272; 275; 280; 285; 290; 292; 300; 305; 310; 315; 317; 318; 320; 340; 350; 360; 365; 368; 370; 380; 390; 395; 400; 450; 460; 470; 480; 485; 490; 500; 550; 560; 600; 630; 650; 700; 705; 710; 720; 725; 730; 750; 760; 780; 800; 900; 1000,900,,0,"0 [StartUpStage] | 2 | 3 | 5 | 6 | 7 | 8 | 9 | 10 | 12 | 14 | 15 | 20 | 22 | 25 | 26 | 27 | 28 | 30 | 32 | 35 | 37 | 39 | 40 | 41 | 42 | 43 | 45 | 46 | 50 | 52 | 54 | 56 | 58 | 60 | 62 | 64 | 65 | 67 | 70 | 75 | 80 | 81 | 82 | 84 | 85 | 90 | 95 | 97 | 98 | 99 | 100 | 120 | 130 | 140 | 145 | 150: I have been captured by the Empire and sentenced to death alongside the Stormcloak rebels. We were taken to Helgen, but before I could be executed a dragon appeared and attacked the town. I need to find some way to escape. | 160 | 180: I have been captured by the Empire and sentenced to death alongside the Stormcloak rebels. We were taken to Helgen, but before I could be executed a dragon appeared and attacked the town. I need to find some way to escape. | 190 | 195 | 200 | 202 | 210 | 220 | 240 | 250 | 252 | 255 | 256 | 257 | 258 | 260 | 265 | 267 | 268 | 270 | 272 | 275 | 280 | 285 | 290 | 292 | 300 | 305 | 310 | 315 | 317 | 318 | 320 | 340 | 350 | 360 | 365 | 368 | 370 | 380 | 390 | 395 | 400 | 450 | 460 | 470 | 480 | 485 | 490 | 500 | 550 | 560 | 600 | 630 | 650 | 700 | 705 | 710 | 720 | 725 | 730 | 750 | 760 | 780 | 800 | 900: I have escaped both my execution and a dragon attack at Helgen. I now have my freedom to do as I see fit in Skyrim. | 1000",30: Make your way to the Keep | 50: Enter the Keep with Hadvar or Ralof | 60: Find some equipment | 65: Loot Gunjar's body | 70: (Optional) Search the barrel for potions | 75: (Optional) Attempt to pick the lock to the cage | 100: Escape Helgen,0; 0; 0; 0; 0; 290; 140; 270; 270; 270; 160; 39; 98; 460; 460; 9; 2; 37; 46; 1000; 268; 85; 210; 380; 380; 25; 705; 315; 730; 60; 550; 480; 650; 41; 27; 252; 370; 220; 80; 600; 28; 318; 760; 240; 272; 190; 50; 368; 30; 30; 64; 630; 58; 130; 300; 300; 300; 5; 14; 710; 900; 267; 256; 12; 7; 450; 450; 450; 500; 500; 500; 75; 265; 32; 43; 285; 145; 340; 22; 390; 725; 90; 81; 20; 305; 310; 310; 310; 317; 700; 700; 700; 180; 56; 560; 35; 40; 257; 257; 257; 67; 100; 275; 15; 400; 400; 400; 65; 395; 42; 360; 360; 360; 6; 780; 292; 365; 260; 70; 202; 45; 10; 10; 10; 750; 97; 800; 800; 800; 195; 200; 320; 320; 320; 490; 485; 99; 3; 8; 280; 255; 255; 255; 470; 120; 95; 84; 52; 720; 150; 258; 350; 26; 82; 54; 250; 250; 250; 62,QF_MQ101_0003372B,63:Location:Helgen; 119:Reference:Player; 1:Reference:Hadvar; 12:Reference:Ralof; 4:Reference:GeneralTullius; 9:Reference:Elenwen; 13:Reference:Ulfric; 30:Reference:Alduin; 22:Reference:PlayerStartMarker; 23:Reference:RalofStartMarker; 37:Reference:StormcloakPrisoner1StartMarker; 39:Reference:StormcloakPrisoner2StartMarker; 40:Reference:StormcloakPrisoner3StartMarker; 41:Reference:StormcloakPrisoner4StartMarker; 113:Reference:DeadStormcloakHeadtrackMarker; 66:Reference:TortureRoomStormcloak1StartMarker; 67:Reference:TortureRoomStormcloak2StartMarker; 95:Reference:TortureRoomStormcloak3StartMarker; 158:Reference:HallwayStormcloakStartMarker1; 159:Reference:HallwayStormcloakStartMarker2; 160:Reference:HallwayStormcloakStartMarker3; 161:Reference:TortureRoomImperialMarker1; 162:Reference:TortureRoomImperialMarker2; 163:Reference:TortureRoomImperialMarker3; 74:Reference:PoolRoomEnemy1StartMarker; 75:Reference:PoolRoomEnemy2StartMarker; 76:Reference:PoolRoomEnemy3StartMarker; 77:Reference:PoolRoomEnemy4StartMarker; 78:Reference:PoolRoomEnemy5StartMarker; 24:Reference:HadvarStartMarker; 25:Reference:TulliusStartMarker; 26:Reference:UlfricStartMarker; 27:Reference:ElenwenStartMarker; 28:Reference:PrisonerMarker1; 14:Reference:Prisoner01; 38:Reference:StormcloakPrisoner01; 42:Reference:StormcloakPrisoner02; 43:Reference:StormcloakPrisoner03; 44:Reference:StormcloakPrisoner04; 134:Reference:StoreroomImperial1,scan-only; exact stage/outcome semantics require dossier review
Skyrim.esm,Skyrim.esm,Skyrim.esm:0D0593,MQ101DragonAttack,MQ101DragonAttack,,MainQuest,RunOnce,Main Quest\,main-quest/Dragonborn candidate,candidate-scan,readback-ok,42,5; 10; 15; 20; 22; 25; 30; 35; 40; 50; 75; 100; 103; 105; 110; 120; 130; 150; 151; 152; 155; 156; 158; 160; 161; 162; 163; 164; 165; 168; 170; 171; 172; 173; 174; 175; 180; 181; 190; 192; 195; 200,,,,5 | 10 | 15 | 20 | 22 | 25 | 30 | 35 | 40 | 50 | 75 | 100 | 103 | 105 | 110 | 120 | 130 | 150 | 151 | 152 | 155 | 156 | 158 | 160 | 161 | 162 | 163 | 164 | 165 | 168 | 170 | 171 | 172 | 173 | 174 | 175 | 180 | 181 | 190 | 192 | 195 | 200,,22; 171; 160; 192; 20; 105; 152; 180; 162; 35; 40; 164; 175; 25; 158; 173; 156; 151; 161; 170; 10; 155; 181; 190; 50; 163; 30; 110; 5; 120; 174; 150; 168; 103; 130; 75; 172; 195; 200,QF_MQ101DragonAttack_000D0593,152:Location:Helgen; 119:Reference:Player; 1:Reference:Hadvar; 12:Reference:Ralof; 4:Reference:GeneralTullius; 13:Reference:Ulfric; 30:Reference:Alduin; 121:Reference:StormcloakPrisoner01; 42:Reference:StormcloakPrisoner02; 124:Reference:StormcloakPrisoner03; 125:Reference:StormcloakPrisoner04; 29:Reference:ImperialSoldier01; 126:Reference:ImperialSoldier02; 32:Reference:ImperialSoldierHelgen01; 34:Reference:ImperialSoldierHelgen02; 50:Reference:CivilianGunnar; 51:Reference:CivilianTorolf; 52:Reference:CivilianTorri; 53:Reference:CivilianMatlara; 54:Reference:CivilianIngrid; 55:Reference:CivilianVilod; 128:Reference:DragonBaitATower; 129:Reference:DragonBaitBTower; 130:Reference:ArcherBTower; 133:Reference:ElenwensHorse; 134:Reference:DragonBaitDBridge; 135:Reference:RalofLookInnMarker; 136:Reference:ImperialArcherA01; 137:Reference:ImperialArcherA02; 138:Reference:ImperialArcherC01; 139:Reference:ImperialArcherD01; 140:Reference:ImperialSoldierFodderC01; 141:Reference:ImperialSoldierFodderD01; 142:Reference:Tower01RubbleLookMarker; 143:Reference:AlduinShoutTargetD01; 145:Reference:RalofTowerLookMarker; 146:Reference:ImperialArcherD02; 147:Reference:ImperialArcherD03; 148:Reference:ImperialArcherC02; 149:Reference:ImperialMageC01,scan-only; exact stage/outcome semantics require dossier review
Skyrim.esm,Skyrim.esm,Skyrim.esm:04E50D,MQ102,MQ102,Before the Storm,MainQuest,RunOnce,,main-quest/Dragonborn candidate,candidate-scan,readback-ok,27,0; 1; 2; 5; 10; 12; 14; 15; 17; 20; 22; 23; 25; 26; 30; 50; 60; 75; 80; 82; 85; 90; 100; 110; 150; 160; 200,160,,5,"0 | 1 | 2 | 5 [StartUpStage] | 10: Hadvar suggested that I head to the nearby town of Riverwood. His uncle is the blacksmith there and should be able to help me. | 12 | 14 | 15 | 17 | 20: Hadvar suggested that we head to the nearby town of Riverwood. His uncle is the blacksmith there and should be able to help us. | 22 | 23 | 25 | 26 | 30: Hadvar's uncle Alvor asked me to take word to the Jarl of Whiterun of the dragon attack on Helgen, and to ask the Jarl to send soldiers to protect Riverwood. | 50 | 60 | 75 | 80 | 82 | 85 | 90 | 100: I've arrived in Whiterun. I should tell the Jarl about the dragon attack on Helgen. | 110: When I arrived in Whiterun, I told the Jarl about the dragon attack on Helgen. | 150 | 160: Hadvar's uncle Alvor asked me to take word to the Jarl of Whiterun of the dragon attack on Helgen, and to ask the Jarl to send soldiers to protect Riverwood. I delivered the news to Jarl Balgruuf in Whiterun, and he rewarded me for my help. | 200",10: Talk to <Alias=RiverwoodFriend> in Riverwood | 20: (Optional) Travel to Riverwood with <Alias=FactionFriend> | 30: Talk to the Jarl of Whiterun,0; 80; 22; 10; 1; 23; 20; 82; 50; 2; 30; 85; 90; 5; 14; 100; 100; 100; 25; 15; 15; 110; 110; 110; 12; 60; 17; 26; 26; 75; 150; 150; 150; 160; 160; 160; 200,QF_MQ102_0004E50D,1:Reference:FactionFriend; 3:Reference:RiverwoodFriend; 4:Reference:Balgruuf; 18:Reference:Irileth; 21:Reference:Proventus; 20:Reference:Alduin; 23:Reference:Farengar; 24:Reference:Frothar; 25:Reference:Nelkir; 26:Reference:Dagny; 27:Reference:Hrongar,scan-only; exact stage/outcome semantics require dossier review
Skyrim.esm,Skyrim.esm,Skyrim.esm:02BF9C,MQ102A,MQ102A,Season Unending,MainQuest,RunOnce,Main Quest\,main-quest/Dragonborn candidate,candidate-scan,readback-ok,22,0; 1; 3; 5; 10; 15; 20; 22; 23; 25; 30; 35; 40; 45; 47; 50; 52; 55; 60; 90; 100; 200,100,,,0 | 1 | 3 | 5 | 10 | 15 | 20 | 22 | 23 | 25 | 30 | 35 | 40 | 45 | 47 | 50 | 52 | 55 | 60 | 90 | 100 | 200,,0; 22; 10; 1; 23; 20; 200; 50; 30; 3; 35; 40; 40; 5; 100; 25; 15; 55; 60; 52; 47; 45,QF_MQ102_0002BF9C,1:Reference:Hadvar; 3:Reference:Alvor; 7:Reference:Sigrid; 8:Reference:Dorthe; 13:Reference:DummyTimer; 14:Reference:Alduin; 15:Reference:Player; 18:Reference:GuardianStoneTarget,scan-only; exact stage/outcome semantics require dossier review
Skyrim.esm,Skyrim.esm,Skyrim.esm:02610A,MQ102B,MQ102B,Season Unending,MainQuest,RunOnce,Main Quest\,main-quest/Dragonborn candidate,candidate-scan,readback-ok,23,0; 1; 3; 5; 10; 15; 20; 22; 23; 25; 30; 35; 40; 42; 45; 47; 50; 52; 55; 60; 90; 100; 200,100,,,0 | 1 | 3 | 5 | 10 | 15 | 20 | 22 | 23 | 25 | 30 | 35 | 40 | 42 | 45 | 47 | 50 | 52 | 55 | 60 | 90 | 100 | 200,,0; 22; 10; 1; 23; 47; 200; 50; 30; 3; 35; 40; 40; 5; 100; 25; 15; 55; 60; 42; 20; 45; 52,QF_MQ102B_010A4C68,0:Reference:Ralof; 2:Reference:Gerdur; 13:Reference:Hod; 14:Reference:Frodnar; 15:Reference:Stump; 20:Reference:Sven; 17:Location:Riverwood; 21:Reference:DummyTimer; 22:Reference:Alduin; 23:Reference:Player,scan-only; exact stage/outcome semantics require dossier review
Skyrim.esm,Skyrim.esm,Skyrim.esm:0D0800,MQ103,MQ103,Bleak Falls Barrow,MainQuest,273,Main Quest\,main-quest/Dragonborn candidate,candidate-scan,readback-ok,18,0; 1; 5; 8; 10; 15; 20; 50; 55; 60; 80; 90; 100; 180; 182; 185; 190; 200,190,,5,"0 | 1 | 5 [StartUpStage] | 8 | 10: Jarl Balgruuf thinks I may be able to help Farengar, his court wizard, with something related to dragons. | 15 | 20 | 50: Farengar Secret-Fire, Jarl Balgruuf's court wizard, has asked me to retrieve a Dragonstone from Bleak Falls Barrow, a stone tablet that he believes contains a map of ancient dragon burial sites. He hopes this will help him understand how and why dragons are returning to Tamriel. | 55 | 60 | 80 | 90 | 100 | 180 | 182 | 185 | 190: Farengar Secret-Fire, Jarl Balgruuf's court wizard, asked me to retrieve a Dragonstone from Bleak Falls Barrow, a stone tablet that he believes contains a map of ancient dragon burial sites. He hopes this will help him understand how and why dragons are returning to Tamriel. He was pleased when I returned with it, and promised that the Jarl will reward me for my efforts. | 200",10: Talk to Farengar | 50: Retrieve the Dragonstone | 80: Deliver the Dragonstone to Farengar,0; 80; 10; 1; 182; 20; 190; 50; 50; 180; 180; 8; 185; 5; 100; 15; 55; 60; 200; 90,QF_MQ103_000D0800,4:Reference:Balgruuf; 9:Reference:Irileth; 54:Reference:Farengar; 59:Reference:Delphine; 53:Location:BleakFallsLocation; 52:Reference:BleakFallsBoss; 18:Reference:dragonStone; 56:Location:Riverwood; 55:Reference:RiverwoodGuard01; 57:Reference:RiverwoodGuard02; 58:Reference:RiverwoodGuard03; 60:Reference:Frothar; 61:Reference:Nelkir; 62:Reference:Dagny; 63:Reference:Hrongar,scan-only; exact stage/outcome semantics require dossier review
Skyrim.esm,Skyrim.esm,Skyrim.esm:02610C,MQ104,MQ104,Dragon Rising,MainQuest,RunOnce,Main Quest\,main-quest/Dragonborn candidate,candidate-scan,readback-ok,34,0; 1; 10; 12; 13; 15; 20; 30; 40; 45; 46; 48; 50; 52; 55; 60; 65; 70; 80; 85; 90; 92; 95; 100; 105; 108; 110; 120; 130; 150; 160; 170; 180; 200,160,,,"0 | 1 | 10: I recovered the Dragonstone from Bleak Falls Barrow, as the Jarl of Whiterun requested. I should speak to him about my reward. | 12 | 13: A dragon has been sighted near Whiterun. Irileth, the Jarl's housecarl, asked me to come with her to discuss the situation with Jarl Balgruuf. | 15 | 20 | 30 | 40: A dragon has been sighted at a watchtower near Whiterun. Jarl Balgruuf has sent me along with his housecarl Irileth with reinforcements. | 45 | 46 | 48 | 50 | 52 | 55 | 60 | 65 | 70 | 80: A dragon was sighted at a watchtower near Whiterun. Jarl Balgruuf sent me along with his housecarl Irileth with reinforcements. The dragon attacked us and we killed it. We should investigate its corpse to see if we can learn anything about where it came from. | 85 | 90: A dragon was sighted at a watchtower near Whiterun. Jarl Balgruuf sent me along with his housecarl Irileth with reinforcements. The dragon attacked us and we killed it. When I approached the dragon's corpse, I absorbed some kind of power from it. I should return to Whiterun and tell the Jarl what happened. | 92 | 95 | 100 | 105 | 108 | 110 | 120 | 130 | 150 | 160: A dragon was sighted at a watchtower near Whiterun. Jarl Balgruuf sent me along with his housecarl Irileth with reinforcements. The dragon attacked us and we killed it. When I approached the dragon's corpse, I absorbed some kind of power from it. When I returned to Whiterun, the Jarl rewarded me for my services. I am now a Thane of Whiterun with my own personal housecarl. | 170 | 180 | 200",5: Talk to Jarl Balgruuf | 15: Meet Irileth near the Western Watchtower | 20: Kill the dragon | 30: Investigate the dragon | 40: Report back to Jarl Balgruuf | 50: (Optional) Use your new Shout power,0; 160; 160; 90; 20; 105; 46; 85; 40; 100; 15; 65; 60; 92; 13; 48; 80; 45; 10; 1; 200; 50; 30; 110; 120; 95; 52; 150; 180; 12; 108; 130; 55; 170; 170; 70,QF_MQ104B_0002610C,5:Reference:Balgruuf; 10:Reference:Hrongar; 34:Reference:Irileth; 52:Reference:Farengar; 53:Reference:Delphine; 54:Reference:Proventus; 35:Reference:MessengerStartMarker; 36:Reference:Messenger; 37:Reference:CastleCourtyardMarker1; 47:Reference:CastleCourtyardMarker2; 48:Reference:CastleCourtyardMarker3; 49:Reference:CastleCourtyardMarker4; 50:Reference:CastleCourtyardMarker5; 51:Reference:CastleCourtyardMarker6; 25:Reference:Soldier1; 30:Reference:Soldier2; 31:Reference:Soldier3; 42:Reference:Soldier4; 43:Reference:Soldier5; 44:Reference:Soldier6; 23:Reference:FortTarget; 24:Reference:dragon; 38:Reference:FortCenterMarker; 40:Reference:SurvivorMarker; 39:Reference:Survivor; 41:Reference:Player; 55:Reference:Frothar; 56:Reference:Nelkir; 57:Reference:Dagny; 58:Reference:PlayerHousecarl; 59:Reference:JarlWeapon; 61:Location:Hold,scan-only; exact stage/outcome semantics require dossier review
Skyrim.esm,Skyrim.esm,Skyrim.esm:0242BA,MQ105,MQ105,The Way of the Voice,MainQuest,RunOnce,Main Quest\,main-quest/Dragonborn candidate,candidate-scan,readback-ok,53,0; 1; 5; 8; 10; 12; 15; 20; 25; 30; 50; 55; 56; 58; 59; 60; 70; 75; 76; 80; 82; 85; 90; 100; 103; 105; 110; 115; 120; 125; 127; 130; 140; 150; 160; 180; 190; 200; 220; 240; 242; 245; 250; 255; 260; 265; 270; 280; 282; 284; 288; 290; 300,160,,,"0 | 1 | 5 | 8 | 10: The Greybeards have summoned me to their monastery of High Hrothgar on the slopes of the Throat of the World. They seem to have learned of the mysterious power that I gained when I killed the dragon outside Whiterun. | 12 | 15 | 20 | 25 | 30: The Greybeards summoned me to their monastery of High Hrothgar on the slopes of the Throat of the World. I spoke to Arngeir, one of the Greybeards, who believes that I am ""Dragonborn"", which means I am especially gifted in the use of the Voice. They have offered to help me learn to use my new abilities. | 50 | 55 | 56 | 58 | 59 | 60 | 70 | 75 | 76 | 80 | 82 | 85 | 90 | 100 | 103 | 105 | 110 | 115 | 120 | 125 | 127 | 130 | 140 | 150 | 160: The Greybeards summoned me to their monastery of High Hrothgar on the slopes of the Throat of the World. Their leader, Arngeir, recognized me as ""Dragonborn"", and taught me more about my new Voice powers. After passing several tests, they sent me on one final trial, retrieving the legendary Horn of Jurgen Windcaller. | 180 | 190 | 200 | 220 | 240 | 242 | 245 | 250 | 255 | 260 | 265 | 270 | 280 | 282 | 284 | 288 | 290 | 300","10: Speak to the Greybeards | 20: Demonstrate your ""Unrelenting Force"" Shout | 25: Speak to Arngeir | 30: Learn the Word of Power from Einarth | 40: Demonstrate your ""Unrelenting Force"" Shout (<Global=MQ105TargetsHit>/<Global=MQ105TargetsTotal>) | 50: Learn the Word of Power from Borri | 60: Demonstrate your ""Whirlwind Sprint"" Shout | 70: Speak to Arngeir for further training",0; 125; 290; 140; 270; 76; 90; 280; 20; 105; 127; 282; 180; 56; 85; 100; 25; 15; 55; 60; 260; 70; 80; 160; 10; 1; 250; 240; 284; 82; 50; 59; 30; 30; 30; 255; 115; 8; 130; 300; 5; 120; 220; 150; 190; 200; 12; 245; 103; 110; 75; 265; 288; 58,QF_MQ105_000242BA,33:Reference:Arngeir; 34:Reference:Borri; 35:Reference:Einarth; 36:Reference:Wulfgar; 39:Reference:EinarthWord; 40:Reference:BorriWord; 52:Reference:WulfgarWord; 37:Reference:HornMarker; 38:Reference:MysteriousNote; 47:Reference:Horn; 45:Reference:Delphine; 46:Reference:SleepingGiantRoomMarker; 50:Reference:SprintTrialGate; 54:Reference:SprintTrialStart; 51:Reference:Player; 53:Reference:OutroTrigger; 55:Reference:HighHrothgarMapMarker; 56:Reference:IvarsteadMapMarker; 58:Reference:EnarthWordTarget; 59:Reference:BorriWordTarget; 60:Reference:WulfgarWordTarget,scan-only; exact stage/outcome semantics require dossier review
Skyrim.esm,Skyrim.esm,Skyrim.esm:0713DC,MQ105Ustengrav,MQ105Ustengrav,The Horn of Jurgen Windcaller,MainQuest,RunOnce,Main Quest\,main-quest/Dragonborn candidate,candidate-scan,readback-ok,7,10; 15; 20; 30; 40; 50; 60,60,,,"10: After demonstrating my ability to learn Words of Power and to Shout, the Greybeard Arngeir has sent me on a final trial - retrieving the Horn of Jurgen Windcaller from his tomb in Ustengrav, a burial mound in the marshes of Hjaalmarch. | 15 | 20: After demonstrating my ability to learn Words of Power and to Shout, the Greybeard Arngeir sent me on a final trial - retrieving the Horn of Jurgen Windcaller from his tomb in Ustengrav. Unfortunately, when I reached the tomb, I found that someone had replaced the Horn of Jurgen Windcaller with a note asking me to meet them in the Sleeping Giant Inn in Riverwood. | 30: After demonstrating my ability to learn Words of Power and to Shout, the Greybeard Arngeir sent me on a final trial - retrieving the Horn of Jurgen Windcaller from his tomb in Ustengrav. When I arrived, the horn was missing, and in its place was a note from Delphine asking me to meet her in Riverwood. Delphine has given me the horn, so I can now return to Arngeir and complete my training. | 40 | 50 | 60: After demonstrating my ability to learn Words of Power and to Shout, the Greybeard Arngeir sent me on a final trial - retrieving the Horn of Jurgen Windcaller from his tomb in Ustengrav. When I arrived, the Horn was missing, and in its place was a note from Delphine asking me to meet her in Riverwood. Delphine gave me the Horn, and I returned it to Arngeir to complete my trial. The Greybeards then greeted me formally as Dragonborn, and High Hrothgar is now open to me.",10: Retrieve the Horn of Jurgen Windcaller | 15: Read the note | 20: Meet with whoever took the horn | 30: Return the horn to Arngeir | 40: Learn the Word of Power from Wulfgar | 50: Receive the Greybeards' greeting,20; 40; 50; 10; 60; 15; 30,QF_MQ105Ustengrav_000713DC,0:Reference:HornActivator; 7:Reference:MysteriousNote; 1:Reference:Delphine; 2:Reference:SleepingGiantRoomMarker; 3:Reference:Arngeir; 4:Reference:Wulfgar; 5:Reference:WulfgarWord; 6:Reference:OutroMarker,scan-only; exact stage/outcome semantics require dossier review
Skyrim.esm,Skyrim.esm,Skyrim.esm:032926,MQ106,MQ106,A Blade in the Dark,MainQuest,4352,Main Quest\,main-quest/Dragonborn candidate,candidate-scan,readback-ok,34,0; 1; 5; 10; 20; 25; 30; 32; 35; 40; 42; 45; 47; 48; 50; 55; 58; 60; 65; 70; 72; 75; 80; 90; 100; 102; 105; 110; 120; 150; 155; 160; 170; 200,200,,,"0 | 1 | 5 | 10 | 20 | 25 | 30: Delphine, the innkeeper in Riverwood, is more than she seems. She was the one that left me the note in Ustengrav. She gave me back the Horn of Jurgen Windcaller. She went to a lot of trouble to get my attention. I should find out what she wants. | 32 | 35 | 40 | 42 | 45 | 47 | 48 | 50: Delphine believes that dragons are coming back to life and that the next one will resurrect near the town of Kynesgrove. Once I've convinced her that I'm Dragonborn by killing the dragon, she promises to fully explain who she is and what she wants with me. | 55 | 58 | 60 | 65 | 70 | 72 | 75 | 80 | 90 | 100 | 102 | 105 | 110 | 120 | 150: Delphine believes that dragons are coming back to life and that only the Dragonborn can stop them. Near Kynesgrove, we saw a dragon Shouting another one back to life. That dragon is dead, and now it's time for Delphine to give me some answers. | 155 | 160 | 170 | 200 [ShutDownStage]: Delphine believes that dragons are coming back to life and that only the Dragonborn can stop them. It turns out that she was right. Near Kynesgrove, we saw a dragon Shouting another one back to life. After we killed the dragon and I absorbed its power, Delphine accepted that I was Dragonborn as she had hoped, and revealed that she is one of the last members of the Blades, an organization dedicated to protecting the Dragonborn and stopping the dragons.",10: Talk to Delphine | 20: Locate the dragon burial site | 30: Kill the dragon Sahloknir | 40: Talk to Delphine,0; 160; 90; 20; 105; 35; 40; 72; 100; 25; 55; 60; 42; 102; 48; 80; 45; 10; 155; 47; 200; 50; 30; 110; 5; 120; 150; 170; 70; 1; 75; 65; 32; 58,QF_MQ106_00032926,44:Reference:Delphine; 53:Reference:Orgnar; 64:Location:KynesgroveLocation; 45:Reference:KynesgroveTargetMarker; 47:Reference:dragon; 48:Reference:Alduin; 54:Reference:Player; 50:Reference:Iddra; 55:Reference:Roggi; 57:Reference:Kjeld; 58:Reference:KjeldtheYounger; 59:Reference:Dravynea; 60:Reference:Ganna; 61:Reference:KynesgroveCivilian1; 62:Reference:KynesgroveCivilian2; 63:Reference:KynesgroveGuard; 65:Reference:KynesgroveGuard2; 66:Reference:KynesgroveGuard3; 67:Reference:KynesgroveGuard1Disabled; 68:Reference:KynesgroveGuard2Disabled; 69:Reference:KynesgroveGuard3Disabled,scan-only; exact stage/outcome semantics require dossier review
Skyrim.esm,Skyrim.esm,Skyrim.esm:035D5F,MQ201,MQ201,Diplomatic Immunity,MainQuest,RunOnce,Main Quest\,main-quest/Dragonborn candidate,candidate-scan,readback-ok,43,0; 1; 10; 15; 20; 30; 35; 40; 50; 70; 90; 95; 98; 100; 102; 105; 108; 110; 120; 130; 140; 150; 160; 165; 170; 180; 185; 190; 200; 202; 205; 208; 210; 215; 220; 222; 223; 225; 227; 230; 240; 250; 255,250; 255,,,"0 | 1 | 10 | 15 | 20 | 30: It seems that things are worse than even Delphine thought. Dragons aren't just coming back to life, they're being resurrected by other dragons. Delphine suspects that the Thalmor might be bringing dragons back for some sinister purpose. She's going to talk to her contacts about how we can infiltrate the Thalmor Embassy. | 35 | 40: It seems that things are worse than even Delphine thought. Dragons aren't just coming back to life, they're being resurrected by other dragons. Delphine suspects that the Thalmor might be bringing dragons back for some sinister purpose. She's going to help me infiltrate the Thalmor ambassador's manor and find out what they know about the dragons. I should meet with her contact, Malborn, in the Winking Skeever Inn in Solitude. | 50 | 70 | 90 | 95 | 98 | 100: It seems that things are worse than even Delphine thought. Dragons aren't just coming back to life, they're being resurrected by other dragons. Delphine suspects that the Thalmor might be bringing dragons back for some sinister purpose. I met with her contact, Malborn, who is going to smuggle some of my equipment into the Thalmor ambassador's manor. I'm going to infiltrate the manor posing as a guest at the ambassador's party. Once inside, I need to meet up with Malborn and figure out a way to slip away from the party without being caught. | 102 | 105 | 108 | 110 | 120 | 130 | 140: It seems that things are worse than even Delphine thought. Dragons aren't just coming back to life, they're being resurrected by other dragons. Delphine suspects that the Thalmor might be bringing dragons back for some sinister purpose. Her contact, Malborn, smuggled some of my equipment into the Thalmor ambassador's manor. I infiltrated the manor posing as a guest at the ambassador's party. Now I need to search the ambassador's office to find out what the Thalmor know about the dragons. | 150 | 160 | 165 | 170 | 180 | 185 | 190 | 200 | 202 | 205 | 208 | 210: It seems that things are worse than even Delphine thought. Dragons aren't just coming back to life, they're being resurrected by other dragons. Delphine suspects that the Thalmor might be bringing dragons back for some sinister purpose. With the help of her contact, Malborn, I infiltrated the manor posing as a guest at the ambassador's party. I've now learned that the Thalmor are just as in the dark as we are - in fact, they're searching Riften for a Blade named Esbern, who they believe knows what the return of the dragons means. | 215 | 220 | 222 | 223 | 225 | 227 | 230 | 240 | 250: It seems that things are worse than even Delphine thought. Dragons aren't just coming back to life, they're being resurrected by other dragons. Delphine suspects that the Thalmor might be bringing dragons back for some sinister purpose. With the help of her contact, Malborn, I infiltrated the manor posing as a guest at the ambassador's party. I learned that the Thalmor are just as in the dark as we are - in fact, they're searching Riften for a Blade named Esbern, who they believe knows what the return of the dragons means. | 255",5: Meet Delphine in Riverwood | 10: Meet Malborn in Solitude | 20: Give Malborn the equipment | 30: Meet Delphine at the stables | 40: Talk to Malborn | 50: Create a distraction and get away from the party | 55: (Optional) Retrieve your gear | 60: Search for information about the dragons returning | 70: Search the torture chamber | 80: Escape the Thalmor Embassy | 90: Talk to Delphine,0; 140; 160; 90; 98; 105; 180; 223; 185; 40; 210; 100; 100; 15; 208; 205; 225; 102; 215; 70; 202; 10; 1; 240; 200; 50; 30; 35; 130; 255; 190; 120; 95; 170; 110; 165; 150; 220; 20; 108; 222; 227; 230; 250,QF_MQ201_00035D5F,68:Reference:PartyCenterMarker; 95:Location:ThalmorEmbassy; 44:Reference:Delphine; 110:Reference:Orgnar; 65:Reference:Elenwen; 51:Reference:Malborn; 96:Reference:Brelas; 52:Reference:MalbornMeet; 70:Reference:DelphineStableMarker; 117:Reference:PlayerCarriageMarker; 118:Reference:PlayerCarriageDriver; 71:Reference:PlayerGearContainer; 73:Reference:PlayerGearContainerHidden; 97:Reference:PlayerGearContainerDelphine; 72:Reference:PartyOutfit; 101:Reference:PartyBoots; 82:Reference:PartyGuard1; 83:Reference:PartyGuard2; 53:Reference:PartyExitDoor; 54:Reference:Cook; 55:Reference:ElenwenOfficeContainer; 77:Reference:ElenwenOfficeMarker; 76:Reference:ElenwenOfficeNote; 112:Reference:PartyInvitation; 80:Reference:TortureChamberContainer; 56:Reference:TortureChamberMarker; 81:Reference:TortureChamberNote; 74:Reference:Rulindil; 75:Reference:Gissur; 78:Reference:Prisoner; 92:Reference:TortureChamberGuardMarker; 79:Reference:TortureChamberGuard; 93:Reference:EscapeSceneGuard1; 94:Reference:EscapeSceneGuard2; 84:Reference:RiverwoodTargetMarker; 98:Reference:Player; 99:Reference:EscapeKey1; 100:Reference:EscapeKey2; 102:Reference:ExteriorGuardDay1; 107:Reference:ExteriorGuardDay2,scan-only; exact stage/outcome semantics require dossier review
Skyrim.esm,Skyrim.esm,Skyrim.esm:04CECE,MQ201Malborn,MQ201Malborn,,Misc,RunOnce,Main Quest\,main-quest/Dragonborn candidate,candidate-scan,readback-ok,12,0; 10; 15; 20; 30; 50; 80; 100; 110; 150; 200; 300,150,,0,"0 [StartUpStage] | 10 | 15 | 20: I met Malborn hiding out in Windhelm. He thinks there's a Thalmor assassin on his trail, a Khajiit, waiting for him outside the city. I promised I'd take care of this assassin, if there really is one. | 30 | 50 | 80 | 100: I met Malborn hiding out in Windhelm. I killed the Thalmor assassin who was on his trail. I should let him know it's safe for him to leave Windhelm. | 110 | 150 | 200 | 300",10: Find the Thalmor assassin | 20: Tell Malborn the assassin is dead,110; 300; 80; 100; 15; 20; 200; 50; 30; 10; 150,QF_MQ201Malborn_0004CECE,0:Reference:Malborn; 4:Reference:Brelas; 2:Reference:AssassinWaitMarker; 1:Reference:Assassin; 3:Reference:CaravanLeaderA,scan-only; exact stage/outcome semantics require dossier review
Skyrim.esm,Skyrim.esm,Skyrim.esm:063B57,MQ201Party,MQ201Party,Quest to hold aliases and scenes for party,MainQuest,RunOnce,Main Quest\,main-quest/Dragonborn candidate,candidate-scan,readback-ok,17,10; 12; 15; 20; 25; 30; 35; 40; 41; 45; 48; 50; 60; 65; 70; 90; 100,,,10,10 [StartUpStage] | 12 | 15 | 20 | 25 | 30 | 35 | 40 | 41 | 45 | 48 | 50 | 60 | 65 | 70 | 90 | 100 [ShutDownStage],,70; 45; 10; 90; 20; 50; 30; 35; 40; 100; 25; 15; 12; 60; 48; 41; 65,QF_MQ201Party_00063B57,92:Reference:PartyCenterMarker; 65:Reference:Elenwen; 51:Reference:Malborn; 94:Reference:Brelas; 69:Reference:Razelan; 82:Reference:PartyGuard1; 83:Reference:PartyGuard2; 53:Reference:PartyExitDoor; 57:Reference:Ondolemar; 58:Reference:Erikur; 59:Reference:GeneralTullius; 60:Reference:VittoriaVici; 61:Reference:OrthusEndario; 62:Reference:ProventusAvenicci; 85:Reference:Maven; 95:Reference:JarlElisif; 86:Reference:JarlIgmund; 87:Reference:JarlBalgruuf; 88:Reference:JarlSiddgeir; 89:Reference:JarlIdgrod; 93:Reference:FriendDistraction; 96:Reference:Bard,scan-only; exact stage/outcome semantics require dossier review
Skyrim.esm,Skyrim.esm,Skyrim.esm:0BC3E0,MQ201PartyScene1ElenwenAndGuest,MQ201PartyScene1ElenwenAndGuest,MQ201 Party Scene 1,None,0,Main Quest\,main-quest/Dragonborn candidate,candidate-scan,readback-ok,2,10; 100,,,10,10 [StartUpStage] | 100 [ShutDownStage],,10; 100,QF_MQ201PartyScene1ElenwenAn_000BC3E0,5:Reference:Elenwen; 6:Reference:Guest,scan-only; exact stage/outcome semantics require dossier review
Skyrim.esm,Skyrim.esm,Skyrim.esm:0BC3FD,MQ201PartyScene2JarlAndJarl,MQ201PartyScene2JarlAndJarl,MQ201 Party Scene 2,None,0,Main Quest\,main-quest/Dragonborn candidate,candidate-scan,readback-ok,2,10; 100,,,10,10 [StartUpStage] | 100 [ShutDownStage],,10; 100,QF_MQ201PartyScene2JarlAndJa_000BC3FD,5:Reference:Jarl1; 6:Reference:Jarl2,scan-only; exact stage/outcome semantics require dossier review
Skyrim.esm,Skyrim.esm,Skyrim.esm:0BF25B,MQ201PartyScene3GuestAndGuest,MQ201PartyScene3GuestAndGuest,MQ201 Party Scene 3,None,0,Main Quest\,main-quest/Dragonborn candidate,candidate-scan,readback-ok,2,10; 100,,,10,10 [StartUpStage] | 100 [ShutDownStage],,10; 100,QF_MQ201PartyScene3GuestAndG_000BF25B,5:Reference:Guest 1; 6:Reference:Guest 2,scan-only; exact stage/outcome semantics require dossier review
Skyrim.esm,Skyrim.esm,Skyrim.esm:0A7921,MQ201RecoverGearMISC,MQ201RecoverGearMISC,,Misc,RunOnce,Main Quest\,main-quest/Dragonborn candidate,candidate-scan,readback-ok,2,10; 100,100,,10,10 [StartUpStage] | 100,10: Recover your equipment,10; 100,QF_MQ201RecoverGearMISC_000A7921,0:Reference:PlayerGearContainer,scan-only; exact stage/outcome semantics require dossier review
Skyrim.esm,Skyrim.esm,Skyrim.esm:030B15,MQ201ThalmorEmbassy,MQ201ThalmorEmbassy,,None,0,Dungeons\,main-quest/Dragonborn candidate,candidate-scan,readback-ok,2,10; 160,,,,10 | 160,,10; 160,QF_MQ201ThalmorEmbassy_00030B15,10:Location:ThalmorEmbassyLocation; 0:Reference:chattyGuard1; 1:Reference:chattyGuard2; 5:Reference:SolarGuard; 6:Reference:InnerCourtyardGuard01; 7:Reference:InnerCourtyardGuard02; 11:Reference:InsideSolarGuard; 8:Reference:MQ201BackupEnableMarker,scan-only; exact stage/outcome semantics require dossier review
Skyrim.esm,Skyrim.esm,Skyrim.esm:036191,MQ202,MQ202,A Cornered Rat,MainQuest,RunOnce,Main Quest\,main-quest/Dragonborn candidate,candidate-scan,readback-ok,22,0; 1; 5; 10; 20; 50; 55; 56; 60; 65; 70; 100; 130; 140; 145; 150; 160; 170; 175; 180; 200; 300,180,,,"0 | 1 | 5 | 10: The Thalmor are just as puzzled as we are about why dragons are returning. I learned that they are looking for a Blade named Esbern, who Delphine says is an expert on ancient dragon lore. We need to find him before the Thalmor do. | 20 | 50: The Thalmor are just as puzzled as we are about why dragons are returning. I learned that they are looking for a Blade named Esbern, who is supposed to be an expert on ancient dragon lore. I've learned that he's hiding out in the Ratway Warrens in Riften. | 55 | 56 | 60 | 65 | 70 | 100 | 130 | 140 | 145 | 150: The Thalmor are just as puzzled as we are about why dragons are returning. I learned that they are looking for a Blade named Esbern, who is supposed to be an expert on ancient dragon lore. I found Esbern hiding in the Ratway in Riften, and convinced him to let me in to explain myself. | 160 | 170 | 175 | 180: The Thalmor are just as puzzled as we are about why dragons are returning. I learned that they are looking for a Blade named Esbern, who is supposed to be an expert on ancient dragon lore. I found Esbern hiding in the Ratway in Riften, and convinced him to let me in to explain myself. | 200 | 300",10: Talk to Brynjolf | 20: Search the Ratway for Esbern's hideout | 30: Find Esbern in the Ratway Warrens | 40: Talk to Esbern,0; 70; 140; 10; 10; 10; 1; 20; 200; 50; 180; 56; 130; 300; 5; 175; 100; 150; 60; 170; 160; 65; 55; 145,QF_MQ202_00036191,44:Reference:Delphine; 51:Reference:Esbern; 52:Reference:Brynjolf; 54:Reference:Vekel; 55:Reference:Dirge; 70:Reference:FlagonBartender; 61:Reference:Gissur; 60:Reference:EsbernsDoor; 62:Reference:Shavari; 63:Reference:FlagonAmbush1; 64:Reference:FlagonAmbush2; 65:Reference:FlagonAmbush3; 66:Reference:MainAmbush1; 68:Reference:MainAmbush3; 69:Reference:MainAmbush4; 73:Reference:FinalAmbush1; 74:Reference:FinalAmbush2; 71:Reference:GissurNote; 72:Reference:ShavariNote,scan-only; exact stage/outcome semantics require dossier review
Skyrim.esm,Skyrim.esm,Skyrim.esm:036192,MQ203,MQ203,Alduin's Wall,MainQuest,RunOnce,Main Quest\,main-quest/Dragonborn candidate,candidate-scan,readback-ok,31,0; 1; 5; 6; 10; 20; 25; 30; 40; 48; 50; 60; 65; 70; 75; 80; 100; 110; 120; 140; 150; 180; 185; 200; 210; 230; 250; 260; 280; 290; 300,280,,,"0 | 1 | 5 | 6 | 10: I've gotten to the Blades loremaster Esbern ahead of the Thalmor. I hope he's as knowledgeable about dragons as Delphine promised. | 20 | 25 | 30 | 40 | 48 | 50 | 60: I found the Blades loremaster Esbern and brought him to Riverwood to talk to Delphine. He believes that the secret to defeating Alduin will be revealed by Alduin's Wall, an artifact created by the ancient Blades. We need to go to Sky Haven Temple to find Alduin's Wall and see what it can tell us. | 65 | 70 | 75 | 80 | 100 | 110 | 120 | 140 | 150 | 180 | 185 | 200 | 210 | 230 | 250 | 260 | 280: I found the Blades loremaster Esbern and brought him to Riverwood to talk to Delphine. He believed that the secret to defeating Alduin would be revealed by Alduin's Wall, an artifact created by the ancient Blades. We went to the hidden Blades stronghold of Sky Haven Temple, and found Alduin's Wall inside. It showed that Alduin was defeated in the past by some kind of Shout. | 290 | 300",10: Escort Esbern to Riverwood | 20: Talk to Esbern | 30: Gain entrance to Sky Haven Temple | 40: Learn the secret of Alduin's Wall,0; 70; 80; 140; 10; 1; 280; 20; 200; 50; 260; 30; 180; 290; 300; 110; 40; 5; 120; 100; 25; 75; 230; 65; 60; 210; 150; 6; 48; 250; 185,QF_MQ203_00036192,44:Reference:Delphine; 52:Reference:Esbern; 53:Reference:Orgnar; 65:Reference:Player; 51:Reference:SkyHavenTempleMapMarker; 66:Reference:KarthspireMapMarker; 54:Reference:SkyHavenBookMarker; 55:Reference:SkyHavenBook; 56:Reference:PuzzleActivator; 57:Reference:secretDoor; 67:Reference:KarthspireBridgeTarget; 70:Reference:KarthspireLoadDoor; 68:Reference:KarthspirePillarsTarget; 69:Reference:KarthspirePlateTrapTarget; 58:Reference:RemansWallTarget1; 59:Reference:RemansWallTarget2; 60:Reference:RemansWallTarget3; 61:Reference:RemansWallTarget4; 62:Reference:RemansWallTarget5; 63:Reference:SkyHavenEntryTarget1; 64:Reference:SkyHavenEntryTarget2,scan-only; exact stage/outcome semantics require dossier review
Skyrim.esm,Skyrim.esm,Skyrim.esm:02D515,MQ204,MQ204,The Throat of the World,MainQuest,RunOnce,Main Quest\,main-quest/Dragonborn candidate,candidate-scan,readback-ok,39,0; 1; 10; 20; 30; 35; 40; 50; 55; 60; 65; 66; 67; 70; 71; 72; 80; 81; 82; 83; 85; 86; 90; 95; 100; 110; 120; 125; 130; 135; 140; 150; 180; 190; 195; 200; 205; 210; 220,200,,,"0 | 1 | 10: With Esbern's help, I've deciphered Alduin's Wall in Sky Haven Temple. It revealed that Alduin was defeated in ancient times by a Shout of some kind. Maybe the Greybeards can teach me this Shout, or at least tell me how I can learn it. | 20 | 30 | 35 | 40 | 50 | 55 | 60: With Esbern's help, I've deciphered Alduin's Wall in Sky Haven Temple. It revealed that Alduin was defeated in ancient times by a Shout of some kind. Arngeir knew the name of the Shout, ""Dragonrend"", but could not teach it to me. However, he has agreed to show me the way to reach Paarthurnax, the Greybeards' leader, who lives at the top of the Throat of the World. Arngeir says that Paarthurnax is the only one who may know this Dragonrend Shout. | 65 | 66 | 67 | 70 | 71 | 72 | 80 | 81 | 82 | 83 | 85 | 86 | 90 | 95 | 100: With Esbern's help, I've deciphered Alduin's Wall in Sky Haven Temple. It revealed that Alduin was defeated in ancient times by a Shout of some kind. Arngeir sent me to talk to Paarthurnax, who he said was the only one who might know this Dragonrend Shout. It turns out that Paarthurnax is actually a dragon. | 110 | 120 | 125 | 130 | 135 | 140 | 150 | 180 | 190 | 195 | 200: With Esbern's help, I've deciphered Alduin's Wall in Sky Haven Temple. It revealed that Alduin was defeated in ancient times by a Shout of some kind. Arngeir sent me to talk to Paarthurnax, the Greybeards' leader, who turned out to be a dragon. Paarthurnax didn't know the Dragonrend Shout, but believes that there's a way for me to learn it from the ancient heroes who used it against Alduin. | 205 | 210 | 220","10: Talk to Arngeir | 20: Learn the ""Clear Skies"" Shout | 25: Use the ""Clear Skies"" Shout to open the path | 30: Talk to Paarthurnax | 40: Learn the Word of Power from Paarthurnax | 50: Use your ""Fire Breath"" Shout on Paarthurnax | 60: Talk to Paarthurnax",0; 125; 135; 140; 71; 90; 81; 20; 83; 180; 35; 40; 72; 67; 100; 65; 60; 205; 220; 80; 10; 1; 195; 82; 50; 30; 130; 120; 120; 95; 66; 70; 150; 210; 200; 200; 190; 55; 85; 86; 110,QF_MQ204_0002D515,0:Reference:Arngeir; 1:Reference:Borri; 3:Reference:Einarth; 2:Reference:Wulfgar; 4:Reference:Paarthurnax; 5:Reference:WordClearSkies; 11:Reference:WordClearSkies2; 12:Reference:WordClearSkies3; 6:Reference:BreathTarget; 8:Reference:Lorekeeper; 9:Reference:StormTarget; 13:Reference:WordFireBreath,scan-only; exact stage/outcome semantics require dossier review
Skyrim.esm,Skyrim.esm,Skyrim.esm:02D516,MQ205,MQ205,Elder Knowledge,MainQuest,RunOnce,Main Quest\,main-quest/Dragonborn candidate,candidate-scan,readback-ok,11,0; 1; 10; 20; 30; 40; 45; 50; 60; 80; 100,100,,,"0 | 1 | 10: I met the master of the Greybeards, the dragon Paarthurnax. He told me that the ancient Nords used an Elder Scroll to cast Alduin forward in time. If I can recover that same Elder Scroll, I may be able to use it to learn the ""Dragonrend"" Shout directly from the ancient heroes. | 20 | 30 | 40 | 45 | 50: I met the master of the Greybeards, the dragon Paarthurnax. He told me that the ancient Nords used an Elder Scroll to cast Alduin forward in time. If I can recover that same Elder Scroll, I may be able to use it to learn the ""Dragonrend"" Shout directly from the ancient heroes. Esbern suggested that someone at the College of Winterhold might know how to find this Elder Scroll. | 60: I met the master of the Greybeards, the dragon Paarthurnax. He told me that the ancient Nords used an Elder Scroll to cast Alduin forward in time. If I can recover that same Elder Scroll, I may be able to use it to learn the ""Dragonrend"" Shout directly from the ancient heroes. I've learned that a scholar named Septimus Signus might know where to find it. | 80 | 100: I met the master of the Greybeards, the dragon Paarthurnax. He told me that the ancient Nords used an Elder Scroll to cast Alduin forward in time. Now that I've recovered that Elder Scroll, I may be able to use it to learn the ""Dragonrend"" Shout directly from the ancient heroes.",10: Learn the location of the Elder Scroll | 20: (Optional) Talk to Esbern | 30: (Optional) Talk to Arngeir | 50: Recover the Elder Scroll,0; 40; 80; 45; 10; 1; 20; 60; 50; 50; 50; 30; 100; 100,QF_MQ205_0002D516,0:Reference:Esbern; 3:Reference:Paarthurnax; 1:Reference:Arngeir; 2:Reference:Urag; 4:Reference:ElderScrollMarker; 5:Reference:ElderScrollActivator; 7:Reference:Septimus; 8:Reference:AlftandWorldDoor; 9:Reference:AlftandSecondCellDoor; 10:Reference:AlftandZCellIntDoor; 11:Reference:BlackreachLock; 12:Reference:ActualBlackreachDoor; 13:Reference:TamrielToAlftand,scan-only; exact stage/outcome semantics require dossier review
Skyrim.esm,Skyrim.esm,Skyrim.esm:036193,MQ206,MQ206,Alduin's Bane,MainQuest,RunOnce,Main Quest\,main-quest/Dragonborn candidate,candidate-scan,readback-ok,34,0; 1; 5; 10; 15; 20; 30; 32; 33; 35; 40; 42; 48; 50; 52; 60; 70; 75; 80; 82; 85; 87; 88; 89; 90; 100; 120; 140; 160; 180; 200; 220; 230; 240,220,,,"0 | 1 | 5 | 10: I've located the Elder Scroll that was used to cast Alduin forward into our time by the Nord heroes of old. If Paarthurnax is right, if I read it near the Time-Wound I will get a vision of the past, when the ancient Nords used the Dragonrend Shout against Alduin. | 15 | 20 | 30 | 32 | 33 | 35 | 40 | 42 | 48 | 50 | 52 | 60 | 70 | 75 | 80 | 82 | 85 | 87 | 88 | 89 | 90 | 100: I read the Elder Scroll near the Time-Wound, and learned the Dragonrend Shout in a vision of the Nord heroes fighting Alduin in the distant past. Now I need to use Dragonrend to defeat Alduin in the present time. | 120 | 140 | 160 | 180 | 200 | 220: I read the Elder Scroll near the Time-Wound, and learned the Dragonrend Shout in a vision of the Nord heroes fighting Alduin in the distant past. When I returned from the vision, Alduin attacked me, and I used Dragonrend to bring him down and defeat him. | 230 | 240","10: Read the Elder Scroll at the Time-Wound | 20: Learn the ""Dragonrend"" Shout from the Nord heroes | 30: Defeat Alduin",0; 140; 160; 90; 20; 180; 35; 40; 100; 15; 60; 42; 87; 70; 80; 10; 1; 240; 89; 82; 50; 5; 120; 52; 88; 48; 200; 33; 230; 75; 85; 32; 220,QF_MQ206_00036193,51:Reference:TimeWound; 72:Reference:TimeWoundTarget; 52:Reference:PlayerTeleportMarker; 54:Location:AlduinBattleLocation; 57:Reference:AncientAlduin; 66:Reference:AncientAlduinLandingMarker; 55:Reference:Dragon1; 56:Reference:BackgroundDragon1; 68:Reference:SceneAttackDragon1; 69:Reference:SceneAttackDragon2; 70:Reference:SceneAttackDragon3; 58:Reference:Gormlaith; 59:Reference:Felldir; 60:Reference:Hakon; 61:Reference:Alduin; 67:Reference:AlduinLandingMarker; 62:Reference:Paarthurnax; 63:Reference:StatePast; 64:Reference:StatePresent,scan-only; exact stage/outcome semantics require dossier review
Skyrim.esm,Skyrim.esm,Skyrim.esm:044C56,MQ301,MQ301,The Fallen,MainQuest,RunOnce,Main Quest\,main-quest/Dragonborn candidate,candidate-scan,readback-ok,22,0; 1; 10; 15; 18; 20; 21; 22; 25; 27; 30; 40; 50; 70; 120; 125; 150; 180; 200; 220; 230; 240,220,,,"0 | 1 | 10: After I defeated Alduin on the top of the Throat of the World, he fled from me. I need to locate his lair so I can finish him off, once and for all. | 15 | 18 | 20 | 21 | 22 | 25: After I defeated Alduin on the top of the Throat of the World, he fled from me. One of his dragon allies may be able to tell me where he's gone. I've learned that Dragonsreach, the Jarl's palace in Whiterun, was once used to imprison a dragon. I need to persuade the Jarl of Whiterun to help me trap a dragon in Dragonsreach. | 27 | 30: After I defeated Alduin on the top of the Throat of the World, he fled from me. One of his dragon allies may be able to tell me where he's gone. I've learned that Dragonsreach, the Jarl's palace in Whiterun, was once used to imprison a dragon. If I can arrange a truce in the civil war, the Jarl of Whiterun has agreed to help me trap a dragon in Dragonsreach. Then I can interrogate the dragon and learn the location of Alduin's lair so I can finish him off, once and for all. | 40 | 50: After I defeated Alduin on the top of the Throat of the World, he fled from me. One of his dragon allies may be able to tell me where he's gone. The Jarl of Whiterun has agreed to help me trap a dragon in Dragonsreach. Now I need some way to lure a dragon into the trap. Esbern or Paarthurnax might be able to help. | 70: After I defeated Alduin on the top of the Throat of the World, he fled from me. One of his dragon allies may be able to tell me where he's gone. The Jarl of Whiterun has agreed to help me trap a dragon in Dragonsreach. I've learned a Shout which is the name of one of Alduin's allies, which should serve to bring him to the Dragonsreach courtyard so I can trap him there. Then I can interrogate the dragon and learn the location of Alduin's lair so I can finish him off, once and for all. | 120 | 125 | 150 | 180 | 200: After I defeated Alduin on the top of the Throat of the World, he fled from me. One of his dragon allies may be able to tell me where he's gone. With the help of the Jarl of Whiterun, I've trapped the dragon Odahviing in Dragonsreach. Now to interrogate Odahviing and learn the location of Alduin's lair so I can finish him off, once and for all. | 220: After I defeated Alduin on the top of the Throat of the World, he fled from me. One of his dragon allies may be able to tell me where he's gone. With the help of the Jarl of Whiterun, I've trapped the dragon Odahviing in Dragonsreach. Odahviing revealed that Alduin's lair is located in the ancient temple of Skuldafn, which is only accessible by air. Odahviing has offered to take me there, in return for his freedom. | 230 | 240",10: Talk to Paarthurnax | 11: Talk to Arngeir | 12: Talk to Esbern | 20: Talk to the Jarl of Whiterun | 25: Get Greybeards' help in negotiating a truce | 30: Learn Shout to call Odahviing | 40: Prepare trap for Odahviing | 50: Call Odahviing to Dragonsreach | 60: Defeat and trap Odahviing | 70: Interrogate Odahviing,0; 70; 22; 10; 1; 240; 20; 200; 50; 30; 21; 40; 120; 18; 25; 15; 150; 180; 220; 27; 230,QF_MQ301_00044C56,1:Reference:Esbern; 13:Reference:Arngeir; 0:Reference:Paarthurnax; 2:Reference:Jarl; 14:Reference:HouseCarl; 15:Reference:Steward; 16:Reference:Follower; 4:Reference:Odahviing; 5:Reference:Soldier1StartMarker; 11:Reference:JarlStartMarker; 6:Reference:Soldier2StartMarker; 7:Reference:Soldier3StartMarker; 8:Reference:Soldier1; 9:Reference:Soldier2; 10:Reference:Soldier3,scan-only; exact stage/outcome semantics require dossier review
Skyrim.esm,Skyrim.esm,Skyrim.esm:045923,MQ302,MQ302,Season Unending,MainQuest,RunOnce,Main Quest\,main-quest/Dragonborn candidate,candidate-scan,readback-ok,63,0; 1; 5; 6; 7; 8; 10; 15; 20; 30; 40; 50; 52; 55; 60; 70; 80; 81; 82; 85; 90; 100; 105; 110; 120; 130; 140; 141; 142; 143; 150; 151; 152; 160; 170; 180; 181; 182; 190; 191; 192; 195; 196; 199; 200; 201; 202; 205; 206; 209; 210; 260; 265; 280; 281; 282; 285; 290; 300; 310; 320; 340; 350,300; 310; 350,,,"0 | 1 | 5 | 6 | 7 | 8 | 10: The Jarl of Whiterun won't help me capture a dragon as long as the civil war is raging. If I can get the Greybeards to host a peace council, I can try to convince the Imperials and the Stormcloaks to agree to a truce in order to defeat Alduin, who is a threat to both sides in the civil war. | 15: The Jarl of Whiterun won't help me capture a dragon as long as the civil war is raging. Arngeir has agreed to host a peace council at High Hrothgar. I need to convince the Imperials and the Stormcloaks to agree to a truce in order to defeat Alduin, who is a threat to both sides in the civil war. | 20 | 30 | 40 | 50 | 52 | 55 | 60 | 70 | 80 | 81 | 82 | 85 | 90 | 100 | 105 | 110 | 120 | 130 | 140 | 141 | 142 | 143 | 150 | 151 | 152 | 160 | 170 | 180 | 181 | 182 | 190 | 191 | 192 | 195 | 196 | 199 | 200 | 201 | 202 | 205 | 206 | 209 | 210 | 260 | 265 | 280 | 281 | 282 | 285 | 290 | 300: The Jarl of Whiterun wouldn't help me capture a dragon as long as the civil war was raging. Arngeir agreed to host a peace council at High Hrothgar. With Esbern's help, I persuaded General Tullius and Ulfric Stormcloak to agree to a truce in order to defeat Alduin, who is a threat to both sides in the civil war. | 310 | 320 | 340 | 350",10: Talk to Arngeir | 20: Talk to General Tullius | 30: Talk to Ulfric Stormcloak | 40: Talk to Arngeir | 50: Take your seat | 60: Negotiate a truce,0; 290; 140; 40; 160; 182; 81; 20; 20; 105; 320; 152; 282; 180; 142; 90; 85; 196; 210; 192; 100; 100; 191; 15; 280; 55; 60; 80; 205; 6; 151; 82; 141; 260; 170; 281; 200; 10; 1; 350; 285; 195; 190; 50; 202; 30; 30; 143; 130; 8; 110; 110; 300; 5; 120; 201; 206; 52; 181; 150; 7; 70; 340; 209; 265; 310; 199,QF_MQ302_00045923,5:Reference:Arngeir; 32:Reference:Borri; 33:Reference:Einarth; 34:Reference:Wulfgar; 6:Reference:Tullius; 8:Reference:Rikke; 19:Reference:Elenwen; 7:Reference:Ulfric; 9:Reference:Galmar; 1:Reference:Esbern; 10:Reference:Delphine; 22:Reference:Balgruuf; 52:Reference:Hrongar; 53:Reference:BalgruufAlive; 45:Reference:Elisif; 21:Reference:Vignar; 2:Reference:Jarl; 0:Reference:Paarthurnax; 35:Reference:PlayerChair; 11:Reference:ArngeirStartMarker; 12:Reference:DelphineStartMarker; 13:Reference:EsbernStartMarker; 20:Reference:ElenwenStartMarker; 14:Reference:GalmarStartMarker; 15:Reference:JarlStartMarker; 27:Reference:VignarStartMarker; 16:Reference:RikkeStartMarker; 17:Reference:TulliusStartMarker; 18:Reference:UlfricStartMarker; 23:Location:SonsMajorHold; 46:Location:SonsMajorHoldCapital; 24:Location:SonsMinorHold; 47:Location:SonsMinorHoldCapital; 30:Location:SonsMinorHold2; 48:Location:SonsMinorHold2Capital; 25:Location:ImperialMajorHold; 49:Location:ImperialMajorHoldCapital; 26:Location:ImperialMinorHold; 50:Location:ImperialMinorHoldCapital; 31:Location:ImperialMinorHold2,scan-only; exact stage/outcome semantics require dossier review
Skyrim.esm,Skyrim.esm,Skyrim.esm:0876E6,MQ302FillAliases,MQ302FillAliases,Fills MQ302 aliases,MainQuest,4352,Main Quest\,main-quest/Dragonborn candidate,candidate-scan,readback-ok,1,10,,,10,10 [StartUpStage],,10,QF_MQ302FillAliases_000876E6,39:Reference:SonsMajorHoldMarker; 36:Reference:SonsMinorHoldMarker1; 38:Reference:SonsMinorHoldMarker2; 40:Reference:ImperialMajorHoldMarker; 41:Reference:ImperialMinorHoldMarker1; 42:Reference:ImperialMinorHoldMarker2; 23:Location:SonsMajorHold; 43:Location:SonsMajorHoldCapital; 24:Location:SonsMinorHold; 44:Location:SonsMinorHoldCapital; 30:Location:SonsMinorHold2; 45:Location:SonsMinorHold2Capital; 25:Location:ImperialMajorHold; 46:Location:ImperialMajorHoldCapital; 26:Location:ImperialMinorHold; 47:Location:ImperialMinorHoldCapital; 31:Location:ImperialMinorHold2; 48:Location:ImperialMinorHold2Capital; 28:Location:ImperialTownRaided; 29:Location:SonsTownRaided,scan-only; exact stage/outcome semantics require dossier review
Skyrim.esm,Skyrim.esm,Skyrim.esm:04BA68,MQ302Test,MQ302Test,,None,AllowRepeatedStages,Main Quest\,main-quest/Dragonborn candidate,candidate-scan,readback-ok,13,1; 2; 3; 4; 5; 6; 7; 8; 9; 11; 12; 100; 200,,,,1 | 2 | 3 | 4 | 5 | 6 | 7 | 8 | 9 | 11 | 12 | 100 | 200,,11; 5; 100; 1; 4; 12; 7; 9; 2; 6; 200; 3; 8,QF_MQ302Test_0004BA68,,scan-only; exact stage/outcome semantics require dossier review
Skyrim.esm,Skyrim.esm,Skyrim.esm:046EF0,MQ303,MQ303,The World-Eater's Eyrie,MainQuest,RunOnce,Main Quest\,main-quest/Dragonborn candidate,candidate-scan,readback-ok,20,0; 1; 5; 10; 15; 20; 30; 40; 45; 50; 55; 60; 100; 120; 160; 180; 200; 220; 240; 300,300,,,"0 | 1 | 5 | 10: The captured dragon Odahviing has revealed that Alduin has escaped to Sovngarde, the Nord underworld, where he feeds on the souls of the dead. His portal to Sovngarde is located in the ancient dragon temple of Skuldafn, high in the Jerall Mountains. The only way to reach it is to set Odahviing free so he can fly me there. | 15 | 20 | 30 | 40 | 45 | 50 | 55 | 60 | 100: The captured dragon Odahviing revealed that Alduin has escaped to Sovngarde, the Nord underworld, where he feeds on the souls of the dead. His portal to Sovngarde is located in the ancient dragon temple of Skuldafn, high in the Jerall Mountains. I set Odahviing free, and he flew me to Skuldafn as agreed. Now I just have to reach the portal. | 120 | 160 | 180 | 200 | 220 | 240 | 300: The captured dragon Odahviing revealed that Alduin has escaped to Sovngarde, the Nord underworld, where he feeds on the souls of the dead. His portal to Sovngarde is located in the ancient dragon temple of Skuldafn, high in the Jerall Mountains. I set Odahviing free, and he flew me to Skuldafn as agreed. I fought my way to the top of Skuldafn, and entered Alduin's portal to Sovngarde.",10: Set Odahviing free | 20: Talk to Odahviing | 30: Reach Alduin's portal to Sovngarde | 40: Enter Sovngarde,0; 220; 45; 10; 1; 240; 20; 200; 50; 30; 180; 40; 5; 120; 100; 15; 55; 60; 160; 300,QF_MQ303_00046EF0,0:Reference:PORTAL; 1:Reference:Odahviing; 14:Reference:SkuldafnOdahviing; 2:Reference:Gatekeeper; 10:Reference:GateGuard2; 4:Location:Skuldafn; 3:Reference:BossDragonPriest; 11:Reference:DragonWatcher1; 12:Reference:DragonWatcher2; 13:Reference:StaffMarker; 5:Reference:PortalStaff; 6:Reference:PortalActivator; 7:Reference:Jarl; 8:Reference:HouseCarl; 15:Reference:DraugrWithClaw; 16:Reference:DiamondClaw; 9:Reference:Farengar,scan-only; exact stage/outcome semantics require dossier review
Skyrim.esm,Skyrim.esm,Skyrim.esm:046EF1,MQ304,MQ304,Sovngarde,MainQuest,RunOnce,Main Quest\,main-quest/Dragonborn candidate,candidate-scan,readback-ok,27,0; 1; 5; 10; 20; 30; 50; 60; 65; 70; 75; 80; 85; 90; 95; 100; 105; 110; 130; 135; 140; 150; 160; 170; 180; 200; 300,200,,,"0 | 1 | 5 | 10: I've passed through Alduin's portal into Sovngarde, the realm of Aetherius where the souls of Nord heroes go to feast and battle until the final reckoning. Now to find Alduin and defeat him once and for all. | 20 | 30 | 50: I've passed through Alduin's portal into Sovngarde, the realm of Aetherius where the souls of Nord heroes go to feast and battle until the final reckoning. Alduin has laid some kind of soul-snare across the valley of Sovngarde, a mist where he hides and feeds upon the trapped souls. My only hope is to reach the Hall of Heroes. | 60 | 65 | 70 | 75 | 80 | 85 | 90 | 95 | 100 | 105 | 110 | 130 | 135 | 140 | 150 | 160 | 170 | 180 | 200: I've passed through Alduin's portal into Sovngarde, the realm of Aetherius where the souls of Nord heroes go to feast and battle until the final reckoning. Alduin has laid some kind of soul-snare across the valley of Sovngarde, a mist where he hides and feeds upon the trapped souls. I reached the Hall of Heroes and met Gormlaith Golden-Hilt, Hakon One-Eye, and Felldir the Old - the three heroes who I saw defeat Alduin in my vision of the past. They have been permitted by Shor, the god of the underworld, to join me in my battle against Alduin. | 300",10: Find out how to defeat Alduin | 20: Gain admittance to the Hall of Valor | 30: Talk to the heroes of Sovngarde,0; 70; 80; 140; 10; 1; 90; 20; 105; 50; 30; 180; 85; 300; 5; 5; 5; 5; 5; 5; 5; 100; 200; 170; 160; 65; 60; 150; 135; 75; 130; 110; 95,QF_MQ304_00046EF1,0:Reference:Alduin1; 2:Reference:LostSoulMarker1; 1:Reference:LostSoul; 15:Location:Sovngarde; 14:Reference:LostSoul1; 16:Reference:LostSoul2; 17:Reference:LostSoul3; 18:Reference:LostSoul4; 4:Reference:Tsun; 5:Reference:Gormlaith; 6:Reference:Felldir; 7:Reference:Hakon; 8:Reference:TEMPTriggerBoxToMakeItPersistent; 13:Reference:Player; 19:Reference:Ysgramor,scan-only; exact stage/outcome semantics require dossier review
Skyrim.esm,Skyrim.esm,Skyrim.esm:046EF2,MQ305,MQ305,Dragonslayer,MainQuest,RunOnce,Main Quest\,main-quest/Dragonborn candidate,candidate-scan,readback-ok,20,0; 1; 5; 10; 12; 15; 20; 30; 60; 80; 100; 120; 140; 190; 200; 210; 220; 250; 260; 300,200,,,"0 | 1 | 5 | 10: Gormlaith Golden-Hilt, Hakon One-Eye, and Felldir the Old have come to help me try to defeat Alduin. Together we may be strong enough to dispel the evil mist in which he hides. Once that is gone, he will have no choice but to face us in open battle. | 12 | 15 | 20 | 30 | 60 | 80 | 100 | 120: Gormlaith Golden-Hilt, Hakon One-Eye, and Felldir the Old have come to help me try to defeat Alduin. Together, we used Clear Skies to dispel the evil mist in which Alduin was hiding. Now he has no choice but to face us in open battle. | 140 | 190 | 200: Gormlaith Golden-Hilt, Hakon One-Eye, and Felldir the Old have come to help me try to defeat Alduin. Together, we used Clear Skies to dispel the evil mist in which Alduin was hiding. We fought and defeated him. Sovngarde and Skyrim are now free from the fear of his return. I have fulfilled my destiny as Dragonborn. | 210 | 220 | 250 | 260 | 300",10: Help the heroes of Sovngarde dispel Alduin's mist | 20: Defeat Alduin,0; 220; 80; 140; 10; 1; 20; 200; 30; 300; 210; 120; 100; 15; 12; 60; 260; 250; 190; 5,QF_MQ305_00046EF2,0:Reference:Gormlaith; 1:Reference:Felldir; 2:Reference:Hakon; 3:Reference:Alduin; 4:Reference:ShoutTarget; 5:Reference:Tsun; 7:Location:Sovngarde; 6:Reference:LostSoul1; 8:Reference:LostSoul2; 9:Reference:LostSoul3; 10:Reference:LostSoul4; 11:Reference:LostSoul5; 12:Reference:LostSoul6; 13:Reference:LostSoul7; 14:Reference:LostSoul8; 15:Reference:Player,scan-only; exact stage/outcome semantics require dossier review
Skyrim.esm,Skyrim.esm,Skyrim.esm:046EF3,MQ306,MQ306,,Misc,RunOnce,Main Quest\,main-quest/Dragonborn candidate,candidate-scan,readback-ok,10,5; 10; 20; 40; 50; 55; 60; 70; 80; 100,,,,5 | 10 | 20 | 40 | 50 | 55 | 60 | 70 | 80 | 100,10: Speak to Tsun to return to Skyrim,40; 5; 10; 55; 60; 50; 100; 80; 70,QF_MQ306_00046EF3,0:Reference:Paarthurnax; 1:Reference:Odahviing; 2:Reference:Dragon1; 3:Reference:Dragon2; 4:Reference:Dragon3; 5:Reference:Dragon4; 6:Reference:Dragon5; 7:Reference:Dragon6; 8:Reference:Dragon7; 9:Reference:Dragon8; 10:Reference:Arngeir; 11:Reference:Borri; 12:Reference:Einarth; 13:Reference:Wulfgar; 14:Reference:Delphine; 15:Reference:Esbern; 16:Reference:Tsun,scan-only; exact stage/outcome semantics require dossier review
Skyrim.esm,Skyrim.esm,Skyrim.esm:021556,TG00,TG00,A Chance Arrangement,ThievesGuild,17,Faction\ThievesGuild\,Nocturnal/theft candidate,candidate-scan,readback-ok,9,0; 5; 8; 10; 20; 30; 35; 40; 200,200,,,0 | 5 | 8: Brynjolf in Riften seems to be involved in some nefarious activities and has convinced me to take part in one of his schemes. | 10 | 20 | 30 | 35 | 40 | 200: Brynjolf's scheme in Riften has ended and the promise of more coin has been made. This appears to be the beginning of profitable friendship.,8: Meet Brynjolf during daytime | 10: Steal Madesi's Ring | 20: Plant Madesi's Ring | 30: Speak to Brynjolf,0; 40; 5; 10; 20; 200; 30; 35; 8,QF_TG00_00021556,13:Location:TG00City; 14:Reference:TG00MadesiChest; 15:Reference:TG00HoldingSafe; 9:Reference:TG00RingAlias; 5:Reference:BrynjolfAlias; 10:Reference:BrandSheiAlias; 11:Reference:MadesiAlias; 16:Reference:TG00PlayerAlias,scan-only; exact stage/outcome semantics require dossier review
Skyrim.esm,Skyrim.esm,Skyrim.esm:0B882D,TG00ArrestMonitor,TG00ArrestMonitor,TG00 Arrest Monitor,None,0,Faction\ThievesGuild\,Nocturnal/theft candidate,candidate-scan,readback-ok,1,10,,,10,10 [StartUpStage]: ;,,10,QF_TG00ArrestMonitor_000B882D,,scan-only; exact stage/outcome semantics require dossier review
Skyrim.esm,Skyrim.esm,Skyrim.esm:064A14,TG00MaulHandler,TG00MaulHandler,TG00 Maul Handler,Misc,0,Faction\ThievesGuild\,Nocturnal/theft candidate,candidate-scan,readback-ok,2,10; 200,,,10,10 [StartUpStage] | 200 [ShutDownStage],10: Talk to Brynjolf about joining the Thieves Guild,200; 10,QF_TG00MaulHandler_00064A14,0:Reference:TG00MiscHandlerBrynjolfAlias,scan-only; exact stage/outcome semantics require dossier review
Skyrim.esm,Skyrim.esm,Skyrim.esm:0C99EF,TG00MiscHandler,TG00MiscHandler,TG00 Misc Handler,Misc,0,Faction\ThievesGuild\,Nocturnal/theft candidate,candidate-scan,readback-ok,2,10; 200,,,10,10 [StartUpStage] | 200 [ShutDownStage],10: Listen to Brynjolf's scheme,200; 10,QF_TG00MiscHandler_000C99EF,0:Reference:TG00MiscHandlerBrynjolfAlias,scan-only; exact stage/outcome semantics require dossier review
Skyrim.esm,Skyrim.esm,Skyrim.esm:020BE7,TG00SP,TG00SP,A Chance Arrangement Spectator Quest,ThievesGuild,4096,Faction\ThievesGuild\,Nocturnal/theft candidate,candidate-scan,readback-ok,5,10; 13; 15; 20; 200,,,10,10 [StartUpStage] | 13 | 15 | 20 | 200 [ShutDownStage],,20; 200; 10; 13; 15,QF_TG00SpectatorQuest_00020BE7,17:Reference:TG00SPBrandSheiAlias; 15:Reference:TG00SPBrynjolfAlias; 16:Reference:TG00SPMadesiAlias; 10:Reference:TG00GrelkaAlias; 11:Reference:TG00Spectator02; 12:Reference:TG00Spectator03; 13:Reference:TG00Spectator04; 14:Reference:TG00Spectator05,scan-only; exact stage/outcome semantics require dossier review
Skyrim.esm,Skyrim.esm,Skyrim.esm:04EF25,TG00SPArrest,TG00SPArrest,TG00 Arrest Scene Quest,None,0,Faction\ThievesGuild\,Nocturnal/theft candidate,candidate-scan,readback-ok,4,10; 20; 30; 200,,,10,10 [StartUpStage] | 20 | 30 | 200,,20; 200; 10; 30,QF_TG00SPArrest_0004EF25,4:Location:TG00SPArrestCity; 2:Reference:TG00SPArrestGuardImpAlias; 1:Reference:TG00SPArrestGuardSClkAlias; 0:Reference:TG00SPArrestBrandSheiAlias; 5:Reference:TG00SPArrestGuardAlias,scan-only; exact stage/outcome semantics require dossier review
Skyrim.esm,Skyrim.esm,Skyrim.esm:01F326,TG01,TG01,Taking Care of Business,ThievesGuild,0,Faction\ThievesGuild\,Nocturnal/theft candidate,candidate-scan,readback-ok,12,0; 10; 12; 20; 30; 35; 40; 42; 45; 47; 50; 200,200,,,"0 | 10: Brynjolf has promised me more work if I'm able to locate him at a tavern called the Ragged Flagon. Judging from the dangerous nature of its location, it seems as though he's having me perform some type of initiation, but I can't be certain. | 12 | 20: After successfully locating the Ragged Flagon, Brynjolf has given me a new assignment. Three business owners in Riften are proving to be a thorn in his side and I'm supposed to teach them the error of their ways. I should speak to Brynjolf about these townspeople in the event that they prove to be as stubborn as I'm expecting them to be. | 30 | 35 | 40 | 42 | 45 | 47 | 50 | 200: I've dealt with the three troublesome business owners in Riften as Brynjolf had specified. Perhaps now that I've proven my worth to Brynjolf, I can discover more about this mysterious organization that he represents.",10: Locate Brynjolf at the Ragged Flagon | 20: Collect Keerava's debt | 21: (Optional) Use Talen-Jei to get to Keerava | 30: Collect Bersi Honey-Hand's debt | 31: (Optional) Smash Bersi's prized Dwarven Urn | 40: Collect Haelga's debt | 41: (Optional) Steal Haelga's Statue of Dibella | 50: Return to Brynjolf,0; 40; 45; 10; 20; 200; 42; 35; 30; 12; 47; 50,QF_TG01_0001F326,1:Reference:BrynjolfAlias; 2:Reference:KeeravaAlias; 3:Reference:BersiAlias; 12:Reference:DrifaAlias; 4:Reference:HaelgaAlias; 5:Reference:VekelAlias; 6:Reference:DirgeAlias; 10:Reference:TG01TalenJeiAlias; 7:Reference:TG01HaelgaStatueAlias; 11:Reference:TG01UrnAlias; 9:Reference:BrynjolfMarkerAlias; 13:Reference:TG01PlayerAlias; 14:Reference:SvanaAlias,scan-only; exact stage/outcome semantics require dossier review
Skyrim.esm,Skyrim.esm,Skyrim.esm:0B882F,TG01ActorKillMonitor,TG01ActorKillMonitor,TG01 Kill Actor Monitor,None,0,Faction\ThievesGuild\,Nocturnal/theft candidate,candidate-scan,readback-ok,1,10,,,10,10 [StartUpStage]: ;,,10,QF_TG01AssaultMonitor_000B882F,,scan-only; exact stage/outcome semantics require dossier review
Skyrim.esm,Skyrim.esm,Skyrim.esm:02154E,TG02,TG02,Loud and Clear,ThievesGuild,0,Faction\ThievesGuild\,Nocturnal/theft candidate,candidate-scan,readback-ok,10,0; 10; 15; 20; 30; 35; 40; 45; 50; 200,200,,,"0 | 10: Brynjolf is taking me to meet the leader of the organization he represents. He says more work and significantly more coin could be available if I join their ranks. | 15 | 20: Thanks to Brynjolf's support, I've been welcomed into the Thieves Guild by its Guild Master, Mercer Frey. I'm eager to receive my first task and prove that his recommendation wasn't in vain. | 30: My first task as a member of the Thieves Guild involves a honey operation located just outside of Riften called Goldenglow Estate. My actions there are in direct response to the owner's sudden silence and lack of cooperation with the Thieves Guild and Maven-Black-Briar, one of the Guild's most important clients. | 35 | 40 | 45 | 50 | 200: I've completed my task at Goldenglow Estate and discovered the owner's sudden lack of cooperation with the Guild was leveraged by an anonymous buyer of that very same location. Why this buyer purchased Goldenglow and is showing animosity towards the Guild is a mystery for the moment.",10: Follow Brynjolf | 20: Listen to Mercer Frey | 30: Talk to Brynjolf | 40: Burn three bee hives (<Global=TG02HiveCount>/3) | 45: (Optional) Speak to Vex about Goldenglow Estate | 47: (Optional) Enter Goldenglow using sewer | 48: (Optional) Obtain the key to Aringoth's safe | 50: Clear out Aringoth's safe | 60: Return to Brynjolf,0; 40; 45; 10; 15; 20; 200; 50; 30; 35,QF_TG02_0002154E,0:Reference:TG02Brynjolf; 1:Reference:TG02MercerFrey; 2:Reference:TG02Aringoth; 7:Reference:TG02AringothsSafeAlias; 11:Reference:TG02AringothSafeKeyAlias; 3:Reference:TG02ApiaryMarker; 4:Reference:TG02BillofSaleAlias; 5:Reference:TG02Vex; 8:Reference:TG02GoldenglowEstateEnabler; 9:Reference:TG02BeeHiveReinforcementsEnabler; 10:Reference:TG02VexTunnelMarkerAlias,scan-only; exact stage/outcome semantics require dossier review
Skyrim.esm,Skyrim.esm,Skyrim.esm:084ABD,TG02B,TG02B,Meet the Family,Misc,0,Faction\ThievesGuild\,Nocturnal/theft candidate,candidate-scan,readback-ok,6,0; 10; 20; 30; 40; 200,200,,10,"0 | 10 [StartUpStage] | 20 | 30 | 40 | 200: After speaking with Delvin Mallory and Vex, I've determined that the Thieves Guild appears to be in decline but neither of them seem to agree why. I should check in with them from time-to-time and undertake some of the extra jobs they offer in order to help get the Guild back on its feet and put some coin in my pocket.",10: Learn more about the Thieves Guild from Vex | 20: Learn more about the Thieves Guild from Delvin | 30: Retrieve your Thieves Guild Armor from Tonilia,0; 40; 10; 200; 30; 20,QF_TG02B_00084ABD,0:Reference:TG02BVexAlias; 1:Reference:TG02BDelvinAlias; 2:Reference:TG02BToniliaAlias,scan-only; exact stage/outcome semantics require dossier review
Skyrim.esm,Skyrim.esm,Skyrim.esm:07EB37,TG02SP,TG02SP,Loud and Clear Conversations,ThievesGuild,0,Faction\ThievesGuild\,Nocturnal/theft candidate,candidate-scan,readback-ok,2,10; 200,,,,10 | 200 [ShutDownStage],,10,QF_TG02SP_0007EB37,0:Reference:TG02Merc01Alias; 1:Reference:TG02Merc02Alias; 7:Reference:TG02AringothAlias,scan-only; exact stage/outcome semantics require dossier review
Skyrim.esm,Skyrim.esm,Skyrim.esm:02154F,TG03,TG03,Dampened Spirits,ThievesGuild,0,Faction\ThievesGuild\,Nocturnal/theft candidate,candidate-scan,readback-ok,14,0; 10; 20; 30; 40; 45; 55; 60; 70; 80; 90; 100; 110; 200,200,,,"0 | 10: I've been sent to speak to Maven Black-Briar, head of the wealthiest most influential family in Riften. According to Brynjolf, she has a job of utmost importance for me and I need to follow her directions to the letter. | 20: Maven Black-Briar has sent me to Whiterun where I am to meet with someone named Mallus Maccius. Together, our goal is to bring down one of Maven's competitors, Honningbrew Meadery and discover where he obtained the financing to take her on. | 30: I've become a key component in a cunning plan to frame Honningbrew Meadery's owner, Sabjorn, and have him imprisoned. The first part of the scheme is to approach Sabjorn under the guise of assistance with a pest problem he's having thanks to Mallus's tinkering. | 40: Sabjorn has provided me with poison I'm to apply to the nests deep within the tunnels under Honningbrew Meadery. As Mallus predicted, I should be able to use the very same poison to taint Sabjorn's mead as well. | 45 | 55 | 60 | 70 | 80: The plan worked perfectly and Whiterun's Captain of the Guard was stricken with illness when he drank the poisoned mead. Sabjorn's been carted off to jail and Honningbrew Meadery is now closed. | 90: Now that Mallus's position as the owner of Honningbrew Meadery has been secured, I need to find any information explaining how Sabjorn was able to fund this costly operation. | 100 | 110 | 200: The information I obtained from Honningbrew Meadery points to the same anonymous buyer of Goldenglow Estate. If successful, this individual would have completely estranged Maven Black-Briar from the Guild and destroyed it economically. It's becoming painfully obvious that it's time to shed some light on our mysterious adversary before they have a chance to strike again.",10: Speak to Maven Black-Briar | 20: Speak to Mallus Maccius | 30: Speak to Sabjorn | 45: Poison the Nest | 50: Poison the Honningbrew Vat | 60: Return to Sabjorn | 70: Attend the tasting ceremony | 80: Speak to Mallus Maccius | 90: Identify Sabjorn's silent partner | 100: Return to Maven Black-Briar | 110: Return to Brynjolf,0; 40; 80; 45; 10; 90; 55; 60; 200; 110; 30; 100; 70; 20,QF_TG03_0002154F,0:Reference:TG03BrynjolfAlias; 1:Reference:TG03MavenAlias; 4:Reference:TG03MallusAlias; 6:Reference:TG03SabjornAlias; 17:Reference:TG03CaptainAlias; 18:Reference:TG03EimarAlias; 15:Reference:TG03SabjornChest; 9:Reference:TG03BrewingVatAlias; 25:Reference:TG03HoldingSafe; 12:Reference:TG03NestAlias; 16:Reference:TG03SabjornLetterAlias; 20:Reference:TG03PoisonAlias; 21:Reference:TG03BoileryDoorAlias; 22:Reference:TG03HonningbrewDoorAlias; 23:Reference:TG03DeadSkeever01Alias; 24:Reference:TG03DeadSkeever02Alias,scan-only; exact stage/outcome semantics require dossier review
Skyrim.esm,Skyrim.esm,Skyrim.esm:0B8830,TG03ActorKillMonitor,TG03ActorKillMonitor,TG03 Kill Actor Monitor,None,0,Faction\ThievesGuild\,Nocturnal/theft candidate,candidate-scan,readback-ok,1,10,,,10,10 [StartUpStage]: ;,,10,QF_TG03AssaultMonitor_000B8830,,scan-only; exact stage/outcome semantics require dossier review
Skyrim.esm,Skyrim.esm,Skyrim.esm:0549F3,TG03SP,TG03SP,Dampened Spirits Scene Quest,None,0,Faction\ThievesGuild\,Nocturnal/theft candidate,candidate-scan,readback-ok,5,10; 12; 13; 20; 200,,,,10 | 12 | 13 | 20 | 200,10: Speak to Maven Black-Briar. | 20: Speak to Mallus Maccius. | 30: Speak to Sabjorn. | 40: Clear the Skeever Infestation. | 45: Poison the Skeever Nest. | 50: Speak to Sabjorn. | 60: Poison the Honningbrew Vat. | 70: Retrieve Barrel of Honningbrew Mead. | 80: Bring Barrel of Mead to <Alias=TG03SPJarlAlias> | 90: Speak to Brynjolf.,12; 10; 13; 20,QF_TG03SP_000549F3,6:Reference:TG03SPSabjornAlias; 10:Reference:TG03SPCaptainAlias; 13:Reference:TG03SPMallusAlias,scan-only; exact stage/outcome semantics require dossier review
Skyrim.esm,Skyrim.esm,Skyrim.esm:021550,TG04,TG04,Scoundrel's Folly,ThievesGuild,AllowRepeatedStages,Faction\ThievesGuild\,Nocturnal/theft candidate,candidate-scan,readback-ok,14,0; 1; 10; 20; 30; 35; 36; 37; 40; 42; 45; 50; 60; 200,200,,,"0 | 1 | 10: After the revelations at Honningbrew Meadery and Goldenglow Farm, it's time to put the pieces together and shed some light on the Thieves Guild's anonymous adversary. | 20: Mercer Frey has pointed to Solitude as my next destination. I'm to meet up with an old Argonian contact for the Guild named Gulum-Ei. It's hoped he'll be able to identify the Thieves Guild's anonymous adversary. | 30 | 35 | 36 | 37 | 40: As predicted by Mercer Frey, Gulum-Ei proved to be quite stubborn and refused to reveal any useful information. I have no choice but to shadow him during his daily routine and discover if he's up to anything that could be used as influence to make him divulge the truth. | 42 | 45 | 50 | 60 | 200: Thanks to Gulum-Ei's confession, a former member of the Thieves Guild named Karliah has been identified as its anonymous adversary. Worse still, I've discovered that she was the same Dunmer who murdered Gallus, the Guild's previous Guild Master and who's apparently resurfaced after all these years to do the same to Mercer Frey.",10: Speak to Mercer Frey | 20: (Optional) Speak to Brynjolf | 30: Speak to Gulum-Ei | 35: Steal case of Firebrand Wine | 37: Get information from Gulum-Ei | 40: Shadow Gulum-Ei | 50: Confront Gulum-Ei | 55: Find alternative source of information | 60: Return to Mercer Frey,0; 40; 45; 10; 1; 36; 20; 200; 42; 60; 30; 50; 37; 35,QF_TG04_00021550,0:Reference:Brynjolf; 1:Reference:Gulum-Ei; 2:Reference:Mercer; 3:Reference:TG04FirebrandWine; 4:Reference:TG04DeathNote; 5:Reference:TG04DeedAlias; 6:Reference:TG04KillChestAlias,scan-only; exact stage/outcome semantics require dossier review
Skyrim.esm,Skyrim.esm,Skyrim.esm:0B8831,TG04ActorKiIllMonitor,TG04ActorKiIllMonitor,TG04 Kill Actor Monitor,None,0,Faction\ThievesGuild\,Nocturnal/theft candidate,candidate-scan,readback-ok,1,10,,,10,10 [StartUpStage]: ;,,10,QF_TG04AssaultMonitor_000B8831,,scan-only; exact stage/outcome semantics require dossier review
Skyrim.esm,Skyrim.esm,Skyrim.esm:07A282,TG04Brinewater,TG04Brinewater,,None,RunOnce,Faction\ThievesGuild\,Nocturnal/theft candidate,candidate-scan,readback-ok,2,0; 100,,,0,0 [StartUpStage] | 100,,0; 100,QF_TG04Brinewater_0007A282,0:Reference:DockBanditOrc; 1:Reference:DockBanditArcher; 2:Reference:SwimmingBanditWater; 3:Reference:SwimmingBanditShore,scan-only; exact stage/outcome semantics require dossier review
Skyrim.esm,Skyrim.esm,Skyrim.esm:1007FC,TG04EECHandler,TG04EECHandler,East Empire Warehouse Dialogue and Handler,Misc,17,Faction\ThievesGuild\,Nocturnal/theft candidate,candidate-scan,readback-ok,3,10; 20; 30,,,,10 | 20 | 30,10: Speak to Orthas Endario about the East Empire Company's problems,20; 10; 30,QF_TG04EECHandler_001007FC,0:Reference:TG04EECOrthas,scan-only; exact stage/outcome semantics require dossier review
Skyrim.esm,Skyrim.esm,Skyrim.esm:0D3AC6,TG04Post,TG04Post,Scoundrel's Folly Post,Misc,0,Faction\ThievesGuild\,Nocturnal/theft candidate,candidate-scan,readback-ok,3,10; 20; 200,,,10,10 [StartUpStage] | 20 | 200,10: Speak to Tonilia about exchanging a piece of armor,20; 200; 10,QF_TG04Post_000D3AC6,0:Reference:TG04PostTonilia,scan-only; exact stage/outcome semantics require dossier review
Skyrim.esm,Skyrim.esm,Skyrim.esm:050763,TG04SP,TG04SP,Scoundrel's Folly Stealth Scene,None,AllowRepeatedStages,Faction\ThievesGuild\,Nocturnal/theft candidate,candidate-scan,readback-ok,3,0; 10; 200,,,,0 | 10 | 200,,0; 200; 10,QF_TG04SP_00050763,1:Reference:Gulum-EiAlias,scan-only; exact stage/outcome semantics require dossier review
Skyrim.esm,Skyrim.esm,Skyrim.esm:021551,TG05,TG05,Speaking With Silence,ThievesGuild,0,Faction\ThievesGuild\,Nocturnal/theft candidate,candidate-scan,readback-ok,11,0; 1; 10; 20; 30; 35; 40; 45; 50; 60; 200,200,,,"0 | 1 | 10: I'm on my way to meet Mercer Frey at the ruins of Snow Veil Sanctum, Karliah's last known location. Together, Mercer and I intend to hunt her down and make her pay for Gallus's murder. | 20 | 30 | 35 | 40 | 45 | 50 | 60 | 200: The tables have unexpectedly turned, and Mercer Frey has been revealed as Gallus's killer. I now find myself in Karliah's care after Mercer tried to murder me, claiming I'd outlasted my usefulness by witnessing their conversation. I've also discovered that Mercer, Gallus and Karliah were members of some sort of group calling themselves ""The Nightingales"" - guardians in service to the goddess Nocturnal. What they're protecting or what this has to do with the Guild is still a mystery to me.",10: Meet Mercer Frey outside Snow Veil Sanctum | 20: Enter Snow Veil Sanctum | 35: Find Karliah | 50: Speak to Karliah,0; 40; 45; 10; 1; 20; 60; 50; 30; 200; 35,QF_TG05_00021551,0:Reference:TG05KarliahAlias; 1:Reference:TG05MercerAlias; 2:Reference:TG05DoorAlias; 3:Reference:TG05BrynjolfAlias; 4:Reference:SnowveilWETrigger,scan-only; exact stage/outcome semantics require dossier review
Skyrim.esm,Skyrim.esm,Skyrim.esm:02C367,TG05SP,TG05SP,Speaking With Silence End Scene,None,0,Faction\ThievesGuild\,Nocturnal/theft candidate,candidate-scan,readback-ok,5,10; 20; 30; 40; 200,,,,10 | 20 | 30 | 40 | 200,,20; 40; 10; 30; 200,QF_TG05SP_0002C367,0:Reference:TG05SPKarliahAlias; 1:Reference:TG05SPMercerAlias,scan-only; exact stage/outcome semantics require dossier review
Skyrim.esm,Skyrim.esm,Skyrim.esm:021552,TG06,TG06,Hard Answers,ThievesGuild,0,Faction\ThievesGuild\,Nocturnal/theft candidate,candidate-scan,readback-ok,12,0; 10; 20; 25; 27; 30; 40; 50; 55; 60; 70; 200,200,,,"0 | 10: Karliah believes the only proof that could expose Mercer's treachery can be found within the pages of Gallus's journal which she recovered from Snow Veil Sanctum. Unfortunately, the journal is written in some sort of code that needs to be deciphered. Our only hope is Enthir, one of Karliah and Gallus's former acquaintances who is a wizard at the College of Winterhold. | 20: Enthir has informed me that Gallus's Journal is written in Falmer. He's directed me to seek out Calcelmo, the Court Wizard in Markarth who is the foremost authority on them in hopes of obtaining a translation. | 25 | 27 | 30: Calcelmo has proven to be extremely stubborn and refuses to allow me access to his materials regarding the Falmer language. I'm left with little choice other than taking matters into my own hands and stealing his notes. | 40: Calcelmo's ""notes"" on the Falmer language are actually derived from a massive stone slab in his tower! It will be impossible to bring this item to Enthir to have him translate Gallus's Journal. I'll have to discover a way to make the information more portable. | 50 | 55 | 60 | 70 | 200: After Enthir successfully translated Gallus's journal, I've discovered that Mercer's motivations transcended simple greed or murder. As a member of the Nightingales, Mercer was tasked with guarding a place called The Twilight Sepulcher, the Temple of Nocturnal. According to Gallus, he defiled the temple and betrayed the Thieves Guild. Karliah insists we bring this information to Brynjolf immediately.",10: Speak with Enthir | 20: Speak with Calcelmo | 25: Gain entry to Calcelmo's Museum | 27: (Optional) Obtain the key to Calcelmo's Museum | 30: Obtain Calcelmo's Falmer Translating Guide | 40: Duplicate the writing on Calcelmo's Stone | 50: Return to Enthir | 60: Speak to Enthir | 70: Speak to Karliah,0; 40; 10; 25; 20; 200; 50; 60; 30; 70; 27; 55,QF_TG06_00021552,0:Reference:KarliahAlias; 1:Reference:CalcelmoAlias; 2:Reference:EnthirAlias; 4:Reference:TranslationStoneAlias; 6:Reference:BrynjolfAlias; 8:Reference:TG06RubbingAlias; 9:Reference:TG06Breadcrumb01Alias; 10:Reference:TG06Breadcrumb02Alias; 11:Reference:TG06Breadcrumb03Alias; 12:Reference:TG06MuseumKey; 14:Reference:TG06WaterfallBreadcrumb,scan-only; exact stage/outcome semantics require dossier review
Skyrim.esm,Skyrim.esm,Skyrim.esm:087105,TG06_dunMarkarthWizardsQuartersQST,TG06_dunMarkarthWizardsQuartersQST,,None,1028,,Nocturnal/theft candidate,candidate-scan,readback-ok,17,0; 1; 5; 6; 10; 11; 21; 22; 23; 24; 29; 30; 90; 91; 92; 93; 100,,,,0 | 1 | 5 | 6 | 10 | 11 | 21 | 22 | 23 | 24 | 29 | 30 | 90 | 91 | 92 | 93 | 100 [ShutDownStage],,0; 11; 29; 22; 10; 1; 23; 30; 21; 24; 5; 100; 92; 6; 90; 91; 93,QF_dunMarkarthWizardsQuarters_00087105,12:Reference:Aicantar; 14:Reference:Calcelmo; 13:Reference:Spider; 85:Reference:SpiderStaff; 97:Reference:SpiderJournal; 22:Reference:Lab_Guard01; 23:Reference:Lab_Guard02; 24:Reference:Lab_Guard03; 25:Reference:Lab_Guard04; 26:Reference:Lab_Guard05; 27:Reference:Lab_Guard06; 66:Reference:Lab_Guard07; 79:Reference:Lab_GuardNormal; 80:Reference:Lab_GuardNormal_Sons; 81:Reference:Lab_GuardNormal_Imp; 18:Reference:Tower_GuardCaptain; 15:Reference:Tower_Guard01; 16:Reference:Tower_Guard02; 17:Reference:Tower_Guard03; 19:Reference:Gallery_Guard01; 33:Reference:Gallery_Guard01_Sons; 47:Reference:Gallery_Guard01_Imp; 20:Reference:Gallery_Guard02; 34:Reference:Gallery_Guard02_Sons; 48:Reference:Gallery_Guard02_Imp; 21:Reference:Gallery_Guard03; 35:Reference:Gallery_Guard03_Sons; 49:Reference:Gallery_Guard03_Imp; 56:Reference:Tower_Ambush01; 57:Reference:Tower_Ambush02; 59:Reference:Tower_Ambush03; 58:Reference:Tower_Ambush04; 60:Reference:Tower_Door; 65:Reference:QSTEnableMarker; 69:Reference:CallerForHelp; 70:Reference:SpiderBeacon; 82:Reference:Lab_Reinforcement1; 83:Reference:Lab_Reinforcement2; 91:Reference:Lab_Reinforcement3; 92:Reference:Lab_Reinforcement4,scan-only; exact stage/outcome semantics require dossier review
Skyrim.esm,Skyrim.esm,Skyrim.esm:021553,TG07,TG07,The Pursuit,ThievesGuild,0,Faction\ThievesGuild\,Nocturnal/theft candidate,candidate-scan,readback-ok,13,0; 10; 20; 25; 30; 40; 42; 45; 48; 49; 50; 60; 200,200,,,"0 | 10: I'm on my way back to the Ragged Flagon to meet up with Karliah. Using the information obtained from Gallus's journal as proof, I hope to convince Brynjolf of Karliah's innocence and Mercer Frey's betrayal. | 20 | 25 | 30: Brynjolf has been convinced of Karliah's innocence and Mercer's betrayal after investigating the Guild's treasure vault and finding it empty. Of greater mystery is the fact that the vault can only be opened with two keys and is utterly impervious to lockpicking. How Mercer Frey could have breached it is a mystery to us all. | 40: The hunt is on and I'm on my way to Riftweald Manor, Mercer Frey's estate in Riften, to locate a clue as to his current whereabouts. | 42 | 45 | 48 | 49 | 50 | 60: I've discovered some plans in Riftweald Manor. This must be where Mercer Frey is headed. I should bring these the Brynjolf as soon as possible. | 200: Brynjolf is convinced Mercer Frey intends to perform one final heist before departing Skyrim for good. According to the plans I discovered in Riftweald Manor, he's after the ""Eyes of the Falmer,"" two gems of enormous value. If we have any hopes of intercepting Mercer, we need to proceed to their location immediately.",10: Meet Karliah at the Ragged Flagon | 20: Follow Karliah | 30: Speak to Brynjolf | 40: Infiltrate Mercer's House | 41: (Optional) Shoot the mechanism to lower the ramp | 42: (Optional) Speak to Vex about Vald | 50: Discover evidence of Mercer's location | 60: Speak to Brynjolf,0; 40; 45; 10; 25; 20; 60; 42; 200; 30; 50; 49; 48,QF_TG07_00021553,0:Reference:BrynjolfAlias; 1:Reference:VexAlias; 2:Reference:DelvinAlias; 3:Reference:KarliahAlias; 6:Reference:MercerAlias; 9:Reference:FalmerPlansAlias; 10:Reference:ValdAlias; 13:Reference:TG07KarliahMarkerAlias; 14:Reference:TG07BackDoorAlias; 15:Reference:TG07RampMarker; 16:Reference:TG07MavenAlias; 17:Reference:TG07VipirAlias; 18:Reference:TG07NiruinAlias; 19:Reference:TG07SapphireAlias; 20:Reference:TG07CynricAlias; 21:Reference:TG07ThrynnAlias; 22:Reference:TG07RuneAlias; 23:Reference:TG07GartharAlias; 24:Reference:TG07RavynAlias,scan-only; exact stage/outcome semantics require dossier review
Skyrim.esm,Skyrim.esm,Skyrim.esm:055AA4,TG07SP,TG07SP,The Pursuit Scene Quest,None,0,Faction\ThievesGuild\,Nocturnal/theft candidate,candidate-scan,readback-ok,4,10; 20; 30; 200,,,,10 | 20 | 30 | 200,,20; 200; 10; 30,QF_TG07SP_00055AA4,0:Reference:BrynjolfAlias; 1:Reference:VexAlias; 2:Reference:DelvinAlias; 3:Reference:KarliahAlias,scan-only; exact stage/outcome semantics require dossier review
Skyrim.esm,Skyrim.esm,Skyrim.esm:057F99,TG08A,TG08A,Trinity Restored,ThievesGuild,0,Faction\ThievesGuild\,Nocturnal/theft candidate,candidate-scan,readback-ok,18,0; 10; 15; 20; 25; 30; 35; 40; 42; 45; 47; 50; 52; 55; 57; 60; 70; 200,200,,,"0 | 10: Before intercepting Mercer Frey, Karliah wishes to speak to both Brynjolf and myself. | 15 | 20: Karliah has indicated Brynjolf and I are to meet her at an old standing stone just outside the Southwest Gate of Riften. Her motivations for doing so are mysterious, but I suspect it has something to do with the Nightingales. | 25 | 30 | 35 | 40: Karliah has informed Brynjolf and I that we're to join the elite ranks of the Nightingales and assist in reforming the trinity that was disrupted over twenty-five years ago when Mercer Frey murdered Gallus. | 42 | 45 | 47 | 50 | 52 | 55 | 57: I've undertaken the Oath and I'm now a Nightingale, guardian of the Twilight Sepulcher and a dedicated sentinel of the goddess Nocturnal. | 60 | 70 | 200: Karliah has finally revealed the fundamental mission of the Nightingales... the guardianship of the Skeleton Key of Nocturnal. This powerful artifact, normally kept safely within the Twilight Sepulcher, has been stolen by Mercer Frey. As a Nightingale, the duty to recover the Skeleton Key falls squarely upon my shoulders.",10: Listen to Karliah | 20: Meet Karliah at the standing stone | 30: Follow Karliah | 40: Activate the Armor Stone | 42: Equip the Nightingale Armor | 45: Follow Karliah | 50: Stand on vacant floor glyph | 60: Speak to Karliah | 70: Speak to Brynjolf,0; 70; 45; 10; 20; 200; 50; 57; 30; 35; 40; 25; 15; 55; 60; 42; 47; 52,QF_TG08A_00057F99,0:Reference:KarliahAlias; 1:Reference:BrynjolfAlias; 3:Reference:MarkerStoneAlias; 14:Reference:TG08AHoldingSafe; 4:Reference:NGArmorHelmetAlias; 5:Reference:NGArmorSuitAlias; 6:Reference:NGArmorGlovesAlias; 7:Reference:NGArmorBootsAlias; 13:Reference:TG08AArmorStoneAlias; 8:Reference:PlayerFloorGlyphAlias; 9:Reference:TG08ADoorAlias; 10:Reference:NocturnalAlias; 11:Reference:secretDoor; 12:Reference:NocturnalOriginAlias,scan-only; exact stage/outcome semantics require dossier review
Skyrim.esm,Skyrim.esm,Skyrim.esm:021554,TG08B,TG08B,Blindsighted,ThievesGuild,AllowRepeatedStages,Faction\ThievesGuild\,Nocturnal/theft candidate,candidate-scan,readback-ok,16,0; 1; 10; 20; 30; 32; 33; 35; 37; 40; 41; 45; 47; 50; 60; 200,200,,,"0 | 1 | 10: I'm on my way to Irkngthand, a vast dwarven ruin that supposedly contains the legendary ""Eyes of the Falmer."" Karliah and Brynjolf are waiting for me within. Together we hope to stop Mercer Frey from stealing the Eyes and escaping from Skyrim with the Skeleton Key of Nocturnal. | 20: I've entered Irkngthand, a vast dwarven ruin that supposedly contains the legendary ""Eyes of the Falmer."" Karliah and Brynjolf are waiting for me within. Together we hope to stop Mercer Frey from stealing the Eyes and escaping from Skyrim with the Skeleton Key of Nocturnal. | 30: Karliah and Brynjolf have joined me in my exploration of Irkngthand, a vast dwarven ruin that supposedly contains the legendary ""Eyes of the Falmer."" Together we hope to stop Mercer Frey from stealing the Eyes and escaping from Skyrim with the Skeleton Key of Nocturnal. | 32 | 33 | 35 | 37 | 40: I've finally located Mecer Frey within the ruins of Irkngthand. He seemed to be expecting us, and I'm afraid he led us here with the express purpose of eliminating the Nightingales once and for all. | 41 | 45: Mercer Frey, betrayer of the Thieves Guild and Gallus's murderer is finally dead. Upon his death, a wave of magic issued from his body and has caused the already crumbling chamber to collapse and fill with water. | 47 | 50: Mercer Frey is dead and I've recovered the Skeleton Key of Nocturnal from his corpse. I need to escape Irkngthand before the place collapses around me. | 60: Safe from the dangers below, Karliah, Brynjolf and I finally have a moment to breathe. Mecer Frey is dead, the Skeleton Key of Nocturnal is in my possession and, most importantly, the Nightingales have survived. | 200: Karliah, Brynjolf and I have slain Mercer Frey, escaped Irkngthand and recovered the Skeleton Key. All that remains is returning the artifact to the Twilight Sepulcher where it belongs; a journey I must undertake alone.",10: Travel to Irkngthand | 20: Speak to Karliah | 30: Locate Mercer Frey | 40: Slay Mercer Frey | 45: Retrieve the Skeleton Key | 50: Escape from Irkngthand | 60: Speak to Karliah,0; 40; 10; 45; 41; 1; 47; 200; 20; 60; 50; 33; 30; 37; 32; 35,QF_TG08_00021554,0:Reference:KarliahAlias; 1:Reference:BrynjolfAlias; 2:Reference:MercerAlias; 3:Reference:SkeletonKeyAlias; 5:Reference:TG08BExitMarkerAlias; 7:Reference:MercerSpeakerAlias; 8:Reference:TG08MeetMarkerAlias; 10:Reference:TG08BIrkDoorAlias,scan-only; exact stage/outcome semantics require dossier review
Skyrim.esm,Skyrim.esm,Skyrim.esm:021555,TG09,TG09,Darkness Returns,ThievesGuild,0,Faction\ThievesGuild\,Nocturnal/theft candidate,candidate-scan,readback-ok,10,0; 10; 20; 30; 40; 45; 50; 60; 70; 200,200,,,"0 | 10: With the Skeleton Key of Nocturnal safely in my possession, I'm bound for the Twilight Sepulcher to return it to its resting place. | 20 | 30: Within the Twilight Sepulcher, I happened upon the spirit of Gallus, the Nightingale murdered by Mercer Frey. He warned me that removing the key from its resting place has corrupted the other resident Nightingale Guardian Spirits, distorting their morality and making them incredibly hostile. | 40 | 45 | 50 | 60 | 70 | 200: I've returned the Skeleton Key to its proper resting place within the Twilight Sepulcher and encountered Nocturnal herself. As a reward for my actions, she allowed me to become a true Nightingale Agent and imbued me with the appropriate ability befitting my station.",10: Enter the Twilight Sepulcher | 20: Speak to the Nightingale Sentinel | 25: (Optional) Retrieve Nystrom's Journal | 30: Follow the Pilgrim's Path | 40: Return the Skeleton Key to the Ebonmere | 50: Listen to Nocturnal | 60: Speak to Karliah | 70: Choose Nightingale Role,0; 40; 45; 10; 20; 60; 50; 30; 200; 70,QF_TG09_00021555,0:Reference:GallusAlias; 1:Reference:NocturnalAlias; 2:Reference:TG09KarliahAlias; 3:Reference:BrynjolfAlias; 10:Reference:TG09SkeletonKeyAlias; 4:Reference:TG09GallusStartMarkerAlias; 5:Reference:TG09EbonmereLockAlias; 6:Reference:TG09Circle01Alias; 7:Reference:TG09Circle02Alias; 8:Reference:TG09Circle03Alias; 9:Reference:NameAlias; 12:Reference:TG09NystromsCorpseAlias; 11:Reference:TG09NystromsJournalAlias,scan-only; exact stage/outcome semantics require dossier review
Skyrim.esm,Skyrim.esm,Skyrim.esm:0DFB01,TG09NightingalesDialogue,TG09NightingalesDialogue,Twilight Sepulcher Dialogue,None,0,Faction\ThievesGuild\,Nocturnal/theft candidate,candidate-scan,readback-ok,0,,,,,,,,,,scan-only; exact stage/outcome semantics require dossier review
Skyrim.esm,Skyrim.esm,Skyrim.esm:0E1782,TG09Post,TG09Post,Darkness Returns Post Quest,ThievesGuild,0,Faction\ThievesGuild\,Nocturnal/theft candidate,candidate-scan,readback-ok,5,0; 10; 20; 30; 200,,,,0 | 10 | 20 | 30 | 200,,0; 200; 10; 30; 20,QF_TG09Post_000E1782,0:Reference:TG09PostKarliahAlias; 1:Reference:TG09PostGallusAlias; 2:Reference:TG09PostBrynjolfAlias,scan-only; exact stage/outcome semantics require dossier review
Skyrim.esm,Skyrim.esm,Skyrim.esm:0B328F,WEDLVigilOfStendarr01,WEDLVigilOfStendarr01,Vigilants fighting Atronach,None,4,Wilderness Encounters\Witchhunters\,quest-stage signal candidate,candidate-scan,readback-ok,2,0; 255,,,0,0 [StartUpStage] | 255 [ShutDownStage],,0; 255,QF_WEWitchhunter01_000B328F,1:Reference:TRIGGER; 4:Location:myHoldLocation; 6:Location:myHoldContested; 7:Location:myHoldImperial; 8:Location:myHoldSons; 9:Reference:SceneMarker1; 10:Reference:SceneMarker2; 65:Reference:SceneMarker3; 63:Reference:SceneMarkerCenter; 35:Reference:Atronach1; 64:Reference:Witchhunter1,scan-only; exact stage/outcome semantics require dossier review
Skyrim.esm,Skyrim.esm,Skyrim.esm:0B329E,WEDLVigilOfStendarr02,WEDLVigilOfStendarr02,Vigilants fighting Vampire,None,4,Wilderness Encounters\Witchhunters\,quest-stage signal candidate,candidate-scan,readback-ok,2,0; 255,,,0,0 [StartUpStage] | 255 [ShutDownStage],,0; 255,QF_WEWitchhunter02_000B329E,1:Reference:TRIGGER; 4:Location:myHoldLocation; 6:Location:myHoldContested; 7:Location:myHoldImperial; 8:Location:myHoldSons; 9:Reference:SceneMarker1; 10:Reference:SceneMarker2; 65:Reference:SceneMarker3; 63:Reference:SceneMarkerCenter; 35:Reference:Vampire; 64:Reference:Witchhunter; 68:Reference:Witchhunter000,scan-only; exact stage/outcome semantics require dossier review
Skyrim.esm,Skyrim.esm,Skyrim.esm:0B32D6,WEDLVigilOfStendarr03,WEDLVigilOfStendarr03,Vigilants fighting Skeletons,None,4,Wilderness Encounters\Witchhunters\,quest-stage signal candidate,candidate-scan,readback-ok,2,0; 255,,,0,0 [StartUpStage] | 255 [ShutDownStage],,0; 255,QF_WEWitchhunter03_000B32D6,1:Reference:TRIGGER; 4:Location:myHoldLocation; 6:Location:myHoldContested; 7:Location:myHoldImperial; 8:Location:myHoldSons; 9:Reference:SceneMarker1; 10:Reference:SceneMarker2; 65:Reference:SceneMarker3; 63:Reference:SceneMarkerCenter; 35:Reference:Skeleton1; 68:Reference:Skeleton2; 69:Reference:Skeleton3; 64:Reference:Witchhunter,scan-only; exact stage/outcome semantics require dossier review
Skyrim.esm,Skyrim.esm,Skyrim.esm:0B32F2,WEDLVigilOfStendarr04,WEDLVigilOfStendarr04,Vigilants Patrol,None,4,Wilderness Encounters\Witchhunters\,quest-stage signal candidate,candidate-scan,readback-ok,2,0; 255,,,0,0 [StartUpStage] | 255 [ShutDownStage],,0; 255,QF_WEWitchhunter04_000B32F2,1:Reference:TRIGGER; 4:Location:myHoldLocation; 6:Location:myHoldContested; 7:Location:myHoldImperial; 8:Location:myHoldSons; 9:Reference:TravelMarker1; 10:Reference:TravelMarker2; 41:Reference:CampCenterMarker; 16:Reference:Witchhunter1; 39:Reference:Witchhunter2,scan-only; exact stage/outcome semantics require dossier review
Skyrim.esm,Skyrim.esm,Skyrim.esm:0A8651,WICommentCollegeRobes,WICommentCollegeRobes,Player wearing College Robes,None,25,World Interactions\Comment\,Julianos/Magnus/magic-study candidate,candidate-scan,readback-ok,1,10,,,,10,,10,QF_WICommentCollegeRobes_000A8651,,scan-only; exact stage/outcome semantics require dossier review
Update.esm,Update.esm,Skyrim.esm:04B2D9,C00,C00,Take Up Arms,CompanionQuests,17,Faction\Companions\Story\,quest-stage signal candidate,candidate-scan,readback-ok,9,0; 1; 10; 20; 30; 40; 50; 100; 150,100,,0,"0 [StartUpStage] | 1 | 10: If I want to become a member of the Companions, I have to speak to their leader, Kodlak Whitemane, in Whiterun. | 20: The legendary warrior band of Whiterun, the Companions have agreed to let me join them, if I can handle some preliminary tasks for them. | 30 | 40 | 50 | 100: I have joined the Companions, the legendary warrior band of Whiterun. | 150",10: Speak to Kodlak Whitemane | 20: Train with Vilkas | 30: Give Vilkas's sword to Eorlund | 40: Bring Aela her shield | 50: Follow Farkas to your quarters,0; 40; 50; 20; 10; 30; 100; 150,QF_C00_0004B2D9,7:Reference:Kodlak; 0:Reference:Aela; 1:Reference:Farkas; 2:Reference:Vilkas; 3:Reference:Skjor; 8:Reference:Eorlund; 6:Reference:TrialObserver; 9:Reference:VilkasSword; 11:Reference:VilkasSwordQuestItem; 12:Reference:AelaShield; 13:Reference:AelaShieldQuestItem; 14:Reference:Athis; 16:Reference:Njada; 17:Reference:Ria; 18:Reference:Torvar; 21:Location:DustmansCairnReservation; 24:Location:GallowsRockReservation; 26:Location:YsgramorsTombReservation; 27:Reference:GlenmorilHead1; 28:Reference:GlenmorilHead2; 29:Reference:GlenmorilHead3; 30:Reference:GlenmorilHead4; 31:Reference:GlenmorilHead5; 32:Reference:KodlakEssential; 33:Reference:AelaEssential; 34:Reference:SkjorEssential; 35:Reference:VilkasEssential; 36:Reference:FarkasEssential; 37:Reference:EorlundEssential; 38:Reference:RadiantQuestgiver; 39:Reference:PlayerWatched; 40:Reference:CurrentFollower; 41:Reference:FragmentsOfWuuthrad; 46:Reference:DeadKodlak1; 47:Reference:DeadKodlak2; 48:Reference:DeadSilverHand1; 49:Reference:DeadSilverHand2; 50:Reference:DeadSilverHand3; 51:Reference:DeadSilverHand4; 52:Reference:DeadSilverHand5,scan-only; exact stage/outcome semantics require dossier review
Update.esm,Update.esm,Skyrim.esm:06E803,C01,C01,Proving Honor,CompanionQuests,"RunOnce, WarnOnAliasFillFailure",Faction\Companions\Story\,quest-stage signal candidate,candidate-scan,readback-ok,7,0; 1; 10; 20; 30; 40; 200,200,,,"0 | 1 | 10: The Companions leaders say they don't have any more work for me, but that I should speak to Skjor about ""the next steps."" | 20: The Companions have given me one final challenge before inducting me. I'm to retrieve a fragment of Wuuthrad, the Blade of Ysgramor, from <Alias=Dungeon> while <Alias=Observer> judges my valor. | 30 | 40 | 200: I successfully retrieved a fragment of Wuuthrad, the Blade of Ysgramor, to earn my place in the Companions.",10: Speak to Skjor | 20: Speak to <Alias=Observer> | 30: Retrieve the fragment | 40: Return to Jorrvaskr | 110: Follow Vilkas,0; 40; 20; 10; 1; 30; 200,QF_C01_0006E803,0:Reference:Skjor; 1:Reference:Observer; 2:Reference:MacGuffin; 3:Location:Dungeon; 4:Reference:DungeonMarker; 6:Reference:JorrvaskrTarget; 9:Reference:KeyContainer; 8:Reference:Key; 10:Reference:AmbushSH1; 11:Reference:AmbushSH2; 12:Reference:AmbushSH3; 13:Reference:AmbushSH4; 14:Reference:AmbushSH5; 15:Reference:ObserverWerewolfStorage; 16:Reference:Vilkas,scan-only; exact stage/outcome semantics require dossier review
Update.esm,Update.esm,Skyrim.esm:06E804,C02,C02,Brotherhood,CompanionQuests,"RunOnce, WarnOnAliasFillFailure",Faction\Companions\Story\,quest-stage signal candidate,candidate-scan,readback-ok,5,0; 1; 10; 20; 200,,,,0 | 1 | 10: <Alias=Questgiver> says that the Companions have been waiting for my return. I'm supposed to follow <Alias.PronounObj=Questgiver>. | 20 | 200: I have been inducted as a full member of the Companions.,10: Follow <Alias=Questgiver>,0; 200; 10; 1; 20,QF_C02_0006E804,2:Reference:QuestGiver; 3:Reference:Aela; 4:Reference:Farkas; 5:Reference:Vilkas; 6:Reference:Skjor; 7:Reference:Kodlak; 8:Reference:LastQuestObserver; 9:Reference:Athis; 10:Reference:Njada; 11:Reference:Ria; 12:Reference:Torvar; 13:Reference:Vignar; 14:Reference:Brill; 15:Reference:Tilma,scan-only; exact stage/outcome semantics require dossier review
Update.esm,Update.esm,Skyrim.esm:0A3EF9,C02PostQuest,C02PostQuest,,None,0,Faction\Companions\Story\,quest-stage signal candidate,candidate-scan,readback-ok,0,,,,,,,,,1:Reference:Kodlak; 2:Reference:Aela; 3:Reference:Skjor; 4:Reference:Farkas; 6:Reference:Vilkas; 7:Reference:Athis; 8:Reference:Njada; 9:Reference:Ria; 10:Reference:Torvar; 11:Reference:Vignar; 12:Reference:Brill; 13:Reference:Tilma,scan-only; exact stage/outcome semantics require dossier review
Update.esm,Update.esm,Skyrim.esm:06E805,C05,C05,Purity of Revenge,CompanionQuests,"RunOnce, WarnOnAliasFillFailure",Faction\Companions\Story\,quest-stage signal candidate,candidate-scan,readback-ok,5,0; 1; 10; 20; 200,200,,,0 | 1 | 10: Vilkas has come with me to avenge the death of Kodlak by wiping out the Silver Hand. | 20: Vilkas and I avenged Kodlak's death by bringing ruin to the Silver Hand. | 200,10: Retrieve the fragments of Wuuthrad | 11: (Optional) Wipe out the Silver Hand | 20: Return to Jorrvaskr,0; 200; 10; 1; 20,QF_C05_0006E805,2:Reference:Fragments; 3:Reference:Vilkas; 6:Location:SilverHandHQ; 7:Reference:SilverHandBoss; 8:Reference:HQMapMarker; 9:Reference:JorrvaskrInterior; 10:Reference:PlayerWatched; 12:Reference:FragmentSackBox; 11:Reference:FragmentSack; 13:Reference:DriftShadeInteriorDoor; 14:Reference:DriftShadeInteriorDoor2; 15:Reference:DriftShadeInteriorDoor2Reverse,scan-only; exact stage/outcome semantics require dossier review
Update.esm,Update.esm,Skyrim.esm:01CEF6,C06,C06,Glory of the Dead,CompanionQuests,"RunOnce, WarnOnAliasFillFailure",Faction\Companions\Story\,quest-stage signal candidate,candidate-scan,readback-ok,15,0; 1; 10; 15; 17; 18; 20; 30; 35; 40; 50; 60; 65; 70; 200,200,,,"0 | 1 | 10: I should attend the funeral of Kodak Whitman, the late Harbinger of the Companions. | 15: Eorlund needs the fragments of Wuuthrad to prepare them for remounting in Jorrvaskr. | 17 | 18 | 20: As a member of the Circle, I need to convene in the Underforge to determine the next steps for the Companions following the death of Kodak Whitman. | 30: The Companions believe there is a way to cleanse Kodlak's soul of the taint of the beast. We're going to the ancient Tomb of Ysgramor to perform the ceremony. | 35 | 40 | 50 | 60 | 65 | 70 | 200: I helped grant Kodlak Whitemane the glory of Sovngarde, and took his place as Harbinger of the Companions.",10: Attend Kodlak's funeral | 15: Give the fragments of Wuuthrad to Eorlund | 17: Retrieve Kodlak's fragment | 18: Give the final fragment to Eorlund | 20: Meet the Circle | 30: Go to Ysgramor's Tomb with the Circle | 35: Return Wuuthrad to Ysgramor | 40: Get to the burial chamber | 50: Speak to Kodlak | 60: Put witch head into fire | 65: Defeat the wolf spirit | 70: Speak to Kodlak,0; 40; 70; 10; 1; 15; 200; 20; 60; 17; 65; 30; 50; 35; 18,QF_C03_0001CEF6,38:Reference:Player; 1:Reference:Aela; 11:Reference:Vilkas; 13:Reference:Farkas; 20:Reference:Eorlund; 21:Reference:FuneralLocationMarker; 0:Reference:Font; 22:Reference:Sarcophagus; 23:Reference:GhostKodlak; 24:Reference:WolfSpirit; 26:Reference:Kodlak; 28:Reference:Skjor; 27:Reference:YsgramorsBlade; 30:Location:YsgramorsTomb; 31:Reference:YsgramorsTombMapMarker; 32:Reference:YsgramorStatue; 33:Reference:KodlakBodyMarker; 35:Reference:KodlaksEndTable; 34:Reference:KodlaksFragment; 37:Reference:KodlaksJournal; 36:Reference:Skyforge; 40:Reference:BossChest; 41:Reference:SHIELD,scan-only; exact stage/outcome semantics require dossier review
Update.esm,Update.esm,Skyrim.esm:0880EB,CompanionsSingleCombatQuest,CompanionsSingleCombatQuest,,None,5120,Faction\Companions\Radiant\,quest-stage signal candidate,candidate-scan,readback-ok,3,10; 150; 200,,,10,10 [StartUpStage] | 150 | 200,,150; 200; 10,QF_CompanionsSingleCombatQues_000880EB,1:Reference:Opponent; 5:Reference:Player; 2:Reference:Bystander1; 3:Reference:Bystander2; 4:Reference:Bystander3,scan-only; exact stage/outcome semantics require dossier review
Update.esm,Update.esm,Skyrim.esm:04D8D6,DA02,DA02,Boethiah's Calling,Daedric,RunOnce,Daedric\,Daedric/moral-choice candidate,candidate-scan,readback-ok,25,0; 1; 4; 5; 6; 7; 9; 10; 11; 12; 15; 17; 20; 21; 30; 31; 40; 41; 50; 60; 70; 80; 81; 100; 200,50; 100,,0,"0 [StartUpStage] | 1: I found a book that mentioned a cult of Boethiah in the mountains near Windhelm. | 4 | 5: I have discovered a shrine to Boethiah in the mountains near Windhelm. | 6 | 7 | 9 | 10: I am to lead someone to the Shrine of Boethiah, instruct them to touch the Pillar of Sacrifice, and once trapped by it's magic, slay them. If I do this Boethiah will appear. | 11 | 12 | 15: Boethiah has appeared using <Alias=DeadFriend>'s corpse as a vessel. She will give a special task to whichever of her cultists are left alive after we fight to the death. | 17 | 20: Boethiah revealed herself to me. I am to slay her previous champion, and having done so, don the Ebony Mail. So doing, she will make me her champion. | 21 | 30 | 31 | 40: I have proven myself to Boethiah, and she has made me her new champion. | 41 | 50 | 60 | 70 | 80 | 81 | 100 | 200",1: Find the shrine of Boethiah | 5: Find the cult of Boethiah | 10: Lead someone to become trapped by the shrine and slay them | 15: Slay the other cultists | 20: Slay everyone at <Alias=Dungeon> stealthily | 30: Retrieve and equip the Ebony Mail | 50: Slay the Jarl of Solitude | 100: Speak to Boethiah's Conduit | 101: Speak to Boethiah's Conduit,11; 80; 10; 1; 81; 20; 200; 9; 30; 21; 40; 5; 41; 31; 15; 4; 12; 7; 17; 100; 6; 70; 60; 50,QF_DA02_0004D8D6,28:Reference:BoethiahsConduit; 9:Reference:ShrineCenterMarker; 15:Reference:ShrineApproachTrigger; 33:Reference:Fighter1Spawn; 34:Reference:Fighter2Spawn; 3:Reference:Fighter1; 4:Reference:Fighter2; 16:Reference:Cultist1SpawnMarker; 42:Reference:Cultist2SpawnMarker; 43:Reference:Cultist3SpawnMarker; 44:Reference:Cultist4SpawnMarker; 45:Reference:Cultist5SpawnMarker; 8:Reference:Cultist1; 10:Reference:Cultist2; 11:Reference:Cultist3; 12:Reference:Cultist4; 13:Reference:Cultist5; 71:Reference:Pillar; 95:Reference:PillarLookUpMarker; 18:Reference:DeadFriend; 74:Location:Dungeon; 29:Reference:Champion; 73:Reference:Enemy1; 78:Reference:Enemy2; 79:Reference:Enemy3; 80:Reference:Enemy4; 81:Reference:Enemy5; 82:Reference:Enemy6; 83:Reference:Enemy7; 84:Reference:Enemy8; 85:Reference:Enemy9; 91:Reference:Enemy10; 92:Reference:Enemy11; 94:Reference:Enemy12; 93:Reference:Enemy13; 90:Reference:Enemy14; 72:Reference:DungeonMapMarker; 30:Reference:BoethiahsVoiceXMarker; 31:Reference:Elisif; 32:Reference:ElisifIsEssential,scan-only; exact stage/outcome semantics require dossier review
Update.esm,Update.esm,Skyrim.esm:02A49A,DA05,DA05,Ill Met By Moonlight,Daedric,281,Daedric\,Daedric/moral-choice candidate,candidate-scan,readback-ok,15,0; 10; 20; 50; 55; 60; 61; 65; 70; 80; 100; 105; 200; 205; 210,100; 105,205,0,"0 [StartUpStage] | 10: There are stories in Falkreath of a strange vagrant who savagely killed a little girl. | 20: I've met Sinding, a werewolf who the Daedric Lord Hircine has punished by preventing his transformations. He's given me the ring he stole and asked me to entreat Hircine for forgiveness. | 50: I've met Sinding, a werewolf who the Daedric Lord Hircine has punished by preventing his transformations. Hircine has asked me to finish the job and gain his favor by killing Sinding. | 55 | 60 | 61 | 65 | 70: I've met Sinding, a werewolf who the Daedric Lord Hircine has punished by preventing his transformations. I'm going to defend him against the hunters that Hircine has sent to end his life. | 80 | 100: I met Sinding, a werewolf who the Daedric Lord Hircine had punished by preventing his transformations. I helped kill him as a service to Hircine, and have been rewarded with the Savior's Hide. | 105: I met Sinding, a werewolf who the Daedric Lord Hircine had punished by preventing his transformations. I defended him against the hunters that Hircine sent to end his life, and earned his friendship. | 200 | 205 | 210",10: Speak to Sinding | 20: Kill the great beast | 50: Begin the hunt | 55: Join the hunt | 60: Kill Sinding | 61: Skin Sinding | 65: Speak with Hircine | 70: Kill the Hunters | 80: Talk to Sinding,0; 70; 80; 10; 200; 210; 105; 65; 60; 50; 205; 61; 100; 20; 55,QF_DA05_0002A49A,0:Reference:Sinding; 30:Reference:SindingGhost; 1:Reference:GlenmorilLeader; 2:Reference:GreatHuntStart; 3:Reference:Hunter 1; 5:Reference:Hunter 2; 6:Reference:Hunter 3; 7:Reference:Hunter 4; 8:Reference:VictimMother; 9:Reference:VictimFather; 10:Reference:Funeralizer; 22:Reference:HircinesRing; 26:Reference:HircinesRingQuestItem; 23:Reference:SkinBox; 25:Reference:SindingSkin; 27:Reference:QuestingBeast; 28:Reference:QuestingBeastGhost; 31:Reference:QuestingBeastTA; 33:Reference:Hunter5; 34:Reference:Hunter6; 40:Reference:Hunter7; 39:Reference:Hunter8; 38:Reference:Hunter9; 37:Reference:Hunter10; 36:Reference:Hunter11; 35:Reference:Hunter12,scan-only; exact stage/outcome semantics require dossier review
Update.esm,Update.esm,Skyrim.esm:0240B8,DA07,DA07,Pieces of the Past,Daedric,17,Daedric\,Daedric/moral-choice candidate,candidate-scan,readback-ok,25,5; 10; 11; 13; 15; 20; 25; 30; 35; 40; 45; 50; 52; 53; 55; 60; 65; 70; 75; 80; 90; 95; 100; 150; 200,100; 150,200,,"5 | 10: Silus Vesuius, the owner of a museum dedicated to the Mythic Dawn cult, wants to hire me for a job. He'll give me the details inside his house in Dawnstar. | 11 | 13: Silus Vesuius is offering me gold to retrieve the three pieces of Mehrunes' Razor from their current owners. Drascua has the pommel, Ghunzul has the blade shards, and Jorgen has the hilt. | 15 | 20 | 25 | 30 | 35 | 40 | 45 | 50: Silus Vesuius now has all three pieces of Mehrunes' Razor and wants me to help him reforge it at the Shrine of Mehrunes Dagon. | 52 | 53 | 55 | 60 | 65 | 70: Mehrunes Dagon has asked me to kill Silus Vesuius. I will be given the reforged Razor if I succeed. | 75 | 80: I have killed Silus Vesuius for Mehrunes Dagon. I should speak to the Lord of Destruction through his altar. | 90: Mehrunes Dagon has promised to reforge his Razor if I place my hands on his altar. | 95 | 100: Silus is dead and Mehrunes' Razor is mine. | 150: I refused to kill Silus for Mehrunes Dagon. The Razor is forever out of my grasp. | 200: Silus is dead. Whatever plans he had have died with him.",10: Speak to Silus inside his house | 11: Retrieve the pommel of Mehrunes' Razor | 12: Retrieve the blade shards of Mehrunes' Razor | 14: Retrieve the hilt of Mehrunes' Razor | 20: Bring the pommel stone to Silus | 22: Bring the blade shards to Silus | 24: Bring the hilt to Silus | 30: Meet Silus at the Shrine of Mehrunes Dagon | 40: Speak to Mehrunes Dagon | 50: Kill Silus | 60: Speak to Mehrunes Dagon | 70: Reforge Mehrunes' Razor | 75: Claim Mehrunes' Razor,11; 80; 45; 10; 90; 20; 200; 50; 30; 35; 40; 5; 53; 95; 25; 15; 55; 150; 60; 100; 70; 75; 13; 65; 52,QF_DA07_000240B8,1:Reference:Silus; 35:Location:SilusHouse; 46:Reference:SilusDoor; 60:Location:HagRockRedoubt; 36:Location:DeadCroneRock; 58:Location:CrackedTuskKeep; 4:Reference:Drascua; 5:Reference:Ghunzul; 6:Reference:Jorgen; 47:Reference:JorgenChest; 31:Reference:RazorPommel; 29:Reference:RazorBlade; 30:Reference:RazorHilt; 8:Reference:MehrunesRazor; 37:Reference:VoiceofDagon; 38:Reference:RobesCase; 39:Reference:XarxesCase; 40:Reference:CommentariesCase; 41:Reference:RazorCase; 48:Reference:ShrineMapMarker; 50:Reference:DagonSpeaksTrigger; 51:Reference:Altar; 52:Reference:Dremora01; 53:Reference:Dremora02; 54:Reference:DagonDoor; 56:Reference:DagonVoiceMarker; 57:Reference:ReforgeTrigger; 61:Reference:Dremora2Marker; 62:Reference:Dremora1Marker,scan-only; exact stage/outcome semantics require dossier review
Update.esm,Update.esm,Skyrim.esm:04E4E1,DA09,DA09,The Break of Dawn,Daedric,RunOnce,Daedric\,Daedric/moral-choice candidate,candidate-scan,readback-ok,12,0; 1; 50; 100; 150; 200; 300; 350; 400; 410; 450; 500,500,,0,"0 [StartUpStage] | 1 | 50: An otherworldly voice coming from Mount Kilkreath is commanding me to find a beacon and return it. | 100: I've found a strange gem. An otherworldly voice is commanding me to bring it to Mount Kilkreath. | 150 | 200 | 300: Meridia has commanded me to enter Kilkreath Ruins, destroy Malkoran, and retrieve the artifact Dawnbreaker. I will need to guide a beam of light through the ruins which will open the way for me. | 350 | 400 | 410 | 450 | 500: I have entered Kilkreath Ruins, destroyed Malkoran, and retrieved the artifact Dawnstar, which Meridia has bestowed upon me for my service.",5: Find Meridia's beacon | 10: Bring Meridia's beacon to Mount Kilkreath | 15: Replace the beacon | 20: Guide Meridia's Light through the temple | 30: Destroy Malkoran | 40: Retrieve Dawnbreaker,0; 300; 400; 100; 1; 350; 410; 150; 200; 50; 450; 500,QF_DA09_0004E4E1,0:Reference:Meridia; 10:Location:GemContainerLocation; 9:Reference:GemContainer; 25:Reference:GemMapMarker; 12:Reference:xMarkerVoice; 1:Reference:Gem; 4:Reference:GemStatic; 3:Reference:Statue; 5:Reference:dragonPriest; 13:Reference:FalkreathMapMarker; 14:Reference:TempleExteriorTrigger; 15:Reference:StatueTrigger; 16:Reference:BeamSky; 17:Reference:Dawnsbreaker; 18:Reference:Pedestal; 19:Reference:SkySceneStartMarker; 22:Reference:FrontDoor; 24:Reference:Cell1Exit; 21:Reference:QuestTargetHelperTrigger; 20:Reference:BossTrigger,scan-only; exact stage/outcome semantics require dossier review
Update.esm,Update.esm,Skyrim.esm:0E38C7,DialogueSkyHavenTemple,DialogueSkyHavenTemple,,None,17,,quest-stage signal candidate,candidate-scan,readback-ok,0,,,,,,,,,,scan-only; exact stage/outcome semantics require dossier review
Update.esm,Update.esm,Skyrim.esm:035D5F,MQ201,MQ201,Diplomatic Immunity,MainQuest,RunOnce,Main Quest\,main-quest/Dragonborn candidate,candidate-scan,readback-ok,43,0; 1; 10; 15; 20; 30; 35; 40; 50; 70; 90; 95; 98; 100; 102; 105; 108; 110; 120; 130; 140; 150; 160; 165; 170; 180; 185; 190; 200; 202; 205; 208; 210; 215; 220; 222; 223; 225; 227; 230; 240; 250; 255,250; 255,,,"0 | 1 | 10 | 15 | 20 | 30: It seems that things are worse than even Delphine thought. Dragons aren't just coming back to life, they're being resurrected by other dragons. Delphine suspects that the Thalmor might be bringing dragons back for some sinister purpose. She's going to talk to her contacts about how we can infiltrate the Thalmor Embassy. | 35 | 40: It seems that things are worse than even Delphine thought. Dragons aren't just coming back to life, they're being resurrected by other dragons. Delphine suspects that the Thalmor might be bringing dragons back for some sinister purpose. She's going to help me infiltrate the Thalmor ambassador's manor and find out what they know about the dragons. I should meet with her contact, Malborn, in the Winking Skeever Inn in Solitude. | 50 | 70 | 90 | 95 | 98 | 100: It seems that things are worse than even Delphine thought. Dragons aren't just coming back to life, they're being resurrected by other dragons. Delphine suspects that the Thalmor might be bringing dragons back for some sinister purpose. I met with her contact, Malborn, who is going to smuggle some of my equipment into the Thalmor ambassador's manor. I'm going to infiltrate the manor posing as a guest at the ambassador's party. Once inside, I need to meet up with Malborn and figure out a way to slip away from the party without being caught. | 102 | 105 | 108 | 110 | 120 | 130 | 140: It seems that things are worse than even Delphine thought. Dragons aren't just coming back to life, they're being resurrected by other dragons. Delphine suspects that the Thalmor might be bringing dragons back for some sinister purpose. Her contact, Malborn, smuggled some of my equipment into the Thalmor ambassador's manor. I infiltrated the manor posing as a guest at the ambassador's party. Now I need to search the ambassador's office to find out what the Thalmor know about the dragons. | 150 | 160 | 165 | 170 | 180 | 185 | 190 | 200 | 202 | 205 | 208 | 210: It seems that things are worse than even Delphine thought. Dragons aren't just coming back to life, they're being resurrected by other dragons. Delphine suspects that the Thalmor might be bringing dragons back for some sinister purpose. With the help of her contact, Malborn, I infiltrated the manor posing as a guest at the ambassador's party. I've now learned that the Thalmor are just as in the dark as we are - in fact, they're searching Riften for a Blade named Esbern, who they believe knows what the return of the dragons means. | 215 | 220 | 222 | 223 | 225 | 227 | 230 | 240 | 250: It seems that things are worse than even Delphine thought. Dragons aren't just coming back to life, they're being resurrected by other dragons. Delphine suspects that the Thalmor might be bringing dragons back for some sinister purpose. With the help of her contact, Malborn, I infiltrated the manor posing as a guest at the ambassador's party. I learned that the Thalmor are just as in the dark as we are - in fact, they're searching Riften for a Blade named Esbern, who they believe knows what the return of the dragons means. | 255",5: Meet Delphine in Riverwood | 10: Meet Malborn in Solitude | 20: Give Malborn the equipment | 30: Meet Delphine at the stables | 40: Talk to Malborn | 50: Create a distraction and get away from the party | 55: (Optional) Retrieve your gear | 60: Search for information about the dragons returning | 70: Search the torture chamber | 80: Escape the Thalmor Embassy | 90: Talk to Delphine,0; 140; 160; 90; 98; 105; 180; 223; 185; 40; 210; 100; 100; 15; 208; 205; 225; 102; 215; 70; 202; 10; 1; 240; 200; 50; 30; 35; 130; 255; 190; 120; 95; 170; 110; 165; 150; 220; 20; 108; 222; 227; 230; 250,QF_MQ201_00035D5F,68:Reference:PartyCenterMarker; 95:Location:ThalmorEmbassy; 44:Reference:Delphine; 110:Reference:Orgnar; 65:Reference:Elenwen; 51:Reference:Malborn; 96:Reference:Brelas; 52:Reference:MalbornMeet; 70:Reference:DelphineStableMarker; 117:Reference:PlayerCarriageMarker; 118:Reference:PlayerCarriageDriver; 71:Reference:PlayerGearContainer; 73:Reference:PlayerGearContainerHidden; 97:Reference:PlayerGearContainerDelphine; 72:Reference:PartyOutfit; 101:Reference:PartyBoots; 82:Reference:PartyGuard1; 83:Reference:PartyGuard2; 53:Reference:PartyExitDoor; 54:Reference:Cook; 55:Reference:ElenwenOfficeContainer; 77:Reference:ElenwenOfficeMarker; 76:Reference:ElenwenOfficeNote; 112:Reference:PartyInvitation; 80:Reference:TortureChamberContainer; 56:Reference:TortureChamberMarker; 81:Reference:TortureChamberNote; 74:Reference:Rulindil; 75:Reference:Gissur; 78:Reference:Prisoner; 92:Reference:TortureChamberGuardMarker; 79:Reference:TortureChamberGuard; 93:Reference:EscapeSceneGuard1; 94:Reference:EscapeSceneGuard2; 84:Reference:RiverwoodTargetMarker; 98:Reference:Player; 99:Reference:EscapeKey1; 100:Reference:EscapeKey2; 102:Reference:ExteriorGuardDay1; 107:Reference:ExteriorGuardDay2,scan-only; exact stage/outcome semantics require dossier review
Update.esm,Update.esm,Skyrim.esm:036191,MQ202,MQ202,A Cornered Rat,MainQuest,RunOnce,Main Quest\,main-quest/Dragonborn candidate,candidate-scan,readback-ok,22,0; 1; 5; 10; 20; 50; 55; 56; 60; 65; 70; 100; 130; 140; 145; 150; 160; 170; 175; 180; 200; 300,180,,,"0 | 1 | 5 | 10: The Thalmor are just as puzzled as we are about why dragons are returning. I learned that they are looking for a Blade named Esbern, who Delphine says is an expert on ancient dragon lore. We need to find him before the Thalmor do. | 20 | 50: The Thalmor are just as puzzled as we are about why dragons are returning. I learned that they are looking for a Blade named Esbern, who is supposed to be an expert on ancient dragon lore. I've learned that he's hiding out in the Ratway Warrens in Riften. | 55 | 56 | 60 | 65 | 70 | 100 | 130 | 140 | 145 | 150: The Thalmor are just as puzzled as we are about why dragons are returning. I learned that they are looking for a Blade named Esbern, who is supposed to be an expert on ancient dragon lore. I found Esbern hiding in the Ratway in Riften, and convinced him to let me in to explain myself. | 160 | 170 | 175 | 180: The Thalmor are just as puzzled as we are about why dragons are returning. I learned that they are looking for a Blade named Esbern, who is supposed to be an expert on ancient dragon lore. I found Esbern hiding in the Ratway in Riften, and convinced him to let me in to explain myself. | 200 | 300",10: Talk to Brynjolf | 20: Search the Ratway for Esbern's hideout | 30: Find Esbern in the Ratway Warrens | 40: Talk to Esbern,0; 70; 140; 10; 10; 10; 1; 20; 200; 50; 180; 56; 130; 300; 5; 175; 100; 150; 60; 145; 55; 65; 160; 170,QF_MQ202_00036191,44:Reference:Delphine; 51:Reference:Esbern; 52:Reference:Brynjolf; 54:Reference:Vekel; 55:Reference:Dirge; 70:Reference:FlagonBartender; 61:Reference:Gissur; 60:Reference:EsbernsDoor; 62:Reference:Shavari; 63:Reference:FlagonAmbush1; 64:Reference:FlagonAmbush2; 65:Reference:FlagonAmbush3; 66:Reference:MainAmbush1; 68:Reference:MainAmbush3; 69:Reference:MainAmbush4; 73:Reference:FinalAmbush1; 74:Reference:FinalAmbush2; 71:Reference:GissurNote; 72:Reference:ShavariNote,scan-only; exact stage/outcome semantics require dossier review
Update.esm,Update.esm,Skyrim.esm:044C56,MQ301,MQ301,The Fallen,MainQuest,RunOnce,Main Quest\,main-quest/Dragonborn candidate,candidate-scan,readback-ok,22,0; 1; 10; 15; 18; 20; 21; 22; 25; 27; 30; 40; 50; 70; 120; 125; 150; 180; 200; 220; 230; 240,220,,,"0 | 1 | 10: After I defeated Alduin on the top of the Throat of the World, he fled from me. I need to locate his lair so I can finish him off, once and for all. | 15 | 18 | 20 | 21 | 22 | 25: After I defeated Alduin on the top of the Throat of the World, he fled from me. One of his dragon allies may be able to tell me where he's gone. I've learned that Dragonsreach, the Jarl's palace in Whiterun, was once used to imprison a dragon. I need to persuade the Jarl of Whiterun to help me trap a dragon in Dragonsreach. | 27 | 30: After I defeated Alduin on the top of the Throat of the World, he fled from me. One of his dragon allies may be able to tell me where he's gone. I've learned that Dragonsreach, the Jarl's palace in Whiterun, was once used to imprison a dragon. If I can arrange a truce in the civil war, the Jarl of Whiterun has agreed to help me trap a dragon in Dragonsreach. Then I can interrogate the dragon and learn the location of Alduin's lair so I can finish him off, once and for all. | 40 | 50: After I defeated Alduin on the top of the Throat of the World, he fled from me. One of his dragon allies may be able to tell me where he's gone. The Jarl of Whiterun has agreed to help me trap a dragon in Dragonsreach. Now I need some way to lure a dragon into the trap. Esbern or Paarthurnax might be able to help. | 70: After I defeated Alduin on the top of the Throat of the World, he fled from me. One of his dragon allies may be able to tell me where he's gone. The Jarl of Whiterun has agreed to help me trap a dragon in Dragonsreach. I've learned a Shout which is the name of one of Alduin's allies, which should serve to bring him to the Dragonsreach courtyard so I can trap him there. Then I can interrogate the dragon and learn the location of Alduin's lair so I can finish him off, once and for all. | 120 | 125 | 150 | 180 | 200: After I defeated Alduin on the top of the Throat of the World, he fled from me. One of his dragon allies may be able to tell me where he's gone. With the help of the Jarl of Whiterun, I've trapped the dragon Odahviing in Dragonsreach. Now to interrogate Odahviing and learn the location of Alduin's lair so I can finish him off, once and for all. | 220: After I defeated Alduin on the top of the Throat of the World, he fled from me. One of his dragon allies may be able to tell me where he's gone. With the help of the Jarl of Whiterun, I've trapped the dragon Odahviing in Dragonsreach. Odahviing revealed that Alduin's lair is located in the ancient temple of Skuldafn, which is only accessible by air. Odahviing has offered to take me there, in return for his freedom. | 230 | 240",10: Talk to Paarthurnax | 11: Talk to Arngeir | 12: Talk to Esbern | 20: Talk to the Jarl of Whiterun | 25: Get Greybeards' help in negotiating a truce | 30: Learn Shout to call Odahviing | 40: Prepare trap for Odahviing | 50: Call Odahviing to Dragonsreach | 60: Defeat and trap Odahviing | 70: Interrogate Odahviing,0; 70; 22; 10; 1; 240; 20; 200; 50; 30; 21; 40; 120; 18; 25; 15; 150; 180; 220; 27; 230,QF_MQ301_00044C56,1:Reference:Esbern; 13:Reference:Arngeir; 0:Reference:Paarthurnax; 2:Reference:Jarl; 14:Reference:HouseCarl; 15:Reference:Steward; 16:Reference:Follower; 4:Reference:Odahviing; 5:Reference:Soldier1StartMarker; 11:Reference:JarlStartMarker; 6:Reference:Soldier2StartMarker; 7:Reference:Soldier3StartMarker; 8:Reference:Soldier1; 9:Reference:Soldier2; 10:Reference:Soldier3,scan-only; exact stage/outcome semantics require dossier review
Update.esm,Update.esm,Skyrim.esm:046EF1,MQ304,MQ304,Sovngarde,MainQuest,RunOnce,Main Quest\,main-quest/Dragonborn candidate,candidate-scan,readback-ok,27,0; 1; 5; 10; 20; 30; 50; 60; 65; 70; 75; 80; 85; 90; 95; 100; 105; 110; 130; 135; 140; 150; 160; 170; 180; 200; 300,200,,,"0 | 1 | 5 | 10: I've passed through Alduin's portal into Sovngarde, the realm of Aetherius where the souls of Nord heroes go to feast and battle until the final reckoning. Now to find Alduin and defeat him once and for all. | 20 | 30 | 50: I've passed through Alduin's portal into Sovngarde, the realm of Aetherius where the souls of Nord heroes go to feast and battle until the final reckoning. Alduin has laid some kind of soul-snare across the valley of Sovngarde, a mist where he hides and feeds upon the trapped souls. My only hope is to reach the Hall of Heroes. | 60 | 65 | 70 | 75 | 80 | 85 | 90 | 95 | 100 | 105 | 110 | 130 | 135 | 140 | 150 | 160 | 170 | 180 | 200: I've passed through Alduin's portal into Sovngarde, the realm of Aetherius where the souls of Nord heroes go to feast and battle until the final reckoning. Alduin has laid some kind of soul-snare across the valley of Sovngarde, a mist where he hides and feeds upon the trapped souls. I reached the Hall of Heroes and met Gormlaith Golden-Hilt, Hakon One-Eye, and Felldir the Old - the three heroes who I saw defeat Alduin in my vision of the past. They have been permitted by Shor, the god of the underworld, to join me in my battle against Alduin. | 300",10: Find out how to defeat Alduin | 20: Gain admittance to the Hall of Valor | 30: Talk to the heroes of Sovngarde,0; 70; 80; 140; 10; 1; 90; 20; 105; 50; 30; 180; 85; 300; 5; 5; 5; 5; 5; 5; 5; 100; 200; 170; 160; 65; 60; 150; 135; 75; 130; 110; 95,QF_MQ304_00046EF1,0:Reference:Alduin1; 2:Reference:LostSoulMarker1; 1:Reference:LostSoul; 15:Location:Sovngarde; 14:Reference:LostSoul1; 16:Reference:LostSoul2; 17:Reference:LostSoul3; 18:Reference:LostSoul4; 4:Reference:Tsun; 5:Reference:Gormlaith; 6:Reference:Felldir; 7:Reference:Hakon; 8:Reference:TEMPTriggerBoxToMakeItPersistent; 13:Reference:Player; 19:Reference:Ysgramor,scan-only; exact stage/outcome semantics require dossier review
Update.esm,Update.esm,Skyrim.esm:01F326,TG01,TG01,Taking Care of Business,ThievesGuild,0,Faction\ThievesGuild\,Nocturnal/theft candidate,candidate-scan,readback-ok,12,0; 10; 12; 20; 30; 35; 40; 42; 45; 47; 50; 200,200,,,"0 | 10: Brynjolf has promised me more work if I'm able to locate him at a tavern called the Ragged Flagon. Judging from the dangerous nature of its location, it seems as though he's having me perform some type of initiation, but I can't be certain. | 12 | 20: After successfully locating the Ragged Flagon, Brynjolf has given me a new assignment. Three business owners in Riften are proving to be a thorn in his side and I'm supposed to teach them the error of their ways. I should speak to Brynjolf about these townspeople in the event that they prove to be as stubborn as I'm expecting them to be. | 30 | 35 | 40 | 42 | 45 | 47 | 50 | 200: I've dealt with the three troublesome business owners in Riften as Brynjolf had specified. Perhaps now that I've proven my worth to Brynjolf, I can discover more about this mysterious organization that he represents.",10: Locate Brynjolf at the Ragged Flagon | 20: Collect Keerava's debt | 21: (Optional) Use Talen-Jei to get to Keerava | 30: Collect Bersi Honey-Hand's debt | 31: (Optional) Smash Bersi's prized Dwarven Urn | 40: Collect Haelga's debt | 41: (Optional) Steal Haelga's Statue of Dibella | 50: Return to Brynjolf,0; 40; 45; 10; 20; 200; 42; 50; 30; 47; 12; 35,QF_TG01_0001F326,1:Reference:BrynjolfAlias; 2:Reference:KeeravaAlias; 3:Reference:BersiAlias; 12:Reference:DrifaAlias; 4:Reference:HaelgaAlias; 5:Reference:VekelAlias; 6:Reference:DirgeAlias; 10:Reference:TG01TalenJeiAlias; 7:Reference:TG01HaelgaStatueAlias; 11:Reference:TG01UrnAlias; 9:Reference:BrynjolfMarkerAlias; 13:Reference:TG01PlayerAlias; 14:Reference:SvanaAlias,scan-only; exact stage/outcome semantics require dossier review
Update.esm,Update.esm,Skyrim.esm:02154F,TG03,TG03,Dampened Spirits,ThievesGuild,0,Faction\ThievesGuild\,Nocturnal/theft candidate,candidate-scan,readback-ok,14,0; 10; 20; 30; 40; 45; 55; 60; 70; 80; 90; 100; 110; 200,200,,,"0 | 10: I've been sent to speak to Maven Black-Briar, head of the wealthiest most influential family in Riften. According to Brynjolf, she has a job of utmost importance for me and I need to follow her directions to the letter. | 20: Maven Black-Briar has sent me to Whiterun where I am to meet with someone named Mallus Maccius. Together, our goal is to bring down one of Maven's competitors, Honningbrew Meadery and discover where he obtained the financing to take her on. | 30: I've become a key component in a cunning plan to frame Honningbrew Meadery's owner, Sabjorn, and have him imprisoned. The first part of the scheme is to approach Sabjorn under the guise of assistance with a pest problem he's having thanks to Mallus's tinkering. | 40: Sabjorn has provided me with poison I'm to apply to the nests deep within the tunnels under Honningbrew Meadery. As Mallus predicted, I should be able to use the very same poison to taint Sabjorn's mead as well. | 45 | 55 | 60 | 70 | 80: The plan worked perfectly and Whiterun's Captain of the Guard was stricken with illness when he drank the poisoned mead. Sabjorn's been carted off to jail and Honningbrew Meadery is now closed. | 90: Now that Mallus's position as the owner of Honningbrew Meadery has been secured, I need to find any information explaining how Sabjorn was able to fund this costly operation. | 100 | 110 | 200: The information I obtained from Honningbrew Meadery points to the same anonymous buyer of Goldenglow Estate. If successful, this individual would have completely estranged Maven Black-Briar from the Guild and destroyed it economically. It's becoming painfully obvious that it's time to shed some light on our mysterious adversary before they have a chance to strike again.",10: Speak to Maven Black-Briar | 20: Speak to Mallus Maccius | 30: Speak to Sabjorn | 45: Poison the Nest | 50: Poison the Honningbrew Vat | 60: Return to Sabjorn | 70: Attend the tasting ceremony | 80: Speak to Mallus Maccius | 90: Identify Sabjorn's silent partner | 100: Return to Maven Black-Briar | 110: Return to Brynjolf,0; 40; 80; 45; 10; 90; 55; 60; 200; 110; 30; 100; 70; 20,QF_TG03_0002154F,0:Reference:TG03BrynjolfAlias; 1:Reference:TG03MavenAlias; 4:Reference:TG03MallusAlias; 6:Reference:TG03SabjornAlias; 17:Reference:TG03CaptainAlias; 18:Reference:TG03EimarAlias; 15:Reference:TG03SabjornChest; 9:Reference:TG03BrewingVatAlias; 25:Reference:TG03HoldingSafe; 12:Reference:TG03NestAlias; 16:Reference:TG03SabjornLetterAlias; 20:Reference:TG03PoisonAlias; 21:Reference:TG03BoileryDoorAlias; 22:Reference:TG03HonningbrewDoorAlias; 23:Reference:TG03DeadSkeever01Alias; 24:Reference:TG03DeadSkeever02Alias,scan-only; exact stage/outcome semantics require dossier review
Update.esm,Update.esm,Skyrim.esm:021551,TG05,TG05,Speaking With Silence,ThievesGuild,0,Faction\ThievesGuild\,Nocturnal/theft candidate,candidate-scan,readback-ok,11,0; 1; 10; 20; 30; 35; 40; 45; 50; 60; 200,200,,,"0 | 1 | 10: I'm on my way to meet Mercer Frey at the ruins of Snow Veil Sanctum, Karliah's last known location. Together, Mercer and I intend to hunt her down and make her pay for Gallus's murder. | 20 | 30 | 35 | 40 | 45 | 50 | 60 | 200: The tables have unexpectedly turned, and Mercer Frey has been revealed as Gallus's killer. I now find myself in Karliah's care after Mercer tried to murder me, claiming I'd outlasted my usefulness by witnessing their conversation. I've also discovered that Mercer, Gallus and Karliah were members of some sort of group calling themselves ""The Nightingales"" - guardians in service to the goddess Nocturnal. What they're protecting or what this has to do with the Guild is still a mystery to me.",10: Meet Mercer Frey outside Snow Veil Sanctum | 20: Enter Snow Veil Sanctum | 35: Find Karliah | 50: Speak to Karliah,0; 40; 45; 10; 1; 20; 60; 50; 30; 200; 35,QF_TG05_00021551,0:Reference:TG05KarliahAlias; 1:Reference:TG05MercerAlias; 2:Reference:TG05DoorAlias; 3:Reference:TG05BrynjolfAlias; 4:Reference:SnowveilWETrigger,scan-only; exact stage/outcome semantics require dossier review
Update.esm,Update.esm,Skyrim.esm:021552,TG06,TG06,Hard Answers,ThievesGuild,0,Faction\ThievesGuild\,Nocturnal/theft candidate,candidate-scan,readback-ok,12,0; 10; 20; 25; 27; 30; 40; 50; 55; 60; 70; 200,200,,,"0 | 10: Karliah believes the only proof that could expose Mercer's treachery can be found within the pages of Gallus's journal which she recovered from Snow Veil Sanctum. Unfortunately, the journal is written in some sort of code that needs to be deciphered. Our only hope is Enthir, one of Karliah and Gallus's former acquaintances who is a wizard at the College of Winterhold. | 20: Enthir has informed me that Gallus's Journal is written in Falmer. He's directed me to seek out Calcelmo, the Court Wizard in Markarth who is the foremost authority on them in hopes of obtaining a translation. | 25 | 27 | 30: Calcelmo has proven to be extremely stubborn and refuses to allow me access to his materials regarding the Falmer language. I'm left with little choice other than taking matters into my own hands and stealing his notes. | 40: Calcelmo's ""notes"" on the Falmer language are actually derived from a massive stone slab in his tower! It will be impossible to bring this item to Enthir to have him translate Gallus's Journal. I'll have to discover a way to make the information more portable. | 50 | 55 | 60 | 70 | 200: After Enthir successfully translated Gallus's journal, I've discovered that Mercer's motivations transcended simple greed or murder. As a member of the Nightingales, Mercer was tasked with guarding a place called The Twilight Sepulcher, the Temple of Nocturnal. According to Gallus, he defiled the temple and betrayed the Thieves Guild. Karliah insists we bring this information to Brynjolf immediately.",10: Speak with Enthir | 20: Speak with Calcelmo | 25: Gain entry to Calcelmo's Museum | 27: (Optional) Obtain the key to Calcelmo's Museum | 30: Obtain Calcelmo's Falmer Translating Guide | 40: Duplicate the writing on Calcelmo's Stone | 50: Return to Enthir | 60: Speak to Enthir | 70: Speak to Karliah,0; 40; 10; 25; 20; 60; 50; 55; 30; 70; 27; 200,QF_TG06_00021552,0:Reference:KarliahAlias; 1:Reference:CalcelmoAlias; 2:Reference:EnthirAlias; 4:Reference:TranslationStoneAlias; 6:Reference:BrynjolfAlias; 8:Reference:TG06RubbingAlias; 9:Reference:TG06Breadcrumb01Alias; 10:Reference:TG06Breadcrumb02Alias; 11:Reference:TG06Breadcrumb03Alias; 12:Reference:TG06MuseumKey; 14:Reference:TG06WaterfallBreadcrumb,scan-only; exact stage/outcome semantics require dossier review
