work_id,scope,audit_tranche,audit_shard,risk_priority,formid,editor_id,canonical_source_plugin,direct_read,classification,deep_read,owner_verdict,tagged_rows,crossgen,promoted,post_readback,notes
COREQ-0001,core,V02,V02-01,standard,Skyrim.esm:013E06,VoicePowers,Skyrim.esm,ok,STRUCTURAL-SILENT,not-needed,SILENT,not-needed,not-needed,not-needed,not-needed,
COREQ-0002,core,V02,V02-01,standard,Skyrim.esm:0143AF,DragonControl,Skyrim.esm,ok,STRUCTURAL-SILENT,not-needed,SILENT,not-needed,not-needed,not-needed,not-needed,
COREQ-0003,core,V02,V02-01,standard,Skyrim.esm:015CC2,dunEldergleamT03,Skyrim.esm,ok,SEMANTIC-SILENT,not-needed,SILENT,not-needed,not-needed,not-needed,not-needed,
COREQ-0004,core,V02,V02-01,standard,Skyrim.esm:015D24,TGRDU,Skyrim.esm,ok,SEMANTIC-SILENT,not-needed,SILENT,not-needed,not-needed,not-needed,not-needed,
COREQ-0005,core,V02,V02-01,standard,Skyrim.esm:015FCC,DialogueRiverwoodSceneA,Skyrim.esm,ok,STRUCTURAL-SILENT,not-needed,SILENT,not-needed,not-needed,not-needed,not-needed,
COREQ-0006,core,V02,V02-01,standard,Skyrim.esm:016C8D,MS05_dunDeadMensRespiteQST,Skyrim.esm,ok,SEMANTIC-SILENT,not-needed,SILENT,not-needed,not-needed,not-needed,not-needed,
COREQ-0007,core,V02,V02-01,standard,Skyrim.esm:016FA6,DialogueGenericSceneSpecial01,Skyrim.esm,ok,STRUCTURAL-SILENT,not-needed,SILENT,not-needed,not-needed,not-needed,not-needed,
COREQ-0008,core,V02,V02-01,standard,Skyrim.esm:017015,CreatureDialogueFrostbiteSpider,Skyrim.esm,ok,STRUCTURAL-SILENT,not-needed,SILENT,not-needed,not-needed,not-needed,not-needed,
COREQ-0009,core,V02,V02-01,standard,Skyrim.esm:01703C,KingOlafsFestivalStarter,Skyrim.esm,ok,SEMANTIC-SILENT,not-needed,SILENT,not-needed,not-needed,not-needed,not-needed,
COREQ-0010,core,V02,V02-01,standard,Skyrim.esm:017042,MQSovngardeConv2ActorDialogue,Skyrim.esm,ok,SEMANTIC-SILENT,not-needed,SILENT,not-needed,not-needed,not-needed,not-needed,
COREQ-0011,core,V02,V02-01,standard,Skyrim.esm:017289,DialogueMarkarthMarketSceneKerahEndon1,Skyrim.esm,ok,STRUCTURAL-SILENT,not-needed,SILENT,not-needed,not-needed,not-needed,not-needed,
COREQ-0012,core,V02,V02-01,standard,Skyrim.esm:01728B,DialogueMarkarthMarketSceneKerahEndon2,Skyrim.esm,ok,STRUCTURAL-SILENT,not-needed,SILENT,not-needed,not-needed,not-needed,not-needed,
COREQ-0013,core,V02,V02-01,standard,Skyrim.esm:01728D,DialogueMarkarthMarketSceneKerahHroki1,Skyrim.esm,ok,STRUCTURAL-SILENT,not-needed,SILENT,not-needed,not-needed,not-needed,not-needed,
COREQ-0014,core,V02,V02-01,standard,Skyrim.esm:01728F,DialogueMarkarthMarketSceneKerahHroki2,Skyrim.esm,ok,STRUCTURAL-SILENT,not-needed,SILENT,not-needed,not-needed,not-needed,not-needed,
COREQ-0015,core,V02,V02-01,standard,Skyrim.esm:017291,DialogueMarkarthMarketSceneHogniHroki1,Skyrim.esm,ok,STRUCTURAL-SILENT,not-needed,SILENT,not-needed,not-needed,not-needed,not-needed,
COREQ-0016,core,V02,V02-01,standard,Skyrim.esm:017293,DialogueMarkarthMarketSceneHogniHroki2,Skyrim.esm,ok,STRUCTURAL-SILENT,not-needed,SILENT,not-needed,not-needed,not-needed,not-needed,
COREQ-0017,core,V02,V02-01,standard,Skyrim.esm:017295,DialogueMarkarthKeepStormcloakCourtScene04,Skyrim.esm,ok,STRUCTURAL-SILENT,not-needed,SILENT,not-needed,not-needed,not-needed,not-needed,
COREQ-0018,core,V02,V02-01,standard,Skyrim.esm:017297,DialogueMarkarthTreasuryHouseThonarBetridScene01,Skyrim.esm,ok,STRUCTURAL-SILENT,not-needed,SILENT,not-needed,not-needed,not-needed,not-needed,
COREQ-0019,core,V02,V02-01,standard,Skyrim.esm:017C93,DialogueMarkarthTreasuryHouseThonarBetridScene02,Skyrim.esm,ok,STRUCTURAL-SILENT,not-needed,SILENT,not-needed,not-needed,not-needed,not-needed,
COREQ-0020,core,V02,V02-01,standard,Skyrim.esm:017C9B,DialogueMarkarthTreasuryHouseRhiadaIldeneScene01,Skyrim.esm,ok,STRUCTURAL-SILENT,not-needed,SILENT,not-needed,not-needed,not-needed,not-needed,
COREQ-0021,core,V02,V02-01,standard,Skyrim.esm:017C9D,DialogueMarkarthTreasuryHouseRhiadaThonarScene01,Skyrim.esm,ok,STRUCTURAL-SILENT,not-needed,SILENT,not-needed,not-needed,not-needed,not-needed,
COREQ-0022,core,V02,V02-01,standard,Skyrim.esm:017C9F,DialogueMarkarthTreasuryHouseIldeneThonarScene01,Skyrim.esm,ok,STRUCTURAL-SILENT,not-needed,SILENT,not-needed,not-needed,not-needed,not-needed,
COREQ-0023,core,V02,V02-01,standard,Skyrim.esm:017CA3,DialogueMarkarthTreasuryHouseRhiadaBetridScene01,Skyrim.esm,ok,STRUCTURAL-SILENT,not-needed,SILENT,not-needed,not-needed,not-needed,not-needed,
COREQ-0024,core,V02,V02-01,standard,Skyrim.esm:017CA5,DialogueMarkarthArnleifLisbetImedhnainScene01,Skyrim.esm,ok,STRUCTURAL-SILENT,not-needed,SILENT,not-needed,not-needed,not-needed,not-needed,
COREQ-0025,core,V02,V02-01,standard,Skyrim.esm:017CB2,CreatureDialogueTroll,Skyrim.esm,ok,STRUCTURAL-SILENT,not-needed,SILENT,not-needed,not-needed,not-needed,not-needed,
COREQ-0026,core,V02,V02-01,standard,Skyrim.esm:017E09,DialogueMarkarthArnleifLisbetImedhnainScene02,Skyrim.esm,ok,STRUCTURAL-SILENT,not-needed,SILENT,not-needed,not-needed,not-needed,not-needed,
COREQ-0027,core,V02,V02-01,standard,Skyrim.esm:017F05,DialogueMarkarth,Skyrim.esm,ok,STRUCTURAL-SILENT,not-needed,SILENT,not-needed,not-needed,not-needed,not-needed,
COREQ-0028,core,V02,V02-01,standard,Skyrim.esm:017F32,DialogueWhiterunBanneredMareScene1,Skyrim.esm,ok,STRUCTURAL-SILENT,not-needed,SILENT,not-needed,not-needed,not-needed,not-needed,
COREQ-0029,core,V02,V02-01,standard,Skyrim.esm:0180C3,CreatureDialogueGoat,Skyrim.esm,ok,STRUCTURAL-SILENT,not-needed,SILENT,not-needed,not-needed,not-needed,not-needed,
COREQ-0030,core,V02,V02-01,existing-core-row,Skyrim.esm:018601,dunHunterQST,Skyrim.esm,ok,APPROVED,not-needed,APPROVED,not-needed,not-needed,ok,ok,
COREQ-0031,core,V02,V02-01,standard,Skyrim.esm:018956,DialogueWhiterunBanneredMareScene2,Skyrim.esm,ok,STRUCTURAL-SILENT,not-needed,SILENT,not-needed,not-needed,not-needed,not-needed,
COREQ-0032,core,V02,V02-01,standard,Skyrim.esm:01895B,DialogueWhiterunBanneredMareScene3,Skyrim.esm,ok,STRUCTURAL-SILENT,not-needed,SILENT,not-needed,not-needed,not-needed,not-needed,
COREQ-0033,core,V02,V02-01,standard,Skyrim.esm:018B4B,MS01,Skyrim.esm,ok,SEMANTIC-SILENT,not-needed,SILENT,not-needed,not-needed,not-needed,not-needed,The terminals only frame the player and hand off to the Cidhna Mine continuation; no discrete player-owned resolution is evidenced here.
COREQ-0034,core,V02,V02-01,standard,Skyrim.esm:01920D,CreatureDialogueSabreCat,Skyrim.esm,ok,STRUCTURAL-SILENT,not-needed,SILENT,not-needed,not-needed,not-needed,not-needed,
COREQ-0035,core,V02,V02-01,standard,Skyrim.esm:019E53,CW,Skyrim.esm,ok,SEMANTIC-SILENT,not-needed,SILENT,not-needed,not-needed,not-needed,not-needed,
COREQ-0036,core,V02,V02-01,standard,Skyrim.esm:019FD1,DialogueWhiterunTempleofKynarethScene1,Skyrim.esm,ok,STRUCTURAL-SILENT,not-needed,SILENT,not-needed,not-needed,not-needed,not-needed,
COREQ-0037,core,V02,V02-01,standard,Skyrim.esm:019FD9,DialogueWhiterunDragonsreachScene1,Skyrim.esm,ok,STRUCTURAL-SILENT,not-needed,SILENT,not-needed,not-needed,not-needed,not-needed,
COREQ-0038,core,V02,V02-01,standard,Skyrim.esm:019FE4,CreatureDialogueSkeever,Skyrim.esm,ok,STRUCTURAL-SILENT,not-needed,SILENT,not-needed,not-needed,not-needed,not-needed,
COREQ-0039,core,V02,V02-01,standard,Skyrim.esm:01A4EA,DA02Post,Skyrim.esm,ok,SEMANTIC-SILENT,not-needed,SILENT,not-needed,not-needed,not-needed,not-needed,
COREQ-0040,core,V02,V02-01,standard,Skyrim.esm:01B112,DialogueGenericScene04,Skyrim.esm,ok,STRUCTURAL-SILENT,not-needed,SILENT,not-needed,not-needed,not-needed,not-needed,
COREQ-0041,core,V02,V02-01,standard,Skyrim.esm:01BAEC,dunNilheimQST,Skyrim.esm,ok,REJECTED,not-needed,REJECTED,inert,not-needed,not-needed,not-needed,Vanilla s100 is already dependency-owned in PDV_QRM_NilheimQE; a core row would collide when the option is installed. Owner approved the inert recommendation 2026-08-12.
COREQ-0042,core,V02,V02-01,existing-core-row,Skyrim.esm:01BB9B,DA14,Skyrim.esm,ok,APPROVED,not-needed,APPROVED,not-needed,not-needed,ok,ok,
COREQ-0043,core,V02,V02-01,standard,Skyrim.esm:01BC95,MQReserved,Skyrim.esm,ok,STRUCTURAL-SILENT,not-needed,SILENT,not-needed,not-needed,not-needed,not-needed,
COREQ-0044,core,V02,V02-01,standard,Skyrim.esm:01BE4D,WIRemoveItem03,Skyrim.esm,ok,SEMANTIC-SILENT,not-needed,SILENT,not-needed,not-needed,not-needed,not-needed,
COREQ-0045,core,V02,V02-01,existing-core-row,Skyrim.esm:01BFC4,DA03,Skyrim.esm,ok,APPROVED,not-needed,APPROVED,not-needed,not-needed,ok,ok,
COREQ-0046,core,V02,V02-01,standard,Skyrim.esm:01C3FB,dunWhiteRiverWatchQST,Skyrim.esm,ok,SEMANTIC-SILENT,not-needed,SILENT,not-needed,not-needed,not-needed,not-needed,
COREQ-0047,core,V02,V02-01,existing-core-row,Skyrim.esm:01C48E,T03,Skyrim.esm,ok,APPROVED,not-needed,APPROVED,not-needed,not-needed,ok,ok,
COREQ-0048,core,V02,V02-01,standard,Skyrim.esm:01C4A1,CWCampaign,Skyrim.esm,ok,SEMANTIC-SILENT,not-needed,SILENT,not-needed,not-needed,not-needed,not-needed,
COREQ-0049,core,V02,V02-01,standard,Skyrim.esm:01C5D9,MQ00,Skyrim.esm,ok,SEMANTIC-SILENT,not-needed,SILENT,not-needed,not-needed,not-needed,not-needed,
COREQ-0050,core,V02,V02-01,standard,Skyrim.esm:01CEEE,CR01,Skyrim.esm,ok,SEMANTIC-SILENT,not-needed,SILENT,not-needed,not-needed,not-needed,not-needed,
COREQ-0051,core,V02,V02-01,standard,Skyrim.esm:01CEEF,CR00,Skyrim.esm,ok,SEMANTIC-SILENT,not-needed,SILENT,not-needed,not-needed,not-needed,not-needed,
COREQ-0052,core,V02,V02-01,existing-core-row,Skyrim.esm:01CEF5,C04,Skyrim.esm,ok,APPROVED,not-needed,APPROVED,not-needed,not-needed,ok,ok,
COREQ-0053,core,V02,V02-01,standard,Skyrim.esm:01CF26,MS09,Skyrim.esm,ok,APPROVED,ok,APPROVED,ok,ok,ok,ok,"Owner approved 2026-08-12; cross-generation, promotion, and post-readback pending root closeout. direct_post_promotion_readback=ok; route_evidence=ok; runtime_marker_check=ok; compile=ok."
COREQ-0054,core,V02,V02-01,standard,Skyrim.esm:01DA3C,MS03,Skyrim.esm,ok,APPROVED,ok,APPROVED,ok,ok,ok,ok,"Owner approved 2026-08-12; cross-generation, promotion, and post-readback pending root closeout. direct_post_promotion_readback=ok; route_evidence=ok; runtime_marker_check=ok; compile=ok."
COREQ-0055,core,V02,V02-01,existing-core-row,Skyrim.esm:01DBFC,MS10,Skyrim.esm,ok,APPROVED,not-needed,APPROVED,not-needed,not-needed,ok,ok,
COREQ-0056,core,V02,V02-01,standard,Skyrim.esm:01DD08,WE01,Skyrim.esm,ok,SEMANTIC-SILENT,not-needed,SILENT,not-needed,not-needed,not-needed,not-needed,
COREQ-0057,core,V02,V02-01,standard,Skyrim.esm:01DD49,DA01FIN,Skyrim.esm,ok,SEMANTIC-SILENT,not-needed,SILENT,not-needed,not-needed,not-needed,not-needed,
COREQ-0058,core,V02,V02-01,standard,Skyrim.esm:01E3B1,ClearSkiesQuest,Skyrim.esm,ok,SEMANTIC-SILENT,not-needed,SILENT,not-needed,not-needed,not-needed,not-needed,
COREQ-0059,core,V02,V02-01,standard,Skyrim.esm:01E3C8,ClearSkiesChangeLocationQuest,Skyrim.esm,ok,SEMANTIC-SILENT,not-needed,SILENT,not-needed,not-needed,not-needed,not-needed,
COREQ-0060,core,V02,V02-01,standard,Skyrim.esm:01E437,dunBrokenOarQST,Skyrim.esm,ok,SEMANTIC-SILENT,not-needed,SILENT,not-needed,not-needed,not-needed,not-needed,
COREQ-0061,core,V02,V02-01,existing-core-row,Skyrim.esm:01EA4F,DB01Misc,Skyrim.esm,ok,APPROVED,not-needed,APPROVED,not-needed,not-needed,ok,ok,
COREQ-0062,core,V02,V02-01,existing-core-row,Skyrim.esm:01EA50,DB01,Skyrim.esm,ok,APPROVED,not-needed,APPROVED,not-needed,not-needed,ok,ok,Official core s200 is directly verified. The s198 rows are correctly dependency-owned by Innocence Lost QE; their absence from Skyrim.esm is expected and is not a core defect.
COREQ-0063,core,V02,V02-01,existing-core-row,Skyrim.esm:01EA51,DB02,Skyrim.esm,ok,APPROVED,not-needed,APPROVED,not-needed,not-needed,ok,ok,
COREQ-0064,core,V02,V02-01,existing-core-row,Skyrim.esm:01EA52,DB03,Skyrim.esm,ok,APPROVED,not-needed,APPROVED,not-needed,not-needed,ok,ok,
COREQ-0065,core,V02,V02-01,existing-core-row,Skyrim.esm:01EA53,DB04,Skyrim.esm,ok,APPROVED,not-needed,APPROVED,not-needed,not-needed,ok,ok,
COREQ-0066,core,V02,V02-01,existing-core-row,Skyrim.esm:01EA54,DB05,Skyrim.esm,ok,APPROVED,not-needed,APPROVED,not-needed,not-needed,ok,ok,
COREQ-0067,core,V02,V02-01,existing-core-row,Skyrim.esm:01EA55,DB06,Skyrim.esm,ok,APPROVED,not-needed,APPROVED,not-needed,not-needed,ok,ok,
COREQ-0068,core,V02,V02-01,existing-core-row,Skyrim.esm:01EA56,DB07,Skyrim.esm,ok,APPROVED,not-needed,APPROVED,not-needed,not-needed,ok,ok,
COREQ-0069,core,V02,V02-01,existing-core-row,Skyrim.esm:01EA57,DB08,Skyrim.esm,ok,APPROVED,not-needed,APPROVED,not-needed,not-needed,ok,ok,
COREQ-0070,core,V02,V02-01,existing-core-row,Skyrim.esm:01EA58,DB09,Skyrim.esm,ok,APPROVED,not-needed,APPROVED,not-needed,not-needed,ok,ok,
COREQ-0071,core,V02,V02-01,existing-core-row,Skyrim.esm:01EA59,DB11,Skyrim.esm,ok,APPROVED,not-needed,APPROVED,not-needed,not-needed,ok,ok,
COREQ-0072,core,V02,V02-01,standard,Skyrim.esm:01EA5A,DBrecurring,Skyrim.esm,ok,SEMANTIC-SILENT,not-needed,SILENT,not-needed,not-needed,not-needed,not-needed,
COREQ-0073,core,V02,V02-01,standard,Skyrim.esm:01EA5B,DBSideContract01,Skyrim.esm,ok,APPROVED,not-needed,APPROVED,ok,ok,ok,ok,"Owner approved 2026-08-12; cross-generation, promotion, and post-readback pending root closeout. direct_post_promotion_readback=ok; route_evidence=ok; runtime_marker_check=ok; compile=ok."
COREQ-0074,core,V02,V02-01,standard,Skyrim.esm:01EA5C,DarkBrotherhood,Skyrim.esm,ok,STRUCTURAL-SILENT,not-needed,SILENT,not-needed,not-needed,not-needed,not-needed,
COREQ-0075,core,V02,V02-01,standard,Skyrim.esm:01EA5E,DBSideContract02,Skyrim.esm,ok,APPROVED,not-needed,APPROVED,ok,ok,ok,ok,"Owner approved 2026-08-12; cross-generation, promotion, and post-readback pending root closeout. direct_post_promotion_readback=ok; route_evidence=ok; runtime_marker_check=ok; compile=ok."
COREQ-0076,core,V02,V02-01,standard,Skyrim.esm:01EA5F,DBSideContract03,Skyrim.esm,ok,APPROVED,not-needed,APPROVED,ok,ok,ok,ok,"Owner approved 2026-08-12; cross-generation, promotion, and post-readback pending root closeout. direct_post_promotion_readback=ok; route_evidence=ok; runtime_marker_check=ok; compile=ok."
COREQ-0077,core,V02,V02-01,standard,Skyrim.esm:01EA60,DBSideContract04,Skyrim.esm,ok,APPROVED,not-needed,APPROVED,ok,ok,ok,ok,"Owner approved 2026-08-12; cross-generation, promotion, and post-readback pending root closeout. direct_post_promotion_readback=ok; route_evidence=ok; runtime_marker_check=ok; compile=ok."
COREQ-0078,core,V02,V02-01,standard,Skyrim.esm:01EA61,DBSideContract05,Skyrim.esm,ok,APPROVED,not-needed,APPROVED,ok,ok,ok,ok,"Owner approved 2026-08-12; cross-generation, promotion, and post-readback pending root closeout. direct_post_promotion_readback=ok; route_evidence=ok; runtime_marker_check=ok; compile=ok."
COREQ-0079,core,V02,V02-01,standard,Skyrim.esm:01EA62,DBSideContract06,Skyrim.esm,ok,APPROVED,not-needed,APPROVED,ok,ok,ok,ok,"Owner approved 2026-08-12; cross-generation, promotion, and post-readback pending root closeout. direct_post_promotion_readback=ok; route_evidence=ok; runtime_marker_check=ok; compile=ok."
COREQ-0080,core,V02,V02-01,standard,Skyrim.esm:01EA63,DBSideContract07,Skyrim.esm,ok,APPROVED,not-needed,APPROVED,ok,ok,ok,ok,"Owner approved 2026-08-12; cross-generation, promotion, and post-readback pending root closeout. direct_post_promotion_readback=ok; route_evidence=ok; runtime_marker_check=ok; compile=ok."
COREQ-0081,core,V02,V02-01,standard,Skyrim.esm:01EA64,DBSideContract08,Skyrim.esm,ok,APPROVED,not-needed,APPROVED,ok,ok,ok,ok,"Owner approved 2026-08-12; cross-generation, promotion, and post-readback pending root closeout. direct_post_promotion_readback=ok; route_evidence=ok; runtime_marker_check=ok; compile=ok."
COREQ-0082,core,V02,V02-01,standard,Skyrim.esm:01EA65,DBSideContract09,Skyrim.esm,ok,APPROVED,not-needed,APPROVED,ok,ok,ok,ok,"Owner approved 2026-08-12; cross-generation, promotion, and post-readback pending root closeout. direct_post_promotion_readback=ok; route_evidence=ok; runtime_marker_check=ok; compile=ok."
COREQ-0083,core,V02,V02-01,standard,Skyrim.esm:01EA66,DBSideContract10,Skyrim.esm,ok,APPROVED,not-needed,APPROVED,ok,ok,ok,ok,"Owner approved 2026-08-12; cross-generation, promotion, and post-readback pending root closeout. direct_post_promotion_readback=ok; route_evidence=ok; runtime_marker_check=ok; compile=ok."
COREQ-0084,core,V02,V02-01,standard,Skyrim.esm:01EA67,DBSideContract11,Skyrim.esm,ok,APPROVED,not-needed,APPROVED,ok,ok,ok,ok,"Owner approved 2026-08-12; cross-generation, promotion, and post-readback pending root closeout. direct_post_promotion_readback=ok; route_evidence=ok; runtime_marker_check=ok; compile=ok."
COREQ-0085,core,V02,V02-01,standard,Skyrim.esm:01EA68,DBSideContract12,Skyrim.esm,ok,APPROVED,not-needed,APPROVED,ok,ok,ok,ok,"Owner approved 2026-08-12; cross-generation, promotion, and post-readback pending root closeout. direct_post_promotion_readback=ok; route_evidence=ok; runtime_marker_check=ok; compile=ok."
COREQ-0086,core,V02,V02-01,existing-core-row,Skyrim.esm:01F251,MG01,Skyrim.esm,ok,APPROVED,not-needed,APPROVED,not-needed,not-needed,ok,ok,
COREQ-0087,core,V02,V02-01,existing-core-row,Skyrim.esm:01F252,MG02,Skyrim.esm,ok,APPROVED,not-needed,APPROVED,not-needed,not-needed,ok,ok,
COREQ-0088,core,V02,V02-01,existing-core-row,Skyrim.esm:01F253,MG03,Skyrim.esm,ok,APPROVED,not-needed,APPROVED,not-needed,not-needed,ok,ok,
COREQ-0089,core,V02,V02-01,existing-core-row,Skyrim.esm:01F254,MG04,Skyrim.esm,ok,APPROVED,not-needed,APPROVED,not-needed,not-needed,ok,ok,
COREQ-0090,core,V02,V02-01,existing-core-row,Skyrim.esm:01F255,MG05,Skyrim.esm,ok,APPROVED,not-needed,APPROVED,not-needed,not-needed,ok,ok,
COREQ-0091,core,V02,V02-01,existing-core-row,Skyrim.esm:01F256,mg06,Skyrim.esm,ok,APPROVED,not-needed,APPROVED,not-needed,not-needed,ok,ok,
COREQ-0092,core,V02,V02-01,existing-core-row,Skyrim.esm:01F257,MG07,Skyrim.esm,ok,APPROVED,not-needed,APPROVED,not-needed,not-needed,ok,ok,
COREQ-0093,core,V02,V02-01,existing-core-row,Skyrim.esm:01F258,MG08,Skyrim.esm,ok,APPROVED,not-needed,APPROVED,not-needed,not-needed,ok,ok,
COREQ-0094,core,V02,V02-01,standard,Skyrim.esm:01FA52,CWResolution02,Skyrim.esm,ok,SEMANTIC-SILENT,not-needed,SILENT,not-needed,not-needed,not-needed,not-needed,
COREQ-0095,core,V02,V02-01,existing-core-row,Skyrim.esm:01FD72,FreeformKolskeggrA,Skyrim.esm,ok,APPROVED,ok,APPROVED,ok,ok,ok,ok,"Owner approved correction of all s200 rows to s100. Direct VMAD proves a s100 fragment and objective 20 is the report-back surface; RUNTIME-VERIFY remains required. Owner approved 2026-08-12; cross-generation, promotion, and post-readback pending root closeout. direct_post_promotion_readback=ok; route_evidence=ok; runtime_marker_check=ok; compile=ok."
COREQ-0096,core,V02,V02-01,standard,Skyrim.esm:01FD76,DialogueKolskeggrMine,Skyrim.esm,ok,STRUCTURAL-SILENT,not-needed,SILENT,not-needed,not-needed,not-needed,not-needed,
COREQ-0097,core,V02,V02-01,standard,Skyrim.esm:01FD7A,DialogueKolskeggrMineScene01,Skyrim.esm,ok,STRUCTURAL-SILENT,not-needed,SILENT,not-needed,not-needed,not-needed,not-needed,
COREQ-0098,core,V02,V02-01,standard,Skyrim.esm:01FD89,DialogueLeftHandMineDaighreErith02,Skyrim.esm,ok,STRUCTURAL-SILENT,not-needed,SILENT,not-needed,not-needed,not-needed,not-needed,
COREQ-0099,core,V02,V02-01,standard,Skyrim.esm:01FD8C,DialogueLeftHandMinePavoGatScene02,Skyrim.esm,ok,STRUCTURAL-SILENT,not-needed,SILENT,not-needed,not-needed,not-needed,not-needed,
COREQ-0100,core,V02,V02-01,standard,Skyrim.esm:01FD92,DialogueKolskeggrMineScene02,Skyrim.esm,ok,STRUCTURAL-SILENT,not-needed,SILENT,not-needed,not-needed,not-needed,not-needed,
COREQ-0101,core,V02,V02-01,standard,Skyrim.esm:01FD96,DialogueKolskeggrMineHouseScene01,Skyrim.esm,ok,STRUCTURAL-SILENT,not-needed,SILENT,not-needed,not-needed,not-needed,not-needed,
COREQ-0102,core,V02,V02-01,standard,Skyrim.esm:01FD98,DialogueKolskeggrMineHouseScene02,Skyrim.esm,ok,STRUCTURAL-SILENT,not-needed,SILENT,not-needed,not-needed,not-needed,not-needed,
COREQ-0103,core,V02,V02-01,standard,Skyrim.esm:020556,MS11b,Skyrim.esm,ok,APPROVED,not-needed,APPROVED,ok,ok,ok,ok,"Owner approved 2026-08-12; cross-generation, promotion, and post-readback pending root closeout. direct_post_promotion_readback=ok; route_evidence=ok; runtime_marker_check=ok; compile=ok."
COREQ-0104,core,V02,V02-01,standard,Skyrim.esm:0209CA,MS04,Skyrim.esm,ok,REJECTED,not-needed,REJECTED,inert,not-needed,not-needed,not-needed,Owner rejected a return_relic_duty vocabulary expansion; s900 remains inert and was removed from the tagged slate. Owner approved the inert recommendation 2026-08-12.
COREQ-0105,core,V02,V02-01,standard,Skyrim.esm:020BC9,DialogueRelationshipGeneric,Skyrim.esm,ok,STRUCTURAL-SILENT,not-needed,SILENT,not-needed,not-needed,not-needed,not-needed,
COREQ-0106,core,V02,V02-01,standard,Skyrim.esm:020BE7,TG00SP,Skyrim.esm,ok,SEMANTIC-SILENT,not-needed,SILENT,not-needed,not-needed,not-needed,not-needed,
COREQ-0107,core,V02,V02-01,existing-core-row,Skyrim.esm:0211D5,t02,Skyrim.esm,ok,APPROVED,not-needed,APPROVED,not-needed,not-needed,ok,ok,
COREQ-0108,core,V02,V02-01,standard,Skyrim.esm:021236,DialogueIvarstead,Skyrim.esm,ok,STRUCTURAL-SILENT,not-needed,SILENT,not-needed,not-needed,not-needed,not-needed,
COREQ-0109,core,V02,V02-01,standard,Skyrim.esm:02125B,dunUstengravQST,Skyrim.esm,ok,SEMANTIC-SILENT,not-needed,SILENT,not-needed,not-needed,not-needed,not-needed,
COREQ-0110,core,V02,V02-01,standard,Skyrim.esm:0212AB,DialogueDragonBridge,Skyrim.esm,ok,STRUCTURAL-SILENT,not-needed,SILENT,not-needed,not-needed,not-needed,not-needed,
COREQ-0111,core,V02,V02-01,standard,Skyrim.esm:0212BE,DialogueHalfMoonMill,Skyrim.esm,ok,STRUCTURAL-SILENT,not-needed,SILENT,not-needed,not-needed,not-needed,not-needed,
COREQ-0112,core,V02,V02-01,existing-core-row,Skyrim.esm:02154E,TG02,Skyrim.esm,ok,APPROVED,not-needed,APPROVED,not-needed,not-needed,ok,ok,
COREQ-0113,core,V02,V02-01,existing-core-row,Skyrim.esm:021550,TG04,Skyrim.esm,ok,APPROVED,not-needed,APPROVED,not-needed,not-needed,ok,ok,
COREQ-0114,core,V02,V02-01,existing-core-row,Skyrim.esm:021553,TG07,Skyrim.esm,ok,APPROVED,not-needed,APPROVED,not-needed,not-needed,ok,ok,
COREQ-0115,core,V02,V02-01,existing-core-row,Skyrim.esm:021555,TG09,Skyrim.esm,ok,APPROVED,not-needed,APPROVED,not-needed,not-needed,ok,ok,
COREQ-0116,core,V02,V02-01,existing-core-row,Skyrim.esm:021556,TG00,Skyrim.esm,ok,APPROVED,not-needed,APPROVED,not-needed,not-needed,ok,ok,
COREQ-0117,core,V02,V02-01,standard,Skyrim.esm:021891,FreeformMorthalA,Skyrim.esm,ok,SEMANTIC-SILENT,not-needed,SILENT,not-needed,not-needed,not-needed,not-needed,
COREQ-0118,core,V02,V02-01,standard,Skyrim.esm:021896,FreeformMorthalB,Skyrim.esm,ok,REJECTED,not-needed,REJECTED,inert,not-needed,not-needed,not-needed,Only objective 10 and an untexted s20 terminal are present; political meaning of Gorm's letter is not established by the QUST record. Owner approved the inert recommendation 2026-08-12.
COREQ-0119,core,V02,V02-01,existing-core-row,Skyrim.esm:022F08,DA10,Skyrim.esm,ok,APPROVED,not-needed,APPROVED,not-needed,not-needed,ok,ok,Official core s200 is directly verified. The s210 rows are correctly dependency-owned by House of Horrors QE; their absence from Skyrim.esm is expected and is not a core defect.
COREQ-0120,core,V02,V02-01,existing-core-row,Skyrim.esm:022F47,DB02a,Skyrim.esm,ok,APPROVED,not-needed,APPROVED,not-needed,not-needed,ok,ok,
COREQ-0121,core,V02,V02-01,standard,Skyrim.esm:02369E,CWResetOBSOLETE,Skyrim.esm,ok,SEMANTIC-SILENT,not-needed,SILENT,not-needed,not-needed,not-needed,not-needed,
COREQ-0122,core,V02,V02-01,standard,Skyrim.esm:0236A3,CWResetGarrison1,Skyrim.esm,ok,SEMANTIC-SILENT,not-needed,SILENT,not-needed,not-needed,not-needed,not-needed,
COREQ-0123,core,V02,V02-01,standard,Skyrim.esm:023A64,MS07,Skyrim.esm,ok,APPROVED,ok,APPROVED,ok,ok,ok,ok,"Vanilla sabotage row proposed at s100; review behavior with the dependency-gated Save the Icerunner route before promotion. Owner approved 2026-08-12; cross-generation, promotion, and post-readback pending root closeout. direct_post_promotion_readback=ok; route_evidence=ok; runtime_marker_check=ok; compile=ok."
COREQ-0124,core,V02,V02-01,existing-core-row,Skyrim.esm:023B6C,T01,Skyrim.esm,ok,APPROVED,not-needed,APPROVED,not-needed,not-needed,ok,ok,
COREQ-0125,core,V02,V02-01,standard,Skyrim.esm:023C1D,DialogueGenericFriendlyFire,Skyrim.esm,ok,STRUCTURAL-SILENT,not-needed,SILENT,not-needed,not-needed,not-needed,not-needed,
COREQ-0126,core,V02,V02-01,standard,Skyrim.esm:023E5E,DialogueBrandyMugFarm1,Skyrim.esm,ok,STRUCTURAL-SILENT,not-needed,SILENT,not-needed,not-needed,not-needed,not-needed,
COREQ-0127,core,V02,V02-01,standard,Skyrim.esm:023E60,DialogueCompanionsJorrvaskr,Skyrim.esm,ok,STRUCTURAL-SILENT,not-needed,SILENT,not-needed,not-needed,not-needed,not-needed,
COREQ-0128,core,V02,V02-01,standard,Skyrim.esm:023E61,DialogueKynesgroveGannaGemma2,Skyrim.esm,ok,STRUCTURAL-SILENT,not-needed,SILENT,not-needed,not-needed,not-needed,not-needed,
COREQ-0129,core,V02,V02-01,standard,Skyrim.esm:023E63,DialogueKynesgroveGannaGemma3,Skyrim.esm,ok,STRUCTURAL-SILENT,not-needed,SILENT,not-needed,not-needed,not-needed,not-needed,
COREQ-0130,core,V02,V02-01,standard,Skyrim.esm:023E65,DialogueKynesgroveGannaGemma4,Skyrim.esm,ok,STRUCTURAL-SILENT,not-needed,SILENT,not-needed,not-needed,not-needed,not-needed,
COREQ-0131,core,V02,V02-01,standard,Skyrim.esm:023E67,DialogueKynesgroveGannaGemma5,Skyrim.esm,ok,STRUCTURAL-SILENT,not-needed,SILENT,not-needed,not-needed,not-needed,not-needed,
COREQ-0132,core,V02,V02-01,standard,Skyrim.esm:023E69,DialogueKynesgroveGannaGemma6,Skyrim.esm,ok,STRUCTURAL-SILENT,not-needed,SILENT,not-needed,not-needed,not-needed,not-needed,
COREQ-0133,core,V02,V02-01,standard,Skyrim.esm:023E6B,DialogueKynesgroveKjeldYoungerIddra1,Skyrim.esm,ok,STRUCTURAL-SILENT,not-needed,SILENT,not-needed,not-needed,not-needed,not-needed,
COREQ-0134,core,V02,V02-01,standard,Skyrim.esm:023E6D,DialogueKynesgroveKjeldYoungerIddra2,Skyrim.esm,ok,STRUCTURAL-SILENT,not-needed,SILENT,not-needed,not-needed,not-needed,not-needed,
COREQ-0135,core,V02,V02-01,standard,Skyrim.esm:023E6F,DialogueKynesgroveKjeldYoungerIddra3,Skyrim.esm,ok,STRUCTURAL-SILENT,not-needed,SILENT,not-needed,not-needed,not-needed,not-needed,
COREQ-0136,core,V02,V02-01,standard,Skyrim.esm:023E77,DialogueKynesgroveKjeldYoungerKjeld1,Skyrim.esm,ok,STRUCTURAL-SILENT,not-needed,SILENT,not-needed,not-needed,not-needed,not-needed,
COREQ-0137,core,V02,V02-01,standard,Skyrim.esm:023E79,DialogueKynesgroveKjeldYoungerKjeld2,Skyrim.esm,ok,STRUCTURAL-SILENT,not-needed,SILENT,not-needed,not-needed,not-needed,not-needed,
COREQ-0138,core,V02,V02-01,standard,Skyrim.esm:023E7B,DialogueKynesgroveKjeldYoungerKjeld3,Skyrim.esm,ok,STRUCTURAL-SILENT,not-needed,SILENT,not-needed,not-needed,not-needed,not-needed,
COREQ-0139,core,V02,V02-01,standard,Skyrim.esm:023E7D,DialogueKynesgroveRoggiIddra1,Skyrim.esm,ok,STRUCTURAL-SILENT,not-needed,SILENT,not-needed,not-needed,not-needed,not-needed,
COREQ-0140,core,V02,V02-01,standard,Skyrim.esm:023E7F,DialogueKynesgroveRoggiIddra2,Skyrim.esm,ok,STRUCTURAL-SILENT,not-needed,SILENT,not-needed,not-needed,not-needed,not-needed,
COREQ-0141,core,V02,V02-01,standard,Skyrim.esm:023E81,DialogueKynesgroveRoggiIddra3,Skyrim.esm,ok,STRUCTURAL-SILENT,not-needed,SILENT,not-needed,not-needed,not-needed,not-needed,
COREQ-0142,core,V02,V02-01,standard,Skyrim.esm:023E83,DialogueKynesgroveRoggiKjeld1,Skyrim.esm,ok,STRUCTURAL-SILENT,not-needed,SILENT,not-needed,not-needed,not-needed,not-needed,
COREQ-0143,core,V02,V02-01,standard,Skyrim.esm:023E86,DialogueKynesgroveRoggiKjeld2,Skyrim.esm,ok,STRUCTURAL-SILENT,not-needed,SILENT,not-needed,not-needed,not-needed,not-needed,
COREQ-0144,core,V02,V02-01,standard,Skyrim.esm:023E8C,DialogueKynesgroveRoggiKjeld3,Skyrim.esm,ok,STRUCTURAL-SILENT,not-needed,SILENT,not-needed,not-needed,not-needed,not-needed,
COREQ-0145,core,V02,V02-01,standard,Skyrim.esm:023E92,DialogueBrandyMugFarm2,Skyrim.esm,ok,STRUCTURAL-SILENT,not-needed,SILENT,not-needed,not-needed,not-needed,not-needed,
COREQ-0146,core,V02,V02-01,standard,Skyrim.esm:023E9F,DialogueBrandyMugFarm3,Skyrim.esm,ok,STRUCTURAL-SILENT,not-needed,SILENT,not-needed,not-needed,not-needed,not-needed,
COREQ-0147,core,V02,V02-01,standard,Skyrim.esm:023EA1,DialogueHlaaluFarm1,Skyrim.esm,ok,STRUCTURAL-SILENT,not-needed,SILENT,not-needed,not-needed,not-needed,not-needed,
COREQ-0148,core,V02,V02-01,standard,Skyrim.esm:023EA3,DialogueHlaaluFarm2,Skyrim.esm,ok,STRUCTURAL-SILENT,not-needed,SILENT,not-needed,not-needed,not-needed,not-needed,
COREQ-0149,core,V02,V02-01,standard,Skyrim.esm:023EA5,DialogueHlaaluFarm3,Skyrim.esm,ok,STRUCTURAL-SILENT,not-needed,SILENT,not-needed,not-needed,not-needed,not-needed,
COREQ-0150,core,V02,V02-01,standard,Skyrim.esm:023EA8,DialogueHollyfrostFarmTulvurHillevi1,Skyrim.esm,ok,STRUCTURAL-SILENT,not-needed,SILENT,not-needed,not-needed,not-needed,not-needed,
COREQ-0151,core,V02,V02-01,standard,Skyrim.esm:023EAA,DialogueHollyfrostFarmTulvurHillevi2,Skyrim.esm,ok,STRUCTURAL-SILENT,not-needed,SILENT,not-needed,not-needed,not-needed,not-needed,
COREQ-0152,core,V02,V02-01,standard,Skyrim.esm:023EAC,DialogueHollyfrostFarmTulvurTorsten1,Skyrim.esm,ok,STRUCTURAL-SILENT,not-needed,SILENT,not-needed,not-needed,not-needed,not-needed,
COREQ-0153,core,V02,V02-01,standard,Skyrim.esm:023EAE,DialogueHollyfrostFarmTulvurTorsten2,Skyrim.esm,ok,STRUCTURAL-SILENT,not-needed,SILENT,not-needed,not-needed,not-needed,not-needed,
COREQ-0154,core,V02,V02-01,standard,Skyrim.esm:023EB0,DialogueNarzulburMauhulakhBolar1,Skyrim.esm,ok,STRUCTURAL-SILENT,not-needed,SILENT,not-needed,not-needed,not-needed,not-needed,
COREQ-0155,core,V02,V02-01,standard,Skyrim.esm:023EB3,DialogueNarzulburMauhulakhBolar2,Skyrim.esm,ok,STRUCTURAL-SILENT,not-needed,SILENT,not-needed,not-needed,not-needed,not-needed,
COREQ-0156,core,V02,V02-01,standard,Skyrim.esm:023EB5,DialogueNarzulburMauhulakhYatul1,Skyrim.esm,ok,STRUCTURAL-SILENT,not-needed,SILENT,not-needed,not-needed,not-needed,not-needed,
COREQ-0157,core,V02,V02-01,standard,Skyrim.esm:023EB7,DialogueNarzulburMauhulakhYatul2,Skyrim.esm,ok,STRUCTURAL-SILENT,not-needed,SILENT,not-needed,not-needed,not-needed,not-needed,
COREQ-0158,core,V02,V02-01,standard,Skyrim.esm:023EB9,DialogueNarzulburMauhulakhUrog1,Skyrim.esm,ok,STRUCTURAL-SILENT,not-needed,SILENT,not-needed,not-needed,not-needed,not-needed,
COREQ-0159,core,V02,V02-01,standard,Skyrim.esm:023EBB,DialogueNarzulburMauhulakhUrog2,Skyrim.esm,ok,STRUCTURAL-SILENT,not-needed,SILENT,not-needed,not-needed,not-needed,not-needed,
COREQ-0160,core,V02,V02-01,standard,Skyrim.esm:023EBD,DialogueNarzulburMauhulakhUrog3,Skyrim.esm,ok,STRUCTURAL-SILENT,not-needed,SILENT,not-needed,not-needed,not-needed,not-needed,
COREQ-0161,core,V02,V02-01,standard,Skyrim.esm:023EBF,DialogueNarzulburBolarYatul1,Skyrim.esm,ok,STRUCTURAL-SILENT,not-needed,SILENT,not-needed,not-needed,not-needed,not-needed,
COREQ-0162,core,V02,V02-01,standard,Skyrim.esm:023EC1,DialogueNarzulburBolarYatul2,Skyrim.esm,ok,STRUCTURAL-SILENT,not-needed,SILENT,not-needed,not-needed,not-needed,not-needed,
COREQ-0163,core,V02,V02-01,standard,Skyrim.esm:023EC3,DialogueNarzulburBolarYatul3,Skyrim.esm,ok,STRUCTURAL-SILENT,not-needed,SILENT,not-needed,not-needed,not-needed,not-needed,
COREQ-0164,core,V02,V02-01,standard,Skyrim.esm:023EC5,DialogueNarzulburBolarYatul4,Skyrim.esm,ok,STRUCTURAL-SILENT,not-needed,SILENT,not-needed,not-needed,not-needed,not-needed,
COREQ-0165,core,V02,V02-01,standard,Skyrim.esm:023EC7,DialogueNarzulburMauhulakhDushnamub1,Skyrim.esm,ok,STRUCTURAL-SILENT,not-needed,SILENT,not-needed,not-needed,not-needed,not-needed,
COREQ-0166,core,V02,V02-01,standard,Skyrim.esm:023EC9,DialogueNarzulburMauhulakhDushnamub2,Skyrim.esm,ok,STRUCTURAL-SILENT,not-needed,SILENT,not-needed,not-needed,not-needed,not-needed,
COREQ-0167,core,V02,V02-01,standard,Skyrim.esm:023ECB,DialogueNarzulburMauhulakhDushnamub3,Skyrim.esm,ok,STRUCTURAL-SILENT,not-needed,SILENT,not-needed,not-needed,not-needed,not-needed,
COREQ-0168,core,V02,V02-01,standard,Skyrim.esm:023ECD,DialogueNarzulburMulGadba1,Skyrim.esm,ok,STRUCTURAL-SILENT,not-needed,SILENT,not-needed,not-needed,not-needed,not-needed,
COREQ-0169,core,V02,V02-01,standard,Skyrim.esm:023ECF,DialogueNarzulburMulGadba2,Skyrim.esm,ok,STRUCTURAL-SILENT,not-needed,SILENT,not-needed,not-needed,not-needed,not-needed,
COREQ-0170,core,V02,V02-01,standard,Skyrim.esm:023ED1,DialogueNarzulburMulGadba3,Skyrim.esm,ok,STRUCTURAL-SILENT,not-needed,SILENT,not-needed,not-needed,not-needed,not-needed,
COREQ-0171,core,V02,V02-01,standard,Skyrim.esm:023ED3,DialogueNarzulburMulGadba4,Skyrim.esm,ok,STRUCTURAL-SILENT,not-needed,SILENT,not-needed,not-needed,not-needed,not-needed,
COREQ-0172,core,V02,V02-01,standard,Skyrim.esm:023ED5,DialogueNarzulburUrogYatul1,Skyrim.esm,ok,STRUCTURAL-SILENT,not-needed,SILENT,not-needed,not-needed,not-needed,not-needed,
COREQ-0173,core,V02,V02-01,standard,Skyrim.esm:023ED7,DialogueNarzulburUrogYatul2,Skyrim.esm,ok,STRUCTURAL-SILENT,not-needed,SILENT,not-needed,not-needed,not-needed,not-needed,
COREQ-0174,core,V02,V02-01,standard,Skyrim.esm:023ED9,DialogueNarzulburUrogYatul3,Skyrim.esm,ok,STRUCTURAL-SILENT,not-needed,SILENT,not-needed,not-needed,not-needed,not-needed,
COREQ-0175,core,V02,V02-01,standard,Skyrim.esm:023EEB,WIThief01,Skyrim.esm,ok,STRUCTURAL-SILENT,not-needed,SILENT,not-needed,not-needed,not-needed,not-needed,
COREQ-0176,core,V02,V02-01,standard,Skyrim.esm:024151,DarkSideContractDialogue,Skyrim.esm,ok,SEMANTIC-SILENT,not-needed,SILENT,not-needed,not-needed,not-needed,not-needed,
COREQ-0177,core,V02,V02-01,standard,Skyrim.esm:0242B5,DialogueKarthwasten,Skyrim.esm,ok,STRUCTURAL-SILENT,not-needed,SILENT,not-needed,not-needed,not-needed,not-needed,
COREQ-0178,core,V02,V02-01,existing-core-row,Skyrim.esm:0242BA,MQ105,Skyrim.esm,ok,APPROVED,not-needed,APPROVED,not-needed,not-needed,ok,ok,
COREQ-0179,core,V02,V02-01,standard,Skyrim.esm:02430E,DialogueWinterhold,Skyrim.esm,ok,STRUCTURAL-SILENT,not-needed,SILENT,not-needed,not-needed,not-needed,not-needed,
COREQ-0180,core,V02,V02-01,standard,Skyrim.esm:024E1A,CWMerchants,Skyrim.esm,ok,STRUCTURAL-SILENT,not-needed,SILENT,not-needed,not-needed,not-needed,not-needed,
COREQ-0181,core,V02,V02-01,standard,Skyrim.esm:025185,CR02,Skyrim.esm,ok,SEMANTIC-SILENT,not-needed,SILENT,not-needed,not-needed,not-needed,not-needed,
COREQ-0182,core,V02,V02-01,standard,Skyrim.esm:02522F,CR05,Skyrim.esm,ok,SEMANTIC-SILENT,not-needed,SILENT,not-needed,not-needed,not-needed,not-needed,
COREQ-0183,core,V02,V02-01,standard,Skyrim.esm:025230,CR03,Skyrim.esm,ok,SEMANTIC-SILENT,not-needed,SILENT,not-needed,not-needed,not-needed,not-needed,
COREQ-0184,core,V02,V02-01,standard,Skyrim.esm:025252,CR09,Skyrim.esm,ok,SEMANTIC-SILENT,not-needed,SILENT,not-needed,not-needed,not-needed,not-needed,
COREQ-0185,core,V02,V02-01,standard,Skyrim.esm:025EED,DialogueMarkarthInnKlepprFrabbiScene01,Skyrim.esm,ok,STRUCTURAL-SILENT,not-needed,SILENT,not-needed,not-needed,not-needed,not-needed,
COREQ-0186,core,V02,V02-01,standard,Skyrim.esm:025EEE,DialogueMarkarthInnOmluagHathrasilScene01,Skyrim.esm,ok,STRUCTURAL-SILENT,not-needed,SILENT,not-needed,not-needed,not-needed,not-needed,
COREQ-0187,core,V02,V02-01,standard,Skyrim.esm:025EEF,DialogueMarkarthInnEndonsFamilyScene01,Skyrim.esm,ok,STRUCTURAL-SILENT,not-needed,SILENT,not-needed,not-needed,not-needed,not-needed,
COREQ-0188,core,V02,V02-01,standard,Skyrim.esm:025EF1,DialogueMarkarthInnDegaineCosnachScene02,Skyrim.esm,ok,STRUCTURAL-SILENT,not-needed,SILENT,not-needed,not-needed,not-needed,not-needed,
COREQ-0189,core,V02,V02-01,standard,Skyrim.esm:025EF2,DialogueMarkarthKeepStormcloakCourtScene03,Skyrim.esm,ok,STRUCTURAL-SILENT,not-needed,SILENT,not-needed,not-needed,not-needed,not-needed,
COREQ-0190,core,V02,V02-01,standard,Skyrim.esm:025EF3,DialogueMarkarthInnFrabbiHreinnScene01,Skyrim.esm,ok,STRUCTURAL-SILENT,not-needed,SILENT,not-needed,not-needed,not-needed,not-needed,
COREQ-0191,core,V02,V02-01,standard,Skyrim.esm:025EF7,DialogueMarkarthInnKlepprFrabbiScene02,Skyrim.esm,ok,STRUCTURAL-SILENT,not-needed,SILENT,not-needed,not-needed,not-needed,not-needed,
COREQ-0192,core,V02,V02-01,standard,Skyrim.esm:025EF8,DialogueMarkarthBlacksmithScene02,Skyrim.esm,ok,STRUCTURAL-SILENT,not-needed,SILENT,not-needed,not-needed,not-needed,not-needed,
COREQ-0193,core,V02,V02-01,standard,Skyrim.esm:025EF9,DialogueMarkarthKeepStormcloakCourtScene02,Skyrim.esm,ok,STRUCTURAL-SILENT,not-needed,SILENT,not-needed,not-needed,not-needed,not-needed,
COREQ-0194,core,V02,V02-01,standard,Skyrim.esm:025EFB,DialogueMarkarthInnKlepprFrabbiScene03,Skyrim.esm,ok,STRUCTURAL-SILENT,not-needed,SILENT,not-needed,not-needed,not-needed,not-needed,
COREQ-0195,core,V02,V02-01,standard,Skyrim.esm:025EFE,DialogueMarkarthInnKlepprCosnachScene01,Skyrim.esm,ok,STRUCTURAL-SILENT,not-needed,SILENT,not-needed,not-needed,not-needed,not-needed,
COREQ-0196,core,V02,V02-01,standard,Skyrim.esm:025EFF,DialogueMarkarthInnYngvarKlepprScene01,Skyrim.esm,ok,STRUCTURAL-SILENT,not-needed,SILENT,not-needed,not-needed,not-needed,not-needed,
COREQ-0197,core,V02,V02-01,standard,Skyrim.esm:025F00,DialogueMarkarthIntroBlacksmithScene,Skyrim.esm,ok,STRUCTURAL-SILENT,not-needed,SILENT,not-needed,not-needed,not-needed,not-needed,
COREQ-0198,core,V02,V02-01,standard,Skyrim.esm:025F01,DialogueMarkarthKeepStormcloakCourtScene01,Skyrim.esm,ok,STRUCTURAL-SILENT,not-needed,SILENT,not-needed,not-needed,not-needed,not-needed,
COREQ-0199,core,V02,V02-01,standard,Skyrim.esm:025F02,DialogueMarkarthInnKlepprHreinnScene01,Skyrim.esm,ok,STRUCTURAL-SILENT,not-needed,SILENT,not-needed,not-needed,not-needed,not-needed,
COREQ-0200,core,V02,V02-01,standard,Skyrim.esm:025F03,DialogueMarkarthInnKlepprHreinnScene02,Skyrim.esm,ok,STRUCTURAL-SILENT,not-needed,SILENT,not-needed,not-needed,not-needed,not-needed,
COREQ-0201,core,V02,V02-01,standard,Skyrim.esm:025F05,DialogueMarkarthInnOgmundKlepprScene01,Skyrim.esm,ok,STRUCTURAL-SILENT,not-needed,SILENT,not-needed,not-needed,not-needed,not-needed,
COREQ-0202,core,V02,V02-01,standard,Skyrim.esm:025F07,DialogueMarkarthKeepImperialCourtScene01,Skyrim.esm,ok,STRUCTURAL-SILENT,not-needed,SILENT,not-needed,not-needed,not-needed,not-needed,
COREQ-0203,core,V02,V02-01,standard,Skyrim.esm:025F08,DialogueMarkarthHagsCureSceneMuiriBothela02,Skyrim.esm,ok,STRUCTURAL-SILENT,not-needed,SILENT,not-needed,not-needed,not-needed,not-needed,
COREQ-0204,core,V02,V02-01,standard,Skyrim.esm:025F25,DialogueMarkarthHagsCureSceneMuiriBothela01,Skyrim.esm,ok,STRUCTURAL-SILENT,not-needed,SILENT,not-needed,not-needed,not-needed,not-needed,
COREQ-0205,core,V02,V02-01,standard,Skyrim.esm:025F26,DialogueMarkarthInnDegaineCosnachScene01,Skyrim.esm,ok,STRUCTURAL-SILENT,not-needed,SILENT,not-needed,not-needed,not-needed,not-needed,
COREQ-0206,core,V02,V02-01,existing-core-row,Skyrim.esm:025F3E,MS14,Skyrim.esm,ok,APPROVED,not-needed,APPROVED,not-needed,not-needed,ok,ok,
COREQ-0207,core,V02,V02-01,standard,Skyrim.esm:026017,DialogueMarkarthKeepImperialCourtScene03,Skyrim.esm,ok,STRUCTURAL-SILENT,not-needed,SILENT,not-needed,not-needed,not-needed,not-needed,
COREQ-0208,core,V02,V02-01,standard,Skyrim.esm:026041,DialogueMarkarthKeepKitchenScene02,Skyrim.esm,ok,STRUCTURAL-SILENT,not-needed,SILENT,not-needed,not-needed,not-needed,not-needed,
COREQ-0209,core,V02,V02-01,standard,Skyrim.esm:026043,DialogueMarkarthKeepCalcelmoAicantarScene01,Skyrim.esm,ok,STRUCTURAL-SILENT,not-needed,SILENT,not-needed,not-needed,not-needed,not-needed,
COREQ-0210,core,V02,V02-01,standard,Skyrim.esm:026044,DialogueMarkarthInnEndonsFamilyScene02,Skyrim.esm,ok,STRUCTURAL-SILENT,not-needed,SILENT,not-needed,not-needed,not-needed,not-needed,
COREQ-0211,core,V02,V02-01,standard,Skyrim.esm:026046,DialogueMarkarthKeepImperialCourtScene02,Skyrim.esm,ok,STRUCTURAL-SILENT,not-needed,SILENT,not-needed,not-needed,not-needed,not-needed,
COREQ-0212,core,V02,V02-01,standard,Skyrim.esm:026047,DialogueMarkarthKeepCalcelmoAicantarScene02,Skyrim.esm,ok,STRUCTURAL-SILENT,not-needed,SILENT,not-needed,not-needed,not-needed,not-needed,
COREQ-0213,core,V02,V02-01,standard,Skyrim.esm:026048,DialogueMarkarthKeepKitchenScene01,Skyrim.esm,ok,STRUCTURAL-SILENT,not-needed,SILENT,not-needed,not-needed,not-needed,not-needed,
COREQ-0214,core,V02,V02-01,standard,Skyrim.esm:02610A,MQ102B,Skyrim.esm,ok,SEMANTIC-SILENT,not-needed,SILENT,not-needed,not-needed,not-needed,not-needed,
COREQ-0215,core,V02,V02-01,existing-core-row,Skyrim.esm:02610B,CW02B,Skyrim.esm,ok,APPROVED,not-needed,APPROVED,ok,ok,ok,ok,"Owner approved correction of every s72 undead row to directly existing s160; direct VMAD proves QF_MQ103B_0002610B Fragment_40 at s160. RUNTIME-VERIFY remains required. Owner approved 2026-08-12; cross-generation, promotion, and post-readback pending root closeout. direct_post_promotion_readback=ok; route_evidence=ok; runtime_marker_check=ok; compile=ok."
COREQ-0216,core,V02,V02-01,existing-core-row,Skyrim.esm:02610C,MQ104,Skyrim.esm,ok,APPROVED,not-needed,APPROVED,not-needed,not-needed,ok,ok,
COREQ-0217,core,V02,V02-01,standard,Skyrim.esm:0266F1,MGR01,Skyrim.esm,ok,SEMANTIC-SILENT,not-needed,SILENT,not-needed,not-needed,not-needed,not-needed,
COREQ-0218,core,V02,V02-01,standard,Skyrim.esm:0266F2,MGR02,Skyrim.esm,ok,SEMANTIC-SILENT,not-needed,SILENT,not-needed,not-needed,not-needed,not-needed,
COREQ-0219,core,V02,V02-01,standard,Skyrim.esm:0267EB,DialogueCrimeGuards,Skyrim.esm,ok,STRUCTURAL-SILENT,not-needed,SILENT,not-needed,not-needed,not-needed,not-needed,
COREQ-0220,core,V02,V02-01,standard,Skyrim.esm:0268E9,DialogueHaafingarHold,Skyrim.esm,ok,STRUCTURAL-SILENT,not-needed,SILENT,not-needed,not-needed,not-needed,not-needed,
COREQ-0221,core,V02,V02-01,standard,Skyrim.esm:02694B,WIKill02,Skyrim.esm,ok,SEMANTIC-SILENT,not-needed,SILENT,not-needed,not-needed,not-needed,not-needed,
COREQ-0222,core,V02,V02-01,standard,Skyrim.esm:026C4D,MS06,Skyrim.esm,ok,APPROVED,not-needed,APPROVED,ok,ok,ok,ok,"Owner approved 2026-08-12; cross-generation, promotion, and post-readback pending root closeout. direct_post_promotion_readback=ok; route_evidence=ok; runtime_marker_check=ok; compile=ok."
COREQ-0223,core,V02,V02-01,standard,Skyrim.esm:026E45,DialogueRiverwoodSleepingGiantScene1,Skyrim.esm,ok,STRUCTURAL-SILENT,not-needed,SILENT,not-needed,not-needed,not-needed,not-needed,
COREQ-0224,core,V02,V02-01,standard,Skyrim.esm:026E4A,DialogueRiverwoodSleepingGiantScene2,Skyrim.esm,ok,STRUCTURAL-SILENT,not-needed,SILENT,not-needed,not-needed,not-needed,not-needed,
COREQ-0225,core,V02,V02-01,standard,Skyrim.esm:026E4C,DialogueRiverwoodLucansDryGoodsScene1,Skyrim.esm,ok,STRUCTURAL-SILENT,not-needed,SILENT,not-needed,not-needed,not-needed,not-needed,
COREQ-0226,core,V02,V02-01,standard,Skyrim.esm:026E50,DialogueRiverwoodFamilyScene1,Skyrim.esm,ok,STRUCTURAL-SILENT,not-needed,SILENT,not-needed,not-needed,not-needed,not-needed,
COREQ-0227,core,V02,V02-01,standard,Skyrim.esm:026E52,DialogueRiverwoodFamilyScene2,Skyrim.esm,ok,STRUCTURAL-SILENT,not-needed,SILENT,not-needed,not-needed,not-needed,not-needed,
COREQ-0228,core,V02,V02-01,standard,Skyrim.esm:026E55,DialogueRiverwoodFamilyScene3,Skyrim.esm,ok,STRUCTURAL-SILENT,not-needed,SILENT,not-needed,not-needed,not-needed,not-needed,
COREQ-0229,core,V02,V02-01,standard,Skyrim.esm:026F45,CWCampaignObj,Skyrim.esm,ok,SEMANTIC-SILENT,not-needed,SILENT,not-needed,not-needed,not-needed,not-needed,
COREQ-0230,core,V02,V02-01,standard,Skyrim.esm:0270A4,DialogueWhiterun,Skyrim.esm,ok,STRUCTURAL-SILENT,not-needed,SILENT,not-needed,not-needed,not-needed,not-needed,
COREQ-0231,core,V02,V02-01,standard,Skyrim.esm:027E2A,CreatureDialogueMammoth,Skyrim.esm,ok,STRUCTURAL-SILENT,not-needed,SILENT,not-needed,not-needed,not-needed,not-needed,
COREQ-0232,core,V02,V02-01,standard,Skyrim.esm:028922,TGRGF,Skyrim.esm,ok,SEMANTIC-SILENT,not-needed,SILENT,not-needed,not-needed,not-needed,not-needed,
COREQ-0233,core,V02,V02-01,standard,Skyrim.esm:028923,TGRShell,Skyrim.esm,ok,SEMANTIC-SILENT,not-needed,SILENT,not-needed,not-needed,not-needed,not-needed,
COREQ-0234,core,V02,V02-01,standard,Skyrim.esm:028936,TGRHC,Skyrim.esm,ok,SEMANTIC-SILENT,not-needed,SILENT,not-needed,not-needed,not-needed,not-needed,
COREQ-0235,core,V02,V02-01,standard,Skyrim.esm:02893B,TGRBE,Skyrim.esm,ok,SEMANTIC-SILENT,not-needed,SILENT,not-needed,not-needed,not-needed,not-needed,
COREQ-0236,core,V02,V02-01,standard,Skyrim.esm:02893E,TGRSL,Skyrim.esm,ok,SEMANTIC-SILENT,not-needed,SILENT,not-needed,not-needed,not-needed,not-needed,
COREQ-0237,core,V02,V02-01,standard,Skyrim.esm:0289E2,WIKill01,Skyrim.esm,ok,SEMANTIC-SILENT,not-needed,SILENT,not-needed,not-needed,not-needed,not-needed,
COREQ-0238,core,V02,V02-01,standard,Skyrim.esm:028A13,MGR10,Skyrim.esm,ok,SEMANTIC-SILENT,not-needed,SILENT,not-needed,not-needed,not-needed,not-needed,
COREQ-0239,core,V02,V02-01,standard,Skyrim.esm:028A19,MGR11,Skyrim.esm,ok,SEMANTIC-SILENT,not-needed,SILENT,not-needed,not-needed,not-needed,not-needed,
COREQ-0240,core,V02,V02-01,standard,Skyrim.esm:028A1E,MGR12,Skyrim.esm,ok,SEMANTIC-SILENT,not-needed,SILENT,not-needed,not-needed,not-needed,not-needed,
COREQ-0241,core,V02,V02-01,standard,Skyrim.esm:028A55,MGRShell,Skyrim.esm,ok,SEMANTIC-SILENT,not-needed,SILENT,not-needed,not-needed,not-needed,not-needed,
COREQ-0242,core,V02,V02-01,existing-core-row,Skyrim.esm:028AD6,DA01,Skyrim.esm,ok,APPROVED,not-needed,APPROVED,not-needed,not-needed,ok,ok,
COREQ-0243,core,V02,V02-01,standard,Skyrim.esm:028D34,DA10FIN,Skyrim.esm,ok,STRUCTURAL-SILENT,not-needed,SILENT,not-needed,not-needed,not-needed,not-needed,
COREQ-0244,core,V02,V02-01,standard,Skyrim.esm:029744,WIMourningAllVoiceTypesSplitIntoSeperateQuestsLater,Skyrim.esm,ok,STRUCTURAL-SILENT,not-needed,SILENT,not-needed,not-needed,not-needed,not-needed,
COREQ-0245,core,V02,V02-01,standard,Skyrim.esm:029940,CWObj,Skyrim.esm,ok,SEMANTIC-SILENT,not-needed,SILENT,not-needed,not-needed,not-needed,not-needed,
COREQ-0246,core,V02,V02-01,standard,Skyrim.esm:02994C,CWGarrisonObserver1,Skyrim.esm,ok,SEMANTIC-SILENT,not-needed,SILENT,not-needed,not-needed,not-needed,not-needed,
COREQ-0247,core,V02,V02-01,standard,Skyrim.esm:02A395,DialogueStonehills,Skyrim.esm,ok,STRUCTURAL-SILENT,not-needed,SILENT,not-needed,not-needed,not-needed,not-needed,
COREQ-0248,core,V02,V02-01,standard,Skyrim.esm:02A3F2,CWSharedInfos,Skyrim.esm,ok,STRUCTURAL-SILENT,not-needed,SILENT,not-needed,not-needed,not-needed,not-needed,
COREQ-0249,core,V02,V02-01,standard,Skyrim.esm:02A73A,DialogueCrimeOrcs,Skyrim.esm,ok,STRUCTURAL-SILENT,not-needed,SILENT,not-needed,not-needed,not-needed,not-needed,
COREQ-0250,core,V02,V02-01,standard,Skyrim.esm:02AA57,dunFrostmereToggleQST,Skyrim.esm,ok,REJECTED,not-needed,REJECTED,inert,not-needed,not-needed,not-needed,"Objective 10 says Banish the Pale Lady, but the helper quest has no journal or completion-stage evidence mapping the completed banishment. Owner approved the inert recommendation 2026-08-12."
COREQ-0251,core,V02,V02-01,existing-core-row,Skyrim.esm:02AC68,DA15,Skyrim.esm,ok,APPROVED,not-needed,APPROVED,not-needed,not-needed,ok,ok,
COREQ-0252,core,V02,V02-01,existing-core-row,Skyrim.esm:02AD16,DB04a,Skyrim.esm,ok,APPROVED,not-needed,APPROVED,not-needed,not-needed,ok,ok,
COREQ-0253,core,V02,V02-01,standard,Skyrim.esm:02AFD7,CreatureDialogueFrostbiteSpiderGiant,Skyrim.esm,ok,STRUCTURAL-SILENT,not-needed,SILENT,not-needed,not-needed,not-needed,not-needed,
COREQ-0254,core,V02,V02-01,standard,Skyrim.esm:02B272,CWResolution01,Skyrim.esm,ok,SEMANTIC-SILENT,not-needed,SILENT,not-needed,not-needed,not-needed,not-needed,
COREQ-0255,core,V02,V02-01,standard,Skyrim.esm:02B9B9,DialogueFalkreathJarlsLonghouseScene02,Skyrim.esm,ok,STRUCTURAL-SILENT,not-needed,SILENT,not-needed,not-needed,not-needed,not-needed,
COREQ-0256,core,V02,V02-01,standard,Skyrim.esm:02B9BA,DialogueFalkreathHouseofArkayScene03,Skyrim.esm,ok,STRUCTURAL-SILENT,not-needed,SILENT,not-needed,not-needed,not-needed,not-needed,
COREQ-0257,core,V02,V02-01,standard,Skyrim.esm:02B9BB,DialogueFalkreathDengeirsHallScene02,Skyrim.esm,ok,STRUCTURAL-SILENT,not-needed,SILENT,not-needed,not-needed,not-needed,not-needed,
COREQ-0258,core,V02,V02-01,standard,Skyrim.esm:02B9BE,DialogueFalkreathDeadMansDrinkScene05,Skyrim.esm,ok,STRUCTURAL-SILENT,not-needed,SILENT,not-needed,not-needed,not-needed,not-needed,
COREQ-0259,core,V02,V02-01,standard,Skyrim.esm:02B9BF,DialogueFalkreathGrayPineGoodsScene01,Skyrim.esm,ok,STRUCTURAL-SILENT,not-needed,SILENT,not-needed,not-needed,not-needed,not-needed,
COREQ-0260,core,V02,V02-01,standard,Skyrim.esm:02B9C2,DialogueFalkreathCemeteryScene01,Skyrim.esm,ok,STRUCTURAL-SILENT,not-needed,SILENT,not-needed,not-needed,not-needed,not-needed,
COREQ-0261,core,V02,V02-01,standard,Skyrim.esm:02B9D1,DialogueFalkreathHouseofArkayScene02,Skyrim.esm,ok,STRUCTURAL-SILENT,not-needed,SILENT,not-needed,not-needed,not-needed,not-needed,
COREQ-0262,core,V02,V02-01,standard,Skyrim.esm:02B9D7,DialogueFalkreathJarlsLonghouseScene03,Skyrim.esm,ok,STRUCTURAL-SILENT,not-needed,SILENT,not-needed,not-needed,not-needed,not-needed,
COREQ-0263,core,V02,V02-01,standard,Skyrim.esm:02B9D8,DialogueFalkreathJarlsLonghouseScene01,Skyrim.esm,ok,STRUCTURAL-SILENT,not-needed,SILENT,not-needed,not-needed,not-needed,not-needed,
COREQ-0264,core,V02,V02-01,standard,Skyrim.esm:02B9DA,DialogueFalkreathDengeirsHallScene03,Skyrim.esm,ok,STRUCTURAL-SILENT,not-needed,SILENT,not-needed,not-needed,not-needed,not-needed,
COREQ-0265,core,V02,V02-01,standard,Skyrim.esm:02B9DD,DialogueFalkreathDeadMansDrinkScene01,Skyrim.esm,ok,STRUCTURAL-SILENT,not-needed,SILENT,not-needed,not-needed,not-needed,not-needed,
COREQ-0266,core,V02,V02-01,standard,Skyrim.esm:02B9DE,DialogueFalkreathDeadMansDrinkScene02,Skyrim.esm,ok,STRUCTURAL-SILENT,not-needed,SILENT,not-needed,not-needed,not-needed,not-needed,
COREQ-0267,core,V02,V02-01,standard,Skyrim.esm:02B9DF,DialogueFalkreathDeadMansDrinkScene06,Skyrim.esm,ok,STRUCTURAL-SILENT,not-needed,SILENT,not-needed,not-needed,not-needed,not-needed,
COREQ-0268,core,V02,V02-01,standard,Skyrim.esm:02B9E0,DialogueFalkreathDeadMansDrinkScene03,Skyrim.esm,ok,STRUCTURAL-SILENT,not-needed,SILENT,not-needed,not-needed,not-needed,not-needed,
COREQ-0269,core,V02,V02-01,standard,Skyrim.esm:02B9E2,DialogueFalkreathCorpselightFarmScene01,Skyrim.esm,ok,STRUCTURAL-SILENT,not-needed,SILENT,not-needed,not-needed,not-needed,not-needed,
COREQ-0270,core,V02,V02-01,standard,Skyrim.esm:02B9E5,DialogueFalkreathCemeteryScene02,Skyrim.esm,ok,STRUCTURAL-SILENT,not-needed,SILENT,not-needed,not-needed,not-needed,not-needed,
COREQ-0271,core,V02,V02-01,standard,Skyrim.esm:02B9E6,DialogueFalkreathHouseofArkayScene01,Skyrim.esm,ok,STRUCTURAL-SILENT,not-needed,SILENT,not-needed,not-needed,not-needed,not-needed,
COREQ-0272,core,V02,V02-01,standard,Skyrim.esm:02B9E8,DialogueFalkreathDeadMansDrinkScene07,Skyrim.esm,ok,STRUCTURAL-SILENT,not-needed,SILENT,not-needed,not-needed,not-needed,not-needed,
COREQ-0273,core,V02,V02-01,standard,Skyrim.esm:02B9E9,DialogueFalkreathDeadMansDrinkScene08,Skyrim.esm,ok,STRUCTURAL-SILENT,not-needed,SILENT,not-needed,not-needed,not-needed,not-needed,
COREQ-0274,core,V02,V02-01,standard,Skyrim.esm:02B9EA,DialogueFalkreathDeadMansDrinkScene09,Skyrim.esm,ok,STRUCTURAL-SILENT,not-needed,SILENT,not-needed,not-needed,not-needed,not-needed,
COREQ-0275,core,V02,V02-01,standard,Skyrim.esm:02B9EB,DialogueFalkreathDeadMansDrinkScene10,Skyrim.esm,ok,STRUCTURAL-SILENT,not-needed,SILENT,not-needed,not-needed,not-needed,not-needed,
COREQ-0276,core,V02,V02-01,standard,Skyrim.esm:02BB38,DA10HauntingController,Skyrim.esm,ok,SEMANTIC-SILENT,not-needed,SILENT,not-needed,not-needed,not-needed,not-needed,
COREQ-0277,core,V02,V02-01,standard,Skyrim.esm:02BE3C,DialogueGuardsGeneral,Skyrim.esm,ok,STRUCTURAL-SILENT,not-needed,SILENT,not-needed,not-needed,not-needed,not-needed,
COREQ-0278,core,V02,V02-01,standard,Skyrim.esm:02BF9C,MQ102A,Skyrim.esm,ok,SEMANTIC-SILENT,not-needed,SILENT,not-needed,not-needed,not-needed,not-needed,
COREQ-0279,core,V02,V02-01,standard,Skyrim.esm:02BFAE,CWFunctions,Skyrim.esm,ok,STRUCTURAL-SILENT,not-needed,SILENT,not-needed,not-needed,not-needed,not-needed,
COREQ-0280,core,V02,V02-01,standard,Skyrim.esm:02C258,MS12,Skyrim.esm,ok,APPROVED,not-needed,APPROVED,ok,ok,ok,ok,"Owner ruled that heal_comfort covers the evidenced effort to fulfill Nurelion's dying request; s100 is active in the isolated slate. Owner approved 2026-08-12; cross-generation, promotion, and post-readback pending root closeout. direct_post_promotion_readback=ok; route_evidence=ok; runtime_marker_check=ok; compile=ok."
COREQ-0281,core,V02,V02-01,existing-core-row,Skyrim.esm:02C358,DA11,Skyrim.esm,ok,APPROVED,not-needed,APPROVED,not-needed,not-needed,ok,ok,
COREQ-0282,core,V02,V02-01,standard,Skyrim.esm:02C437,WIAddItem01,Skyrim.esm,ok,SEMANTIC-SILENT,not-needed,SILENT,not-needed,not-needed,not-needed,not-needed,
COREQ-0283,core,V02,V02-01,standard,Skyrim.esm:02C493,WIAssault01,Skyrim.esm,ok,SEMANTIC-SILENT,not-needed,SILENT,not-needed,not-needed,not-needed,not-needed,
COREQ-0284,core,V02,V02-01,standard,Skyrim.esm:02C6AB,WIRemoveItem01,Skyrim.esm,ok,SEMANTIC-SILENT,not-needed,SILENT,not-needed,not-needed,not-needed,not-needed,
COREQ-0285,core,V02,V02-01,standard,Skyrim.esm:02C7E2,DialogueOldHroldan,Skyrim.esm,ok,STRUCTURAL-SILENT,not-needed,SILENT,not-needed,not-needed,not-needed,not-needed,
COREQ-0286,core,V02,V02-01,standard,Skyrim.esm:02D385,WISkillIncrease01,Skyrim.esm,ok,SEMANTIC-SILENT,not-needed,SILENT,not-needed,not-needed,not-needed,not-needed,
COREQ-0287,core,V02,V02-01,standard,Skyrim.esm:02D388,WINewVoicePower01,Skyrim.esm,ok,SEMANTIC-SILENT,not-needed,SILENT,not-needed,not-needed,not-needed,not-needed,
COREQ-0288,core,V02,V02-01,existing-core-row,Skyrim.esm:02D515,MQ204,Skyrim.esm,ok,APPROVED,not-needed,APPROVED,not-needed,not-needed,ok,ok,
COREQ-0289,core,V02,V02-01,existing-core-row,Skyrim.esm:02D516,MQ205,Skyrim.esm,ok,APPROVED,not-needed,APPROVED,not-needed,not-needed,ok,ok,
COREQ-0290,core,V02,V02-01,standard,Skyrim.esm:02D5C3,DialogueRiverwoodFamilyScene4,Skyrim.esm,ok,STRUCTURAL-SILENT,not-needed,SILENT,not-needed,not-needed,not-needed,not-needed,
COREQ-0291,core,V02,V02-01,existing-core-row,Skyrim.esm:02D75C,CW02A,Skyrim.esm,ok,APPROVED,not-needed,APPROVED,ok,ok,ok,ok,"Owner approved correction of every s72 undead row to directly existing s160; direct VMAD proves QF_MQ103A_0002D75C Fragment_43 at s160. RUNTIME-VERIFY remains required. Owner approved 2026-08-12; cross-generation, promotion, and post-readback pending root closeout. direct_post_promotion_readback=ok; route_evidence=ok; runtime_marker_check=ok; compile=ok."
COREQ-0292,core,V02,V02-01,standard,Skyrim.esm:02E11B,DialogueShorsStone,Skyrim.esm,ok,STRUCTURAL-SILENT,not-needed,SILENT,not-needed,not-needed,not-needed,not-needed,
COREQ-0293,core,V02,V02-01,standard,Skyrim.esm:02E1AD,DialogueSolitude,Skyrim.esm,ok,STRUCTURAL-SILENT,not-needed,SILENT,not-needed,not-needed,not-needed,not-needed,
COREQ-0294,core,V02,V02-01,standard,Skyrim.esm:02E655,DBOlavaReadingMiscObjective,Skyrim.esm,ok,SEMANTIC-SILENT,not-needed,SILENT,not-needed,not-needed,not-needed,not-needed,
COREQ-0295,core,V02,V02-01,standard,Skyrim.esm:02E656,DBOlavaReadingTreasureObjective,Skyrim.esm,ok,SEMANTIC-SILENT,not-needed,SILENT,not-needed,not-needed,not-needed,not-needed,
COREQ-0296,core,V02,V02-01,standard,Skyrim.esm:02E6FF,DialogueKynesgrove,Skyrim.esm,ok,STRUCTURAL-SILENT,not-needed,SILENT,not-needed,not-needed,not-needed,not-needed,
COREQ-0297,core,V02,V02-01,standard,Skyrim.esm:02E7AF,DarkBrotherhoodSanctuaryDialogue,Skyrim.esm,ok,STRUCTURAL-SILENT,not-needed,SILENT,not-needed,not-needed,not-needed,not-needed,
COREQ-0298,core,V02,V02-01,standard,Skyrim.esm:02E7B0,DarkBrotherhoodSanctuaryConversation1,Skyrim.esm,ok,STRUCTURAL-SILENT,not-needed,SILENT,not-needed,not-needed,not-needed,not-needed,
COREQ-0299,core,V02,V02-01,standard,Skyrim.esm:02E8F0,CWGarrisonObserver2,Skyrim.esm,ok,SEMANTIC-SILENT,not-needed,SILENT,not-needed,not-needed,not-needed,not-needed,
COREQ-0300,core,V02,V02-01,standard,Skyrim.esm:02E8F1,CWGarrisonObserver3,Skyrim.esm,ok,SEMANTIC-SILENT,not-needed,SILENT,not-needed,not-needed,not-needed,not-needed,
COREQ-0301,core,V02,V02-01,standard,Skyrim.esm:02EC5C,DialogueSalviusFarm,Skyrim.esm,ok,STRUCTURAL-SILENT,not-needed,SILENT,not-needed,not-needed,not-needed,not-needed,
COREQ-0302,core,V02,V02-01,standard,Skyrim.esm:02EC5D,DialogueSalviusFarmhouseScene01,Skyrim.esm,ok,STRUCTURAL-SILENT,not-needed,SILENT,not-needed,not-needed,not-needed,not-needed,
COREQ-0303,core,V02,V02-01,standard,Skyrim.esm:02EC60,DialogueLeftHandMine,Skyrim.esm,ok,STRUCTURAL-SILENT,not-needed,SILENT,not-needed,not-needed,not-needed,not-needed,
COREQ-0304,core,V02,V02-01,standard,Skyrim.esm:02EE39,CreatureDialogueDraugr,Skyrim.esm,ok,STRUCTURAL-SILENT,not-needed,SILENT,not-needed,not-needed,not-needed,not-needed,
COREQ-0305,core,V02,V02-01,standard,Skyrim.esm:02F1AE,DialogueStonehillsMineScene01,Skyrim.esm,ok,STRUCTURAL-SILENT,not-needed,SILENT,not-needed,not-needed,not-needed,not-needed,
COREQ-0306,core,V02,V02-01,standard,Skyrim.esm:02F1B2,DialogueStonehillsMineScene02,Skyrim.esm,ok,STRUCTURAL-SILENT,not-needed,SILENT,not-needed,not-needed,not-needed,not-needed,
COREQ-0307,core,V02,V02-01,standard,Skyrim.esm:02F21D,DialogueStonehillsMineScene03,Skyrim.esm,ok,STRUCTURAL-SILENT,not-needed,SILENT,not-needed,not-needed,not-needed,not-needed,
COREQ-0308,core,V02,V02-01,standard,Skyrim.esm:02F21F,DialogueStonehillsMineScene04,Skyrim.esm,ok,STRUCTURAL-SILENT,not-needed,SILENT,not-needed,not-needed,not-needed,not-needed,
COREQ-0309,core,V02,V02-01,standard,Skyrim.esm:02FF95,CWSiegeDefendObj,Skyrim.esm,ok,SEMANTIC-SILENT,not-needed,SILENT,not-needed,not-needed,not-needed,not-needed,
COREQ-0310,core,V02,V02-01,standard,Skyrim.esm:0300A7,DialogueSnowShodFarm,Skyrim.esm,ok,STRUCTURAL-SILENT,not-needed,SILENT,not-needed,not-needed,not-needed,not-needed,
COREQ-0311,core,V02,V02-01,standard,Skyrim.esm:03010C,DialogueDarkwaterCrossing,Skyrim.esm,ok,STRUCTURAL-SILENT,not-needed,SILENT,not-needed,not-needed,not-needed,not-needed,
COREQ-0312,core,V02,V02-01,standard,Skyrim.esm:030155,DialogueSalviusFarmhouseScene02,Skyrim.esm,ok,STRUCTURAL-SILENT,not-needed,SILENT,not-needed,not-needed,not-needed,not-needed,
COREQ-0313,core,V02,V02-01,standard,Skyrim.esm:030157,DialogueSalviusFarmOutsideScene01,Skyrim.esm,ok,STRUCTURAL-SILENT,not-needed,SILENT,not-needed,not-needed,not-needed,not-needed,
COREQ-0314,core,V02,V02-01,standard,Skyrim.esm:030159,DialogueSalviusFarmOutsideScene02,Skyrim.esm,ok,STRUCTURAL-SILENT,not-needed,SILENT,not-needed,not-needed,not-needed,not-needed,
COREQ-0315,core,V02,V02-01,standard,Skyrim.esm:030161,DialogueLeftHandMineDaighreSkaggi01,Skyrim.esm,ok,STRUCTURAL-SILENT,not-needed,SILENT,not-needed,not-needed,not-needed,not-needed,
COREQ-0316,core,V02,V02-01,standard,Skyrim.esm:030164,DialogueLeftHandMinePavoGatScene01,Skyrim.esm,ok,STRUCTURAL-SILENT,not-needed,SILENT,not-needed,not-needed,not-needed,not-needed,
COREQ-0317,core,V02,V02-01,standard,Skyrim.esm:030165,DialogueLeftHandMineDaighreErith01,Skyrim.esm,ok,STRUCTURAL-SILENT,not-needed,SILENT,not-needed,not-needed,not-needed,not-needed,
COREQ-0318,core,V02,V02-01,standard,Skyrim.esm:030278,DialogueMerryfairFarm,Skyrim.esm,ok,STRUCTURAL-SILENT,not-needed,SILENT,not-needed,not-needed,not-needed,not-needed,
COREQ-0319,core,V02,V02-01,standard,Skyrim.esm:030279,DialogueMerryfairFarmScene01,Skyrim.esm,ok,STRUCTURAL-SILENT,not-needed,SILENT,not-needed,not-needed,not-needed,not-needed,
COREQ-0320,core,V02,V02-01,standard,Skyrim.esm:03027B,DialogueMerryfairFarmScene02,Skyrim.esm,ok,STRUCTURAL-SILENT,not-needed,SILENT,not-needed,not-needed,not-needed,not-needed,
COREQ-0321,core,V02,V02-01,standard,Skyrim.esm:0302C0,DialogueHeartwoodMill,Skyrim.esm,ok,STRUCTURAL-SILENT,not-needed,SILENT,not-needed,not-needed,not-needed,not-needed,
COREQ-0322,core,V02,V02-01,standard,Skyrim.esm:0302C1,DialogueHeartwoodMillScene01,Skyrim.esm,ok,STRUCTURAL-SILENT,not-needed,SILENT,not-needed,not-needed,not-needed,not-needed,
COREQ-0323,core,V02,V02-01,standard,Skyrim.esm:0302C2,DialogueHeartwoodMillScene02,Skyrim.esm,ok,STRUCTURAL-SILENT,not-needed,SILENT,not-needed,not-needed,not-needed,not-needed,
COREQ-0324,core,V02,V02-01,standard,Skyrim.esm:0303F2,DialogueSarethiFarm,Skyrim.esm,ok,STRUCTURAL-SILENT,not-needed,SILENT,not-needed,not-needed,not-needed,not-needed,
COREQ-0325,core,V02,V02-01,standard,Skyrim.esm:0303F3,DialogueSarethiFarmScene01,Skyrim.esm,ok,STRUCTURAL-SILENT,not-needed,SILENT,not-needed,not-needed,not-needed,not-needed,
COREQ-0326,core,V02,V02-01,standard,Skyrim.esm:0303F4,DialogueSarethiFarmScene02,Skyrim.esm,ok,STRUCTURAL-SILENT,not-needed,SILENT,not-needed,not-needed,not-needed,not-needed,
COREQ-0327,core,V02,V02-01,standard,Skyrim.esm:030595,DialogueSoljundsSinkhole,Skyrim.esm,ok,STRUCTURAL-SILENT,not-needed,SILENT,not-needed,not-needed,not-needed,not-needed,
COREQ-0328,core,V02,V02-01,standard,Skyrim.esm:03059C,DialogueSoljundsMineHouseScene01,Skyrim.esm,ok,STRUCTURAL-SILENT,not-needed,SILENT,not-needed,not-needed,not-needed,not-needed,
COREQ-0329,core,V02,V02-01,standard,Skyrim.esm:030B15,MQ201ThalmorEmbassy,Skyrim.esm,ok,SEMANTIC-SILENT,not-needed,SILENT,not-needed,not-needed,not-needed,not-needed,
COREQ-0330,core,V02,V02-01,standard,Skyrim.esm:030B36,dunMistwatchQST,Skyrim.esm,ok,REJECTED,ok,REJECTED,inert,not-needed,not-needed,not-needed,"Deepened through 31 direct INFO reads. Dialogue proves Fjola asks the player to remove Christer without killing him and offers her ring, but QUST/INFO alone did not safely map the lie, truth, and kill choices to terminal stages. Owner approved the inert recommendation 2026-08-12."
COREQ-0331,core,V02,V02-01,standard,Skyrim.esm:0317D1,dunPOIReachForswornRaidQST,Skyrim.esm,ok,SEMANTIC-SILENT,not-needed,SILENT,not-needed,not-needed,not-needed,not-needed,
COREQ-0332,core,V02,V02-01,standard,Skyrim.esm:031893,DialogueDawnstarIntroBrinaHorikSkaldScene,Skyrim.esm,ok,STRUCTURAL-SILENT,not-needed,SILENT,not-needed,not-needed,not-needed,not-needed,
COREQ-0333,core,V02,V02-01,standard,Skyrim.esm:0318C2,DialogueWinterholdInnScene01,Skyrim.esm,ok,STRUCTURAL-SILENT,not-needed,SILENT,not-needed,not-needed,not-needed,not-needed,
COREQ-0334,core,V02,V02-01,standard,Skyrim.esm:0318C4,DialogueWinterholdInnScene02,Skyrim.esm,ok,STRUCTURAL-SILENT,not-needed,SILENT,not-needed,not-needed,not-needed,not-needed,
COREQ-0335,core,V02,V02-01,standard,Skyrim.esm:031942,DialogueWinterholdInnScene03,Skyrim.esm,ok,STRUCTURAL-SILENT,not-needed,SILENT,not-needed,not-needed,not-needed,not-needed,
COREQ-0336,core,V02,V02-01,standard,Skyrim.esm:031944,DialogueWinterholdInnScene04,Skyrim.esm,ok,STRUCTURAL-SILENT,not-needed,SILENT,not-needed,not-needed,not-needed,not-needed,
COREQ-0337,core,V02,V02-01,standard,Skyrim.esm:031946,DialogueWinterholdInnScene05,Skyrim.esm,ok,STRUCTURAL-SILENT,not-needed,SILENT,not-needed,not-needed,not-needed,not-needed,
COREQ-0338,core,V02,V02-01,standard,Skyrim.esm:031948,DialogueWinterholdInnScene06,Skyrim.esm,ok,STRUCTURAL-SILENT,not-needed,SILENT,not-needed,not-needed,not-needed,not-needed,
COREQ-0339,core,V02,V02-01,standard,Skyrim.esm:03194A,DialogueWinterholdInnScene07,Skyrim.esm,ok,STRUCTURAL-SILENT,not-needed,SILENT,not-needed,not-needed,not-needed,not-needed,
COREQ-0340,core,V02,V02-01,standard,Skyrim.esm:03194C,DialogueWinterholdInnScene08,Skyrim.esm,ok,STRUCTURAL-SILENT,not-needed,SILENT,not-needed,not-needed,not-needed,not-needed,
COREQ-0341,core,V02,V02-01,existing-core-row,Skyrim.esm:032926,MQ106,Skyrim.esm,ok,APPROVED,not-needed,APPROVED,not-needed,not-needed,ok,ok,
COREQ-0342,core,V02,V02-01,standard,Skyrim.esm:033127,DialogueMorKhazgur,Skyrim.esm,ok,STRUCTURAL-SILENT,not-needed,SILENT,not-needed,not-needed,not-needed,not-needed,
COREQ-0343,core,V02,V02-01,standard,Skyrim.esm:03312C,DialogueMorKhazgurLarakSharamphScene01,Skyrim.esm,ok,STRUCTURAL-SILENT,not-needed,SILENT,not-needed,not-needed,not-needed,not-needed,
COREQ-0344,core,V02,V02-01,standard,Skyrim.esm:03312D,DialogueMorKhazgurLarakOlurScene01,Skyrim.esm,ok,STRUCTURAL-SILENT,not-needed,SILENT,not-needed,not-needed,not-needed,not-needed,
COREQ-0345,core,V02,V02-01,standard,Skyrim.esm:033134,DialogueMorKhazgurLarakShuftharzScene01,Skyrim.esm,ok,STRUCTURAL-SILENT,not-needed,SILENT,not-needed,not-needed,not-needed,not-needed,
COREQ-0346,core,V02,V02-01,standard,Skyrim.esm:033646,DialogueDushnikhYal,Skyrim.esm,ok,STRUCTURAL-SILENT,not-needed,SILENT,not-needed,not-needed,not-needed,not-needed,
COREQ-0347,core,V02,V02-01,standard,Skyrim.esm:033647,DialogueDushnikhYalLonghouseScene01,Skyrim.esm,ok,STRUCTURAL-SILENT,not-needed,SILENT,not-needed,not-needed,not-needed,not-needed,
COREQ-0348,core,V02,V02-01,standard,Skyrim.esm:033649,DialogueDushnikhYalLonghouseScene02,Skyrim.esm,ok,STRUCTURAL-SILENT,not-needed,SILENT,not-needed,not-needed,not-needed,not-needed,
COREQ-0349,core,V02,V02-01,standard,Skyrim.esm:03364B,DialogueDushnikhYalLonghouseScene03,Skyrim.esm,ok,STRUCTURAL-SILENT,not-needed,SILENT,not-needed,not-needed,not-needed,not-needed,
COREQ-0350,core,V02,V02-01,standard,Skyrim.esm:03364D,DialogueDushnikhYalMineScene01,Skyrim.esm,ok,STRUCTURAL-SILENT,not-needed,SILENT,not-needed,not-needed,not-needed,not-needed,
COREQ-0351,core,V02,V02-01,standard,Skyrim.esm:03364F,DialogueDushnikhYalMineScene02,Skyrim.esm,ok,STRUCTURAL-SILENT,not-needed,SILENT,not-needed,not-needed,not-needed,not-needed,
COREQ-0352,core,V02,V02-01,standard,Skyrim.esm:033651,DialogueDushnikhYalHuntingScene01,Skyrim.esm,ok,STRUCTURAL-SILENT,not-needed,SILENT,not-needed,not-needed,not-needed,not-needed,
COREQ-0353,core,V02,V02-01,standard,Skyrim.esm:033652,DialogueDushnikhYalHuntingScene02,Skyrim.esm,ok,STRUCTURAL-SILENT,not-needed,SILENT,not-needed,not-needed,not-needed,not-needed,
COREQ-0354,core,V02,V02-01,existing-core-row,Skyrim.esm:03372B,MQ101,Skyrim.esm,ok,APPROVED,not-needed,APPROVED,not-needed,not-needed,ok,ok,"houseCARL reached its 2,000-line expansion ceiling after all 124 stage indices, journal entries, and seven objective texts were returned; required audit fields are complete."
COREQ-0355,core,V02,V02-01,standard,Skyrim.esm:0340A4,DialogueRiverwoodKidsScene,Skyrim.esm,ok,STRUCTURAL-SILENT,not-needed,SILENT,not-needed,not-needed,not-needed,not-needed,
COREQ-0356,core,V02,V02-01,standard,Skyrim.esm:03444D,DarkBrotherhoodSanctuaryConvSystem,Skyrim.esm,ok,STRUCTURAL-SILENT,not-needed,SILENT,not-needed,not-needed,not-needed,not-needed,
COREQ-0357,core,V02,V02-01,standard,Skyrim.esm:034B58,DialogueSolitudeGuardIntro,Skyrim.esm,ok,STRUCTURAL-SILENT,not-needed,SILENT,not-needed,not-needed,not-needed,not-needed,
COREQ-0358,core,V02,V02-01,standard,Skyrim.esm:034C90,dunLostKnifeQST,Skyrim.esm,ok,SEMANTIC-SILENT,not-needed,SILENT,not-needed,not-needed,not-needed,not-needed,
COREQ-0359,core,V02,V02-01,standard,Skyrim.esm:034DA3,WIAddItem02,Skyrim.esm,ok,SEMANTIC-SILENT,not-needed,SILENT,not-needed,not-needed,not-needed,not-needed,
COREQ-0360,core,V02,V02-01,standard,Skyrim.esm:034DAB,WIRemoveItem04,Skyrim.esm,ok,SEMANTIC-SILENT,not-needed,SILENT,not-needed,not-needed,not-needed,not-needed,
COREQ-0361,core,V02,V02-01,standard,Skyrim.esm:03502E,DialogueWindhelm,Skyrim.esm,ok,STRUCTURAL-SILENT,not-needed,SILENT,not-needed,not-needed,not-needed,not-needed,
COREQ-0362,core,V02,V02-01,standard,Skyrim.esm:0350F4,WIChangeLocation01,Skyrim.esm,ok,SEMANTIC-SILENT,not-needed,SILENT,not-needed,not-needed,not-needed,not-needed,
COREQ-0363,core,V02,V02-01,standard,Skyrim.esm:035114,DialogueWinterholdJarlsLonghouseScene01,Skyrim.esm,ok,STRUCTURAL-SILENT,not-needed,SILENT,not-needed,not-needed,not-needed,not-needed,
COREQ-0364,core,V02,V02-01,standard,Skyrim.esm:035125,DialogueWinterholdJarlsLonghouseScene02,Skyrim.esm,ok,STRUCTURAL-SILENT,not-needed,SILENT,not-needed,not-needed,not-needed,not-needed,
COREQ-0365,core,V02,V02-01,standard,Skyrim.esm:035127,DialogueWinterholdJarlsLonghouseScene03,Skyrim.esm,ok,STRUCTURAL-SILENT,not-needed,SILENT,not-needed,not-needed,not-needed,not-needed,
COREQ-0366,core,V02,V02-01,standard,Skyrim.esm:035258,DialogueSolitudeSawmillScene1,Skyrim.esm,ok,STRUCTURAL-SILENT,not-needed,SILENT,not-needed,not-needed,not-needed,not-needed,
COREQ-0367,core,V02,V02-01,standard,Skyrim.esm:03525A,DialogueSolitudeKatlasFarmScene1,Skyrim.esm,ok,STRUCTURAL-SILENT,not-needed,SILENT,not-needed,not-needed,not-needed,not-needed,
COREQ-0368,core,V02,V02-01,standard,Skyrim.esm:035354,dunForelhostQST,Skyrim.esm,ok,APPROVED,ok,APPROVED,ok,ok,ok,ok,"s60 is rowed from direct journal evidence; the later Valmir killing remains inert because s70 is an instruction and s100/s110 are untexted terminals. Owner approved 2026-08-12; cross-generation, promotion, and post-readback pending root closeout. direct_post_promotion_readback=ok; route_evidence=ok; runtime_marker_check=ok; compile=ok."
COREQ-0369,core,V02,V02-01,standard,Skyrim.esm:035384,dunVolskyggeQST,Skyrim.esm,ok,SEMANTIC-SILENT,not-needed,SILENT,not-needed,not-needed,not-needed,not-needed,
COREQ-0370,core,V02,V02-01,standard,Skyrim.esm:0354CC,dunBleakFallsBarrowQST,Skyrim.esm,ok,SEMANTIC-SILENT,not-needed,SILENT,not-needed,not-needed,not-needed,not-needed,
COREQ-0371,core,V02,V02-01,standard,Skyrim.esm:0357E5,dunKarthspireRedoubtQST,Skyrim.esm,ok,SEMANTIC-SILENT,not-needed,SILENT,not-needed,not-needed,not-needed,not-needed,
COREQ-0372,core,V02,V02-01,standard,Skyrim.esm:0358BA,DialogueSolitudeWinkingSkeeverScene1,Skyrim.esm,ok,STRUCTURAL-SILENT,not-needed,SILENT,not-needed,not-needed,not-needed,not-needed,
COREQ-0373,core,V02,V02-01,standard,Skyrim.esm:0358BC,DialogueSolitudeWinkingSkeeverScene2,Skyrim.esm,ok,STRUCTURAL-SILENT,not-needed,SILENT,not-needed,not-needed,not-needed,not-needed,
COREQ-0374,core,V02,V02-01,standard,Skyrim.esm:0358BE,DialogueSolitudeWinkingSkeeverScene3,Skyrim.esm,ok,STRUCTURAL-SILENT,not-needed,SILENT,not-needed,not-needed,not-needed,not-needed,
COREQ-0375,core,V02,V02-01,standard,Skyrim.esm:0358C0,DialogueSolitudeWinkingSkeeverScene4,Skyrim.esm,ok,STRUCTURAL-SILENT,not-needed,SILENT,not-needed,not-needed,not-needed,not-needed,
COREQ-0376,core,V02,V02-01,standard,Skyrim.esm:0358C4,DialogueSolitudeWinkingSkeeverScene6,Skyrim.esm,ok,STRUCTURAL-SILENT,not-needed,SILENT,not-needed,not-needed,not-needed,not-needed,
COREQ-0377,core,V02,V02-01,standard,Skyrim.esm:0358C6,DialogueSolitudeWinkingSkeeverScene7,Skyrim.esm,ok,STRUCTURAL-SILENT,not-needed,SILENT,not-needed,not-needed,not-needed,not-needed,
COREQ-0378,core,V02,V02-01,standard,Skyrim.esm:0358CA,DialogueSolitudeWellScene2,Skyrim.esm,ok,STRUCTURAL-SILENT,not-needed,SILENT,not-needed,not-needed,not-needed,not-needed,
COREQ-0379,core,V02,V02-01,standard,Skyrim.esm:035A23,CWMission04,Skyrim.esm,ok,APPROVED,not-needed,APPROVED,ok,ok,ok,ok,"One-shot faction-neutral prisoner-rescue outcome proposed; direct s200 journal evidence. Owner approved 2026-08-12; cross-generation, promotion, and post-readback pending root closeout. direct_post_promotion_readback=ok; route_evidence=ok; runtime_marker_check=ok; compile=ok."
COREQ-0380,core,V02,V02-01,standard,Skyrim.esm:035B5F,WISharedInfos,Skyrim.esm,ok,STRUCTURAL-SILENT,not-needed,SILENT,not-needed,not-needed,not-needed,not-needed,
COREQ-0381,core,V02,V02-01,standard,Skyrim.esm:035B67,WIRemoveItem05,Skyrim.esm,ok,SEMANTIC-SILENT,not-needed,SILENT,not-needed,not-needed,not-needed,not-needed,
COREQ-0382,core,V02,V02-01,standard,Skyrim.esm:03618F,DialogueWinterholdCollege,Skyrim.esm,ok,STRUCTURAL-SILENT,not-needed,SILENT,not-needed,not-needed,not-needed,not-needed,direct_mcp_review=ok; no distinct stage-safe devotional player outcome.
COREQ-0383,core,V02,V02-01,existing-core-row,Skyrim.esm:036192,MQ203,Skyrim.esm,ok,APPROVED,not-needed,APPROVED,ok,ok,ok,ok,direct_mcp_review=ok; gap-shard post-promotion direct readback=ok; stages and journal evidence verified; compile=ok.
COREQ-0384,core,V02,V02-01,existing-core-row,Skyrim.esm:036193,MQ206,Skyrim.esm,ok,APPROVED,not-needed,APPROVED,ok,ok,ok,ok,direct_mcp_review=ok; gap-shard post-promotion direct readback=ok; stages and journal evidence verified; compile=ok.
COREQ-0385,core,V02,V02-01,standard,Skyrim.esm:0362AC,DialogueCidhnaMine,Skyrim.esm,ok,STRUCTURAL-SILENT,not-needed,SILENT,not-needed,not-needed,not-needed,not-needed,direct_mcp_review=ok; no distinct stage-safe devotional player outcome.
COREQ-0386,core,V02,V02-01,standard,Skyrim.esm:03636C,DialogueGenericCombatLowStamina,Skyrim.esm,ok,STRUCTURAL-SILENT,not-needed,SILENT,not-needed,not-needed,not-needed,not-needed,direct_mcp_review=ok; no distinct stage-safe devotional player outcome.
COREQ-0387,core,V02,V02-01,standard,Skyrim.esm:036626,CWGovernment,Skyrim.esm,ok,STRUCTURAL-SILENT,not-needed,SILENT,not-needed,not-needed,not-needed,not-needed,direct_mcp_review=ok; no distinct stage-safe devotional player outcome.
COREQ-0388,core,V02,V02-01,standard,Skyrim.esm:0367BB,DialogueSolitudeWellScene3,Skyrim.esm,ok,STRUCTURAL-SILENT,not-needed,SILENT,not-needed,not-needed,not-needed,not-needed,direct_mcp_review=ok; no distinct stage-safe devotional player outcome.
COREQ-0389,core,V02,V02-01,standard,Skyrim.esm:0367BD,DialogueSolitudeWellsApothecarylScene1,Skyrim.esm,ok,STRUCTURAL-SILENT,not-needed,SILENT,not-needed,not-needed,not-needed,not-needed,direct_mcp_review=ok; no distinct stage-safe devotional player outcome.
COREQ-0390,core,V02,V02-01,standard,Skyrim.esm:0367BE,DialogueSolitudeRaimentsScene1,Skyrim.esm,ok,STRUCTURAL-SILENT,not-needed,SILENT,not-needed,not-needed,not-needed,not-needed,direct_mcp_review=ok; no distinct stage-safe devotional player outcome.
COREQ-0391,core,V02,V02-01,standard,Skyrim.esm:0367BF,DialogueSolitudeBitsScene1,Skyrim.esm,ok,STRUCTURAL-SILENT,not-needed,SILENT,not-needed,not-needed,not-needed,not-needed,direct_mcp_review=ok; no distinct stage-safe devotional player outcome.
COREQ-0392,core,V02,V02-01,standard,Skyrim.esm:0367C0,DialogueSolitudeBlacksmithScene1,Skyrim.esm,ok,STRUCTURAL-SILENT,not-needed,SILENT,not-needed,not-needed,not-needed,not-needed,direct_mcp_review=ok; no distinct stage-safe devotional player outcome.
COREQ-0393,core,V02,V02-01,standard,Skyrim.esm:0367C1,DialogueSolitudeFletcherScene1,Skyrim.esm,ok,STRUCTURAL-SILENT,not-needed,SILENT,not-needed,not-needed,not-needed,not-needed,direct_mcp_review=ok; no distinct stage-safe devotional player outcome.
COREQ-0394,core,V02,V02-01,standard,Skyrim.esm:0367C5,DialogueSolitudeFletcherScene2,Skyrim.esm,ok,STRUCTURAL-SILENT,not-needed,SILENT,not-needed,not-needed,not-needed,not-needed,direct_mcp_review=ok; no distinct stage-safe devotional player outcome.
COREQ-0395,core,V02,V02-01,standard,Skyrim.esm:0367C9,DialogueSolitudeCastleScene1,Skyrim.esm,ok,STRUCTURAL-SILENT,not-needed,SILENT,not-needed,not-needed,not-needed,not-needed,direct_mcp_review=ok; no distinct stage-safe devotional player outcome.
COREQ-0396,core,V02,V02-01,standard,Skyrim.esm:0367CB,DialogueSolitudeCastleScene2,Skyrim.esm,ok,STRUCTURAL-SILENT,not-needed,SILENT,not-needed,not-needed,not-needed,not-needed,direct_mcp_review=ok; no distinct stage-safe devotional player outcome.
COREQ-0397,core,V02,V02-01,standard,Skyrim.esm:0367CD,DialogueSolitudeJailerScene1,Skyrim.esm,ok,STRUCTURAL-SILENT,not-needed,SILENT,not-needed,not-needed,not-needed,not-needed,direct_mcp_review=ok; no distinct stage-safe devotional player outcome.
COREQ-0398,core,V02,V02-01,standard,Skyrim.esm:0367CF,DialogueSolitudeJailerScene2,Skyrim.esm,ok,STRUCTURAL-SILENT,not-needed,SILENT,not-needed,not-needed,not-needed,not-needed,direct_mcp_review=ok; no distinct stage-safe devotional player outcome.
COREQ-0399,core,V02,V02-01,standard,Skyrim.esm:0367D1,DialogueSolitudeDocksScene1,Skyrim.esm,ok,STRUCTURAL-SILENT,not-needed,SILENT,not-needed,not-needed,not-needed,not-needed,direct_mcp_review=ok; no distinct stage-safe devotional player outcome.
COREQ-0400,core,V02,V02-01,standard,Skyrim.esm:0367D3,DialogueSolitudeDocksScene2,Skyrim.esm,ok,STRUCTURAL-SILENT,not-needed,SILENT,not-needed,not-needed,not-needed,not-needed,direct_mcp_review=ok; no distinct stage-safe devotional player outcome.
COREQ-0401,core,V02,V02-01,standard,Skyrim.esm:0367D5,DialogueSolitudeDocksScene3,Skyrim.esm,ok,STRUCTURAL-SILENT,not-needed,SILENT,not-needed,not-needed,not-needed,not-needed,direct_mcp_review=ok; no distinct stage-safe devotional player outcome.
COREQ-0402,core,V02,V02-01,standard,Skyrim.esm:0367D7,DialogueSolitudeBrylingScene1,Skyrim.esm,ok,STRUCTURAL-SILENT,not-needed,SILENT,not-needed,not-needed,not-needed,not-needed,direct_mcp_review=ok; no distinct stage-safe devotional player outcome.
COREQ-0403,core,V02,V02-01,standard,Skyrim.esm:0367D9,DialogueSolitudeBrylingScene2,Skyrim.esm,ok,STRUCTURAL-SILENT,not-needed,SILENT,not-needed,not-needed,not-needed,not-needed,direct_mcp_review=ok; no distinct stage-safe devotional player outcome.
COREQ-0404,core,V02,V02-01,standard,Skyrim.esm:0367DB,DialogueSolitudeBrylingScene3,Skyrim.esm,ok,STRUCTURAL-SILENT,not-needed,SILENT,not-needed,not-needed,not-needed,not-needed,direct_mcp_review=ok; no distinct stage-safe devotional player outcome.
COREQ-0405,core,V02,V02-01,standard,Skyrim.esm:0367DD,DialogueSolitudeErikurScene1,Skyrim.esm,ok,STRUCTURAL-SILENT,not-needed,SILENT,not-needed,not-needed,not-needed,not-needed,direct_mcp_review=ok; no distinct stage-safe devotional player outcome.
COREQ-0406,core,V02,V02-01,standard,Skyrim.esm:0367DF,DialogueSolitudeErikurScene2,Skyrim.esm,ok,STRUCTURAL-SILENT,not-needed,SILENT,not-needed,not-needed,not-needed,not-needed,direct_mcp_review=ok; no distinct stage-safe devotional player outcome.
COREQ-0407,core,V02,V02-01,standard,Skyrim.esm:0367E1,DialogueSolitudeErikurScene3,Skyrim.esm,ok,STRUCTURAL-SILENT,not-needed,SILENT,not-needed,not-needed,not-needed,not-needed,direct_mcp_review=ok; no distinct stage-safe devotional player outcome.
COREQ-0408,core,V02,V02-01,standard,Skyrim.esm:0367E3,DialogueSolitudeAddvarHouseScene1,Skyrim.esm,ok,STRUCTURAL-SILENT,not-needed,SILENT,not-needed,not-needed,not-needed,not-needed,direct_mcp_review=ok; no distinct stage-safe devotional player outcome.
COREQ-0409,core,V02,V02-01,standard,Skyrim.esm:0367E4,DialogueSolitudeSanHouseScene1,Skyrim.esm,ok,STRUCTURAL-SILENT,not-needed,SILENT,not-needed,not-needed,not-needed,not-needed,direct_mcp_review=ok; no distinct stage-safe devotional player outcome.
COREQ-0410,core,V02,V02-01,standard,Skyrim.esm:0367E7,DialogueSolitudeAddvarHouseScene2,Skyrim.esm,ok,STRUCTURAL-SILENT,not-needed,SILENT,not-needed,not-needed,not-needed,not-needed,direct_mcp_review=ok; no distinct stage-safe devotional player outcome.
COREQ-0411,core,V02,V02-01,standard,Skyrim.esm:0367E9,DialogueSolitudeSanHouseScene2,Skyrim.esm,ok,STRUCTURAL-SILENT,not-needed,SILENT,not-needed,not-needed,not-needed,not-needed,direct_mcp_review=ok; no distinct stage-safe devotional player outcome.
COREQ-0412,core,V02,V02-01,standard,Skyrim.esm:0367EB,DialogueSolitudeTempleScene1,Skyrim.esm,ok,STRUCTURAL-SILENT,not-needed,SILENT,not-needed,not-needed,not-needed,not-needed,direct_mcp_review=ok; no distinct stage-safe devotional player outcome.
COREQ-0413,core,V02,V02-01,standard,Skyrim.esm:0367ED,DialogueSolitudeTempleScene2,Skyrim.esm,ok,STRUCTURAL-SILENT,not-needed,SILENT,not-needed,not-needed,not-needed,not-needed,direct_mcp_review=ok; no distinct stage-safe devotional player outcome.
COREQ-0414,core,V02,V02-01,standard,Skyrim.esm:0367EE,DialogueSolitudeTempleScene3,Skyrim.esm,ok,STRUCTURAL-SILENT,not-needed,SILENT,not-needed,not-needed,not-needed,not-needed,direct_mcp_review=ok; no distinct stage-safe devotional player outcome.
COREQ-0415,core,V02,V02-01,standard,Skyrim.esm:0367F1,DialogueSolitudeBardScene1,Skyrim.esm,ok,STRUCTURAL-SILENT,not-needed,SILENT,not-needed,not-needed,not-needed,not-needed,direct_mcp_review=ok; no distinct stage-safe devotional player outcome.
COREQ-0416,core,V02,V02-01,standard,Skyrim.esm:0367F2,DialogueSolitudeBardScene2,Skyrim.esm,ok,STRUCTURAL-SILENT,not-needed,SILENT,not-needed,not-needed,not-needed,not-needed,direct_mcp_review=ok; no distinct stage-safe devotional player outcome.
COREQ-0417,core,V02,V02-01,standard,Skyrim.esm:0367F3,DialogueSolitudeBardScene3,Skyrim.esm,ok,STRUCTURAL-SILENT,not-needed,SILENT,not-needed,not-needed,not-needed,not-needed,direct_mcp_review=ok; no distinct stage-safe devotional player outcome.
COREQ-0418,core,V02,V02-01,standard,Skyrim.esm:0367F7,DialogueSolitudePalaceScene1,Skyrim.esm,ok,STRUCTURAL-SILENT,not-needed,SILENT,not-needed,not-needed,not-needed,not-needed,direct_mcp_review=ok; no distinct stage-safe devotional player outcome.
COREQ-0419,core,V02,V02-01,standard,Skyrim.esm:0367F8,DialogueSolitudePalaceScene2,Skyrim.esm,ok,STRUCTURAL-SILENT,not-needed,SILENT,not-needed,not-needed,not-needed,not-needed,direct_mcp_review=ok; no distinct stage-safe devotional player outcome.
COREQ-0420,core,V02,V02-01,standard,Skyrim.esm:0367F9,DialogueSolitudePalaceScene3,Skyrim.esm,ok,STRUCTURAL-SILENT,not-needed,SILENT,not-needed,not-needed,not-needed,not-needed,direct_mcp_review=ok; no distinct stage-safe devotional player outcome.
COREQ-0421,core,V02,V02-01,standard,Skyrim.esm:0367FA,DialogueSolitudePalaceScene4,Skyrim.esm,ok,STRUCTURAL-SILENT,not-needed,SILENT,not-needed,not-needed,not-needed,not-needed,direct_mcp_review=ok; no distinct stage-safe devotional player outcome.
COREQ-0422,core,V02,V02-01,standard,Skyrim.esm:0368D8,DialogueRiften,Skyrim.esm,ok,STRUCTURAL-SILENT,not-needed,SILENT,not-needed,not-needed,not-needed,not-needed,direct_mcp_review=ok; no distinct stage-safe devotional player outcome.
COREQ-0423,core,V02,V02-01,standard,Skyrim.esm:037114,commentary,Skyrim.esm,ok,STRUCTURAL-SILENT,not-needed,SILENT,not-needed,not-needed,not-needed,not-needed,direct_mcp_review=ok; no distinct stage-safe devotional player outcome.
COREQ-0424,core,V02,V02-01,standard,Skyrim.esm:03763C,dunRagnvaldQST,Skyrim.esm,ok,AMBIGUOUS,ok,UNREVIEWED,inert,-,-,-,direct_mcp_review=ok; objective proves sarcophagus unlocking but direct QUST text does not establish a safe devotional completion route; defer for later route review.
COREQ-0425,core,V02,V02-01,standard,Skyrim.esm:0376EE,dunMossMotherQST,Skyrim.esm,ok,AMBIGUOUS,ok,UNREVIEWED,inert,-,-,-,direct_mcp_review=ok; rescue/heal and cavern-clearing objectives exist but the untexted terminals do not yet establish a safe stage mapping; defer for later route review.
COREQ-0426,core,V02,V02-01,standard,Skyrim.esm:0376F3,DialogueWinterholdKorirsHouseScene01,Skyrim.esm,ok,STRUCTURAL-SILENT,not-needed,SILENT,not-needed,not-needed,not-needed,not-needed,direct_mcp_review=ok; no distinct stage-safe devotional player outcome.
COREQ-0427,core,V02,V02-01,standard,Skyrim.esm:0379E1,DialogueWinterholdKorirsHouseScene02,Skyrim.esm,ok,STRUCTURAL-SILENT,not-needed,SILENT,not-needed,not-needed,not-needed,not-needed,direct_mcp_review=ok; no distinct stage-safe devotional player outcome.
COREQ-0428,core,V02,V02-01,standard,Skyrim.esm:0379E3,DialogueWinterholdKorirsHouseScene03,Skyrim.esm,ok,STRUCTURAL-SILENT,not-needed,SILENT,not-needed,not-needed,not-needed,not-needed,direct_mcp_review=ok; no distinct stage-safe devotional player outcome.
COREQ-0429,core,V02,V02-01,standard,Skyrim.esm:037A2D,DBTortureTreasureMiscObjective1,Skyrim.esm,ok,AMBIGUOUS,ok,UNREVIEWED,inert,-,-,-,direct_mcp_review=ok; s200 completes taking treasure revealed through torture but the parent act and devotional ownership require later route review.
COREQ-0430,core,V02,V02-01,standard,Skyrim.esm:037A51,DBTortureTreasureMiscObjective2,Skyrim.esm,ok,AMBIGUOUS,ok,UNREVIEWED,inert,-,-,-,direct_mcp_review=ok; s200 completes taking treasure revealed through torture but the parent act and devotional ownership require later route review.
COREQ-0431,core,V02,V02-01,standard,Skyrim.esm:037A53,DBTortureTreasureMiscObjective3,Skyrim.esm,ok,AMBIGUOUS,ok,UNREVIEWED,inert,-,-,-,direct_mcp_review=ok; s200 completes taking treasure revealed through torture but the parent act and devotional ownership require later route review.
COREQ-0432,core,V02,V02-02,standard,Skyrim.esm:037AE3,DBTortureTreasureMiscObjective4,Skyrim.esm,ok,STRUCTURAL-SILENT,not-needed,SILENT,not-needed,not-needed,not-needed,not-needed,direct_mcp_review=ok; no distinct player-authored devotional outcome at a safe stage.
COREQ-0433,core,V02,V02-02,standard,Skyrim.esm:037B71,CWFortDialogue,Skyrim.esm,ok,STRUCTURAL-SILENT,not-needed,SILENT,not-needed,not-needed,not-needed,not-needed,direct_mcp_review=ok; no distinct player-authored devotional outcome at a safe stage.
COREQ-0434,core,V02,V02-02,standard,Skyrim.esm:037CC2,DialogueWhiterunArgueScene,Skyrim.esm,ok,STRUCTURAL-SILENT,not-needed,SILENT,not-needed,not-needed,not-needed,not-needed,direct_mcp_review=ok; no distinct player-authored devotional outcome at a safe stage.
COREQ-0435,core,V02,V02-02,standard,Skyrim.esm:037DCD,DialogueSaarthalExteriorConvoScene1,Skyrim.esm,ok,STRUCTURAL-SILENT,not-needed,SILENT,not-needed,not-needed,not-needed,not-needed,direct_mcp_review=ok; no distinct player-authored devotional outcome at a safe stage.
COREQ-0436,core,V02,V02-02,standard,Skyrim.esm:037DD3,DialogueWinterholdCollegeArcanaeumScene03,Skyrim.esm,ok,STRUCTURAL-SILENT,not-needed,SILENT,not-needed,not-needed,not-needed,not-needed,direct_mcp_review=ok; no distinct player-authored devotional outcome at a safe stage.
COREQ-0437,core,V02,V02-02,standard,Skyrim.esm:037DD4,DialogueWinterholdCollegeArcanaeumScene02,Skyrim.esm,ok,STRUCTURAL-SILENT,not-needed,SILENT,not-needed,not-needed,not-needed,not-needed,direct_mcp_review=ok; no distinct player-authored devotional outcome at a safe stage.
COREQ-0438,core,V02,V02-02,standard,Skyrim.esm:037DD7,DialogueWinterholdCollegeArcanaeumScene04,Skyrim.esm,ok,STRUCTURAL-SILENT,not-needed,SILENT,not-needed,not-needed,not-needed,not-needed,direct_mcp_review=ok; no distinct player-authored devotional outcome at a safe stage.
COREQ-0439,core,V02,V02-02,standard,Skyrim.esm:037E07,DialogueSnowShodFarmScene01,Skyrim.esm,ok,STRUCTURAL-SILENT,not-needed,SILENT,not-needed,not-needed,not-needed,not-needed,direct_mcp_review=ok; no distinct player-authored devotional outcome at a safe stage.
COREQ-0440,core,V02,V02-02,standard,Skyrim.esm:037E09,DialogueSnowShodFarmScene02,Skyrim.esm,ok,STRUCTURAL-SILENT,not-needed,SILENT,not-needed,not-needed,not-needed,not-needed,direct_mcp_review=ok; no distinct player-authored devotional outcome at a safe stage.
COREQ-0441,core,V02,V02-02,standard,Skyrim.esm:037E7E,DialogueWinterholdCollegeArcanaeumScene05,Skyrim.esm,ok,STRUCTURAL-SILENT,not-needed,SILENT,not-needed,not-needed,not-needed,not-needed,direct_mcp_review=ok; no distinct player-authored devotional outcome at a safe stage.
COREQ-0442,core,V02,V02-02,standard,Skyrim.esm:037E80,DialogueWinterholdCollegeArcanaeumScene06,Skyrim.esm,ok,STRUCTURAL-SILENT,not-needed,SILENT,not-needed,not-needed,not-needed,not-needed,direct_mcp_review=ok; no distinct player-authored devotional outcome at a safe stage.
COREQ-0443,core,V02,V02-02,standard,Skyrim.esm:037E82,DialogueWinterholdCollegeGHallScene01,Skyrim.esm,ok,STRUCTURAL-SILENT,not-needed,SILENT,not-needed,not-needed,not-needed,not-needed,direct_mcp_review=ok; no distinct player-authored devotional outcome at a safe stage.
COREQ-0444,core,V02,V02-02,standard,Skyrim.esm:037E84,DialogueWinterholdCollegeGHallScene02,Skyrim.esm,ok,STRUCTURAL-SILENT,not-needed,SILENT,not-needed,not-needed,not-needed,not-needed,direct_mcp_review=ok; no distinct player-authored devotional outcome at a safe stage.
COREQ-0445,core,V02,V02-02,standard,Skyrim.esm:037E86,DialogueWinterholdCollegeGHallScene03,Skyrim.esm,ok,STRUCTURAL-SILENT,not-needed,SILENT,not-needed,not-needed,not-needed,not-needed,direct_mcp_review=ok; no distinct player-authored devotional outcome at a safe stage.
COREQ-0446,core,V02,V02-02,standard,Skyrim.esm:037ED8,DialogueWinterholdCollegeGHallScene04,Skyrim.esm,ok,STRUCTURAL-SILENT,not-needed,SILENT,not-needed,not-needed,not-needed,not-needed,direct_mcp_review=ok; no distinct player-authored devotional outcome at a safe stage.
COREQ-0447,core,V02,V02-02,standard,Skyrim.esm:037EDA,DialogueWinterholdCollegeDormitoryScene01,Skyrim.esm,ok,STRUCTURAL-SILENT,not-needed,SILENT,not-needed,not-needed,not-needed,not-needed,direct_mcp_review=ok; no distinct player-authored devotional outcome at a safe stage.
COREQ-0448,core,V02,V02-02,standard,Skyrim.esm:037EDC,DialogueWinterholdCollegeDormitoryScene02,Skyrim.esm,ok,STRUCTURAL-SILENT,not-needed,SILENT,not-needed,not-needed,not-needed,not-needed,direct_mcp_review=ok; no distinct player-authored devotional outcome at a safe stage.
COREQ-0449,core,V02,V02-02,standard,Skyrim.esm:037F13,WIAssaultRemember,Skyrim.esm,ok,STRUCTURAL-SILENT,not-needed,SILENT,not-needed,not-needed,not-needed,not-needed,direct_mcp_review=ok; no distinct player-authored devotional outcome at a safe stage.
COREQ-0450,core,V02,V02-02,standard,Skyrim.esm:037FBD,WIAssaultRememberDialogue,Skyrim.esm,ok,STRUCTURAL-SILENT,not-needed,SILENT,not-needed,not-needed,not-needed,not-needed,direct_mcp_review=ok; no distinct player-authored devotional outcome at a safe stage.
COREQ-0451,core,V02,V02-02,standard,Skyrim.esm:03828B,DialogueWindhelmBlacksmithScene1,Skyrim.esm,ok,STRUCTURAL-SILENT,not-needed,SILENT,not-needed,not-needed,not-needed,not-needed,direct_mcp_review=ok; no distinct player-authored devotional outcome at a safe stage.
COREQ-0452,core,V02,V02-02,standard,Skyrim.esm:03829B,DialogueWindhelmBlacksmithScene2,Skyrim.esm,ok,STRUCTURAL-SILENT,not-needed,SILENT,not-needed,not-needed,not-needed,not-needed,direct_mcp_review=ok; no distinct player-authored devotional outcome at a safe stage.
COREQ-0453,core,V02,V02-02,standard,Skyrim.esm:03829F,DialogueDawnstar,Skyrim.esm,ok,STRUCTURAL-SILENT,not-needed,SILENT,not-needed,not-needed,not-needed,not-needed,direct_mcp_review=ok; no distinct player-authored devotional outcome at a safe stage.
COREQ-0454,core,V02,V02-02,standard,Skyrim.esm:03833C,WIDeadBody01,Skyrim.esm,ok,STRUCTURAL-SILENT,not-needed,SILENT,not-needed,not-needed,not-needed,not-needed,direct_mcp_review=ok; no distinct player-authored devotional outcome at a safe stage.
COREQ-0455,core,V02,V02-02,standard,Skyrim.esm:038386,MS13LucanCamillaScene,Skyrim.esm,ok,STRUCTURAL-SILENT,not-needed,SILENT,not-needed,not-needed,not-needed,not-needed,direct_mcp_review=ok; no distinct player-authored devotional outcome at a safe stage.
COREQ-0456,core,V02,V02-02,standard,Skyrim.esm:038584,DialogueWindhelmBlacksmithScene3,Skyrim.esm,ok,STRUCTURAL-SILENT,not-needed,SILENT,not-needed,not-needed,not-needed,not-needed,direct_mcp_review=ok; no distinct player-authored devotional outcome at a safe stage.
COREQ-0457,core,V02,V02-02,standard,Skyrim.esm:038586,DialogueWindhelmViolaLonelyGaleScene1,Skyrim.esm,ok,STRUCTURAL-SILENT,not-needed,SILENT,not-needed,not-needed,not-needed,not-needed,direct_mcp_review=ok; no distinct player-authored devotional outcome at a safe stage.
COREQ-0458,core,V02,V02-02,standard,Skyrim.esm:038588,DialogueWindhelmViolaLonelyGaleScene2,Skyrim.esm,ok,STRUCTURAL-SILENT,not-needed,SILENT,not-needed,not-needed,not-needed,not-needed,direct_mcp_review=ok; no distinct player-authored devotional outcome at a safe stage.
COREQ-0459,core,V02,V02-02,standard,Skyrim.esm:03858A,DialogueWindhelmViolaLonelyGaleScene3,Skyrim.esm,ok,STRUCTURAL-SILENT,not-needed,SILENT,not-needed,not-needed,not-needed,not-needed,direct_mcp_review=ok; no distinct player-authored devotional outcome at a safe stage.
COREQ-0460,core,V02,V02-02,standard,Skyrim.esm:03858C,DialogueWindhelmViolaLonelyGaleScene4,Skyrim.esm,ok,STRUCTURAL-SILENT,not-needed,SILENT,not-needed,not-needed,not-needed,not-needed,direct_mcp_review=ok; no distinct player-authored devotional outcome at a safe stage.
COREQ-0461,core,V02,V02-02,standard,Skyrim.esm:03867C,DialogueRorikstead,Skyrim.esm,ok,STRUCTURAL-SILENT,not-needed,SILENT,not-needed,not-needed,not-needed,not-needed,direct_mcp_review=ok; no distinct player-authored devotional outcome at a safe stage.
COREQ-0462,core,V02,V02-02,standard,Skyrim.esm:03874B,DialogueBarleydarkFarm,Skyrim.esm,ok,STRUCTURAL-SILENT,not-needed,SILENT,not-needed,not-needed,not-needed,not-needed,direct_mcp_review=ok; no distinct player-authored devotional outcome at a safe stage.
COREQ-0463,core,V02,V02-02,standard,Skyrim.esm:03907C,DialogueOrcs,Skyrim.esm,ok,STRUCTURAL-SILENT,not-needed,SILENT,not-needed,not-needed,not-needed,not-needed,direct_mcp_review=ok; no distinct player-authored devotional outcome at a safe stage.
COREQ-0464,core,V02,V02-02,standard,Skyrim.esm:039259,CreatureDialogueDragon,Skyrim.esm,ok,STRUCTURAL-SILENT,not-needed,SILENT,not-needed,not-needed,not-needed,not-needed,direct_mcp_review=ok; no distinct player-authored devotional outcome at a safe stage.
COREQ-0465,core,V02,V02-02,standard,Skyrim.esm:039645,MS13,Skyrim.esm,ok,APPROVED,ok,APPROVED,ok,ok,ok,ok,direct_mcp_review=ok; owner-approved tagged row; cross-generation and promotion pending. direct_post_promotion_readback=ok; route_evidence=ok; runtime_marker_check=ok; compile=ok.
COREQ-0466,core,V02,V02-02,standard,Skyrim.esm:039792,WIAssault02,Skyrim.esm,ok,APPROVED,ok,APPROVED,ok,ok,ok,ok,direct_mcp_review=ok; s100 exact nonlethal coercive-assault success resolved from INFO TIF and official alias QF fragments; owner-approved coercion_extortion; cross-generation and promotion pending root closeout. direct_post_promotion_readback=ok; route_evidence=ok; runtime_marker_check=ok; compile=ok.
COREQ-0467,core,V02,V02-02,standard,Skyrim.esm:039B3B,dunBlindCliffQST,Skyrim.esm,ok,APPROVED,ok,APPROVED,ok,ok,ok,ok,direct_mcp_review=ok; QF decompile proves s100 completes kill-Petra; s200 is the separate Melka-death terminal. direct_post_promotion_readback=ok; route_evidence=ok; runtime_marker_check=ok; compile=ok.
COREQ-0468,core,V02,V02-02,standard,Skyrim.esm:039BB5,DunHarmugstahlQST,Skyrim.esm,ok,SEMANTIC-SILENT,not-needed,SILENT,not-needed,not-needed,not-needed,not-needed,direct_mcp_review=ok; no distinct player-authored devotional outcome at a safe stage.
COREQ-0469,core,V02,V02-02,standard,Skyrim.esm:039CDD,DialogueWindhelmAlchemyShopScene1,Skyrim.esm,ok,STRUCTURAL-SILENT,not-needed,SILENT,not-needed,not-needed,not-needed,not-needed,direct_mcp_review=ok; no distinct player-authored devotional outcome at a safe stage.
COREQ-0470,core,V02,V02-02,standard,Skyrim.esm:039CDF,DialogueWindhelmAlchemyShopScene2,Skyrim.esm,ok,STRUCTURAL-SILENT,not-needed,SILENT,not-needed,not-needed,not-needed,not-needed,direct_mcp_review=ok; no distinct player-authored devotional outcome at a safe stage.
COREQ-0471,core,V02,V02-02,standard,Skyrim.esm:039CE1,DialogueWindhelmAlchemyShopScene3,Skyrim.esm,ok,STRUCTURAL-SILENT,not-needed,SILENT,not-needed,not-needed,not-needed,not-needed,direct_mcp_review=ok; no distinct player-authored devotional outcome at a safe stage.
COREQ-0472,core,V02,V02-02,standard,Skyrim.esm:039CE3,DialogueWindhelmBrunwulfEldaScene1,Skyrim.esm,ok,STRUCTURAL-SILENT,not-needed,SILENT,not-needed,not-needed,not-needed,not-needed,direct_mcp_review=ok; no distinct player-authored devotional outcome at a safe stage.
COREQ-0473,core,V02,V02-02,standard,Skyrim.esm:039CE5,DialogueWindhelmBrunwulfEldaScene2,Skyrim.esm,ok,STRUCTURAL-SILENT,not-needed,SILENT,not-needed,not-needed,not-needed,not-needed,direct_mcp_review=ok; no distinct player-authored devotional outcome at a safe stage.
COREQ-0474,core,V02,V02-02,standard,Skyrim.esm:039CE7,DialogueWindhelmBrunwulfEldaScene3,Skyrim.esm,ok,STRUCTURAL-SILENT,not-needed,SILENT,not-needed,not-needed,not-needed,not-needed,direct_mcp_review=ok; no distinct player-authored devotional outcome at a safe stage.
COREQ-0475,core,V02,V02-02,standard,Skyrim.esm:039DF7,DialogueRoriksteadSisselJouaneScene1,Skyrim.esm,ok,STRUCTURAL-SILENT,not-needed,SILENT,not-needed,not-needed,not-needed,not-needed,direct_mcp_review=ok; no distinct player-authored devotional outcome at a safe stage.
COREQ-0476,core,V02,V02-02,standard,Skyrim.esm:039F82,WICourier,Skyrim.esm,ok,STRUCTURAL-SILENT,not-needed,SILENT,not-needed,not-needed,not-needed,not-needed,direct_mcp_review=ok; no distinct player-authored devotional outcome at a safe stage.
COREQ-0477,core,V02,V02-02,standard,Skyrim.esm:03A156,DialogueRoriksteadEnnisReldithScene1,Skyrim.esm,ok,STRUCTURAL-SILENT,not-needed,SILENT,not-needed,not-needed,not-needed,not-needed,direct_mcp_review=ok; no distinct player-authored devotional outcome at a safe stage.
COREQ-0478,core,V02,V02-02,standard,Skyrim.esm:03A15A,DialogueWhiterunHeimskrPreachScene,Skyrim.esm,ok,STRUCTURAL-SILENT,not-needed,SILENT,not-needed,not-needed,not-needed,not-needed,direct_mcp_review=ok; no distinct player-authored devotional outcome at a safe stage.
COREQ-0479,core,V02,V02-02,standard,Skyrim.esm:03A17C,MS13BleakFallsBarrowCampfireScene,Skyrim.esm,ok,STRUCTURAL-SILENT,not-needed,SILENT,not-needed,not-needed,not-needed,not-needed,direct_mcp_review=ok; no distinct player-authored devotional outcome at a safe stage.
COREQ-0480,core,V02,V02-02,standard,Skyrim.esm:03A74A,dunSouthfringeQST,Skyrim.esm,ok,APPROVED,ok,APPROVED,ok,ok,ok,ok,direct_mcp_review=ok; owner-approved tagged row; cross-generation and promotion pending. direct_post_promotion_readback=ok; route_evidence=ok; runtime_marker_check=ok; compile=ok.
COREQ-0481,core,V02,V02-02,standard,Skyrim.esm:03A99F,DialogueNarzulbur,Skyrim.esm,ok,STRUCTURAL-SILENT,not-needed,SILENT,not-needed,not-needed,not-needed,not-needed,direct_mcp_review=ok; no distinct player-authored devotional outcome at a safe stage.
COREQ-0482,core,V02,V02-02,standard,Skyrim.esm:03A9A0,DialogueEastmarch,Skyrim.esm,ok,STRUCTURAL-SILENT,not-needed,SILENT,not-needed,not-needed,not-needed,not-needed,direct_mcp_review=ok; no distinct player-authored devotional outcome at a safe stage.
COREQ-0483,core,V02,V02-02,standard,Skyrim.esm:03A9A8,DialogueWindhelmPalaceScene1,Skyrim.esm,ok,STRUCTURAL-SILENT,not-needed,SILENT,not-needed,not-needed,not-needed,not-needed,direct_mcp_review=ok; no distinct player-authored devotional outcome at a safe stage.
COREQ-0484,core,V02,V02-02,standard,Skyrim.esm:03A9AA,DialogueWindhelmPalaceScene2,Skyrim.esm,ok,STRUCTURAL-SILENT,not-needed,SILENT,not-needed,not-needed,not-needed,not-needed,direct_mcp_review=ok; no distinct player-authored devotional outcome at a safe stage.
COREQ-0485,core,V02,V02-02,standard,Skyrim.esm:03A9AC,DialogueWindhelmPalaceScene3,Skyrim.esm,ok,STRUCTURAL-SILENT,not-needed,SILENT,not-needed,not-needed,not-needed,not-needed,direct_mcp_review=ok; no distinct player-authored devotional outcome at a safe stage.
COREQ-0486,core,V02,V02-02,standard,Skyrim.esm:03A9AE,DialogueWindhelmPalaceScene4,Skyrim.esm,ok,STRUCTURAL-SILENT,not-needed,SILENT,not-needed,not-needed,not-needed,not-needed,direct_mcp_review=ok; no distinct player-authored devotional outcome at a safe stage.
COREQ-0487,core,V02,V02-02,standard,Skyrim.esm:03A9B0,DialogueWindhelmPalaceScene5,Skyrim.esm,ok,STRUCTURAL-SILENT,not-needed,SILENT,not-needed,not-needed,not-needed,not-needed,direct_mcp_review=ok; no distinct player-authored devotional outcome at a safe stage.
COREQ-0488,core,V02,V02-02,standard,Skyrim.esm:03A9B2,DialogueWindhelmPalaceScene6,Skyrim.esm,ok,STRUCTURAL-SILENT,not-needed,SILENT,not-needed,not-needed,not-needed,not-needed,direct_mcp_review=ok; no distinct player-authored devotional outcome at a safe stage.
COREQ-0489,core,V02,V02-02,standard,Skyrim.esm:03A9B4,DialogueWindhelmPalaceScene7,Skyrim.esm,ok,STRUCTURAL-SILENT,not-needed,SILENT,not-needed,not-needed,not-needed,not-needed,direct_mcp_review=ok; no distinct player-authored devotional outcome at a safe stage.
COREQ-0490,core,V02,V02-02,standard,Skyrim.esm:03A9B6,DialogueWindhelmPalaceScene8,Skyrim.esm,ok,STRUCTURAL-SILENT,not-needed,SILENT,not-needed,not-needed,not-needed,not-needed,direct_mcp_review=ok; no distinct player-authored devotional outcome at a safe stage.
COREQ-0491,core,V02,V02-02,standard,Skyrim.esm:03A9C2,DialogueWindhelmCandlehearthScene1,Skyrim.esm,ok,STRUCTURAL-SILENT,not-needed,SILENT,not-needed,not-needed,not-needed,not-needed,direct_mcp_review=ok; no distinct player-authored devotional outcome at a safe stage.
COREQ-0492,core,V02,V02-02,standard,Skyrim.esm:03A9C4,DialogueWindhelmCandlehearthScene2,Skyrim.esm,ok,STRUCTURAL-SILENT,not-needed,SILENT,not-needed,not-needed,not-needed,not-needed,direct_mcp_review=ok; no distinct player-authored devotional outcome at a safe stage.
COREQ-0493,core,V02,V02-02,standard,Skyrim.esm:03A9C6,DialogueWindhelmCandlehearthScene3,Skyrim.esm,ok,STRUCTURAL-SILENT,not-needed,SILENT,not-needed,not-needed,not-needed,not-needed,direct_mcp_review=ok; no distinct player-authored devotional outcome at a safe stage.
COREQ-0494,core,V02,V02-02,standard,Skyrim.esm:03A9C8,DialogueWindhelmCandlehearthScene4,Skyrim.esm,ok,STRUCTURAL-SILENT,not-needed,SILENT,not-needed,not-needed,not-needed,not-needed,direct_mcp_review=ok; no distinct player-authored devotional outcome at a safe stage.
COREQ-0495,core,V02,V02-02,standard,Skyrim.esm:03A9CC,DialogueWindhelmCornerclubScene1,Skyrim.esm,ok,STRUCTURAL-SILENT,not-needed,SILENT,not-needed,not-needed,not-needed,not-needed,direct_mcp_review=ok; no distinct player-authored devotional outcome at a safe stage.
COREQ-0496,core,V02,V02-02,standard,Skyrim.esm:03A9CE,DialogueWindhelmCornerclubScene2,Skyrim.esm,ok,STRUCTURAL-SILENT,not-needed,SILENT,not-needed,not-needed,not-needed,not-needed,direct_mcp_review=ok; no distinct player-authored devotional outcome at a safe stage.
COREQ-0497,core,V02,V02-02,standard,Skyrim.esm:03A9D0,DialogueWindhelmCornerclubScene3,Skyrim.esm,ok,STRUCTURAL-SILENT,not-needed,SILENT,not-needed,not-needed,not-needed,not-needed,direct_mcp_review=ok; no distinct player-authored devotional outcome at a safe stage.
COREQ-0498,core,V02,V02-02,standard,Skyrim.esm:03A9D2,DialogueWindhelmCornerclubScene4,Skyrim.esm,ok,STRUCTURAL-SILENT,not-needed,SILENT,not-needed,not-needed,not-needed,not-needed,direct_mcp_review=ok; no distinct player-authored devotional outcome at a safe stage.
COREQ-0499,core,V02,V02-02,standard,Skyrim.esm:03A9D4,DialogueWindhelmCornerclubScene5,Skyrim.esm,ok,STRUCTURAL-SILENT,not-needed,SILENT,not-needed,not-needed,not-needed,not-needed,direct_mcp_review=ok; no distinct player-authored devotional outcome at a safe stage.
COREQ-0500,core,V02,V02-02,standard,Skyrim.esm:03AA66,dunPOIReachShrineTheftQST,Skyrim.esm,ok,SEMANTIC-SILENT,not-needed,SILENT,not-needed,not-needed,not-needed,not-needed,direct_mcp_review=ok; no distinct player-authored devotional outcome at a safe stage.
COREQ-0501,core,V02,V02-02,standard,Skyrim.esm:03AC44,MS13BleakFallsBarrowLeverScene,Skyrim.esm,ok,STRUCTURAL-SILENT,not-needed,SILENT,not-needed,not-needed,not-needed,not-needed,direct_mcp_review=ok; no distinct player-authored devotional outcome at a safe stage.
COREQ-0502,core,V02,V02-02,standard,Skyrim.esm:03ACDB,Caravans,Skyrim.esm,ok,STRUCTURAL-SILENT,not-needed,SILENT,not-needed,not-needed,not-needed,not-needed,direct_mcp_review=ok; no distinct player-authored devotional outcome at a safe stage.
COREQ-0503,core,V02,V02-02,standard,Skyrim.esm:03AD4A,dunHalldirsCairnQST,Skyrim.esm,ok,SEMANTIC-SILENT,not-needed,SILENT,not-needed,not-needed,not-needed,not-needed,direct_mcp_review=ok; no distinct player-authored devotional outcome at a safe stage.
COREQ-0504,core,V02,V02-02,standard,Skyrim.esm:03B0FB,dunAlftandQST,Skyrim.esm,ok,SEMANTIC-SILENT,not-needed,SILENT,not-needed,not-needed,not-needed,not-needed,direct_mcp_review=ok; no distinct player-authored devotional outcome at a safe stage.
COREQ-0505,core,V02,V02-02,existing-core-row,Skyrim.esm:03B681,DA06,Skyrim.esm,ok,APPROVED,not-needed,APPROVED,not-needed,not-needed,ok,ok,direct_mcp_review=ok; existing authored row ownership reconfirmed by direct QUST readback.
COREQ-0506,core,V02,V02-02,standard,Skyrim.esm:03BC74,MS13BleakFallsBarrowArvelShouting,Skyrim.esm,ok,STRUCTURAL-SILENT,not-needed,SILENT,not-needed,not-needed,not-needed,not-needed,direct_mcp_review=ok; no distinct player-authored devotional outcome at a safe stage.
COREQ-0507,core,V02,V02-02,standard,Skyrim.esm:03BCC4,CWMission03,Skyrim.esm,ok,APPROVED,ok,APPROVED,ok,ok,ok,ok,direct_mcp_review=ok; owner-approved tagged row; cross-generation and promotion pending. direct_post_promotion_readback=ok; route_evidence=ok; runtime_marker_check=ok; compile=ok.
COREQ-0508,core,V02,V02-02,standard,Skyrim.esm:03C7A0,WICraftItem01,Skyrim.esm,ok,STRUCTURAL-SILENT,not-needed,SILENT,not-needed,not-needed,not-needed,not-needed,direct_mcp_review=ok; no distinct player-authored devotional outcome at a safe stage.
COREQ-0509,core,V02,V02-02,standard,Skyrim.esm:03CD36,dunTolvaldsCaveQST,Skyrim.esm,ok,SEMANTIC-SILENT,not-needed,SILENT,not-needed,not-needed,not-needed,not-needed,direct_mcp_review=ok; no distinct player-authored devotional outcome at a safe stage.
COREQ-0510,core,V02,V02-02,standard,Skyrim.esm:03CDC0,DialogueDawnstarBrinaHorikScene01,Skyrim.esm,ok,STRUCTURAL-SILENT,not-needed,SILENT,not-needed,not-needed,not-needed,not-needed,direct_mcp_review=ok; no distinct player-authored devotional outcome at a safe stage.
COREQ-0511,core,V02,V02-02,standard,Skyrim.esm:03CDC2,DialogueDawnstarBrinaHorikScene02,Skyrim.esm,ok,STRUCTURAL-SILENT,not-needed,SILENT,not-needed,not-needed,not-needed,not-needed,direct_mcp_review=ok; no distinct player-authored devotional outcome at a safe stage.
COREQ-0512,core,V02,V02-02,standard,Skyrim.esm:03CDC8,DialogueDawnstarRustleifSeren01,Skyrim.esm,ok,STRUCTURAL-SILENT,not-needed,SILENT,not-needed,not-needed,not-needed,not-needed,direct_mcp_review=ok; no distinct player-authored devotional outcome at a safe stage.
COREQ-0513,core,V02,V02-02,standard,Skyrim.esm:03CDCA,DialogueDawnstarRustleifSeren02,Skyrim.esm,ok,STRUCTURAL-SILENT,not-needed,SILENT,not-needed,not-needed,not-needed,not-needed,direct_mcp_review=ok; no distinct player-authored devotional outcome at a safe stage.
COREQ-0514,core,V02,V02-02,standard,Skyrim.esm:03CDCE,DialogueDawnstarIronBreakerKarlBeitild02,Skyrim.esm,ok,STRUCTURAL-SILENT,not-needed,SILENT,not-needed,not-needed,not-needed,not-needed,direct_mcp_review=ok; no distinct player-authored devotional outcome at a safe stage.
COREQ-0515,core,V02,V02-02,standard,Skyrim.esm:03CDD0,DialogueDawnstarIronBreakerKarlBeitild01,Skyrim.esm,ok,STRUCTURAL-SILENT,not-needed,SILENT,not-needed,not-needed,not-needed,not-needed,direct_mcp_review=ok; no distinct player-authored devotional outcome at a safe stage.
COREQ-0516,core,V02,V02-02,standard,Skyrim.esm:03CDD6,DialogueDawnstarQuicksilverLeigelfLond02,Skyrim.esm,ok,STRUCTURAL-SILENT,not-needed,SILENT,not-needed,not-needed,not-needed,not-needed,direct_mcp_review=ok; no distinct player-authored devotional outcome at a safe stage.
COREQ-0517,core,V02,V02-02,standard,Skyrim.esm:03CDD8,DialogueDawnstarQuicksilverLeigelfLond01,Skyrim.esm,ok,STRUCTURAL-SILENT,not-needed,SILENT,not-needed,not-needed,not-needed,not-needed,direct_mcp_review=ok; no distinct player-authored devotional outcome at a safe stage.
COREQ-0518,core,V02,V02-02,standard,Skyrim.esm:03CDDA,DialogueDawnstarWhiteHallSkaldJod01,Skyrim.esm,ok,STRUCTURAL-SILENT,not-needed,SILENT,not-needed,not-needed,not-needed,not-needed,direct_mcp_review=ok; no distinct player-authored devotional outcome at a safe stage.
COREQ-0519,core,V02,V02-02,existing-core-row,Skyrim.esm:03CEDA,DB10,Skyrim.esm,ok,APPROVED,not-needed,APPROVED,not-needed,not-needed,ok,ok,direct_mcp_review=ok; existing authored row ownership reconfirmed by direct QUST readback.
COREQ-0520,core,V02,V02-02,standard,Skyrim.esm:03D202,DialogueDawnstarWhiteHallSkaldJod02,Skyrim.esm,ok,STRUCTURAL-SILENT,not-needed,SILENT,not-needed,not-needed,not-needed,not-needed,direct_mcp_review=ok; no distinct player-authored devotional outcome at a safe stage.
COREQ-0521,core,V02,V02-02,standard,Skyrim.esm:03D204,DialogueDawnstarWhiteHallSkaldBulfrek02,Skyrim.esm,ok,STRUCTURAL-SILENT,not-needed,SILENT,not-needed,not-needed,not-needed,not-needed,direct_mcp_review=ok; no distinct player-authored devotional outcome at a safe stage.
COREQ-0522,core,V02,V02-02,standard,Skyrim.esm:03D206,DialogueDawnstarWhiteHallSkaldBulfrek01,Skyrim.esm,ok,STRUCTURAL-SILENT,not-needed,SILENT,not-needed,not-needed,not-needed,not-needed,direct_mcp_review=ok; no distinct player-authored devotional outcome at a safe stage.
COREQ-0523,core,V02,V02-02,standard,Skyrim.esm:03D208,DialogueDawnstarWhiteHallSkaldMadena02,Skyrim.esm,ok,STRUCTURAL-SILENT,not-needed,SILENT,not-needed,not-needed,not-needed,not-needed,direct_mcp_review=ok; no distinct player-authored devotional outcome at a safe stage.
COREQ-0524,core,V02,V02-02,standard,Skyrim.esm:03D20A,DialogueDawnstarWhiteHallSkaldMadena01,Skyrim.esm,ok,STRUCTURAL-SILENT,not-needed,SILENT,not-needed,not-needed,not-needed,not-needed,direct_mcp_review=ok; no distinct player-authored devotional outcome at a safe stage.
COREQ-0525,core,V02,V02-02,standard,Skyrim.esm:03D20C,DialogueDawnstarWhiteHallBrinaHorikScene02,Skyrim.esm,ok,STRUCTURAL-SILENT,not-needed,SILENT,not-needed,not-needed,not-needed,not-needed,direct_mcp_review=ok; no distinct player-authored devotional outcome at a safe stage.
COREQ-0526,core,V02,V02-02,standard,Skyrim.esm:03D20E,DialogueDawnstarWhiteHallBrinaHorikScene01,Skyrim.esm,ok,STRUCTURAL-SILENT,not-needed,SILENT,not-needed,not-needed,not-needed,not-needed,direct_mcp_review=ok; no distinct player-authored devotional outcome at a safe stage.
COREQ-0527,core,V02,V02-02,standard,Skyrim.esm:03D210,DialogueDawnstarWhiteHallMadenaHorik02,Skyrim.esm,ok,STRUCTURAL-SILENT,not-needed,SILENT,not-needed,not-needed,not-needed,not-needed,direct_mcp_review=ok; no distinct player-authored devotional outcome at a safe stage.
COREQ-0528,core,V02,V02-02,standard,Skyrim.esm:03D212,DialogueDawnstarWhiteHallMadenaHorik01,Skyrim.esm,ok,STRUCTURAL-SILENT,not-needed,SILENT,not-needed,not-needed,not-needed,not-needed,direct_mcp_review=ok; no distinct player-authored devotional outcome at a safe stage.
COREQ-0529,core,V02,V02-02,standard,Skyrim.esm:03D214,DialogueDawnstarWhiteHallMadenaBrina02,Skyrim.esm,ok,STRUCTURAL-SILENT,not-needed,SILENT,not-needed,not-needed,not-needed,not-needed,direct_mcp_review=ok; no distinct player-authored devotional outcome at a safe stage.
COREQ-0530,core,V02,V02-02,standard,Skyrim.esm:03D21A,DialogueDawnstarInnKaritaThoringScene02,Skyrim.esm,ok,STRUCTURAL-SILENT,not-needed,SILENT,not-needed,not-needed,not-needed,not-needed,direct_mcp_review=ok; no distinct player-authored devotional outcome at a safe stage.
COREQ-0531,core,V02,V02-02,standard,Skyrim.esm:03D21C,DialogueDawnstarInnKaritaThoringScene01,Skyrim.esm,ok,STRUCTURAL-SILENT,not-needed,SILENT,not-needed,not-needed,not-needed,not-needed,direct_mcp_review=ok; no distinct player-authored devotional outcome at a safe stage.
COREQ-0532,core,V02,V02-02,standard,Skyrim.esm:03D26C,dunRavenscarQST,Skyrim.esm,ok,SEMANTIC-SILENT,not-needed,SILENT,not-needed,not-needed,not-needed,not-needed,direct_mcp_review=ok; no distinct player-authored devotional outcome at a safe stage.
COREQ-0533,core,V02,V02-02,standard,Skyrim.esm:03D721,dunAnsilvundQST,Skyrim.esm,ok,APPROVED,ok,APPROVED,ok,ok,ok,ok,direct_mcp_review=ok; owner-approved tagged row; cross-generation and promotion pending. direct_post_promotion_readback=ok; route_evidence=ok; runtime_marker_check=ok; compile=ok.
COREQ-0534,core,V02,V02-02,standard,Skyrim.esm:03DAC7,TGDialogueHQScene01,Skyrim.esm,ok,STRUCTURAL-SILENT,not-needed,SILENT,not-needed,not-needed,not-needed,not-needed,direct_mcp_review=ok; no distinct player-authored devotional outcome at a safe stage.
COREQ-0535,core,V02,V02-02,standard,Skyrim.esm:03DAC9,TGDialogueHQScene02,Skyrim.esm,ok,STRUCTURAL-SILENT,not-needed,SILENT,not-needed,not-needed,not-needed,not-needed,direct_mcp_review=ok; no distinct player-authored devotional outcome at a safe stage.
COREQ-0536,core,V02,V02-02,standard,Skyrim.esm:03DACB,TGDialogueHQScene03,Skyrim.esm,ok,STRUCTURAL-SILENT,not-needed,SILENT,not-needed,not-needed,not-needed,not-needed,direct_mcp_review=ok; no distinct player-authored devotional outcome at a safe stage.
COREQ-0537,core,V02,V02-02,standard,Skyrim.esm:03DACD,TGDialogueHQScene04,Skyrim.esm,ok,STRUCTURAL-SILENT,not-needed,SILENT,not-needed,not-needed,not-needed,not-needed,direct_mcp_review=ok; no distinct player-authored devotional outcome at a safe stage.
COREQ-0538,core,V02,V02-02,standard,Skyrim.esm:03DACF,TGDialogueHQScene05,Skyrim.esm,ok,STRUCTURAL-SILENT,not-needed,SILENT,not-needed,not-needed,not-needed,not-needed,direct_mcp_review=ok; no distinct player-authored devotional outcome at a safe stage.
COREQ-0539,core,V02,V02-02,standard,Skyrim.esm:03DAD1,TGDialogueHQScene06,Skyrim.esm,ok,STRUCTURAL-SILENT,not-needed,SILENT,not-needed,not-needed,not-needed,not-needed,direct_mcp_review=ok; no distinct player-authored devotional outcome at a safe stage.
COREQ-0540,core,V02,V02-02,standard,Skyrim.esm:03DAD3,TGDialogueHQScene07,Skyrim.esm,ok,STRUCTURAL-SILENT,not-needed,SILENT,not-needed,not-needed,not-needed,not-needed,direct_mcp_review=ok; no distinct player-authored devotional outcome at a safe stage.
COREQ-0541,core,V02,V02-02,standard,Skyrim.esm:03DAD5,TGDialogueHQScene08,Skyrim.esm,ok,STRUCTURAL-SILENT,not-needed,SILENT,not-needed,not-needed,not-needed,not-needed,direct_mcp_review=ok; no distinct player-authored devotional outcome at a safe stage.
COREQ-0542,core,V02,V02-02,standard,Skyrim.esm:03DAD7,TGDialogueHQScene09,Skyrim.esm,ok,STRUCTURAL-SILENT,not-needed,SILENT,not-needed,not-needed,not-needed,not-needed,direct_mcp_review=ok; no distinct player-authored devotional outcome at a safe stage.
COREQ-0543,core,V02,V02-02,standard,Skyrim.esm:03DAD9,TGDialogueHQScene10,Skyrim.esm,ok,STRUCTURAL-SILENT,not-needed,SILENT,not-needed,not-needed,not-needed,not-needed,direct_mcp_review=ok; no distinct player-authored devotional outcome at a safe stage.
COREQ-0544,core,V02,V02-02,standard,Skyrim.esm:03DADB,TGDialogueHQScene11,Skyrim.esm,ok,STRUCTURAL-SILENT,not-needed,SILENT,not-needed,not-needed,not-needed,not-needed,direct_mcp_review=ok; no distinct player-authored devotional outcome at a safe stage.
COREQ-0545,core,V02,V02-02,standard,Skyrim.esm:03DADD,TGDialogueHQScene12,Skyrim.esm,ok,STRUCTURAL-SILENT,not-needed,SILENT,not-needed,not-needed,not-needed,not-needed,direct_mcp_review=ok; no distinct player-authored devotional outcome at a safe stage.
COREQ-0546,core,V02,V02-02,standard,Skyrim.esm:03DADF,TGDialogueHQScene13,Skyrim.esm,ok,STRUCTURAL-SILENT,not-needed,SILENT,not-needed,not-needed,not-needed,not-needed,direct_mcp_review=ok; no distinct player-authored devotional outcome at a safe stage.
COREQ-0547,core,V02,V02-02,standard,Skyrim.esm:03DAE1,TGDialogueHQScene14,Skyrim.esm,ok,STRUCTURAL-SILENT,not-needed,SILENT,not-needed,not-needed,not-needed,not-needed,direct_mcp_review=ok; no distinct player-authored devotional outcome at a safe stage.
COREQ-0548,core,V02,V02-02,standard,Skyrim.esm:03DAE3,TGDialogueHQScene15,Skyrim.esm,ok,STRUCTURAL-SILENT,not-needed,SILENT,not-needed,not-needed,not-needed,not-needed,direct_mcp_review=ok; no distinct player-authored devotional outcome at a safe stage.
COREQ-0549,core,V02,V02-02,standard,Skyrim.esm:03DAE5,TGDialogueHQScene16,Skyrim.esm,ok,STRUCTURAL-SILENT,not-needed,SILENT,not-needed,not-needed,not-needed,not-needed,direct_mcp_review=ok; no distinct player-authored devotional outcome at a safe stage.
COREQ-0550,core,V02,V02-02,standard,Skyrim.esm:03DD29,MS13FIN,Skyrim.esm,ok,STRUCTURAL-SILENT,not-needed,SILENT,not-needed,not-needed,not-needed,not-needed,direct_mcp_review=ok; no distinct player-authored devotional outcome at a safe stage.
COREQ-0551,core,V02,V02-02,standard,Skyrim.esm:03E897,dunHillgrundsTombQST,Skyrim.esm,ok,APPROVED,ok,APPROVED,ok,ok,ok,ok,direct_mcp_review=ok; owner-approved tagged row; cross-generation and promotion pending. direct_post_promotion_readback=ok; route_evidence=ok; runtime_marker_check=ok; compile=ok.
COREQ-0552,core,V02,V02-02,standard,Skyrim.esm:03E8A5,CreatureDialogueMudcrab,Skyrim.esm,ok,STRUCTURAL-SILENT,not-needed,SILENT,not-needed,not-needed,not-needed,not-needed,direct_mcp_review=ok; no distinct player-authored devotional outcome at a safe stage.
COREQ-0553,core,V02,V02-02,standard,Skyrim.esm:03ED82,dunValthumeQST,Skyrim.esm,ok,APPROVED,ok,APPROVED,ok,ok,ok,ok,direct_mcp_review=ok; owner-approved tagged row; cross-generation and promotion pending. direct_post_promotion_readback=ok; route_evidence=ok; runtime_marker_check=ok; compile=ok.
COREQ-0554,core,V02,V02-02,standard,Skyrim.esm:03EE50,DialogueWindhelmMarketSceneTorstenHillevi,Skyrim.esm,ok,STRUCTURAL-SILENT,not-needed,SILENT,not-needed,not-needed,not-needed,not-needed,direct_mcp_review=ok; no distinct player-authored devotional outcome at a safe stage.
COREQ-0555,core,V02,V02-02,standard,Skyrim.esm:03EE5B,DialogueWindhelmMarketSceneTorstenAval,Skyrim.esm,ok,STRUCTURAL-SILENT,not-needed,SILENT,not-needed,not-needed,not-needed,not-needed,direct_mcp_review=ok; no distinct player-authored devotional outcome at a safe stage.
COREQ-0556,core,V02,V02-02,standard,Skyrim.esm:03EE60,DialogueWindhelmMarketSceneJoraNiranye,Skyrim.esm,ok,STRUCTURAL-SILENT,not-needed,SILENT,not-needed,not-needed,not-needed,not-needed,direct_mcp_review=ok; no distinct player-authored devotional outcome at a safe stage.
COREQ-0557,core,V02,V02-02,standard,Skyrim.esm:03EE77,DialogueWindhelmMarketSceneTorbjornHillevi,Skyrim.esm,ok,STRUCTURAL-SILENT,not-needed,SILENT,not-needed,not-needed,not-needed,not-needed,direct_mcp_review=ok; no distinct player-authored devotional outcome at a safe stage.
COREQ-0558,core,V02,V02-02,standard,Skyrim.esm:03EE7B,DialogueWindhelmMarketSceneTorbjornNiranye,Skyrim.esm,ok,STRUCTURAL-SILENT,not-needed,SILENT,not-needed,not-needed,not-needed,not-needed,direct_mcp_review=ok; no distinct player-authored devotional outcome at a safe stage.
COREQ-0559,core,V02,V02-02,standard,Skyrim.esm:03EE7D,DialogueWindhelmMarketSceneTovaAval,Skyrim.esm,ok,STRUCTURAL-SILENT,not-needed,SILENT,not-needed,not-needed,not-needed,not-needed,direct_mcp_review=ok; no distinct player-authored devotional outcome at a safe stage.
COREQ-0560,core,V02,V02-02,standard,Skyrim.esm:03EFBA,DialogueWindhelmMarketSceneLonelyGaleNiranye,Skyrim.esm,ok,STRUCTURAL-SILENT,not-needed,SILENT,not-needed,not-needed,not-needed,not-needed,direct_mcp_review=ok; no distinct player-authored devotional outcome at a safe stage.
COREQ-0561,core,V02,V02-02,standard,Skyrim.esm:03EFBC,DialogueWindhelmMarketSceneNilsineHillevi,Skyrim.esm,ok,STRUCTURAL-SILENT,not-needed,SILENT,not-needed,not-needed,not-needed,not-needed,direct_mcp_review=ok; no distinct player-authored devotional outcome at a safe stage.
COREQ-0562,core,V02,V02-02,standard,Skyrim.esm:03EFC1,DialogueWindhelmMarketSceneBrunwulfAval,Skyrim.esm,ok,STRUCTURAL-SILENT,not-needed,SILENT,not-needed,not-needed,not-needed,not-needed,direct_mcp_review=ok; no distinct player-authored devotional outcome at a safe stage.
COREQ-0563,core,V02,V02-02,standard,Skyrim.esm:03F21B,DialogueMarkarthGuardIntros,Skyrim.esm,ok,STRUCTURAL-SILENT,not-needed,SILENT,not-needed,not-needed,not-needed,not-needed,direct_mcp_review=ok; no distinct player-authored devotional outcome at a safe stage.
COREQ-0564,core,V02,V02-02,standard,Skyrim.esm:03F46A,Favor018,Skyrim.esm,ok,APPROVED,ok,APPROVED,ok,ok,ok,ok,direct_mcp_review=ok; QF proves s20 transfers the stolen item and advances to cleanup; daily cap owns repetition control. direct_post_promotion_readback=ok; route_evidence=ok; runtime_marker_check=ok; compile=ok.
COREQ-0565,core,V02,V02-02,standard,Skyrim.esm:03F4EC,Favor019,Skyrim.esm,ok,APPROVED,ok,APPROVED,ok,ok,ok,ok,direct_mcp_review=ok; QF maps requested plant-and-report route to s20; alternate s17 route stays unrowed. direct_post_promotion_readback=ok; route_evidence=ok; runtime_marker_check=ok; compile=ok.
COREQ-0566,core,V02,V02-02,standard,Skyrim.esm:03FA16,MQPaarthurnax,Skyrim.esm,ok,APPROVED,not-needed,APPROVED,not-needed,not-needed,ok,ok,direct_mcp_review=ok; existing authored row ownership reconfirmed by direct QUST readback.
COREQ-0567,core,V02,V02-02,standard,Skyrim.esm:03FA17,DA14Start,Skyrim.esm,ok,APPROVED,ok,APPROVED,ok,ok,ok,ok,direct_mcp_review=ok; owner-approved tagged row; cross-generation and promotion pending. direct_post_promotion_readback=ok; route_evidence=ok; runtime_marker_check=ok; compile=ok.
COREQ-0568,core,V02,V02-02,standard,Skyrim.esm:03FA89,dunDarklightQST,Skyrim.esm,ok,APPROVED,ok,APPROVED,ok,ok,ok,ok,direct_mcp_review=ok; owner-approved tagged row; cross-generation and promotion pending. direct_post_promotion_readback=ok; route_evidence=ok; runtime_marker_check=ok; compile=ok.
COREQ-0569,core,V02,V02-02,standard,Skyrim.esm:0403B0,Favor001,Skyrim.esm,ok,SEMANTIC-SILENT,not-needed,SILENT,not-needed,not-needed,not-needed,not-needed,direct_mcp_review=ok; no distinct player-authored devotional outcome at a safe stage.
COREQ-0570,core,V02,V02-02,standard,Skyrim.esm:040B56,ArenaCombatQuest01Skeevers,Skyrim.esm,ok,SEMANTIC-SILENT,not-needed,SILENT,not-needed,not-needed,not-needed,not-needed,direct_mcp_review=ok; no distinct player-authored devotional outcome at a safe stage.
COREQ-0571,core,V02,V02-02,standard,Skyrim.esm:0414FF,DialogueMorthalInitialScene,Skyrim.esm,ok,STRUCTURAL-SILENT,not-needed,SILENT,not-needed,not-needed,not-needed,not-needed,direct_mcp_review=ok; no distinct player-authored devotional outcome at a safe stage.
COREQ-0572,core,V02,V02-02,standard,Skyrim.esm:041F91,FreeformRiften11,Skyrim.esm,ok,APPROVED,ok,APPROVED,ok,ok,ok,ok,direct_mcp_review=ok; QF decompile proves s200 is the final exposure-and-reward stage; acquisition method is intentionally not tagged. direct_post_promotion_readback=ok; route_evidence=ok; runtime_marker_check=ok; compile=ok.
COREQ-0573,core,V02,V02-02,standard,Skyrim.esm:041FD2,FreeformRiften12,Skyrim.esm,ok,APPROVED,ok,APPROVED,ok,ok,ok,ok,direct_mcp_review=ok; owner-approved tagged row; cross-generation and promotion pending. direct_post_promotion_readback=ok; route_evidence=ok; runtime_marker_check=ok; compile=ok.
COREQ-0574,core,V02,V02-02,standard,Skyrim.esm:0427A0,dunDA14MorvunskarQST,Skyrim.esm,ok,SEMANTIC-SILENT,not-needed,SILENT,not-needed,not-needed,not-needed,not-needed,direct_mcp_review=ok; no distinct player-authored devotional outcome at a safe stage.
COREQ-0575,core,V02,V02-02,standard,Skyrim.esm:042868,MS05Start,Skyrim.esm,ok,STRUCTURAL-SILENT,not-needed,SILENT,not-needed,not-needed,not-needed,not-needed,direct_mcp_review=ok; no distinct player-authored devotional outcome at a safe stage.
COREQ-0576,core,V02,V02-02,standard,Skyrim.esm:0434A3,dunYngolBarrowQST,Skyrim.esm,ok,SEMANTIC-SILENT,not-needed,SILENT,not-needed,not-needed,not-needed,not-needed,direct_mcp_review=ok; no distinct player-authored devotional outcome at a safe stage.
COREQ-0577,core,V02,V02-02,standard,Skyrim.esm:043A0E,DialogueCidhnaMineBraigDuach01,Skyrim.esm,ok,STRUCTURAL-SILENT,not-needed,SILENT,not-needed,not-needed,not-needed,not-needed,direct_mcp_review=ok; no distinct player-authored devotional outcome at a safe stage.
COREQ-0578,core,V02,V02-02,standard,Skyrim.esm:043A12,DialogueCidhnaMineDuachOdvan01,Skyrim.esm,ok,STRUCTURAL-SILENT,not-needed,SILENT,not-needed,not-needed,not-needed,not-needed,direct_mcp_review=ok; no distinct player-authored devotional outcome at a safe stage.
COREQ-0579,core,V02,V02-02,standard,Skyrim.esm:043A14,DialogueCidhnaMineDuachBraig01,Skyrim.esm,ok,STRUCTURAL-SILENT,not-needed,SILENT,not-needed,not-needed,not-needed,not-needed,direct_mcp_review=ok; no distinct player-authored devotional outcome at a safe stage.
COREQ-0580,core,V02,V02-02,standard,Skyrim.esm:043A16,DialogueCidhnaMineDuachOdvan02,Skyrim.esm,ok,STRUCTURAL-SILENT,not-needed,SILENT,not-needed,not-needed,not-needed,not-needed,direct_mcp_review=ok; no distinct player-authored devotional outcome at a safe stage.
COREQ-0581,core,V02,V02-02,standard,Skyrim.esm:043BAB,dunShipwreck04QST,Skyrim.esm,ok,APPROVED,ok,APPROVED,ok,ok,ok,ok,direct_mcp_review=ok; owner-approved tagged row; cross-generation and promotion pending. direct_post_promotion_readback=ok; route_evidence=ok; runtime_marker_check=ok; compile=ok.
COREQ-0582,core,V02,V02-02,standard,Skyrim.esm:043D23,DialogueLoreiusFarm,Skyrim.esm,ok,STRUCTURAL-SILENT,not-needed,SILENT,not-needed,not-needed,not-needed,not-needed,direct_mcp_review=ok; no distinct player-authored devotional outcome at a safe stage.
COREQ-0583,core,V02,V02-02,standard,Skyrim.esm:043D2F,DialogueAngasMill,Skyrim.esm,ok,STRUCTURAL-SILENT,not-needed,SILENT,not-needed,not-needed,not-needed,not-needed,direct_mcp_review=ok; no distinct player-authored devotional outcome at a safe stage.
COREQ-0584,core,V02,V02-02,standard,Skyrim.esm:043D34,DialogueLoreiusFarmOutsideScene01,Skyrim.esm,ok,STRUCTURAL-SILENT,not-needed,SILENT,not-needed,not-needed,not-needed,not-needed,direct_mcp_review=ok; no distinct player-authored devotional outcome at a safe stage.
COREQ-0585,core,V02,V02-02,standard,Skyrim.esm:043D36,DialogueLoreiusFarmOutsideScene02,Skyrim.esm,ok,STRUCTURAL-SILENT,not-needed,SILENT,not-needed,not-needed,not-needed,not-needed,direct_mcp_review=ok; no distinct player-authored devotional outcome at a safe stage.
COREQ-0586,core,V02,V02-02,standard,Skyrim.esm:043E1A,FreeformRiften13,Skyrim.esm,ok,APPROVED,ok,APPROVED,ok,ok,ok,ok,direct_mcp_review=ok; owner-approved tagged row; cross-generation and promotion pending. direct_post_promotion_readback=ok; route_evidence=ok; runtime_marker_check=ok; compile=ok.
COREQ-0587,core,V02,V02-02,standard,Skyrim.esm:043E25,FreeformRiften14,Skyrim.esm,ok,APPROVED,ok,APPROVED,ok,ok,ok,ok,direct_mcp_review=ok; s200 exact paid retrieval terminal resolved from INFO TIF and official QF fragments; cross-generation and promotion pending root closeout. direct_post_promotion_readback=ok; route_evidence=ok; runtime_marker_check=ok; compile=ok.
COREQ-0588,core,V02,V02-02,standard,Skyrim.esm:0443A7,DialogueMorthalThaumaturgistHut01,Skyrim.esm,ok,STRUCTURAL-SILENT,not-needed,SILENT,not-needed,not-needed,not-needed,not-needed,direct_mcp_review=ok; no distinct player-authored devotional outcome at a safe stage.
COREQ-0589,core,V02,V02-02,standard,Skyrim.esm:0443F4,dunHighGateRuinsQST,Skyrim.esm,ok,APPROVED,ok,APPROVED,ok,ok,ok,ok,direct_mcp_review=ok; owner-approved tagged row; cross-generation and promotion pending. direct_post_promotion_readback=ok; route_evidence=ok; runtime_marker_check=ok; compile=ok.
COREQ-0590,core,V02,V02-02,standard,Skyrim.esm:04463E,DialogueAngasMillKodrirLeifur02,Skyrim.esm,ok,STRUCTURAL-SILENT,not-needed,SILENT,not-needed,not-needed,not-needed,not-needed,direct_mcp_review=ok; no distinct player-authored devotional outcome at a safe stage.
COREQ-0591,core,V02,V02-02,standard,Skyrim.esm:044640,DialogueAngasMillKodrirLeifur01,Skyrim.esm,ok,STRUCTURAL-SILENT,not-needed,SILENT,not-needed,not-needed,not-needed,not-needed,direct_mcp_review=ok; no distinct player-authored devotional outcome at a safe stage.
COREQ-0592,core,V02,V02-02,standard,Skyrim.esm:044834,DialogueMorthalThaumaturgistHut02,Skyrim.esm,ok,STRUCTURAL-SILENT,not-needed,SILENT,not-needed,not-needed,not-needed,not-needed,direct_mcp_review=ok; no distinct player-authored devotional outcome at a safe stage.
COREQ-0593,core,V02,V02-02,standard,Skyrim.esm:044836,DialogueMorthalThaumaturgistHut03,Skyrim.esm,ok,STRUCTURAL-SILENT,not-needed,SILENT,not-needed,not-needed,not-needed,not-needed,direct_mcp_review=ok; no distinct player-authored devotional outcome at a safe stage.
COREQ-0594,core,V02,V02-02,standard,Skyrim.esm:044838,DialogueMorthalFalionsHouseScene01,Skyrim.esm,ok,STRUCTURAL-SILENT,not-needed,SILENT,not-needed,not-needed,not-needed,not-needed,direct_mcp_review=ok; no distinct player-authored devotional outcome at a safe stage.
COREQ-0595,core,V02,V02-02,standard,Skyrim.esm:04483B,DialogueMorthalFalionsHouseScene02,Skyrim.esm,ok,STRUCTURAL-SILENT,not-needed,SILENT,not-needed,not-needed,not-needed,not-needed,direct_mcp_review=ok; no distinct player-authored devotional outcome at a safe stage.
COREQ-0596,core,V02,V02-02,standard,Skyrim.esm:04483D,DialogueMorthalFalionsHouseScene03,Skyrim.esm,ok,STRUCTURAL-SILENT,not-needed,SILENT,not-needed,not-needed,not-needed,not-needed,direct_mcp_review=ok; no distinct player-authored devotional outcome at a safe stage.
COREQ-0597,core,V02,V02-02,standard,Skyrim.esm:04483F,DialogueMorthalAlvasHouseScene01,Skyrim.esm,ok,STRUCTURAL-SILENT,not-needed,SILENT,not-needed,not-needed,not-needed,not-needed,direct_mcp_review=ok; no distinct player-authored devotional outcome at a safe stage.
COREQ-0598,core,V02,V02-02,standard,Skyrim.esm:044841,DialogueMorthalMoorsideScene01,Skyrim.esm,ok,STRUCTURAL-SILENT,not-needed,SILENT,not-needed,not-needed,not-needed,not-needed,direct_mcp_review=ok; no distinct player-authored devotional outcome at a safe stage.
COREQ-0599,core,V02,V02-02,standard,Skyrim.esm:044843,DialogueMorthalMoorsideScene02,Skyrim.esm,ok,STRUCTURAL-SILENT,not-needed,SILENT,not-needed,not-needed,not-needed,not-needed,direct_mcp_review=ok; no distinct player-authored devotional outcome at a safe stage.
COREQ-0600,core,V02,V02-02,standard,Skyrim.esm:044845,DialogueMorthalMoorsideScene03,Skyrim.esm,ok,STRUCTURAL-SILENT,not-needed,SILENT,not-needed,not-needed,not-needed,not-needed,direct_mcp_review=ok; no distinct player-authored devotional outcome at a safe stage.
COREQ-0601,core,V02,V02-02,standard,Skyrim.esm:044847,DialogueMorthalMoorsideScene04,Skyrim.esm,ok,STRUCTURAL-SILENT,not-needed,SILENT,not-needed,not-needed,not-needed,not-needed,direct_mcp_review=ok; no distinct player-authored devotional outcome at a safe stage.
COREQ-0602,core,V02,V02-02,standard,Skyrim.esm:044D1F,DialogueRiftenBeeAndBarbScene01,Skyrim.esm,ok,STRUCTURAL-SILENT,not-needed,SILENT,not-needed,not-needed,not-needed,not-needed,direct_mcp_review=ok; no distinct player-authored devotional outcome at a safe stage.
COREQ-0603,core,V02,V02-02,standard,Skyrim.esm:044D21,DialogueRiftenBeeAndBarbScene02,Skyrim.esm,ok,STRUCTURAL-SILENT,not-needed,SILENT,not-needed,not-needed,not-needed,not-needed,direct_mcp_review=ok; no distinct player-authored devotional outcome at a safe stage.
COREQ-0604,core,V02,V02-02,standard,Skyrim.esm:044D23,DialogueRiftenBeeAndBarbScene03,Skyrim.esm,ok,STRUCTURAL-SILENT,not-needed,SILENT,not-needed,not-needed,not-needed,not-needed,direct_mcp_review=ok; no distinct player-authored devotional outcome at a safe stage.
COREQ-0605,core,V02,V02-02,standard,Skyrim.esm:044D25,DialogueRiftenBeeAndBarbScene04,Skyrim.esm,ok,STRUCTURAL-SILENT,not-needed,SILENT,not-needed,not-needed,not-needed,not-needed,direct_mcp_review=ok; no distinct player-authored devotional outcome at a safe stage.
COREQ-0606,core,V02,V02-02,standard,Skyrim.esm:045486,DialogueRiverwood_Revised,Skyrim.esm,ok,STRUCTURAL-SILENT,not-needed,SILENT,not-needed,not-needed,not-needed,not-needed,direct_mcp_review=ok; no distinct player-authored devotional outcome at a safe stage.
COREQ-0607,core,V02,V02-02,standard,Skyrim.esm:04580E,DialogueRiftenBeeAndBarbScene05,Skyrim.esm,ok,STRUCTURAL-SILENT,not-needed,SILENT,not-needed,not-needed,not-needed,not-needed,direct_mcp_review=ok; no distinct player-authored devotional outcome at a safe stage.
COREQ-0608,core,V02,V02-02,existing-core-row,Skyrim.esm:045923,MQ302,Skyrim.esm,ok,APPROVED,not-needed,APPROVED,not-needed,not-needed,ok,ok,direct_mcp_review=ok; existing authored row ownership reconfirmed by direct QUST readback.
COREQ-0609,core,V02,V02-02,standard,Skyrim.esm:046B2B,DialogueRiftenBeeAndBarbScene06,Skyrim.esm,ok,STRUCTURAL-SILENT,not-needed,SILENT,not-needed,not-needed,not-needed,not-needed,direct_mcp_review=ok; no distinct player-authored devotional outcome at a safe stage.
COREQ-0610,core,V02,V02-02,standard,Skyrim.esm:046B2D,DialogueRiftenBeeAndBarbScene07,Skyrim.esm,ok,STRUCTURAL-SILENT,not-needed,SILENT,not-needed,not-needed,not-needed,not-needed,direct_mcp_review=ok; no distinct player-authored devotional outcome at a safe stage.
COREQ-0611,core,V02,V02-02,standard,Skyrim.esm:046B2F,DialogueRiftenBlackBriarMeaderyScene01,Skyrim.esm,ok,STRUCTURAL-SILENT,not-needed,SILENT,not-needed,not-needed,not-needed,not-needed,direct_mcp_review=ok; no distinct player-authored devotional outcome at a safe stage.
COREQ-0612,core,V02,V02-02,standard,Skyrim.esm:046B31,DialogueRiftenBlackBriarMeaderyScene02,Skyrim.esm,ok,STRUCTURAL-SILENT,not-needed,SILENT,not-needed,not-needed,not-needed,not-needed,direct_mcp_review=ok; no distinct player-authored devotional outcome at a safe stage.
COREQ-0613,core,V02,V02-02,standard,Skyrim.esm:046B33,DialogueRiftenBlackBriarMeaderyScene03,Skyrim.esm,ok,STRUCTURAL-SILENT,not-needed,SILENT,not-needed,not-needed,not-needed,not-needed,direct_mcp_review=ok; no distinct player-authored devotional outcome at a safe stage.
COREQ-0614,core,V02,V02-02,standard,Skyrim.esm:046B35,DialogueRiftenPawnedPrawnScene01,Skyrim.esm,ok,STRUCTURAL-SILENT,not-needed,SILENT,not-needed,not-needed,not-needed,not-needed,direct_mcp_review=ok; no distinct player-authored devotional outcome at a safe stage.
COREQ-0615,core,V02,V02-02,standard,Skyrim.esm:046B37,DialogueRiftenPawnedPrawnScene02,Skyrim.esm,ok,STRUCTURAL-SILENT,not-needed,SILENT,not-needed,not-needed,not-needed,not-needed,direct_mcp_review=ok; no distinct player-authored devotional outcome at a safe stage.
COREQ-0616,core,V02,V02-02,standard,Skyrim.esm:046B39,DialogueRiftenBlackBriarManorScene01,Skyrim.esm,ok,STRUCTURAL-SILENT,not-needed,SILENT,not-needed,not-needed,not-needed,not-needed,direct_mcp_review=ok; no distinct player-authored devotional outcome at a safe stage.
COREQ-0617,core,V02,V02-02,standard,Skyrim.esm:046B3B,DialogueRiftenBlackBriarManorScene02,Skyrim.esm,ok,STRUCTURAL-SILENT,not-needed,SILENT,not-needed,not-needed,not-needed,not-needed,direct_mcp_review=ok; no distinct player-authored devotional outcome at a safe stage.
COREQ-0618,core,V02,V02-02,standard,Skyrim.esm:046B3D,DialogueRiftenTempleofMaraScene01,Skyrim.esm,ok,STRUCTURAL-SILENT,not-needed,SILENT,not-needed,not-needed,not-needed,not-needed,direct_mcp_review=ok; no distinct player-authored devotional outcome at a safe stage.
COREQ-0619,core,V02,V02-02,standard,Skyrim.esm:046B3F,DialogueRiftenTempleofMaraScene02,Skyrim.esm,ok,STRUCTURAL-SILENT,not-needed,SILENT,not-needed,not-needed,not-needed,not-needed,direct_mcp_review=ok; no distinct player-authored devotional outcome at a safe stage.
COREQ-0620,core,V02,V02-02,standard,Skyrim.esm:046B41,DialogueRiftenSnowShodHouseScene01,Skyrim.esm,ok,STRUCTURAL-SILENT,not-needed,SILENT,not-needed,not-needed,not-needed,not-needed,direct_mcp_review=ok; no distinct player-authored devotional outcome at a safe stage.
COREQ-0621,core,V02,V02-02,standard,Skyrim.esm:046B43,DialogueRiftenSnowShodHouseScene02,Skyrim.esm,ok,STRUCTURAL-SILENT,not-needed,SILENT,not-needed,not-needed,not-needed,not-needed,direct_mcp_review=ok; no distinct player-authored devotional outcome at a safe stage.
COREQ-0622,core,V02,V02-02,standard,Skyrim.esm:046B45,DialogueRiftenSnowShodHouseScene03,Skyrim.esm,ok,STRUCTURAL-SILENT,not-needed,SILENT,not-needed,not-needed,not-needed,not-needed,direct_mcp_review=ok; no distinct player-authored devotional outcome at a safe stage.
COREQ-0623,core,V02,V02-02,standard,Skyrim.esm:046B47,DialogueRiftenHaelgasBunkhouseScene01,Skyrim.esm,ok,STRUCTURAL-SILENT,not-needed,SILENT,not-needed,not-needed,not-needed,not-needed,direct_mcp_review=ok; no distinct player-authored devotional outcome at a safe stage.
COREQ-0624,core,V02,V02-02,standard,Skyrim.esm:046B49,DialogueRiftenHaelgasBunkhouseScene02,Skyrim.esm,ok,STRUCTURAL-SILENT,not-needed,SILENT,not-needed,not-needed,not-needed,not-needed,direct_mcp_review=ok; no distinct player-authored devotional outcome at a safe stage.
COREQ-0625,core,V02,V02-02,standard,Skyrim.esm:046B4B,DialogueRiftenHaelgasBunkhouseScene03,Skyrim.esm,ok,STRUCTURAL-SILENT,not-needed,SILENT,not-needed,not-needed,not-needed,not-needed,direct_mcp_review=ok; no distinct player-authored devotional outcome at a safe stage.
COREQ-0626,core,V02,V02-02,standard,Skyrim.esm:046B4D,DialogueRiftenHaelgasBunkhouseScene04,Skyrim.esm,ok,STRUCTURAL-SILENT,not-needed,SILENT,not-needed,not-needed,not-needed,not-needed,direct_mcp_review=ok; no distinct player-authored devotional outcome at a safe stage.
COREQ-0627,core,V02,V02-02,standard,Skyrim.esm:046B4F,DialogueRiftenBeeAndBarbScene08,Skyrim.esm,ok,STRUCTURAL-SILENT,not-needed,SILENT,not-needed,not-needed,not-needed,not-needed,direct_mcp_review=ok; no distinct player-authored devotional outcome at a safe stage.
COREQ-0628,core,V02,V02-02,standard,Skyrim.esm:046B51,DialogueRiftenBeeAndBarbScene09,Skyrim.esm,ok,STRUCTURAL-SILENT,not-needed,SILENT,not-needed,not-needed,not-needed,not-needed,direct_mcp_review=ok; no distinct player-authored devotional outcome at a safe stage.
COREQ-0629,core,V02,V02-02,standard,Skyrim.esm:046B53,DialogueRiftenBeeAndBarbScene10,Skyrim.esm,ok,STRUCTURAL-SILENT,not-needed,SILENT,not-needed,not-needed,not-needed,not-needed,direct_mcp_review=ok; no distinct player-authored devotional outcome at a safe stage.
COREQ-0630,core,V02,V02-02,standard,Skyrim.esm:046B55,DialogueRiftenBeeAndBarbScene11,Skyrim.esm,ok,STRUCTURAL-SILENT,not-needed,SILENT,not-needed,not-needed,not-needed,not-needed,direct_mcp_review=ok; no distinct player-authored devotional outcome at a safe stage.
COREQ-0631,core,V02,V02-02,standard,Skyrim.esm:046B57,DialogueRiftenBeeAndBarbScene12,Skyrim.esm,ok,STRUCTURAL-SILENT,not-needed,SILENT,not-needed,not-needed,not-needed,not-needed,direct_mcp_review=ok; no distinct player-authored devotional outcome at a safe stage.
COREQ-0632,core,V02,V02-02,standard,Skyrim.esm:046B59,DialogueRiftenGrandPlazaScene01,Skyrim.esm,ok,STRUCTURAL-SILENT,not-needed,SILENT,not-needed,not-needed,not-needed,not-needed,direct_mcp_review=ok; no distinct player-authored devotional outcome at a safe stage.
COREQ-0633,core,V02,V02-02,standard,Skyrim.esm:046B5B,DialogueRiftenGrandPlazaScene02,Skyrim.esm,ok,STRUCTURAL-SILENT,not-needed,SILENT,not-needed,not-needed,not-needed,not-needed,direct_mcp_review=ok; no distinct player-authored devotional outcome at a safe stage.
COREQ-0634,core,V02,V02-02,standard,Skyrim.esm:046B5D,DialogueRiftenGrandPlazaScene03,Skyrim.esm,ok,STRUCTURAL-SILENT,not-needed,SILENT,not-needed,not-needed,not-needed,not-needed,direct_mcp_review=ok; no distinct player-authored devotional outcome at a safe stage.
COREQ-0635,core,V02,V02-02,standard,Skyrim.esm:046B5F,DialogueRiftenGrandPlazaScene04,Skyrim.esm,ok,STRUCTURAL-SILENT,not-needed,SILENT,not-needed,not-needed,not-needed,not-needed,direct_mcp_review=ok; no distinct player-authored devotional outcome at a safe stage.
COREQ-0636,core,V02,V02-02,standard,Skyrim.esm:046B61,DialogueRiftenGrandPlazaScene05,Skyrim.esm,ok,STRUCTURAL-SILENT,not-needed,SILENT,not-needed,not-needed,not-needed,not-needed,direct_mcp_review=ok; no distinct player-authored devotional outcome at a safe stage.
COREQ-0637,core,V02,V02-02,standard,Skyrim.esm:046B63,DialogueRiftenGrandPlazaScene06,Skyrim.esm,ok,STRUCTURAL-SILENT,not-needed,SILENT,not-needed,not-needed,not-needed,not-needed,direct_mcp_review=ok; no distinct player-authored devotional outcome at a safe stage.
COREQ-0638,core,V02,V02-02,standard,Skyrim.esm:046B65,DialogueRiftenGrandPlazaScene07,Skyrim.esm,ok,STRUCTURAL-SILENT,not-needed,SILENT,not-needed,not-needed,not-needed,not-needed,direct_mcp_review=ok; no distinct player-authored devotional outcome at a safe stage.
COREQ-0639,core,V02,V02-02,standard,Skyrim.esm:046B67,DialogueRiftenGrandPlazaScene08,Skyrim.esm,ok,STRUCTURAL-SILENT,not-needed,SILENT,not-needed,not-needed,not-needed,not-needed,direct_mcp_review=ok; no distinct player-authored devotional outcome at a safe stage.
COREQ-0640,core,V02,V02-02,standard,Skyrim.esm:046B69,DialogueRiftenGrandPlazaScene09,Skyrim.esm,ok,STRUCTURAL-SILENT,not-needed,SILENT,not-needed,not-needed,not-needed,not-needed,direct_mcp_review=ok; no distinct player-authored devotional outcome at a safe stage.
COREQ-0641,core,V02,V02-02,standard,Skyrim.esm:046B6B,DialogueRiftenKeepScene01,Skyrim.esm,ok,STRUCTURAL-SILENT,not-needed,SILENT,not-needed,not-needed,not-needed,not-needed,direct_mcp_review=ok; no distinct player-authored devotional outcome at a safe stage.
COREQ-0642,core,V02,V02-02,standard,Skyrim.esm:046B6D,DialogueRiftenKeepScene02,Skyrim.esm,ok,STRUCTURAL-SILENT,not-needed,SILENT,not-needed,not-needed,not-needed,not-needed,direct_mcp_review=ok; no distinct player-authored devotional outcome at a safe stage.
COREQ-0643,core,V02,V02-02,standard,Skyrim.esm:046B6F,DialogueRiftenKeepScene03,Skyrim.esm,ok,STRUCTURAL-SILENT,not-needed,SILENT,not-needed,not-needed,not-needed,not-needed,direct_mcp_review=ok; no distinct player-authored devotional outcome at a safe stage.
COREQ-0644,core,V02,V02-02,standard,Skyrim.esm:046B71,DialogueRiftenKeepScene04,Skyrim.esm,ok,STRUCTURAL-SILENT,not-needed,SILENT,not-needed,not-needed,not-needed,not-needed,direct_mcp_review=ok; no distinct player-authored devotional outcome at a safe stage.
COREQ-0645,core,V02,V02-02,standard,Skyrim.esm:046B73,DialogueRiftenKeepScene05,Skyrim.esm,ok,STRUCTURAL-SILENT,not-needed,SILENT,not-needed,not-needed,not-needed,not-needed,direct_mcp_review=ok; no distinct player-authored devotional outcome at a safe stage.
COREQ-0646,core,V02,V02-02,standard,Skyrim.esm:046B75,DialogueRiftenKeepScene06,Skyrim.esm,ok,STRUCTURAL-SILENT,not-needed,SILENT,not-needed,not-needed,not-needed,not-needed,direct_mcp_review=ok; no distinct player-authored devotional outcome at a safe stage.
COREQ-0647,core,V02,V02-02,standard,Skyrim.esm:046B77,DialogueRiftenKeepScene07,Skyrim.esm,ok,STRUCTURAL-SILENT,not-needed,SILENT,not-needed,not-needed,not-needed,not-needed,direct_mcp_review=ok; no distinct player-authored devotional outcome at a safe stage.
COREQ-0648,core,V02,V02-02,standard,Skyrim.esm:046B79,DialogueRiftenKeepScene08,Skyrim.esm,ok,STRUCTURAL-SILENT,not-needed,SILENT,not-needed,not-needed,not-needed,not-needed,direct_mcp_review=ok; no distinct player-authored devotional outcome at a safe stage.
COREQ-0649,core,V02,V02-02,standard,Skyrim.esm:046B7B,DialogueRiftenKeepScene09,Skyrim.esm,ok,STRUCTURAL-SILENT,not-needed,SILENT,not-needed,not-needed,not-needed,not-needed,direct_mcp_review=ok; no distinct player-authored devotional outcome at a safe stage.
COREQ-0650,core,V02,V02-02,standard,Skyrim.esm:046B7D,DialogueRiftenKeepScene10,Skyrim.esm,ok,STRUCTURAL-SILENT,not-needed,SILENT,not-needed,not-needed,not-needed,not-needed,direct_mcp_review=ok; no distinct player-authored devotional outcome at a safe stage.
COREQ-0651,core,V02,V02-02,standard,Skyrim.esm:046B8E,MQCallDragon,Skyrim.esm,ok,SEMANTIC-SILENT,not-needed,SILENT,not-needed,not-needed,not-needed,not-needed,direct_mcp_review=ok; no distinct player-authored devotional outcome at a safe stage.
COREQ-0652,core,V02,V02-02,standard,Skyrim.esm:046D96,DialogueRiftenMjollHouseScene01,Skyrim.esm,ok,STRUCTURAL-SILENT,not-needed,SILENT,not-needed,not-needed,not-needed,not-needed,direct_mcp_review=ok; no distinct player-authored devotional outcome at a safe stage.
COREQ-0653,core,V02,V02-02,standard,Skyrim.esm:046D98,DialogueRiftenMjollHouseScene02,Skyrim.esm,ok,STRUCTURAL-SILENT,not-needed,SILENT,not-needed,not-needed,not-needed,not-needed,direct_mcp_review=ok; no distinct player-authored devotional outcome at a safe stage.
COREQ-0654,core,V02,V02-02,standard,Skyrim.esm:046D9A,DialogueRiftenRaggedFlagonScene01,Skyrim.esm,ok,STRUCTURAL-SILENT,not-needed,SILENT,not-needed,not-needed,not-needed,not-needed,direct_mcp_review=ok; no distinct player-authored devotional outcome at a safe stage.
COREQ-0655,core,V02,V02-02,standard,Skyrim.esm:046D9C,DialogueRiftenRaggedFlagonScene02,Skyrim.esm,ok,STRUCTURAL-SILENT,not-needed,SILENT,not-needed,not-needed,not-needed,not-needed,direct_mcp_review=ok; no distinct player-authored devotional outcome at a safe stage.
COREQ-0656,core,V02,V02-02,standard,Skyrim.esm:046D9E,DialogueRiftenFisheryScene01,Skyrim.esm,ok,STRUCTURAL-SILENT,not-needed,SILENT,not-needed,not-needed,not-needed,not-needed,direct_mcp_review=ok; no distinct player-authored devotional outcome at a safe stage.
COREQ-0657,core,V02,V02-02,standard,Skyrim.esm:046DA0,DialogueRiftenFisheryScene02,Skyrim.esm,ok,STRUCTURAL-SILENT,not-needed,SILENT,not-needed,not-needed,not-needed,not-needed,direct_mcp_review=ok; no distinct player-authored devotional outcome at a safe stage.
COREQ-0658,core,V02,V02-02,standard,Skyrim.esm:046DA3,DialogueRiftenFisheryScene03,Skyrim.esm,ok,STRUCTURAL-SILENT,not-needed,SILENT,not-needed,not-needed,not-needed,not-needed,direct_mcp_review=ok; no distinct player-authored devotional outcome at a safe stage.
COREQ-0659,core,V02,V02-02,standard,Skyrim.esm:046DA5,DialogueRiftenFisheryScene04,Skyrim.esm,ok,STRUCTURAL-SILENT,not-needed,SILENT,not-needed,not-needed,not-needed,not-needed,direct_mcp_review=ok; no distinct player-authored devotional outcome at a safe stage.
COREQ-0660,core,V02,V02-02,standard,Skyrim.esm:046DA7,DialogueRiftenKeepScene11,Skyrim.esm,ok,STRUCTURAL-SILENT,not-needed,SILENT,not-needed,not-needed,not-needed,not-needed,direct_mcp_review=ok; no distinct player-authored devotional outcome at a safe stage.
COREQ-0661,core,V02,V02-02,standard,Skyrim.esm:046DA9,DialogueRiftenElgrimsElixirsScene01,Skyrim.esm,ok,STRUCTURAL-SILENT,not-needed,SILENT,not-needed,not-needed,not-needed,not-needed,direct_mcp_review=ok; no distinct player-authored devotional outcome at a safe stage.
COREQ-0662,core,V02,V02-02,standard,Skyrim.esm:046DAB,DialogueRiftenElgrimsElixirsScene02,Skyrim.esm,ok,STRUCTURAL-SILENT,not-needed,SILENT,not-needed,not-needed,not-needed,not-needed,direct_mcp_review=ok; no distinct player-authored devotional outcome at a safe stage.
COREQ-0663,core,V02,V02-02,standard,Skyrim.esm:046ED0,CreatureDialogueDragonPriest,Skyrim.esm,ok,STRUCTURAL-SILENT,not-needed,SILENT,not-needed,not-needed,not-needed,not-needed,direct_mcp_review=ok; no distinct player-authored devotional outcome at a safe stage.
COREQ-0664,core,V02,V02-02,existing-core-row,Skyrim.esm:046EF0,MQ303,Skyrim.esm,ok,APPROVED,not-needed,APPROVED,not-needed,not-needed,ok,ok,direct_mcp_review=ok; existing authored row ownership reconfirmed by direct QUST readback.
COREQ-0665,core,V02,V02-02,existing-core-row,Skyrim.esm:046EF2,MQ305,Skyrim.esm,ok,APPROVED,not-needed,APPROVED,not-needed,not-needed,ok,ok,direct_mcp_review=ok; existing authored row ownership reconfirmed by direct QUST readback.
COREQ-0666,core,V02,V02-02,standard,Skyrim.esm:046EF3,MQ306,Skyrim.esm,ok,SEMANTIC-SILENT,not-needed,SILENT,not-needed,not-needed,not-needed,not-needed,direct_mcp_review=ok; no distinct player-authored devotional outcome at a safe stage.
COREQ-0667,core,V02,V02-02,standard,Skyrim.esm:04737F,CreatureDialogueHorker,Skyrim.esm,ok,STRUCTURAL-SILENT,not-needed,SILENT,not-needed,not-needed,not-needed,not-needed,direct_mcp_review=ok; no distinct player-authored devotional outcome at a safe stage.
COREQ-0668,core,V02,V02-02,standard,Skyrim.esm:047AE6,DGIntimidateQuest,Skyrim.esm,ok,SEMANTIC-SILENT,not-needed,SILENT,not-needed,not-needed,not-needed,not-needed,direct_mcp_review=ok; no distinct player-authored devotional outcome at a safe stage.
COREQ-0669,core,V02,V02-02,standard,Skyrim.esm:048121,dunFrostflowAbyssQST,Skyrim.esm,ok,APPROVED,ok,APPROVED,ok,ok,ok,ok,direct_mcp_review=ok; owner-approved tagged row; cross-generation and promotion pending. direct_post_promotion_readback=ok; route_evidence=ok; runtime_marker_check=ok; compile=ok.
COREQ-0670,core,V02,V02-02,standard,Skyrim.esm:048364,dunBluePalaceWingQST,Skyrim.esm,ok,STRUCTURAL-SILENT,not-needed,SILENT,not-needed,not-needed,not-needed,not-needed,direct_mcp_review=ok; no distinct player-authored devotional outcome at a safe stage.
COREQ-0671,core,V02,V02-02,standard,Skyrim.esm:049DB2,dunSaarthal,Skyrim.esm,ok,STRUCTURAL-SILENT,not-needed,SILENT,not-needed,not-needed,not-needed,not-needed,direct_mcp_review=ok; no distinct player-authored devotional outcome at a safe stage.
COREQ-0672,core,V02,V02-02,existing-core-row,Skyrim.esm:04A37B,DA08,Skyrim.esm,ok,APPROVED,not-needed,APPROVED,not-needed,not-needed,ok,ok,direct_mcp_review=ok; existing authored row ownership reconfirmed by direct QUST readback.
COREQ-0673,core,V02,V02-02,standard,Skyrim.esm:04A602,WEDA02,Skyrim.esm,ok,STRUCTURAL-SILENT,not-needed,SILENT,not-needed,not-needed,not-needed,not-needed,direct_mcp_review=ok; no distinct player-authored devotional outcome at a safe stage.
COREQ-0674,core,V02,V02-02,standard,Skyrim.esm:04B2A1,dunTrevasWatchQST,Skyrim.esm,ok,APPROVED,not-needed,APPROVED,not-needed,not-needed,ok,ok,direct_mcp_review=ok; existing authored row ownership reconfirmed by direct QUST readback.
COREQ-0675,core,V02,V02-02,standard,Skyrim.esm:04BA68,MQ302Test,Skyrim.esm,ok,SEMANTIC-SILENT,not-needed,SILENT,not-needed,not-needed,not-needed,not-needed,direct_mcp_review=ok; no distinct player-authored devotional outcome at a safe stage.
COREQ-0676,core,V02,V02-02,standard,Skyrim.esm:04BA6C,dunTalkingStoneQST,Skyrim.esm,ok,SEMANTIC-SILENT,not-needed,SILENT,not-needed,not-needed,not-needed,not-needed,direct_mcp_review=ok; no distinct player-authored devotional outcome at a safe stage.
COREQ-0677,core,V02,V02-02,standard,Skyrim.esm:04C2FA,DialogueGiant,Skyrim.esm,ok,STRUCTURAL-SILENT,not-needed,SILENT,not-needed,not-needed,not-needed,not-needed,direct_mcp_review=ok; no distinct player-authored devotional outcome at a safe stage.
COREQ-0678,core,V02,V02-02,standard,Skyrim.esm:04C49D,FollowerCommentary01,Skyrim.esm,ok,STRUCTURAL-SILENT,not-needed,SILENT,not-needed,not-needed,not-needed,not-needed,direct_mcp_review=ok; no distinct player-authored devotional outcome at a safe stage.
COREQ-0679,core,V02,V02-02,standard,Skyrim.esm:04C5A4,DialogueDraugr,Skyrim.esm,ok,STRUCTURAL-SILENT,not-needed,SILENT,not-needed,not-needed,not-needed,not-needed,direct_mcp_review=ok; no distinct player-authored devotional outcome at a safe stage.
COREQ-0680,core,V02,V02-02,standard,Skyrim.esm:04C6EB,FollowerCommentary02,Skyrim.esm,ok,STRUCTURAL-SILENT,not-needed,SILENT,not-needed,not-needed,not-needed,not-needed,direct_mcp_review=ok; no distinct player-authored devotional outcome at a safe stage.
COREQ-0681,core,V02,V02-02,standard,Skyrim.esm:04C727,FollowerCommentary03,Skyrim.esm,ok,STRUCTURAL-SILENT,not-needed,SILENT,not-needed,not-needed,not-needed,not-needed,direct_mcp_review=ok; no distinct player-authored devotional outcome at a safe stage.
COREQ-0682,core,V02,V02-02,existing-core-row,Skyrim.esm:04CECE,MQ201Malborn,Skyrim.esm,ok,APPROVED,not-needed,APPROVED,not-needed,not-needed,ok,ok,direct_mcp_review=ok; existing authored row ownership reconfirmed by direct QUST readback.
COREQ-0683,core,V02,V02-02,standard,Skyrim.esm:04CEDE,dunFolgunthurQST,Skyrim.esm,ok,SEMANTIC-SILENT,not-needed,SILENT,not-needed,not-needed,not-needed,not-needed,direct_mcp_review=ok; no distinct player-authored devotional outcome at a safe stage.
COREQ-0684,core,V02,V02-02,standard,Skyrim.esm:04D217,DA11FIN,Skyrim.esm,ok,SEMANTIC-SILENT,not-needed,SILENT,not-needed,not-needed,not-needed,not-needed,direct_mcp_review=ok; no distinct player-authored devotional outcome at a safe stage.
COREQ-0685,core,V02,V02-02,standard,Skyrim.esm:04D2A6,CreatureDialogueCow,Skyrim.esm,ok,STRUCTURAL-SILENT,not-needed,SILENT,not-needed,not-needed,not-needed,not-needed,direct_mcp_review=ok; no distinct player-authored devotional outcome at a safe stage.
COREQ-0686,core,V02,V02-02,standard,Skyrim.esm:04D2A7,CreatureDialogueIceWraith,Skyrim.esm,ok,STRUCTURAL-SILENT,not-needed,SILENT,not-needed,not-needed,not-needed,not-needed,direct_mcp_review=ok; no distinct player-authored devotional outcome at a safe stage.
COREQ-0687,core,V02,V02-02,standard,Skyrim.esm:04D78E,DialogueFalkreath,Skyrim.esm,ok,STRUCTURAL-SILENT,not-needed,SILENT,not-needed,not-needed,not-needed,not-needed,direct_mcp_review=ok; no distinct player-authored devotional outcome at a safe stage.
COREQ-0688,core,V02,V02-02,standard,Skyrim.esm:04D917,DA02KillFriend,Skyrim.esm,ok,SEMANTIC-SILENT,not-needed,SILENT,not-needed,not-needed,not-needed,not-needed,direct_mcp_review=ok; no distinct player-authored devotional outcome at a safe stage.
COREQ-0689,core,V02,V02-02,standard,Skyrim.esm:04DBC5,TGDialogueKarliah,Skyrim.esm,ok,STRUCTURAL-SILENT,not-needed,SILENT,not-needed,not-needed,not-needed,not-needed,direct_mcp_review=ok; no distinct player-authored devotional outcome at a safe stage.
COREQ-0690,core,V02,V02-02,standard,Skyrim.esm:04E4B5,WE02,Skyrim.esm,ok,STRUCTURAL-SILENT,not-needed,SILENT,not-needed,not-needed,not-needed,not-needed,direct_mcp_review=ok; no distinct player-authored devotional outcome at a safe stage.
COREQ-0691,core,V02,V02-02,existing-core-row,Skyrim.esm:04E50D,MQ102,Skyrim.esm,ok,APPROVED,not-needed,APPROVED,not-needed,not-needed,ok,ok,direct_mcp_review=ok; existing authored row ownership reconfirmed by direct QUST readback.
COREQ-0692,core,V02,V02-02,standard,Skyrim.esm:04E667,dunFaldarsToothQST,Skyrim.esm,ok,SEMANTIC-SILENT,not-needed,SILENT,not-needed,not-needed,not-needed,not-needed,direct_mcp_review=ok; no distinct player-authored devotional outcome at a safe stage.
COREQ-0693,core,V02,V02-02,standard,Skyrim.esm:04E848,CreatureDialogueAtronachFrost,Skyrim.esm,ok,STRUCTURAL-SILENT,not-needed,SILENT,not-needed,not-needed,not-needed,not-needed,direct_mcp_review=ok; no distinct player-authored devotional outcome at a safe stage.
COREQ-0694,core,V02,V02-02,standard,Skyrim.esm:04E857,CWSiegeAttackObj,Skyrim.esm,ok,STRUCTURAL-SILENT,not-needed,SILENT,not-needed,not-needed,not-needed,not-needed,direct_mcp_review=ok; no distinct player-authored devotional outcome at a safe stage.
COREQ-0695,core,V02,V02-02,standard,Skyrim.esm:04EC52,RoriksteadFreeform,Skyrim.esm,ok,APPROVED,ok,APPROVED,ok,ok,ok,ok,direct_mcp_review=ok; owner-approved tagged row; cross-generation and promotion pending. direct_post_promotion_readback=ok; route_evidence=ok; runtime_marker_check=ok; compile=ok.
COREQ-0696,core,V02,V02-02,standard,Skyrim.esm:04EEF6,WEWIKill06,Skyrim.esm,ok,STRUCTURAL-SILENT,not-needed,SILENT,not-needed,not-needed,not-needed,not-needed,direct_mcp_review=ok; no distinct player-authored devotional outcome at a safe stage.
COREQ-0697,core,V02,V02-02,standard,Skyrim.esm:04EF25,TG00SPArrest,Skyrim.esm,ok,STRUCTURAL-SILENT,not-needed,SILENT,not-needed,not-needed,not-needed,not-needed,direct_mcp_review=ok; no distinct player-authored devotional outcome at a safe stage.
COREQ-0698,core,V02,V02-02,standard,Skyrim.esm:04F8BF,CWAttackCity,Skyrim.esm,ok,SEMANTIC-SILENT,not-needed,SILENT,not-needed,not-needed,not-needed,not-needed,direct_mcp_review=ok; no distinct player-authored devotional outcome at a safe stage.
COREQ-0699,core,V02,V02-02,standard,Skyrim.esm:0504F0,CWMission07,Skyrim.esm,ok,APPROVED,ok,APPROVED,ok,ok,ok,ok,direct_mcp_review=ok; owner-approved tagged row; cross-generation and promotion pending. direct_post_promotion_readback=ok; route_evidence=ok; runtime_marker_check=ok; compile=ok.
COREQ-0700,core,V02,V02-02,standard,Skyrim.esm:050763,TG04SP,Skyrim.esm,ok,STRUCTURAL-SILENT,not-needed,SILENT,not-needed,not-needed,not-needed,not-needed,direct_mcp_review=ok; no distinct player-authored devotional outcome at a safe stage.
COREQ-0701,core,V02,V02-02,standard,Skyrim.esm:050AF1,WIChangeLocation09,Skyrim.esm,ok,STRUCTURAL-SILENT,not-needed,SILENT,not-needed,not-needed,not-needed,not-needed,direct_mcp_review=ok; no distinct player-authored devotional outcome at a safe stage.
COREQ-0702,core,V02,V02-02,standard,Skyrim.esm:050CE3,WIDragonKilled,Skyrim.esm,ok,STRUCTURAL-SILENT,not-needed,SILENT,not-needed,not-needed,not-needed,not-needed,direct_mcp_review=ok; no distinct player-authored devotional outcome at a safe stage.
COREQ-0703,core,V02,V02-02,standard,Skyrim.esm:050F2E,DBEntranceQuest,Skyrim.esm,ok,SEMANTIC-SILENT,not-needed,SILENT,not-needed,not-needed,not-needed,not-needed,direct_mcp_review=ok; no distinct player-authored devotional outcome at a safe stage.
COREQ-0704,core,V02,V02-02,standard,Skyrim.esm:051417,DarkBrotherhoodadditionalNPCDialogue,Skyrim.esm,ok,STRUCTURAL-SILENT,not-needed,SILENT,not-needed,not-needed,not-needed,not-needed,direct_mcp_review=ok; no distinct player-authored devotional outcome at a safe stage.
COREQ-0705,core,V02,V02-02,standard,Skyrim.esm:05160C,dunRannveigQST,Skyrim.esm,ok,SEMANTIC-SILENT,not-needed,SILENT,not-needed,not-needed,not-needed,not-needed,direct_mcp_review=ok; no distinct player-authored devotional outcome at a safe stage.
COREQ-0706,core,V02,V02-02,standard,Skyrim.esm:05179E,DialogueRiftenHonorhallScene01,Skyrim.esm,ok,STRUCTURAL-SILENT,not-needed,SILENT,not-needed,not-needed,not-needed,not-needed,direct_mcp_review=ok; no distinct player-authored devotional outcome at a safe stage.
COREQ-0707,core,V02,V02-02,standard,Skyrim.esm:051B04,DialogueSaarthalExteriorConvoScene2,Skyrim.esm,ok,STRUCTURAL-SILENT,not-needed,SILENT,not-needed,not-needed,not-needed,not-needed,direct_mcp_review=ok; no distinct player-authored devotional outcome at a safe stage.
COREQ-0708,core,V02,V02-02,standard,Skyrim.esm:051B06,DialogueSaarthalExteriorConvoScene3,Skyrim.esm,ok,STRUCTURAL-SILENT,not-needed,SILENT,not-needed,not-needed,not-needed,not-needed,direct_mcp_review=ok; no distinct player-authored devotional outcome at a safe stage.
COREQ-0709,core,V02,V02-02,standard,Skyrim.esm:051B08,DialogueSaarthalInteriorConvoScene1,Skyrim.esm,ok,STRUCTURAL-SILENT,not-needed,SILENT,not-needed,not-needed,not-needed,not-needed,direct_mcp_review=ok; no distinct player-authored devotional outcome at a safe stage.
COREQ-0710,core,V02,V02-02,standard,Skyrim.esm:051B0A,DialogueSaarthalInteriorConvoScene2,Skyrim.esm,ok,STRUCTURAL-SILENT,not-needed,SILENT,not-needed,not-needed,not-needed,not-needed,direct_mcp_review=ok; no distinct player-authored devotional outcome at a safe stage.
COREQ-0711,core,V02,V02-02,standard,Skyrim.esm:05222D,CWfortSungardQST,Skyrim.esm,ok,SEMANTIC-SILENT,not-needed,SILENT,not-needed,not-needed,not-needed,not-needed,direct_mcp_review=ok; no distinct player-authored devotional outcome at a safe stage.
COREQ-0712,core,V02,V02-02,existing-core-row,Skyrim.esm:052795,DA02KillObj,Skyrim.esm,ok,APPROVED,not-needed,APPROVED,not-needed,not-needed,ok,ok,direct_mcp_review=ok; existing authored row ownership reconfirmed by direct QUST readback.
COREQ-0713,core,V02,V02-02,standard,Skyrim.esm:052B8E,DialogueDragonBridgeFarmScene01,Skyrim.esm,ok,STRUCTURAL-SILENT,not-needed,SILENT,not-needed,not-needed,not-needed,not-needed,direct_mcp_review=ok; no distinct player-authored devotional outcome at a safe stage.
COREQ-0714,core,V02,V02-02,standard,Skyrim.esm:052B8F,DialogueDragonBridgeFarmScene02,Skyrim.esm,ok,STRUCTURAL-SILENT,not-needed,SILENT,not-needed,not-needed,not-needed,not-needed,direct_mcp_review=ok; no distinct player-authored devotional outcome at a safe stage.
COREQ-0715,core,V02,V02-02,standard,Skyrim.esm:052B94,DialogueDragonBridgeHorgeirsHouseScene02,Skyrim.esm,ok,STRUCTURAL-SILENT,not-needed,SILENT,not-needed,not-needed,not-needed,not-needed,direct_mcp_review=ok; no distinct player-authored devotional outcome at a safe stage.
COREQ-0716,core,V02,V02-02,standard,Skyrim.esm:052B95,DialogueDragonBridgeHorgeirsHouseScene03,Skyrim.esm,ok,STRUCTURAL-SILENT,not-needed,SILENT,not-needed,not-needed,not-needed,not-needed,direct_mcp_review=ok; no distinct player-authored devotional outcome at a safe stage.
COREQ-0717,core,V02,V02-02,standard,Skyrim.esm:052B96,DialogueDragonBridgeHorgeirsHouseScene01,Skyrim.esm,ok,STRUCTURAL-SILENT,not-needed,SILENT,not-needed,not-needed,not-needed,not-needed,direct_mcp_review=ok; no distinct player-authored devotional outcome at a safe stage.
COREQ-0718,core,V02,V02-02,standard,Skyrim.esm:052B97,DialogueDragonBridgeTavernScene01,Skyrim.esm,ok,STRUCTURAL-SILENT,not-needed,SILENT,not-needed,not-needed,not-needed,not-needed,direct_mcp_review=ok; no distinct player-authored devotional outcome at a safe stage.
COREQ-0719,core,V02,V02-02,standard,Skyrim.esm:052B98,DialogueDragonBridgeTavernScene02,Skyrim.esm,ok,STRUCTURAL-SILENT,not-needed,SILENT,not-needed,not-needed,not-needed,not-needed,direct_mcp_review=ok; no distinct player-authored devotional outcome at a safe stage.
COREQ-0720,core,V02,V02-02,standard,Skyrim.esm:052B9C,DialogueFalkreathDeadMansDrinkScene04,Skyrim.esm,ok,STRUCTURAL-SILENT,not-needed,SILENT,not-needed,not-needed,not-needed,not-needed,direct_mcp_review=ok; no distinct player-authored devotional outcome at a safe stage.
COREQ-0721,core,V02,V02-02,standard,Skyrim.esm:052B9F,DialogueFalkreathDeadMansDrinkScene11,Skyrim.esm,ok,STRUCTURAL-SILENT,not-needed,SILENT,not-needed,not-needed,not-needed,not-needed,direct_mcp_review=ok; no distinct player-authored devotional outcome at a safe stage.
COREQ-0722,core,V02,V02-02,standard,Skyrim.esm:053305,FreeformRiften01,Skyrim.esm,ok,APPROVED,ok,APPROVED,ok,ok,ok,ok,direct_mcp_review=ok; owner-approved tagged row; cross-generation and promotion pending. direct_post_promotion_readback=ok; route_evidence=ok; runtime_marker_check=ok; compile=ok.
COREQ-0723,core,V02,V02-02,standard,Skyrim.esm:053306,FreeformRiften02,Skyrim.esm,ok,AMBIGUOUS,ok,UNREVIEWED,inert,-,-,-,direct_mcp_review=ok; QF decompile proves both opposed branches share s200 so stage-only routing cannot distinguish them.
COREQ-0724,core,V02,V02-02,standard,Skyrim.esm:053307,FreeformRiften03,Skyrim.esm,ok,AMBIGUOUS,ok,UNREVIEWED,inert,-,-,-,direct_mcp_review=ok; QF decompile proves both opposed branches share s200 so stage-only routing cannot distinguish them.
COREQ-0725,core,V02,V02-02,standard,Skyrim.esm:053308,FreeformRiften04,Skyrim.esm,ok,APPROVED,ok,APPROVED,ok,ok,ok,ok,direct_mcp_review=ok; s200 exact ingredient-commission terminal resolved from INFO TIF and official QF fragments; cross-generation and promotion pending root closeout. direct_post_promotion_readback=ok; route_evidence=ok; runtime_marker_check=ok; compile=ok.
COREQ-0726,core,V02,V02-02,standard,Skyrim.esm:053309,FreeformRiften05,Skyrim.esm,ok,APPROVED,ok,APPROVED,ok,ok,ok,ok,direct_mcp_review=ok; owner-approved tagged row; cross-generation and promotion pending. direct_post_promotion_readback=ok; route_evidence=ok; runtime_marker_check=ok; compile=ok.
COREQ-0727,core,V02,V02-02,standard,Skyrim.esm:053318,FreeformRiften06,Skyrim.esm,ok,APPROVED,ok,APPROVED,ok,ok,ok,ok,direct_mcp_review=ok; s200 exact wedding-band material handoff resolved from INFO TIF and official QF fragments; cross-generation and promotion pending root closeout. direct_post_promotion_readback=ok; route_evidence=ok; runtime_marker_check=ok; compile=ok.
COREQ-0728,core,V02,V02-02,standard,Skyrim.esm:05331A,FreeformRiften07,Skyrim.esm,ok,APPROVED,ok,APPROVED,ok,ok,ok,ok,direct_mcp_review=ok; s200 exact ingredient handoff resolved from INFO TIF and official QF fragments; no hunt inference; cross-generation and promotion pending root closeout. direct_post_promotion_readback=ok; route_evidence=ok; runtime_marker_check=ok; compile=ok.
COREQ-0729,core,V02,V02-02,standard,Skyrim.esm:05331B,FreeformRiften08,Skyrim.esm,ok,APPROVED,ok,APPROVED,ok,ok,ok,ok,direct_mcp_review=ok; owner-approved tagged row; cross-generation and promotion pending. direct_post_promotion_readback=ok; route_evidence=ok; runtime_marker_check=ok; compile=ok.
COREQ-0730,core,V02,V02-02,standard,Skyrim.esm:05331C,FreeformRiften09,Skyrim.esm,ok,APPROVED,ok,APPROVED,ok,ok,ok,ok,direct_mcp_review=ok; owner-approved tagged row; cross-generation and promotion pending. direct_post_promotion_readback=ok; route_evidence=ok; runtime_marker_check=ok; compile=ok.
COREQ-0731,core,V02,V02-02,standard,Skyrim.esm:05331D,FreeformRiften10,Skyrim.esm,ok,APPROVED,ok,APPROVED,ok,ok,ok,ok,direct_mcp_review=ok; s200 exact ancestral-forge supply terminal resolved from INFO TIF and official QF fragments; cross-generation and promotion pending root closeout. direct_post_promotion_readback=ok; route_evidence=ok; runtime_marker_check=ok; compile=ok.
COREQ-0732,core,V02,V02-02,existing-core-row,Skyrim.esm:053511,MS05,Skyrim.esm,ok,APPROVED,not-needed,APPROVED,not-needed,not-needed,ok,ok,direct_mcp_review=ok; existing authored row ownership reconfirmed by direct QUST readback.
COREQ-0733,core,V02,V02-02,standard,Skyrim.esm:053804,FreeformMarkarthO,Skyrim.esm,ok,APPROVED,ok,APPROVED,ok,ok,ok,ok,direct_mcp_review=ok; owner-approved tagged row; cross-generation and promotion pending. direct_post_promotion_readback=ok; route_evidence=ok; runtime_marker_check=ok; compile=ok.
COREQ-0734,core,V02,V02-02,standard,Skyrim.esm:05478C,CR08EditorMonitoring,Skyrim.esm,ok,SEMANTIC-SILENT,not-needed,SILENT,not-needed,not-needed,not-needed,not-needed,direct_mcp_review=ok; no distinct player-authored devotional outcome at a safe stage.
COREQ-0735,core,V02,V02-02,standard,Skyrim.esm:054880,MS02EscapeMadanachEnding,Skyrim.esm,ok,STRUCTURAL-SILENT,ok,SILENT,not-needed,not-needed,not-needed,not-needed,direct_mcp_review=ok; QF decompile proves child s100 sets parent MS02 s100 then stops; parent owns the outcome.
COREQ-0736,core,V02,V02-02,standard,Skyrim.esm:0548D5,CWResetGarrison2,Skyrim.esm,ok,SEMANTIC-SILENT,not-needed,SILENT,not-needed,not-needed,not-needed,not-needed,direct_mcp_review=ok; no distinct player-authored devotional outcome at a safe stage.
COREQ-0737,core,V02,V02-02,standard,Skyrim.esm:0548D6,CWResetGarrison3,Skyrim.esm,ok,SEMANTIC-SILENT,not-needed,SILENT,not-needed,not-needed,not-needed,not-needed,direct_mcp_review=ok; no distinct player-authored devotional outcome at a safe stage.
COREQ-0738,core,V02,V02-02,standard,Skyrim.esm:0548D7,CWResetGarrison4,Skyrim.esm,ok,SEMANTIC-SILENT,not-needed,SILENT,not-needed,not-needed,not-needed,not-needed,direct_mcp_review=ok; no distinct player-authored devotional outcome at a safe stage.
COREQ-0739,core,V02,V02-02,standard,Skyrim.esm:0548D8,CWResetGarrison5,Skyrim.esm,ok,SEMANTIC-SILENT,not-needed,SILENT,not-needed,not-needed,not-needed,not-needed,direct_mcp_review=ok; no distinct player-authored devotional outcome at a safe stage.
COREQ-0740,core,V02,V02-02,standard,Skyrim.esm:0548D9,CWResetGarrison6,Skyrim.esm,ok,SEMANTIC-SILENT,not-needed,SILENT,not-needed,not-needed,not-needed,not-needed,direct_mcp_review=ok; no distinct player-authored devotional outcome at a safe stage.
COREQ-0741,core,V02,V02-02,standard,Skyrim.esm:0548DA,CWResetGarrison7,Skyrim.esm,ok,SEMANTIC-SILENT,not-needed,SILENT,not-needed,not-needed,not-needed,not-needed,direct_mcp_review=ok; no distinct player-authored devotional outcome at a safe stage.
COREQ-0742,core,V02,V02-02,standard,Skyrim.esm:0548DB,CWResetGarrison8,Skyrim.esm,ok,SEMANTIC-SILENT,not-needed,SILENT,not-needed,not-needed,not-needed,not-needed,direct_mcp_review=ok; no distinct player-authored devotional outcome at a safe stage.
COREQ-0743,core,V02,V02-02,standard,Skyrim.esm:0549F3,TG03SP,Skyrim.esm,ok,STRUCTURAL-SILENT,not-needed,SILENT,not-needed,not-needed,not-needed,not-needed,direct_mcp_review=ok; no distinct player-authored devotional outcome at a safe stage.
COREQ-0744,core,V02,V02-02,standard,Skyrim.esm:054AAC,CWPrepareCity,Skyrim.esm,ok,SEMANTIC-SILENT,not-needed,SILENT,not-needed,not-needed,not-needed,not-needed,direct_mcp_review=ok; no distinct player-authored devotional outcome at a safe stage.
COREQ-0745,core,V02,V02-02,standard,Skyrim.esm:054D0A,MG01Pointer,Skyrim.esm,ok,STRUCTURAL-SILENT,not-needed,SILENT,not-needed,not-needed,not-needed,not-needed,direct_mcp_review=ok; no distinct player-authored devotional outcome at a safe stage.
COREQ-0746,core,V02,V02-02,standard,Skyrim.esm:0555DD,FreeformDragonBridge01,Skyrim.esm,ok,APPROVED,ok,APPROVED,ok,ok,ok,ok,direct_mcp_review=ok; owner-approved tagged row; cross-generation and promotion pending. direct_post_promotion_readback=ok; route_evidence=ok; runtime_marker_check=ok; compile=ok.
COREQ-0747,core,V02,V02-02,standard,Skyrim.esm:0557E9,FreeformRiften15,Skyrim.esm,ok,APPROVED,ok,APPROVED,ok,ok,ok,ok,direct_mcp_review=ok; s200 exact paid commercial delivery resolved from INFO TIF and official QF fragments; cross-generation and promotion pending root closeout. direct_post_promotion_readback=ok; route_evidence=ok; runtime_marker_check=ok; compile=ok.
COREQ-0748,core,V02,V02-02,standard,Skyrim.esm:0557F3,FreeformRiften16,Skyrim.esm,ok,APPROVED,ok,APPROVED,ok,ok,ok,ok,direct_mcp_review=ok; s200 exact repaired-sword delivery resolved from INFO TIF and official QF fragments; cross-generation and promotion pending root closeout. direct_post_promotion_readback=ok; route_evidence=ok; runtime_marker_check=ok; compile=ok.
COREQ-0749,core,V02,V02-02,standard,Skyrim.esm:055977,dunMidden01QST,Skyrim.esm,ok,AMBIGUOUS,ok,UNREVIEWED,inert,-,-,-,direct_mcp_review=ok; QF decompile does not prove which player choice owns s80 versus s100; release-or-fight remains unsafe.
COREQ-0750,core,V02,V02-02,standard,Skyrim.esm:055A6E,DialogueMarkarthBlacksmithScene01,Skyrim.esm,ok,STRUCTURAL-SILENT,not-needed,SILENT,not-needed,not-needed,not-needed,not-needed,direct_mcp_review=ok; no distinct player-authored devotional outcome at a safe stage.
COREQ-0751,core,V02,V02-02,standard,Skyrim.esm:055A76,DialogueMarkarthPostAttackScene01,Skyrim.esm,ok,STRUCTURAL-SILENT,not-needed,SILENT,not-needed,not-needed,not-needed,not-needed,direct_mcp_review=ok; no distinct player-authored devotional outcome at a safe stage.
COREQ-0752,core,V02,V02-02,standard,Skyrim.esm:055AA4,TG07SP,Skyrim.esm,ok,STRUCTURAL-SILENT,not-needed,SILENT,not-needed,not-needed,not-needed,not-needed,direct_mcp_review=ok; no distinct player-authored devotional outcome at a safe stage.
COREQ-0753,core,V02,V02-02,standard,Skyrim.esm:055AA9,DialogueMarkarthStablesBanningCedranScene01,Skyrim.esm,ok,STRUCTURAL-SILENT,not-needed,SILENT,not-needed,not-needed,not-needed,not-needed,direct_mcp_review=ok; no distinct player-authored devotional outcome at a safe stage.
COREQ-0754,core,V02,V02-02,standard,Skyrim.esm:055B0F,DialogueMarkarthStablesBanningCedranScene02,Skyrim.esm,ok,STRUCTURAL-SILENT,not-needed,SILENT,not-needed,not-needed,not-needed,not-needed,direct_mcp_review=ok; no distinct player-authored devotional outcome at a safe stage.
COREQ-0755,core,V02,V02-02,standard,Skyrim.esm:055BFD,MS08ArgueQuest,Skyrim.esm,ok,SEMANTIC-SILENT,not-needed,SILENT,not-needed,not-needed,not-needed,not-needed,direct_mcp_review=ok; no distinct player-authored devotional outcome at a safe stage.
COREQ-0756,core,V02,V02-02,existing-core-row,Skyrim.esm:057F99,TG08A,Skyrim.esm,ok,APPROVED,not-needed,APPROVED,not-needed,not-needed,ok,ok,direct_mcp_review=ok; existing authored row ownership reconfirmed by direct QUST readback.
COREQ-0757,core,V02,V02-02,standard,Skyrim.esm:0590CE,DialogueMarkarthInnEndonFamilyScene01,Skyrim.esm,ok,STRUCTURAL-SILENT,not-needed,SILENT,not-needed,not-needed,not-needed,not-needed,direct_mcp_review=ok; no distinct player-authored devotional outcome at a safe stage.
COREQ-0758,core,V02,V02-02,standard,Skyrim.esm:0590D0,DialogueMarkarthInnEndonFamilyScene02,Skyrim.esm,ok,STRUCTURAL-SILENT,not-needed,SILENT,not-needed,not-needed,not-needed,not-needed,direct_mcp_review=ok; no distinct player-authored devotional outcome at a safe stage.
COREQ-0759,core,V02,V02-02,standard,Skyrim.esm:0590D2,DialogueMarkarthMarketSceneHogniDegaine1,Skyrim.esm,ok,STRUCTURAL-SILENT,not-needed,SILENT,not-needed,not-needed,not-needed,not-needed,direct_mcp_review=ok; no distinct player-authored devotional outcome at a safe stage.
COREQ-0760,core,V02,V02-02,standard,Skyrim.esm:0590D4,DialogueMarkarthMarketSceneHogniDegaine2,Skyrim.esm,ok,STRUCTURAL-SILENT,not-needed,SILENT,not-needed,not-needed,not-needed,not-needed,direct_mcp_review=ok; no distinct player-authored devotional outcome at a safe stage.
COREQ-0761,core,V02,V02-02,standard,Skyrim.esm:059B00,DialogueMarkarthKeepMothThongvorScene01,Skyrim.esm,ok,STRUCTURAL-SILENT,not-needed,SILENT,not-needed,not-needed,not-needed,not-needed,direct_mcp_review=ok; no distinct player-authored devotional outcome at a safe stage.
COREQ-0762,core,V02,V02-02,standard,Skyrim.esm:059B02,DialogueMarkarthKeepMothThongvorScene02,Skyrim.esm,ok,STRUCTURAL-SILENT,not-needed,SILENT,not-needed,not-needed,not-needed,not-needed,direct_mcp_review=ok; no distinct player-authored devotional outcome at a safe stage.
COREQ-0763,core,V02,V02-02,standard,Skyrim.esm:059F70,DialogueMarkarthArnleifLisbetCosnachScene01,Skyrim.esm,ok,STRUCTURAL-SILENT,not-needed,SILENT,not-needed,not-needed,not-needed,not-needed,direct_mcp_review=ok; no distinct player-authored devotional outcome at a safe stage.
COREQ-0764,core,V02,V02-02,standard,Skyrim.esm:059F72,DialogueMarkarthArnleifLisbetCosnachScene02,Skyrim.esm,ok,STRUCTURAL-SILENT,not-needed,SILENT,not-needed,not-needed,not-needed,not-needed,direct_mcp_review=ok; no distinct player-authored devotional outcome at a safe stage.
COREQ-0765,core,V02,V02-02,standard,Skyrim.esm:059F74,DialogueMarkarthSmelterMulushOmluag02,Skyrim.esm,ok,STRUCTURAL-SILENT,not-needed,SILENT,not-needed,not-needed,not-needed,not-needed,direct_mcp_review=ok; no distinct player-authored devotional outcome at a safe stage.
COREQ-0766,core,V02,V02-02,standard,Skyrim.esm:059F76,DialogueMarkarthSmelterMulushOmluag01,Skyrim.esm,ok,STRUCTURAL-SILENT,not-needed,SILENT,not-needed,not-needed,not-needed,not-needed,direct_mcp_review=ok; no distinct player-authored devotional outcome at a safe stage.
COREQ-0767,core,V02,V02-02,standard,Skyrim.esm:059F78,DialogueMarkarthSmelterMulushHathrasil02,Skyrim.esm,ok,STRUCTURAL-SILENT,not-needed,SILENT,not-needed,not-needed,not-needed,not-needed,direct_mcp_review=ok; no distinct player-authored devotional outcome at a safe stage.
COREQ-0768,core,V02,V02-02,standard,Skyrim.esm:059F7A,DialogueMarkarthSmelterMulushHathrasil01,Skyrim.esm,ok,STRUCTURAL-SILENT,not-needed,SILENT,not-needed,not-needed,not-needed,not-needed,direct_mcp_review=ok; no distinct player-authored devotional outcome at a safe stage.
COREQ-0769,core,V02,V02-02,standard,Skyrim.esm:059F7C,DialogueMarkarthSmelterOmluagHathrasil02,Skyrim.esm,ok,STRUCTURAL-SILENT,not-needed,SILENT,not-needed,not-needed,not-needed,not-needed,direct_mcp_review=ok; no distinct player-authored devotional outcome at a safe stage.
COREQ-0770,core,V02,V02-02,standard,Skyrim.esm:059F7E,DialogueMarkarthSmelterOmluagHathrasil01,Skyrim.esm,ok,STRUCTURAL-SILENT,not-needed,SILENT,not-needed,not-needed,not-needed,not-needed,direct_mcp_review=ok; no distinct player-authored devotional outcome at a safe stage.
COREQ-0771,core,V02,V02-02,standard,Skyrim.esm:05A0C8,DialogueFalkreathDengeirsHallScene01,Skyrim.esm,ok,STRUCTURAL-SILENT,not-needed,SILENT,not-needed,not-needed,not-needed,not-needed,direct_mcp_review=ok; no distinct player-authored devotional outcome at a safe stage.
COREQ-0772,core,V02,V02-02,standard,Skyrim.esm:05A609,MGRRogue,Skyrim.esm,ok,APPROVED,ok,APPROVED,ok,ok,ok,ok,direct_mcp_review=ok; target script proves player kill advances the quest and QF proves s200 is the report terminal. direct_post_promotion_readback=ok; route_evidence=ok; runtime_marker_check=ok; compile=ok.
COREQ-0773,core,V02,V02-02,standard,Skyrim.esm:05A6DC,DialogueFavorGeneric,Skyrim.esm,ok,STRUCTURAL-SILENT,not-needed,SILENT,not-needed,not-needed,not-needed,not-needed,direct_mcp_review=ok; no distinct player-authored devotional outcome at a safe stage.
COREQ-0774,core,V02,V02-02,standard,Skyrim.esm:05A82C,CWMissionCatchEventTopA,Skyrim.esm,ok,SEMANTIC-SILENT,not-needed,SILENT,not-needed,not-needed,not-needed,not-needed,direct_mcp_review=ok; no distinct player-authored devotional outcome at a safe stage.
COREQ-0775,core,V02,V02-02,standard,Skyrim.esm:05A82D,CWMissionCatchEventBottomA,Skyrim.esm,ok,SEMANTIC-SILENT,not-needed,SILENT,not-needed,not-needed,not-needed,not-needed,direct_mcp_review=ok; no distinct player-authored devotional outcome at a safe stage.
COREQ-0776,core,V02,V02-02,standard,Skyrim.esm:05A82F,CWMissionCatchEventTopB,Skyrim.esm,ok,SEMANTIC-SILENT,not-needed,SILENT,not-needed,not-needed,not-needed,not-needed,direct_mcp_review=ok; no distinct player-authored devotional outcome at a safe stage.
COREQ-0777,core,V02,V02-02,standard,Skyrim.esm:05A830,CWMissionCatchEventBottomB,Skyrim.esm,ok,SEMANTIC-SILENT,not-needed,SILENT,not-needed,not-needed,not-needed,not-needed,direct_mcp_review=ok; no distinct player-authored devotional outcome at a safe stage.
COREQ-0778,core,V02,V02-02,standard,Skyrim.esm:05AEC3,dunWhiterunJailQST,Skyrim.esm,ok,STRUCTURAL-SILENT,not-needed,SILENT,not-needed,not-needed,not-needed,not-needed,direct_mcp_review=ok; no distinct player-authored devotional outcome at a safe stage.
COREQ-0779,core,V02,V02-02,standard,Skyrim.esm:05B0EA,dunDuskglowQST,Skyrim.esm,ok,SEMANTIC-SILENT,not-needed,SILENT,not-needed,not-needed,not-needed,not-needed,direct_mcp_review=ok; no distinct player-authored devotional outcome at a safe stage.
COREQ-0780,core,V02,V02-02,standard,Skyrim.esm:05B1B7,CreatureDialogueDog,Skyrim.esm,ok,STRUCTURAL-SILENT,not-needed,SILENT,not-needed,not-needed,not-needed,not-needed,direct_mcp_review=ok; no distinct player-authored devotional outcome at a safe stage.
COREQ-0781,core,V02,V02-02,standard,Skyrim.esm:05B1B9,DialogueGenericSceneDog01,Skyrim.esm,ok,STRUCTURAL-SILENT,not-needed,SILENT,not-needed,not-needed,not-needed,not-needed,direct_mcp_review=ok; no distinct player-authored devotional outcome at a safe stage.
COREQ-0782,core,V02,V02-02,standard,Skyrim.esm:05B297,DialogueDawnstarInnFridaKaritaScene02,Skyrim.esm,ok,STRUCTURAL-SILENT,not-needed,SILENT,not-needed,not-needed,not-needed,not-needed,direct_mcp_review=ok; no distinct player-authored devotional outcome at a safe stage.
COREQ-0783,core,V02,V02-02,standard,Skyrim.esm:05B299,DialogueDawnstarInnFridaKaritaScene01,Skyrim.esm,ok,STRUCTURAL-SILENT,not-needed,SILENT,not-needed,not-needed,not-needed,not-needed,direct_mcp_review=ok; no distinct player-authored devotional outcome at a safe stage.
COREQ-0784,core,V02,V02-02,standard,Skyrim.esm:05B29B,DialogueDawnstarInnFridaThoringScene02,Skyrim.esm,ok,STRUCTURAL-SILENT,not-needed,SILENT,not-needed,not-needed,not-needed,not-needed,direct_mcp_review=ok; no distinct player-authored devotional outcome at a safe stage.
COREQ-0785,core,V02,V02-02,standard,Skyrim.esm:05B29D,DialogueDawnstarInnFridaThoringScene01,Skyrim.esm,ok,STRUCTURAL-SILENT,not-needed,SILENT,not-needed,not-needed,not-needed,not-needed,direct_mcp_review=ok; no distinct player-authored devotional outcome at a safe stage.
COREQ-0786,core,V02,V02-02,standard,Skyrim.esm:05B29F,DialogueDawnstarInnIrgnirFrukiScene02,Skyrim.esm,ok,STRUCTURAL-SILENT,not-needed,SILENT,not-needed,not-needed,not-needed,not-needed,direct_mcp_review=ok; no distinct player-authored devotional outcome at a safe stage.
COREQ-0787,core,V02,V02-02,standard,Skyrim.esm:05B2A1,DialogueDawnstarInnIrgnirFrukiScene01,Skyrim.esm,ok,STRUCTURAL-SILENT,not-needed,SILENT,not-needed,not-needed,not-needed,not-needed,direct_mcp_review=ok; no distinct player-authored devotional outcome at a safe stage.
COREQ-0788,core,V02,V02-02,standard,Skyrim.esm:05B2DE,FreeformRiften17,Skyrim.esm,ok,APPROVED,ok,APPROVED,ok,ok,ok,ok,direct_mcp_review=ok; s200 exact paid ore-sample delivery resolved from INFO TIF and official QF fragments; cross-generation and promotion pending root closeout. direct_post_promotion_readback=ok; route_evidence=ok; runtime_marker_check=ok; compile=ok.
COREQ-0789,core,V02,V02-02,standard,Skyrim.esm:05B2F2,DialogueGenericDogHellos,Skyrim.esm,ok,STRUCTURAL-SILENT,not-needed,SILENT,not-needed,not-needed,not-needed,not-needed,direct_mcp_review=ok; no distinct player-authored devotional outcome at a safe stage.
COREQ-0790,core,V02,V02-02,standard,Skyrim.esm:05B3A5,FreeformRiften18,Skyrim.esm,ok,APPROVED,ok,APPROVED,ok,ok,ok,ok,direct_mcp_review=ok; s200 exact traditional-jewelry material handoff resolved from INFO TIF and official QF fragments; cross-generation and promotion pending root closeout. direct_post_promotion_readback=ok; route_evidence=ok; runtime_marker_check=ok; compile=ok.
COREQ-0791,core,V02,V02-02,standard,Skyrim.esm:05B5DC,MGSuspensionQuest,Skyrim.esm,ok,SEMANTIC-SILENT,not-needed,SILENT,not-needed,not-needed,not-needed,not-needed,direct_mcp_review=ok; no distinct player-authored devotional outcome at a safe stage.
COREQ-0792,core,V02,V02-02,standard,Skyrim.esm:05CBAA,CWDialogue,Skyrim.esm,ok,STRUCTURAL-SILENT,not-needed,SILENT,not-needed,not-needed,not-needed,not-needed,direct_mcp_review=ok; no distinct player-authored devotional outcome at a safe stage.
COREQ-0793,core,V02,V02-02,standard,Skyrim.esm:05CE25,DialogueRiftenSS05,Skyrim.esm,ok,STRUCTURAL-SILENT,not-needed,SILENT,not-needed,not-needed,not-needed,not-needed,direct_mcp_review=ok; no distinct player-authored devotional outcome at a safe stage.
COREQ-0794,core,V02,V02-02,standard,Skyrim.esm:05D2E9,FreeformWinterholdCollegeA,Skyrim.esm,ok,SEMANTIC-SILENT,not-needed,SILENT,not-needed,not-needed,not-needed,not-needed,direct_mcp_review=ok; no distinct player-authored devotional outcome at a safe stage.
COREQ-0795,core,V02,V02-02,standard,Skyrim.esm:05D32A,DialogueWinterholdCollegeDormitoryScene03,Skyrim.esm,ok,STRUCTURAL-SILENT,not-needed,SILENT,not-needed,not-needed,not-needed,not-needed,direct_mcp_review=ok; no distinct player-authored devotional outcome at a safe stage.
COREQ-0796,core,V02,V02-02,standard,Skyrim.esm:05D32C,DialogueWinterholdCollegeDormitoryScene04,Skyrim.esm,ok,STRUCTURAL-SILENT,not-needed,SILENT,not-needed,not-needed,not-needed,not-needed,direct_mcp_review=ok; no distinct player-authored devotional outcome at a safe stage.
COREQ-0797,core,V02,V02-02,standard,Skyrim.esm:05D32E,DialogueWinterholdCollegeDormitoryScene05,Skyrim.esm,ok,STRUCTURAL-SILENT,not-needed,SILENT,not-needed,not-needed,not-needed,not-needed,direct_mcp_review=ok; no distinct player-authored devotional outcome at a safe stage.
COREQ-0798,core,V02,V02-02,standard,Skyrim.esm:05D330,DA05LocationCheck,Skyrim.esm,ok,SEMANTIC-SILENT,not-needed,SILENT,not-needed,not-needed,not-needed,not-needed,direct_mcp_review=ok; no distinct player-authored devotional outcome at a safe stage.
COREQ-0799,core,V02,V02-02,standard,Skyrim.esm:05E2D7,DialogueWinterholdCollegeArcanaeumScene07,Skyrim.esm,ok,STRUCTURAL-SILENT,not-needed,SILENT,not-needed,not-needed,not-needed,not-needed,direct_mcp_review=ok; no distinct player-authored devotional outcome at a safe stage.
COREQ-0800,core,V02,V02-02,standard,Skyrim.esm:05E2D9,DialogueWinterholdCollegeDormitoryScene06,Skyrim.esm,ok,STRUCTURAL-SILENT,not-needed,SILENT,not-needed,not-needed,not-needed,not-needed,direct_mcp_review=ok; no distinct player-authored devotional outcome at a safe stage.
COREQ-0801,core,V02,V02-02,standard,Skyrim.esm:05E2DB,DialogueWinterholdCollegeDormitoryScene07,Skyrim.esm,ok,STRUCTURAL-SILENT,not-needed,SILENT,not-needed,not-needed,not-needed,not-needed,direct_mcp_review=ok; no distinct player-authored devotional outcome at a safe stage.
COREQ-0802,core,V02,V02-02,standard,Skyrim.esm:05E2DD,DialogueWinterholdCollegeGHallScene05,Skyrim.esm,ok,STRUCTURAL-SILENT,not-needed,SILENT,not-needed,not-needed,not-needed,not-needed,direct_mcp_review=ok; no distinct player-authored devotional outcome at a safe stage.
COREQ-0803,core,V02,V02-02,standard,Skyrim.esm:05E2DF,DialogueWinterholdCollegeDormitoryScene08,Skyrim.esm,ok,STRUCTURAL-SILENT,not-needed,SILENT,not-needed,not-needed,not-needed,not-needed,direct_mcp_review=ok; no distinct player-authored devotional outcome at a safe stage.
COREQ-0804,core,V02,V02-02,standard,Skyrim.esm:05E2E1,DialogueWinterholdCollegeDormitoryScene09,Skyrim.esm,ok,STRUCTURAL-SILENT,not-needed,SILENT,not-needed,not-needed,not-needed,not-needed,direct_mcp_review=ok; no distinct player-authored devotional outcome at a safe stage.
COREQ-0805,core,V02,V02-02,standard,Skyrim.esm:05E93E,WE22,Skyrim.esm,ok,STRUCTURAL-SILENT,not-needed,SILENT,not-needed,not-needed,not-needed,not-needed,direct_mcp_review=ok; no distinct player-authored devotional outcome at a safe stage.
COREQ-0806,core,V02,V02-02,standard,Skyrim.esm:05EE55,DialogueRiftenBeeAndBarbScene15,Skyrim.esm,ok,STRUCTURAL-SILENT,not-needed,SILENT,not-needed,not-needed,not-needed,not-needed,direct_mcp_review=ok; no distinct player-authored devotional outcome at a safe stage.
COREQ-0807,core,V02,V02-02,standard,Skyrim.esm:05EE57,DialogueRiftenBeeAndBarbScene16,Skyrim.esm,ok,STRUCTURAL-SILENT,not-needed,SILENT,not-needed,not-needed,not-needed,not-needed,direct_mcp_review=ok; no distinct player-authored devotional outcome at a safe stage.
COREQ-0808,core,V02,V02-02,standard,Skyrim.esm:05EE5C,DialogueRiftenBeeAndBarbScene17,Skyrim.esm,ok,STRUCTURAL-SILENT,not-needed,SILENT,not-needed,not-needed,not-needed,not-needed,direct_mcp_review=ok; no distinct player-authored devotional outcome at a safe stage.
COREQ-0809,core,V02,V02-02,standard,Skyrim.esm:05EE62,DialogueRiftenBeeAndBarbScene18,Skyrim.esm,ok,STRUCTURAL-SILENT,not-needed,SILENT,not-needed,not-needed,not-needed,not-needed,direct_mcp_review=ok; no distinct player-authored devotional outcome at a safe stage.
COREQ-0810,core,V02,V02-02,standard,Skyrim.esm:05EE68,DialogueRiftenBeeAndBarbScene19,Skyrim.esm,ok,STRUCTURAL-SILENT,not-needed,SILENT,not-needed,not-needed,not-needed,not-needed,direct_mcp_review=ok; no distinct player-authored devotional outcome at a safe stage.
COREQ-0811,core,V02,V02-02,standard,Skyrim.esm:05EE76,DialogueRiftenBeeAndBarbScene20,Skyrim.esm,ok,STRUCTURAL-SILENT,not-needed,SILENT,not-needed,not-needed,not-needed,not-needed,direct_mcp_review=ok; no distinct player-authored devotional outcome at a safe stage.
COREQ-0812,core,V02,V02-02,standard,Skyrim.esm:05F596,PerksQuest,Skyrim.esm,ok,STRUCTURAL-SILENT,not-needed,SILENT,not-needed,not-needed,not-needed,not-needed,direct_mcp_review=ok; no distinct player-authored devotional outcome at a safe stage.
COREQ-0813,core,V02,V02-02,standard,Skyrim.esm:05FB1C,DialogueRiftenGrandPlazaScene11,Skyrim.esm,ok,STRUCTURAL-SILENT,not-needed,SILENT,not-needed,not-needed,not-needed,not-needed,direct_mcp_review=ok; no distinct player-authored devotional outcome at a safe stage.
COREQ-0814,core,V02,V02-02,standard,Skyrim.esm:05FB1E,DialogueRiftenGrandPlazaScene12,Skyrim.esm,ok,STRUCTURAL-SILENT,not-needed,SILENT,not-needed,not-needed,not-needed,not-needed,direct_mcp_review=ok; no distinct player-authored devotional outcome at a safe stage.
COREQ-0815,core,V02,V02-02,standard,Skyrim.esm:05FB20,DialogueRiftenGrandPlazaScene13,Skyrim.esm,ok,STRUCTURAL-SILENT,not-needed,SILENT,not-needed,not-needed,not-needed,not-needed,direct_mcp_review=ok; no distinct player-authored devotional outcome at a safe stage.
COREQ-0816,core,V02,V02-02,standard,Skyrim.esm:05FB22,DialogueRiftenGrandPlazaScene14,Skyrim.esm,ok,STRUCTURAL-SILENT,not-needed,SILENT,not-needed,not-needed,not-needed,not-needed,direct_mcp_review=ok; no distinct player-authored devotional outcome at a safe stage.
COREQ-0817,core,V02,V02-02,standard,Skyrim.esm:05FB24,DialogueRiftenGrandPlazaScene15,Skyrim.esm,ok,STRUCTURAL-SILENT,not-needed,SILENT,not-needed,not-needed,not-needed,not-needed,direct_mcp_review=ok; no distinct player-authored devotional outcome at a safe stage.
COREQ-0818,core,V02,V02-02,standard,Skyrim.esm:05FB26,DialogueRiftenGrandPlazaScene16,Skyrim.esm,ok,STRUCTURAL-SILENT,not-needed,SILENT,not-needed,not-needed,not-needed,not-needed,direct_mcp_review=ok; no distinct player-authored devotional outcome at a safe stage.
COREQ-0819,core,V02,V02-02,standard,Skyrim.esm:05FB28,DialogueRiftenGrandPlazaScene17,Skyrim.esm,ok,STRUCTURAL-SILENT,not-needed,SILENT,not-needed,not-needed,not-needed,not-needed,direct_mcp_review=ok; no distinct player-authored devotional outcome at a safe stage.
COREQ-0820,core,V02,V02-02,standard,Skyrim.esm:05FB2A,DialogueRiftenGrandPlazaScene18,Skyrim.esm,ok,STRUCTURAL-SILENT,not-needed,SILENT,not-needed,not-needed,not-needed,not-needed,direct_mcp_review=ok; no distinct player-authored devotional outcome at a safe stage.
COREQ-0821,core,V02,V02-02,standard,Skyrim.esm:05FB2C,DialogueRiftenGrandPlazaScene19,Skyrim.esm,ok,STRUCTURAL-SILENT,not-needed,SILENT,not-needed,not-needed,not-needed,not-needed,direct_mcp_review=ok; no distinct player-authored devotional outcome at a safe stage.
COREQ-0822,core,V02,V02-02,standard,Skyrim.esm:05FB2E,DialogueRiftenGrandPlazaScene20,Skyrim.esm,ok,STRUCTURAL-SILENT,not-needed,SILENT,not-needed,not-needed,not-needed,not-needed,direct_mcp_review=ok; no distinct player-authored devotional outcome at a safe stage.
COREQ-0823,core,V02,V02-02,standard,Skyrim.esm:05FC1D,DialogueRiftenGrandPlazaScene21,Skyrim.esm,ok,STRUCTURAL-SILENT,not-needed,SILENT,not-needed,not-needed,not-needed,not-needed,direct_mcp_review=ok; no distinct player-authored devotional outcome at a safe stage.
COREQ-0824,core,V02,V02-02,standard,Skyrim.esm:05FC97,DialogueRiftenGrandPlazaScene22,Skyrim.esm,ok,STRUCTURAL-SILENT,not-needed,SILENT,not-needed,not-needed,not-needed,not-needed,direct_mcp_review=ok; no distinct player-authored devotional outcome at a safe stage.
COREQ-0825,core,V02,V02-02,standard,Skyrim.esm:05FCC0,DialogueRiftenGrandPlazaScene23,Skyrim.esm,ok,STRUCTURAL-SILENT,not-needed,SILENT,not-needed,not-needed,not-needed,not-needed,direct_mcp_review=ok; no distinct player-authored devotional outcome at a safe stage.
COREQ-0826,core,V02,V02-02,standard,Skyrim.esm:05FD0D,DialogueRiftenGrandPlazaScene24,Skyrim.esm,ok,STRUCTURAL-SILENT,not-needed,SILENT,not-needed,not-needed,not-needed,not-needed,direct_mcp_review=ok; no distinct player-authored devotional outcome at a safe stage.
COREQ-0827,core,V02,V02-02,standard,Skyrim.esm:060026,FavorJobsBeggars,Skyrim.esm,ok,STRUCTURAL-SILENT,not-needed,SILENT,not-needed,not-needed,not-needed,not-needed,direct_mcp_review=ok; no distinct player-authored devotional outcome at a safe stage.
COREQ-0828,core,V02,V02-02,standard,Skyrim.esm:0606FB,DialogueDushnikhYalBlacksmithingScene01,Skyrim.esm,ok,STRUCTURAL-SILENT,not-needed,SILENT,not-needed,not-needed,not-needed,not-needed,direct_mcp_review=ok; no distinct player-authored devotional outcome at a safe stage.
COREQ-0829,core,V02,V02-02,standard,Skyrim.esm:0606FD,DialogueDushnikhYalBlacksmithingScene02,Skyrim.esm,ok,STRUCTURAL-SILENT,not-needed,SILENT,not-needed,not-needed,not-needed,not-needed,direct_mcp_review=ok; no distinct player-authored devotional outcome at a safe stage.
COREQ-0830,core,V02,V02-02,standard,Skyrim.esm:0606FF,DialogueDushnikhYalBlacksmithingScene03,Skyrim.esm,ok,STRUCTURAL-SILENT,not-needed,SILENT,not-needed,not-needed,not-needed,not-needed,direct_mcp_review=ok; no distinct player-authored devotional outcome at a safe stage.
COREQ-0831,core,V02,V02-02,standard,Skyrim.esm:060713,DialogueMorKhazgurBagrakBorghakScene01,Skyrim.esm,ok,STRUCTURAL-SILENT,not-needed,SILENT,not-needed,not-needed,not-needed,not-needed,direct_mcp_review=ok; no distinct player-authored devotional outcome at a safe stage.
COREQ-0832,core,V02,V02-02,standard,Skyrim.esm:06098E,TGRFO,Skyrim.esm,ok,APPROVED,ok,APPROVED,ok,ok,ok,ok,direct_mcp_review=ok; s200 journal and QF prove successful forged-ledger completion; daily cap owns repetition control. direct_post_promotion_readback=ok; route_evidence=ok; runtime_marker_check=ok; compile=ok.
COREQ-0833,core,V02,V02-02,standard,Skyrim.esm:060990,TGRNT,Skyrim.esm,ok,APPROVED,ok,APPROVED,ok,ok,ok,ok,direct_mcp_review=ok; s200 journal and QF prove successful theft completion; daily cap owns repetition control. direct_post_promotion_readback=ok; route_evidence=ok; runtime_marker_check=ok; compile=ok.
COREQ-0834,core,V02,V02-02,standard,Skyrim.esm:06099C,FreeformMarkarthL,Skyrim.esm,ok,APPROVED,ok,APPROVED,ok,ok,ok,ok,direct_mcp_review=ok; s200 exact apprenticeship-book handoff resolved from INFO TIF and official QF fragments; cross-generation and promotion pending root closeout. direct_post_promotion_readback=ok; route_evidence=ok; runtime_marker_check=ok; compile=ok.
COREQ-0835,core,V02,V02-02,standard,Skyrim.esm:06136B,FreeformSoljundsSinkholeA,Skyrim.esm,ok,APPROVED,ok,APPROVED,ok,ok,ok,ok,direct_mcp_review=ok; owner-approved tagged row; cross-generation and promotion pending. direct_post_promotion_readback=ok; route_evidence=ok; runtime_marker_check=ok; compile=ok.
COREQ-0836,core,V02,V02-02,standard,Skyrim.esm:0614F7,DialogueSoljundsMineHouseScene02,Skyrim.esm,ok,STRUCTURAL-SILENT,not-needed,SILENT,not-needed,not-needed,not-needed,not-needed,direct_mcp_review=ok; no distinct player-authored devotional outcome at a safe stage.
COREQ-0837,core,V02,V02-02,standard,Skyrim.esm:0614FA,DialogueSoljundsMineHouseScene03,Skyrim.esm,ok,STRUCTURAL-SILENT,not-needed,SILENT,not-needed,not-needed,not-needed,not-needed,direct_mcp_review=ok; no distinct player-authored devotional outcome at a safe stage.
COREQ-0838,core,V02,V02-02,standard,Skyrim.esm:0614FC,DialogueSoljundsMineHouseScene04,Skyrim.esm,ok,STRUCTURAL-SILENT,not-needed,SILENT,not-needed,not-needed,not-needed,not-needed,direct_mcp_review=ok; no distinct player-authored devotional outcome at a safe stage.
COREQ-0839,core,V02,V02-02,standard,Skyrim.esm:06150E,DialogueSoljundsMineScene01,Skyrim.esm,ok,STRUCTURAL-SILENT,not-needed,SILENT,not-needed,not-needed,not-needed,not-needed,direct_mcp_review=ok; no distinct player-authored devotional outcome at a safe stage.
COREQ-0840,core,V02,V02-02,standard,Skyrim.esm:061510,DialogueSoljundsMineScene02,Skyrim.esm,ok,STRUCTURAL-SILENT,not-needed,SILENT,not-needed,not-needed,not-needed,not-needed,direct_mcp_review=ok; no distinct player-authored devotional outcome at a safe stage.
COREQ-0841,core,V02,V02-02,standard,Skyrim.esm:062103,WE23,Skyrim.esm,ok,STRUCTURAL-SILENT,not-needed,SILENT,not-needed,not-needed,not-needed,not-needed,direct_mcp_review=ok; no distinct player-authored devotional outcome at a safe stage.
COREQ-0842,core,V02,V02-02,standard,Skyrim.esm:062119,WE24,Skyrim.esm,ok,AMBIGUOUS,ok,UNREVIEWED,inert,-,-,-,direct_mcp_review=ok; QF decompile confirms only s0 startup and s255 cleanup; no safe honorable-combat success stage.
COREQ-0843,core,V02,V02-02,standard,Skyrim.esm:062131,WE25,Skyrim.esm,ok,STRUCTURAL-SILENT,not-needed,SILENT,not-needed,not-needed,not-needed,not-needed,direct_mcp_review=ok; no distinct player-authored devotional outcome at a safe stage.
COREQ-0844,core,V02,V02-02,standard,Skyrim.esm:0622E8,FreeformKarthwastenA,Skyrim.esm,ok,APPROVED,ok,APPROVED,ok,ok,ok,ok,direct_mcp_review=ok; QF decompile maps s100 to helping Ainethach and s200 to helping Atar; only supported s100 is proposed. direct_post_promotion_readback=ok; route_evidence=ok; runtime_marker_check=ok; compile=ok.
COREQ-0845,core,V02,V02-02,standard,Skyrim.esm:062F54,FreeformWinterholdA,Skyrim.esm,ok,APPROVED,ok,APPROVED,ok,ok,ok,ok,direct_mcp_review=ok; owner-approved tagged row; cross-generation and promotion pending. direct_post_promotion_readback=ok; route_evidence=ok; runtime_marker_check=ok; compile=ok.
COREQ-0846,core,V02,V02-02,standard,Skyrim.esm:06399F,CreatureDialogueChaurus,Skyrim.esm,ok,STRUCTURAL-SILENT,not-needed,SILENT,not-needed,not-needed,not-needed,not-needed,direct_mcp_review=ok; no distinct player-authored devotional outcome at a safe stage.
COREQ-0847,core,V02,V02-02,standard,Skyrim.esm:063B14,DialogueKarthwastenRagnarLash05,Skyrim.esm,ok,STRUCTURAL-SILENT,not-needed,SILENT,not-needed,not-needed,not-needed,not-needed,direct_mcp_review=ok; no distinct player-authored devotional outcome at a safe stage.
COREQ-0848,core,V02,V02-02,standard,Skyrim.esm:063B16,DialogueKarthwastenEnmonBelchimach01,Skyrim.esm,ok,STRUCTURAL-SILENT,not-needed,SILENT,not-needed,not-needed,not-needed,not-needed,direct_mcp_review=ok; no distinct player-authored devotional outcome at a safe stage.
COREQ-0849,core,V02,V02-02,standard,Skyrim.esm:063B18,DialogueKarthwastenEnmonBelchimach02,Skyrim.esm,ok,STRUCTURAL-SILENT,not-needed,SILENT,not-needed,not-needed,not-needed,not-needed,direct_mcp_review=ok; no distinct player-authored devotional outcome at a safe stage.
COREQ-0850,core,V02,V02-02,standard,Skyrim.esm:063B24,DialogueKarthwastenT01EnmonsHouseScene01,Skyrim.esm,ok,STRUCTURAL-SILENT,not-needed,SILENT,not-needed,not-needed,not-needed,not-needed,direct_mcp_review=ok; no distinct player-authored devotional outcome at a safe stage.
COREQ-0851,core,V02,V02-02,standard,Skyrim.esm:063B2B,DialogueKarthwastenT01EnmonsHouseScene02,Skyrim.esm,ok,STRUCTURAL-SILENT,not-needed,SILENT,not-needed,not-needed,not-needed,not-needed,direct_mcp_review=ok; no distinct player-authored devotional outcome at a safe stage.
COREQ-0852,core,V02,V02-02,standard,Skyrim.esm:063B2D,DialogueKarthwastenT01EnmonsHouseScene03,Skyrim.esm,ok,STRUCTURAL-SILENT,not-needed,SILENT,not-needed,not-needed,not-needed,not-needed,direct_mcp_review=ok; no distinct player-authored devotional outcome at a safe stage.
COREQ-0853,core,V02,V02-02,standard,Skyrim.esm:063B2F,DialogueKarthwastenT01EnmonsHouseScene04,Skyrim.esm,ok,STRUCTURAL-SILENT,not-needed,SILENT,not-needed,not-needed,not-needed,not-needed,direct_mcp_review=ok; no distinct player-authored devotional outcome at a safe stage.
COREQ-0854,core,V02,V02-02,standard,Skyrim.esm:063B31,DialogueKarthwastenRagnarLash01,Skyrim.esm,ok,STRUCTURAL-SILENT,not-needed,SILENT,not-needed,not-needed,not-needed,not-needed,direct_mcp_review=ok; no distinct player-authored devotional outcome at a safe stage.
COREQ-0855,core,V02,V02-02,standard,Skyrim.esm:063B33,DialogueKarthwastenRagnarLash02,Skyrim.esm,ok,STRUCTURAL-SILENT,not-needed,SILENT,not-needed,not-needed,not-needed,not-needed,direct_mcp_review=ok; no distinct player-authored devotional outcome at a safe stage.
COREQ-0856,core,V02,V02-02,standard,Skyrim.esm:063B35,DialogueKarthwastenRagnarLash03,Skyrim.esm,ok,STRUCTURAL-SILENT,not-needed,SILENT,not-needed,not-needed,not-needed,not-needed,direct_mcp_review=ok; no distinct player-authored devotional outcome at a safe stage.
COREQ-0857,core,V02,V02-02,standard,Skyrim.esm:063B37,DialogueKarthwastenRagnarLash04,Skyrim.esm,ok,STRUCTURAL-SILENT,not-needed,SILENT,not-needed,not-needed,not-needed,not-needed,direct_mcp_review=ok; no distinct player-authored devotional outcome at a safe stage.
COREQ-0858,core,V02,V02-02,standard,Skyrim.esm:063B39,DialogueKarthwastenRagnarBelchimac01,Skyrim.esm,ok,STRUCTURAL-SILENT,not-needed,SILENT,not-needed,not-needed,not-needed,not-needed,direct_mcp_review=ok; no distinct player-authored devotional outcome at a safe stage.
COREQ-0859,core,V02,V02-02,standard,Skyrim.esm:063B3C,DialogueKarthwastenRagnarBelchimac02,Skyrim.esm,ok,STRUCTURAL-SILENT,not-needed,SILENT,not-needed,not-needed,not-needed,not-needed,direct_mcp_review=ok; no distinct player-authored devotional outcome at a safe stage.
COREQ-0860,core,V02,V02-02,standard,Skyrim.esm:063B3E,DialogueKarthwastenLashBelchimac01,Skyrim.esm,ok,STRUCTURAL-SILENT,not-needed,SILENT,not-needed,not-needed,not-needed,not-needed,direct_mcp_review=ok; no distinct player-authored devotional outcome at a safe stage.
COREQ-0861,core,V02,V02-02,standard,Skyrim.esm:063B40,DialogueKarthwastenLashBelchimac02,Skyrim.esm,ok,STRUCTURAL-SILENT,not-needed,SILENT,not-needed,not-needed,not-needed,not-needed,direct_mcp_review=ok; no distinct player-authored devotional outcome at a safe stage.
COREQ-0862,core,V02,V02-02,standard,Skyrim.esm:063B57,MQ201Party,Skyrim.esm,ok,STRUCTURAL-SILENT,not-needed,SILENT,not-needed,not-needed,not-needed,not-needed,direct_mcp_review=ok; no distinct player-authored devotional outcome at a safe stage.
COREQ-0863,core,V02,V02-03,standard,Skyrim.esm:063EE7,DialogueRiftenGrandPlazaScene25,Skyrim.esm,ok,STRUCTURAL-SILENT,not-needed,SILENT,not-needed,not-needed,not-needed,not-needed,
COREQ-0864,core,V02,V02-03,standard,Skyrim.esm:063EE9,DialogueRiftenGrandPlazaScene26,Skyrim.esm,ok,STRUCTURAL-SILENT,not-needed,SILENT,not-needed,not-needed,not-needed,not-needed,
COREQ-0865,core,V02,V02-03,standard,Skyrim.esm:063EEB,DialogueRiftenGrandPlazaScene27,Skyrim.esm,ok,STRUCTURAL-SILENT,not-needed,SILENT,not-needed,not-needed,not-needed,not-needed,
COREQ-0866,core,V02,V02-03,standard,Skyrim.esm:063EEE,DialogueRiftenGrandPlazaScene28,Skyrim.esm,ok,STRUCTURAL-SILENT,not-needed,SILENT,not-needed,not-needed,not-needed,not-needed,
COREQ-0867,core,V02,V02-03,standard,Skyrim.esm:063EF0,DialogueRiftenGrandPlazaScene29,Skyrim.esm,ok,STRUCTURAL-SILENT,not-needed,SILENT,not-needed,not-needed,not-needed,not-needed,
COREQ-0868,core,V02,V02-03,standard,Skyrim.esm:063EF2,DialogueRiftenGrandPlazaScene30,Skyrim.esm,ok,STRUCTURAL-SILENT,not-needed,SILENT,not-needed,not-needed,not-needed,not-needed,
COREQ-0869,core,V02,V02-03,standard,Skyrim.esm:063EF4,DialogueRiftenGrandPlazaScene31,Skyrim.esm,ok,STRUCTURAL-SILENT,not-needed,SILENT,not-needed,not-needed,not-needed,not-needed,
COREQ-0870,core,V02,V02-03,standard,Skyrim.esm:063EF6,DialogueRiftenGrandPlazaScene32,Skyrim.esm,ok,STRUCTURAL-SILENT,not-needed,SILENT,not-needed,not-needed,not-needed,not-needed,
COREQ-0871,core,V02,V02-03,standard,Skyrim.esm:063EF8,DialogueRiftenGrandPlazaScene33,Skyrim.esm,ok,STRUCTURAL-SILENT,not-needed,SILENT,not-needed,not-needed,not-needed,not-needed,
COREQ-0872,core,V02,V02-03,standard,Skyrim.esm:063EFA,DialogueRiftenGrandPlazaScene34,Skyrim.esm,ok,STRUCTURAL-SILENT,not-needed,SILENT,not-needed,not-needed,not-needed,not-needed,
COREQ-0873,core,V02,V02-03,standard,Skyrim.esm:063EFC,DialogueRiftenGrandPlazaScene35,Skyrim.esm,ok,STRUCTURAL-SILENT,not-needed,SILENT,not-needed,not-needed,not-needed,not-needed,
COREQ-0874,core,V02,V02-03,standard,Skyrim.esm:063EFE,DialogueRiftenGrandPlazaScene36,Skyrim.esm,ok,STRUCTURAL-SILENT,not-needed,SILENT,not-needed,not-needed,not-needed,not-needed,
COREQ-0875,core,V02,V02-03,standard,Skyrim.esm:063F00,DialogueRiftenGrandPlazaScene37,Skyrim.esm,ok,STRUCTURAL-SILENT,not-needed,SILENT,not-needed,not-needed,not-needed,not-needed,
COREQ-0876,core,V02,V02-03,standard,Skyrim.esm:063F02,DialogueRiftenGrandPlazaScene38,Skyrim.esm,ok,STRUCTURAL-SILENT,not-needed,SILENT,not-needed,not-needed,not-needed,not-needed,
COREQ-0877,core,V02,V02-03,standard,Skyrim.esm:063F05,DialogueRiftenGrandPlazaScene39,Skyrim.esm,ok,STRUCTURAL-SILENT,not-needed,SILENT,not-needed,not-needed,not-needed,not-needed,
COREQ-0878,core,V02,V02-03,standard,Skyrim.esm:063F07,DialogueRiftenGrandPlazaScene40,Skyrim.esm,ok,STRUCTURAL-SILENT,not-needed,SILENT,not-needed,not-needed,not-needed,not-needed,
COREQ-0879,core,V02,V02-03,standard,Skyrim.esm:063F0A,DialogueRiftenGrandPlazaScene41,Skyrim.esm,ok,STRUCTURAL-SILENT,not-needed,SILENT,not-needed,not-needed,not-needed,not-needed,
COREQ-0880,core,V02,V02-03,standard,Skyrim.esm:063F0C,DialogueRiftenGrandPlazaScene42,Skyrim.esm,ok,STRUCTURAL-SILENT,not-needed,SILENT,not-needed,not-needed,not-needed,not-needed,
COREQ-0881,core,V02,V02-03,standard,Skyrim.esm:063F0E,DialogueRiftenGrandPlazaScene43,Skyrim.esm,ok,STRUCTURAL-SILENT,not-needed,SILENT,not-needed,not-needed,not-needed,not-needed,
COREQ-0882,core,V02,V02-03,standard,Skyrim.esm:06434A,CWCitizensFlee,Skyrim.esm,ok,SEMANTIC-SILENT,not-needed,SILENT,not-needed,not-needed,not-needed,not-needed,
COREQ-0883,core,V02,V02-03,standard,Skyrim.esm:064701,dunBthardamzQST,Skyrim.esm,ok,SEMANTIC-SILENT,not-needed,SILENT,not-needed,not-needed,not-needed,not-needed,
COREQ-0884,core,V02,V02-03,standard,Skyrim.esm:064798,FreeformMarkarthM,Skyrim.esm,ok,APPROVED,ok,APPROVED,ok,ok,ok,ok,"Owner approved 2026-08-12; cross-generation, shared-matrix promotion or repair, and post-readback pending root closeout. direct_post_promotion_readback=ok; route_evidence=ok; runtime_marker_check=ok; compile=ok."
COREQ-0885,core,V02,V02-03,standard,Skyrim.esm:0647A6,FreeformMarkarthMPostQuest,Skyrim.esm,ok,SEMANTIC-SILENT,not-needed,SILENT,not-needed,not-needed,not-needed,not-needed,
COREQ-0886,core,V02,V02-03,standard,Skyrim.esm:0647B3,FreeformMarkarthN,Skyrim.esm,ok,APPROVED,ok,APPROVED,ok,ok,ok,ok,"Owner approved 2026-08-12; cross-generation, shared-matrix promotion or repair, and post-readback pending root closeout. direct_post_promotion_readback=ok; route_evidence=ok; runtime_marker_check=ok; compile=ok."
COREQ-0887,core,V02,V02-03,standard,Skyrim.esm:064958,FreeformStonehillsA,Skyrim.esm,ok,APPROVED,ok,APPROVED,ok,ok,ok,ok,"Owner approved 2026-08-12; cross-generation, shared-matrix promotion or repair, and post-readback pending root closeout. direct_post_promotion_readback=ok; route_evidence=ok; runtime_marker_check=ok; compile=ok."
COREQ-0888,core,V02,V02-03,standard,Skyrim.esm:06499C,DialogueRiftenHaelgasBunkhouseScene09,Skyrim.esm,ok,STRUCTURAL-SILENT,not-needed,SILENT,not-needed,not-needed,not-needed,not-needed,
COREQ-0889,core,V02,V02-03,standard,Skyrim.esm:06499E,DialogueRiftenHaelgasBunkhouseScene10,Skyrim.esm,ok,STRUCTURAL-SILENT,not-needed,SILENT,not-needed,not-needed,not-needed,not-needed,
COREQ-0890,core,V02,V02-03,standard,Skyrim.esm:0649A0,DialogueRiftenHaelgasBunkhouseScene11,Skyrim.esm,ok,STRUCTURAL-SILENT,not-needed,SILENT,not-needed,not-needed,not-needed,not-needed,
COREQ-0891,core,V02,V02-03,standard,Skyrim.esm:0649A2,DialogueRiftenHaelgasBunkhouseScene12,Skyrim.esm,ok,STRUCTURAL-SILENT,not-needed,SILENT,not-needed,not-needed,not-needed,not-needed,
COREQ-0892,core,V02,V02-03,standard,Skyrim.esm:0649FC,DialogueRiftenMaul,Skyrim.esm,ok,SEMANTIC-SILENT,not-needed,SILENT,not-needed,not-needed,not-needed,not-needed,
COREQ-0893,core,V02,V02-03,standard,Skyrim.esm:064A14,TG00MaulHandler,Skyrim.esm,ok,SEMANTIC-SILENT,not-needed,SILENT,not-needed,not-needed,not-needed,not-needed,
COREQ-0894,core,V02,V02-03,standard,Skyrim.esm:064B72,DialogueMarkarthKeepIntroCourtScene,Skyrim.esm,ok,SEMANTIC-SILENT,not-needed,SILENT,not-needed,not-needed,not-needed,not-needed,
COREQ-0895,core,V02,V02-03,standard,Skyrim.esm:064EA8,FreeformWinterholdC,Skyrim.esm,ok,APPROVED,ok,APPROVED,ok,ok,ok,ok,direct_mcp_review=ok; s40 exact final-letter handoff resolved from INFO TIF and official QF fragments; cross-generation and promotion pending root closeout. direct_post_promotion_readback=ok; route_evidence=ok; runtime_marker_check=ok; compile=ok.
COREQ-0896,core,V02,V02-03,standard,Skyrim.esm:064F6C,CWMiscObj,Skyrim.esm,ok,SEMANTIC-SILENT,not-needed,SILENT,not-needed,not-needed,not-needed,not-needed,
COREQ-0897,core,V02,V02-03,standard,Skyrim.esm:06531D,FreeformWinterholdCFin,Skyrim.esm,ok,SEMANTIC-SILENT,not-needed,SILENT,not-needed,not-needed,not-needed,not-needed,
COREQ-0898,core,V02,V02-03,standard,Skyrim.esm:06571D,DialogueWinterholdBirnasHouseScene01,Skyrim.esm,ok,STRUCTURAL-SILENT,not-needed,SILENT,not-needed,not-needed,not-needed,not-needed,
COREQ-0899,core,V02,V02-03,standard,Skyrim.esm:06571F,DialogueWinterholdBirnasHouseScene02,Skyrim.esm,ok,STRUCTURAL-SILENT,not-needed,SILENT,not-needed,not-needed,not-needed,not-needed,
COREQ-0900,core,V02,V02-03,standard,Skyrim.esm:065724,DialogueWinterholdBirnasHouseScene03,Skyrim.esm,ok,STRUCTURAL-SILENT,not-needed,SILENT,not-needed,not-needed,not-needed,not-needed,
COREQ-0901,core,V02,V02-03,standard,Skyrim.esm:065726,DialogueWinterholdBirnasHouseScene04,Skyrim.esm,ok,STRUCTURAL-SILENT,not-needed,SILENT,not-needed,not-needed,not-needed,not-needed,
COREQ-0902,core,V02,V02-03,standard,Skyrim.esm:065BDF,FreeformRiftenThane,Skyrim.esm,ok,APPROVED,ok,APPROVED,ok,ok,ok,ok,"Owner approved 2026-08-12; cross-generation, shared-matrix promotion or repair, and post-readback pending root closeout. direct_post_promotion_readback=ok; route_evidence=ok; runtime_marker_check=ok; compile=ok."
COREQ-0903,core,V02,V02-03,standard,Skyrim.esm:065C30,FreeformRiften19,Skyrim.esm,ok,APPROVED,ok,APPROVED,ok,ok,ok,ok,"Owner approved 2026-08-12; cross-generation, shared-matrix promotion or repair, and post-readback pending root closeout. direct_post_promotion_readback=ok; route_evidence=ok; runtime_marker_check=ok; compile=ok."
COREQ-0904,core,V02,V02-03,standard,Skyrim.esm:065C8D,CWFin,Skyrim.esm,ok,STRUCTURAL-SILENT,not-needed,SILENT,not-needed,not-needed,not-needed,not-needed,
COREQ-0905,core,V02,V02-03,standard,Skyrim.esm:066263,DialogueLeftHandMineDaighreSkaggi02,Skyrim.esm,ok,STRUCTURAL-SILENT,not-needed,SILENT,not-needed,not-needed,not-needed,not-needed,
COREQ-0906,core,V02,V02-03,standard,Skyrim.esm:06759B,CreatureDialogueFalmer,Skyrim.esm,ok,STRUCTURAL-SILENT,not-needed,SILENT,not-needed,not-needed,not-needed,not-needed,
COREQ-0907,core,V02,V02-03,standard,Skyrim.esm:06771B,DialogueIvarsteadInnScene01,Skyrim.esm,ok,STRUCTURAL-SILENT,not-needed,SILENT,not-needed,not-needed,not-needed,not-needed,
COREQ-0908,core,V02,V02-03,standard,Skyrim.esm:06771D,DialogueIvarsteadInnScene02,Skyrim.esm,ok,STRUCTURAL-SILENT,not-needed,SILENT,not-needed,not-needed,not-needed,not-needed,
COREQ-0909,core,V02,V02-03,standard,Skyrim.esm:06771F,DialogueIvarsteadInnScene03,Skyrim.esm,ok,STRUCTURAL-SILENT,not-needed,SILENT,not-needed,not-needed,not-needed,not-needed,
COREQ-0910,core,V02,V02-03,standard,Skyrim.esm:067721,DialogueIvarsteadInnScene04,Skyrim.esm,ok,STRUCTURAL-SILENT,not-needed,SILENT,not-needed,not-needed,not-needed,not-needed,
COREQ-0911,core,V02,V02-03,standard,Skyrim.esm:067723,DialogueIvarsteadInnScene05,Skyrim.esm,ok,STRUCTURAL-SILENT,not-needed,SILENT,not-needed,not-needed,not-needed,not-needed,
COREQ-0912,core,V02,V02-03,standard,Skyrim.esm:067725,DialogueIvarsteadInnScene06,Skyrim.esm,ok,STRUCTURAL-SILENT,not-needed,SILENT,not-needed,not-needed,not-needed,not-needed,
COREQ-0913,core,V02,V02-03,standard,Skyrim.esm:067727,DialogueIvarsteadFellstarFarmScene01,Skyrim.esm,ok,STRUCTURAL-SILENT,not-needed,SILENT,not-needed,not-needed,not-needed,not-needed,
COREQ-0914,core,V02,V02-03,standard,Skyrim.esm:067729,DialogueIvarsteadFellstarFarmScene02,Skyrim.esm,ok,STRUCTURAL-SILENT,not-needed,SILENT,not-needed,not-needed,not-needed,not-needed,
COREQ-0915,core,V02,V02-03,standard,Skyrim.esm:06772B,DialogueIvarsteadFellstarFarmScene03,Skyrim.esm,ok,STRUCTURAL-SILENT,not-needed,SILENT,not-needed,not-needed,not-needed,not-needed,
COREQ-0916,core,V02,V02-03,standard,Skyrim.esm:06772D,DialogueIvarsteadKlimmekHouseScene01,Skyrim.esm,ok,STRUCTURAL-SILENT,not-needed,SILENT,not-needed,not-needed,not-needed,not-needed,
COREQ-0917,core,V02,V02-03,standard,Skyrim.esm:06772F,DialogueIvarsteadKlimmekHouseScene02,Skyrim.esm,ok,STRUCTURAL-SILENT,not-needed,SILENT,not-needed,not-needed,not-needed,not-needed,
COREQ-0918,core,V02,V02-03,standard,Skyrim.esm:067731,DialogueIvarsteadTembasMillScene01,Skyrim.esm,ok,STRUCTURAL-SILENT,not-needed,SILENT,not-needed,not-needed,not-needed,not-needed,
COREQ-0919,core,V02,V02-03,standard,Skyrim.esm:067733,DialogueIvarsteadTembasMillScene02,Skyrim.esm,ok,STRUCTURAL-SILENT,not-needed,SILENT,not-needed,not-needed,not-needed,not-needed,
COREQ-0920,core,V02,V02-03,standard,Skyrim.esm:06819A,FreeformOldHroldanB,Skyrim.esm,ok,APPROVED,ok,APPROVED,ok,ok,ok,ok,"Owner approved 2026-08-12; cross-generation, shared-matrix promotion or repair, and post-readback pending root closeout. direct_post_promotion_readback=ok; route_evidence=ok; runtime_marker_check=ok; compile=ok."
COREQ-0921,core,V02,V02-03,standard,Skyrim.esm:06819E,RelationshipOrcs,Skyrim.esm,ok,SEMANTIC-SILENT,not-needed,SILENT,not-needed,not-needed,not-needed,not-needed,
COREQ-0922,core,V02,V02-03,standard,Skyrim.esm:0681D4,FreeformFrostRiver,Skyrim.esm,ok,SEMANTIC-SILENT,not-needed,SILENT,not-needed,not-needed,not-needed,not-needed,
COREQ-0923,core,V02,V02-03,standard,Skyrim.esm:068D73,stables,Skyrim.esm,ok,SEMANTIC-SILENT,not-needed,SILENT,not-needed,not-needed,not-needed,not-needed,
COREQ-0924,core,V02,V02-03,standard,Skyrim.esm:069043,FreeformKynesgroveA,Skyrim.esm,ok,APPROVED,ok,APPROVED,ok,ok,ok,ok,"Owner approved 2026-08-12; cross-generation, shared-matrix promotion or repair, and post-readback pending root closeout. direct_post_promotion_readback=ok; route_evidence=ok; runtime_marker_check=ok; compile=ok."
COREQ-0925,core,V02,V02-03,standard,Skyrim.esm:0695F1,DialogueOldHroldanEydisSkuliScene02,Skyrim.esm,ok,STRUCTURAL-SILENT,not-needed,SILENT,not-needed,not-needed,not-needed,not-needed,
COREQ-0926,core,V02,V02-03,standard,Skyrim.esm:0695F3,DialogueOldHroldanEydisSkuliScene01,Skyrim.esm,ok,STRUCTURAL-SILENT,not-needed,SILENT,not-needed,not-needed,not-needed,not-needed,
COREQ-0927,core,V02,V02-03,standard,Skyrim.esm:06A086,MGRArniel01,Skyrim.esm,ok,APPROVED,ok,APPROVED,ok,ok,ok,ok,"Owner approved 2026-08-12; cross-generation, shared-matrix promotion or repair, and post-readback pending root closeout. direct_post_promotion_readback=ok; route_evidence=ok; runtime_marker_check=ok; compile=ok."
COREQ-0928,core,V02,V02-03,standard,Skyrim.esm:06A08D,MGRArniel02,Skyrim.esm,ok,APPROVED,ok,APPROVED,ok,ok,ok,ok,"Owner approved 2026-08-12; cross-generation, shared-matrix promotion or repair, and post-readback pending root closeout. direct_post_promotion_readback=ok; route_evidence=ok; runtime_marker_check=ok; compile=ok."
COREQ-0929,core,V02,V02-03,standard,Skyrim.esm:06A119,MGRArniel04,Skyrim.esm,ok,APPROVED,ok,APPROVED,ok,ok,ok,ok,"Owner approved 2026-08-12; cross-generation, shared-matrix promotion or repair, and post-readback pending root closeout. direct_post_promotion_readback=ok; route_evidence=ok; runtime_marker_check=ok; compile=ok."
COREQ-0930,core,V02,V02-03,standard,Skyrim.esm:06A270,CWDialogueSoldiers01,Skyrim.esm,ok,STRUCTURAL-SILENT,not-needed,SILENT,not-needed,not-needed,not-needed,not-needed,
COREQ-0931,core,V02,V02-03,standard,Skyrim.esm:06A3D5,T03Intro,Skyrim.esm,ok,SEMANTIC-SILENT,not-needed,SILENT,not-needed,not-needed,not-needed,not-needed,
COREQ-0932,core,V02,V02-03,standard,Skyrim.esm:06A784,DialogueShorsStoneGatheringScene01,Skyrim.esm,ok,STRUCTURAL-SILENT,not-needed,SILENT,not-needed,not-needed,not-needed,not-needed,
COREQ-0933,core,V02,V02-03,standard,Skyrim.esm:06A786,DialogueShorsStoneGatheringScene02,Skyrim.esm,ok,STRUCTURAL-SILENT,not-needed,SILENT,not-needed,not-needed,not-needed,not-needed,
COREQ-0934,core,V02,V02-03,standard,Skyrim.esm:06A788,DialogueShorsStoneGatheringScene03,Skyrim.esm,ok,STRUCTURAL-SILENT,not-needed,SILENT,not-needed,not-needed,not-needed,not-needed,
COREQ-0935,core,V02,V02-03,standard,Skyrim.esm:06A78A,DialogueShorsStoneGatheringScene04,Skyrim.esm,ok,STRUCTURAL-SILENT,not-needed,SILENT,not-needed,not-needed,not-needed,not-needed,
COREQ-0936,core,V02,V02-03,standard,Skyrim.esm:06A78C,DialogueShorsStoneGatheringScene05,Skyrim.esm,ok,STRUCTURAL-SILENT,not-needed,SILENT,not-needed,not-needed,not-needed,not-needed,
COREQ-0937,core,V02,V02-03,standard,Skyrim.esm:06A78E,DialogueShorsStoneGatheringScene06,Skyrim.esm,ok,STRUCTURAL-SILENT,not-needed,SILENT,not-needed,not-needed,not-needed,not-needed,
COREQ-0938,core,V02,V02-03,standard,Skyrim.esm:06A9A0,MS02EscapeThonarEnding,Skyrim.esm,ok,SEMANTIC-SILENT,not-needed,SILENT,not-needed,not-needed,not-needed,not-needed,
COREQ-0939,core,V02,V02-03,standard,Skyrim.esm:06ABD7,CreatureDialogueGiant,Skyrim.esm,ok,STRUCTURAL-SILENT,not-needed,SILENT,not-needed,not-needed,not-needed,not-needed,
COREQ-0940,core,V02,V02-03,standard,Skyrim.esm:06B18F,CWDialogueSoldiers,Skyrim.esm,ok,STRUCTURAL-SILENT,not-needed,SILENT,not-needed,not-needed,not-needed,not-needed,
COREQ-0941,core,V02,V02-03,standard,Skyrim.esm:06B190,CWDialogueSoldiersHellos,Skyrim.esm,ok,SEMANTIC-SILENT,not-needed,SILENT,not-needed,not-needed,not-needed,not-needed,
COREQ-0942,core,V02,V02-03,standard,Skyrim.esm:06B94B,DGArrestQuest,Skyrim.esm,ok,SEMANTIC-SILENT,not-needed,SILENT,not-needed,not-needed,not-needed,not-needed,
COREQ-0943,core,V02,V02-03,standard,Skyrim.esm:06BC1A,MS10CompanySwapPostQuest,Skyrim.esm,ok,SEMANTIC-SILENT,not-needed,SILENT,not-needed,not-needed,not-needed,not-needed,
COREQ-0944,core,V02,V02-03,standard,Skyrim.esm:06C0EA,MS05KingOlafsFestival,Skyrim.esm,ok,SEMANTIC-SILENT,not-needed,SILENT,not-needed,not-needed,not-needed,not-needed,
COREQ-0945,core,V02,V02-03,standard,Skyrim.esm:06C824,Favor151,Skyrim.esm,ok,SEMANTIC-SILENT,not-needed,SILENT,not-needed,not-needed,not-needed,not-needed,
COREQ-0946,core,V02,V02-03,standard,Skyrim.esm:06C9C6,WIChangeLocation02,Skyrim.esm,ok,SEMANTIC-SILENT,not-needed,SILENT,not-needed,not-needed,not-needed,not-needed,
COREQ-0947,core,V02,V02-03,standard,Skyrim.esm:06CD54,dunIronbindQST,Skyrim.esm,ok,SEMANTIC-SILENT,not-needed,SILENT,not-needed,not-needed,not-needed,not-needed,
COREQ-0948,core,V02,V02-03,standard,Skyrim.esm:06D1E1,WISabotage,Skyrim.esm,ok,SEMANTIC-SILENT,not-needed,SILENT,not-needed,not-needed,not-needed,not-needed,
COREQ-0949,core,V02,V02-03,standard,Skyrim.esm:06D585,TGCrownMisc,Skyrim.esm,ok,SEMANTIC-SILENT,not-needed,SILENT,not-needed,not-needed,not-needed,not-needed,
COREQ-0950,core,V02,V02-03,standard,Skyrim.esm:06E028,WIChangeLocation03,Skyrim.esm,ok,SEMANTIC-SILENT,not-needed,SILENT,not-needed,not-needed,not-needed,not-needed,
COREQ-0951,core,V02,V02-03,standard,Skyrim.esm:06E53F,BardSongsInstrumental,Skyrim.esm,ok,SEMANTIC-SILENT,not-needed,SILENT,not-needed,not-needed,not-needed,not-needed,
COREQ-0952,core,V02,V02-03,standard,Skyrim.esm:06F453,DialogueGenericUniqueVoices,Skyrim.esm,ok,STRUCTURAL-SILENT,not-needed,SILENT,not-needed,not-needed,not-needed,not-needed,
COREQ-0953,core,V02,V02-03,standard,Skyrim.esm:06F8F2,WICrowd,Skyrim.esm,ok,SEMANTIC-SILENT,not-needed,SILENT,not-needed,not-needed,not-needed,not-needed,
COREQ-0954,core,V02,V02-03,standard,Skyrim.esm:06F9A5,DBEviction,Skyrim.esm,ok,APPROVED,ok,APPROVED,ok,ok,ok,ok,"Owner approved 2026-08-12; cross-generation, shared-matrix promotion or repair, and post-readback pending root closeout. direct_post_promotion_readback=ok; route_evidence=ok; runtime_marker_check=ok; compile=ok."
COREQ-0955,core,V02,V02-03,standard,Skyrim.esm:06FD35,Favor104,Skyrim.esm,ok,SEMANTIC-SILENT,not-needed,SILENT,not-needed,not-needed,not-needed,not-needed,
COREQ-0956,core,V02,V02-03,standard,Skyrim.esm:06FE37,Favor205,Skyrim.esm,ok,SEMANTIC-SILENT,not-needed,SILENT,not-needed,not-needed,not-needed,not-needed,
COREQ-0957,core,V02,V02-03,standard,Skyrim.esm:070217,WICastMagic01,Skyrim.esm,ok,SEMANTIC-SILENT,not-needed,SILENT,not-needed,not-needed,not-needed,not-needed,
COREQ-0958,core,V02,V02-03,standard,Skyrim.esm:070223,WICastMagic01ActorDialogueEvent,Skyrim.esm,ok,SEMANTIC-SILENT,not-needed,SILENT,not-needed,not-needed,not-needed,not-needed,
COREQ-0959,core,V02,V02-03,standard,Skyrim.esm:070E30,WIChangeLocation05,Skyrim.esm,ok,SEMANTIC-SILENT,not-needed,SILENT,not-needed,not-needed,not-needed,not-needed,
COREQ-0960,core,V02,V02-03,standard,Skyrim.esm:07105B,Favor204,Skyrim.esm,ok,SEMANTIC-SILENT,not-needed,SILENT,not-needed,not-needed,not-needed,not-needed,
COREQ-0961,core,V02,V02-03,standard,Skyrim.esm:071208,DialogueRiftenKeepScene01Alternate,Skyrim.esm,ok,STRUCTURAL-SILENT,not-needed,SILENT,not-needed,not-needed,not-needed,not-needed,
COREQ-0962,core,V02,V02-03,standard,Skyrim.esm:07120A,DialogueRiftenKeepScene02Alternate,Skyrim.esm,ok,STRUCTURAL-SILENT,not-needed,SILENT,not-needed,not-needed,not-needed,not-needed,
COREQ-0963,core,V02,V02-03,standard,Skyrim.esm:07120C,DialogueRiftenKeepScene03Alternate,Skyrim.esm,ok,STRUCTURAL-SILENT,not-needed,SILENT,not-needed,not-needed,not-needed,not-needed,
COREQ-0964,core,V02,V02-03,standard,Skyrim.esm:07120E,DialogueRiftenKeepScene04Alternate,Skyrim.esm,ok,STRUCTURAL-SILENT,not-needed,SILENT,not-needed,not-needed,not-needed,not-needed,
COREQ-0965,core,V02,V02-03,standard,Skyrim.esm:071210,DialogueRiftenKeepScene05Alternate,Skyrim.esm,ok,STRUCTURAL-SILENT,not-needed,SILENT,not-needed,not-needed,not-needed,not-needed,
COREQ-0966,core,V02,V02-03,standard,Skyrim.esm:071212,DialogueRiftenKeepScene06Alternate,Skyrim.esm,ok,STRUCTURAL-SILENT,not-needed,SILENT,not-needed,not-needed,not-needed,not-needed,
COREQ-0967,core,V02,V02-03,standard,Skyrim.esm:071214,DialogueRiftenKeepScene07Alternate,Skyrim.esm,ok,STRUCTURAL-SILENT,not-needed,SILENT,not-needed,not-needed,not-needed,not-needed,
COREQ-0968,core,V02,V02-03,standard,Skyrim.esm:071216,DialogueRiftenKeepScene08Alternate,Skyrim.esm,ok,STRUCTURAL-SILENT,not-needed,SILENT,not-needed,not-needed,not-needed,not-needed,
COREQ-0969,core,V02,V02-03,standard,Skyrim.esm:071218,DialogueRiftenElgrimsElixirsScene03,Skyrim.esm,ok,STRUCTURAL-SILENT,not-needed,SILENT,not-needed,not-needed,not-needed,not-needed,
COREQ-0970,core,V02,V02-03,standard,Skyrim.esm:07121A,DialogueRiftenElgrimsElixirsScene04,Skyrim.esm,ok,STRUCTURAL-SILENT,not-needed,SILENT,not-needed,not-needed,not-needed,not-needed,
COREQ-0971,core,V02,V02-03,standard,Skyrim.esm:07121C,DialogueRiftenHaelgasBunkhouseScene05,Skyrim.esm,ok,STRUCTURAL-SILENT,not-needed,SILENT,not-needed,not-needed,not-needed,not-needed,
COREQ-0972,core,V02,V02-03,standard,Skyrim.esm:07121E,DialogueRiftenHaelgasBunkhouseScene06,Skyrim.esm,ok,STRUCTURAL-SILENT,not-needed,SILENT,not-needed,not-needed,not-needed,not-needed,
COREQ-0973,core,V02,V02-03,standard,Skyrim.esm:071220,DialogueRiftenHaelgasBunkhouseScene07,Skyrim.esm,ok,STRUCTURAL-SILENT,not-needed,SILENT,not-needed,not-needed,not-needed,not-needed,
COREQ-0974,core,V02,V02-03,standard,Skyrim.esm:071222,DialogueRiftenHaelgasBunkhouseScene08,Skyrim.esm,ok,STRUCTURAL-SILENT,not-needed,SILENT,not-needed,not-needed,not-needed,not-needed,
COREQ-0975,core,V02,V02-03,standard,Skyrim.esm:071224,DialogueRiftenPawnedPrawnScene03,Skyrim.esm,ok,STRUCTURAL-SILENT,not-needed,SILENT,not-needed,not-needed,not-needed,not-needed,
COREQ-0976,core,V02,V02-03,standard,Skyrim.esm:071226,DialogueRiftenBeggarEddaScene,Skyrim.esm,ok,STRUCTURAL-SILENT,not-needed,SILENT,not-needed,not-needed,not-needed,not-needed,
COREQ-0977,core,V02,V02-03,standard,Skyrim.esm:071228,DialogueRiftenBeggarSnilfScene,Skyrim.esm,ok,STRUCTURAL-SILENT,not-needed,SILENT,not-needed,not-needed,not-needed,not-needed,
COREQ-0978,core,V02,V02-03,existing-core-row,Skyrim.esm:0713DC,MQ105Ustengrav,Skyrim.esm,ok,APPROVED,ok,APPROVED,ok,ok,ok,ok,"Owner approved 2026-08-12; cross-generation, shared-matrix promotion or repair, and post-readback pending root closeout. direct_post_promotion_readback=ok; route_evidence=ok; runtime_marker_check=ok; compile=ok."
COREQ-0979,core,V02,V02-03,standard,Skyrim.esm:071441,WIKill04,Skyrim.esm,ok,SEMANTIC-SILENT,not-needed,SILENT,not-needed,not-needed,not-needed,not-needed,
COREQ-0980,core,V02,V02-03,standard,Skyrim.esm:071445,WIKill04RivalDialgoue,Skyrim.esm,ok,STRUCTURAL-SILENT,not-needed,SILENT,not-needed,not-needed,not-needed,not-needed,
COREQ-0981,core,V02,V02-03,standard,Skyrim.esm:07172A,Favor154,Skyrim.esm,ok,SEMANTIC-SILENT,not-needed,SILENT,not-needed,not-needed,not-needed,not-needed,
COREQ-0982,core,V02,V02-03,standard,Skyrim.esm:0717B9,DialogueRiftenRaggedFlagonScene03,Skyrim.esm,ok,STRUCTURAL-SILENT,not-needed,SILENT,not-needed,not-needed,not-needed,not-needed,
COREQ-0983,core,V02,V02-03,standard,Skyrim.esm:0717BB,DialogueRiftenRaggedFlagonScene04,Skyrim.esm,ok,STRUCTURAL-SILENT,not-needed,SILENT,not-needed,not-needed,not-needed,not-needed,
COREQ-0984,core,V02,V02-03,standard,Skyrim.esm:0717BD,DialogueRiftenRaggedFlagonScene05,Skyrim.esm,ok,STRUCTURAL-SILENT,not-needed,SILENT,not-needed,not-needed,not-needed,not-needed,
COREQ-0985,core,V02,V02-03,standard,Skyrim.esm:0717BF,DialogueRiftenRaggedFlagonScene06,Skyrim.esm,ok,STRUCTURAL-SILENT,not-needed,SILENT,not-needed,not-needed,not-needed,not-needed,
COREQ-0986,core,V02,V02-03,standard,Skyrim.esm:0717C1,DialogueRiftenRaggedFlagonScene07,Skyrim.esm,ok,STRUCTURAL-SILENT,not-needed,SILENT,not-needed,not-needed,not-needed,not-needed,
COREQ-0987,core,V02,V02-03,standard,Skyrim.esm:0717C3,DialogueRiftenRaggedFlagonScene08,Skyrim.esm,ok,STRUCTURAL-SILENT,not-needed,SILENT,not-needed,not-needed,not-needed,not-needed,
COREQ-0988,core,V02,V02-03,standard,Skyrim.esm:0717C5,DialogueRiftenRaggedFlagonScene09,Skyrim.esm,ok,STRUCTURAL-SILENT,not-needed,SILENT,not-needed,not-needed,not-needed,not-needed,
COREQ-0989,core,V02,V02-03,standard,Skyrim.esm:0717C7,DialogueRiftenRaggedFlagonScene10,Skyrim.esm,ok,STRUCTURAL-SILENT,not-needed,SILENT,not-needed,not-needed,not-needed,not-needed,
COREQ-0990,core,V02,V02-03,standard,Skyrim.esm:0717C9,DialogueRiftenRaggedFlagonScene11,Skyrim.esm,ok,STRUCTURAL-SILENT,not-needed,SILENT,not-needed,not-needed,not-needed,not-needed,
COREQ-0991,core,V02,V02-03,standard,Skyrim.esm:072206,dunShroudHearthBarrowQST,Skyrim.esm,ok,SEMANTIC-SILENT,not-needed,SILENT,not-needed,not-needed,not-needed,not-needed,
COREQ-0992,core,V02,V02-03,standard,Skyrim.esm:0731CF,CaravanScene1,Skyrim.esm,ok,STRUCTURAL-SILENT,not-needed,SILENT,not-needed,not-needed,not-needed,not-needed,
COREQ-0993,core,V02,V02-03,standard,Skyrim.esm:0731E2,CaravanScene2,Skyrim.esm,ok,STRUCTURAL-SILENT,not-needed,SILENT,not-needed,not-needed,not-needed,not-needed,
COREQ-0994,core,V02,V02-03,standard,Skyrim.esm:0731E4,CaravanScene3,Skyrim.esm,ok,STRUCTURAL-SILENT,not-needed,SILENT,not-needed,not-needed,not-needed,not-needed,
COREQ-0995,core,V02,V02-03,standard,Skyrim.esm:0731E5,CaravanScene4,Skyrim.esm,ok,STRUCTURAL-SILENT,not-needed,SILENT,not-needed,not-needed,not-needed,not-needed,
COREQ-0996,core,V02,V02-03,standard,Skyrim.esm:0731E6,CaravanScene5,Skyrim.esm,ok,STRUCTURAL-SILENT,not-needed,SILENT,not-needed,not-needed,not-needed,not-needed,
COREQ-0997,core,V02,V02-03,standard,Skyrim.esm:0731E7,CaravanScene6,Skyrim.esm,ok,STRUCTURAL-SILENT,not-needed,SILENT,not-needed,not-needed,not-needed,not-needed,
COREQ-0998,core,V02,V02-03,standard,Skyrim.esm:0731E8,CaravanScene7,Skyrim.esm,ok,STRUCTURAL-SILENT,not-needed,SILENT,not-needed,not-needed,not-needed,not-needed,
COREQ-0999,core,V02,V02-03,standard,Skyrim.esm:0731E9,CaravanScene8,Skyrim.esm,ok,STRUCTURAL-SILENT,not-needed,SILENT,not-needed,not-needed,not-needed,not-needed,
COREQ-1000,core,V02,V02-03,standard,Skyrim.esm:073F0F,CWDialogueCombat,Skyrim.esm,ok,STRUCTURAL-SILENT,not-needed,SILENT,not-needed,not-needed,not-needed,not-needed,
COREQ-1001,core,V02,V02-03,standard,Skyrim.esm:073FBC,DialogueWildernessNPCs,Skyrim.esm,ok,STRUCTURAL-SILENT,not-needed,SILENT,not-needed,not-needed,not-needed,not-needed,
COREQ-1002,core,V02,V02-03,standard,Skyrim.esm:07404E,RelationshipMarriageWedding,Skyrim.esm,ok,APPROVED,ok,APPROVED,ok,ok,ok,ok,"Owner approved 2026-08-12; cross-generation, shared-matrix promotion or repair, and post-readback pending root closeout. direct_post_promotion_readback=ok; route_evidence=ok; runtime_marker_check=ok; compile=ok."
COREQ-1003,core,V02,V02-03,standard,Skyrim.esm:07431B,RelationshipMarriageBreakUp,Skyrim.esm,ok,APPROVED,ok,APPROVED,ok,ok,ok,ok,direct_mcp_review=ok; s100 exact reconciliation route resolved from official QF fragments; breakup and abandonment branches remain unrowed; cross-generation and promotion pending root closeout. direct_post_promotion_readback=ok; route_evidence=ok; runtime_marker_check=ok; compile=ok.
COREQ-1004,core,V02,V02-03,standard,Skyrim.esm:074793,RelationshipMarriage,Skyrim.esm,ok,AMBIGUOUS,ok,UNREVIEWED,inert,-,-,-,direct_mcp_review=ok; official QF proves s100 means player married but the already-approved RelationshipMarriageWedding s100 owns the same ceremony; pending duplicate-route adjudication to avoid double scoring.
COREQ-1005,core,V02,V02-03,standard,Skyrim.esm:074928,WE27,Skyrim.esm,ok,SEMANTIC-SILENT,not-needed,SILENT,not-needed,not-needed,not-needed,not-needed,
COREQ-1006,core,V02,V02-03,standard,Skyrim.esm:07492B,WE28,Skyrim.esm,ok,SEMANTIC-SILENT,not-needed,SILENT,not-needed,not-needed,not-needed,not-needed,
COREQ-1007,core,V02,V02-03,standard,Skyrim.esm:07492E,WE29,Skyrim.esm,ok,SEMANTIC-SILENT,not-needed,SILENT,not-needed,not-needed,not-needed,not-needed,
COREQ-1008,core,V02,V02-03,standard,Skyrim.esm:074A55,BardSongs,Skyrim.esm,ok,SEMANTIC-SILENT,not-needed,SILENT,not-needed,not-needed,not-needed,not-needed,
COREQ-1009,core,V02,V02-03,standard,Skyrim.esm:074A83,FreeformRiverwood01,Skyrim.esm,ok,APPROVED,ok,APPROVED,ok,ok,ok,ok,direct_mcp_review=ok; s210 s220 s230 and s240 branch ownership resolved from INFO TIF QUST VMAD and official QF fragments; cross-generation and promotion pending root closeout. direct_post_promotion_readback=ok; route_evidence=ok; runtime_marker_check=ok; compile=ok.
COREQ-1010,core,V02,V02-03,standard,Skyrim.esm:075399,FreeformMarkarthD,Skyrim.esm,ok,SEMANTIC-SILENT,not-needed,SILENT,not-needed,not-needed,not-needed,not-needed,
COREQ-1011,core,V02,V02-03,standard,Skyrim.esm:0753A1,FreeformMarkarthE,Skyrim.esm,ok,APPROVED,ok,APPROVED,ok,ok,ok,ok,"Owner approved 2026-08-12; cross-generation, shared-matrix promotion or repair, and post-readback pending root closeout. direct_post_promotion_readback=ok; route_evidence=ok; runtime_marker_check=ok; compile=ok."
COREQ-1012,core,V02,V02-03,standard,Skyrim.esm:0753CA,WE31,Skyrim.esm,ok,SEMANTIC-SILENT,not-needed,SILENT,not-needed,not-needed,not-needed,not-needed,
COREQ-1013,core,V02,V02-03,standard,Skyrim.esm:076335,FavorOrcsIntro,Skyrim.esm,ok,APPROVED,ok,APPROVED,ok,ok,ok,ok,"Owner approved 2026-08-12; cross-generation, shared-matrix promotion or repair, and post-readback pending root closeout. direct_post_promotion_readback=ok; route_evidence=ok; runtime_marker_check=ok; compile=ok."
COREQ-1014,core,V02,V02-03,standard,Skyrim.esm:076B4A,DarkwaterCrossingDerkeethusRescueQuest,Skyrim.esm,ok,APPROVED,ok,APPROVED,ok,ok,ok,ok,"Owner approved 2026-08-12; cross-generation, shared-matrix promotion or repair, and post-readback pending root closeout. direct_post_promotion_readback=ok; route_evidence=ok; runtime_marker_check=ok; compile=ok."
COREQ-1015,core,V02,V02-03,standard,Skyrim.esm:076C30,MG03_dunFellglowKeepQST,Skyrim.esm,ok,SEMANTIC-SILENT,not-needed,SILENT,not-needed,not-needed,not-needed,not-needed,
COREQ-1016,core,V02,V02-03,standard,Skyrim.esm:076F39,MG04MonkSceneQuest,Skyrim.esm,ok,SEMANTIC-SILENT,not-needed,SILENT,not-needed,not-needed,not-needed,not-needed,
COREQ-1017,core,V02,V02-03,standard,Skyrim.esm:0770C0,CWSharedCombatInfos,Skyrim.esm,ok,STRUCTURAL-SILENT,not-needed,SILENT,not-needed,not-needed,not-needed,not-needed,
COREQ-1018,core,V02,V02-03,standard,Skyrim.esm:077F97,DialogueDarkwaterCrossingHrefnaScene1,Skyrim.esm,ok,STRUCTURAL-SILENT,not-needed,SILENT,not-needed,not-needed,not-needed,not-needed,
COREQ-1019,core,V02,V02-03,standard,Skyrim.esm:077F99,DialogueDarkwaterCrossingHrefnaScene2,Skyrim.esm,ok,STRUCTURAL-SILENT,not-needed,SILENT,not-needed,not-needed,not-needed,not-needed,
COREQ-1020,core,V02,V02-03,standard,Skyrim.esm:077F9D,DialogueDarkwaterCrossingHrefnaScene4,Skyrim.esm,ok,STRUCTURAL-SILENT,not-needed,SILENT,not-needed,not-needed,not-needed,not-needed,
COREQ-1021,core,V02,V02-03,standard,Skyrim.esm:0786B9,dunPinewatchQST,Skyrim.esm,ok,SEMANTIC-SILENT,not-needed,SILENT,not-needed,not-needed,not-needed,not-needed,
COREQ-1022,core,V02,V02-03,standard,Skyrim.esm:078F4A,DialogueDarkwaterCrossingAnnekeVerner1,Skyrim.esm,ok,STRUCTURAL-SILENT,not-needed,SILENT,not-needed,not-needed,not-needed,not-needed,
COREQ-1023,core,V02,V02-03,standard,Skyrim.esm:078F4C,DialogueDarkwaterCrossingAnnekeVerner2,Skyrim.esm,ok,STRUCTURAL-SILENT,not-needed,SILENT,not-needed,not-needed,not-needed,not-needed,
COREQ-1024,core,V02,V02-03,standard,Skyrim.esm:078F4E,DialogueDarkwaterCrossingAnnekeVerner3,Skyrim.esm,ok,STRUCTURAL-SILENT,not-needed,SILENT,not-needed,not-needed,not-needed,not-needed,
COREQ-1025,core,V02,V02-03,standard,Skyrim.esm:078F50,DialogueDarkwaterCrossingInnScene4,Skyrim.esm,ok,STRUCTURAL-SILENT,not-needed,SILENT,not-needed,not-needed,not-needed,not-needed,
COREQ-1026,core,V02,V02-03,standard,Skyrim.esm:078F52,DialogueDarkwaterCrossingInnScene5,Skyrim.esm,ok,STRUCTURAL-SILENT,not-needed,SILENT,not-needed,not-needed,not-needed,not-needed,
COREQ-1027,core,V02,V02-03,standard,Skyrim.esm:0790E1,FreeformMarkarthJ,Skyrim.esm,ok,SEMANTIC-SILENT,not-needed,SILENT,not-needed,not-needed,not-needed,not-needed,
COREQ-1028,core,V02,V02-03,standard,Skyrim.esm:0799DF,TGTQ01,Skyrim.esm,ok,APPROVED,ok,APPROVED,ok,ok,ok,ok,"Owner approved 2026-08-12; cross-generation, shared-matrix promotion or repair, and post-readback pending root closeout. direct_post_promotion_readback=ok; route_evidence=ok; runtime_marker_check=ok; compile=ok."
COREQ-1029,core,V02,V02-03,standard,Skyrim.esm:0799E0,TGTQ02,Skyrim.esm,ok,APPROVED,ok,APPROVED,ok,ok,ok,ok,"Owner approved 2026-08-12; cross-generation, shared-matrix promotion or repair, and post-readback pending root closeout. direct_post_promotion_readback=ok; route_evidence=ok; runtime_marker_check=ok; compile=ok."
COREQ-1030,core,V02,V02-03,standard,Skyrim.esm:0799E1,TGTQ03,Skyrim.esm,ok,APPROVED,ok,APPROVED,ok,ok,ok,ok,"Owner approved 2026-08-12; cross-generation, shared-matrix promotion or repair, and post-readback pending root closeout. direct_post_promotion_readback=ok; route_evidence=ok; runtime_marker_check=ok; compile=ok."
COREQ-1031,core,V02,V02-03,standard,Skyrim.esm:0799E2,TGTQ04,Skyrim.esm,ok,APPROVED,ok,APPROVED,ok,ok,ok,ok,"Owner approved 2026-08-12; cross-generation, shared-matrix promotion or repair, and post-readback pending root closeout. direct_post_promotion_readback=ok; route_evidence=ok; runtime_marker_check=ok; compile=ok."
COREQ-1032,core,V02,V02-03,standard,Skyrim.esm:07A282,TG04Brinewater,Skyrim.esm,ok,SEMANTIC-SILENT,not-needed,SILENT,not-needed,not-needed,not-needed,not-needed,
COREQ-1033,core,V02,V02-03,standard,Skyrim.esm:07A732,CreatureDialogueDwarvenSphere,Skyrim.esm,ok,STRUCTURAL-SILENT,not-needed,SILENT,not-needed,not-needed,not-needed,not-needed,
COREQ-1034,core,V02,V02-03,standard,Skyrim.esm:07C727,CreatureDialogueDeer,Skyrim.esm,ok,STRUCTURAL-SILENT,not-needed,SILENT,not-needed,not-needed,not-needed,not-needed,
COREQ-1035,core,V02,V02-03,standard,Skyrim.esm:07D8FB,dunYngvildQST,Skyrim.esm,ok,SEMANTIC-SILENT,not-needed,SILENT,not-needed,not-needed,not-needed,not-needed,
COREQ-1036,core,V02,V02-03,standard,Skyrim.esm:07D949,DA11Intro,Skyrim.esm,ok,APPROVED,ok,APPROVED,ok,ok,ok,ok,direct_mcp_review=ok; s20 exact safe-Hall report and reopening resolved from INFO TIF and official QF fragments; cross-generation and promotion pending root closeout. direct_post_promotion_readback=ok; route_evidence=ok; runtime_marker_check=ok; compile=ok.
COREQ-1037,core,V02,V02-03,standard,Skyrim.esm:07D950,DA11HallScene,Skyrim.esm,ok,SEMANTIC-SILENT,not-needed,SILENT,not-needed,not-needed,not-needed,not-needed,
COREQ-1038,core,V02,V02-03,standard,Skyrim.esm:07EA5D,CWEscapeCity,Skyrim.esm,ok,SEMANTIC-SILENT,not-needed,SILENT,not-needed,not-needed,not-needed,not-needed,
COREQ-1039,core,V02,V02-03,standard,Skyrim.esm:07EB37,TG02SP,Skyrim.esm,ok,SEMANTIC-SILENT,not-needed,SILENT,not-needed,not-needed,not-needed,not-needed,
COREQ-1040,core,V02,V02-03,standard,Skyrim.esm:07EC63,DialogueWhiterunStablesScene1,Skyrim.esm,ok,STRUCTURAL-SILENT,not-needed,SILENT,not-needed,not-needed,not-needed,not-needed,
COREQ-1041,core,V02,V02-03,standard,Skyrim.esm:07EC65,DialogueWhiterunStablesScene2,Skyrim.esm,ok,STRUCTURAL-SILENT,not-needed,SILENT,not-needed,not-needed,not-needed,not-needed,
COREQ-1042,core,V02,V02-03,standard,Skyrim.esm:07EC67,DialogueWhiterunStablesScene3,Skyrim.esm,ok,STRUCTURAL-SILENT,not-needed,SILENT,not-needed,not-needed,not-needed,not-needed,
COREQ-1043,core,V02,V02-03,standard,Skyrim.esm:07EC69,DialogueWhiterunFraliaLillithScene1,Skyrim.esm,ok,STRUCTURAL-SILENT,not-needed,SILENT,not-needed,not-needed,not-needed,not-needed,
COREQ-1044,core,V02,V02-03,standard,Skyrim.esm:07EC6B,DialogueWhiterunAnoriathNazeemScene1,Skyrim.esm,ok,STRUCTURAL-SILENT,not-needed,SILENT,not-needed,not-needed,not-needed,not-needed,
COREQ-1045,core,V02,V02-03,standard,Skyrim.esm:07EC6D,DialogueWhiterunCarlottaMilaScene1,Skyrim.esm,ok,STRUCTURAL-SILENT,not-needed,SILENT,not-needed,not-needed,not-needed,not-needed,
COREQ-1046,core,V02,V02-03,standard,Skyrim.esm:07EC6F,DialogueWhiterunCarlottaBrenuinScene2,Skyrim.esm,ok,STRUCTURAL-SILENT,not-needed,SILENT,not-needed,not-needed,not-needed,not-needed,
COREQ-1047,core,V02,V02-03,standard,Skyrim.esm:07EC71,DialogueWhiterunStablesScene4,Skyrim.esm,ok,STRUCTURAL-SILENT,not-needed,SILENT,not-needed,not-needed,not-needed,not-needed,
COREQ-1048,core,V02,V02-03,standard,Skyrim.esm:07EC73,DialogueWhiterunAnoriathElrindirScene1,Skyrim.esm,ok,STRUCTURAL-SILENT,not-needed,SILENT,not-needed,not-needed,not-needed,not-needed,
COREQ-1049,core,V02,V02-03,standard,Skyrim.esm:07EC75,DialogueWhiterunAnoriathElrindirScene2,Skyrim.esm,ok,STRUCTURAL-SILENT,not-needed,SILENT,not-needed,not-needed,not-needed,not-needed,
COREQ-1050,core,V02,V02-03,standard,Skyrim.esm:07EC77,DialogueWhiterunAnoriathElrindirScene3,Skyrim.esm,ok,STRUCTURAL-SILENT,not-needed,SILENT,not-needed,not-needed,not-needed,not-needed,
COREQ-1051,core,V02,V02-03,standard,Skyrim.esm:07EC7F,DialogueWhiterunOlfinaJonScene1,Skyrim.esm,ok,STRUCTURAL-SILENT,not-needed,SILENT,not-needed,not-needed,not-needed,not-needed,
COREQ-1052,core,V02,V02-03,standard,Skyrim.esm:07EC81,DialogueWhiterunOlfinaJonScene2,Skyrim.esm,ok,STRUCTURAL-SILENT,not-needed,SILENT,not-needed,not-needed,not-needed,not-needed,
COREQ-1053,core,V02,V02-03,standard,Skyrim.esm:07EC83,DialogueWhiterunOlfinaJonScene3,Skyrim.esm,ok,STRUCTURAL-SILENT,not-needed,SILENT,not-needed,not-needed,not-needed,not-needed,
COREQ-1054,core,V02,V02-03,standard,Skyrim.esm:07EC85,DialogueWhiterunVignarBrillScene1,Skyrim.esm,ok,STRUCTURAL-SILENT,not-needed,SILENT,not-needed,not-needed,not-needed,not-needed,
COREQ-1055,core,V02,V02-03,standard,Skyrim.esm:07EC87,DialogueWhiterunVignarBrillScene2,Skyrim.esm,ok,STRUCTURAL-SILENT,not-needed,SILENT,not-needed,not-needed,not-needed,not-needed,
COREQ-1056,core,V02,V02-03,standard,Skyrim.esm:07EC89,DialogueWhiterunVignarBrillScene3,Skyrim.esm,ok,STRUCTURAL-SILENT,not-needed,SILENT,not-needed,not-needed,not-needed,not-needed,
COREQ-1057,core,V02,V02-03,standard,Skyrim.esm:07EC8B,DialogueWhiterunBraithAmrenScene1,Skyrim.esm,ok,STRUCTURAL-SILENT,not-needed,SILENT,not-needed,not-needed,not-needed,not-needed,
COREQ-1058,core,V02,V02-03,standard,Skyrim.esm:07EC8D,DialogueWhiterunBraithSaffirScene1,Skyrim.esm,ok,STRUCTURAL-SILENT,not-needed,SILENT,not-needed,not-needed,not-needed,not-needed,
COREQ-1059,core,V02,V02-03,standard,Skyrim.esm:07EC8F,DialogueWhiterunBraithSaffirScene2,Skyrim.esm,ok,STRUCTURAL-SILENT,not-needed,SILENT,not-needed,not-needed,not-needed,not-needed,
COREQ-1060,core,V02,V02-03,standard,Skyrim.esm:07EC91,DialogueWhiterunBraithAmrenScene2,Skyrim.esm,ok,STRUCTURAL-SILENT,not-needed,SILENT,not-needed,not-needed,not-needed,not-needed,
COREQ-1061,core,V02,V02-03,standard,Skyrim.esm:07EDE5,dunAngarvundeQST,Skyrim.esm,ok,APPROVED,ok,APPROVED,ok,ok,ok,ok,direct_mcp_review=ok; s20 exact three-draugr clear resolved from INFO and official QF alias fragments; cross-generation and promotion pending root closeout. direct_post_promotion_readback=ok; route_evidence=ok; runtime_marker_check=ok; compile=ok.
COREQ-1062,core,V02,V02-03,standard,Skyrim.esm:07F275,DialogueWhiterunHouseBattleBornScene1,Skyrim.esm,ok,STRUCTURAL-SILENT,not-needed,SILENT,not-needed,not-needed,not-needed,not-needed,
COREQ-1063,core,V02,V02-03,standard,Skyrim.esm:07F277,DialogueWhiterunHouseBattleBornScene2,Skyrim.esm,ok,STRUCTURAL-SILENT,not-needed,SILENT,not-needed,not-needed,not-needed,not-needed,
COREQ-1064,core,V02,V02-03,standard,Skyrim.esm:07F279,DialogueWhiterunHouseGrayManeScene1,Skyrim.esm,ok,STRUCTURAL-SILENT,not-needed,SILENT,not-needed,not-needed,not-needed,not-needed,
COREQ-1065,core,V02,V02-03,standard,Skyrim.esm:07F27B,DialogueWhiterunHouseGrayManeScene2,Skyrim.esm,ok,STRUCTURAL-SILENT,not-needed,SILENT,not-needed,not-needed,not-needed,not-needed,
COREQ-1066,core,V02,V02-03,standard,Skyrim.esm:08062F,DialogueKynesgroveRoggiKjeldMine1,Skyrim.esm,ok,STRUCTURAL-SILENT,not-needed,SILENT,not-needed,not-needed,not-needed,not-needed,
COREQ-1067,core,V02,V02-03,standard,Skyrim.esm:080631,DialogueKynesgroveRoggiKjeldMine2,Skyrim.esm,ok,STRUCTURAL-SILENT,not-needed,SILENT,not-needed,not-needed,not-needed,not-needed,
COREQ-1068,core,V02,V02-03,standard,Skyrim.esm:080633,DialogueKynesgroveRoggiKjeldMine3,Skyrim.esm,ok,STRUCTURAL-SILENT,not-needed,SILENT,not-needed,not-needed,not-needed,not-needed,
COREQ-1069,core,V02,V02-03,standard,Skyrim.esm:080635,DialogueKynesgroveKjeldDravyneaMine1,Skyrim.esm,ok,STRUCTURAL-SILENT,not-needed,SILENT,not-needed,not-needed,not-needed,not-needed,
COREQ-1070,core,V02,V02-03,standard,Skyrim.esm:080637,DialogueKynesgroveKjeldDravyneaMine2,Skyrim.esm,ok,STRUCTURAL-SILENT,not-needed,SILENT,not-needed,not-needed,not-needed,not-needed,
COREQ-1071,core,V02,V02-03,standard,Skyrim.esm:080639,DialogueKynesgroveKjeldDravyneaMine3,Skyrim.esm,ok,STRUCTURAL-SILENT,not-needed,SILENT,not-needed,not-needed,not-needed,not-needed,
COREQ-1072,core,V02,V02-03,standard,Skyrim.esm:08063B,DialogueKynesgroveRoggiDravyneaMine1,Skyrim.esm,ok,STRUCTURAL-SILENT,not-needed,SILENT,not-needed,not-needed,not-needed,not-needed,
COREQ-1073,core,V02,V02-03,standard,Skyrim.esm:08063D,DialogueKynesgroveRoggiDravyneaMine2,Skyrim.esm,ok,STRUCTURAL-SILENT,not-needed,SILENT,not-needed,not-needed,not-needed,not-needed,
COREQ-1074,core,V02,V02-03,standard,Skyrim.esm:080B66,dunBlackreachDragonQST,Skyrim.esm,ok,SEMANTIC-SILENT,not-needed,SILENT,not-needed,not-needed,not-needed,not-needed,
COREQ-1075,core,V02,V02-03,standard,Skyrim.esm:081C59,DA09ChangeLocation,Skyrim.esm,ok,SEMANTIC-SILENT,not-needed,SILENT,not-needed,not-needed,not-needed,not-needed,
COREQ-1076,core,V02,V02-03,standard,Skyrim.esm:082FBB,dunHobsFallQST,Skyrim.esm,ok,SEMANTIC-SILENT,not-needed,SILENT,not-needed,not-needed,not-needed,not-needed,
COREQ-1077,core,V02,V02-03,standard,Skyrim.esm:083042,CWFortSiegeFort,Skyrim.esm,ok,SEMANTIC-SILENT,not-needed,SILENT,not-needed,not-needed,not-needed,not-needed,
COREQ-1078,core,V02,V02-03,standard,Skyrim.esm:084ABD,TG02B,Skyrim.esm,ok,SEMANTIC-SILENT,not-needed,SILENT,not-needed,not-needed,not-needed,not-needed,
COREQ-1079,core,V02,V02-03,standard,Skyrim.esm:08563B,MG02MinerDialogue,Skyrim.esm,ok,STRUCTURAL-SILENT,not-needed,SILENT,not-needed,not-needed,not-needed,not-needed,
COREQ-1080,core,V02,V02-03,standard,Skyrim.esm:085D40,FreeformRiften20,Skyrim.esm,ok,APPROVED,ok,APPROVED,ok,ok,ok,ok,direct_mcp_review=ok; s200 exact warehouse raid and source-evidence terminal resolved from INFO and official QF fragments; cross-generation and promotion pending root closeout. direct_post_promotion_readback=ok; route_evidence=ok; runtime_marker_check=ok; compile=ok.
COREQ-1081,core,V02,V02-03,standard,Skyrim.esm:087105,TG06_dunMarkarthWizardsQuartersQST,Skyrim.esm,ok,SEMANTIC-SILENT,not-needed,SILENT,not-needed,not-needed,not-needed,not-needed,
COREQ-1082,core,V02,V02-03,standard,Skyrim.esm:0872A9,DialogueKynesgroveGannaGemma1,Skyrim.esm,ok,STRUCTURAL-SILENT,not-needed,SILENT,not-needed,not-needed,not-needed,not-needed,
COREQ-1083,core,V02,V02-03,standard,Skyrim.esm:0876E6,MQ302FillAliases,Skyrim.esm,ok,SEMANTIC-SILENT,not-needed,SILENT,not-needed,not-needed,not-needed,not-needed,
COREQ-1084,core,V02,V02-03,existing-core-row,Skyrim.esm:087BA2,DarkBrotherhoodSanctuaryRepair,Skyrim.esm,ok,APPROVED,ok,APPROVED,ok,ok,ok,ok,"Owner approved 2026-08-12; cross-generation, shared-matrix promotion or repair, and post-readback pending root closeout. direct_post_promotion_readback=ok; route_evidence=ok; runtime_marker_check=ok; compile=ok."
COREQ-1085,core,V02,V02-03,standard,Skyrim.esm:087C21,CWFortSiegeCapital,Skyrim.esm,ok,SEMANTIC-SILENT,not-needed,SILENT,not-needed,not-needed,not-needed,not-needed,
COREQ-1086,core,V02,V02-03,standard,Skyrim.esm:087E24,FavorJarlsMakeFriends,Skyrim.esm,ok,SEMANTIC-SILENT,not-needed,SILENT,not-needed,not-needed,not-needed,not-needed,
COREQ-1087,core,V02,V02-03,standard,Skyrim.esm:087E28,FavorJarlsMakeFriendsTrackEvent,Skyrim.esm,ok,SEMANTIC-SILENT,not-needed,SILENT,not-needed,not-needed,not-needed,not-needed,
COREQ-1088,core,V02,V02-03,standard,Skyrim.esm:0880E1,CompanionsRejoinQuest,Skyrim.esm,ok,STRUCTURAL-SILENT,not-needed,SILENT,not-needed,not-needed,not-needed,not-needed,
COREQ-1089,core,V02,V02-03,existing-core-row,Skyrim.esm:08998D,DA13,Skyrim.esm,ok,APPROVED,ok,APPROVED,ok,ok,ok,ok,"Owner approved 2026-08-12; cross-generation, shared-matrix promotion or repair, and post-readback pending root closeout. direct_post_promotion_readback=ok; route_evidence=ok; runtime_marker_check=ok; compile=ok."
COREQ-1090,core,V02,V02-03,standard,Skyrim.esm:089CD1,DA01dunIlinaltasDeepQST,Skyrim.esm,ok,SEMANTIC-SILENT,not-needed,SILENT,not-needed,not-needed,not-needed,not-needed,
COREQ-1091,core,V02,V02-03,standard,Skyrim.esm:08A3C3,CreatureDialogueBear,Skyrim.esm,ok,STRUCTURAL-SILENT,not-needed,SILENT,not-needed,not-needed,not-needed,not-needed,
COREQ-1092,core,V02,V02-03,standard,Skyrim.esm:08ADFA,dunVolunruudQST,Skyrim.esm,ok,APPROVED,ok,APPROVED,ok,ok,ok,ok,"Owner approved 2026-08-12; cross-generation, shared-matrix promotion or repair, and post-readback pending root closeout. direct_post_promotion_readback=ok; route_evidence=ok; runtime_marker_check=ok; compile=ok."
COREQ-1093,core,V02,V02-03,standard,Skyrim.esm:08AFC9,DialogueRiverwoodSceneAlvorGerdur,Skyrim.esm,ok,STRUCTURAL-SILENT,not-needed,SILENT,not-needed,not-needed,not-needed,not-needed,
COREQ-1094,core,V02,V02-03,standard,Skyrim.esm:08B72A,dunSunderstoneGorgeQST,Skyrim.esm,ok,STRUCTURAL-SILENT,not-needed,SILENT,not-needed,not-needed,not-needed,not-needed,
COREQ-1095,core,V02,V02-03,standard,Skyrim.esm:08CDBB,DialogueRiverwoodSceneSigridAlvor,Skyrim.esm,ok,STRUCTURAL-SILENT,not-needed,SILENT,not-needed,not-needed,not-needed,not-needed,
COREQ-1096,core,V02,V02-03,standard,Skyrim.esm:08CDBD,DialogueRiverwoodSceneSigridEmbry,Skyrim.esm,ok,STRUCTURAL-SILENT,not-needed,SILENT,not-needed,not-needed,not-needed,not-needed,
COREQ-1097,core,V02,V02-03,standard,Skyrim.esm:08CDBF,DialogueRiverwoodSceneSigridHilde,Skyrim.esm,ok,SEMANTIC-SILENT,not-needed,SILENT,not-needed,not-needed,not-needed,not-needed,
COREQ-1098,core,V02,V02-03,standard,Skyrim.esm:08D5DA,DB03GetArrestedQuest,Skyrim.esm,ok,SEMANTIC-SILENT,not-needed,SILENT,not-needed,not-needed,not-needed,not-needed,
COREQ-1099,core,V02,V02-03,standard,Skyrim.esm:08F307,CWAllies,Skyrim.esm,ok,STRUCTURAL-SILENT,not-needed,SILENT,not-needed,not-needed,not-needed,not-needed,
COREQ-1100,core,V02,V02-03,standard,Skyrim.esm:0906D4,MS07_dunIcerunnerQST,Skyrim.esm,ok,SEMANTIC-SILENT,not-needed,SILENT,not-needed,not-needed,not-needed,not-needed,
COREQ-1101,core,V02,V02-03,standard,Skyrim.esm:090CF0,DA05FuneralSpectatorsQuest,Skyrim.esm,ok,STRUCTURAL-SILENT,not-needed,SILENT,not-needed,not-needed,not-needed,not-needed,
COREQ-1102,core,V02,V02-03,standard,Skyrim.esm:090E36,Favor153,Skyrim.esm,ok,SEMANTIC-SILENT,not-needed,SILENT,not-needed,not-needed,not-needed,not-needed,
COREQ-1103,core,V02,V02-03,standard,Skyrim.esm:091509,CreatureDialogueDwarvenCenturion,Skyrim.esm,ok,STRUCTURAL-SILENT,not-needed,SILENT,not-needed,not-needed,not-needed,not-needed,
COREQ-1104,core,V02,V02-03,standard,Skyrim.esm:091F1A,dunLabyrinthian,Skyrim.esm,ok,SEMANTIC-SILENT,not-needed,SILENT,not-needed,not-needed,not-needed,not-needed,
COREQ-1105,core,V02,V02-03,standard,Skyrim.esm:092A49,ArenaCombatQuest02Wolves,Skyrim.esm,ok,SEMANTIC-SILENT,not-needed,SILENT,not-needed,not-needed,not-needed,not-needed,
COREQ-1106,core,V02,V02-03,standard,Skyrim.esm:092A4A,ArenaCombatQuest03FrostbiteSpider,Skyrim.esm,ok,SEMANTIC-SILENT,not-needed,SILENT,not-needed,not-needed,not-needed,not-needed,
COREQ-1107,core,V02,V02-03,standard,Skyrim.esm:092A4B,ArenaCombatQuest04NPCsPlusTwo,Skyrim.esm,ok,SEMANTIC-SILENT,not-needed,SILENT,not-needed,not-needed,not-needed,not-needed,
COREQ-1108,core,V02,V02-03,standard,Skyrim.esm:092A4C,ArenaCombatQuest05Bear,Skyrim.esm,ok,SEMANTIC-SILENT,not-needed,SILENT,not-needed,not-needed,not-needed,not-needed,
COREQ-1109,core,V02,V02-03,standard,Skyrim.esm:092A4D,ArenaCombatQuest06SabreCat,Skyrim.esm,ok,SEMANTIC-SILENT,not-needed,SILENT,not-needed,not-needed,not-needed,not-needed,
COREQ-1110,core,V02,V02-03,standard,Skyrim.esm:092A4E,ArenaCombatQuest07Chaurus,Skyrim.esm,ok,SEMANTIC-SILENT,not-needed,SILENT,not-needed,not-needed,not-needed,not-needed,
COREQ-1111,core,V02,V02-03,standard,Skyrim.esm:092A4F,ArenaCombatQuest08Troll,Skyrim.esm,ok,SEMANTIC-SILENT,not-needed,SILENT,not-needed,not-needed,not-needed,not-needed,
COREQ-1112,core,V02,V02-03,standard,Skyrim.esm:092A50,ArenaCombatQuest09NPCsPlusFive,Skyrim.esm,ok,SEMANTIC-SILENT,not-needed,SILENT,not-needed,not-needed,not-needed,not-needed,
COREQ-1113,core,V02,V02-03,standard,Skyrim.esm:092A54,EastmarchJailArenaFightQuest,Skyrim.esm,ok,SEMANTIC-SILENT,not-needed,SILENT,not-needed,not-needed,not-needed,not-needed,
COREQ-1114,core,V02,V02-03,standard,Skyrim.esm:092E25,DA01Intro,Skyrim.esm,ok,SEMANTIC-SILENT,not-needed,SILENT,not-needed,not-needed,not-needed,not-needed,
COREQ-1115,core,V02,V02-03,standard,Skyrim.esm:0931BF,FreeformSalviusFarmA,Skyrim.esm,ok,SEMANTIC-SILENT,not-needed,SILENT,not-needed,not-needed,not-needed,not-needed,
COREQ-1116,core,V02,V02-03,standard,Skyrim.esm:0934F9,FreeformWhiterunQuest01,Skyrim.esm,ok,APPROVED,ok,APPROVED,ok,ok,ok,ok,"Owner approved 2026-08-12; cross-generation, shared-matrix promotion or repair, and post-readback pending root closeout. direct_post_promotion_readback=ok; route_evidence=ok; runtime_marker_check=ok; compile=ok."
COREQ-1117,core,V02,V02-03,existing-core-row,Skyrim.esm:0934FB,DBDestroy,Skyrim.esm,ok,APPROVED,ok,APPROVED,ok,ok,ok,ok,"Owner approved 2026-08-12; cross-generation, shared-matrix promotion or repair, and post-readback pending root closeout. direct_post_promotion_readback=ok; route_evidence=ok; runtime_marker_check=ok; compile=ok."
COREQ-1118,core,V02,V02-03,standard,Skyrim.esm:0935D6,DialogueCompanionsSkjorAela1,Skyrim.esm,ok,STRUCTURAL-SILENT,not-needed,SILENT,not-needed,not-needed,not-needed,not-needed,
COREQ-1119,core,V02,V02-03,standard,Skyrim.esm:0935D8,DialogueCompanionsSkjorAela2,Skyrim.esm,ok,STRUCTURAL-SILENT,not-needed,SILENT,not-needed,not-needed,not-needed,not-needed,
COREQ-1120,core,V02,V02-03,standard,Skyrim.esm:0935DA,DialogueCompanionsSkjorNjada1,Skyrim.esm,ok,STRUCTURAL-SILENT,not-needed,SILENT,not-needed,not-needed,not-needed,not-needed,
COREQ-1121,core,V02,V02-03,standard,Skyrim.esm:0935DC,DialogueCompanionsSkjorNjada2,Skyrim.esm,ok,STRUCTURAL-SILENT,not-needed,SILENT,not-needed,not-needed,not-needed,not-needed,
COREQ-1122,core,V02,V02-03,standard,Skyrim.esm:0935DE,DialogueCompanionsAelaNjada1,Skyrim.esm,ok,STRUCTURAL-SILENT,not-needed,SILENT,not-needed,not-needed,not-needed,not-needed,
COREQ-1123,core,V02,V02-03,standard,Skyrim.esm:0935E0,DialogueCompanionsAelaNjada2,Skyrim.esm,ok,STRUCTURAL-SILENT,not-needed,SILENT,not-needed,not-needed,not-needed,not-needed,
COREQ-1124,core,V02,V02-03,standard,Skyrim.esm:0935E2,DialogueCompanionsFarkasAthis1,Skyrim.esm,ok,STRUCTURAL-SILENT,not-needed,SILENT,not-needed,not-needed,not-needed,not-needed,
COREQ-1125,core,V02,V02-03,standard,Skyrim.esm:0935E4,DialogueCompanionsFarkasAthis2,Skyrim.esm,ok,STRUCTURAL-SILENT,not-needed,SILENT,not-needed,not-needed,not-needed,not-needed,
COREQ-1126,core,V02,V02-03,standard,Skyrim.esm:0935E6,DialogueCompanionsFarkasTorvar1,Skyrim.esm,ok,STRUCTURAL-SILENT,not-needed,SILENT,not-needed,not-needed,not-needed,not-needed,
COREQ-1127,core,V02,V02-03,standard,Skyrim.esm:0935E8,DialogueCompanionsTorvarAthis1,Skyrim.esm,ok,STRUCTURAL-SILENT,not-needed,SILENT,not-needed,not-needed,not-needed,not-needed,
COREQ-1128,core,V02,V02-03,standard,Skyrim.esm:0935EA,DialogueCompanionsFarkasTorvar2,Skyrim.esm,ok,STRUCTURAL-SILENT,not-needed,SILENT,not-needed,not-needed,not-needed,not-needed,
COREQ-1129,core,V02,V02-03,standard,Skyrim.esm:0935EC,DialogueCompanionsTorvarAthis2,Skyrim.esm,ok,STRUCTURAL-SILENT,not-needed,SILENT,not-needed,not-needed,not-needed,not-needed,
COREQ-1130,core,V02,V02-03,standard,Skyrim.esm:0935EE,DialogueCompanionsRiaVilkas1,Skyrim.esm,ok,STRUCTURAL-SILENT,not-needed,SILENT,not-needed,not-needed,not-needed,not-needed,
COREQ-1131,core,V02,V02-03,standard,Skyrim.esm:0935F0,DialogueCompanionsRiaVilkas2,Skyrim.esm,ok,STRUCTURAL-SILENT,not-needed,SILENT,not-needed,not-needed,not-needed,not-needed,
COREQ-1132,core,V02,V02-03,standard,Skyrim.esm:0935F2,DialogueCompanionsRiaVilkas3,Skyrim.esm,ok,STRUCTURAL-SILENT,not-needed,SILENT,not-needed,not-needed,not-needed,not-needed,
COREQ-1133,core,V02,V02-03,standard,Skyrim.esm:0935F4,ArenaCombatQuest00LevelTransition,Skyrim.esm,ok,SEMANTIC-SILENT,not-needed,SILENT,not-needed,not-needed,not-needed,not-needed,
COREQ-1134,core,V02,V02-03,standard,Skyrim.esm:0935F6,DialogueCompanionsKodlakSkjor1,Skyrim.esm,ok,STRUCTURAL-SILENT,not-needed,SILENT,not-needed,not-needed,not-needed,not-needed,
COREQ-1135,core,V02,V02-03,standard,Skyrim.esm:0935F8,DialogueCompanionsKodlakSkjor2,Skyrim.esm,ok,STRUCTURAL-SILENT,not-needed,SILENT,not-needed,not-needed,not-needed,not-needed,
COREQ-1136,core,V02,V02-03,standard,Skyrim.esm:0935FA,DialogueCompanionsKodlakAela1,Skyrim.esm,ok,STRUCTURAL-SILENT,not-needed,SILENT,not-needed,not-needed,not-needed,not-needed,
COREQ-1137,core,V02,V02-03,standard,Skyrim.esm:0935FC,DialogueCompanionsKodlakAela2,Skyrim.esm,ok,STRUCTURAL-SILENT,not-needed,SILENT,not-needed,not-needed,not-needed,not-needed,
COREQ-1138,core,V02,V02-03,standard,Skyrim.esm:0935FE,DialogueCompanionsKodlakFarkas1,Skyrim.esm,ok,STRUCTURAL-SILENT,not-needed,SILENT,not-needed,not-needed,not-needed,not-needed,
COREQ-1139,core,V02,V02-03,standard,Skyrim.esm:093600,DialogueCompanionsKodlakFarkas2,Skyrim.esm,ok,STRUCTURAL-SILENT,not-needed,SILENT,not-needed,not-needed,not-needed,not-needed,
COREQ-1140,core,V02,V02-03,standard,Skyrim.esm:093602,DialogueCompanionsKodlakTorvar1,Skyrim.esm,ok,STRUCTURAL-SILENT,not-needed,SILENT,not-needed,not-needed,not-needed,not-needed,
COREQ-1141,core,V02,V02-03,standard,Skyrim.esm:093604,DialogueCompanionsKodlakTorvar2,Skyrim.esm,ok,STRUCTURAL-SILENT,not-needed,SILENT,not-needed,not-needed,not-needed,not-needed,
COREQ-1142,core,V02,V02-03,standard,Skyrim.esm:093637,e3demo,Skyrim.esm,ok,SEMANTIC-SILENT,not-needed,SILENT,not-needed,not-needed,not-needed,not-needed,
COREQ-1143,core,V02,V02-03,standard,Skyrim.esm:093753,FreeformFalkreathQuest01,Skyrim.esm,ok,APPROVED,ok,APPROVED,ok,ok,ok,ok,direct_mcp_review=ok; s255 exact grave-robbery report branch resolved from INFO TIF and official QF fragments; purchase branch remains unrowed; cross-generation and promotion pending root closeout. direct_post_promotion_readback=ok; route_evidence=ok; runtime_marker_check=ok; compile=ok.
COREQ-1144,core,V02,V02-03,standard,Skyrim.esm:09375A,FreeformFalkreathQuest02,Skyrim.esm,ok,APPROVED,ok,APPROVED,ok,ok,ok,ok,direct_mcp_review=ok; s20 exact disclosure of Runil's hidden Thalmor atrocities resolved from INFO TIF; cross-generation and promotion pending root closeout. direct_post_promotion_readback=ok; route_evidence=ok; runtime_marker_check=ok; compile=ok.
COREQ-1145,core,V02,V02-03,standard,Skyrim.esm:093807,MS06Start,Skyrim.esm,ok,APPROVED,ok,APPROVED,ok,ok,ok,ok,"Owner approved 2026-08-12; cross-generation, shared-matrix promotion or repair, and post-readback pending root closeout. direct_post_promotion_readback=ok; route_evidence=ok; runtime_marker_check=ok; compile=ok."
COREQ-1146,core,V02,V02-03,standard,Skyrim.esm:09380B,FreeformWhiterunQuest02,Skyrim.esm,ok,APPROVED,ok,APPROVED,ok,ok,ok,ok,"Owner approved 2026-08-12; cross-generation, shared-matrix promotion or repair, and post-readback pending root closeout. direct_post_promotion_readback=ok; route_evidence=ok; runtime_marker_check=ok; compile=ok."
COREQ-1147,core,V02,V02-03,standard,Skyrim.esm:093AF4,CreatureDialogueDwarvenSpider,Skyrim.esm,ok,STRUCTURAL-SILENT,not-needed,SILENT,not-needed,not-needed,not-needed,not-needed,
COREQ-1148,core,V02,V02-03,standard,Skyrim.esm:0940E0,Favor109,Skyrim.esm,ok,SEMANTIC-SILENT,not-needed,SILENT,not-needed,not-needed,not-needed,not-needed,
COREQ-1149,core,V02,V02-03,standard,Skyrim.esm:094152,FreeformShipsDawnstar,Skyrim.esm,ok,APPROVED,ok,APPROVED,ok,ok,ok,ok,"Owner approved 2026-08-12; cross-generation, shared-matrix promotion or repair, and post-readback pending root closeout. direct_post_promotion_readback=ok; route_evidence=ok; runtime_marker_check=ok; compile=ok."
COREQ-1150,core,V02,V02-03,standard,Skyrim.esm:094158,FreeformShipsWindhelm,Skyrim.esm,ok,APPROVED,ok,APPROVED,ok,ok,ok,ok,"Owner approved 2026-08-12; cross-generation, shared-matrix promotion or repair, and post-readback pending root closeout. direct_post_promotion_readback=ok; route_evidence=ok; runtime_marker_check=ok; compile=ok."
COREQ-1151,core,V02,V02-03,standard,Skyrim.esm:0946FD,FreeformWhiterunQuest03,Skyrim.esm,ok,APPROVED,ok,APPROVED,ok,ok,ok,ok,"Owner approved 2026-08-12; cross-generation, shared-matrix promotion or repair, and post-readback pending root closeout. direct_post_promotion_readback=ok; route_evidence=ok; runtime_marker_check=ok; compile=ok."
COREQ-1152,core,V02,V02-03,standard,Skyrim.esm:094D89,DA07intro,Skyrim.esm,ok,SEMANTIC-SILENT,not-needed,SILENT,not-needed,not-needed,not-needed,not-needed,
COREQ-1153,core,V02,V02-03,standard,Skyrim.esm:094E3C,FreeformWhiterunQuest04,Skyrim.esm,ok,APPROVED,ok,APPROVED,ok,ok,ok,ok,"Owner approved 2026-08-12; cross-generation, shared-matrix promotion or repair, and post-readback pending root closeout. direct_post_promotion_readback=ok; route_evidence=ok; runtime_marker_check=ok; compile=ok."
COREQ-1154,core,V02,V02-03,standard,Skyrim.esm:094E3F,FreeformWhiterunQuest05,Skyrim.esm,ok,APPROVED,ok,APPROVED,ok,ok,ok,ok,"Owner approved 2026-08-12; cross-generation, shared-matrix promotion or repair, and post-readback pending root closeout. direct_post_promotion_readback=ok; route_evidence=ok; runtime_marker_check=ok; compile=ok."
COREQ-1155,core,V02,V02-03,standard,Skyrim.esm:095125,BQ01,Skyrim.esm,ok,SEMANTIC-SILENT,not-needed,SILENT,not-needed,not-needed,not-needed,not-needed,
COREQ-1156,core,V02,V02-03,standard,Skyrim.esm:0954D9,DialogueRiverwoodIntroScene,Skyrim.esm,ok,SEMANTIC-SILENT,not-needed,SILENT,not-needed,not-needed,not-needed,not-needed,
COREQ-1157,core,V02,V02-03,standard,Skyrim.esm:0954DB,DialogueRiverwoodSceneEmbrySoldier,Skyrim.esm,ok,SEMANTIC-SILENT,not-needed,SILENT,not-needed,not-needed,not-needed,not-needed,
COREQ-1158,core,V02,V02-03,standard,Skyrim.esm:0954DD,DialogueRiverwoodSceneSoldierHilde,Skyrim.esm,ok,SEMANTIC-SILENT,not-needed,SILENT,not-needed,not-needed,not-needed,not-needed,
COREQ-1159,core,V02,V02-03,standard,Skyrim.esm:0955CF,DA05_dunBloatedMansGrottoQST,Skyrim.esm,ok,SEMANTIC-SILENT,not-needed,SILENT,not-needed,not-needed,not-needed,not-needed,
COREQ-1160,core,V02,V02-03,standard,Skyrim.esm:0958B3,MGRAppJzargo01,Skyrim.esm,ok,APPROVED,ok,APPROVED,ok,ok,ok,ok,"Owner approved 2026-08-12; cross-generation, shared-matrix promotion or repair, and post-readback pending root closeout. direct_post_promotion_readback=ok; route_evidence=ok; runtime_marker_check=ok; compile=ok."
COREQ-1161,core,V02,V02-03,standard,Skyrim.esm:095F4F,DialogueRiftenRatway,Skyrim.esm,ok,SEMANTIC-SILENT,not-needed,SILENT,not-needed,not-needed,not-needed,not-needed,
COREQ-1162,core,V02,V02-03,standard,Skyrim.esm:0967D9,ArenaCombatQuest10Giant,Skyrim.esm,ok,SEMANTIC-SILENT,not-needed,SILENT,not-needed,not-needed,not-needed,not-needed,
COREQ-1163,core,V02,V02-03,standard,Skyrim.esm:0967DA,ArenaCombatQuest11NPCsPlusSeven,Skyrim.esm,ok,SEMANTIC-SILENT,not-needed,SILENT,not-needed,not-needed,not-needed,not-needed,
COREQ-1164,core,V02,V02-03,standard,Skyrim.esm:0967DB,ArenaCombatQuest13NPCsPlusNine,Skyrim.esm,ok,SEMANTIC-SILENT,not-needed,SILENT,not-needed,not-needed,not-needed,not-needed,
COREQ-1165,core,V02,V02-03,standard,Skyrim.esm:0967DC,ArenaCombatQuest12IceWraith,Skyrim.esm,ok,SEMANTIC-SILENT,not-needed,SILENT,not-needed,not-needed,not-needed,not-needed,
COREQ-1166,core,V02,V02-03,standard,Skyrim.esm:0967DD,ArenaCombatQuest00JailFight,Skyrim.esm,ok,SEMANTIC-SILENT,not-needed,SILENT,not-needed,not-needed,not-needed,not-needed,
COREQ-1167,core,V02,V02-03,standard,Skyrim.esm:096E71,CWSiegeObj,Skyrim.esm,ok,SEMANTIC-SILENT,not-needed,SILENT,not-needed,not-needed,not-needed,not-needed,
COREQ-1168,core,V02,V02-03,standard,Skyrim.esm:096FD7,DA07MuseumScenes,Skyrim.esm,ok,SEMANTIC-SILENT,not-needed,SILENT,not-needed,not-needed,not-needed,not-needed,
COREQ-1169,core,V02,V02-03,standard,Skyrim.esm:097255,DBRecurringIntroMisc,Skyrim.esm,ok,SEMANTIC-SILENT,not-needed,SILENT,not-needed,not-needed,not-needed,not-needed,
COREQ-1170,core,V02,V02-03,standard,Skyrim.esm:097256,DBRecurringControlQuest,Skyrim.esm,ok,SEMANTIC-SILENT,not-needed,SILENT,not-needed,not-needed,not-needed,not-needed,
COREQ-1171,core,V02,V02-03,standard,Skyrim.esm:09726A,CWSiegeQuickStart,Skyrim.esm,ok,SEMANTIC-SILENT,not-needed,SILENT,not-needed,not-needed,not-needed,not-needed,
COREQ-1172,core,V02,V02-03,standard,Skyrim.esm:097594,ArenaCombatQuest00DBSpecial,Skyrim.esm,ok,SEMANTIC-SILENT,not-needed,SILENT,not-needed,not-needed,not-needed,not-needed,
COREQ-1173,core,V02,V02-03,standard,Skyrim.esm:097FDE,TGDungeonReserve,Skyrim.esm,ok,STRUCTURAL-SILENT,not-needed,SILENT,not-needed,not-needed,not-needed,not-needed,
COREQ-1174,core,V02,V02-03,standard,Skyrim.esm:0987A4,DialogueLeftHandMineIntroScene,Skyrim.esm,ok,SEMANTIC-SILENT,not-needed,SILENT,not-needed,not-needed,not-needed,not-needed,
COREQ-1175,core,V02,V02-03,standard,Skyrim.esm:098B52,WE05,Skyrim.esm,ok,SEMANTIC-SILENT,not-needed,SILENT,not-needed,not-needed,not-needed,not-needed,
COREQ-1176,core,V02,V02-03,standard,Skyrim.esm:098BB1,WEParent,Skyrim.esm,ok,STRUCTURAL-SILENT,not-needed,SILENT,not-needed,not-needed,not-needed,not-needed,
COREQ-1177,core,V02,V02-03,standard,Skyrim.esm:098E58,DialogueRiverwoodSleepingGiantScene3,Skyrim.esm,ok,STRUCTURAL-SILENT,not-needed,SILENT,not-needed,not-needed,not-needed,not-needed,
COREQ-1178,core,V02,V02-03,standard,Skyrim.esm:098E5A,DialogueRiverwoodSleepingGiantScene4,Skyrim.esm,ok,STRUCTURAL-SILENT,not-needed,SILENT,not-needed,not-needed,not-needed,not-needed,
COREQ-1179,core,V02,V02-03,standard,Skyrim.esm:098E5C,DialogueRiverwoodSleepingGiantOrderDrinks,Skyrim.esm,ok,STRUCTURAL-SILENT,not-needed,SILENT,not-needed,not-needed,not-needed,not-needed,
COREQ-1180,core,V02,V02-03,standard,Skyrim.esm:098E61,DialogueRiverwoodSleepingGiantScene5,Skyrim.esm,ok,STRUCTURAL-SILENT,not-needed,SILENT,not-needed,not-needed,not-needed,not-needed,
COREQ-1181,core,V02,V02-03,standard,Skyrim.esm:098E63,DialogueRiverwoodSleepingGiantScene6,Skyrim.esm,ok,STRUCTURAL-SILENT,not-needed,SILENT,not-needed,not-needed,not-needed,not-needed,
COREQ-1182,core,V02,V02-03,standard,Skyrim.esm:09976E,FreeformDushnikhYalA,Skyrim.esm,ok,SEMANTIC-SILENT,not-needed,SILENT,not-needed,not-needed,not-needed,not-needed,
COREQ-1183,core,V02,V02-03,standard,Skyrim.esm:099F27,MGRitual03,Skyrim.esm,ok,APPROVED,ok,APPROVED,ok,ok,ok,ok,"Owner approved 2026-08-12; cross-generation, shared-matrix promotion or repair, and post-readback pending root closeout. direct_post_promotion_readback=ok; route_evidence=ok; runtime_marker_check=ok; compile=ok."
COREQ-1184,core,V02,V02-03,standard,Skyrim.esm:09A7A6,DialogueAnimalTrainers,Skyrim.esm,ok,STRUCTURAL-SILENT,not-needed,SILENT,not-needed,not-needed,not-needed,not-needed,
COREQ-1185,core,V02,V02-03,standard,Skyrim.esm:09A9C9,WE03,Skyrim.esm,ok,SEMANTIC-SILENT,not-needed,SILENT,not-needed,not-needed,not-needed,not-needed,
COREQ-1186,core,V02,V02-03,standard,Skyrim.esm:09B048,RoriksteadSceneRorikJouane1,Skyrim.esm,ok,STRUCTURAL-SILENT,not-needed,SILENT,not-needed,not-needed,not-needed,not-needed,
COREQ-1187,core,V02,V02-03,standard,Skyrim.esm:09B04B,RoriksteadSceneRorikJouane2,Skyrim.esm,ok,STRUCTURAL-SILENT,not-needed,SILENT,not-needed,not-needed,not-needed,not-needed,
COREQ-1188,core,V02,V02-03,standard,Skyrim.esm:09B053,RoriksteadSceneMralkiErik01,Skyrim.esm,ok,STRUCTURAL-SILENT,not-needed,SILENT,not-needed,not-needed,not-needed,not-needed,
COREQ-1189,core,V02,V02-03,standard,Skyrim.esm:09B055,RoriksteadSceneMralkiErik02,Skyrim.esm,ok,STRUCTURAL-SILENT,not-needed,SILENT,not-needed,not-needed,not-needed,not-needed,
COREQ-1190,core,V02,V02-03,standard,Skyrim.esm:09B057,RoriksteadSceneEnnisReldith01,Skyrim.esm,ok,STRUCTURAL-SILENT,not-needed,SILENT,not-needed,not-needed,not-needed,not-needed,
COREQ-1191,core,V02,V02-03,standard,Skyrim.esm:09B059,RoriksteadSceneEnnisReldith02,Skyrim.esm,ok,STRUCTURAL-SILENT,not-needed,SILENT,not-needed,not-needed,not-needed,not-needed,
COREQ-1192,core,V02,V02-03,standard,Skyrim.esm:09B05B,RoriksteadSceneLemkilErik01,Skyrim.esm,ok,STRUCTURAL-SILENT,not-needed,SILENT,not-needed,not-needed,not-needed,not-needed,
COREQ-1193,core,V02,V02-03,standard,Skyrim.esm:09B05D,RoriksteadSceneLemkilMralki01,Skyrim.esm,ok,STRUCTURAL-SILENT,not-needed,SILENT,not-needed,not-needed,not-needed,not-needed,
COREQ-1194,core,V02,V02-03,standard,Skyrim.esm:09B060,RoriksteadSisselJouaneScene02,Skyrim.esm,ok,STRUCTURAL-SILENT,not-needed,SILENT,not-needed,not-needed,not-needed,not-needed,
COREQ-1195,core,V02,V02-03,standard,Skyrim.esm:09B248,DA15WabbajackQST,Skyrim.esm,ok,SEMANTIC-SILENT,not-needed,SILENT,not-needed,not-needed,not-needed,not-needed,
COREQ-1196,core,V02,V02-03,standard,Skyrim.esm:09B285,dunBluePalaceQST,Skyrim.esm,ok,SEMANTIC-SILENT,not-needed,SILENT,not-needed,not-needed,not-needed,not-needed,
COREQ-1197,core,V02,V02-03,standard,Skyrim.esm:09BB1E,WICraftItem02,Skyrim.esm,ok,SEMANTIC-SILENT,not-needed,SILENT,not-needed,not-needed,not-needed,not-needed,
COREQ-1198,core,V02,V02-03,standard,Skyrim.esm:09BB27,WICraftItem03,Skyrim.esm,ok,SEMANTIC-SILENT,not-needed,SILENT,not-needed,not-needed,not-needed,not-needed,
COREQ-1199,core,V02,V02-03,standard,Skyrim.esm:09C1B8,WE04,Skyrim.esm,ok,SEMANTIC-SILENT,not-needed,SILENT,not-needed,not-needed,not-needed,not-needed,
COREQ-1200,core,V02,V02-03,standard,Skyrim.esm:09CA0C,DialogueMarkarthGenericScene01,Skyrim.esm,ok,STRUCTURAL-SILENT,not-needed,SILENT,not-needed,not-needed,not-needed,not-needed,
COREQ-1201,core,V02,V02-03,standard,Skyrim.esm:09CA0E,DialogueMarkarthGenericScene02,Skyrim.esm,ok,STRUCTURAL-SILENT,not-needed,SILENT,not-needed,not-needed,not-needed,not-needed,
COREQ-1202,core,V02,V02-03,standard,Skyrim.esm:09CA10,DialogueMarkarthGenericScene03,Skyrim.esm,ok,STRUCTURAL-SILENT,not-needed,SILENT,not-needed,not-needed,not-needed,not-needed,
COREQ-1203,core,V02,V02-03,standard,Skyrim.esm:09CABF,WE06,Skyrim.esm,ok,SEMANTIC-SILENT,not-needed,SILENT,not-needed,not-needed,not-needed,not-needed,
COREQ-1204,core,V02,V02-03,standard,Skyrim.esm:09CAC2,WE07,Skyrim.esm,ok,SEMANTIC-SILENT,not-needed,SILENT,not-needed,not-needed,not-needed,not-needed,
COREQ-1205,core,V02,V02-03,standard,Skyrim.esm:09CB5B,WE08,Skyrim.esm,ok,SEMANTIC-SILENT,not-needed,SILENT,not-needed,not-needed,not-needed,not-needed,
COREQ-1206,core,V02,V02-03,standard,Skyrim.esm:09D5A0,WE09,Skyrim.esm,ok,SEMANTIC-SILENT,not-needed,SILENT,not-needed,not-needed,not-needed,not-needed,
COREQ-1207,core,V02,V02-03,standard,Skyrim.esm:09D6F6,CRSilverHandNameChangerQuest,Skyrim.esm,ok,SEMANTIC-SILENT,not-needed,SILENT,not-needed,not-needed,not-needed,not-needed,
COREQ-1208,core,V02,V02-03,standard,Skyrim.esm:09D6FC,CR10,Skyrim.esm,ok,APPROVED,ok,APPROVED,ok,ok,ok,ok,"Owner approved 2026-08-12; cross-generation, shared-matrix promotion or repair, and post-readback pending root closeout. direct_post_promotion_readback=ok; route_evidence=ok; runtime_marker_check=ok; compile=ok."
COREQ-1209,core,V02,V02-03,standard,Skyrim.esm:09D700,CR11,Skyrim.esm,ok,APPROVED,ok,APPROVED,ok,ok,ok,ok,"Owner approved 2026-08-12; cross-generation, shared-matrix promotion or repair, and post-readback pending root closeout. direct_post_promotion_readback=ok; route_evidence=ok; runtime_marker_check=ok; compile=ok."
COREQ-1210,core,V02,V02-03,standard,Skyrim.esm:09DA94,dunSnaplegQST,Skyrim.esm,ok,STRUCTURAL-SILENT,not-needed,SILENT,not-needed,not-needed,not-needed,not-needed,
COREQ-1211,core,V02,V02-03,standard,Skyrim.esm:09DD77,TGCrown,Skyrim.esm,ok,APPROVED,ok,APPROVED,ok,ok,ok,ok,"Owner approved 2026-08-12; cross-generation, shared-matrix promotion or repair, and post-readback pending root closeout. direct_post_promotion_readback=ok; route_evidence=ok; runtime_marker_check=ok; compile=ok."
COREQ-1212,core,V02,V02-03,standard,Skyrim.esm:09EE78,TGRQueue,Skyrim.esm,ok,STRUCTURAL-SILENT,not-needed,SILENT,not-needed,not-needed,not-needed,not-needed,
COREQ-1213,core,V02,V02-03,standard,Skyrim.esm:09F179,FreeformRiften21,Skyrim.esm,ok,APPROVED,ok,APPROVED,ok,ok,ok,ok,"Owner approved 2026-08-12; cross-generation, shared-matrix promotion or repair, and post-readback pending root closeout. direct_post_promotion_readback=ok; route_evidence=ok; runtime_marker_check=ok; compile=ok."
COREQ-1214,core,V02,V02-03,standard,Skyrim.esm:09F329,WE11,Skyrim.esm,ok,SEMANTIC-SILENT,not-needed,SILENT,not-needed,not-needed,not-needed,not-needed,
COREQ-1215,core,V02,V02-03,standard,Skyrim.esm:09F32C,WE12,Skyrim.esm,ok,SEMANTIC-SILENT,not-needed,SILENT,not-needed,not-needed,not-needed,not-needed,
COREQ-1216,core,V02,V02-03,standard,Skyrim.esm:09F32F,WE13,Skyrim.esm,ok,SEMANTIC-SILENT,not-needed,SILENT,not-needed,not-needed,not-needed,not-needed,
COREQ-1217,core,V02,V02-03,standard,Skyrim.esm:09F332,WE14,Skyrim.esm,ok,SEMANTIC-SILENT,not-needed,SILENT,not-needed,not-needed,not-needed,not-needed,
COREQ-1218,core,V02,V02-03,standard,Skyrim.esm:09F337,WE15,Skyrim.esm,ok,SEMANTIC-SILENT,not-needed,SILENT,not-needed,not-needed,not-needed,not-needed,
COREQ-1219,core,V02,V02-03,standard,Skyrim.esm:09F7E9,WE17,Skyrim.esm,ok,SEMANTIC-SILENT,not-needed,SILENT,not-needed,not-needed,not-needed,not-needed,
COREQ-1220,core,V02,V02-03,standard,Skyrim.esm:09F801,WE16,Skyrim.esm,ok,SEMANTIC-SILENT,not-needed,SILENT,not-needed,not-needed,not-needed,not-needed,
COREQ-1221,core,V02,V02-03,standard,Skyrim.esm:09F80A,WE18,Skyrim.esm,ok,SEMANTIC-SILENT,not-needed,SILENT,not-needed,not-needed,not-needed,not-needed,
COREQ-1222,core,V02,V02-03,standard,Skyrim.esm:09F813,WE20,Skyrim.esm,ok,SEMANTIC-SILENT,not-needed,SILENT,not-needed,not-needed,not-needed,not-needed,
COREQ-1223,core,V02,V02-03,standard,Skyrim.esm:0A0D26,DA11DialogueReachcliff,Skyrim.esm,ok,STRUCTURAL-SILENT,not-needed,SILENT,not-needed,not-needed,not-needed,not-needed,
COREQ-1224,core,V02,V02-03,standard,Skyrim.esm:0A0F43,WIAddItem07,Skyrim.esm,ok,SEMANTIC-SILENT,not-needed,SILENT,not-needed,not-needed,not-needed,not-needed,
COREQ-1225,core,V02,V02-03,standard,Skyrim.esm:0A17AD,WE100ObjA,Skyrim.esm,ok,SEMANTIC-SILENT,not-needed,SILENT,not-needed,not-needed,not-needed,not-needed,
COREQ-1226,core,V02,V02-03,standard,Skyrim.esm:0A17B4,WE100ObjB,Skyrim.esm,ok,SEMANTIC-SILENT,not-needed,SILENT,not-needed,not-needed,not-needed,not-needed,
COREQ-1227,core,V02,V02-03,standard,Skyrim.esm:0A17B5,WE100ObjC,Skyrim.esm,ok,SEMANTIC-SILENT,not-needed,SILENT,not-needed,not-needed,not-needed,not-needed,
COREQ-1228,core,V02,V02-03,standard,Skyrim.esm:0A17B6,WE100ObjD,Skyrim.esm,ok,SEMANTIC-SILENT,not-needed,SILENT,not-needed,not-needed,not-needed,not-needed,
COREQ-1229,core,V02,V02-03,standard,Skyrim.esm:0A17B7,WE100ObjE,Skyrim.esm,ok,SEMANTIC-SILENT,not-needed,SILENT,not-needed,not-needed,not-needed,not-needed,
COREQ-1230,core,V02,V02-03,standard,Skyrim.esm:0A17B8,WE100ObjF,Skyrim.esm,ok,SEMANTIC-SILENT,not-needed,SILENT,not-needed,not-needed,not-needed,not-needed,
COREQ-1231,core,V02,V02-03,standard,Skyrim.esm:0A17B9,WE100ObjG,Skyrim.esm,ok,SEMANTIC-SILENT,not-needed,SILENT,not-needed,not-needed,not-needed,not-needed,
COREQ-1232,core,V02,V02-03,standard,Skyrim.esm:0A17BA,WE100ObjH,Skyrim.esm,ok,SEMANTIC-SILENT,not-needed,SILENT,not-needed,not-needed,not-needed,not-needed,
COREQ-1233,core,V02,V02-03,standard,Skyrim.esm:0A17BB,WE100ObjI,Skyrim.esm,ok,SEMANTIC-SILENT,not-needed,SILENT,not-needed,not-needed,not-needed,not-needed,
COREQ-1234,core,V02,V02-03,standard,Skyrim.esm:0A17BC,WE100ObjJ,Skyrim.esm,ok,SEMANTIC-SILENT,not-needed,SILENT,not-needed,not-needed,not-needed,not-needed,
COREQ-1235,core,V02,V02-03,standard,Skyrim.esm:0A1A59,StormCallQuest,Skyrim.esm,ok,SEMANTIC-SILENT,not-needed,SILENT,not-needed,not-needed,not-needed,not-needed,
COREQ-1236,core,V02,V02-03,standard,Skyrim.esm:0A2408,dunShriekwindQST,Skyrim.esm,ok,STRUCTURAL-SILENT,not-needed,SILENT,not-needed,not-needed,not-needed,not-needed,
COREQ-1237,core,V02,V02-03,standard,Skyrim.esm:0A2490,DBSuspensionQuest,Skyrim.esm,ok,SEMANTIC-SILENT,not-needed,SILENT,not-needed,not-needed,not-needed,not-needed,
COREQ-1238,core,V02,V02-03,standard,Skyrim.esm:0A2BC0,DialogueWhiterunAnoriathBrenuinScene1,Skyrim.esm,ok,STRUCTURAL-SILENT,not-needed,SILENT,not-needed,not-needed,not-needed,not-needed,
COREQ-1239,core,V02,V02-03,standard,Skyrim.esm:0A2BC2,DialogueWhiterunAnoriathYsoldaScene1,Skyrim.esm,ok,STRUCTURAL-SILENT,not-needed,SILENT,not-needed,not-needed,not-needed,not-needed,
COREQ-1240,core,V02,V02-03,standard,Skyrim.esm:0A2BC4,DialogueWhiterunAnoriathOlfinaScene1,Skyrim.esm,ok,STRUCTURAL-SILENT,not-needed,SILENT,not-needed,not-needed,not-needed,not-needed,
COREQ-1241,core,V02,V02-03,standard,Skyrim.esm:0A2BC6,DialogueWhiterunCarlottaBrenuinScene1,Skyrim.esm,ok,STRUCTURAL-SILENT,not-needed,SILENT,not-needed,not-needed,not-needed,not-needed,
COREQ-1242,core,V02,V02-03,standard,Skyrim.esm:0A2BC8,DialogueWhiterunCarlottaYsoldaScene1,Skyrim.esm,ok,STRUCTURAL-SILENT,not-needed,SILENT,not-needed,not-needed,not-needed,not-needed,
COREQ-1243,core,V02,V02-03,standard,Skyrim.esm:0A2BCA,DialogueWhiterunCarlottaOlfinaScene1,Skyrim.esm,ok,STRUCTURAL-SILENT,not-needed,SILENT,not-needed,not-needed,not-needed,not-needed,
COREQ-1244,core,V02,V02-03,standard,Skyrim.esm:0A2C86,Favor250,Skyrim.esm,ok,SEMANTIC-SILENT,not-needed,SILENT,not-needed,not-needed,not-needed,not-needed,
COREQ-1245,core,V02,V02-03,standard,Skyrim.esm:0A2C9B,Favor252,Skyrim.esm,ok,SEMANTIC-SILENT,not-needed,SILENT,not-needed,not-needed,not-needed,not-needed,
COREQ-1246,core,V02,V02-03,standard,Skyrim.esm:0A2C9E,Favor253,Skyrim.esm,ok,SEMANTIC-SILENT,not-needed,SILENT,not-needed,not-needed,not-needed,not-needed,
COREQ-1247,core,V02,V02-03,standard,Skyrim.esm:0A2CA6,Favor254,Skyrim.esm,ok,SEMANTIC-SILENT,not-needed,SILENT,not-needed,not-needed,not-needed,not-needed,
COREQ-1248,core,V02,V02-03,standard,Skyrim.esm:0A2CD8,DialogueWhiterunYsoldaBrenuinScene1,Skyrim.esm,ok,STRUCTURAL-SILENT,not-needed,SILENT,not-needed,not-needed,not-needed,not-needed,
COREQ-1249,core,V02,V02-03,standard,Skyrim.esm:0A31DC,RoriksteadSceneRorikEnnis1,Skyrim.esm,ok,STRUCTURAL-SILENT,not-needed,SILENT,not-needed,not-needed,not-needed,not-needed,
COREQ-1250,core,V02,V02-03,standard,Skyrim.esm:0A31DE,RoriksteadSceneRorikReldith1,Skyrim.esm,ok,STRUCTURAL-SILENT,not-needed,SILENT,not-needed,not-needed,not-needed,not-needed,
COREQ-1251,core,V02,V02-03,standard,Skyrim.esm:0A31E0,RoriksteadSceneRorikErik1,Skyrim.esm,ok,STRUCTURAL-SILENT,not-needed,SILENT,not-needed,not-needed,not-needed,not-needed,
COREQ-1252,core,V02,V02-03,standard,Skyrim.esm:0A31E2,RoriksteadSceneRorikLemkil1,Skyrim.esm,ok,STRUCTURAL-SILENT,not-needed,SILENT,not-needed,not-needed,not-needed,not-needed,
COREQ-1253,core,V02,V02-03,standard,Skyrim.esm:0A3231,RoriksteadSceneJouaneEnnis1,Skyrim.esm,ok,STRUCTURAL-SILENT,not-needed,SILENT,not-needed,not-needed,not-needed,not-needed,
COREQ-1254,core,V02,V02-03,standard,Skyrim.esm:0A3233,RoriksteadSceneJouaneReldith1,Skyrim.esm,ok,STRUCTURAL-SILENT,not-needed,SILENT,not-needed,not-needed,not-needed,not-needed,
COREQ-1255,core,V02,V02-03,standard,Skyrim.esm:0A3235,RoriksteadSceneJouaneErik1,Skyrim.esm,ok,STRUCTURAL-SILENT,not-needed,SILENT,not-needed,not-needed,not-needed,not-needed,
COREQ-1256,core,V02,V02-03,standard,Skyrim.esm:0A3237,RoriksteadSceneJouaneLemkil1,Skyrim.esm,ok,STRUCTURAL-SILENT,not-needed,SILENT,not-needed,not-needed,not-needed,not-needed,
COREQ-1257,core,V02,V02-03,standard,Skyrim.esm:0A34D7,Favor257,Skyrim.esm,ok,SEMANTIC-SILENT,not-needed,SILENT,not-needed,not-needed,not-needed,not-needed,
COREQ-1258,core,V02,V02-03,standard,Skyrim.esm:0A3504,Favor157,Skyrim.esm,ok,SEMANTIC-SILENT,not-needed,SILENT,not-needed,not-needed,not-needed,not-needed,
COREQ-1259,core,V02,V02-03,standard,Skyrim.esm:0A3C4B,WIRentRoomWalkTo,Skyrim.esm,ok,SEMANTIC-SILENT,not-needed,SILENT,not-needed,not-needed,not-needed,not-needed,
COREQ-1260,core,V02,V02-03,standard,Skyrim.esm:0A3EBC,C00VilkasTrainingQuest,Skyrim.esm,ok,SEMANTIC-SILENT,not-needed,SILENT,not-needed,not-needed,not-needed,not-needed,
COREQ-1261,core,V02,V02-03,standard,Skyrim.esm:0A3EC5,C00LocationMonitoring1,Skyrim.esm,ok,SEMANTIC-SILENT,not-needed,SILENT,not-needed,not-needed,not-needed,not-needed,
COREQ-1262,core,V02,V02-03,standard,Skyrim.esm:0A3EE4,C00LocationMonitoring2,Skyrim.esm,ok,SEMANTIC-SILENT,not-needed,SILENT,not-needed,not-needed,not-needed,not-needed,
COREQ-1263,core,V02,V02-03,standard,Skyrim.esm:0A3EE5,C00LocationMonitoring3,Skyrim.esm,ok,SEMANTIC-SILENT,not-needed,SILENT,not-needed,not-needed,not-needed,not-needed,
COREQ-1264,core,V02,V02-03,standard,Skyrim.esm:0A3EF8,C02Kicker,Skyrim.esm,ok,SEMANTIC-SILENT,not-needed,SILENT,not-needed,not-needed,not-needed,not-needed,
COREQ-1265,core,V02,V02-03,standard,Skyrim.esm:0A409D,dunHaltedStreamCampQST,Skyrim.esm,ok,SEMANTIC-SILENT,not-needed,SILENT,not-needed,not-needed,not-needed,not-needed,
COREQ-1266,core,V02,V02-03,standard,Skyrim.esm:0A4E82,MGRitual01,Skyrim.esm,ok,APPROVED,ok,APPROVED,ok,ok,ok,ok,"Owner approved 2026-08-12; cross-generation, shared-matrix promotion or repair, and post-readback pending root closeout. direct_post_promotion_readback=ok; route_evidence=ok; runtime_marker_check=ok; compile=ok."
COREQ-1267,core,V02,V02-03,standard,Skyrim.esm:0A7185,DA11ConvoLisbetBanning,Skyrim.esm,ok,STRUCTURAL-SILENT,not-needed,SILENT,not-needed,not-needed,not-needed,not-needed,
COREQ-1268,core,V02,V02-03,standard,Skyrim.esm:0A71A7,DA11ConvoHogniBanning,Skyrim.esm,ok,STRUCTURAL-SILENT,not-needed,SILENT,not-needed,not-needed,not-needed,not-needed,
COREQ-1269,core,V02,V02-03,standard,Skyrim.esm:0A71A9,DA11ConvoHogniLisbet,Skyrim.esm,ok,STRUCTURAL-SILENT,not-needed,SILENT,not-needed,not-needed,not-needed,not-needed,
COREQ-1270,core,V02,V02-03,standard,Skyrim.esm:0A71AC,DA11ConvoEolaHogni,Skyrim.esm,ok,STRUCTURAL-SILENT,not-needed,SILENT,not-needed,not-needed,not-needed,not-needed,
COREQ-1271,core,V02,V02-03,standard,Skyrim.esm:0A7240,DA11ConvoEolaLisbet,Skyrim.esm,ok,STRUCTURAL-SILENT,not-needed,SILENT,not-needed,not-needed,not-needed,not-needed,
COREQ-1272,core,V02,V02-03,standard,Skyrim.esm:0A7242,DA11ConvoEolaBanning,Skyrim.esm,ok,STRUCTURAL-SILENT,not-needed,SILENT,not-needed,not-needed,not-needed,not-needed,
COREQ-1273,core,V02,V02-03,standard,Skyrim.esm:0A7921,MQ201RecoverGearMISC,Skyrim.esm,ok,SEMANTIC-SILENT,not-needed,SILENT,not-needed,not-needed,not-needed,not-needed,
COREQ-1274,core,V02,V02-03,standard,Skyrim.esm:0A8007,FavorJobsGatherWheat,Skyrim.esm,ok,STRUCTURAL-SILENT,not-needed,SILENT,not-needed,not-needed,not-needed,not-needed,
COREQ-1275,core,V02,V02-03,standard,Skyrim.esm:0A800A,FavorJobsMineOre,Skyrim.esm,ok,STRUCTURAL-SILENT,not-needed,SILENT,not-needed,not-needed,not-needed,not-needed,
COREQ-1276,core,V02,V02-03,standard,Skyrim.esm:0A81FE,C00DebugFollowerComeHere,Skyrim.esm,ok,SEMANTIC-SILENT,not-needed,SILENT,not-needed,not-needed,not-needed,not-needed,
COREQ-1277,core,V02,V02-03,standard,Skyrim.esm:0A85C9,CreatureDialogueWolf,Skyrim.esm,ok,STRUCTURAL-SILENT,not-needed,SILENT,not-needed,not-needed,not-needed,not-needed,
COREQ-1278,core,V02,V02-03,standard,Skyrim.esm:0A8651,WICommentCollegeRobes,Skyrim.esm,ok,SEMANTIC-SILENT,not-needed,SILENT,not-needed,not-needed,not-needed,not-needed,
COREQ-1279,core,V02,V02-03,standard,Skyrim.esm:0A8655,WICommentNaked,Skyrim.esm,ok,SEMANTIC-SILENT,not-needed,SILENT,not-needed,not-needed,not-needed,not-needed,
COREQ-1280,core,V02,V02-03,standard,Skyrim.esm:0A8658,WICommentSneaking,Skyrim.esm,ok,SEMANTIC-SILENT,not-needed,SILENT,not-needed,not-needed,not-needed,not-needed,
COREQ-1281,core,V02,V02-03,standard,Skyrim.esm:0A8A86,WICastMagicNonHostileSpell01,Skyrim.esm,ok,SEMANTIC-SILENT,not-needed,SILENT,not-needed,not-needed,not-needed,not-needed,
COREQ-1282,core,V02,V02-03,standard,Skyrim.esm:0A9209,CreatureDialogueSpriggan,Skyrim.esm,ok,STRUCTURAL-SILENT,not-needed,SILENT,not-needed,not-needed,not-needed,not-needed,
COREQ-1283,core,V02,V02-03,standard,Skyrim.esm:0A9392,DialogueSolitudePalaceScene5,Skyrim.esm,ok,STRUCTURAL-SILENT,not-needed,SILENT,not-needed,not-needed,not-needed,not-needed,
COREQ-1284,core,V02,V02-03,standard,Skyrim.esm:0A93B0,DialogueSolitudePalaceScene6,Skyrim.esm,ok,STRUCTURAL-SILENT,not-needed,SILENT,not-needed,not-needed,not-needed,not-needed,
COREQ-1285,core,V02,V02-03,standard,Skyrim.esm:0A940A,DialogueSolitudePalaceScene7,Skyrim.esm,ok,STRUCTURAL-SILENT,not-needed,SILENT,not-needed,not-needed,not-needed,not-needed,
COREQ-1286,core,V02,V02-03,standard,Skyrim.esm:0A9564,DialogueSolitudePalaceScene8,Skyrim.esm,ok,STRUCTURAL-SILENT,not-needed,SILENT,not-needed,not-needed,not-needed,not-needed,
COREQ-1287,core,V02,V02-03,standard,Skyrim.esm:0A9575,DialogueSolitudePalaceScene9,Skyrim.esm,ok,STRUCTURAL-SILENT,not-needed,SILENT,not-needed,not-needed,not-needed,not-needed,
COREQ-1288,core,V02,V02-03,standard,Skyrim.esm:0A958E,DialogueSolitudePalaceScene10,Skyrim.esm,ok,STRUCTURAL-SILENT,not-needed,SILENT,not-needed,not-needed,not-needed,not-needed,
COREQ-1289,core,V02,V02-03,standard,Skyrim.esm:0A9B1D,WICommentMagicColorful,Skyrim.esm,ok,SEMANTIC-SILENT,not-needed,SILENT,not-needed,not-needed,not-needed,not-needed,
COREQ-1290,core,V02,V02-03,standard,Skyrim.esm:0AA0B3,DialogueRiftenSS01,Skyrim.esm,ok,SEMANTIC-SILENT,not-needed,SILENT,not-needed,not-needed,not-needed,not-needed,
COREQ-1291,core,V02,V02-03,standard,Skyrim.esm:0AA5D6,dunLiarsRetreatQST,Skyrim.esm,ok,SEMANTIC-SILENT,not-needed,SILENT,not-needed,not-needed,not-needed,not-needed,
COREQ-1292,core,V02,V02-03,standard,Skyrim.esm:0AA9A9,MS07Rumor,Skyrim.esm,ok,SEMANTIC-SILENT,not-needed,SILENT,not-needed,not-needed,not-needed,not-needed,
COREQ-1293,core,V02,V02-03,standard,Skyrim.esm:0AB3F7,WICommentMagicDangerous,Skyrim.esm,ok,SEMANTIC-SILENT,not-needed,SILENT,not-needed,not-needed,not-needed,not-needed,
COREQ-1294,core,V02,V02-04,standard,Skyrim.esm:0AB3FA,WICastMagic02,Skyrim.esm,ok,SEMANTIC-SILENT,not-needed,SILENT,not-needed,not-needed,not-needed,not-needed,
COREQ-1295,core,V02,V02-04,standard,Skyrim.esm:0ABD94,PerkInvestor,Skyrim.esm,ok,SEMANTIC-SILENT,not-needed,SILENT,not-needed,not-needed,not-needed,not-needed,
COREQ-1296,core,V02,V02-04,standard,Skyrim.esm:0ABF3A,CreatureDialogueAtronachStorm,Skyrim.esm,ok,STRUCTURAL-SILENT,not-needed,SILENT,not-needed,not-needed,not-needed,not-needed,
COREQ-1297,core,V02,V02-04,standard,Skyrim.esm:0AC9BF,WESharedDialogue,Skyrim.esm,ok,STRUCTURAL-SILENT,not-needed,SILENT,not-needed,not-needed,not-needed,not-needed,
COREQ-1298,core,V02,V02-04,standard,Skyrim.esm:0AC9D1,TGStatus,Skyrim.esm,ok,SEMANTIC-SILENT,not-needed,SILENT,not-needed,not-needed,not-needed,not-needed,
COREQ-1299,core,V02,V02-04,standard,Skyrim.esm:0AD39C,CompanionsBrawlingQuest,Skyrim.esm,ok,STRUCTURAL-SILENT,not-needed,SILENT,not-needed,not-needed,not-needed,not-needed,
COREQ-1300,core,V02,V02-04,standard,Skyrim.esm:0AD39D,C04JorrvaskrCommotion,Skyrim.esm,ok,SEMANTIC-SILENT,not-needed,SILENT,not-needed,not-needed,not-needed,not-needed,
COREQ-1301,core,V02,V02-04,standard,Skyrim.esm:0AD7AD,WICommentDiseased,Skyrim.esm,ok,SEMANTIC-SILENT,not-needed,SILENT,not-needed,not-needed,not-needed,not-needed,
COREQ-1302,core,V02,V02-04,standard,Skyrim.esm:0AD8E1,DialogueMorthalFalionsHouseScene04,Skyrim.esm,ok,STRUCTURAL-SILENT,not-needed,SILENT,not-needed,not-needed,not-needed,not-needed,
COREQ-1303,core,V02,V02-04,standard,Skyrim.esm:0AD907,DialogueMorthalHighmoonHallScene01,Skyrim.esm,ok,STRUCTURAL-SILENT,not-needed,SILENT,not-needed,not-needed,not-needed,not-needed,
COREQ-1304,core,V02,V02-04,standard,Skyrim.esm:0AD90B,DialogueMorthalHighmoonHallScene02,Skyrim.esm,ok,STRUCTURAL-SILENT,not-needed,SILENT,not-needed,not-needed,not-needed,not-needed,
COREQ-1305,core,V02,V02-04,standard,Skyrim.esm:0AD94A,DialogueMorthalHighmoonHallScene03,Skyrim.esm,ok,STRUCTURAL-SILENT,not-needed,SILENT,not-needed,not-needed,not-needed,not-needed,
COREQ-1306,core,V02,V02-04,standard,Skyrim.esm:0AD953,DialogueMorthalHighmoonHallScene04,Skyrim.esm,ok,STRUCTURAL-SILENT,not-needed,SILENT,not-needed,not-needed,not-needed,not-needed,
COREQ-1307,core,V02,V02-04,standard,Skyrim.esm:0ADC8C,WIKill05,Skyrim.esm,ok,SEMANTIC-SILENT,not-needed,SILENT,not-needed,not-needed,not-needed,not-needed,
COREQ-1308,core,V02,V02-04,standard,Skyrim.esm:0ADFE7,dunValtheimKeepQST,Skyrim.esm,ok,SEMANTIC-SILENT,not-needed,SILENT,not-needed,not-needed,not-needed,not-needed,
COREQ-1309,core,V02,V02-04,standard,Skyrim.esm:0AE014,dunBardsLeapSummitQST,Skyrim.esm,ok,SEMANTIC-SILENT,not-needed,SILENT,not-needed,not-needed,not-needed,not-needed,
COREQ-1310,core,V02,V02-04,standard,Skyrim.esm:0AE77E,DialogueWhistlingMine,Skyrim.esm,ok,STRUCTURAL-SILENT,not-needed,SILENT,not-needed,not-needed,not-needed,not-needed,
COREQ-1311,core,V02,V02-04,standard,Skyrim.esm:0AEC22,DA11IntroScene,Skyrim.esm,ok,SEMANTIC-SILENT,not-needed,SILENT,not-needed,not-needed,not-needed,not-needed,
COREQ-1312,core,V02,V02-04,standard,Skyrim.esm:0AEDDE,DialogueMorthalHighmoonHallScene05,Skyrim.esm,ok,STRUCTURAL-SILENT,not-needed,SILENT,not-needed,not-needed,not-needed,not-needed,
COREQ-1313,core,V02,V02-04,standard,Skyrim.esm:0AEDE7,DialogueMorthalHighmoonHallScene06,Skyrim.esm,ok,STRUCTURAL-SILENT,not-needed,SILENT,not-needed,not-needed,not-needed,not-needed,
COREQ-1314,core,V02,V02-04,standard,Skyrim.esm:0AEEA4,DialogueMorthalHighmoonHallScene07,Skyrim.esm,ok,STRUCTURAL-SILENT,not-needed,SILENT,not-needed,not-needed,not-needed,not-needed,
COREQ-1315,core,V02,V02-04,standard,Skyrim.esm:0AEECF,DialogueMorthalMoorsideScene05,Skyrim.esm,ok,STRUCTURAL-SILENT,not-needed,SILENT,not-needed,not-needed,not-needed,not-needed,
COREQ-1316,core,V02,V02-04,standard,Skyrim.esm:0AEED4,DialogueMorthalMoorsideScene06,Skyrim.esm,ok,STRUCTURAL-SILENT,not-needed,SILENT,not-needed,not-needed,not-needed,not-needed,
COREQ-1317,core,V02,V02-04,standard,Skyrim.esm:0AEF91,C03AelaRadiantKicker,Skyrim.esm,ok,SEMANTIC-SILENT,not-needed,SILENT,not-needed,not-needed,not-needed,not-needed,
COREQ-1318,core,V02,V02-04,standard,Skyrim.esm:0AF75F,MS01IntroWorldScene,Skyrim.esm,ok,SEMANTIC-SILENT,not-needed,SILENT,not-needed,not-needed,not-needed,not-needed,
COREQ-1319,core,V02,V02-04,standard,Skyrim.esm:0AF772,DialogueMarkarthSmelterOmluagHathrasil03,Skyrim.esm,ok,STRUCTURAL-SILENT,not-needed,SILENT,not-needed,not-needed,not-needed,not-needed,
COREQ-1320,core,V02,V02-04,standard,Skyrim.esm:0B021F,DialogueMarkarthDragonsSmelterScene01,Skyrim.esm,ok,STRUCTURAL-SILENT,not-needed,SILENT,not-needed,not-needed,not-needed,not-needed,
COREQ-1321,core,V02,V02-04,standard,Skyrim.esm:0B0221,DialogueMarkarthDragonsMarketScene01,Skyrim.esm,ok,STRUCTURAL-SILENT,not-needed,SILENT,not-needed,not-needed,not-needed,not-needed,
COREQ-1322,core,V02,V02-04,standard,Skyrim.esm:0B0223,DialogueMarkarthDragonsKeepImperialScene01,Skyrim.esm,ok,STRUCTURAL-SILENT,not-needed,SILENT,not-needed,not-needed,not-needed,not-needed,
COREQ-1323,core,V02,V02-04,standard,Skyrim.esm:0B0225,DialogueMarkarthDragonsKeepStormcloakScene01,Skyrim.esm,ok,STRUCTURAL-SILENT,not-needed,SILENT,not-needed,not-needed,not-needed,not-needed,
COREQ-1324,core,V02,V02-04,standard,Skyrim.esm:0B026D,FavorJobsDrunks,Skyrim.esm,ok,STRUCTURAL-SILENT,not-needed,SILENT,not-needed,not-needed,not-needed,not-needed,
COREQ-1325,core,V02,V02-04,standard,Skyrim.esm:0B0270,FavorJobsDrunksScene,Skyrim.esm,ok,STRUCTURAL-SILENT,not-needed,SILENT,not-needed,not-needed,not-needed,not-needed,
COREQ-1326,core,V02,V02-04,standard,Skyrim.esm:0B03A2,TGBan,Skyrim.esm,ok,APPROVED,ok,APPROVED,ok,ok,ok,ok,direct_mcp_review=ok; owner-approved; post_promotion_direct_readback=ok; canonical_source=Skyrim.esm; formkey=0B03A2:Skyrim.esm; stage=200; route=200:Fragment_4; tier_bc_runtime_verify=not-needed; crossgen=ok; promotion=ok; compile=ok. Zero-candidate outcome intentionally emits no reaction cells because no current deity profile consumes its approved tag combination.
COREQ-1327,core,V02,V02-04,standard,Skyrim.esm:0B0F5B,dunLostValleyRedoubtQST,Skyrim.esm,ok,SEMANTIC-SILENT,not-needed,SILENT,not-needed,not-needed,not-needed,not-needed,
COREQ-1328,core,V02,V02-04,standard,Skyrim.esm:0B113D,DialogueWinterholdInnSceneINITIAL,Skyrim.esm,ok,STRUCTURAL-SILENT,not-needed,SILENT,not-needed,not-needed,not-needed,not-needed,
COREQ-1329,core,V02,V02-04,standard,Skyrim.esm:0B1179,WEJS01,Skyrim.esm,ok,SEMANTIC-SILENT,not-needed,SILENT,not-needed,not-needed,not-needed,not-needed,
COREQ-1330,core,V02,V02-04,standard,Skyrim.esm:0B18E1,DA02ChangeLoc,Skyrim.esm,ok,SEMANTIC-SILENT,not-needed,SILENT,not-needed,not-needed,not-needed,not-needed,
COREQ-1331,core,V02,V02-04,standard,Skyrim.esm:0B1C79,WERJ01,Skyrim.esm,ok,SEMANTIC-SILENT,not-needed,SILENT,not-needed,not-needed,not-needed,not-needed,
COREQ-1332,core,V02,V02-04,standard,Skyrim.esm:0B2174,DialogueWinterholdInitialScene,Skyrim.esm,ok,STRUCTURAL-SILENT,not-needed,SILENT,not-needed,not-needed,not-needed,not-needed,
COREQ-1333,core,V02,V02-04,standard,Skyrim.esm:0B2976,TGPre,Skyrim.esm,ok,STRUCTURAL-SILENT,not-needed,SILENT,not-needed,not-needed,not-needed,not-needed,
COREQ-1334,core,V02,V02-04,standard,Skyrim.esm:0B2FD9,SolitudeOpening,Skyrim.esm,ok,SEMANTIC-SILENT,not-needed,SILENT,not-needed,not-needed,not-needed,not-needed,
COREQ-1335,core,V02,V02-04,standard,Skyrim.esm:0B31E6,TGPost,Skyrim.esm,ok,SEMANTIC-SILENT,not-needed,SILENT,not-needed,not-needed,not-needed,not-needed,
COREQ-1336,core,V02,V02-04,standard,Skyrim.esm:0B3233,MGRitual02,Skyrim.esm,ok,APPROVED,ok,APPROVED,ok,ok,ok,ok,direct_mcp_review=ok; owner-approved; post_promotion_direct_readback=ok; canonical_source=Skyrim.esm; formkey=0B3233:Skyrim.esm; stage=200; route=200:Fragment_1; tier_bc_runtime_verify=not-needed; crossgen=ok; promotion=ok; compile=ok.
COREQ-1337,core,V02,V02-04,standard,Skyrim.esm:0B3240,DialogueWinterholdCollegeGHallScene06,Skyrim.esm,ok,STRUCTURAL-SILENT,not-needed,SILENT,not-needed,not-needed,not-needed,not-needed,
COREQ-1338,core,V02,V02-04,standard,Skyrim.esm:0B3242,DialogueWinterholdCollegeDormitoryScene10,Skyrim.esm,ok,STRUCTURAL-SILENT,not-needed,SILENT,not-needed,not-needed,not-needed,not-needed,
COREQ-1339,core,V02,V02-04,standard,Skyrim.esm:0B3248,DialogueWinterholdCollegeDormitoryScene11,Skyrim.esm,ok,STRUCTURAL-SILENT,not-needed,SILENT,not-needed,not-needed,not-needed,not-needed,
COREQ-1340,core,V02,V02-04,standard,Skyrim.esm:0B328F,WEDLVigilOfStendarr01,Skyrim.esm,ok,SEMANTIC-SILENT,not-needed,SILENT,not-needed,not-needed,not-needed,not-needed,
COREQ-1341,core,V02,V02-04,standard,Skyrim.esm:0B3293,DialogueGenericVigilantsOfStendarr,Skyrim.esm,ok,SEMANTIC-SILENT,not-needed,SILENT,not-needed,not-needed,not-needed,not-needed,
COREQ-1342,core,V02,V02-04,standard,Skyrim.esm:0B329E,WEDLVigilOfStendarr02,Skyrim.esm,ok,SEMANTIC-SILENT,not-needed,SILENT,not-needed,not-needed,not-needed,not-needed,
COREQ-1343,core,V02,V02-04,standard,Skyrim.esm:0B32D6,WEDLVigilOfStendarr03,Skyrim.esm,ok,SEMANTIC-SILENT,not-needed,SILENT,not-needed,not-needed,not-needed,not-needed,
COREQ-1344,core,V02,V02-04,standard,Skyrim.esm:0B32F2,WEDLVigilOfStendarr04,Skyrim.esm,ok,SEMANTIC-SILENT,not-needed,SILENT,not-needed,not-needed,not-needed,not-needed,
COREQ-1345,core,V02,V02-04,standard,Skyrim.esm:0B3991,MQResurrectDragon,Skyrim.esm,ok,SEMANTIC-SILENT,not-needed,SILENT,not-needed,not-needed,not-needed,not-needed,
COREQ-1346,core,V02,V02-04,standard,Skyrim.esm:0B3B1C,DA15Paranoia,Skyrim.esm,ok,SEMANTIC-SILENT,not-needed,SILENT,not-needed,not-needed,not-needed,not-needed,
COREQ-1347,core,V02,V02-04,standard,Skyrim.esm:0B3B1D,DA15Terror,Skyrim.esm,ok,SEMANTIC-SILENT,not-needed,SILENT,not-needed,not-needed,not-needed,not-needed,
COREQ-1348,core,V02,V02-04,standard,Skyrim.esm:0B3B44,DA15Loathing,Skyrim.esm,ok,SEMANTIC-SILENT,not-needed,SILENT,not-needed,not-needed,not-needed,not-needed,
COREQ-1349,core,V02,V02-04,standard,Skyrim.esm:0B3E08,C03PostQuest,Skyrim.esm,ok,SEMANTIC-SILENT,not-needed,SILENT,not-needed,not-needed,not-needed,not-needed,
COREQ-1350,core,V02,V02-04,standard,Skyrim.esm:0B3E56,DA02GuardWarn,Skyrim.esm,ok,STRUCTURAL-SILENT,not-needed,SILENT,not-needed,not-needed,not-needed,not-needed,
COREQ-1351,core,V02,V02-04,standard,Skyrim.esm:0B48FB,DA02DeadBody,Skyrim.esm,ok,SEMANTIC-SILENT,not-needed,SILENT,not-needed,not-needed,not-needed,not-needed,
COREQ-1352,core,V02,V02-04,standard,Skyrim.esm:0B5D41,WEJS02,Skyrim.esm,ok,SEMANTIC-SILENT,not-needed,SILENT,not-needed,not-needed,not-needed,not-needed,
COREQ-1353,core,V02,V02-04,standard,Skyrim.esm:0B5D46,WEJS03,Skyrim.esm,ok,SEMANTIC-SILENT,not-needed,SILENT,not-needed,not-needed,not-needed,not-needed,
COREQ-1354,core,V02,V02-04,standard,Skyrim.esm:0B5D5E,WEJS04,Skyrim.esm,ok,SEMANTIC-SILENT,not-needed,SILENT,not-needed,not-needed,not-needed,not-needed,
COREQ-1355,core,V02,V02-04,standard,Skyrim.esm:0B5D5F,WEJS09,Skyrim.esm,ok,SEMANTIC-SILENT,not-needed,SILENT,not-needed,not-needed,not-needed,not-needed,
COREQ-1356,core,V02,V02-04,standard,Skyrim.esm:0B5D84,CreatureDialogueAtronachFlame,Skyrim.esm,ok,STRUCTURAL-SILENT,not-needed,SILENT,not-needed,not-needed,not-needed,not-needed,
COREQ-1357,core,V02,V02-04,standard,Skyrim.esm:0B5E0C,WEThalmorDialogue,Skyrim.esm,ok,STRUCTURAL-SILENT,not-needed,SILENT,not-needed,not-needed,not-needed,not-needed,
COREQ-1358,core,V02,V02-04,standard,Skyrim.esm:0B6031,MS13Intro,Skyrim.esm,ok,SEMANTIC-SILENT,not-needed,SILENT,not-needed,not-needed,not-needed,not-needed,
COREQ-1359,core,V02,V02-04,standard,Skyrim.esm:0B627D,C06PostQuest,Skyrim.esm,ok,SEMANTIC-SILENT,not-needed,SILENT,not-needed,not-needed,not-needed,not-needed,
COREQ-1360,core,V02,V02-04,standard,Skyrim.esm:0B62B8,DialogueWindhelmCandlehearthScene6,Skyrim.esm,ok,STRUCTURAL-SILENT,not-needed,SILENT,not-needed,not-needed,not-needed,not-needed,
COREQ-1361,core,V02,V02-04,standard,Skyrim.esm:0B62BC,DialogueWindhelmCandlehearthScene7,Skyrim.esm,ok,STRUCTURAL-SILENT,not-needed,SILENT,not-needed,not-needed,not-needed,not-needed,
COREQ-1362,core,V02,V02-04,standard,Skyrim.esm:0B62D0,DialogueWindhelmPalaceScene9,Skyrim.esm,ok,STRUCTURAL-SILENT,not-needed,SILENT,not-needed,not-needed,not-needed,not-needed,
COREQ-1363,core,V02,V02-04,standard,Skyrim.esm:0B6686,DialogueRiftenBeeAndBarbScene13,Skyrim.esm,ok,STRUCTURAL-SILENT,not-needed,SILENT,not-needed,not-needed,not-needed,not-needed,
COREQ-1364,core,V02,V02-04,standard,Skyrim.esm:0B6688,DialogueRiftenGrandPlazaScene10,Skyrim.esm,ok,STRUCTURAL-SILENT,not-needed,SILENT,not-needed,not-needed,not-needed,not-needed,
COREQ-1365,core,V02,V02-04,standard,Skyrim.esm:0B668C,DialogueRiftenSS04,Skyrim.esm,ok,SEMANTIC-SILENT,not-needed,SILENT,not-needed,not-needed,not-needed,not-needed,
COREQ-1366,core,V02,V02-04,standard,Skyrim.esm:0B6FEF,dunEmbershardQST,Skyrim.esm,ok,SEMANTIC-SILENT,not-needed,SILENT,not-needed,not-needed,not-needed,not-needed,
COREQ-1367,core,V02,V02-04,standard,Skyrim.esm:0B70E5,WICommentMagicFlames,Skyrim.esm,ok,SEMANTIC-SILENT,not-needed,SILENT,not-needed,not-needed,not-needed,not-needed,
COREQ-1368,core,V02,V02-04,standard,Skyrim.esm:0B7302,DialogueRiftenBeeAndBarbScene14,Skyrim.esm,ok,STRUCTURAL-SILENT,not-needed,SILENT,not-needed,not-needed,not-needed,not-needed,
COREQ-1369,core,V02,V02-04,standard,Skyrim.esm:0B7304,DialogueRiftenRaggedFlagonScene12,Skyrim.esm,ok,STRUCTURAL-SILENT,not-needed,SILENT,not-needed,not-needed,not-needed,not-needed,
COREQ-1370,core,V02,V02-04,standard,Skyrim.esm:0B7C01,dunRaldbtharQST,Skyrim.esm,ok,STRUCTURAL-SILENT,not-needed,SILENT,not-needed,not-needed,not-needed,not-needed,
COREQ-1371,core,V02,V02-04,standard,Skyrim.esm:0B80F3,WE32,Skyrim.esm,ok,SEMANTIC-SILENT,not-needed,SILENT,not-needed,not-needed,not-needed,not-needed,
COREQ-1372,core,V02,V02-04,standard,Skyrim.esm:0B812E,MG01ShoutUpdate,Skyrim.esm,ok,SEMANTIC-SILENT,not-needed,SILENT,not-needed,not-needed,not-needed,not-needed,
COREQ-1373,core,V02,V02-04,standard,Skyrim.esm:0B813F,WEDL02,Skyrim.esm,ok,SEMANTIC-SILENT,not-needed,SILENT,not-needed,not-needed,not-needed,not-needed,
COREQ-1374,core,V02,V02-04,standard,Skyrim.esm:0B8141,WEDL01,Skyrim.esm,ok,SEMANTIC-SILENT,not-needed,SILENT,not-needed,not-needed,not-needed,not-needed,
COREQ-1375,core,V02,V02-04,standard,Skyrim.esm:0B8143,WEDL03,Skyrim.esm,ok,SEMANTIC-SILENT,not-needed,SILENT,not-needed,not-needed,not-needed,not-needed,
COREQ-1376,core,V02,V02-04,standard,Skyrim.esm:0B8169,WERJ02,Skyrim.esm,ok,SEMANTIC-SILENT,not-needed,SILENT,not-needed,not-needed,not-needed,not-needed,
COREQ-1377,core,V02,V02-04,standard,Skyrim.esm:0B83C3,FreeformFalkreathQuest03,Skyrim.esm,ok,APPROVED,ok,APPROVED,ok,ok,ok,ok,direct_mcp_review=ok; owner-approved; post_promotion_direct_readback=ok; canonical_source=Skyrim.esm; formkey=0B83C3:Skyrim.esm; stage=200; route=200:Fragment_3; tier_bc_runtime_verify=ok; crossgen=ok; promotion=ok; compile=ok.
COREQ-1378,core,V02,V02-04,standard,Skyrim.esm:0B85AA,WERJ03,Skyrim.esm,ok,SEMANTIC-SILENT,not-needed,SILENT,not-needed,not-needed,not-needed,not-needed,
COREQ-1379,core,V02,V02-04,standard,Skyrim.esm:0B85B8,WEJS10,Skyrim.esm,ok,SEMANTIC-SILENT,not-needed,SILENT,not-needed,not-needed,not-needed,not-needed,
COREQ-1380,core,V02,V02-04,standard,Skyrim.esm:0B85BD,WEJS11,Skyrim.esm,ok,SEMANTIC-SILENT,not-needed,SILENT,not-needed,not-needed,not-needed,not-needed,
COREQ-1381,core,V02,V02-04,standard,Skyrim.esm:0B882D,TG00ArrestMonitor,Skyrim.esm,ok,SEMANTIC-SILENT,not-needed,SILENT,not-needed,not-needed,not-needed,not-needed,
COREQ-1382,core,V02,V02-04,standard,Skyrim.esm:0B882F,TG01ActorKillMonitor,Skyrim.esm,ok,SEMANTIC-SILENT,not-needed,SILENT,not-needed,not-needed,not-needed,not-needed,
COREQ-1383,core,V02,V02-04,standard,Skyrim.esm:0B8830,TG03ActorKillMonitor,Skyrim.esm,ok,SEMANTIC-SILENT,not-needed,SILENT,not-needed,not-needed,not-needed,not-needed,
COREQ-1384,core,V02,V02-04,standard,Skyrim.esm:0B8831,TG04ActorKiIllMonitor,Skyrim.esm,ok,SEMANTIC-SILENT,not-needed,SILENT,not-needed,not-needed,not-needed,not-needed,
COREQ-1385,core,V02,V02-04,standard,Skyrim.esm:0B8C9F,dunRobbersGorgeQST,Skyrim.esm,ok,SEMANTIC-SILENT,not-needed,SILENT,not-needed,not-needed,not-needed,not-needed,
COREQ-1386,core,V02,V02-04,standard,Skyrim.esm:0B91AE,WEDL05,Skyrim.esm,ok,SEMANTIC-SILENT,not-needed,SILENT,not-needed,not-needed,not-needed,not-needed,
COREQ-1387,core,V02,V02-04,standard,Skyrim.esm:0B91B5,WETalsgarTheWandererDialogue,Skyrim.esm,ok,SEMANTIC-SILENT,not-needed,SILENT,not-needed,not-needed,not-needed,not-needed,
COREQ-1388,core,V02,V02-04,standard,Skyrim.esm:0B91D8,WEDL04,Skyrim.esm,ok,SEMANTIC-SILENT,not-needed,SILENT,not-needed,not-needed,not-needed,not-needed,
COREQ-1389,core,V02,V02-04,standard,Skyrim.esm:0B91E3,WEDL07,Skyrim.esm,ok,SEMANTIC-SILENT,not-needed,SILENT,not-needed,not-needed,not-needed,not-needed,
COREQ-1390,core,V02,V02-04,standard,Skyrim.esm:0B94AB,WERJ04,Skyrim.esm,ok,SEMANTIC-SILENT,not-needed,SILENT,not-needed,not-needed,not-needed,not-needed,
COREQ-1391,core,V02,V02-04,standard,Skyrim.esm:0BA0B4,WE33,Skyrim.esm,ok,SEMANTIC-SILENT,not-needed,SILENT,not-needed,not-needed,not-needed,not-needed,
COREQ-1392,core,V02,V02-04,standard,Skyrim.esm:0BA0C0,WE35,Skyrim.esm,ok,SEMANTIC-SILENT,not-needed,SILENT,not-needed,not-needed,not-needed,not-needed,
COREQ-1393,core,V02,V02-04,standard,Skyrim.esm:0BA0C3,WEMaiqTheLiar,Skyrim.esm,ok,STRUCTURAL-SILENT,not-needed,SILENT,not-needed,not-needed,not-needed,not-needed,
COREQ-1394,core,V02,V02-04,standard,Skyrim.esm:0BA1CC,DA07FIN,Skyrim.esm,ok,SEMANTIC-SILENT,not-needed,SILENT,not-needed,not-needed,not-needed,not-needed,
COREQ-1395,core,V02,V02-04,standard,Skyrim.esm:0BA2FF,WEJS12,Skyrim.esm,ok,SEMANTIC-SILENT,not-needed,SILENT,not-needed,not-needed,not-needed,not-needed,
COREQ-1396,core,V02,V02-04,standard,Skyrim.esm:0BA53C,DialogueOrcHunters,Skyrim.esm,ok,SEMANTIC-SILENT,not-needed,SILENT,not-needed,not-needed,not-needed,not-needed,
COREQ-1397,core,V02,V02-04,standard,Skyrim.esm:0BA542,DialogueOrcHuntersHellosAndSharedInfos,Skyrim.esm,ok,STRUCTURAL-SILENT,not-needed,SILENT,not-needed,not-needed,not-needed,not-needed,
COREQ-1398,core,V02,V02-04,standard,Skyrim.esm:0BAC24,MS11Kicker,Skyrim.esm,ok,SEMANTIC-SILENT,not-needed,SILENT,not-needed,not-needed,not-needed,not-needed,
COREQ-1399,core,V02,V02-04,standard,Skyrim.esm:0BBD9D,WEDL08,Skyrim.esm,ok,SEMANTIC-SILENT,not-needed,SILENT,not-needed,not-needed,not-needed,not-needed,
COREQ-1400,core,V02,V02-04,standard,Skyrim.esm:0BC037,WEJS13,Skyrim.esm,ok,SEMANTIC-SILENT,not-needed,SILENT,not-needed,not-needed,not-needed,not-needed,
COREQ-1401,core,V02,V02-04,standard,Skyrim.esm:0BC096,MGR20B,Skyrim.esm,ok,APPROVED,ok,APPROVED,ok,ok,ok,ok,direct_mcp_review=ok; owner-approved; post_promotion_direct_readback=ok; canonical_source=Skyrim.esm; formkey=0BC096:Skyrim.esm; stage=200; route=200:Fragment_4; tier_bc_runtime_verify=ok; crossgen=ok; promotion=ok; compile=ok.
COREQ-1402,core,V02,V02-04,standard,Skyrim.esm:0BC0BD,C00JorrvaskrFight,Skyrim.esm,ok,SEMANTIC-SILENT,not-needed,SILENT,not-needed,not-needed,not-needed,not-needed,
COREQ-1403,core,V02,V02-04,standard,Skyrim.esm:0BC3E0,MQ201PartyScene1ElenwenAndGuest,Skyrim.esm,ok,SEMANTIC-SILENT,not-needed,SILENT,not-needed,not-needed,not-needed,not-needed,
COREQ-1404,core,V02,V02-04,standard,Skyrim.esm:0BC3FD,MQ201PartyScene2JarlAndJarl,Skyrim.esm,ok,SEMANTIC-SILENT,not-needed,SILENT,not-needed,not-needed,not-needed,not-needed,
COREQ-1405,core,V02,V02-04,standard,Skyrim.esm:0BC5AA,WERJ05,Skyrim.esm,ok,SEMANTIC-SILENT,not-needed,SILENT,not-needed,not-needed,not-needed,not-needed,
COREQ-1406,core,V02,V02-04,standard,Skyrim.esm:0BC5BD,WERJ06,Skyrim.esm,ok,SEMANTIC-SILENT,not-needed,SILENT,not-needed,not-needed,not-needed,not-needed,
COREQ-1407,core,V02,V02-04,standard,Skyrim.esm:0BC8B6,DB01MiscObjective,Skyrim.esm,ok,SEMANTIC-SILENT,not-needed,SILENT,not-needed,not-needed,not-needed,not-needed,
COREQ-1408,core,V02,V02-04,standard,Skyrim.esm:0BC8B7,DB01Objective,Skyrim.esm,ok,SEMANTIC-SILENT,not-needed,SILENT,not-needed,not-needed,not-needed,not-needed,
COREQ-1409,core,V02,V02-04,standard,Skyrim.esm:0BCC94,HirelingQuest,Skyrim.esm,ok,STRUCTURAL-SILENT,not-needed,SILENT,not-needed,not-needed,not-needed,not-needed,
COREQ-1410,core,V02,V02-04,standard,Skyrim.esm:0BD750,WEDL10,Skyrim.esm,ok,SEMANTIC-SILENT,not-needed,SILENT,not-needed,not-needed,not-needed,not-needed,
COREQ-1411,core,V02,V02-04,standard,Skyrim.esm:0BD753,WEDL12,Skyrim.esm,ok,SEMANTIC-SILENT,not-needed,SILENT,not-needed,not-needed,not-needed,not-needed,
COREQ-1412,core,V02,V02-04,standard,Skyrim.esm:0BD757,WEDL13,Skyrim.esm,ok,SEMANTIC-SILENT,not-needed,SILENT,not-needed,not-needed,not-needed,not-needed,
COREQ-1413,core,V02,V02-04,standard,Skyrim.esm:0BD758,WEDL14,Skyrim.esm,ok,SEMANTIC-SILENT,not-needed,SILENT,not-needed,not-needed,not-needed,not-needed,
COREQ-1414,core,V02,V02-04,standard,Skyrim.esm:0BD77F,BQ02,Skyrim.esm,ok,APPROVED,ok,APPROVED,ok,ok,ok,ok,direct_mcp_review=ok; owner-approved; post_promotion_direct_readback=ok; canonical_source=Skyrim.esm; formkey=0BD77F:Skyrim.esm; stage=200; route=200:Fragment_3; tier_bc_runtime_verify=ok; crossgen=ok; promotion=ok; compile=ok.
COREQ-1415,core,V02,V02-04,standard,Skyrim.esm:0BD788,BQShared,Skyrim.esm,ok,STRUCTURAL-SILENT,not-needed,SILENT,not-needed,not-needed,not-needed,not-needed,
COREQ-1416,core,V02,V02-04,standard,Skyrim.esm:0BD78C,BQ03,Skyrim.esm,ok,APPROVED,ok,APPROVED,ok,ok,ok,ok,direct_mcp_review=ok; owner-approved; post_promotion_direct_readback=ok; canonical_source=Skyrim.esm; formkey=0BD78C:Skyrim.esm; stage=200; route=200:Fragment_3; tier_bc_runtime_verify=ok; crossgen=ok; promotion=ok; compile=ok.
COREQ-1417,core,V02,V02-04,standard,Skyrim.esm:0BE159,BardSongStarter,Skyrim.esm,ok,SEMANTIC-SILENT,not-needed,SILENT,not-needed,not-needed,not-needed,not-needed,
COREQ-1418,core,V02,V02-04,standard,Skyrim.esm:0BED92,WEJS14,Skyrim.esm,ok,SEMANTIC-SILENT,not-needed,SILENT,not-needed,not-needed,not-needed,not-needed,
COREQ-1419,core,V02,V02-04,standard,Skyrim.esm:0BEDAF,WEJS15,Skyrim.esm,ok,SEMANTIC-SILENT,not-needed,SILENT,not-needed,not-needed,not-needed,not-needed,
COREQ-1420,core,V02,V02-04,standard,Skyrim.esm:0BEDEC,Da13Intro,Skyrim.esm,ok,SEMANTIC-SILENT,not-needed,SILENT,not-needed,not-needed,not-needed,not-needed,
COREQ-1421,core,V02,V02-04,standard,Skyrim.esm:0BF20F,FavorJobsChopWood,Skyrim.esm,ok,STRUCTURAL-SILENT,not-needed,SILENT,not-needed,not-needed,not-needed,not-needed,
COREQ-1422,core,V02,V02-04,standard,Skyrim.esm:0BF25B,MQ201PartyScene3GuestAndGuest,Skyrim.esm,ok,SEMANTIC-SILENT,not-needed,SILENT,not-needed,not-needed,not-needed,not-needed,
COREQ-1423,core,V02,V02-04,standard,Skyrim.esm:0BF31C,WERJ07,Skyrim.esm,ok,SEMANTIC-SILENT,not-needed,SILENT,not-needed,not-needed,not-needed,not-needed,
COREQ-1424,core,V02,V02-04,standard,Skyrim.esm:0BFB2C,CreatureDialogueSkeleton,Skyrim.esm,ok,STRUCTURAL-SILENT,not-needed,SILENT,not-needed,not-needed,not-needed,not-needed,
COREQ-1425,core,V02,V02-04,standard,Skyrim.esm:0BFB61,WEDL01b,Skyrim.esm,ok,SEMANTIC-SILENT,not-needed,SILENT,not-needed,not-needed,not-needed,not-needed,
COREQ-1426,core,V02,V02-04,standard,Skyrim.esm:0C02F0,DialogueWhiterunIrilethProventus1,Skyrim.esm,ok,STRUCTURAL-SILENT,not-needed,SILENT,not-needed,not-needed,not-needed,not-needed,
COREQ-1427,core,V02,V02-04,standard,Skyrim.esm:0C02F2,DialogueWhiterunIrilethBalgruuf1,Skyrim.esm,ok,STRUCTURAL-SILENT,not-needed,SILENT,not-needed,not-needed,not-needed,not-needed,
COREQ-1428,core,V02,V02-04,standard,Skyrim.esm:0C02F4,DialogueWhiterunProventusBalgruuf1,Skyrim.esm,ok,STRUCTURAL-SILENT,not-needed,SILENT,not-needed,not-needed,not-needed,not-needed,
COREQ-1429,core,V02,V02-04,standard,Skyrim.esm:0C0416,MGRAppBrelyna01,Skyrim.esm,ok,APPROVED,ok,APPROVED,ok,ok,ok,ok,direct_mcp_review=ok; owner-approved; post_promotion_direct_readback=ok; canonical_source=Skyrim.esm; formkey=0C0416:Skyrim.esm; stage=200; route=200:Fragment_6; tier_bc_runtime_verify=not-needed; crossgen=ok; promotion=ok; compile=ok.
COREQ-1430,core,V02,V02-04,standard,Skyrim.esm:0C04BA,FreeformValdDebt,Skyrim.esm,ok,APPROVED,ok,APPROVED,ok,ok,ok,ok,direct_mcp_review=ok; owner-approved; post_promotion_direct_readback=ok; canonical_source=Skyrim.esm; formkey=0C04BA:Skyrim.esm; stage=200; route=200:Fragment_4; tier_bc_runtime_verify=ok; crossgen=ok; promotion=ok; compile=ok. Zero-candidate outcome intentionally emits no reaction cells because no current deity profile consumes its approved tag combination.
COREQ-1431,core,V02,V02-04,standard,Skyrim.esm:0C06E3,DialogueWhiterunHrongarBalgruuf1,Skyrim.esm,ok,STRUCTURAL-SILENT,not-needed,SILENT,not-needed,not-needed,not-needed,not-needed,
COREQ-1432,core,V02,V02-04,standard,Skyrim.esm:0C06E5,DialogueWhiterunHrongarProventus1,Skyrim.esm,ok,STRUCTURAL-SILENT,not-needed,SILENT,not-needed,not-needed,not-needed,not-needed,
COREQ-1433,core,V02,V02-04,standard,Skyrim.esm:0C07C1,dunNorthwatchKeepQST,Skyrim.esm,ok,SEMANTIC-SILENT,not-needed,SILENT,not-needed,not-needed,not-needed,not-needed,
COREQ-1434,core,V02,V02-04,standard,Skyrim.esm:0C1796,DialogueWhiterunDagnyFrothar1,Skyrim.esm,ok,STRUCTURAL-SILENT,not-needed,SILENT,not-needed,not-needed,not-needed,not-needed,
COREQ-1435,core,V02,V02-04,standard,Skyrim.esm:0C18E1,CR06,Skyrim.esm,ok,APPROVED,ok,APPROVED,ok,ok,ok,ok,direct_mcp_review=ok; owner-approved; post_promotion_direct_readback=ok; canonical_source=Skyrim.esm; formkey=0C18E1:Skyrim.esm; stage=200; route=200:Fragment_11; tier_bc_runtime_verify=not-needed; crossgen=ok; promotion=ok; compile=ok. Zero-candidate outcome intentionally emits no reaction cells because no current deity profile consumes its approved tag combination.
COREQ-1436,core,V02,V02-04,standard,Skyrim.esm:0C19A8,DialogueRiftenSS02,Skyrim.esm,ok,SEMANTIC-SILENT,not-needed,SILENT,not-needed,not-needed,not-needed,not-needed,
COREQ-1437,core,V02,V02-04,standard,Skyrim.esm:0C19F8,dunBloodletThroneQST,Skyrim.esm,ok,SEMANTIC-SILENT,not-needed,SILENT,not-needed,not-needed,not-needed,not-needed,
COREQ-1438,core,V02,V02-04,standard,Skyrim.esm:0C1A1D,WERJ09,Skyrim.esm,ok,SEMANTIC-SILENT,not-needed,SILENT,not-needed,not-needed,not-needed,not-needed,
COREQ-1439,core,V02,V02-04,standard,Skyrim.esm:0C1A1F,WERJ10,Skyrim.esm,ok,SEMANTIC-SILENT,not-needed,SILENT,not-needed,not-needed,not-needed,not-needed,
COREQ-1440,core,V02,V02-04,standard,Skyrim.esm:0C1ACC,dunRebelsCairnQST,Skyrim.esm,ok,APPROVED,ok,APPROVED,ok,ok,ok,ok,direct_mcp_review=ok; owner-approved; post_promotion_direct_readback=ok; canonical_source=Skyrim.esm; formkey=0C1ACC:Skyrim.esm; stage=30; route=30:Fragment_2; tier_bc_runtime_verify=ok; crossgen=ok; promotion=ok; compile=ok.
COREQ-1441,core,V02,V02-04,standard,Skyrim.esm:0C1E07,FreeformRiften22,Skyrim.esm,ok,APPROVED,ok,APPROVED,ok,ok,ok,ok,direct_mcp_review=ok; owner-approved; post_promotion_direct_readback=ok; canonical_source=Skyrim.esm; formkey=0C1E07:Skyrim.esm; stage=200; route=200:Fragment_3; tier_bc_runtime_verify=ok; crossgen=ok; promotion=ok; compile=ok. Zero-candidate outcome intentionally emits no reaction cells because no current deity profile consumes its approved tag combination.
COREQ-1442,core,V02,V02-04,standard,Skyrim.esm:0C1E72,MGR30,Skyrim.esm,ok,APPROVED,ok,APPROVED,ok,ok,ok,ok,direct_mcp_review=ok; owner-approved; post_promotion_direct_readback=ok; canonical_source=Skyrim.esm; formkey=0C1E72:Skyrim.esm; stage=200; route=200:Fragment_4; tier_bc_runtime_verify=not-needed; crossgen=ok; promotion=ok; compile=ok.
COREQ-1443,core,V02,V02-04,standard,Skyrim.esm:0C349B,CW01AOutfitImperial,Skyrim.esm,ok,SEMANTIC-SILENT,not-needed,SILENT,not-needed,not-needed,not-needed,not-needed,
COREQ-1444,core,V02,V02-04,standard,Skyrim.esm:0C3709,dunNchuandZelQst,Skyrim.esm,ok,APPROVED,ok,APPROVED,ok,ok,ok,ok,direct_mcp_review=ok; owner-approved; post_promotion_direct_readback=ok; canonical_source=Skyrim.esm; formkey=0C3709:Skyrim.esm; stage=110; route=110:Fragment_14; tier_bc_runtime_verify=not-needed; crossgen=ok; promotion=ok; compile=ok.
COREQ-1445,core,V02,V02-04,standard,Skyrim.esm:0C4B19,MS10PostQuest,Skyrim.esm,ok,STRUCTURAL-SILENT,not-needed,SILENT,not-needed,not-needed,not-needed,not-needed,
COREQ-1446,core,V02,V02-04,standard,Skyrim.esm:0C5940,T01Intro,Skyrim.esm,ok,SEMANTIC-SILENT,not-needed,SILENT,not-needed,not-needed,not-needed,not-needed,
COREQ-1447,core,V02,V02-04,standard,Skyrim.esm:0C6020,DB11_dunKatariahQST,Skyrim.esm,ok,SEMANTIC-SILENT,not-needed,SILENT,not-needed,not-needed,not-needed,not-needed,
COREQ-1448,core,V02,V02-04,standard,Skyrim.esm:0C62A8,CWThreatCombatBarks,Skyrim.esm,ok,STRUCTURAL-SILENT,not-needed,SILENT,not-needed,not-needed,not-needed,not-needed,
COREQ-1449,core,V02,V02-04,standard,Skyrim.esm:0C6E33,DialogueWhiterunHrongarProventus2,Skyrim.esm,ok,STRUCTURAL-SILENT,not-needed,SILENT,not-needed,not-needed,not-needed,not-needed,
COREQ-1450,core,V02,V02-04,standard,Skyrim.esm:0C72EB,TGKeyHandler,Skyrim.esm,ok,SEMANTIC-SILENT,not-needed,SILENT,not-needed,not-needed,not-needed,not-needed,
COREQ-1451,core,V02,V02-04,standard,Skyrim.esm:0C7919,WIGreeting,Skyrim.esm,ok,SEMANTIC-SILENT,not-needed,SILENT,not-needed,not-needed,not-needed,not-needed,
COREQ-1452,core,V02,V02-04,standard,Skyrim.esm:0C7CF5,DialogueSolitudeMarketplaceJawananJalaScene,Skyrim.esm,ok,STRUCTURAL-SILENT,not-needed,SILENT,not-needed,not-needed,not-needed,not-needed,
COREQ-1453,core,V02,V02-04,standard,Skyrim.esm:0C7CFD,DialogueSolitudeStreetVivienneLisetteScene1,Skyrim.esm,ok,STRUCTURAL-SILENT,not-needed,SILENT,not-needed,not-needed,not-needed,not-needed,
COREQ-1454,core,V02,V02-04,standard,Skyrim.esm:0C7D04,DialogueSolitudeStreetVivienneLisetteScene2,Skyrim.esm,ok,STRUCTURAL-SILENT,not-needed,SILENT,not-needed,not-needed,not-needed,not-needed,
COREQ-1455,core,V02,V02-04,standard,Skyrim.esm:0C7D06,DialogueSolitudeStreetVivienneLisetteScene3,Skyrim.esm,ok,STRUCTURAL-SILENT,not-needed,SILENT,not-needed,not-needed,not-needed,not-needed,
COREQ-1456,core,V02,V02-04,standard,Skyrim.esm:0C7D10,DialogueSolitudeMarketplaceJawananEvetteScene1,Skyrim.esm,ok,STRUCTURAL-SILENT,not-needed,SILENT,not-needed,not-needed,not-needed,not-needed,
COREQ-1457,core,V02,V02-04,standard,Skyrim.esm:0C7D15,DialogueSolitudeMarketplaceAtAfAlanJalaScene1,Skyrim.esm,ok,STRUCTURAL-SILENT,not-needed,SILENT,not-needed,not-needed,not-needed,not-needed,
COREQ-1458,core,V02,V02-04,standard,Skyrim.esm:0C7D17,DialogueSolitudeMarketplaceRorlundJalaScene1,Skyrim.esm,ok,STRUCTURAL-SILENT,not-needed,SILENT,not-needed,not-needed,not-needed,not-needed,
COREQ-1459,core,V02,V02-04,standard,Skyrim.esm:0C7D1A,DialogueSolitudeMarketplaceIlldiJalaScene1,Skyrim.esm,ok,STRUCTURAL-SILENT,not-needed,SILENT,not-needed,not-needed,not-needed,not-needed,
COREQ-1460,core,V02,V02-04,standard,Skyrim.esm:0C7D1C,SolitudeFreeform02,Skyrim.esm,ok,APPROVED,ok,APPROVED,ok,ok,ok,ok,direct_mcp_review=ok; owner-approved; post_promotion_direct_readback=ok; canonical_source=Skyrim.esm; formkey=0C7D1C:Skyrim.esm; stage=200; route=200:Fragment_5; tier_bc_runtime_verify=ok; crossgen=ok; promotion=ok; compile=ok.
COREQ-1461,core,V02,V02-04,standard,Skyrim.esm:0C7D42,SolitudeFreeform03,Skyrim.esm,ok,APPROVED,ok,APPROVED,ok,ok,ok,ok,direct_mcp_review=ok; owner-approved; post_promotion_direct_readback=ok; canonical_source=Skyrim.esm; formkey=0C7D42:Skyrim.esm; stage=200; route=200:Fragment_5; tier_bc_runtime_verify=ok; crossgen=ok; promotion=ok; compile=ok.
COREQ-1462,core,V02,V02-04,standard,Skyrim.esm:0C7F4B,DialogueSolitudeMarketplaceSilanaJalaScene1,Skyrim.esm,ok,STRUCTURAL-SILENT,not-needed,SILENT,not-needed,not-needed,not-needed,not-needed,
COREQ-1463,core,V02,V02-04,standard,Skyrim.esm:0C7F4D,DialogueSolitudeMarketplaceSorexJalaScene1,Skyrim.esm,ok,STRUCTURAL-SILENT,not-needed,SILENT,not-needed,not-needed,not-needed,not-needed,
COREQ-1464,core,V02,V02-04,standard,Skyrim.esm:0C7F4F,DialogueSolitudeMarketplaceAiaJalaScene1,Skyrim.esm,ok,STRUCTURAL-SILENT,not-needed,SILENT,not-needed,not-needed,not-needed,not-needed,
COREQ-1465,core,V02,V02-04,standard,Skyrim.esm:0C7F51,DialogueSolitudeStreetUnaLisetteScene1,Skyrim.esm,ok,STRUCTURAL-SILENT,not-needed,SILENT,not-needed,not-needed,not-needed,not-needed,
COREQ-1466,core,V02,V02-04,standard,Skyrim.esm:0C7F53,DialogueSolitudeStreetUnaJornScene1,Skyrim.esm,ok,STRUCTURAL-SILENT,not-needed,SILENT,not-needed,not-needed,not-needed,not-needed,
COREQ-1467,core,V02,V02-04,standard,Skyrim.esm:0C7F55,DialogueSolitudeStreetOdarJornScene1,Skyrim.esm,ok,STRUCTURAL-SILENT,not-needed,SILENT,not-needed,not-needed,not-needed,not-needed,
COREQ-1468,core,V02,V02-04,standard,Skyrim.esm:0C7F58,DialogueSolitudeStreetOdarJawananScene1,Skyrim.esm,ok,STRUCTURAL-SILENT,not-needed,SILENT,not-needed,not-needed,not-needed,not-needed,
COREQ-1469,core,V02,V02-04,standard,Skyrim.esm:0C97D9,C00GiantAttack,Skyrim.esm,ok,SEMANTIC-SILENT,not-needed,SILENT,not-needed,not-needed,not-needed,not-needed,
COREQ-1470,core,V02,V02-04,standard,Skyrim.esm:0C99EF,TG00MiscHandler,Skyrim.esm,ok,SEMANTIC-SILENT,not-needed,SILENT,not-needed,not-needed,not-needed,not-needed,
COREQ-1471,core,V02,V02-04,standard,Skyrim.esm:0C9A0E,MGRejoinQuest,Skyrim.esm,ok,APPROVED,ok,APPROVED,ok,ok,ok,ok,direct_mcp_review=ok; owner-approved; post_promotion_direct_readback=ok; canonical_source=Skyrim.esm; formkey=0C9A0E:Skyrim.esm; stage=200; route=200:Fragment_4; tier_bc_runtime_verify=not-needed; crossgen=ok; promotion=ok; compile=ok. Zero-candidate outcome intentionally emits no reaction cells because no current deity profile consumes its approved tag combination.
COREQ-1472,core,V02,V02-04,standard,Skyrim.esm:0C9AF5,CreatureDialogueHagraven,Skyrim.esm,ok,STRUCTURAL-SILENT,not-needed,SILENT,not-needed,not-needed,not-needed,not-needed,
COREQ-1473,core,V02,V02-04,standard,Skyrim.esm:0C9B92,DialogueSolitudeMarketplaceAtAfAlanEvetteScene1,Skyrim.esm,ok,STRUCTURAL-SILENT,not-needed,SILENT,not-needed,not-needed,not-needed,not-needed,
COREQ-1474,core,V02,V02-04,standard,Skyrim.esm:0C9B94,DialogueSolitudeMarketplaceRorlundEvetteScene1,Skyrim.esm,ok,STRUCTURAL-SILENT,not-needed,SILENT,not-needed,not-needed,not-needed,not-needed,
COREQ-1475,core,V02,V02-04,standard,Skyrim.esm:0C9B96,DialogueSolitudeMarketplaceIlldiEvetteScene1,Skyrim.esm,ok,STRUCTURAL-SILENT,not-needed,SILENT,not-needed,not-needed,not-needed,not-needed,
COREQ-1476,core,V02,V02-04,standard,Skyrim.esm:0C9B98,DialogueSolitudeMarketplaceSilanaEvetteScene1,Skyrim.esm,ok,STRUCTURAL-SILENT,not-needed,SILENT,not-needed,not-needed,not-needed,not-needed,
COREQ-1477,core,V02,V02-04,standard,Skyrim.esm:0C9B9A,DialogueSolitudeMarketplaceSorexEvetteScene1,Skyrim.esm,ok,STRUCTURAL-SILENT,not-needed,SILENT,not-needed,not-needed,not-needed,not-needed,
COREQ-1478,core,V02,V02-04,standard,Skyrim.esm:0C9B9D,DialogueSolitudeMarketplaceAtAfAlanAdvarScene1,Skyrim.esm,ok,STRUCTURAL-SILENT,not-needed,SILENT,not-needed,not-needed,not-needed,not-needed,
COREQ-1479,core,V02,V02-04,standard,Skyrim.esm:0C9BA0,NN01,Skyrim.esm,ok,APPROVED,ok,APPROVED,ok,ok,ok,ok,direct_mcp_review=ok; owner-approved; post_promotion_direct_readback=ok; canonical_source=Skyrim.esm; formkey=0C9BA0:Skyrim.esm; stage=200; route=200:Fragment_4; tier_bc_runtime_verify=not-needed; crossgen=ok; promotion=ok; compile=ok.
COREQ-1480,core,V02,V02-04,standard,Skyrim.esm:0C9F08,MGMainQuestBridge,Skyrim.esm,ok,SEMANTIC-SILENT,not-needed,SILENT,not-needed,not-needed,not-needed,not-needed,
COREQ-1481,core,V02,V02-04,standard,Skyrim.esm:0CA209,Favor013,Skyrim.esm,ok,APPROVED,ok,APPROVED,ok,ok,ok,ok,direct_mcp_review=ok; owner-approved; post_promotion_direct_readback=ok; canonical_source=Skyrim.esm; formkey=0CA209:Skyrim.esm; stage=20; route=20:Fragment_3; tier_bc_runtime_verify=ok; crossgen=ok; promotion=ok; compile=ok. Zero-candidate outcome intentionally emits no reaction cells because no current deity profile consumes its approved tag combination.
COREQ-1482,core,V02,V02-04,standard,Skyrim.esm:0CA210,Favor017,Skyrim.esm,ok,SEMANTIC-SILENT,not-needed,SILENT,not-needed,not-needed,not-needed,not-needed,
COREQ-1483,core,V02,V02-04,standard,Skyrim.esm:0CA439,Favor110,Skyrim.esm,ok,APPROVED,ok,APPROVED,ok,ok,ok,ok,direct_mcp_review=ok; owner-approved; post_promotion_direct_readback=ok; canonical_source=Skyrim.esm; formkey=0CA439:Skyrim.esm; stage=200; route=200:Fragment_1; tier_bc_runtime_verify=ok; crossgen=ok; promotion=ok; compile=ok. Zero-candidate outcome intentionally emits no reaction cells because no current deity profile consumes its approved tag combination.
COREQ-1484,core,V02,V02-04,standard,Skyrim.esm:0CAB3C,dunArcherQST,Skyrim.esm,ok,SEMANTIC-SILENT,not-needed,SILENT,not-needed,not-needed,not-needed,not-needed,
COREQ-1485,core,V02,V02-04,standard,Skyrim.esm:0CB1CB,CWJarlThanks,Skyrim.esm,ok,STRUCTURAL-SILENT,not-needed,SILENT,not-needed,not-needed,not-needed,not-needed,
COREQ-1486,core,V02,V02-04,standard,Skyrim.esm:0CBA9A,BQ04,Skyrim.esm,ok,APPROVED,ok,APPROVED,ok,ok,ok,ok,direct_mcp_review=ok; owner-approved; post_promotion_direct_readback=ok; canonical_source=Skyrim.esm; formkey=0CBA9A:Skyrim.esm; stage=200; route=200:Fragment_3; tier_bc_runtime_verify=ok; crossgen=ok; promotion=ok; compile=ok.
COREQ-1487,core,V02,V02-04,standard,Skyrim.esm:0CC794,T02PostQuest,Skyrim.esm,ok,SEMANTIC-SILENT,not-needed,SILENT,not-needed,not-needed,not-needed,not-needed,
COREQ-1488,core,V02,V02-04,standard,Skyrim.esm:0CD13F,CidhnaMineJailEventScene,Skyrim.esm,ok,SEMANTIC-SILENT,not-needed,SILENT,not-needed,not-needed,not-needed,not-needed,
COREQ-1489,core,V02,V02-04,standard,Skyrim.esm:0CD15A,DialogueMarkarthIntroArnleifandSonsScene,Skyrim.esm,ok,SEMANTIC-SILENT,not-needed,SILENT,not-needed,not-needed,not-needed,not-needed,
COREQ-1490,core,V02,V02-04,standard,Skyrim.esm:0CD851,DialogueSolitudeBitsXanderSaymaScene1,Skyrim.esm,ok,STRUCTURAL-SILENT,not-needed,SILENT,not-needed,not-needed,not-needed,not-needed,
COREQ-1491,core,V02,V02-04,standard,Skyrim.esm:0CD882,FreeformWindhelmA,Skyrim.esm,ok,APPROVED,ok,APPROVED,ok,ok,ok,ok,direct_mcp_review=ok; owner-approved; post_promotion_direct_readback=ok; canonical_source=Skyrim.esm; formkey=0CD882:Skyrim.esm; stage=200; route=200:Fragment_3; tier_bc_runtime_verify=ok; crossgen=ok; promotion=ok; compile=ok. Zero-candidate outcome intentionally emits no reaction cells because no current deity profile consumes its approved tag combination.
COREQ-1492,core,V02,V02-04,standard,Skyrim.esm:0CD987,MGRitual04,Skyrim.esm,ok,APPROVED,ok,APPROVED,ok,ok,ok,ok,direct_mcp_review=ok; owner-approved; post_promotion_direct_readback=ok; canonical_source=Skyrim.esm; formkey=0CD987:Skyrim.esm; stage=200; route=200:Fragment_10; tier_bc_runtime_verify=not-needed; crossgen=ok; promotion=ok; compile=ok.
COREQ-1493,core,V02,V02-04,standard,Skyrim.esm:0CDB56,DialogueSolitudeRaimentXanderTaarieScene1,Skyrim.esm,ok,STRUCTURAL-SILENT,not-needed,SILENT,not-needed,not-needed,not-needed,not-needed,
COREQ-1494,core,V02,V02-04,standard,Skyrim.esm:0CDB58,DialogueSolitudeRaimentXanderAngelineScene1,Skyrim.esm,ok,STRUCTURAL-SILENT,not-needed,SILENT,not-needed,not-needed,not-needed,not-needed,
COREQ-1495,core,V02,V02-04,standard,Skyrim.esm:0CF915,dunFrostmereCryptQST,Skyrim.esm,ok,APPROVED,ok,APPROVED,ok,ok,ok,ok,direct_mcp_review=ok; owner-approved; post_promotion_direct_readback=ok; canonical_source=Skyrim.esm; formkey=0CF915:Skyrim.esm; stage=100; route=100:Fragment_23; tier_bc_runtime_verify=ok; crossgen=ok; promotion=ok; compile=ok.
COREQ-1496,core,V02,V02-04,standard,Skyrim.esm:0D0536,DialogueSolitudeMarketplaceIlldiAdvarScene1,Skyrim.esm,ok,STRUCTURAL-SILENT,not-needed,SILENT,not-needed,not-needed,not-needed,not-needed,
COREQ-1497,core,V02,V02-04,standard,Skyrim.esm:0D0538,DialogueSolitudeMarketplaceJawananAdvarScene1,Skyrim.esm,ok,STRUCTURAL-SILENT,not-needed,SILENT,not-needed,not-needed,not-needed,not-needed,
COREQ-1498,core,V02,V02-04,standard,Skyrim.esm:0D053A,DialogueSolitudeMarketplaceRorlundAdvarScene1,Skyrim.esm,ok,STRUCTURAL-SILENT,not-needed,SILENT,not-needed,not-needed,not-needed,not-needed,
COREQ-1499,core,V02,V02-04,standard,Skyrim.esm:0D053B,DialogueSolitudeMarketplaceAiaAdvarScene1,Skyrim.esm,ok,STRUCTURAL-SILENT,not-needed,SILENT,not-needed,not-needed,not-needed,not-needed,
COREQ-1500,core,V02,V02-04,standard,Skyrim.esm:0D053E,DialogueSolitudeMarketplaceSilanaAdvarScene1,Skyrim.esm,ok,STRUCTURAL-SILENT,not-needed,SILENT,not-needed,not-needed,not-needed,not-needed,
COREQ-1501,core,V02,V02-04,standard,Skyrim.esm:0D0540,DialogueSolitudeMarketplaceSorexAdvarScene1,Skyrim.esm,ok,STRUCTURAL-SILENT,not-needed,SILENT,not-needed,not-needed,not-needed,not-needed,
COREQ-1502,core,V02,V02-04,standard,Skyrim.esm:0D0543,DialogueSolitudeMarketplaceAiaEvetteScene1,Skyrim.esm,ok,STRUCTURAL-SILENT,not-needed,SILENT,not-needed,not-needed,not-needed,not-needed,
COREQ-1503,core,V02,V02-04,standard,Skyrim.esm:0D0559,DialogueMarkarthHagsCureSceneMuiriBothela03,Skyrim.esm,ok,STRUCTURAL-SILENT,not-needed,SILENT,not-needed,not-needed,not-needed,not-needed,
COREQ-1504,core,V02,V02-04,standard,Skyrim.esm:0D055B,DialogueMarkarthHagsCureSceneMuiriBothela04,Skyrim.esm,ok,STRUCTURAL-SILENT,not-needed,SILENT,not-needed,not-needed,not-needed,not-needed,
COREQ-1505,core,V02,V02-04,standard,Skyrim.esm:0D055D,SolitudeFreeform04,Skyrim.esm,ok,APPROVED,ok,APPROVED,ok,ok,ok,ok,direct_mcp_review=ok; owner-approved; post_promotion_direct_readback=ok; canonical_source=Skyrim.esm; formkey=0D055D:Skyrim.esm; stage=200; route=200:Fragment_3; tier_bc_runtime_verify=ok; crossgen=ok; promotion=ok; compile=ok. Zero-candidate outcome intentionally emits no reaction cells because no current deity profile consumes its approved tag combination.
COREQ-1506,core,V02,V02-04,standard,Skyrim.esm:0D0593,MQ101DragonAttack,Skyrim.esm,ok,SEMANTIC-SILENT,not-needed,SILENT,not-needed,not-needed,not-needed,not-needed,
COREQ-1507,core,V02,V02-04,standard,Skyrim.esm:0D0755,MGRitual05,Skyrim.esm,ok,APPROVED,ok,APPROVED,ok,ok,ok,ok,direct_mcp_review=ok; owner-approved; post_promotion_direct_readback=ok; canonical_source=Skyrim.esm; formkey=0D0755:Skyrim.esm; stage=200; route=200:Fragment_16; tier_bc_runtime_verify=not-needed; crossgen=ok; promotion=ok; compile=ok.
COREQ-1508,core,V02,V02-04,existing-core-row,Skyrim.esm:0D0800,MQ103,Skyrim.esm,ok,APPROVED,ok,APPROVED,ok,ok,ok,ok,direct_mcp_review=ok; owner-approved; post_promotion_direct_readback=ok; canonical_source=Skyrim.esm; formkey=0D0800:Skyrim.esm; stage=190; route=190:Fragment_20; tier_bc_runtime_verify=not-needed; crossgen=ok; promotion=ok; compile=ok. Zero-candidate outcome intentionally emits no reaction cells because no current deity profile consumes its approved tag combination.
COREQ-1509,core,V02,V02-04,standard,Skyrim.esm:0D1444,CWFinale,Skyrim.esm,ok,SEMANTIC-SILENT,not-needed,SILENT,not-needed,not-needed,not-needed,not-needed,
COREQ-1510,core,V02,V02-04,standard,Skyrim.esm:0D1958,MS01MiscObjectives,Skyrim.esm,ok,SEMANTIC-SILENT,not-needed,SILENT,not-needed,not-needed,not-needed,not-needed,
COREQ-1511,core,V02,V02-04,standard,Skyrim.esm:0D1984,DialogueWhiterunGuardGateStop,Skyrim.esm,ok,SEMANTIC-SILENT,not-needed,SILENT,not-needed,not-needed,not-needed,not-needed,
COREQ-1512,core,V02,V02-04,standard,Skyrim.esm:0D19B9,CompanionsMiscObjective,Skyrim.esm,ok,SEMANTIC-SILENT,not-needed,SILENT,not-needed,not-needed,not-needed,not-needed,
COREQ-1513,core,V02,V02-04,standard,Skyrim.esm:0D2ABE,DialogueWhiterunCarlottaNazeemScene1,Skyrim.esm,ok,STRUCTURAL-SILENT,not-needed,SILENT,not-needed,not-needed,not-needed,not-needed,
COREQ-1514,core,V02,V02-04,standard,Skyrim.esm:0D2C5F,DialogueRiverwoodSceneSigridAlvor2,Skyrim.esm,ok,STRUCTURAL-SILENT,not-needed,SILENT,not-needed,not-needed,not-needed,not-needed,
COREQ-1515,core,V02,V02-04,standard,Skyrim.esm:0D2C61,DialogueRiverwoodSceneGerdurHod,Skyrim.esm,ok,STRUCTURAL-SILENT,not-needed,SILENT,not-needed,not-needed,not-needed,not-needed,
COREQ-1516,core,V02,V02-04,standard,Skyrim.esm:0D2C6A,DialogueRiverwoodSleepingGiantScene7,Skyrim.esm,ok,STRUCTURAL-SILENT,not-needed,SILENT,not-needed,not-needed,not-needed,not-needed,
COREQ-1517,core,V02,V02-04,standard,Skyrim.esm:0D2C6C,DialogueRiverwoodSleepingGiantScene8,Skyrim.esm,ok,STRUCTURAL-SILENT,not-needed,SILENT,not-needed,not-needed,not-needed,not-needed,
COREQ-1518,core,V02,V02-04,standard,Skyrim.esm:0D2CAF,MS11WuunferthArrest,Skyrim.esm,ok,STRUCTURAL-SILENT,not-needed,SILENT,not-needed,not-needed,not-needed,not-needed,
COREQ-1519,core,V02,V02-04,standard,Skyrim.esm:0D3AC6,TG04Post,Skyrim.esm,ok,SEMANTIC-SILENT,not-needed,SILENT,not-needed,not-needed,not-needed,not-needed,
COREQ-1520,core,V02,V02-04,standard,Skyrim.esm:0D3C5F,CW00A,Skyrim.esm,ok,SEMANTIC-SILENT,not-needed,SILENT,not-needed,not-needed,not-needed,not-needed,
COREQ-1521,core,V02,V02-04,standard,Skyrim.esm:0D45F4,T01DegaineFavor,Skyrim.esm,ok,APPROVED,ok,APPROVED,ok,ok,ok,ok,direct_mcp_review=ok; owner-approved; post_promotion_direct_readback=ok; canonical_source=Skyrim.esm; formkey=0D45F4:Skyrim.esm; stage=200; route=200:Fragment_6; tier_bc_runtime_verify=ok; crossgen=ok; promotion=ok; compile=ok.
COREQ-1522,core,V02,V02-04,standard,Skyrim.esm:0D5165,CW00SolitudeMapTableScene,Skyrim.esm,ok,SEMANTIC-SILENT,not-needed,SILENT,not-needed,not-needed,not-needed,not-needed,
COREQ-1523,core,V02,V02-04,existing-core-row,Skyrim.esm:0D517A,CW01A,Skyrim.esm,ok,APPROVED,ok,APPROVED,ok,ok,ok,ok,direct_mcp_review=ok; owner-approved; post_promotion_direct_readback=ok; canonical_source=Skyrim.esm; formkey=0D517A:Skyrim.esm; stage=200; route=200:Fragment_4; tier_bc_runtime_verify=ok; crossgen=ok; promotion=ok; compile=ok.
COREQ-1524,core,V02,V02-04,standard,Skyrim.esm:0D5602,dunCragslaneQST,Skyrim.esm,ok,STRUCTURAL-SILENT,not-needed,SILENT,not-needed,not-needed,not-needed,not-needed,
COREQ-1525,core,V02,V02-04,standard,Skyrim.esm:0D5F08,CWFortObserver,Skyrim.esm,ok,SEMANTIC-SILENT,not-needed,SILENT,not-needed,not-needed,not-needed,not-needed,
COREQ-1526,core,V02,V02-04,standard,Skyrim.esm:0D5F0A,CW01SolitudeMapTableScene,Skyrim.esm,ok,SEMANTIC-SILENT,not-needed,SILENT,not-needed,not-needed,not-needed,not-needed,
COREQ-1527,core,V02,V02-04,standard,Skyrim.esm:0D5F14,DialogueGuardsHBlocker,Skyrim.esm,ok,STRUCTURAL-SILENT,not-needed,SILENT,not-needed,not-needed,not-needed,not-needed,
COREQ-1528,core,V02,V02-04,existing-core-row,Skyrim.esm:0D661C,CW03,Skyrim.esm,ok,UNSAFE-EXISTING-MAPPING,ok,UNREVIEWED,ok,-,-,-,Existing mapping exception pending owner adjudication; isolated repair evidence is in generated/core-rows/Skyrim_0AB3FA_10FF8F.tagged.csv.
COREQ-1529,core,V02,V02-04,standard,Skyrim.esm:0D66F2,MS01GuardThreatenScene,Skyrim.esm,ok,SEMANTIC-SILENT,not-needed,SILENT,not-needed,not-needed,not-needed,not-needed,
COREQ-1530,core,V02,V02-04,standard,Skyrim.esm:0D6710,MS01ForswornThreatenScene,Skyrim.esm,ok,SEMANTIC-SILENT,not-needed,SILENT,not-needed,not-needed,not-needed,not-needed,
COREQ-1531,core,V02,V02-04,standard,Skyrim.esm:0D6986,FreeformFalkreathQuest03B,Skyrim.esm,ok,APPROVED,ok,APPROVED,ok,ok,ok,ok,direct_mcp_review=ok; owner-approved; post_promotion_direct_readback=ok; canonical_source=Skyrim.esm; formkey=0D6986:Skyrim.esm; stage=200; route=200:Fragment_3; tier_bc_runtime_verify=ok; crossgen=ok; promotion=ok; compile=ok.
COREQ-1532,core,V02,V02-04,standard,Skyrim.esm:0D69FB,SolitudeFreeform06,Skyrim.esm,ok,APPROVED,ok,APPROVED,ok,ok,ok,ok,direct_mcp_review=ok; owner-approved; post_promotion_direct_readback=ok; canonical_source=Skyrim.esm; formkey=0D69FB:Skyrim.esm; stage=200; route=200:Fragment_3; tier_bc_runtime_verify=ok; crossgen=ok; promotion=ok; compile=ok.
COREQ-1533,core,V02,V02-04,standard,Skyrim.esm:0D6A1A,DialogueSolitudeBardsCollegeClassGiraudScene1,Skyrim.esm,ok,SEMANTIC-SILENT,not-needed,SILENT,not-needed,not-needed,not-needed,not-needed,
COREQ-1534,core,V02,V02-04,standard,Skyrim.esm:0D6A1C,DialogueSolitudeBardsCollegeClassIngeScene1,Skyrim.esm,ok,SEMANTIC-SILENT,not-needed,SILENT,not-needed,not-needed,not-needed,not-needed,
COREQ-1535,core,V02,V02-04,standard,Skyrim.esm:0D6A1D,DialogueSolitudeBardsCollegeClassPanteaScene1,Skyrim.esm,ok,SEMANTIC-SILENT,not-needed,SILENT,not-needed,not-needed,not-needed,not-needed,
COREQ-1536,core,V02,V02-04,standard,Skyrim.esm:0D7370,dunHillgrundsTombQSTFIN,Skyrim.esm,ok,SEMANTIC-SILENT,not-needed,SILENT,not-needed,not-needed,not-needed,not-needed,
COREQ-1537,core,V02,V02-04,standard,Skyrim.esm:0D74FC,DialogueWhiterunTemple,Skyrim.esm,ok,STRUCTURAL-SILENT,not-needed,SILENT,not-needed,not-needed,not-needed,not-needed,
COREQ-1538,core,V02,V02-04,standard,Skyrim.esm:0D7897,DA15Rumor,Skyrim.esm,ok,SEMANTIC-SILENT,not-needed,SILENT,not-needed,not-needed,not-needed,not-needed,
COREQ-1539,core,V02,V02-04,standard,Skyrim.esm:0D789A,MS06Rumor,Skyrim.esm,ok,SEMANTIC-SILENT,not-needed,SILENT,not-needed,not-needed,not-needed,not-needed,
COREQ-1540,core,V02,V02-04,standard,Skyrim.esm:0D789C,MS05Rumor,Skyrim.esm,ok,SEMANTIC-SILENT,not-needed,SILENT,not-needed,not-needed,not-needed,not-needed,
COREQ-1541,core,V02,V02-04,standard,Skyrim.esm:0D78A9,CreatureDialogueWitchlight,Skyrim.esm,ok,STRUCTURAL-SILENT,not-needed,SILENT,not-needed,not-needed,not-needed,not-needed,
COREQ-1542,core,V02,V02-04,standard,Skyrim.esm:0D78AC,CreatureDialogueHare,Skyrim.esm,ok,STRUCTURAL-SILENT,not-needed,SILENT,not-needed,not-needed,not-needed,not-needed,
COREQ-1543,core,V02,V02-04,standard,Skyrim.esm:0D78B0,CreatureDialogueWisp,Skyrim.esm,ok,STRUCTURAL-SILENT,not-needed,SILENT,not-needed,not-needed,not-needed,not-needed,
COREQ-1544,core,V02,V02-04,standard,Skyrim.esm:0D7939,DA03Start,Skyrim.esm,ok,SEMANTIC-SILENT,not-needed,SILENT,not-needed,not-needed,not-needed,not-needed,
COREQ-1545,core,V02,V02-04,standard,Skyrim.esm:0D7B12,ArenaCrowdQuest,Skyrim.esm,ok,SEMANTIC-SILENT,not-needed,SILENT,not-needed,not-needed,not-needed,not-needed,
COREQ-1546,core,V02,V02-04,standard,Skyrim.esm:0D7D5B,DialogueWhiterunTempleHealSoldier,Skyrim.esm,ok,STRUCTURAL-SILENT,not-needed,SILENT,not-needed,not-needed,not-needed,not-needed,
COREQ-1547,core,V02,V02-04,standard,Skyrim.esm:0D7D69,TGLeadership,Skyrim.esm,ok,SEMANTIC-SILENT,not-needed,SILENT,not-needed,not-needed,not-needed,not-needed,
COREQ-1548,core,V02,V02-04,standard,Skyrim.esm:0D87E7,MS08PrisonerSceneQuest,Skyrim.esm,ok,STRUCTURAL-SILENT,not-needed,SILENT,not-needed,not-needed,not-needed,not-needed,
COREQ-1549,core,V02,V02-04,standard,Skyrim.esm:0D8BE0,DialogueWhiterunTempleHealFarmer,Skyrim.esm,ok,STRUCTURAL-SILENT,not-needed,SILENT,not-needed,not-needed,not-needed,not-needed,
COREQ-1550,core,V02,V02-04,standard,Skyrim.esm:0D8BE1,DialogueWhiterunTempleTalkFarmer,Skyrim.esm,ok,STRUCTURAL-SILENT,not-needed,SILENT,not-needed,not-needed,not-needed,not-needed,
COREQ-1551,core,V02,V02-04,standard,Skyrim.esm:0D8BE2,DialogueWhiterunTempleTalkSoldier,Skyrim.esm,ok,STRUCTURAL-SILENT,not-needed,SILENT,not-needed,not-needed,not-needed,not-needed,
COREQ-1552,core,V02,V02-04,standard,Skyrim.esm:0D8E56,dunMasterQST,Skyrim.esm,ok,STRUCTURAL-SILENT,not-needed,SILENT,not-needed,not-needed,not-needed,not-needed,
COREQ-1553,core,V02,V02-04,standard,Skyrim.esm:0D9393,FreeformCaravansA,Skyrim.esm,ok,APPROVED,ok,APPROVED,ok,ok,ok,ok,direct_mcp_review=ok; owner-approved; post_promotion_direct_readback=ok; canonical_source=Skyrim.esm; formkey=0D9393:Skyrim.esm; stage=20; route=20:Fragment_1; tier_bc_runtime_verify=ok; crossgen=ok; promotion=ok; compile=ok. Zero-candidate outcome intentionally emits no reaction cells because no current deity profile consumes its approved tag combination.
COREQ-1554,core,V02,V02-04,existing-core-row,Skyrim.esm:0D93FA,BardsCollegeLute,Skyrim.esm,ok,APPROVED,ok,APPROVED,ok,ok,ok,ok,direct_mcp_review=ok; owner-approved; post_promotion_direct_readback=ok; canonical_source=Skyrim.esm; formkey=0D93FA:Skyrim.esm; stage=200; route=200:Fragment_2; tier_bc_runtime_verify=ok; crossgen=ok; promotion=ok; compile=ok.
COREQ-1555,core,V02,V02-04,existing-core-row,Skyrim.esm:0D9431,BardsCollegeFlute,Skyrim.esm,ok,APPROVED,ok,APPROVED,ok,ok,ok,ok,direct_mcp_review=ok; owner-approved; post_promotion_direct_readback=ok; canonical_source=Skyrim.esm; formkey=0D9431:Skyrim.esm; stage=200; route=200:Fragment_2; tier_bc_runtime_verify=ok; crossgen=ok; promotion=ok; compile=ok.
COREQ-1556,core,V02,V02-04,existing-core-row,Skyrim.esm:0D944F,BardsCollegeDrum,Skyrim.esm,ok,APPROVED,ok,APPROVED,ok,ok,ok,ok,direct_mcp_review=ok; owner-approved; post_promotion_direct_readback=ok; canonical_source=Skyrim.esm; formkey=0D944F:Skyrim.esm; stage=200; route=200:Fragment_2; tier_bc_runtime_verify=ok; crossgen=ok; promotion=ok; compile=ok.
COREQ-1557,core,V02,V02-04,standard,Skyrim.esm:0D980B,dunPOITundraMarshDogQST,Skyrim.esm,ok,SEMANTIC-SILENT,not-needed,SILENT,not-needed,not-needed,not-needed,not-needed,
COREQ-1558,core,V02,V02-04,standard,Skyrim.esm:0D9B63,FreeformIvarstead01,Skyrim.esm,ok,APPROVED,ok,APPROVED,ok,ok,ok,ok,direct_mcp_review=ok; owner-approved; post_promotion_direct_readback=ok; canonical_source=Skyrim.esm; formkey=0D9B63:Skyrim.esm; stage=200; route=200:Fragment_1; tier_bc_runtime_verify=ok; crossgen=ok; promotion=ok; compile=ok. Zero-candidate outcome intentionally emits no reaction cells because no current deity profile consumes its approved tag combination.
COREQ-1559,core,V02,V02-04,standard,Skyrim.esm:0D9B64,FreeformIvarstead02,Skyrim.esm,ok,APPROVED,ok,APPROVED,ok,ok,ok,ok,direct_mcp_review=ok; owner-approved; post_promotion_direct_readback=ok; canonical_source=Skyrim.esm; formkey=0D9B64:Skyrim.esm; stage=200; route=200:Fragment_5; tier_bc_runtime_verify=ok; crossgen=ok; promotion=ok; compile=ok.
COREQ-1560,core,V02,V02-04,standard,Skyrim.esm:0D9B65,FreeformIvarstead03,Skyrim.esm,ok,APPROVED,ok,APPROVED,ok,ok,ok,ok,direct_mcp_review=ok; owner-approved; post_promotion_direct_readback=ok; canonical_source=Skyrim.esm; formkey=0D9B65:Skyrim.esm; stage=200; route=200:Fragment_3; tier_bc_runtime_verify=ok; crossgen=ok; promotion=ok; compile=ok.
COREQ-1561,core,V02,V02-04,standard,Skyrim.esm:0D9B66,FreeformIvarstead04,Skyrim.esm,ok,APPROVED,ok,APPROVED,ok,ok,ok,ok,direct_mcp_review=ok; owner-approved; post_promotion_direct_readback=ok; canonical_source=Skyrim.esm; formkey=0D9B66:Skyrim.esm; stage=200; route=200:Fragment_4; tier_bc_runtime_verify=ok; crossgen=ok; promotion=ok; compile=ok. Zero-candidate outcome intentionally emits no reaction cells because no current deity profile consumes its approved tag combination.
COREQ-1562,core,V02,V02-04,standard,Skyrim.esm:0D9DC5,DialogueLargashbur,Skyrim.esm,ok,STRUCTURAL-SILENT,not-needed,SILENT,not-needed,not-needed,not-needed,not-needed,
COREQ-1563,core,V02,V02-04,standard,Skyrim.esm:0DB851,FreeformCidhnaMineA,Skyrim.esm,ok,APPROVED,ok,APPROVED,ok,ok,ok,ok,direct_mcp_review=ok; owner-approved; post_promotion_direct_readback=ok; canonical_source=Skyrim.esm; formkey=0DB851:Skyrim.esm; stage=200; route=200:Fragment_6; tier_bc_runtime_verify=ok; crossgen=ok; promotion=ok; compile=ok.
COREQ-1564,core,V02,V02-04,standard,Skyrim.esm:0DBA3D,DialogueMorthalMoorsideScene07,Skyrim.esm,ok,STRUCTURAL-SILENT,not-needed,SILENT,not-needed,not-needed,not-needed,not-needed,
COREQ-1565,core,V02,V02-04,standard,Skyrim.esm:0DBA3F,DialogueMorthalMoorsideScene08,Skyrim.esm,ok,STRUCTURAL-SILENT,not-needed,SILENT,not-needed,not-needed,not-needed,not-needed,
COREQ-1566,core,V02,V02-04,standard,Skyrim.esm:0DBA41,DialogueTutorial,Skyrim.esm,ok,SEMANTIC-SILENT,not-needed,SILENT,not-needed,not-needed,not-needed,not-needed,
COREQ-1567,core,V02,V02-04,standard,Skyrim.esm:0DC53C,DA10MiscObjective,Skyrim.esm,ok,SEMANTIC-SILENT,not-needed,SILENT,not-needed,not-needed,not-needed,not-needed,
COREQ-1568,core,V02,V02-04,standard,Skyrim.esm:0DC9DF,ArenaWagerFighterQuest,Skyrim.esm,ok,SEMANTIC-SILENT,not-needed,SILENT,not-needed,not-needed,not-needed,not-needed,
COREQ-1569,core,V02,V02-04,standard,Skyrim.esm:0DC9E0,DA08RumorPointer,Skyrim.esm,ok,SEMANTIC-SILENT,not-needed,SILENT,not-needed,not-needed,not-needed,not-needed,
COREQ-1570,core,V02,V02-04,standard,Skyrim.esm:0DD5EF,DialogueCidhnaMineBlathlocGrisvar02,Skyrim.esm,ok,STRUCTURAL-SILENT,not-needed,SILENT,not-needed,not-needed,not-needed,not-needed,
COREQ-1571,core,V02,V02-04,standard,Skyrim.esm:0DD5FA,DialogueIvarsteadScriptedScene,Skyrim.esm,ok,SEMANTIC-SILENT,not-needed,SILENT,not-needed,not-needed,not-needed,not-needed,
COREQ-1572,core,V02,V02-04,standard,Skyrim.esm:0DDF8D,dunPOITundraWitchShackQST,Skyrim.esm,ok,SEMANTIC-SILENT,not-needed,SILENT,not-needed,not-needed,not-needed,not-needed,
COREQ-1573,core,V02,V02-04,standard,Skyrim.esm:0DEE92,WITavern,Skyrim.esm,ok,SEMANTIC-SILENT,not-needed,SILENT,not-needed,not-needed,not-needed,not-needed,
COREQ-1574,core,V02,V02-04,standard,Skyrim.esm:0DEE9A,WITavernServerPatronSceneA,Skyrim.esm,ok,STRUCTURAL-SILENT,not-needed,SILENT,not-needed,not-needed,not-needed,not-needed,
COREQ-1575,core,V02,V02-04,standard,Skyrim.esm:0DFB01,TG09NightingalesDialogue,Skyrim.esm,ok,STRUCTURAL-SILENT,not-needed,SILENT,not-needed,not-needed,not-needed,not-needed,
COREQ-1576,core,V02,V02-04,standard,Skyrim.esm:0E0C67,MGCollegeLectureInfos,Skyrim.esm,ok,SEMANTIC-SILENT,not-needed,SILENT,not-needed,not-needed,not-needed,not-needed,
COREQ-1577,core,V02,V02-04,standard,Skyrim.esm:0E0DA5,DialogueWhiterunFraliaYsoldaScene1,Skyrim.esm,ok,STRUCTURAL-SILENT,not-needed,SILENT,not-needed,not-needed,not-needed,not-needed,
COREQ-1578,core,V02,V02-04,standard,Skyrim.esm:0E0DA7,DialogueWhiterunOlfinaYsoldaScene1,Skyrim.esm,ok,STRUCTURAL-SILENT,not-needed,SILENT,not-needed,not-needed,not-needed,not-needed,
COREQ-1579,core,V02,V02-04,standard,Skyrim.esm:0E0DA9,DialogueWhiterunNazeemYsoldaScene1,Skyrim.esm,ok,STRUCTURAL-SILENT,not-needed,SILENT,not-needed,not-needed,not-needed,not-needed,
COREQ-1580,core,V02,V02-04,standard,Skyrim.esm:0E0E04,MGR21,Skyrim.esm,ok,APPROVED,ok,APPROVED,ok,ok,ok,ok,direct_mcp_review=ok; owner-approved; post_promotion_direct_readback=ok; canonical_source=Skyrim.esm; formkey=0E0E04:Skyrim.esm; stage=200; route=200:Fragment_2; tier_bc_runtime_verify=not-needed; crossgen=ok; promotion=ok; compile=ok.
COREQ-1581,core,V02,V02-04,standard,Skyrim.esm:0E0E0C,MGR22,Skyrim.esm,ok,SEMANTIC-SILENT,not-needed,SILENT,not-needed,not-needed,not-needed,not-needed,
COREQ-1582,core,V02,V02-04,standard,Skyrim.esm:0E16C6,DA16WalkSceneMonitor,Skyrim.esm,ok,SEMANTIC-SILENT,not-needed,SILENT,not-needed,not-needed,not-needed,not-needed,
COREQ-1583,core,V02,V02-04,standard,Skyrim.esm:0E16CC,DA16MiniScenes,Skyrim.esm,ok,STRUCTURAL-SILENT,not-needed,SILENT,not-needed,not-needed,not-needed,not-needed,
COREQ-1584,core,V02,V02-04,standard,Skyrim.esm:0E1782,TG09Post,Skyrim.esm,ok,SEMANTIC-SILENT,not-needed,SILENT,not-needed,not-needed,not-needed,not-needed,
COREQ-1585,core,V02,V02-04,standard,Skyrim.esm:0E1A9D,dunSleepingTreeCampQST,Skyrim.esm,ok,SEMANTIC-SILENT,not-needed,SILENT,not-needed,not-needed,not-needed,not-needed,
COREQ-1586,core,V02,V02-04,standard,Skyrim.esm:0E1B36,CW00WindhelmMapTableScene,Skyrim.esm,ok,SEMANTIC-SILENT,not-needed,SILENT,not-needed,not-needed,not-needed,not-needed,
COREQ-1587,core,V02,V02-04,standard,Skyrim.esm:0E1B5A,CW00B,Skyrim.esm,ok,SEMANTIC-SILENT,not-needed,SILENT,not-needed,not-needed,not-needed,not-needed,
COREQ-1588,core,V02,V02-04,existing-core-row,Skyrim.esm:0E2D29,CW01B,Skyrim.esm,ok,APPROVED,ok,APPROVED,ok,ok,ok,ok,direct_mcp_review=ok; owner-approved; post_promotion_direct_readback=ok; canonical_source=Skyrim.esm; formkey=0E2D29:Skyrim.esm; stage=200; route=200:Fragment_4; tier_bc_runtime_verify=ok; crossgen=ok; promotion=ok; compile=ok.
COREQ-1589,core,V02,V02-04,standard,Skyrim.esm:0E2D3A,CW01WindhelmMapTableScene,Skyrim.esm,ok,SEMANTIC-SILENT,not-needed,SILENT,not-needed,not-needed,not-needed,not-needed,
COREQ-1590,core,V02,V02-04,standard,Skyrim.esm:0E30E7,C06FuneralObserversQuest,Skyrim.esm,ok,SEMANTIC-SILENT,not-needed,SILENT,not-needed,not-needed,not-needed,not-needed,
COREQ-1591,core,V02,V02-04,standard,Skyrim.esm:0E3156,CR14,Skyrim.esm,ok,APPROVED,ok,APPROVED,ok,ok,ok,ok,direct_mcp_review=ok; owner-approved; post_promotion_direct_readback=ok; canonical_source=Skyrim.esm; formkey=0E3156:Skyrim.esm; stage=100; route=100:Fragment_5; tier_bc_runtime_verify=not-needed; crossgen=ok; promotion=ok; compile=ok.
COREQ-1592,core,V02,V02-04,existing-core-row,Skyrim.esm:0E3163,CR13,Skyrim.esm,ok,APPROVED,not-needed,APPROVED,not-needed,not-needed,ok,ok,Direct review supports existing promoted rows.
COREQ-1593,core,V02,V02-04,standard,Skyrim.esm:0E316E,NarzulburFreeFormWifeQuest,Skyrim.esm,ok,SEMANTIC-SILENT,not-needed,SILENT,not-needed,not-needed,not-needed,not-needed,
COREQ-1594,core,V02,V02-04,standard,Skyrim.esm:0E3308,FreeformSarethiFarm,Skyrim.esm,ok,APPROVED,ok,APPROVED,ok,ok,ok,ok,direct_mcp_review=ok; owner-approved; post_promotion_direct_readback=ok; canonical_source=Skyrim.esm; formkey=0E3308:Skyrim.esm; stage=200; route=200:Fragment_3; tier_bc_runtime_verify=ok; crossgen=ok; promotion=ok; compile=ok. Zero-candidate outcome intentionally emits no reaction cells because no current deity profile consumes its approved tag combination.
COREQ-1595,core,V02,V02-04,standard,Skyrim.esm:0E357D,FreeformWinterholdCollegeB,Skyrim.esm,ok,SEMANTIC-SILENT,not-needed,SILENT,not-needed,not-needed,not-needed,not-needed,
COREQ-1596,core,V02,V02-04,standard,Skyrim.esm:0E3608,MS02FIN,Skyrim.esm,ok,STRUCTURAL-SILENT,not-needed,SILENT,not-needed,not-needed,not-needed,not-needed,
COREQ-1597,core,V02,V02-04,existing-core-row,Skyrim.esm:0E38C9,FreeformSkyhavenTempleA,Skyrim.esm,ok,APPROVED,ok,APPROVED,ok,ok,ok,ok,direct_mcp_review=ok; owner-approved; post_promotion_direct_readback=ok; canonical_source=Skyrim.esm; formkey=0E38C9:Skyrim.esm; stage=50; route=50:Fragment_9; tier_bc_runtime_verify=ok; crossgen=ok; promotion=ok; compile=ok. Zero-candidate outcome intentionally emits no reaction cells because no current deity profile consumes its approved tag combination.
COREQ-1598,core,V02,V02-04,standard,Skyrim.esm:0E3A7C,DialogueTrainers,Skyrim.esm,ok,STRUCTURAL-SILENT,not-needed,SILENT,not-needed,not-needed,not-needed,not-needed,
COREQ-1599,core,V02,V02-04,standard,Skyrim.esm:0E3DE0,DialogueWhiterunSceneVignarBalgruuf,Skyrim.esm,ok,STRUCTURAL-SILENT,not-needed,SILENT,not-needed,not-needed,not-needed,not-needed,
COREQ-1600,core,V02,V02-04,standard,Skyrim.esm:0E3E67,FreeformSkyHavenTempleB,Skyrim.esm,ok,APPROVED,ok,APPROVED,ok,ok,ok,ok,direct_mcp_review=ok; owner-approved; post_promotion_direct_readback=ok; canonical_source=Skyrim.esm; formkey=0E3E67:Skyrim.esm; stage=100; route=100:Fragment_5; tier_bc_runtime_verify=ok; crossgen=ok; promotion=ok; compile=ok.
COREQ-1601,core,V02,V02-04,standard,Skyrim.esm:0E3E9B,FreeformMerryfairFarm,Skyrim.esm,ok,APPROVED,ok,APPROVED,ok,ok,ok,ok,direct_mcp_review=ok; owner-approved; post_promotion_direct_readback=ok; canonical_source=Skyrim.esm; formkey=0E3E9B:Skyrim.esm; stage=200; route=200:Fragment_3; tier_bc_runtime_verify=ok; crossgen=ok; promotion=ok; compile=ok. Zero-candidate outcome intentionally emits no reaction cells because no current deity profile consumes its approved tag combination.
COREQ-1602,core,V02,V02-04,standard,Skyrim.esm:0E3EA5,FreeformHeartwoodMill,Skyrim.esm,ok,APPROVED,ok,APPROVED,ok,ok,ok,ok,direct_mcp_review=ok; owner-approved; post_promotion_direct_readback=ok; canonical_source=Skyrim.esm; formkey=0E3EA5:Skyrim.esm; stage=200; route=200:Fragment_3; tier_bc_runtime_verify=ok; crossgen=ok; promotion=ok; compile=ok.
COREQ-1603,core,V02,V02-04,existing-core-row,Skyrim.esm:0E49E7,FreeformShorsStone01,Skyrim.esm,ok,APPROVED,ok,APPROVED,ok,ok,ok,ok,direct_mcp_review=ok; owner-approved; post_promotion_direct_readback=ok; canonical_source=Skyrim.esm; formkey=0E49E7:Skyrim.esm; stage=200; route=200:Fragment_4; tier_bc_runtime_verify=not-needed; crossgen=ok; promotion=ok; compile=ok.
COREQ-1604,core,V02,V02-04,standard,Skyrim.esm:0E49E8,FreeformShorsStone02,Skyrim.esm,ok,SEMANTIC-SILENT,not-needed,SILENT,not-needed,not-needed,not-needed,not-needed,
COREQ-1605,core,V02,V02-04,standard,Skyrim.esm:0E4D31,dunGauldursonQST,Skyrim.esm,ok,APPROVED,ok,APPROVED,ok,ok,ok,ok,direct_mcp_review=ok; owner-approved; post_promotion_direct_readback=ok; canonical_source=Skyrim.esm; formkey=0E4D31:Skyrim.esm; stage=150; route=journal-stage:150; tier_bc_runtime_verify=ok; crossgen=ok; promotion=ok; compile=ok. Zero-candidate outcome intentionally emits no reaction cells because no current deity profile consumes its approved tag combination.
COREQ-1606,core,V02,V02-04,standard,Skyrim.esm:0E4D75,DialogueSarethiFarmScene03,Skyrim.esm,ok,STRUCTURAL-SILENT,not-needed,SILENT,not-needed,not-needed,not-needed,not-needed,
COREQ-1607,core,V02,V02-04,standard,Skyrim.esm:0E66FC,DialogueRiftenGateGuards,Skyrim.esm,ok,SEMANTIC-SILENT,not-needed,SILENT,not-needed,not-needed,not-needed,not-needed,
COREQ-1608,core,V02,V02-04,standard,Skyrim.esm:0E6DE3,FreeformSkyHavenTempleC,Skyrim.esm,ok,SEMANTIC-SILENT,not-needed,SILENT,not-needed,not-needed,not-needed,not-needed,
COREQ-1609,core,V02,V02-04,standard,Skyrim.esm:0E6DE7,DialogueSkyHavenTempleConversation01,Skyrim.esm,ok,STRUCTURAL-SILENT,not-needed,SILENT,not-needed,not-needed,not-needed,not-needed,
COREQ-1610,core,V02,V02-04,standard,Skyrim.esm:0E6DE9,DialogueSkyHavenTempleConversation02,Skyrim.esm,ok,STRUCTURAL-SILENT,not-needed,SILENT,not-needed,not-needed,not-needed,not-needed,
COREQ-1611,core,V02,V02-04,standard,Skyrim.esm:0E6DEB,DialogueSkyHavenTempleConversation03,Skyrim.esm,ok,STRUCTURAL-SILENT,not-needed,SILENT,not-needed,not-needed,not-needed,not-needed,
COREQ-1612,core,V02,V02-04,standard,Skyrim.esm:0E6DED,DialogueSkyHavenTempleConversation04,Skyrim.esm,ok,STRUCTURAL-SILENT,not-needed,SILENT,not-needed,not-needed,not-needed,not-needed,
COREQ-1613,core,V02,V02-04,existing-core-row,Skyrim.esm:0E6DF1,FreeformSkyHavenTempleD,Skyrim.esm,ok,APPROVED,ok,APPROVED,ok,ok,ok,ok,direct_mcp_review=ok; owner-approved; post_promotion_direct_readback=ok; canonical_source=Skyrim.esm; formkey=0E6DF1:Skyrim.esm; stage=100; route=100:Fragment_1; tier_bc_runtime_verify=ok; crossgen=ok; promotion=ok; compile=ok.
COREQ-1614,core,V02,V02-04,standard,Skyrim.esm:0E725D,GenericDialgoueWounded,Skyrim.esm,ok,STRUCTURAL-SILENT,not-needed,SILENT,not-needed,not-needed,not-needed,not-needed,
COREQ-1615,core,V02,V02-04,standard,Skyrim.esm:0E76DE,FreeformHighHrothgarA,Skyrim.esm,ok,APPROVED,ok,APPROVED,ok,ok,ok,ok,direct_mcp_review=ok; owner-approved; post_promotion_direct_readback=ok; canonical_source=Skyrim.esm; formkey=0E76DE:Skyrim.esm; stage=20; route=20:Fragment_1; tier_bc_runtime_verify=ok; crossgen=ok; promotion=ok; compile=ok.
COREQ-1616,core,V02,V02-04,standard,Skyrim.esm:0E76E1,DialogueHighHrothgar,Skyrim.esm,ok,SEMANTIC-SILENT,not-needed,SILENT,not-needed,not-needed,not-needed,not-needed,
COREQ-1617,core,V02,V02-04,standard,Skyrim.esm:0E77BA,SolitudeFreeform07,Skyrim.esm,ok,APPROVED,ok,APPROVED,ok,ok,ok,ok,direct_mcp_review=ok; owner-approved; post_promotion_direct_readback=ok; canonical_source=Skyrim.esm; formkey=0E77BA:Skyrim.esm; stage=200; route=200:Fragment_3; tier_bc_runtime_verify=ok; crossgen=ok; promotion=ok; compile=ok.
COREQ-1618,core,V02,V02-04,standard,Skyrim.esm:0E77ED,DialogueSolitudeBardScene4,Skyrim.esm,ok,STRUCTURAL-SILENT,not-needed,SILENT,not-needed,not-needed,not-needed,not-needed,
COREQ-1619,core,V02,V02-04,standard,Skyrim.esm:0E77F1,DialogueSolitudeBardScene5,Skyrim.esm,ok,STRUCTURAL-SILENT,not-needed,SILENT,not-needed,not-needed,not-needed,not-needed,
COREQ-1620,core,V02,V02-04,standard,Skyrim.esm:0E77F2,DialogueSolitudeBardScene6,Skyrim.esm,ok,STRUCTURAL-SILENT,not-needed,SILENT,not-needed,not-needed,not-needed,not-needed,
COREQ-1621,core,V02,V02-04,standard,Skyrim.esm:0E780C,DialogueSolitudeBardsCollegeClassGiraudScene2,Skyrim.esm,ok,SEMANTIC-SILENT,not-needed,SILENT,not-needed,not-needed,not-needed,not-needed,
COREQ-1622,core,V02,V02-04,standard,Skyrim.esm:0E780E,DialogueSolitudeBardsCollegeClassIngeScene2,Skyrim.esm,ok,SEMANTIC-SILENT,not-needed,SILENT,not-needed,not-needed,not-needed,not-needed,
COREQ-1623,core,V02,V02-04,standard,Skyrim.esm:0E780F,DialogueSolitudeBardsCollegeClassPanteaScene2,Skyrim.esm,ok,SEMANTIC-SILENT,not-needed,SILENT,not-needed,not-needed,not-needed,not-needed,
COREQ-1624,core,V02,V02-04,existing-core-row,Skyrim.esm:0E7814,BardsCollegePoeticEdda,Skyrim.esm,ok,APPROVED,ok,APPROVED,not-needed,not-needed,ok,ok,Direct review supports existing promoted rows.
COREQ-1625,core,V02,V02-04,standard,Skyrim.esm:0E8283,FreeformHighHrothgarB,Skyrim.esm,ok,SEMANTIC-SILENT,ok,SILENT,not-needed,not-needed,not-needed,not-needed,
COREQ-1626,core,V02,V02-04,standard,Skyrim.esm:0E8921,WEJS16,Skyrim.esm,ok,SEMANTIC-SILENT,not-needed,SILENT,not-needed,not-needed,not-needed,not-needed,
COREQ-1627,core,V02,V02-04,standard,Skyrim.esm:0E8924,WEJS24,Skyrim.esm,ok,SEMANTIC-SILENT,not-needed,SILENT,not-needed,not-needed,not-needed,not-needed,
COREQ-1628,core,V02,V02-04,standard,Skyrim.esm:0E8929,WEJS18,Skyrim.esm,ok,SEMANTIC-SILENT,not-needed,SILENT,not-needed,not-needed,not-needed,not-needed,
COREQ-1629,core,V02,V02-04,standard,Skyrim.esm:0E892B,WEJS19,Skyrim.esm,ok,SEMANTIC-SILENT,not-needed,SILENT,not-needed,not-needed,not-needed,not-needed,
COREQ-1630,core,V02,V02-04,standard,Skyrim.esm:0E892D,WEJS20,Skyrim.esm,ok,SEMANTIC-SILENT,not-needed,SILENT,not-needed,not-needed,not-needed,not-needed,
COREQ-1631,core,V02,V02-04,standard,Skyrim.esm:0E892E,WEJS21,Skyrim.esm,ok,SEMANTIC-SILENT,not-needed,SILENT,not-needed,not-needed,not-needed,not-needed,
COREQ-1632,core,V02,V02-04,standard,Skyrim.esm:0E8931,WEJS22,Skyrim.esm,ok,SEMANTIC-SILENT,not-needed,SILENT,not-needed,not-needed,not-needed,not-needed,
COREQ-1633,core,V02,V02-04,standard,Skyrim.esm:0E8933,WEJS23,Skyrim.esm,ok,SEMANTIC-SILENT,not-needed,SILENT,not-needed,not-needed,not-needed,not-needed,
COREQ-1634,core,V02,V02-04,standard,Skyrim.esm:0E8941,WEJS25,Skyrim.esm,ok,SEMANTIC-SILENT,not-needed,SILENT,not-needed,not-needed,not-needed,not-needed,
COREQ-1635,core,V02,V02-04,standard,Skyrim.esm:0E8B50,MGR01Trigger,Skyrim.esm,ok,SEMANTIC-SILENT,not-needed,SILENT,not-needed,not-needed,not-needed,not-needed,
COREQ-1636,core,V02,V02-04,standard,Skyrim.esm:0E8BD7,SolitudeFreeform01,Skyrim.esm,ok,APPROVED,ok,APPROVED,ok,ok,ok,ok,direct_mcp_review=ok; owner-approved; post_promotion_direct_readback=ok; canonical_source=Skyrim.esm; formkey=0E8BD7:Skyrim.esm; stage=200; route=200:Fragment_5; tier_bc_runtime_verify=ok; crossgen=ok; promotion=ok; compile=ok. Zero-candidate outcome intentionally emits no reaction cells because no current deity profile consumes its approved tag combination.
COREQ-1637,core,V02,V02-04,standard,Skyrim.esm:0EA2D1,TGDialogueHQScene17,Skyrim.esm,ok,STRUCTURAL-SILENT,not-needed,SILENT,not-needed,not-needed,not-needed,not-needed,
COREQ-1638,core,V02,V02-04,standard,Skyrim.esm:0EA2D3,TGDialogueHQScene18,Skyrim.esm,ok,STRUCTURAL-SILENT,not-needed,SILENT,not-needed,not-needed,not-needed,not-needed,
COREQ-1639,core,V02,V02-04,standard,Skyrim.esm:0EA2D5,TGDialogueHQScene19,Skyrim.esm,ok,STRUCTURAL-SILENT,not-needed,SILENT,not-needed,not-needed,not-needed,not-needed,
COREQ-1640,core,V02,V02-04,standard,Skyrim.esm:0EA2D7,TGDialogueHQScene20,Skyrim.esm,ok,STRUCTURAL-SILENT,not-needed,SILENT,not-needed,not-needed,not-needed,not-needed,
COREQ-1641,core,V02,V02-04,standard,Skyrim.esm:0EB9E2,dunRebelsCairnChangeLocationQST,Skyrim.esm,ok,SEMANTIC-SILENT,not-needed,SILENT,not-needed,not-needed,not-needed,not-needed,
COREQ-1642,core,V02,V02-04,standard,Skyrim.esm:0EC199,DialogueRiftenMaulHandler,Skyrim.esm,ok,SEMANTIC-SILENT,not-needed,SILENT,not-needed,not-needed,not-needed,not-needed,
COREQ-1643,core,V02,V02-04,standard,Skyrim.esm:0ECEB7,dunGauldursonChangeLocationQST,Skyrim.esm,ok,SEMANTIC-SILENT,not-needed,SILENT,not-needed,not-needed,not-needed,not-needed,
COREQ-1644,core,V02,V02-04,standard,Skyrim.esm:0EDF6A,MQSovngardeConv1,Skyrim.esm,ok,STRUCTURAL-SILENT,not-needed,SILENT,not-needed,not-needed,not-needed,not-needed,
COREQ-1645,core,V02,V02-04,standard,Skyrim.esm:0F0A10,MQSovngardeConv2,Skyrim.esm,ok,SEMANTIC-SILENT,not-needed,SILENT,not-needed,not-needed,not-needed,not-needed,
COREQ-1646,core,V02,V02-04,standard,Skyrim.esm:0F1A41,MQSovngardeConv3,Skyrim.esm,ok,STRUCTURAL-SILENT,not-needed,SILENT,not-needed,not-needed,not-needed,not-needed,
COREQ-1647,core,V02,V02-04,standard,Skyrim.esm:0F1A44,MQSovngardeConv4,Skyrim.esm,ok,STRUCTURAL-SILENT,not-needed,SILENT,not-needed,not-needed,not-needed,not-needed,
COREQ-1648,core,V02,V02-04,standard,Skyrim.esm:0F2593,WISkillIncrease02,Skyrim.esm,ok,SEMANTIC-SILENT,not-needed,SILENT,not-needed,not-needed,not-needed,not-needed,
COREQ-1649,core,V02,V02-04,standard,Skyrim.esm:0F517A,DialogueWhiterunCaptainOfTheGuard,Skyrim.esm,ok,SEMANTIC-SILENT,not-needed,SILENT,not-needed,not-needed,not-needed,not-needed,
COREQ-1650,core,V02,V02-04,standard,Skyrim.esm:0F5185,WERJ11,Skyrim.esm,ok,SEMANTIC-SILENT,not-needed,SILENT,not-needed,not-needed,not-needed,not-needed,
COREQ-1651,core,V02,V02-04,standard,Skyrim.esm:0F5186,WERJ12,Skyrim.esm,ok,SEMANTIC-SILENT,not-needed,SILENT,not-needed,not-needed,not-needed,not-needed,
COREQ-1652,core,V02,V02-04,standard,Skyrim.esm:0F5BC1,WERJ13,Skyrim.esm,ok,SEMANTIC-SILENT,not-needed,SILENT,not-needed,not-needed,not-needed,not-needed,
COREQ-1653,core,V02,V02-04,standard,Skyrim.esm:0F8A80,WEBountyCollectorQST,Skyrim.esm,ok,SEMANTIC-SILENT,not-needed,SILENT,not-needed,not-needed,not-needed,not-needed,
COREQ-1654,core,V02,V02-04,standard,Skyrim.esm:0F9075,CRHoldExpansion,Skyrim.esm,ok,SEMANTIC-SILENT,not-needed,SILENT,not-needed,not-needed,not-needed,not-needed,
COREQ-1655,core,V02,V02-04,standard,Skyrim.esm:0F942A,CreatureDialogueHorse,Skyrim.esm,ok,STRUCTURAL-SILENT,not-needed,SILENT,not-needed,not-needed,not-needed,not-needed,
COREQ-1656,core,V02,V02-04,standard,Skyrim.esm:0FBFDD,MG02MonkSceneQuest,Skyrim.esm,ok,SEMANTIC-SILENT,not-needed,SILENT,not-needed,not-needed,not-needed,not-needed,
COREQ-1657,core,V02,V02-04,standard,Skyrim.esm:0FC076,CWDialogueSoldiers02,Skyrim.esm,ok,STRUCTURAL-SILENT,not-needed,SILENT,not-needed,not-needed,not-needed,not-needed,
COREQ-1658,core,V02,V02-04,standard,Skyrim.esm:0FC85D,AchievementsQuest,Skyrim.esm,ok,STRUCTURAL-SILENT,not-needed,SILENT,not-needed,not-needed,not-needed,not-needed,
COREQ-1659,core,V02,V02-04,standard,Skyrim.esm:0FCC2F,EscapeJailAchievementQuest,Skyrim.esm,ok,SEMANTIC-SILENT,not-needed,SILENT,not-needed,not-needed,not-needed,not-needed,
COREQ-1660,core,V02,V02-04,standard,Skyrim.esm:0FDBA2,dunDragonMoundQST,Skyrim.esm,ok,SEMANTIC-SILENT,not-needed,SILENT,not-needed,not-needed,not-needed,not-needed,
COREQ-1661,core,V02,V02-04,standard,Skyrim.esm:0FDE7D,AchievementsHardWorkerFoodQuest,Skyrim.esm,ok,SEMANTIC-SILENT,not-needed,SILENT,not-needed,not-needed,not-needed,not-needed,
COREQ-1662,core,V02,V02-04,standard,Skyrim.esm:0FE479,T03PostQuest,Skyrim.esm,ok,SEMANTIC-SILENT,not-needed,SILENT,not-needed,not-needed,not-needed,not-needed,
COREQ-1663,core,V02,V02-04,standard,Skyrim.esm:0FEE11,dunSkillBooksQST,Skyrim.esm,ok,SEMANTIC-SILENT,not-needed,SILENT,not-needed,not-needed,not-needed,not-needed,
COREQ-1664,core,V02,V02-04,standard,Skyrim.esm:0FF235,C00SwapVignarAndBrillOnAscension,Skyrim.esm,ok,SEMANTIC-SILENT,not-needed,SILENT,not-needed,not-needed,not-needed,not-needed,
COREQ-1665,core,V02,V02-04,standard,Skyrim.esm:0FFF50,TGCrownPerk,Skyrim.esm,ok,SEMANTIC-SILENT,not-needed,SILENT,not-needed,not-needed,not-needed,not-needed,
COREQ-1666,core,V02,V02-04,standard,Skyrim.esm:10074F,DialogueDremora,Skyrim.esm,ok,STRUCTURAL-SILENT,not-needed,SILENT,not-needed,not-needed,not-needed,not-needed,
COREQ-1667,core,V02,V02-04,standard,Skyrim.esm:1007FC,TG04EECHandler,Skyrim.esm,ok,SEMANTIC-SILENT,not-needed,SILENT,not-needed,not-needed,not-needed,not-needed,
COREQ-1668,core,V02,V02-04,standard,Skyrim.esm:1027A5,WERoad02,Skyrim.esm,ok,SEMANTIC-SILENT,not-needed,SILENT,not-needed,not-needed,not-needed,not-needed,
COREQ-1669,core,V02,V02-04,standard,Skyrim.esm:103395,TGREnablerHandler,Skyrim.esm,ok,SEMANTIC-SILENT,not-needed,SILENT,not-needed,not-needed,not-needed,not-needed,
COREQ-1670,core,V02,V02-04,standard,Skyrim.esm:1034DF,WERoad01,Skyrim.esm,ok,SEMANTIC-SILENT,not-needed,SILENT,not-needed,not-needed,not-needed,not-needed,
COREQ-1671,core,V02,V02-04,standard,Skyrim.esm:10481C,DA04SeptimusSendForPlayerQuest,Skyrim.esm,ok,SEMANTIC-SILENT,not-needed,SILENT,not-needed,not-needed,not-needed,not-needed,
COREQ-1672,core,V02,V02-04,standard,Skyrim.esm:104FD3,CWSoldierCheer,Skyrim.esm,ok,STRUCTURAL-SILENT,not-needed,SILENT,not-needed,not-needed,not-needed,not-needed,
COREQ-1673,core,V02,V02-04,standard,Skyrim.esm:105170,WERoad03,Skyrim.esm,ok,SEMANTIC-SILENT,not-needed,SILENT,not-needed,not-needed,not-needed,not-needed,
COREQ-1674,core,V02,V02-04,standard,Skyrim.esm:105172,WERoad04,Skyrim.esm,ok,SEMANTIC-SILENT,not-needed,SILENT,not-needed,not-needed,not-needed,not-needed,
COREQ-1675,core,V02,V02-04,standard,Skyrim.esm:105173,WERoad05,Skyrim.esm,ok,SEMANTIC-SILENT,not-needed,SILENT,not-needed,not-needed,not-needed,not-needed,
COREQ-1676,core,V02,V02-04,standard,Skyrim.esm:1052F3,CWPostWhiterunObj,Skyrim.esm,ok,SEMANTIC-SILENT,not-needed,SILENT,not-needed,not-needed,not-needed,not-needed,
COREQ-1677,core,V02,V02-04,standard,Skyrim.esm:105385,TutorialBlacksmithing,Skyrim.esm,ok,SEMANTIC-SILENT,not-needed,SILENT,not-needed,not-needed,not-needed,not-needed,
COREQ-1678,core,V02,V02-04,standard,Skyrim.esm:105389,TutorialBlacksmithingDagger,Skyrim.esm,ok,SEMANTIC-SILENT,not-needed,SILENT,not-needed,not-needed,not-needed,not-needed,
COREQ-1679,core,V02,V02-04,standard,Skyrim.esm:105392,TutorialBlacksmithingDaggerSharpen,Skyrim.esm,ok,SEMANTIC-SILENT,not-needed,SILENT,not-needed,not-needed,not-needed,not-needed,
COREQ-1680,core,V02,V02-04,standard,Skyrim.esm:105395,TutorialBlacksmithingTanning,Skyrim.esm,ok,SEMANTIC-SILENT,not-needed,SILENT,not-needed,not-needed,not-needed,not-needed,
COREQ-1681,core,V02,V02-04,standard,Skyrim.esm:105397,TutorialBlacksmithingAmor,Skyrim.esm,ok,SEMANTIC-SILENT,not-needed,SILENT,not-needed,not-needed,not-needed,not-needed,
COREQ-1682,core,V02,V02-04,standard,Skyrim.esm:10539A,TutorialBlacksmithingArmorTemper,Skyrim.esm,ok,SEMANTIC-SILENT,not-needed,SILENT,not-needed,not-needed,not-needed,not-needed,
COREQ-1683,core,V02,V02-04,standard,Skyrim.esm:10557C,TutorialAlchemy,Skyrim.esm,ok,SEMANTIC-SILENT,not-needed,SILENT,not-needed,not-needed,not-needed,not-needed,
COREQ-1684,core,V02,V02-04,standard,Skyrim.esm:105585,TutorialAlchemyHealPotion,Skyrim.esm,ok,SEMANTIC-SILENT,not-needed,SILENT,not-needed,not-needed,not-needed,not-needed,
COREQ-1685,core,V02,V02-04,standard,Skyrim.esm:105A60,TutorialEnchanting,Skyrim.esm,ok,SEMANTIC-SILENT,not-needed,SILENT,not-needed,not-needed,not-needed,not-needed,
COREQ-1686,core,V02,V02-04,standard,Skyrim.esm:105D12,WEJS26,Skyrim.esm,ok,SEMANTIC-SILENT,not-needed,SILENT,not-needed,not-needed,not-needed,not-needed,
COREQ-1687,core,V02,V02-04,standard,Skyrim.esm:105D15,WERoad07,Skyrim.esm,ok,SEMANTIC-SILENT,not-needed,SILENT,not-needed,not-needed,not-needed,not-needed,
COREQ-1688,core,V02,V02-04,standard,Skyrim.esm:105D1D,WERoad06,Skyrim.esm,ok,SEMANTIC-SILENT,not-needed,SILENT,not-needed,not-needed,not-needed,not-needed,
COREQ-1689,core,V02,V02-04,standard,Skyrim.esm:1062A7,BardAudienceQuest,Skyrim.esm,ok,SEMANTIC-SILENT,not-needed,SILENT,not-needed,not-needed,not-needed,not-needed,
COREQ-1690,core,V02,V02-04,standard,Skyrim.esm:1065FA,WERoad09,Skyrim.esm,ok,SEMANTIC-SILENT,not-needed,SILENT,not-needed,not-needed,not-needed,not-needed,
COREQ-1691,core,V02,V02-04,standard,Skyrim.esm:106A59,WERoad10,Skyrim.esm,ok,SEMANTIC-SILENT,not-needed,SILENT,not-needed,not-needed,not-needed,not-needed,
COREQ-1692,core,V02,V02-04,standard,Skyrim.esm:106A5E,WERoad11,Skyrim.esm,ok,SEMANTIC-SILENT,not-needed,SILENT,not-needed,not-needed,not-needed,not-needed,
COREQ-1693,core,V02,V02-04,standard,Skyrim.esm:1075B1,dunThrowVoiceQst,Skyrim.esm,ok,SEMANTIC-SILENT,not-needed,SILENT,not-needed,not-needed,not-needed,not-needed,
COREQ-1694,core,V02,V02-04,standard,Skyrim.esm:107987,CWMissionQuickStart,Skyrim.esm,ok,SEMANTIC-SILENT,not-needed,SILENT,not-needed,not-needed,not-needed,not-needed,
COREQ-1695,core,V02,V02-04,standard,Skyrim.esm:107E40,DialogueWinterholdCollegePostSceneQuest,Skyrim.esm,ok,STRUCTURAL-SILENT,not-needed,SILENT,not-needed,not-needed,not-needed,not-needed,
COREQ-1696,core,V02,V02-04,standard,Skyrim.esm:108059,CompanionsBladeFragmentTracking,Skyrim.esm,ok,SEMANTIC-SILENT,not-needed,SILENT,not-needed,not-needed,not-needed,not-needed,
COREQ-1697,core,V02,V02-04,standard,Skyrim.esm:1092D3,MQSkyHavenSparring,Skyrim.esm,ok,SEMANTIC-SILENT,not-needed,SILENT,not-needed,not-needed,not-needed,not-needed,
COREQ-1698,core,V02,V02-04,standard,Skyrim.esm:1093CF,DA16SkullHandler,Skyrim.esm,ok,SEMANTIC-SILENT,not-needed,SILENT,not-needed,not-needed,not-needed,not-needed,
COREQ-1699,core,V02,V02-04,standard,Skyrim.esm:1093E4,TGTQ01Handler,Skyrim.esm,ok,SEMANTIC-SILENT,not-needed,SILENT,not-needed,not-needed,not-needed,not-needed,
COREQ-1700,core,V02,V02-04,standard,Skyrim.esm:109AAA,CompanionsRadiantMiscObjective,Skyrim.esm,ok,SEMANTIC-SILENT,not-needed,SILENT,not-needed,not-needed,not-needed,not-needed,
COREQ-1701,core,V02,V02-04,standard,Skyrim.esm:10AA5E,CreatureDialogueChicken,Skyrim.esm,ok,STRUCTURAL-SILENT,not-needed,SILENT,not-needed,not-needed,not-needed,not-needed,
COREQ-1702,core,V02,V02-04,standard,Skyrim.esm:10B0E0,TGNightingalePowerHandler,Skyrim.esm,ok,SEMANTIC-SILENT,not-needed,SILENT,not-needed,not-needed,not-needed,not-needed,
COREQ-1703,core,V02,V02-04,standard,Skyrim.esm:10B10F,CR12PostQuest,Skyrim.esm,ok,SEMANTIC-SILENT,not-needed,SILENT,not-needed,not-needed,not-needed,not-needed,
COREQ-1704,core,V02,V02-04,standard,Skyrim.esm:10BF8E,WERoad12,Skyrim.esm,ok,SEMANTIC-SILENT,not-needed,SILENT,not-needed,not-needed,not-needed,not-needed,
COREQ-1705,core,V02,V02-04,standard,Skyrim.esm:10C045,MQHighHrothgarTraining1,Skyrim.esm,ok,SEMANTIC-SILENT,not-needed,SILENT,not-needed,not-needed,not-needed,not-needed,
COREQ-1706,core,V02,V02-04,standard,Skyrim.esm:10C052,MQHighHrothgarTraining2,Skyrim.esm,ok,SEMANTIC-SILENT,not-needed,SILENT,not-needed,not-needed,not-needed,not-needed,
COREQ-1707,core,V02,V02-04,standard,Skyrim.esm:10C055,MQHighHrothgarTraining3,Skyrim.esm,ok,SEMANTIC-SILENT,not-needed,SILENT,not-needed,not-needed,not-needed,not-needed,
COREQ-1708,core,V02,V02-04,standard,Skyrim.esm:10D3BB,MS10MiscObjPointer,Skyrim.esm,ok,SEMANTIC-SILENT,not-needed,SILENT,not-needed,not-needed,not-needed,not-needed,
COREQ-1709,core,V02,V02-04,standard,Skyrim.esm:10D9F1,MQVoiceoftheSkyMonitor,Skyrim.esm,ok,SEMANTIC-SILENT,not-needed,SILENT,not-needed,not-needed,not-needed,not-needed,
COREQ-1710,core,V02,V02-04,standard,Skyrim.esm:10D9F4,JailQuest,Skyrim.esm,ok,SEMANTIC-SILENT,not-needed,SILENT,not-needed,not-needed,not-needed,not-needed,
COREQ-1711,core,V02,V02-04,standard,Skyrim.esm:10DCD8,EscapeJailQuest,Skyrim.esm,ok,SEMANTIC-SILENT,not-needed,SILENT,not-needed,not-needed,not-needed,not-needed,
COREQ-1712,core,V02,V02-04,standard,Skyrim.esm:10E3E9,TGJarl,Skyrim.esm,ok,SEMANTIC-SILENT,not-needed,SILENT,not-needed,not-needed,not-needed,not-needed,
COREQ-1713,core,V02,V02-04,standard,Skyrim.esm:10EC61,MQGreybeardCall,Skyrim.esm,ok,SEMANTIC-SILENT,not-needed,SILENT,not-needed,not-needed,not-needed,not-needed,
COREQ-1714,core,V02,V02-04,standard,Skyrim.esm:10F4AC,MGScrollSwap,Skyrim.esm,ok,SEMANTIC-SILENT,not-needed,SILENT,not-needed,not-needed,not-needed,not-needed,
COREQ-1715,core,V02,V02-04,standard,Skyrim.esm:10F676,CreatureDialogueFox,Skyrim.esm,ok,STRUCTURAL-SILENT,not-needed,SILENT,not-needed,not-needed,not-needed,not-needed,
COREQ-1716,core,V02,V02-04,standard,Skyrim.esm:10FAEC,DA08EbonyBladeTracking,Skyrim.esm,ok,STRUCTURAL-SILENT,not-needed,SILENT,not-needed,not-needed,not-needed,not-needed,
COREQ-1717,core,V02,V02-04,standard,Skyrim.esm:10FAEE,DA08FriendKill,Skyrim.esm,ok,SEMANTIC-SILENT,not-needed,SILENT,not-needed,not-needed,not-needed,not-needed,
COREQ-1718,core,V02,V02-04,standard,Skyrim.esm:10FBF5,C00PlayerTheftPoke,Skyrim.esm,ok,STRUCTURAL-SILENT,not-needed,SILENT,not-needed,not-needed,not-needed,not-needed,
COREQ-1719,core,V02,V02-04,standard,Skyrim.esm:10FDD5,CWReservations,Skyrim.esm,ok,STRUCTURAL-SILENT,not-needed,SILENT,not-needed,not-needed,not-needed,not-needed,
COREQ-1720,core,V02,V02-04,standard,Skyrim.esm:10FE25,CRTwinsPostQuest,Skyrim.esm,ok,SEMANTIC-SILENT,not-needed,SILENT,not-needed,not-needed,not-needed,not-needed,
COREQ-1721,core,V02,V02-04,standard,Skyrim.esm:10FF8F,DA15Return,Skyrim.esm,ok,SEMANTIC-SILENT,not-needed,SILENT,not-needed,not-needed,not-needed,not-needed,
COREQ-1722,core,V03A,V03A-01,standard,HearthFires.esm:0008A8,BYOHHouseBanditAttack2,HearthFires.esm,ok,APPROVED,ok,APPROVED,ok,ok,ok,ok,direct_mcp_review=ok; owner-approved; post_promotion_direct_readback=ok; canonical_source=HearthFires.esm; formkey=0008A8:HearthFires.esm; stages=60|70|100; route=60:Fragment_34|70:Fragment_30|100:Fragment_24; tier_bc_runtime_verify=not-needed; crossgen=ok; promotion=ok; compile=ok.
COREQ-1723,core,V03A,V03A-01,standard,HearthFires.esm:0008C3,BYOHHouseBanditPacifier,HearthFires.esm,ok,STRUCTURAL-SILENT,not-needed,SILENT,not-needed,not-needed,not-needed,not-needed,direct_mcp_review=ok; Structural/dialogue/monitor/handler/control record; no discrete player-act row.
COREQ-1724,core,V03A,V03A-01,standard,HearthFires.esm:000C39,BYOHHouseWolfAttack,HearthFires.esm,ok,AMBIGUOUS,ok,UNREVIEWED,inert,-,-,-,"direct_mcp_review=ok; s10 fires on the first wolf alias death, not completion of the whole attack, and does not prove player attribution."
COREQ-1725,core,V03A,V03A-01,standard,HearthFires.esm:000C3E,BYOHHouseGiantAttack,HearthFires.esm,ok,AMBIGUOUS,ok,UNREVIEWED,inert,-,-,-,direct_mcp_review=ok; s10 fires on giant death but the alias route does not prove the player delivered the kill.
COREQ-1726,core,V03A,V03A-01,standard,HearthFires.esm:000DDB,CCHouseQuest,HearthFires.esm,ok,STRUCTURAL-SILENT,not-needed,SILENT,not-needed,not-needed,not-needed,not-needed,direct_mcp_review=ok; Structural/dialogue/monitor/handler/control record; no discrete player-act row.
COREQ-1727,core,V03A,V03A-01,standard,HearthFires.esm:00305D,BYOHHouseBuilding,HearthFires.esm,ok,APPROVED,ok,APPROVED,ok,ok,ok,ok,direct_mcp_review=ok; owner-approved; post_promotion_direct_readback=ok; canonical_source=HearthFires.esm; formkey=00305D:HearthFires.esm; stages=150; route=150:Fragment_6; tier_bc_runtime_verify=ok(1/1); crossgen=ok; promotion=ok; compile=ok.
COREQ-1728,core,V03A,V03A-01,standard,HearthFires.esm:00305E,BYOHHouseFalkreath,HearthFires.esm,ok,APPROVED,ok,APPROVED,ok,ok,ok,ok,direct_mcp_review=ok; owner-approved; post_promotion_direct_readback=ok; canonical_source=HearthFires.esm; formkey=00305E:HearthFires.esm; stages=130; route=130:Fragment_21; tier_bc_runtime_verify=not-needed; crossgen=ok; promotion=ok; compile=ok.
COREQ-1729,core,V03A,V03A-01,standard,HearthFires.esm:00308B,BYOHHouseStewardOffer,HearthFires.esm,ok,STRUCTURAL-SILENT,not-needed,SILENT,not-needed,not-needed,not-needed,not-needed,direct_mcp_review=ok; Structural/dialogue/monitor/handler/control record; no discrete player-act row.
COREQ-1730,core,V03A,V03A-01,standard,HearthFires.esm:003F6E,BYOHRelationshipAdoptionNewAdoptionHandler,HearthFires.esm,ok,STRUCTURAL-SILENT,not-needed,SILENT,not-needed,not-needed,not-needed,not-needed,direct_mcp_review=ok; Structural/dialogue/monitor/handler/control record; no discrete player-act row.
COREQ-1731,core,V03A,V03A-01,standard,HearthFires.esm:003F7B,BYOHRelationshipAdoptableStewardCourier,HearthFires.esm,ok,STRUCTURAL-SILENT,not-needed,SILENT,not-needed,not-needed,not-needed,not-needed,direct_mcp_review=ok; Structural/dialogue/monitor/handler/control record; no discrete player-act row.
COREQ-1732,core,V03A,V03A-01,standard,HearthFires.esm:003F7E,BYOHRelationshipAdoptionCWSiegeHandler,HearthFires.esm,ok,STRUCTURAL-SILENT,not-needed,SILENT,not-needed,not-needed,not-needed,not-needed,direct_mcp_review=ok; Structural/dialogue/monitor/handler/control record; no discrete player-act row.
COREQ-1733,core,V03A,V03A-01,standard,HearthFires.esm:00401C,BYOHRelationshipAdoptionScheduler,HearthFires.esm,ok,STRUCTURAL-SILENT,not-needed,SILENT,not-needed,not-needed,not-needed,not-needed,direct_mcp_review=ok; Structural/dialogue/monitor/handler/control record; no discrete player-act row.
COREQ-1734,core,V03A,V03A-01,standard,HearthFires.esm:004100,BYOHRelationshipAdoptableUrchins,HearthFires.esm,ok,STRUCTURAL-SILENT,not-needed,SILENT,not-needed,not-needed,not-needed,not-needed,direct_mcp_review=ok; Structural/dialogue/monitor/handler/control record; no discrete player-act row.
COREQ-1735,core,V03A,V03A-01,existing-core-row,HearthFires.esm:004286,BYOHRelationshipAdoptableOrphanage,HearthFires.esm,ok,APPROVED,not-needed,APPROVED,not-needed,not-needed,ok,ok,direct_mcp_review=ok; existing core matrix ownership reconfirmed; no duplicate V03A tagged row.
COREQ-1736,core,V03A,V03A-01,standard,HearthFires.esm:004291,BYOHRelationshipAdoptable,HearthFires.esm,ok,SEMANTIC-SILENT,not-needed,SILENT,not-needed,not-needed,not-needed,not-needed,"direct_mcp_review=ok; Narrative or encounter record has no safe, distinct, devotion-relevant player-act stage in this canonical occurrence."
COREQ-1737,core,V03A,V03A-01,existing-core-row,HearthFires.esm:0042B4,BYOHRelationshipAdoption,HearthFires.esm,ok,APPROVED,not-needed,APPROVED,not-needed,not-needed,ok,ok,direct_mcp_review=ok; existing core matrix ownership reconfirmed; no duplicate V03A tagged row.
COREQ-1738,core,V03A,V03A-01,standard,HearthFires.esm:005207,BYOHHouseBanditAttack,HearthFires.esm,ok,AMBIGUOUS,ok,UNREVIEWED,inert,-,-,-,"direct_mcp_review=ok; All-bandits-dead s100 is route-safe, but alias death stages do not prove the player delivered the kills; owner attribution ruling required."
COREQ-1739,core,V03A,V03A-01,standard,HearthFires.esm:00BE09,BYOHHouseHjaalmarch,HearthFires.esm,ok,APPROVED,ok,APPROVED,ok,ok,ok,ok,direct_mcp_review=ok; owner-approved; post_promotion_direct_readback=ok; canonical_source=HearthFires.esm; formkey=00BE09:HearthFires.esm; stages=130; route=130:Fragment_21; tier_bc_runtime_verify=not-needed; crossgen=ok; promotion=ok; compile=ok.
COREQ-1740,core,V03A,V03A-01,standard,HearthFires.esm:00E29A,BYOHRelationshipAdoptableOrphanageCL,HearthFires.esm,ok,STRUCTURAL-SILENT,not-needed,SILENT,not-needed,not-needed,not-needed,not-needed,direct_mcp_review=ok; Structural/dialogue/monitor/handler/control record; no discrete player-act row.
COREQ-1741,core,V03A,V03A-01,standard,HearthFires.esm:010A44,BYOHHouseSkeeverInfestation,HearthFires.esm,ok,AMBIGUOUS,ok,UNREVIEWED,inert,-,-,-,direct_mcp_review=ok; s20 fires on any infestation skeever death then routes to cleanup; it neither proves all pests cleared nor player attribution.
COREQ-1742,core,V03A,V03A-01,standard,HearthFires.esm:010BEE,BYOHHousePale,HearthFires.esm,ok,APPROVED,ok,APPROVED,ok,ok,ok,ok,direct_mcp_review=ok; owner-approved; post_promotion_direct_readback=ok; canonical_source=HearthFires.esm; formkey=010BEE:HearthFires.esm; stages=130; route=130:Fragment_21; tier_bc_runtime_verify=not-needed; crossgen=ok; promotion=ok; compile=ok.
COREQ-1743,core,V03A,V03A-01,standard,HearthFires.esm:015D5A,BYOHHouseDialogueHousecarl,HearthFires.esm,ok,STRUCTURAL-SILENT,not-needed,SILENT,not-needed,not-needed,not-needed,not-needed,direct_mcp_review=ok; Structural/dialogue/monitor/handler/control record; no discrete player-act row.
COREQ-1744,core,V03A,V03A-01,standard,Skyrim.esm:013EB3,DialogueGeneric,Update.esm,ok,STRUCTURAL-SILENT,not-needed,SILENT,not-needed,not-needed,not-needed,not-needed,direct_mcp_review=ok; Structural/dialogue/monitor/handler/control record; no discrete player-act row.
COREQ-1745,core,V03A,V03A-01,standard,Skyrim.esm:0167D3,WICastMagic03,Update.esm,ok,SEMANTIC-SILENT,not-needed,SILENT,not-needed,not-needed,not-needed,not-needed,"direct_mcp_review=ok; Narrative or encounter record has no safe, distinct, devotion-relevant player-act stage in this canonical occurrence."
COREQ-1746,core,V03A,V03A-01,standard,Skyrim.esm:017F01,DialogueCarriageSystem,HearthFires.esm,ok,STRUCTURAL-SILENT,not-needed,SILENT,not-needed,not-needed,not-needed,not-needed,direct_mcp_review=ok; Structural/dialogue/monitor/handler/control record; no discrete player-act row.
COREQ-1747,core,V03A,V03A-01,standard,Skyrim.esm:018965,WIRemoveItem02,HearthFires.esm,ok,SEMANTIC-SILENT,not-needed,SILENT,not-needed,not-needed,not-needed,not-needed,"direct_mcp_review=ok; Narrative or encounter record has no safe, distinct, devotion-relevant player-act stage in this canonical occurrence."
COREQ-1748,core,V03A,V03A-01,standard,Skyrim.esm:01BFF2,WIKill03,Update.esm,ok,SEMANTIC-SILENT,not-needed,SILENT,not-needed,not-needed,not-needed,not-needed,"direct_mcp_review=ok; Narrative or encounter record has no safe, distinct, devotion-relevant player-act stage in this canonical occurrence."
COREQ-1749,core,V03A,V03A-01,existing-core-row,Skyrim.esm:01CEF6,C06,Update.esm,ok,APPROVED,not-needed,APPROVED,not-needed,not-needed,ok,ok,direct_mcp_review=ok; existing core matrix ownership reconfirmed; no duplicate V03A tagged row.
COREQ-1750,core,V03A,V03A-01,standard,Skyrim.esm:01CF25,MS08,Update.esm,ok,APPROVED,not-needed,APPROVED,not-needed,not-needed,ok,ok,direct_mcp_review=ok; existing core matrix ownership reconfirmed; no duplicate V03A tagged row.
COREQ-1751,core,V03A,V03A-01,existing-core-row,Skyrim.esm:01F326,TG01,Update.esm,ok,APPROVED,not-needed,APPROVED,not-needed,not-needed,ok,ok,direct_mcp_review=ok; existing core matrix ownership reconfirmed; no duplicate V03A tagged row.
COREQ-1752,core,V03A,V03A-01,standard,Skyrim.esm:01F7A3,MS11,Update.esm,ok,APPROVED,not-needed,APPROVED,not-needed,not-needed,ok,ok,direct_mcp_review=ok; existing core matrix ownership reconfirmed; no duplicate V03A tagged row.
COREQ-1753,core,V03A,V03A-01,standard,Skyrim.esm:0210CD,MS01GuardAmbushQuest,Update.esm,ok,SEMANTIC-SILENT,not-needed,SILENT,not-needed,not-needed,not-needed,not-needed,"direct_mcp_review=ok; Narrative or encounter record has no safe, distinct, devotion-relevant player-act stage in this canonical occurrence."
COREQ-1754,core,V03A,V03A-01,standard,Skyrim.esm:021382,RelationshipMarriageFIN,HearthFires.esm,ok,SEMANTIC-SILENT,ok,SILENT,not-needed,not-needed,not-needed,not-needed,"direct_mcp_review=ok; Narrative or encounter record has no safe, distinct, devotion-relevant player-act stage in this canonical occurrence."
COREQ-1755,core,V03A,V03A-01,existing-core-row,Skyrim.esm:02154F,TG03,Update.esm,ok,APPROVED,not-needed,APPROVED,not-needed,not-needed,ok,ok,direct_mcp_review=ok; existing core matrix ownership reconfirmed; no duplicate V03A tagged row.
COREQ-1756,core,V03A,V03A-01,existing-core-row,Skyrim.esm:021552,TG06,Update.esm,ok,APPROVED,not-needed,APPROVED,not-needed,not-needed,ok,ok,direct_mcp_review=ok; existing core matrix ownership reconfirmed; no duplicate V03A tagged row.
COREQ-1757,core,V03A,V03A-01,existing-core-row,Skyrim.esm:0240B8,DA07,Update.esm,ok,APPROVED,not-needed,APPROVED,not-needed,not-needed,ok,ok,direct_mcp_review=ok; existing core matrix ownership reconfirmed; no duplicate V03A tagged row.
COREQ-1758,core,V03A,V03A-01,standard,Skyrim.esm:02499C,MS12b,Update.esm,ok,APPROVED,not-needed,APPROVED,not-needed,not-needed,ok,ok,direct_mcp_review=ok; existing core matrix ownership reconfirmed; no duplicate V03A tagged row.
COREQ-1759,core,V03A,V03A-01,standard,Skyrim.esm:025231,CR04,Update.esm,ok,APPROVED,ok,APPROVED,ok,ok,ok,ok,direct_mcp_review=ok; owner-approved; post_promotion_direct_readback=ok; canonical_source=Update.esm; formkey=025231:Skyrim.esm; stages=20; route=20:Fragment_4; tier_bc_runtime_verify=not-needed; crossgen=ok; promotion=ok; compile=ok.
COREQ-1760,core,V03A,V03A-01,standard,Skyrim.esm:025250,CR07,Update.esm,ok,APPROVED,ok,APPROVED,ok,ok,ok,ok,direct_mcp_review=ok; owner-approved; post_promotion_direct_readback=ok; canonical_source=Update.esm; formkey=025250:Skyrim.esm; stages=20; route=20:Fragment_2; tier_bc_runtime_verify=not-needed; crossgen=ok; promotion=ok; compile=ok.
COREQ-1761,core,V03A,V03A-01,standard,Skyrim.esm:025251,CR08,Update.esm,ok,APPROVED,ok,APPROVED,ok,ok,ok,ok,direct_mcp_review=ok; owner-approved; post_promotion_direct_readback=ok; canonical_source=Update.esm; formkey=025251:Skyrim.esm; stages=25; route=25:Fragment_10; tier_bc_runtime_verify=not-needed; crossgen=ok; promotion=ok; compile=ok.
COREQ-1762,core,V03A,V03A-01,standard,Skyrim.esm:028A24,MGR20,Update.esm,ok,APPROVED,ok,APPROVED,ok,ok,ok,ok,direct_mcp_review=ok; owner-approved; post_promotion_direct_readback=ok; canonical_source=Update.esm; formkey=028A24:Skyrim.esm; stages=200; route=200:Fragment_4; tier_bc_runtime_verify=ok(1/1); crossgen=ok; promotion=ok; compile=ok.
COREQ-1763,core,V03A,V03A-01,existing-core-row,Skyrim.esm:02A49A,DA05,Update.esm,ok,APPROVED,not-needed,APPROVED,not-needed,not-needed,ok,ok,direct_mcp_review=ok; existing core matrix ownership reconfirmed; no duplicate V03A tagged row.
COREQ-1764,core,V03A,V03A-01,standard,Skyrim.esm:02E0EE,DialogueMorthal,HearthFires.esm,ok,STRUCTURAL-SILENT,not-needed,SILENT,not-needed,not-needed,not-needed,not-needed,direct_mcp_review=ok; Structural/dialogue/monitor/handler/control record; no discrete player-act row.
COREQ-1765,core,V03A,V03A-01,standard,Skyrim.esm:035B5A,WIAddItem03,Update.esm,ok,SEMANTIC-SILENT,not-needed,SILENT,not-needed,not-needed,not-needed,not-needed,"direct_mcp_review=ok; Narrative or encounter record has no safe, distinct, devotion-relevant player-act stage in this canonical occurrence."
COREQ-1766,core,V03A,V03A-01,existing-core-row,Skyrim.esm:035D5F,MQ201,Update.esm,ok,APPROVED,not-needed,APPROVED,not-needed,not-needed,ok,ok,direct_mcp_review=ok; existing core matrix ownership reconfirmed; no duplicate V03A tagged row.
COREQ-1767,core,V03A,V03A-01,standard,Skyrim.esm:035D64,WI,Update.esm,ok,STRUCTURAL-SILENT,not-needed,SILENT,not-needed,not-needed,not-needed,not-needed,direct_mcp_review=ok; Structural/dialogue/monitor/handler/control record; no discrete player-act row.
COREQ-1768,core,V03A,V03A-01,existing-core-row,Skyrim.esm:036191,MQ202,Update.esm,ok,APPROVED,not-needed,APPROVED,not-needed,not-needed,ok,ok,direct_mcp_review=ok; existing core matrix ownership reconfirmed; no duplicate V03A tagged row.
COREQ-1769,core,V03A,V03A-01,standard,Skyrim.esm:039C88,DialogueRoriksteadBritteSisselScene1,HearthFires.esm,ok,STRUCTURAL-SILENT,not-needed,SILENT,not-needed,not-needed,not-needed,not-needed,direct_mcp_review=ok; Structural/dialogue/monitor/handler/control record; no discrete player-act row.
COREQ-1770,core,V03A,V03A-01,standard,Skyrim.esm:03CF44,TGDialogue,Update.esm,ok,STRUCTURAL-SILENT,not-needed,SILENT,not-needed,not-needed,not-needed,not-needed,direct_mcp_review=ok; Structural/dialogue/monitor/handler/control record; no discrete player-act row.
COREQ-1771,core,V03A,V03A-01,existing-core-row,Skyrim.esm:040A5E,MS02,Update.esm,ok,APPROVED,not-needed,APPROVED,not-needed,not-needed,ok,ok,direct_mcp_review=ok; existing core matrix ownership reconfirmed; no duplicate V03A tagged row.
COREQ-1772,core,V03A,V03A-01,existing-core-row,Skyrim.esm:044C56,MQ301,Update.esm,ok,APPROVED,not-needed,APPROVED,not-needed,not-needed,ok,ok,direct_mcp_review=ok; existing core matrix ownership reconfirmed; no duplicate V03A tagged row.
COREQ-1773,core,V03A,V03A-01,existing-core-row,Skyrim.esm:046EF1,MQ304,Update.esm,ok,APPROVED,not-needed,APPROVED,not-needed,not-needed,ok,ok,direct_mcp_review=ok; existing core matrix ownership reconfirmed; no duplicate V03A tagged row.
COREQ-1774,core,V03A,V03A-01,standard,Skyrim.esm:047420,DialogueGenericCommanded,Update.esm,ok,STRUCTURAL-SILENT,not-needed,SILENT,not-needed,not-needed,not-needed,not-needed,direct_mcp_review=ok; Structural/dialogue/monitor/handler/control record; no discrete player-act row.
COREQ-1775,core,V03A,V03A-01,existing-core-row,Skyrim.esm:04B2D9,C00,Update.esm,ok,APPROVED,not-needed,APPROVED,not-needed,not-needed,ok,ok,direct_mcp_review=ok; existing core matrix ownership reconfirmed; no duplicate V03A tagged row.
COREQ-1776,core,V03A,V03A-01,standard,Skyrim.esm:04B869,WIGamesHideAndSeek,HearthFires.esm,ok,SEMANTIC-SILENT,not-needed,SILENT,not-needed,not-needed,not-needed,not-needed,"direct_mcp_review=ok; Narrative or encounter record has no safe, distinct, devotion-relevant player-act stage in this canonical occurrence."
COREQ-1777,core,V03A,V03A-01,standard,Skyrim.esm:04BCF1,WIChangeLocation08,HearthFires.esm,ok,STRUCTURAL-SILENT,not-needed,SILENT,not-needed,not-needed,not-needed,not-needed,direct_mcp_review=ok; Structural/dialogue/monitor/handler/control record; no discrete player-act row.
COREQ-1778,core,V03A,V03A-01,standard,Skyrim.esm:04C6C2,TGLarceny,Update.esm,ok,APPROVED,ok,APPROVED,ok,ok,ok,ok,direct_mcp_review=ok; owner-approved; post_promotion_direct_readback=ok; canonical_source=Update.esm; formkey=04C6C2:Skyrim.esm; stages=25|35|45|55|65|75|85; route=25:Fragment_44|35:Fragment_45|45:Fragment_46|55:Fragment_47|65:Fragment_48|75:Fragment_49|85:Fragment_50; tier_bc_runtime_verify=ok(7/7); crossgen=ok; promotion=ok; compile=ok.
COREQ-1779,core,V03A,V03A-01,existing-core-row,Skyrim.esm:04D8D6,DA02,Update.esm,ok,APPROVED,not-needed,APPROVED,not-needed,not-needed,ok,ok,direct_mcp_review=ok; existing core matrix ownership reconfirmed; no duplicate V03A tagged row.
COREQ-1780,core,V03A,V03A-01,existing-core-row,Skyrim.esm:04E4E1,DA09,Update.esm,ok,APPROVED,not-needed,APPROVED,not-needed,not-needed,ok,ok,direct_mcp_review=ok; existing core matrix ownership reconfirmed; no duplicate V03A tagged row.
COREQ-1781,core,V03A,V03A-01,standard,Skyrim.esm:04EEF5,WIKill06,Update.esm,ok,SEMANTIC-SILENT,not-needed,SILENT,not-needed,not-needed,not-needed,not-needed,"direct_mcp_review=ok; Narrative or encounter record has no safe, distinct, devotion-relevant player-act stage in this canonical occurrence."
COREQ-1782,core,V03A,V03A-01,standard,Skyrim.esm:052B90,DialogueDragonBridgeScene01,HearthFires.esm,ok,STRUCTURAL-SILENT,not-needed,SILENT,not-needed,not-needed,not-needed,not-needed,direct_mcp_review=ok; Structural/dialogue/monitor/handler/control record; no discrete player-act row.
COREQ-1783,core,V03A,V03A-01,standard,Skyrim.esm:06A097,MGRArniel03,Update.esm,ok,APPROVED,ok,APPROVED,ok,ok,ok,ok,direct_mcp_review=ok; owner-approved; post_promotion_direct_readback=ok; canonical_source=Update.esm; formkey=06A097:Skyrim.esm; stages=200; route=200:Fragment_8; tier_bc_runtime_verify=not-needed; crossgen=ok; promotion=ok; compile=ok.
COREQ-1784,core,V03A,V03A-01,standard,Skyrim.esm:06BC33,MGRAppOnmund01,Update.esm,ok,APPROVED,ok,APPROVED,ok,ok,ok,ok,direct_mcp_review=ok; owner-approved; post_promotion_direct_readback=ok; canonical_source=Update.esm; formkey=06BC33:Skyrim.esm; stages=200; route=200:Fragment_1; tier_bc_runtime_verify=not-needed; crossgen=ok; promotion=ok; compile=ok.
COREQ-1785,core,V03A,V03A-01,existing-core-row,Skyrim.esm:06E803,C01,Update.esm,ok,APPROVED,not-needed,APPROVED,not-needed,not-needed,ok,ok,direct_mcp_review=ok; existing core matrix ownership reconfirmed; no duplicate V03A tagged row.
COREQ-1786,core,V03A,V03A-01,existing-core-row,Skyrim.esm:06E804,C02,Update.esm,ok,APPROVED,not-needed,APPROVED,not-needed,not-needed,ok,ok,direct_mcp_review=ok; existing core matrix ownership reconfirmed; no duplicate V03A tagged row.
COREQ-1787,core,V03A,V03A-01,existing-core-row,Skyrim.esm:06E805,C05,Update.esm,ok,APPROVED,not-needed,APPROVED,not-needed,not-needed,ok,ok,direct_mcp_review=ok; existing core matrix ownership reconfirmed; no duplicate V03A tagged row.
COREQ-1788,core,V03A,V03A-01,standard,Skyrim.esm:0750BA,DialogueFollower,Update.esm,ok,STRUCTURAL-SILENT,not-needed,SILENT,not-needed,not-needed,not-needed,not-needed,direct_mcp_review=ok; Structural/dialogue/monitor/handler/control record; no discrete player-act row.
COREQ-1789,core,V03A,V03A-01,standard,Skyrim.esm:07EC79,DialogueWhiterunBraithLarsScene1,HearthFires.esm,ok,STRUCTURAL-SILENT,not-needed,SILENT,not-needed,not-needed,not-needed,not-needed,direct_mcp_review=ok; Structural/dialogue/monitor/handler/control record; no discrete player-act row.
COREQ-1790,core,V03A,V03A-01,standard,Skyrim.esm:07EC7B,DialogueWhiterunBraithLarsScene2,HearthFires.esm,ok,STRUCTURAL-SILENT,not-needed,SILENT,not-needed,not-needed,not-needed,not-needed,direct_mcp_review=ok; Structural/dialogue/monitor/handler/control record; no discrete player-act row.
COREQ-1791,core,V03A,V03A-01,standard,Skyrim.esm:07EC7D,DialogueWhiterunBraithLarsScene3,HearthFires.esm,ok,STRUCTURAL-SILENT,not-needed,SILENT,not-needed,not-needed,not-needed,not-needed,direct_mcp_review=ok; Structural/dialogue/monitor/handler/control record; no discrete player-act row.
COREQ-1792,core,V03A,V03A-01,standard,Skyrim.esm:0880EB,CompanionsSingleCombatQuest,Update.esm,ok,APPROVED,ok,APPROVED,ok,ok,ok,ok,direct_mcp_review=ok; owner-approved; post_promotion_direct_readback=ok; canonical_source=Update.esm; formkey=0880EB:Skyrim.esm; stages=150; route=150:Fragment_2; alias=CompanionsSingleCombatantScript player-caster hook; tier_bc_runtime_verify=ok(1/1); crossgen=ok; promotion=ok; compile=ok.
COREQ-1793,core,V03A,V03A-01,standard,Skyrim.esm:0940D0,Favor158,Update.esm,ok,APPROVED,ok,APPROVED,ok,ok,ok,ok,direct_mcp_review=ok; owner-approved; post_promotion_direct_readback=ok; canonical_source=Update.esm; formkey=0940D0:Skyrim.esm; stages=20; route=20:Fragment_1; tier_bc_runtime_verify=ok(1/1); crossgen=ok; promotion=ok; compile=ok.
COREQ-1794,core,V03A,V03A-01,standard,Skyrim.esm:0954E1,CWSiege,Update.esm,ok,STRUCTURAL-SILENT,not-needed,SILENT,not-needed,not-needed,not-needed,not-needed,direct_mcp_review=ok; Structural/dialogue/monitor/handler/control record; no discrete player-act row.
COREQ-1795,core,V03A,V03A-01,standard,Skyrim.esm:09B04D,RoriksteadSceneBritteSissel3,HearthFires.esm,ok,STRUCTURAL-SILENT,not-needed,SILENT,not-needed,not-needed,not-needed,not-needed,direct_mcp_review=ok; Structural/dialogue/monitor/handler/control record; no discrete player-act row.
COREQ-1796,core,V03A,V03A-01,standard,Skyrim.esm:0A17AE,WE100,Update.esm,ok,SEMANTIC-SILENT,not-needed,SILENT,not-needed,not-needed,not-needed,not-needed,"direct_mcp_review=ok; Narrative or encounter record has no safe, distinct, devotion-relevant player-act stage in this canonical occurrence."
COREQ-1797,core,V03A,V03A-01,standard,Skyrim.esm:0A34CE,Favor255,HearthFires.esm,ok,APPROVED,ok,APPROVED,ok,ok,ok,ok,direct_mcp_review=ok; owner-approved; post_promotion_direct_readback=ok; canonical_source=HearthFires.esm; formkey=0A34CE:Skyrim.esm; stages=25; route=25:Fragment_12; tier_bc_runtime_verify=not-needed; crossgen=ok; promotion=ok; compile=ok. Zero-candidate civic_service outcome intentionally emits no reaction cells because no deity profile currently consumes that canonical tag.
COREQ-1798,core,V03A,V03A-01,standard,Skyrim.esm:0A34D4,Favor256,HearthFires.esm,ok,APPROVED,ok,APPROVED,ok,ok,ok,ok,direct_mcp_review=ok; owner-approved; post_promotion_direct_readback=ok; canonical_source=HearthFires.esm; formkey=0A34D4:Skyrim.esm; stages=25; route=25:Fragment_12; tier_bc_runtime_verify=not-needed; crossgen=ok; promotion=ok; compile=ok. Zero-candidate civic_service outcome intentionally emits no reaction cells because no deity profile currently consumes that canonical tag.
COREQ-1799,core,V03A,V03A-01,standard,Skyrim.esm:0A34DE,Favor258,HearthFires.esm,ok,APPROVED,ok,APPROVED,ok,ok,ok,ok,direct_mcp_review=ok; owner-approved; post_promotion_direct_readback=ok; canonical_source=HearthFires.esm; formkey=0A34DE:Skyrim.esm; stages=25; route=25:Fragment_12; tier_bc_runtime_verify=not-needed; crossgen=ok; promotion=ok; compile=ok. Zero-candidate civic_service outcome intentionally emits no reaction cells because no deity profile currently consumes that canonical tag.
COREQ-1800,core,V03A,V03A-01,standard,Skyrim.esm:0A3EF9,C02PostQuest,Update.esm,ok,STRUCTURAL-SILENT,not-needed,SILENT,not-needed,not-needed,not-needed,not-needed,direct_mcp_review=ok; Structural/dialogue/monitor/handler/control record; no discrete player-act row.
COREQ-1801,core,V03A,V03A-01,standard,Skyrim.esm:0A7B33,HousePurchase,HearthFires.esm,ok,APPROVED,ok,APPROVED,ok,ok,ok,ok,direct_mcp_review=ok; owner-approved; post_promotion_direct_readback=ok; canonical_source=HearthFires.esm; formkey=0A7B33:Skyrim.esm; stages=10; route=10:Fragment_0|10:Fragment_5|10:Fragment_3|10:Fragment_6|10:Fragment_7; tier_bc_runtime_verify=ok(1/1); crossgen=ok; promotion=ok; compile=ok.
COREQ-1802,core,V03A,V03A-01,standard,Skyrim.esm:0AE004,WIGamesTag,HearthFires.esm,ok,SEMANTIC-SILENT,not-needed,SILENT,not-needed,not-needed,not-needed,not-needed,"direct_mcp_review=ok; Narrative or encounter record has no safe, distinct, devotion-relevant player-act stage in this canonical occurrence."
COREQ-1803,core,V03A,V03A-01,standard,Skyrim.esm:0AF269,MS11PreEssentializing,Update.esm,ok,STRUCTURAL-SILENT,not-needed,SILENT,not-needed,not-needed,not-needed,not-needed,direct_mcp_review=ok; Structural/dialogue/monitor/handler/control record; no discrete player-act row.
COREQ-1804,core,V03A,V03A-01,standard,Skyrim.esm:0B8774,DialogueCombatEncounterTypes,Update.esm,ok,STRUCTURAL-SILENT,not-needed,SILENT,not-needed,not-needed,not-needed,not-needed,direct_mcp_review=ok; Structural/dialogue/monitor/handler/control record; no discrete player-act row.
COREQ-1805,core,V03A,V03A-01,standard,Skyrim.esm:0B91C1,WEDL06,Update.esm,ok,SEMANTIC-SILENT,not-needed,SILENT,not-needed,not-needed,not-needed,not-needed,"direct_mcp_review=ok; Narrative or encounter record has no safe, distinct, devotion-relevant player-act stage in this canonical occurrence."
COREQ-1806,core,V03A,V03A-01,standard,Skyrim.esm:0BA0BC,WE34,Update.esm,ok,SEMANTIC-SILENT,not-needed,SILENT,not-needed,not-needed,not-needed,not-needed,"direct_mcp_review=ok; Narrative or encounter record has no safe, distinct, devotion-relevant player-act stage in this canonical occurrence."
COREQ-1807,core,V03A,V03A-01,standard,Skyrim.esm:0BC09D,WE36,Update.esm,ok,SEMANTIC-SILENT,not-needed,SILENT,not-needed,not-needed,not-needed,not-needed,"direct_mcp_review=ok; Narrative or encounter record has no safe, distinct, devotion-relevant player-act stage in this canonical occurrence."
COREQ-1808,core,V03A,V03A-01,standard,Skyrim.esm:0D8828,TGFences,Update.esm,ok,STRUCTURAL-SILENT,not-needed,SILENT,not-needed,not-needed,not-needed,not-needed,direct_mcp_review=ok; Structural/dialogue/monitor/handler/control record; no discrete player-act row.
COREQ-1809,core,V03A,V03A-01,standard,Skyrim.esm:0D8E40,TGFenceCaravan,Update.esm,ok,APPROVED,ok,APPROVED,ok,ok,ok,ok,direct_mcp_review=ok; owner-approved; post_promotion_direct_readback=ok; canonical_source=Update.esm; formkey=0D8E40:Skyrim.esm; stages=200; route=200:Fragment_6; tier_bc_runtime_verify=ok(1/1); crossgen=ok; promotion=ok; compile=ok.
COREQ-1810,core,V03A,V03A-01,standard,Skyrim.esm:0E3145,CR12,Update.esm,ok,APPROVED,not-needed,APPROVED,not-needed,not-needed,ok,ok,direct_mcp_review=ok; existing core matrix ownership reconfirmed; no duplicate V03A tagged row.
COREQ-1811,core,V03A,V03A-01,standard,Skyrim.esm:0E38C7,DialogueSkyHavenTemple,Update.esm,ok,STRUCTURAL-SILENT,not-needed,SILENT,not-needed,not-needed,not-needed,not-needed,direct_mcp_review=ok; Structural/dialogue/monitor/handler/control record; no discrete player-act row.
COREQ-1812,core,V03A,V03A-01,standard,Skyrim.esm:0E738F,dunGeirmundQST,Update.esm,ok,STRUCTURAL-SILENT,not-needed,SILENT,not-needed,not-needed,not-needed,not-needed,direct_mcp_review=ok; Structural/dialogue/monitor/handler/control record; no discrete player-act row.
COREQ-1813,core,V03A,V03A-01,standard,Skyrim.esm:0FC1A2,PlayerSleepQuest,HearthFires.esm,ok,STRUCTURAL-SILENT,not-needed,SILENT,not-needed,not-needed,not-needed,not-needed,direct_mcp_review=ok; Structural/dialogue/monitor/handler/control record; no discrete player-act row.
COREQ-1814,core,V03A,V03A-01,standard,Skyrim.esm:1010AA,MS12PostQuest,Update.esm,ok,STRUCTURAL-SILENT,not-needed,SILENT,not-needed,not-needed,not-needed,not-needed,direct_mcp_review=ok; Structural/dialogue/monitor/handler/control record; no discrete player-act row.
COREQ-1815,core,V03A,V03A-01,standard,Skyrim.esm:105D19,WEJS28,Update.esm,ok,SEMANTIC-SILENT,not-needed,SILENT,not-needed,not-needed,not-needed,not-needed,"direct_mcp_review=ok; Narrative or encounter record has no safe, distinct, devotion-relevant player-act stage in this canonical occurrence."
COREQ-1816,core,V03A,V03A-01,standard,Skyrim.esm:1065F4,weroad08,Update.esm,ok,SEMANTIC-SILENT,not-needed,SILENT,not-needed,not-needed,not-needed,not-needed,"direct_mcp_review=ok; Narrative or encounter record has no safe, distinct, devotion-relevant player-act stage in this canonical occurrence."
COREQ-1817,core,V03A,V03A-01,standard,Update.esm:000803,Patch1_4_UpdateQuest,Update.esm,ok,STRUCTURAL-SILENT,not-needed,SILENT,not-needed,not-needed,not-needed,not-needed,direct_mcp_review=ok; Structural/dialogue/monitor/handler/control record; no discrete player-act row.
COREQ-1818,core,V03A,V03A-01,standard,Update.esm:00083F,Patch1_5_UpdateQuest,Update.esm,ok,STRUCTURAL-SILENT,not-needed,SILENT,not-needed,not-needed,not-needed,not-needed,direct_mcp_review=ok; Structural/dialogue/monitor/handler/control record; no discrete player-act row.
COREQ-1819,core,V03A,V03A-01,standard,Update.esm:00097F,Patch1_6_UpdateQuest,Update.esm,ok,STRUCTURAL-SILENT,not-needed,SILENT,not-needed,not-needed,not-needed,not-needed,direct_mcp_review=ok; Structural/dialogue/monitor/handler/control record; no discrete player-act row.
COREQ-1820,core,V03A,V03A-01,standard,Update.esm:0009A3,Patch1_9_UpdateQuest,Update.esm,ok,STRUCTURAL-SILENT,not-needed,SILENT,not-needed,not-needed,not-needed,not-needed,direct_mcp_review=ok; Structural/dialogue/monitor/handler/control record; no discrete player-act row.
COREQ-1821,core,V03A,V03A-01,standard,Update.esm:002F1C,PetFramework_ParentQuest,HearthFires.esm,ok,STRUCTURAL-SILENT,not-needed,SILENT,not-needed,not-needed,not-needed,not-needed,direct_mcp_review=ok; Structural/dialogue/monitor/handler/control record; no discrete player-act row.
COREQ-1822,core,V03A,V03A-01,standard,Update.esm:0030B5,CCHorseArmorDialogueQuest,Update.esm,ok,STRUCTURAL-SILENT,not-needed,SILENT,not-needed,not-needed,not-needed,not-needed,direct_mcp_review=ok; Structural/dialogue/monitor/handler/control record; no discrete player-act row.
COREQ-1823,core,V03B,V03B-01,existing-core-row,Dawnguard.esm:00284F,DLC1VQ04,Dawnguard.esm,ok,APPROVED,ok,APPROVED,ok,ok,ok,ok,direct_mcp_review=ok; owner_approved=ok; crossgen=ok; promotion=ok; compile=ok; post_readback=ok.
COREQ-1824,core,V03B,V03B-01,existing-core-row,Dawnguard.esm:002850,DLC1VQ05,Dawnguard.esm,ok,APPROVED,not-needed,APPROVED,ok,ok,ok,ok,direct_mcp_review=ok; owner_approved=ok; crossgen=ok; promotion=ok; compile=ok; post_readback=ok.
COREQ-1825,core,V03B,V03B-01,existing-core-row,Dawnguard.esm:002852,DLC1VQ06,Dawnguard.esm,ok,APPROVED,not-needed,APPROVED,ok,ok,ok,ok,direct_mcp_review=ok; owner_approved=ok; crossgen=ok; promotion=ok; compile=ok; post_readback=ok.
COREQ-1826,core,V03B,V03B-01,existing-core-row,Dawnguard.esm:002853,DLC1VQ07,Dawnguard.esm,ok,APPROVED,not-needed,APPROVED,ok,ok,ok,ok,direct_mcp_review=ok; owner_approved=ok; crossgen=ok; promotion=ok; compile=ok; post_readback=ok.
COREQ-1827,core,V03B,V03B-01,standard,Dawnguard.esm:002B01,DLC1HunterBaseIntroAmbush,Dawnguard.esm,ok,STRUCTURAL-SILENT,not-needed,SILENT,not-needed,not-needed,not-needed,not-needed,direct_mcp_review=ok; structural/dialogue/monitor/handler/control record; no discrete player-act row.
COREQ-1828,core,V03B,V03B-01,standard,Dawnguard.esm:002B6E,DLC1NPCMentalModel,Dawnguard.esm,ok,STRUCTURAL-SILENT,not-needed,SILENT,not-needed,not-needed,not-needed,not-needed,direct_mcp_review=ok; structural/dialogue/monitor/handler/control record; no discrete player-act row.
COREQ-1829,core,V03B,V03B-01,standard,Dawnguard.esm:002C09,DLC1Init,Dawnguard.esm,ok,STRUCTURAL-SILENT,not-needed,SILENT,not-needed,not-needed,not-needed,not-needed,direct_mcp_review=ok; structural/dialogue/monitor/handler/control record; no discrete player-act row.
COREQ-1830,core,V03B,V03B-01,standard,Dawnguard.esm:002F65,DLC1VQ02,Dawnguard.esm,ok,APPROVED,ok,APPROVED,ok,ok,ok,ok,direct_mcp_review=ok; owner_approved=ok; crossgen=ok; promotion=ok; compile=ok; post_readback=ok.
COREQ-1831,core,V03B,V03B-01,standard,Dawnguard.esm:0034D0,DLC1_WESC03,Dawnguard.esm,ok,STRUCTURAL-SILENT,not-needed,SILENT,not-needed,not-needed,not-needed,not-needed,direct_mcp_review=ok; structural/dialogue/monitor/handler/control record; no discrete player-act row.
COREQ-1832,core,V03B,V03B-01,standard,Dawnguard.esm:0034D4,DLC1_WESC04,Dawnguard.esm,ok,STRUCTURAL-SILENT,not-needed,SILENT,not-needed,not-needed,not-needed,not-needed,direct_mcp_review=ok; structural/dialogue/monitor/handler/control record; no discrete player-act row.
COREQ-1833,core,V03B,V03B-01,standard,Dawnguard.esm:0034DA,DLC1_WESC05,Dawnguard.esm,ok,STRUCTURAL-SILENT,not-needed,SILENT,not-needed,not-needed,not-needed,not-needed,direct_mcp_review=ok; structural/dialogue/monitor/handler/control record; no discrete player-act row.
COREQ-1834,core,V03B,V03B-01,standard,Dawnguard.esm:0034DE,DLC1_WESC01,Dawnguard.esm,ok,STRUCTURAL-SILENT,not-needed,SILENT,not-needed,not-needed,not-needed,not-needed,direct_mcp_review=ok; structural/dialogue/monitor/handler/control record; no discrete player-act row.
COREQ-1835,core,V03B,V03B-01,standard,Dawnguard.esm:0034EA,DLC1_WESC02,Dawnguard.esm,ok,STRUCTURAL-SILENT,not-needed,SILENT,not-needed,not-needed,not-needed,not-needed,direct_mcp_review=ok; structural/dialogue/monitor/handler/control record; no discrete player-act row.
COREQ-1836,core,V03B,V03B-01,standard,Dawnguard.esm:0034F8,DLC1_WESC06_CacheTracking,Dawnguard.esm,ok,STRUCTURAL-SILENT,not-needed,SILENT,not-needed,not-needed,not-needed,not-needed,direct_mcp_review=ok; structural/dialogue/monitor/handler/control record; no discrete player-act row.
COREQ-1837,core,V03B,V03B-01,standard,Dawnguard.esm:0034FF,DLC1_WESC07_CacheTracking,Dawnguard.esm,ok,STRUCTURAL-SILENT,not-needed,SILENT,not-needed,not-needed,not-needed,not-needed,direct_mcp_review=ok; structural/dialogue/monitor/handler/control record; no discrete player-act row.
COREQ-1838,core,V03B,V03B-01,standard,Dawnguard.esm:003500,DLC1_WESC08_CacheTracking,Dawnguard.esm,ok,STRUCTURAL-SILENT,not-needed,SILENT,not-needed,not-needed,not-needed,not-needed,direct_mcp_review=ok; structural/dialogue/monitor/handler/control record; no discrete player-act row.
COREQ-1839,core,V03B,V03B-01,standard,Dawnguard.esm:003508,DLC1_WESC07,Dawnguard.esm,ok,STRUCTURAL-SILENT,not-needed,SILENT,not-needed,not-needed,not-needed,not-needed,direct_mcp_review=ok; structural/dialogue/monitor/handler/control record; no discrete player-act row.
COREQ-1840,core,V03B,V03B-01,standard,Dawnguard.esm:003511,DLC1_WESC06,Dawnguard.esm,ok,STRUCTURAL-SILENT,not-needed,SILENT,not-needed,not-needed,not-needed,not-needed,direct_mcp_review=ok; structural/dialogue/monitor/handler/control record; no discrete player-act row.
COREQ-1841,core,V03B,V03B-01,standard,Dawnguard.esm:00351E,DLC1_WESC08,Dawnguard.esm,ok,STRUCTURAL-SILENT,not-needed,SILENT,not-needed,not-needed,not-needed,not-needed,direct_mcp_review=ok; structural/dialogue/monitor/handler/control record; no discrete player-act row.
COREQ-1842,core,V03B,V03B-01,existing-core-row,Dawnguard.esm:00352A,DLC1VQ01,Dawnguard.esm,ok,SEMANTIC-SILENT,not-needed,SILENT,not-needed,not-needed,not-needed,not-needed,direct_mcp_review=ok; unsafe existing s200 slay_undead/prove_by_struggle removed; no player-owned replacement act is evidenced.
COREQ-1843,core,V03B,V03B-01,standard,Dawnguard.esm:003BC0,DLC1NPCMonitoringPlayer,Dawnguard.esm,ok,STRUCTURAL-SILENT,not-needed,SILENT,not-needed,not-needed,not-needed,not-needed,direct_mcp_review=ok; structural/dialogue/monitor/handler/control record; no discrete player-act row.
COREQ-1844,core,V03B,V03B-01,standard,Dawnguard.esm:003F56,DLC1LD_DarkfallCave,Dawnguard.esm,ok,STRUCTURAL-SILENT,not-needed,SILENT,not-needed,not-needed,not-needed,not-needed,direct_mcp_review=ok; structural/dialogue/monitor/handler/control record; no discrete player-act row.
COREQ-1845,core,V03B,V03B-01,standard,Dawnguard.esm:003FD1,DLC1DialogueHunterBaseScene9,Dawnguard.esm,ok,STRUCTURAL-SILENT,not-needed,SILENT,not-needed,not-needed,not-needed,not-needed,direct_mcp_review=ok; structural/dialogue/monitor/handler/control record; no discrete player-act row.
COREQ-1846,core,V03B,V03B-01,standard,Dawnguard.esm:003FD3,DLC1DialogueHunterBaseScene10,Dawnguard.esm,ok,STRUCTURAL-SILENT,not-needed,SILENT,not-needed,not-needed,not-needed,not-needed,direct_mcp_review=ok; structural/dialogue/monitor/handler/control record; no discrete player-act row.
COREQ-1847,core,V03B,V03B-01,standard,Dawnguard.esm:0041CF,DLC1ScoutPatrol,Dawnguard.esm,ok,STRUCTURAL-SILENT,not-needed,SILENT,not-needed,not-needed,not-needed,not-needed,direct_mcp_review=ok; structural/dialogue/monitor/handler/control record; no discrete player-act row.
COREQ-1848,core,V03B,V03B-01,standard,Dawnguard.esm:0041FE,DLC1WE07,Dawnguard.esm,ok,STRUCTURAL-SILENT,not-needed,SILENT,not-needed,not-needed,not-needed,not-needed,direct_mcp_review=ok; structural/dialogue/monitor/handler/control record; no discrete player-act row.
COREQ-1849,core,V03B,V03B-01,standard,Dawnguard.esm:004201,DLC1WE08,Dawnguard.esm,ok,STRUCTURAL-SILENT,not-needed,SILENT,not-needed,not-needed,not-needed,not-needed,direct_mcp_review=ok; structural/dialogue/monitor/handler/control record; no discrete player-act row.
COREQ-1850,core,V03B,V03B-01,standard,Dawnguard.esm:00420E,DLC1RadiantDisguisedVampireLordSpawner,Dawnguard.esm,ok,STRUCTURAL-SILENT,not-needed,SILENT,not-needed,not-needed,not-needed,not-needed,direct_mcp_review=ok; structural/dialogue/monitor/handler/control record; no discrete player-act row.
COREQ-1851,core,V03B,V03B-01,standard,Dawnguard.esm:004BBF,DLC1VQ08RNPC,Dawnguard.esm,ok,STRUCTURAL-SILENT,not-needed,SILENT,not-needed,not-needed,not-needed,not-needed,direct_mcp_review=ok; structural/dialogue/monitor/handler/control record; no discrete player-act row.
COREQ-1852,core,V03B,V03B-01,standard,Dawnguard.esm:004C1B,DLC1RV01,Dawnguard.esm,ok,SEMANTIC-SILENT,not-needed,SILENT,not-needed,not-needed,not-needed,not-needed,direct_mcp_review=ok; radiant/repeatable/cosmetic/misc-objective content is silent under the approved policy.
COREQ-1853,core,V03B,V03B-01,standard,Dawnguard.esm:004C1C,DLC1Radiant,Dawnguard.esm,ok,SEMANTIC-SILENT,not-needed,SILENT,not-needed,not-needed,not-needed,not-needed,direct_mcp_review=ok; radiant/repeatable/cosmetic/misc-objective content is silent under the approved policy.
COREQ-1854,core,V03B,V03B-01,standard,Dawnguard.esm:004C2E,DLC1RV01KillActorMonitor,Dawnguard.esm,ok,STRUCTURAL-SILENT,not-needed,SILENT,not-needed,not-needed,not-needed,not-needed,direct_mcp_review=ok; structural/dialogue/monitor/handler/control record; no discrete player-act row.
COREQ-1855,core,V03B,V03B-01,standard,Dawnguard.esm:004C30,DLC1RV01AssaultMonitorNOTUSING,Dawnguard.esm,ok,STRUCTURAL-SILENT,not-needed,SILENT,not-needed,not-needed,not-needed,not-needed,direct_mcp_review=ok; structural/dialogue/monitor/handler/control record; no discrete player-act row.
COREQ-1856,core,V03B,V03B-01,existing-core-row,Dawnguard.esm:004C3D,DLC1VQ03Vampire,Dawnguard.esm,ok,APPROVED,ok,APPROVED,ok,ok,ok,ok,direct_mcp_review=ok; owner_approved=ok; crossgen=ok; promotion=ok; compile=ok; post_readback=ok.
COREQ-1857,core,V03B,V03B-01,standard,Dawnguard.esm:004CE2,DLC1DialogueVampireLordBlock,Dawnguard.esm,ok,STRUCTURAL-SILENT,not-needed,SILENT,not-needed,not-needed,not-needed,not-needed,direct_mcp_review=ok; structural/dialogue/monitor/handler/control record; no discrete player-act row.
COREQ-1858,core,V03B,V03B-01,standard,Dawnguard.esm:004D6B,DLC1LD_Arkngthamz,Dawnguard.esm,ok,STRUCTURAL-SILENT,not-needed,SILENT,not-needed,not-needed,not-needed,not-needed,direct_mcp_review=ok; structural/dialogue/monitor/handler/control record; no discrete player-act row.
COREQ-1859,core,V03B,V03B-01,standard,Dawnguard.esm:004D6C,DLC1LD_ChangeLocation,Dawnguard.esm,ok,STRUCTURAL-SILENT,not-needed,SILENT,not-needed,not-needed,not-needed,not-needed,direct_mcp_review=ok; structural/dialogue/monitor/handler/control record; no discrete player-act row.
COREQ-1860,core,V03B,V03B-01,standard,Dawnguard.esm:004E0C,DLC1DialogueVampireBase,Dawnguard.esm,ok,STRUCTURAL-SILENT,not-needed,SILENT,not-needed,not-needed,not-needed,not-needed,direct_mcp_review=ok; structural/dialogue/monitor/handler/control record; no discrete player-act row.
COREQ-1861,core,V03B,V03B-01,standard,Dawnguard.esm:004E0D,DLC1DialogueHunterBase,Dawnguard.esm,ok,STRUCTURAL-SILENT,not-needed,SILENT,not-needed,not-needed,not-needed,not-needed,direct_mcp_review=ok; structural/dialogue/monitor/handler/control record; no discrete player-act row.
COREQ-1862,core,V03B,V03B-01,standard,Dawnguard.esm:004E18,DLC1DialogueVampireBaseScene01,Dawnguard.esm,ok,STRUCTURAL-SILENT,not-needed,SILENT,not-needed,not-needed,not-needed,not-needed,direct_mcp_review=ok; structural/dialogue/monitor/handler/control record; no discrete player-act row.
COREQ-1863,core,V03B,V03B-01,standard,Dawnguard.esm:004E1A,DLC1DialogueVampireBaseScene02,Dawnguard.esm,ok,STRUCTURAL-SILENT,not-needed,SILENT,not-needed,not-needed,not-needed,not-needed,direct_mcp_review=ok; structural/dialogue/monitor/handler/control record; no discrete player-act row.
COREQ-1864,core,V03B,V03B-01,standard,Dawnguard.esm:004E1C,DLC1DialogueVampireBaseScene03,Dawnguard.esm,ok,STRUCTURAL-SILENT,not-needed,SILENT,not-needed,not-needed,not-needed,not-needed,direct_mcp_review=ok; structural/dialogue/monitor/handler/control record; no discrete player-act row.
COREQ-1865,core,V03B,V03B-01,standard,Dawnguard.esm:004E1E,DLC1DialogueVampireBaseScene04,Dawnguard.esm,ok,STRUCTURAL-SILENT,not-needed,SILENT,not-needed,not-needed,not-needed,not-needed,direct_mcp_review=ok; structural/dialogue/monitor/handler/control record; no discrete player-act row.
COREQ-1866,core,V03B,V03B-01,standard,Dawnguard.esm:004E20,DLC1DialogueVampireBaseScene05,Dawnguard.esm,ok,STRUCTURAL-SILENT,not-needed,SILENT,not-needed,not-needed,not-needed,not-needed,direct_mcp_review=ok; structural/dialogue/monitor/handler/control record; no discrete player-act row.
COREQ-1867,core,V03B,V03B-01,standard,Dawnguard.esm:004E22,DLC1DialogueVampireBaseScene06,Dawnguard.esm,ok,STRUCTURAL-SILENT,not-needed,SILENT,not-needed,not-needed,not-needed,not-needed,direct_mcp_review=ok; structural/dialogue/monitor/handler/control record; no discrete player-act row.
COREQ-1868,core,V03B,V03B-01,existing-core-row,Dawnguard.esm:004E24,DLC1HunterBaseIntro,Dawnguard.esm,ok,APPROVED,ok,APPROVED,ok,ok,ok,ok,direct_mcp_review=ok; owner_approved=ok; s200 civic_service is valid but has zero current deity consumers; semantic-inert promotion and direct post-readback are complete; compile=ok.
COREQ-1869,core,V03B,V03B-01,existing-core-row,Dawnguard.esm:005044,DLC1SeranaCureSelfQuest,Dawnguard.esm,ok,APPROVED,ok,APPROVED,ok,ok,ok,ok,direct_mcp_review=ok; owner_approved=ok; crossgen=ok; promotion=ok; compile=ok; post_readback=ok.
COREQ-1870,core,V03B,V03B-01,standard,Dawnguard.esm:0050B9,DLC1RV02,Dawnguard.esm,ok,SEMANTIC-SILENT,not-needed,SILENT,not-needed,not-needed,not-needed,not-needed,direct_mcp_review=ok; radiant/repeatable/cosmetic/misc-objective content is silent under the approved policy.
COREQ-1871,core,V03B,V03B-01,standard,Dawnguard.esm:0050BD,DLC1RV03,Dawnguard.esm,ok,SEMANTIC-SILENT,not-needed,SILENT,not-needed,not-needed,not-needed,not-needed,direct_mcp_review=ok; radiant/repeatable/cosmetic/misc-objective content is silent under the approved policy.
COREQ-1872,core,V03B,V03B-01,standard,Dawnguard.esm:0050C1,DLC1RV03KillActorMonitor,Dawnguard.esm,ok,STRUCTURAL-SILENT,not-needed,SILENT,not-needed,not-needed,not-needed,not-needed,direct_mcp_review=ok; structural/dialogue/monitor/handler/control record; no discrete player-act row.
COREQ-1873,core,V03B,V03B-01,standard,Dawnguard.esm:0056FD,DLC1RV04,Dawnguard.esm,ok,SEMANTIC-SILENT,not-needed,SILENT,not-needed,not-needed,not-needed,not-needed,direct_mcp_review=ok; radiant/repeatable/cosmetic/misc-objective content is silent under the approved policy.
COREQ-1874,core,V03B,V03B-01,standard,Dawnguard.esm:005702,DLC1RV05,Dawnguard.esm,ok,SEMANTIC-SILENT,not-needed,SILENT,not-needed,not-needed,not-needed,not-needed,direct_mcp_review=ok; radiant/repeatable/cosmetic/misc-objective content is silent under the approved policy.
COREQ-1875,core,V03B,V03B-01,standard,Dawnguard.esm:005817,DLC1LD,Dawnguard.esm,ok,APPROVED,not-needed,APPROVED,ok,ok,ok,ok,direct_mcp_review=ok; owner_approved=ok; crossgen=ok; promotion=ok; compile=ok; post_readback=ok.
COREQ-1876,core,V03B,V03B-01,standard,Dawnguard.esm:00588C,DLC1VampireTurn,Dawnguard.esm,ok,STRUCTURAL-SILENT,not-needed,SILENT,not-needed,not-needed,not-needed,not-needed,direct_mcp_review=ok; structural/dialogue/monitor/handler/control record; no discrete player-act row.
COREQ-1877,core,V03B,V03B-01,standard,Dawnguard.esm:0058CA,DLC1RV06,Dawnguard.esm,ok,SEMANTIC-SILENT,not-needed,SILENT,not-needed,not-needed,not-needed,not-needed,direct_mcp_review=ok; radiant/repeatable/cosmetic/misc-objective content is silent under the approved policy.
COREQ-1878,core,V03B,V03B-01,existing-core-row,Dawnguard.esm:00594C,DLC1VampireBaseIntro,Dawnguard.esm,ok,APPROVED,not-needed,APPROVED,ok,ok,ok,ok,direct_mcp_review=ok; owner_approved=ok; crossgen=ok; promotion=ok; compile=ok; post_readback=ok.
COREQ-1879,core,V03B,V03B-01,existing-core-row,Dawnguard.esm:005DA9,DLC1VQElder,Dawnguard.esm,ok,SEMANTIC-SILENT,not-needed,SILENT,not-needed,not-needed,not-needed,not-needed,direct_mcp_review=ok; unsafe s200 disciplined_study attributed Dexion's act to the player and was removed; no replacement act is evidenced.
COREQ-1880,core,V03B,V03B-01,standard,Dawnguard.esm:005E4A,DLC1RH01,Dawnguard.esm,ok,SEMANTIC-SILENT,not-needed,SILENT,not-needed,not-needed,not-needed,not-needed,direct_mcp_review=ok; radiant/repeatable/cosmetic/misc-objective content is silent under the approved policy.
COREQ-1881,core,V03B,V03B-01,standard,Dawnguard.esm:005E53,DLC1RH02,Dawnguard.esm,ok,SEMANTIC-SILENT,not-needed,SILENT,not-needed,not-needed,not-needed,not-needed,direct_mcp_review=ok; radiant/repeatable/cosmetic/misc-objective content is silent under the approved policy.
COREQ-1882,core,V03B,V03B-01,standard,Dawnguard.esm:005E58,DLC1RH03,Dawnguard.esm,ok,SEMANTIC-SILENT,not-needed,SILENT,not-needed,not-needed,not-needed,not-needed,direct_mcp_review=ok; radiant/repeatable/cosmetic/misc-objective content is silent under the approved policy.
COREQ-1883,core,V03B,V03B-01,standard,Dawnguard.esm:006952,DLC1RH04,Dawnguard.esm,ok,SEMANTIC-SILENT,not-needed,SILENT,not-needed,not-needed,not-needed,not-needed,direct_mcp_review=ok; radiant/repeatable/cosmetic/misc-objective content is silent under the approved policy.
COREQ-1884,core,V03B,V03B-01,standard,Dawnguard.esm:00697C,DLC1Surgery,Dawnguard.esm,ok,SEMANTIC-SILENT,not-needed,SILENT,not-needed,not-needed,not-needed,not-needed,direct_mcp_review=ok; radiant/repeatable/cosmetic/misc-objective content is silent under the approved policy.
COREQ-1885,core,V03B,V03B-01,standard,Dawnguard.esm:006BAC,DLC1RH05,Dawnguard.esm,ok,SEMANTIC-SILENT,not-needed,SILENT,not-needed,not-needed,not-needed,not-needed,direct_mcp_review=ok; radiant/repeatable/cosmetic/misc-objective content is silent under the approved policy.
COREQ-1886,core,V03B,V03B-01,standard,Dawnguard.esm:006BDA,DLC1_BF_DunTempleQST,Dawnguard.esm,ok,STRUCTURAL-SILENT,not-needed,SILENT,not-needed,not-needed,not-needed,not-needed,direct_mcp_review=ok; structural/dialogue/monitor/handler/control record; no discrete player-act row.
COREQ-1887,core,V03B,V03B-01,standard,Dawnguard.esm:0071D0,DLC1PlayerVampireQuest,Dawnguard.esm,ok,STRUCTURAL-SILENT,not-needed,SILENT,not-needed,not-needed,not-needed,not-needed,direct_mcp_review=ok; structural/dialogue/monitor/handler/control record; no discrete player-act row.
COREQ-1888,core,V03B,V03B-01,standard,Dawnguard.esm:0071D2,DLC1VampireLordTrackingQuest,Dawnguard.esm,ok,STRUCTURAL-SILENT,not-needed,SILENT,not-needed,not-needed,not-needed,not-needed,direct_mcp_review=ok; structural/dialogue/monitor/handler/control record; no discrete player-act row.
COREQ-1889,core,V03B,V03B-01,standard,Dawnguard.esm:007201,DLC1RH06,Dawnguard.esm,ok,SEMANTIC-SILENT,not-needed,SILENT,not-needed,not-needed,not-needed,not-needed,direct_mcp_review=ok; radiant/repeatable/cosmetic/misc-objective content is silent under the approved policy.
COREQ-1890,core,V03B,V03B-01,standard,Dawnguard.esm:007773,DLC1dunMasterQST,Dawnguard.esm,ok,STRUCTURAL-SILENT,not-needed,SILENT,not-needed,not-needed,not-needed,not-needed,direct_mcp_review=ok; structural/dialogue/monitor/handler/control record; no discrete player-act row.
COREQ-1891,core,V03B,V03B-01,existing-core-row,Dawnguard.esm:007C25,DLC1VQ08,Dawnguard.esm,ok,APPROVED,not-needed,APPROVED,ok,ok,ok,ok,direct_mcp_review=ok; owner_approved=ok; crossgen=ok; promotion=ok; compile=ok; post_readback=ok.
COREQ-1892,core,V03B,V03B-01,standard,Dawnguard.esm:007C4F,DLC1dunRedwaterDenQST,Dawnguard.esm,ok,STRUCTURAL-SILENT,not-needed,SILENT,not-needed,not-needed,not-needed,not-needed,direct_mcp_review=ok; structural/dialogue/monitor/handler/control record; no discrete player-act row.
COREQ-1893,core,V03B,V03B-01,standard,Dawnguard.esm:007EC5,DLC1RH07,Dawnguard.esm,ok,SEMANTIC-SILENT,not-needed,SILENT,not-needed,not-needed,not-needed,not-needed,direct_mcp_review=ok; radiant/repeatable/cosmetic/misc-objective content is silent under the approved policy.
COREQ-1894,core,V03B,V03B-01,standard,Dawnguard.esm:0083A4,DLC1VQFactions,Dawnguard.esm,ok,STRUCTURAL-SILENT,not-needed,SILENT,not-needed,not-needed,not-needed,not-needed,direct_mcp_review=ok; structural/dialogue/monitor/handler/control record; no discrete player-act row.
COREQ-1895,core,V03B,V03B-01,standard,Dawnguard.esm:00876D,DLC1WE00,Dawnguard.esm,ok,STRUCTURAL-SILENT,not-needed,SILENT,not-needed,not-needed,not-needed,not-needed,direct_mcp_review=ok; structural/dialogue/monitor/handler/control record; no discrete player-act row.
COREQ-1896,core,V03B,V03B-01,standard,Dawnguard.esm:00876E,DLC1WE01,Dawnguard.esm,ok,STRUCTURAL-SILENT,not-needed,SILENT,not-needed,not-needed,not-needed,not-needed,direct_mcp_review=ok; structural/dialogue/monitor/handler/control record; no discrete player-act row.
COREQ-1897,core,V03B,V03B-01,standard,Dawnguard.esm:008771,DLC1WE02,Dawnguard.esm,ok,STRUCTURAL-SILENT,not-needed,SILENT,not-needed,not-needed,not-needed,not-needed,direct_mcp_review=ok; structural/dialogue/monitor/handler/control record; no discrete player-act row.
COREQ-1898,core,V03B,V03B-01,standard,Dawnguard.esm:0088E5,DLC1LDIceDragonFight,Dawnguard.esm,ok,STRUCTURAL-SILENT,not-needed,SILENT,not-needed,not-needed,not-needed,not-needed,direct_mcp_review=ok; structural/dialogue/monitor/handler/control record; no discrete player-act row.
COREQ-1899,core,V03B,V03B-01,standard,Dawnguard.esm:008E3B,DLC1VampireSleep,Dawnguard.esm,ok,STRUCTURAL-SILENT,not-needed,SILENT,not-needed,not-needed,not-needed,not-needed,direct_mcp_review=ok; structural/dialogue/monitor/handler/control record; no discrete player-act row.
COREQ-1900,core,V03B,V03B-01,standard,Dawnguard.esm:008E51,DLC1PlayerFactionRelation,Dawnguard.esm,ok,STRUCTURAL-SILENT,not-needed,SILENT,not-needed,not-needed,not-needed,not-needed,direct_mcp_review=ok; structural/dialogue/monitor/handler/control record; no discrete player-act row.
COREQ-1901,core,V03B,V03B-01,standard,Dawnguard.esm:009401,CreatureDialogueChaurusInsect,Dawnguard.esm,ok,STRUCTURAL-SILENT,not-needed,SILENT,not-needed,not-needed,not-needed,not-needed,direct_mcp_review=ok; structural/dialogue/monitor/handler/control record; no discrete player-act row.
COREQ-1902,core,V03B,V03B-01,existing-core-row,Dawnguard.esm:0098CB,DLC1VQ03Hunter,Dawnguard.esm,ok,APPROVED,ok,APPROVED,ok,ok,ok,ok,direct_mcp_review=ok; owner_approved=ok; crossgen=ok; promotion=ok; compile=ok; post_readback=ok.
COREQ-1903,core,V03B,V03B-01,standard,Dawnguard.esm:00A29C,DLC1RV07,Dawnguard.esm,ok,SEMANTIC-SILENT,not-needed,SILENT,not-needed,not-needed,not-needed,not-needed,direct_mcp_review=ok; radiant/repeatable/cosmetic/misc-objective content is silent under the approved policy.
COREQ-1904,core,V03B,V03B-01,standard,Dawnguard.esm:00A2A9,DLC1PlayerVampirePowerItems,Dawnguard.esm,ok,STRUCTURAL-SILENT,not-needed,SILENT,not-needed,not-needed,not-needed,not-needed,direct_mcp_review=ok; structural/dialogue/monitor/handler/control record; no discrete player-act row.
COREQ-1905,core,V03B,V03B-01,standard,Dawnguard.esm:00B639,DLC1LD_Misc,Dawnguard.esm,ok,SEMANTIC-SILENT,not-needed,SILENT,not-needed,not-needed,not-needed,not-needed,direct_mcp_review=ok; radiant/repeatable/cosmetic/misc-objective content is silent under the approved policy.
COREQ-1906,core,V03B,V03B-01,standard,Dawnguard.esm:00BDD1,DLC01SoulCairnHorseQuest,Dawnguard.esm,ok,STRUCTURAL-SILENT,ok,SILENT,not-needed,not-needed,not-needed,not-needed,direct_mcp_review=ok; structural/dialogue/monitor/handler/control record; no discrete player-act row.
COREQ-1907,core,V03B,V03B-01,standard,Dawnguard.esm:00BF73,DLC1VampireMesmerize,Dawnguard.esm,ok,STRUCTURAL-SILENT,not-needed,SILENT,not-needed,not-needed,not-needed,not-needed,direct_mcp_review=ok; structural/dialogue/monitor/handler/control record; no discrete player-act row.
COREQ-1908,core,V03B,V03B-01,standard,Dawnguard.esm:00C73A,DLC1VQDragon,Dawnguard.esm,ok,APPROVED,not-needed,APPROVED,ok,ok,ok,ok,direct_mcp_review=ok; owner_approved=ok; crossgen=ok; promotion=ok; compile=ok; post_readback=ok.
COREQ-1909,core,V03B,V03B-01,standard,Dawnguard.esm:00CE06,DLC1RV08,Dawnguard.esm,ok,SEMANTIC-SILENT,not-needed,SILENT,not-needed,not-needed,not-needed,not-needed,direct_mcp_review=ok; radiant/repeatable/cosmetic/misc-objective content is silent under the approved policy.
COREQ-1910,core,V03B,V03B-01,standard,Dawnguard.esm:00CE0B,DLC1RV09,Dawnguard.esm,ok,SEMANTIC-SILENT,not-needed,SILENT,not-needed,not-needed,not-needed,not-needed,direct_mcp_review=ok; radiant/repeatable/cosmetic/misc-objective content is silent under the approved policy.
COREQ-1911,core,V03B,V03B-01,standard,Dawnguard.esm:00CFFD,DLC1LD_Postquest,Dawnguard.esm,ok,STRUCTURAL-SILENT,not-needed,SILENT,not-needed,not-needed,not-needed,not-needed,direct_mcp_review=ok; structural/dialogue/monitor/handler/control record; no discrete player-act row.
COREQ-1912,core,V03B,V03B-01,standard,Dawnguard.esm:00CFFE,DLC1LD_CraftItemManager,Dawnguard.esm,ok,STRUCTURAL-SILENT,not-needed,SILENT,not-needed,not-needed,not-needed,not-needed,direct_mcp_review=ok; structural/dialogue/monitor/handler/control record; no discrete player-act row.
COREQ-1913,core,V03B,V03B-01,standard,Dawnguard.esm:00CFFF,DLC1LD_Bthalft,Dawnguard.esm,ok,STRUCTURAL-SILENT,not-needed,SILENT,not-needed,not-needed,not-needed,not-needed,direct_mcp_review=ok; structural/dialogue/monitor/handler/control record; no discrete player-act row.
COREQ-1914,core,V03B,V03B-01,standard,Dawnguard.esm:00D06C,DLC1VQ01MiscObjective,Dawnguard.esm,ok,SEMANTIC-SILENT,not-needed,SILENT,not-needed,not-needed,not-needed,not-needed,direct_mcp_review=ok; radiant/repeatable/cosmetic/misc-objective content is silent under the approved policy.
COREQ-1915,core,V03B,V03B-01,standard,Dawnguard.esm:00D2D5,DLC1VQ05DragonFight,Dawnguard.esm,ok,STRUCTURAL-SILENT,not-needed,SILENT,not-needed,not-needed,not-needed,not-needed,direct_mcp_review=ok; structural/dialogue/monitor/handler/control record; no discrete player-act row.
COREQ-1916,core,V03B,V03B-01,standard,Dawnguard.esm:00D90B,DLC1VQ00ChangeLocation,Dawnguard.esm,ok,STRUCTURAL-SILENT,not-needed,SILENT,not-needed,not-needed,not-needed,not-needed,direct_mcp_review=ok; structural/dialogue/monitor/handler/control record; no discrete player-act row.
COREQ-1917,core,V03B,V03B-01,standard,Dawnguard.esm:00D90E,DLC1VQ00,Dawnguard.esm,ok,SEMANTIC-SILENT,not-needed,SILENT,not-needed,not-needed,not-needed,not-needed,direct_mcp_review=ok; radiant/repeatable/cosmetic/misc-objective content is silent under the approved policy.
COREQ-1918,core,V03B,V03B-01,standard,Dawnguard.esm:00E6A7,DLC1VQ01RNPC,Dawnguard.esm,ok,STRUCTURAL-SILENT,not-needed,SILENT,not-needed,not-needed,not-needed,not-needed,direct_mcp_review=ok; structural/dialogue/monitor/handler/control record; no discrete player-act row.
COREQ-1919,core,V03B,V03B-01,standard,Dawnguard.esm:00EA41,DLC1VQ05SoulGemHandler,Dawnguard.esm,ok,SEMANTIC-SILENT,not-needed,SILENT,not-needed,not-needed,not-needed,not-needed,direct_mcp_review=ok; radiant/repeatable/cosmetic/misc-objective content is silent under the approved policy.
COREQ-1920,core,V03B,V03B-01,standard,Dawnguard.esm:00F363,DLC1VQ03RNPC,Dawnguard.esm,ok,STRUCTURAL-SILENT,not-needed,SILENT,not-needed,not-needed,not-needed,not-needed,direct_mcp_review=ok; structural/dialogue/monitor/handler/control record; no discrete player-act row.
COREQ-1921,core,V03B,V03B-01,standard,Dawnguard.esm:00F711,DLC1WerewolfPerkExplanation,Dawnguard.esm,ok,STRUCTURAL-SILENT,not-needed,SILENT,not-needed,not-needed,not-needed,not-needed,direct_mcp_review=ok; structural/dialogue/monitor/handler/control record; no discrete player-act row.
COREQ-1922,core,V03B,V03B-01,standard,Dawnguard.esm:00F7F0,DLC1WEJS01,Dawnguard.esm,ok,STRUCTURAL-SILENT,not-needed,SILENT,not-needed,not-needed,not-needed,not-needed,direct_mcp_review=ok; structural/dialogue/monitor/handler/control record; no discrete player-act row.
COREQ-1923,core,V03B,V03B-01,standard,Dawnguard.esm:00F899,DLC1RegiftingLycanthropy,Dawnguard.esm,ok,STRUCTURAL-SILENT,not-needed,SILENT,not-needed,not-needed,not-needed,not-needed,direct_mcp_review=ok; structural/dialogue/monitor/handler/control record; no discrete player-act row.
COREQ-1924,core,V03B,V03B-01,standard,Dawnguard.esm:00F8B1,CreatureDialogueGargoyle,Dawnguard.esm,ok,STRUCTURAL-SILENT,not-needed,SILENT,not-needed,not-needed,not-needed,not-needed,direct_mcp_review=ok; structural/dialogue/monitor/handler/control record; no discrete player-act row.
COREQ-1925,core,V03B,V03B-01,standard,Dawnguard.esm:010AE7,DLC1WEJS02,Dawnguard.esm,ok,STRUCTURAL-SILENT,not-needed,SILENT,not-needed,not-needed,not-needed,not-needed,direct_mcp_review=ok; structural/dialogue/monitor/handler/control record; no discrete player-act row.
COREQ-1926,core,V03B,V03B-01,standard,Dawnguard.esm:010AEB,DLC1WEJS04,Dawnguard.esm,ok,STRUCTURAL-SILENT,not-needed,SILENT,not-needed,not-needed,not-needed,not-needed,direct_mcp_review=ok; structural/dialogue/monitor/handler/control record; no discrete player-act row.
COREQ-1927,core,V03B,V03B-01,standard,Dawnguard.esm:01119F,DLC1VQDragonMisc,Dawnguard.esm,ok,SEMANTIC-SILENT,not-needed,SILENT,not-needed,not-needed,not-needed,not-needed,direct_mcp_review=ok; radiant/repeatable/cosmetic/misc-objective content is silent under the approved policy.
COREQ-1928,core,V03B,V03B-01,standard,Dawnguard.esm:011686,CreatureDialogueDogDeathHound,Dawnguard.esm,ok,STRUCTURAL-SILENT,not-needed,SILENT,not-needed,not-needed,not-needed,not-needed,direct_mcp_review=ok; structural/dialogue/monitor/handler/control record; no discrete player-act row.
COREQ-1929,core,V03B,V03B-01,standard,Dawnguard.esm:011696,CreatureDialogueDogHusky,Dawnguard.esm,ok,STRUCTURAL-SILENT,not-needed,SILENT,not-needed,not-needed,not-needed,not-needed,direct_mcp_review=ok; structural/dialogue/monitor/handler/control record; no discrete player-act row.
COREQ-1930,core,V03B,V03B-01,standard,Dawnguard.esm:011A83,DLC1ScrollHandling,Dawnguard.esm,ok,STRUCTURAL-SILENT,not-needed,SILENT,not-needed,not-needed,not-needed,not-needed,direct_mcp_review=ok; structural/dialogue/monitor/handler/control record; no discrete player-act row.
COREQ-1931,core,V03B,V03B-01,standard,Dawnguard.esm:011CD7,CreatureDialogueMistman,Dawnguard.esm,ok,STRUCTURAL-SILENT,not-needed,SILENT,not-needed,not-needed,not-needed,not-needed,direct_mcp_review=ok; structural/dialogue/monitor/handler/control record; no discrete player-act row.
COREQ-1932,core,V03B,V03B-01,standard,Dawnguard.esm:011F0D,DLC1HunterBaseFlorentiusChange,Dawnguard.esm,ok,STRUCTURAL-SILENT,not-needed,SILENT,not-needed,not-needed,not-needed,not-needed,direct_mcp_review=ok; structural/dialogue/monitor/handler/control record; no discrete player-act row.
COREQ-1933,core,V03B,V03B-01,standard,Dawnguard.esm:0123E5,DLC1GargoyleFactionRelations,Dawnguard.esm,ok,STRUCTURAL-SILENT,not-needed,SILENT,not-needed,not-needed,not-needed,not-needed,direct_mcp_review=ok; structural/dialogue/monitor/handler/control record; no discrete player-act row.
COREQ-1934,core,V03B,V03B-01,standard,Dawnguard.esm:0127EE,DLC1WEJS05,Dawnguard.esm,ok,STRUCTURAL-SILENT,not-needed,SILENT,not-needed,not-needed,not-needed,not-needed,direct_mcp_review=ok; structural/dialogue/monitor/handler/control record; no discrete player-act row.
COREQ-1935,core,V03B,V03B-01,standard,Dawnguard.esm:0127F0,DLC1WEJS06,Dawnguard.esm,ok,STRUCTURAL-SILENT,not-needed,SILENT,not-needed,not-needed,not-needed,not-needed,direct_mcp_review=ok; structural/dialogue/monitor/handler/control record; no discrete player-act row.
COREQ-1936,core,V03B,V03B-01,standard,Dawnguard.esm:012F92,DLC1ScrollHandlingChangeLoc,Dawnguard.esm,ok,STRUCTURAL-SILENT,not-needed,SILENT,not-needed,not-needed,not-needed,not-needed,direct_mcp_review=ok; structural/dialogue/monitor/handler/control record; no discrete player-act row.
COREQ-1937,core,V03B,V03B-01,standard,Dawnguard.esm:0132CC,DLC1RadiantAttackGuardComments,Dawnguard.esm,ok,STRUCTURAL-SILENT,not-needed,SILENT,not-needed,not-needed,not-needed,not-needed,direct_mcp_review=ok; structural/dialogue/monitor/handler/control record; no discrete player-act row.
COREQ-1938,core,V03B,V03B-01,standard,Dawnguard.esm:013768,DLC1DialogueDexionLore,Dawnguard.esm,ok,STRUCTURAL-SILENT,not-needed,SILENT,not-needed,not-needed,not-needed,not-needed,direct_mcp_review=ok; structural/dialogue/monitor/handler/control record; no discrete player-act row.
COREQ-1939,core,V03B,V03B-01,existing-core-row,Dawnguard.esm:013F1F,DLC1HunterBaseStage2,Dawnguard.esm,ok,APPROVED,not-needed,APPROVED,ok,ok,ok,ok,direct_mcp_review=ok; owner_approved=ok; crossgen=ok; promotion=ok; compile=ok; post_readback=ok.
COREQ-1940,core,V03B,V03B-01,existing-core-row,Dawnguard.esm:01400B,DLC1VQSaint,Dawnguard.esm,ok,APPROVED,not-needed,APPROVED,ok,ok,ok,ok,direct_mcp_review=ok; owner_approved=ok; crossgen=ok; promotion=ok; compile=ok; post_readback=ok.
COREQ-1941,core,V03B,V03B-01,standard,Dawnguard.esm:01400D,DLC1VQSaintPost,Dawnguard.esm,ok,STRUCTURAL-SILENT,not-needed,SILENT,not-needed,not-needed,not-needed,not-needed,direct_mcp_review=ok; structural/dialogue/monitor/handler/control record; no discrete player-act row.
COREQ-1942,core,V03B,V03B-01,standard,Dawnguard.esm:01420C,DLC1WEDB01,Dawnguard.esm,ok,STRUCTURAL-SILENT,not-needed,SILENT,not-needed,not-needed,not-needed,not-needed,direct_mcp_review=ok; structural/dialogue/monitor/handler/control record; no discrete player-act row.
COREQ-1943,core,V03B,V03B-01,standard,Dawnguard.esm:01420F,DLC1WEDB02,Dawnguard.esm,ok,STRUCTURAL-SILENT,not-needed,SILENT,not-needed,not-needed,not-needed,not-needed,direct_mcp_review=ok; structural/dialogue/monitor/handler/control record; no discrete player-act row.
COREQ-1944,core,V03B,V03B-01,standard,Dawnguard.esm:014215,DLC1WEDB03,Dawnguard.esm,ok,STRUCTURAL-SILENT,not-needed,SILENT,not-needed,not-needed,not-needed,not-needed,direct_mcp_review=ok; structural/dialogue/monitor/handler/control record; no discrete player-act row.
COREQ-1945,core,V03B,V03B-01,standard,Dawnguard.esm:01434C,DLC1RV07Post,Dawnguard.esm,ok,STRUCTURAL-SILENT,not-needed,SILENT,not-needed,not-needed,not-needed,not-needed,direct_mcp_review=ok; structural/dialogue/monitor/handler/control record; no discrete player-act row.
COREQ-1946,core,V03B,V03B-01,standard,Dawnguard.esm:014BF1,DLC1_WESC09,Dawnguard.esm,ok,STRUCTURAL-SILENT,not-needed,SILENT,not-needed,not-needed,not-needed,not-needed,direct_mcp_review=ok; structural/dialogue/monitor/handler/control record; no discrete player-act row.
COREQ-1947,core,V03B,V03B-01,standard,Dawnguard.esm:014CB9,DLC1VampireFeedBystander,Dawnguard.esm,ok,STRUCTURAL-SILENT,not-needed,SILENT,not-needed,not-needed,not-needed,not-needed,direct_mcp_review=ok; structural/dialogue/monitor/handler/control record; no discrete player-act row.
COREQ-1948,core,V03B,V03B-01,standard,Dawnguard.esm:014FAC,DLC1DialogueGenericUniqueVoices,Dawnguard.esm,ok,STRUCTURAL-SILENT,not-needed,SILENT,not-needed,not-needed,not-needed,not-needed,direct_mcp_review=ok; structural/dialogue/monitor/handler/control record; no discrete player-act row.
COREQ-1949,core,V03B,V03B-01,standard,Dawnguard.esm:014FAE,DLC1DialogueGeneric,Dawnguard.esm,ok,STRUCTURAL-SILENT,not-needed,SILENT,not-needed,not-needed,not-needed,not-needed,direct_mcp_review=ok; structural/dialogue/monitor/handler/control record; no discrete player-act row.
COREQ-1950,core,V03B,V03B-01,standard,Dawnguard.esm:015017,DLC1RH08,Dawnguard.esm,ok,SEMANTIC-SILENT,not-needed,SILENT,not-needed,not-needed,not-needed,not-needed,direct_mcp_review=ok; radiant/repeatable/cosmetic/misc-objective content is silent under the approved policy.
COREQ-1951,core,V03B,V03B-01,standard,Dawnguard.esm:0154A5,ccVSVSSE004_DialogueTroll,Dawnguard.esm,ok,STRUCTURAL-SILENT,not-needed,SILENT,not-needed,not-needed,not-needed,not-needed,direct_mcp_review=ok; structural/dialogue/monitor/handler/control record; no discrete player-act row.
COREQ-1952,core,V03B,V03B-01,standard,Dawnguard.esm:01574C,DLC1RadiantDisguised,Dawnguard.esm,ok,STRUCTURAL-SILENT,not-needed,SILENT,not-needed,not-needed,not-needed,not-needed,direct_mcp_review=ok; structural/dialogue/monitor/handler/control record; no discrete player-act row.
COREQ-1953,core,V03B,V03B-01,standard,Dawnguard.esm:015A16,DLC1VQ05Post,Dawnguard.esm,ok,STRUCTURAL-SILENT,not-needed,SILENT,not-needed,not-needed,not-needed,not-needed,direct_mcp_review=ok; structural/dialogue/monitor/handler/control record; no discrete player-act row.
COREQ-1954,core,V03B,V03B-01,standard,Dawnguard.esm:015A68,DLC1VQ07Post,Dawnguard.esm,ok,STRUCTURAL-SILENT,not-needed,SILENT,not-needed,not-needed,not-needed,not-needed,direct_mcp_review=ok; structural/dialogue/monitor/handler/control record; no discrete player-act row.
COREQ-1955,core,V03B,V03B-01,standard,Dawnguard.esm:015AA3,DLC1NPCCommentary01,Dawnguard.esm,ok,STRUCTURAL-SILENT,not-needed,SILENT,not-needed,not-needed,not-needed,not-needed,direct_mcp_review=ok; structural/dialogue/monitor/handler/control record; no discrete player-act row.
COREQ-1956,core,V03B,V03B-01,standard,Dawnguard.esm:015AA4,DLC1NPCCommentary02,Dawnguard.esm,ok,STRUCTURAL-SILENT,not-needed,SILENT,not-needed,not-needed,not-needed,not-needed,direct_mcp_review=ok; structural/dialogue/monitor/handler/control record; no discrete player-act row.
COREQ-1957,core,V03B,V03B-01,standard,Dawnguard.esm:015AA5,DLC1NPCCommentary03,Dawnguard.esm,ok,STRUCTURAL-SILENT,not-needed,SILENT,not-needed,not-needed,not-needed,not-needed,direct_mcp_review=ok; structural/dialogue/monitor/handler/control record; no discrete player-act row.
COREQ-1958,core,V03B,V03B-01,standard,Dawnguard.esm:015AA7,DLC1VQ02RNPC,Dawnguard.esm,ok,STRUCTURAL-SILENT,not-needed,SILENT,not-needed,not-needed,not-needed,not-needed,direct_mcp_review=ok; structural/dialogue/monitor/handler/control record; no discrete player-act row.
COREQ-1959,core,V03B,V03B-01,standard,Dawnguard.esm:016072,DLC1SoulCairnDialogue,Dawnguard.esm,ok,STRUCTURAL-SILENT,not-needed,SILENT,not-needed,not-needed,not-needed,not-needed,direct_mcp_review=ok; structural/dialogue/monitor/handler/control record; no discrete player-act row.
COREQ-1960,core,V03B,V03B-01,standard,Dawnguard.esm:01629F,DLC1EclipseAttack1,Dawnguard.esm,ok,STRUCTURAL-SILENT,not-needed,SILENT,not-needed,not-needed,not-needed,not-needed,direct_mcp_review=ok; structural/dialogue/monitor/handler/control record; no discrete player-act row.
COREQ-1961,core,V03B,V03B-01,standard,Dawnguard.esm:0162F8,DLC1ThrallDialogue,Dawnguard.esm,ok,STRUCTURAL-SILENT,not-needed,SILENT,not-needed,not-needed,not-needed,not-needed,direct_mcp_review=ok; structural/dialogue/monitor/handler/control record; no discrete player-act row.
COREQ-1962,core,V03B,V03B-01,standard,Dawnguard.esm:016352,DLC1SoulCairnHuskMerchant,Dawnguard.esm,ok,STRUCTURAL-SILENT,not-needed,SILENT,not-needed,not-needed,not-needed,not-needed,direct_mcp_review=ok; structural/dialogue/monitor/handler/control record; no discrete player-act row.
COREQ-1963,core,V03B,V03B-01,standard,Dawnguard.esm:0163B4,DLC1DialogueHunterBaseScene1,Dawnguard.esm,ok,STRUCTURAL-SILENT,not-needed,SILENT,not-needed,not-needed,not-needed,not-needed,direct_mcp_review=ok; structural/dialogue/monitor/handler/control record; no discrete player-act row.
COREQ-1964,core,V03B,V03B-01,standard,Dawnguard.esm:0163B6,DLC1DialogueHunterBaseScene2,Dawnguard.esm,ok,STRUCTURAL-SILENT,not-needed,SILENT,not-needed,not-needed,not-needed,not-needed,direct_mcp_review=ok; structural/dialogue/monitor/handler/control record; no discrete player-act row.
COREQ-1965,core,V03B,V03B-01,standard,Dawnguard.esm:0163B8,DLC1DialogueHunterBaseScene3,Dawnguard.esm,ok,STRUCTURAL-SILENT,not-needed,SILENT,not-needed,not-needed,not-needed,not-needed,direct_mcp_review=ok; structural/dialogue/monitor/handler/control record; no discrete player-act row.
COREQ-1966,core,V03B,V03B-01,standard,Dawnguard.esm:0163BA,DLC1DialogueHunterBaseScene4,Dawnguard.esm,ok,STRUCTURAL-SILENT,not-needed,SILENT,not-needed,not-needed,not-needed,not-needed,direct_mcp_review=ok; structural/dialogue/monitor/handler/control record; no discrete player-act row.
COREQ-1967,core,V03B,V03B-01,standard,Dawnguard.esm:0163BC,DLC1DialogueHunterBaseScene5,Dawnguard.esm,ok,STRUCTURAL-SILENT,not-needed,SILENT,not-needed,not-needed,not-needed,not-needed,direct_mcp_review=ok; structural/dialogue/monitor/handler/control record; no discrete player-act row.
COREQ-1968,core,V03B,V03B-01,standard,Dawnguard.esm:0163BE,DLC1DialogueHunterBaseScene6,Dawnguard.esm,ok,STRUCTURAL-SILENT,not-needed,SILENT,not-needed,not-needed,not-needed,not-needed,direct_mcp_review=ok; structural/dialogue/monitor/handler/control record; no discrete player-act row.
COREQ-1969,core,V03B,V03B-01,standard,Dawnguard.esm:0163CD,DLC01SoulCairnHorseQuest2,Dawnguard.esm,ok,APPROVED,ok,APPROVED,ok,ok,ok,ok,direct_mcp_review=ok; owner_approved=ok; crossgen=ok; promotion=ok; compile=ok; post_readback=ok.
COREQ-1970,core,V03B,V03B-01,standard,Dawnguard.esm:016673,DLC1VQ04RNPC,Dawnguard.esm,ok,STRUCTURAL-SILENT,not-needed,SILENT,not-needed,not-needed,not-needed,not-needed,direct_mcp_review=ok; structural/dialogue/monitor/handler/control record; no discrete player-act row.
COREQ-1971,core,V03B,V03B-01,standard,Dawnguard.esm:01681C,DLC1VQ07Combat,Dawnguard.esm,ok,STRUCTURAL-SILENT,not-needed,SILENT,not-needed,not-needed,not-needed,not-needed,direct_mcp_review=ok; structural/dialogue/monitor/handler/control record; no discrete player-act row.
COREQ-1972,core,V03B,V03B-01,standard,Dawnguard.esm:016848,DLC1DialogueFerrySystem,Dawnguard.esm,ok,STRUCTURAL-SILENT,not-needed,SILENT,not-needed,not-needed,not-needed,not-needed,direct_mcp_review=ok; structural/dialogue/monitor/handler/control record; no discrete player-act row.
COREQ-1973,core,V03B,V03B-01,standard,Dawnguard.esm:01693D,DLC1DialogueHunterVampireBlock,Dawnguard.esm,ok,STRUCTURAL-SILENT,not-needed,SILENT,not-needed,not-needed,not-needed,not-needed,direct_mcp_review=ok; structural/dialogue/monitor/handler/control record; no discrete player-act row.
COREQ-1974,core,V03B,V03B-01,standard,Dawnguard.esm:01693F,DLC1DialogueVampireCuredBlock,Dawnguard.esm,ok,STRUCTURAL-SILENT,not-needed,SILENT,not-needed,not-needed,not-needed,not-needed,direct_mcp_review=ok; structural/dialogue/monitor/handler/control record; no discrete player-act row.
COREQ-1975,core,V03B,V03B-01,standard,Dawnguard.esm:017648,DLC1EclipseAttack2,Dawnguard.esm,ok,STRUCTURAL-SILENT,not-needed,SILENT,not-needed,not-needed,not-needed,not-needed,direct_mcp_review=ok; structural/dialogue/monitor/handler/control record; no discrete player-act row.
COREQ-1976,core,V03B,V03B-01,standard,Dawnguard.esm:017649,DLC1EclipseAttack3,Dawnguard.esm,ok,STRUCTURAL-SILENT,not-needed,SILENT,not-needed,not-needed,not-needed,not-needed,direct_mcp_review=ok; structural/dialogue/monitor/handler/control record; no discrete player-act row.
COREQ-1977,core,V03B,V03B-01,standard,Dawnguard.esm:01764A,DLC1EclipseAttack4,Dawnguard.esm,ok,STRUCTURAL-SILENT,not-needed,SILENT,not-needed,not-needed,not-needed,not-needed,direct_mcp_review=ok; structural/dialogue/monitor/handler/control record; no discrete player-act row.
COREQ-1978,core,V03B,V03B-01,standard,Dawnguard.esm:01764B,DLC1EclipseAttack5,Dawnguard.esm,ok,STRUCTURAL-SILENT,not-needed,SILENT,not-needed,not-needed,not-needed,not-needed,direct_mcp_review=ok; structural/dialogue/monitor/handler/control record; no discrete player-act row.
COREQ-1979,core,V03B,V03B-01,standard,Dawnguard.esm:01764C,DLC1EclipseAttack6,Dawnguard.esm,ok,STRUCTURAL-SILENT,not-needed,SILENT,not-needed,not-needed,not-needed,not-needed,direct_mcp_review=ok; structural/dialogue/monitor/handler/control record; no discrete player-act row.
COREQ-1980,core,V03B,V03B-01,standard,Dawnguard.esm:0176C2,DLC1VQ05RNPC,Dawnguard.esm,ok,STRUCTURAL-SILENT,not-needed,SILENT,not-needed,not-needed,not-needed,not-needed,direct_mcp_review=ok; structural/dialogue/monitor/handler/control record; no discrete player-act row.
COREQ-1981,core,V03B,V03B-01,standard,Dawnguard.esm:0176C3,DLC1VQ06RNPC,Dawnguard.esm,ok,STRUCTURAL-SILENT,not-needed,SILENT,not-needed,not-needed,not-needed,not-needed,direct_mcp_review=ok; structural/dialogue/monitor/handler/control record; no discrete player-act row.
COREQ-1982,core,V03B,V03B-01,standard,Dawnguard.esm:0176C4,DLC1VQ07RNPC,Dawnguard.esm,ok,STRUCTURAL-SILENT,not-needed,SILENT,not-needed,not-needed,not-needed,not-needed,direct_mcp_review=ok; structural/dialogue/monitor/handler/control record; no discrete player-act row.
COREQ-1983,core,V03B,V03B-01,standard,Dawnguard.esm:017861,DLC1WE03,Dawnguard.esm,ok,STRUCTURAL-SILENT,not-needed,SILENT,not-needed,not-needed,not-needed,not-needed,direct_mcp_review=ok; structural/dialogue/monitor/handler/control record; no discrete player-act row.
COREQ-1984,core,V03B,V03B-01,standard,Dawnguard.esm:017863,DLC1WE04,Dawnguard.esm,ok,STRUCTURAL-SILENT,not-needed,SILENT,not-needed,not-needed,not-needed,not-needed,direct_mcp_review=ok; structural/dialogue/monitor/handler/control record; no discrete player-act row.
COREQ-1985,core,V03B,V03B-01,standard,Dawnguard.esm:017865,DLC1WE05,Dawnguard.esm,ok,STRUCTURAL-SILENT,not-needed,SILENT,not-needed,not-needed,not-needed,not-needed,direct_mcp_review=ok; structural/dialogue/monitor/handler/control record; no discrete player-act row.
COREQ-1986,core,V03B,V03B-01,standard,Dawnguard.esm:017867,DLC1WE06,Dawnguard.esm,ok,STRUCTURAL-SILENT,not-needed,SILENT,not-needed,not-needed,not-needed,not-needed,direct_mcp_review=ok; structural/dialogue/monitor/handler/control record; no discrete player-act row.
COREQ-1987,core,V03B,V03B-01,standard,Dawnguard.esm:017FF3,DLC1DialogueHunterBaseScene7,Dawnguard.esm,ok,STRUCTURAL-SILENT,not-needed,SILENT,not-needed,not-needed,not-needed,not-needed,direct_mcp_review=ok; structural/dialogue/monitor/handler/control record; no discrete player-act row.
COREQ-1988,core,V03B,V03B-01,standard,Dawnguard.esm:017FF5,DLC1DialogueHunterBaseScene8,Dawnguard.esm,ok,STRUCTURAL-SILENT,not-needed,SILENT,not-needed,not-needed,not-needed,not-needed,direct_mcp_review=ok; structural/dialogue/monitor/handler/control record; no discrete player-act row.
COREQ-1989,core,V03B,V03B-01,existing-core-row,Dawnguard.esm:0181BF,DLC1VQElderHandler,Dawnguard.esm,ok,SEMANTIC-SILENT,not-needed,SILENT,not-needed,not-needed,not-needed,not-needed,direct_mcp_review=ok; unsafe s200 disciplined_study attributed another's act to the player and collided across terminals; row removed with no replacement.
COREQ-1990,core,V03B,V03B-01,standard,Dawnguard.esm:01909F,DLC1VampireTutorial,Dawnguard.esm,ok,SEMANTIC-SILENT,not-needed,SILENT,not-needed,not-needed,not-needed,not-needed,direct_mcp_review=ok; radiant/repeatable/cosmetic/misc-objective content is silent under the approved policy.
COREQ-1991,core,V03B,V03B-01,standard,Dawnguard.esm:0190C2,DLC1RNPCGeneralHellos,Dawnguard.esm,ok,STRUCTURAL-SILENT,not-needed,SILENT,not-needed,not-needed,not-needed,not-needed,direct_mcp_review=ok; structural/dialogue/monitor/handler/control record; no discrete player-act row.
COREQ-1992,core,V03B,V03B-01,standard,Dawnguard.esm:0190C3,DLC1RNPCClickedHellos,Dawnguard.esm,ok,STRUCTURAL-SILENT,not-needed,SILENT,not-needed,not-needed,not-needed,not-needed,direct_mcp_review=ok; structural/dialogue/monitor/handler/control record; no discrete player-act row.
COREQ-1993,core,V03B,V03B-01,standard,Dawnguard.esm:01964A,DLC1DialogueVampire,Dawnguard.esm,ok,STRUCTURAL-SILENT,not-needed,SILENT,not-needed,not-needed,not-needed,not-needed,direct_mcp_review=ok; structural/dialogue/monitor/handler/control record; no discrete player-act row.
COREQ-1994,core,V03B,V03B-01,standard,Dawnguard.esm:0198B2,DLC1HunterBaseEnableSet1,Dawnguard.esm,ok,STRUCTURAL-SILENT,not-needed,SILENT,not-needed,not-needed,not-needed,not-needed,direct_mcp_review=ok; structural/dialogue/monitor/handler/control record; no discrete player-act row.
COREQ-1995,core,V03B,V03B-01,standard,Dawnguard.esm:0198F9,DLC1DialogueRefugeeCamp,Dawnguard.esm,ok,STRUCTURAL-SILENT,not-needed,SILENT,not-needed,not-needed,not-needed,not-needed,direct_mcp_review=ok; structural/dialogue/monitor/handler/control record; no discrete player-act row.
COREQ-1996,core,V03B,V03B-01,standard,Dawnguard.esm:01991F,DLC1HunterBaseEnableSet2,Dawnguard.esm,ok,STRUCTURAL-SILENT,not-needed,SILENT,not-needed,not-needed,not-needed,not-needed,direct_mcp_review=ok; structural/dialogue/monitor/handler/control record; no discrete player-act row.
COREQ-1997,core,V03B,V03B-01,standard,Dawnguard.esm:019938,DLC1RV10,Dawnguard.esm,ok,SEMANTIC-SILENT,not-needed,SILENT,not-needed,not-needed,not-needed,not-needed,direct_mcp_review=ok; radiant/repeatable/cosmetic/misc-objective content is silent under the approved policy.
COREQ-1998,core,V03B,V03B-01,standard,Dawnguard.esm:019BB1,DLC1DialogueWerewolfBlock,Dawnguard.esm,ok,STRUCTURAL-SILENT,not-needed,SILENT,not-needed,not-needed,not-needed,not-needed,direct_mcp_review=ok; structural/dialogue/monitor/handler/control record; no discrete player-act row.
COREQ-1999,core,V03B,V03B-01,standard,Dawnguard.esm:019DB9,DLC1VQElderQuestItemHandler,Dawnguard.esm,ok,STRUCTURAL-SILENT,not-needed,SILENT,not-needed,not-needed,not-needed,not-needed,direct_mcp_review=ok; structural/dialogue/monitor/handler/control record; no discrete player-act row.
COREQ-2000,core,V03B,V03B-01,standard,Dawnguard.esm:019DD2,DLC1LDIceDragonFight02,Dawnguard.esm,ok,STRUCTURAL-SILENT,not-needed,SILENT,not-needed,not-needed,not-needed,not-needed,direct_mcp_review=ok; structural/dialogue/monitor/handler/control record; no discrete player-act row.
COREQ-2001,core,V03B,V03B-01,standard,Dawnguard.esm:01A1C1,DLC1VQ08Post,Dawnguard.esm,ok,STRUCTURAL-SILENT,not-needed,SILENT,not-needed,not-needed,not-needed,not-needed,direct_mcp_review=ok; structural/dialogue/monitor/handler/control record; no discrete player-act row.
COREQ-2002,core,V03B,V03B-01,standard,Dawnguard.esm:01A3E4,DLC1VQFVBooks,Dawnguard.esm,ok,SEMANTIC-SILENT,not-needed,SILENT,not-needed,not-needed,not-needed,not-needed,direct_mcp_review=ok; radiant/repeatable/cosmetic/misc-objective content is silent under the approved policy.
COREQ-2003,core,V03B,V03B-01,standard,Dawnguard.esm:01A415,DLC1VQCastleGuard,Dawnguard.esm,ok,STRUCTURAL-SILENT,not-needed,SILENT,not-needed,not-needed,not-needed,not-needed,direct_mcp_review=ok; structural/dialogue/monitor/handler/control record; no discrete player-act row.
COREQ-2004,core,V03B,V03B-01,standard,Dawnguard.esm:01A428,DLC1VCController,Dawnguard.esm,ok,STRUCTURAL-SILENT,not-needed,SILENT,not-needed,not-needed,not-needed,not-needed,direct_mcp_review=ok; structural/dialogue/monitor/handler/control record; no discrete player-act row.
COREQ-2005,core,V03B,V03B-01,standard,Dawnguard.esm:01A8BB,DLC1VQ08HunterMove,Dawnguard.esm,ok,STRUCTURAL-SILENT,not-needed,SILENT,not-needed,not-needed,not-needed,not-needed,direct_mcp_review=ok; structural/dialogue/monitor/handler/control record; no discrete player-act row.
COREQ-2006,core,V03B,V03B-01,standard,Dawnguard.esm:01AA70,DLC1HireableDogs,Dawnguard.esm,ok,STRUCTURAL-SILENT,not-needed,SILENT,not-needed,not-needed,not-needed,not-needed,direct_mcp_review=ok; structural/dialogue/monitor/handler/control record; no discrete player-act row.
COREQ-2007,core,V03B,V03B-01,standard,Dawnguard.esm:01AA71,DLC1DialogueGuardsGeneral,Dawnguard.esm,ok,STRUCTURAL-SILENT,not-needed,SILENT,not-needed,not-needed,not-needed,not-needed,direct_mcp_review=ok; structural/dialogue/monitor/handler/control record; no discrete player-act row.
COREQ-2008,core,V03B,V03B-01,standard,Skyrim.esm:000E46,CreatureDialogueWerewolf,Dawnguard.esm,ok,STRUCTURAL-SILENT,not-needed,SILENT,not-needed,not-needed,not-needed,not-needed,direct_mcp_review=ok; structural/dialogue/monitor/handler/control record; no discrete player-act row.
COREQ-2009,core,V03B,V03B-01,existing-core-row,Skyrim.esm:01CEF4,C03,Dawnguard.esm,ok,APPROVED,not-needed,APPROVED,ok,ok,ok,ok,direct_mcp_review=ok; owner_approved=ok; crossgen=ok; promotion=ok; compile=ok; post_readback=ok.
COREQ-2010,core,V03B,V03B-01,existing-core-row,Skyrim.esm:021551,TG05,Dawnguard.esm,ok,SEMANTIC-SILENT,not-needed,SILENT,not-needed,not-needed,not-needed,not-needed,direct_mcp_review=ok; unsafe s60/s200 struggle rows removed because they do not evidence a deliberate player act.
COREQ-2011,core,V03B,V03B-01,existing-core-row,Skyrim.esm:021554,TG08B,Dawnguard.esm,ok,APPROVED,ok,APPROVED,ok,ok,ok,ok,direct_mcp_review=ok; owner_approved=ok; crossgen=ok; promotion=ok; compile=ok; post_readback=ok.
COREQ-2012,core,V03B,V03B-01,existing-core-row,Skyrim.esm:0242AF,DA16,Dawnguard.esm,ok,APPROVED,ok,APPROVED,ok,ok,ok,ok,direct_mcp_review=ok; owner_approved=ok; crossgen=ok; promotion=ok; compile=ok; post_readback=ok.
COREQ-2013,core,V03B,V03B-01,standard,Skyrim.esm:02BA16,PlayerWerewolfQuest,Dawnguard.esm,ok,STRUCTURAL-SILENT,not-needed,SILENT,not-needed,not-needed,not-needed,not-needed,direct_mcp_review=ok; structural/dialogue/monitor/handler/control record; no discrete player-act row.
COREQ-2014,core,V03B,V03B-01,standard,Skyrim.esm:02C367,TG05SP,Dawnguard.esm,ok,STRUCTURAL-SILENT,not-needed,SILENT,not-needed,not-needed,not-needed,not-needed,direct_mcp_review=ok; structural/dialogue/monitor/handler/control record; no discrete player-act row.
COREQ-2015,core,V03B,V03B-01,existing-core-row,Skyrim.esm:02D512,DA04,Dawnguard.esm,ok,APPROVED,not-needed,APPROVED,ok,ok,ok,ok,direct_mcp_review=ok; owner_approved=ok; crossgen=ok; promotion=ok; compile=ok; post_readback=ok.
COREQ-2016,core,V03B,V03B-01,standard,Skyrim.esm:05C625,VC01,Dawnguard.esm,ok,APPROVED,not-needed,APPROVED,ok,ok,ok,ok,direct_mcp_review=ok; owner_approved=ok; crossgen=ok; promotion=ok; compile=ok; post_readback=ok.
COREQ-2017,core,V03B,V03B-01,standard,Skyrim.esm:0AEBFE,C03Rampage,Dawnguard.esm,ok,STRUCTURAL-SILENT,not-needed,SILENT,not-needed,not-needed,not-needed,not-needed,direct_mcp_review=ok; structural/dialogue/monitor/handler/control record; no discrete player-act row.
COREQ-2018,core,V03B,V03B-01,standard,Skyrim.esm:0D8312,DialogueGenericVampire,Dawnguard.esm,ok,STRUCTURAL-SILENT,not-needed,SILENT,not-needed,not-needed,not-needed,not-needed,direct_mcp_review=ok; structural/dialogue/monitor/handler/control record; no discrete player-act row.
COREQ-2019,core,V03B,V03B-01,standard,Skyrim.esm:0EAFD5,PlayerVampireQuest,Dawnguard.esm,ok,STRUCTURAL-SILENT,not-needed,SILENT,not-needed,not-needed,not-needed,not-needed,direct_mcp_review=ok; structural/dialogue/monitor/handler/control record; no discrete player-act row.
COREQ-2020,core,V03B,V03B-01,standard,Skyrim.esm:0F6090,PlayerWerewolfCureQuest,Dawnguard.esm,ok,STRUCTURAL-SILENT,not-needed,SILENT,not-needed,not-needed,not-needed,not-needed,direct_mcp_review=ok; structural/dialogue/monitor/handler/control record; no discrete player-act row.
COREQ-2021,core,V03C,V03C-01,standard,Dragonborn.esm:016E02,DLC2Init,Dragonborn.esm,ok,STRUCTURAL-SILENT,not-needed,SILENT,not-needed,not-needed,not-needed,not-needed,direct_mcp_review=ok; structural/dialogue/monitor/handler/control record; no discrete player-act row.
COREQ-2022,core,V03C,V03C-01,existing-core-row,Dragonborn.esm:016E1F,DLC2MQ04,Dragonborn.esm,ok,APPROVED,not-needed,APPROVED,ok,ok,ok,ok,direct_mcp_review=ok; owner_approved=ok; crossgen=ok; promotion=ok; compile=ok; post_readback=ok.
COREQ-2023,core,V03C,V03C-01,standard,Dragonborn.esm:016E21,DLC2BookDungeonController,Dragonborn.esm,ok,STRUCTURAL-SILENT,not-needed,SILENT,not-needed,not-needed,not-needed,not-needed,direct_mcp_review=ok; structural/dialogue/monitor/handler/control record; no discrete player-act row.
COREQ-2024,core,V03C,V03C-01,standard,Dragonborn.esm:0173BE,DLC2dunNchardakTracking,Dragonborn.esm,ok,STRUCTURAL-SILENT,not-needed,SILENT,not-needed,not-needed,not-needed,not-needed,direct_mcp_review=ok; structural/dialogue/monitor/handler/control record; no discrete player-act row.
COREQ-2025,core,V03C,V03C-01,standard,Dragonborn.esm:017962,DLC2ExpSpiderQuest,Dragonborn.esm,ok,STRUCTURAL-SILENT,not-needed,SILENT,not-needed,not-needed,not-needed,not-needed,direct_mcp_review=ok; structural/dialogue/monitor/handler/control record; no discrete player-act row.
COREQ-2026,core,V03C,V03C-01,existing-core-row,Dragonborn.esm:0179D7,DLC2MQ06,Dragonborn.esm,ok,APPROVED,not-needed,APPROVED,ok,ok,ok,ok,direct_mcp_review=ok; owner_approved=ok; crossgen=ok; promotion=ok; compile=ok; post_readback=ok.
COREQ-2027,core,V03C,V03C-01,existing-core-row,Dragonborn.esm:0179DE,DLC2MQ05,Dragonborn.esm,ok,APPROVED,not-needed,APPROVED,ok,ok,ok,ok,direct_mcp_review=ok; owner_approved=ok; crossgen=ok; promotion=ok; compile=ok; post_readback=ok.
COREQ-2028,core,V03C,V03C-01,standard,Dragonborn.esm:0179E2,DLC2TameDragon,Dragonborn.esm,ok,STRUCTURAL-SILENT,not-needed,SILENT,not-needed,not-needed,not-needed,not-needed,direct_mcp_review=ok; structural/dialogue/monitor/handler/control record; no discrete player-act row.
COREQ-2029,core,V03C,V03C-01,standard,Dragonborn.esm:017E85,DLC2DialogueTelMithryn,Dragonborn.esm,ok,STRUCTURAL-SILENT,not-needed,SILENT,not-needed,not-needed,not-needed,not-needed,direct_mcp_review=ok; structural/dialogue/monitor/handler/control record; no discrete player-act row.
COREQ-2030,core,V03C,V03C-01,standard,Dragonborn.esm:017E8D,DLC2TT1,Dragonborn.esm,ok,APPROVED,ok,APPROVED,ok,ok,ok,ok,direct_mcp_review=ok; owner_approved=ok; s500 civic_service is valid but has zero current deity consumers; semantic-inert promotion and direct post-readback are complete; compile=ok.
COREQ-2031,core,V03C,V03C-01,existing-core-row,Dragonborn.esm:017F8E,DLC2MQ01,Dragonborn.esm,ok,SEMANTIC-SILENT,not-needed,SILENT,not-needed,not-needed,not-needed,not-needed,direct_mcp_review=ok; unsafe law/struggle rows described investigation and travel rather than a discrete player act; removed with no replacement.
COREQ-2032,core,V03C,V03C-01,existing-core-row,Dragonborn.esm:017F8F,DLC2MQ02,Dragonborn.esm,ok,APPROVED,not-needed,APPROVED,ok,ok,ok,ok,direct_mcp_review=ok; owner_approved=ok; crossgen=ok; promotion=ok; compile=ok; post_readback=ok.
COREQ-2033,core,V03C,V03C-01,standard,Dragonborn.esm:017F90,DLC2MQ03,Dragonborn.esm,ok,APPROVED,not-needed,APPROVED,ok,ok,ok,ok,direct_mcp_review=ok; owner_approved=ok; crossgen=ok; promotion=ok; compile=ok; post_readback=ok.
COREQ-2034,core,V03C,V03C-01,standard,Dragonborn.esm:01810B,DLC2dunKolbjornQST,Dragonborn.esm,ok,APPROVED,ok,APPROVED,ok,ok,ok,ok,direct_mcp_review=ok; owner_approved=ok; crossgen=ok; promotion=ok; compile=ok; post_readback=ok.
COREQ-2035,core,V03C,V03C-01,existing-core-row,Dragonborn.esm:01844E,DLC2TT1b,Dragonborn.esm,ok,APPROVED,ok,APPROVED,ok,ok,ok,ok,direct_mcp_review=ok; owner_approved=ok; crossgen=ok; promotion=ok; compile=ok; post_readback=ok.
COREQ-2036,core,V03C,V03C-01,standard,Dragonborn.esm:01847D,DLC2FlingQuest,Dragonborn.esm,ok,STRUCTURAL-SILENT,not-needed,SILENT,not-needed,not-needed,not-needed,not-needed,direct_mcp_review=ok; structural/dialogue/monitor/handler/control record; no discrete player-act row.
COREQ-2037,core,V03C,V03C-01,standard,Dragonborn.esm:018B0F,DLC2DialogueRavenRock,Dragonborn.esm,ok,STRUCTURAL-SILENT,not-needed,SILENT,not-needed,not-needed,not-needed,not-needed,direct_mcp_review=ok; structural/dialogue/monitor/handler/control record; no discrete player-act row.
COREQ-2038,core,V03C,V03C-01,existing-core-row,Dragonborn.esm:018B13,DLC2RR01,Dragonborn.esm,ok,APPROVED,not-needed,APPROVED,ok,ok,ok,ok,direct_mcp_review=ok; owner_approved=ok; crossgen=ok; promotion=ok; compile=ok; post_readback=ok.
COREQ-2039,core,V03C,V03C-01,existing-core-row,Dragonborn.esm:018B14,DLC2RR02,Dragonborn.esm,ok,APPROVED,not-needed,APPROVED,ok,ok,ok,ok,direct_mcp_review=ok; owner_approved=ok; crossgen=ok; promotion=ok; compile=ok; post_readback=ok.
COREQ-2040,core,V03C,V03C-01,existing-core-row,Dragonborn.esm:018B15,DLC2RR03,Dragonborn.esm,ok,APPROVED,not-needed,APPROVED,ok,ok,ok,ok,direct_mcp_review=ok; owner_approved=ok; crossgen=ok; promotion=ok; compile=ok; post_readback=ok.
COREQ-2041,core,V03C,V03C-01,existing-core-row,Dragonborn.esm:0195A1,DLC2TT2,Dragonborn.esm,ok,APPROVED,ok,APPROVED,ok,ok,ok,ok,direct_mcp_review=ok; owner_approved=ok; crossgen=ok; promotion=ok; compile=ok; post_readback=ok.
COREQ-2042,core,V03C,V03C-01,standard,Dragonborn.esm:01991F,DLC2RRMorvaynManorScene01,Dragonborn.esm,ok,STRUCTURAL-SILENT,not-needed,SILENT,not-needed,not-needed,not-needed,not-needed,direct_mcp_review=ok; structural/dialogue/monitor/handler/control record; no discrete player-act row.
COREQ-2043,core,V03C,V03C-01,standard,Dragonborn.esm:019921,DLC2RRMorvaynManorScene02,Dragonborn.esm,ok,STRUCTURAL-SILENT,not-needed,SILENT,not-needed,not-needed,not-needed,not-needed,direct_mcp_review=ok; structural/dialogue/monitor/handler/control record; no discrete player-act row.
COREQ-2044,core,V03C,V03C-01,standard,Dragonborn.esm:019923,DLC2RRMorvaynManorScene03,Dragonborn.esm,ok,STRUCTURAL-SILENT,not-needed,SILENT,not-needed,not-needed,not-needed,not-needed,direct_mcp_review=ok; structural/dialogue/monitor/handler/control record; no discrete player-act row.
COREQ-2045,core,V03C,V03C-01,standard,Dragonborn.esm:019925,DLC2RRMorvaynManorScene04,Dragonborn.esm,ok,STRUCTURAL-SILENT,not-needed,SILENT,not-needed,not-needed,not-needed,not-needed,direct_mcp_review=ok; structural/dialogue/monitor/handler/control record; no discrete player-act row.
COREQ-2046,core,V03C,V03C-01,standard,Dragonborn.esm:019927,DLC2RRMorvaynManorScene05,Dragonborn.esm,ok,STRUCTURAL-SILENT,not-needed,SILENT,not-needed,not-needed,not-needed,not-needed,direct_mcp_review=ok; structural/dialogue/monitor/handler/control record; no discrete player-act row.
COREQ-2047,core,V03C,V03C-01,standard,Dragonborn.esm:019929,DLC2RRMorvaynManorScene06,Dragonborn.esm,ok,STRUCTURAL-SILENT,not-needed,SILENT,not-needed,not-needed,not-needed,not-needed,direct_mcp_review=ok; structural/dialogue/monitor/handler/control record; no discrete player-act row.
COREQ-2048,core,V03C,V03C-01,standard,Dragonborn.esm:01992B,DLC2RRTempleScene01,Dragonborn.esm,ok,STRUCTURAL-SILENT,not-needed,SILENT,not-needed,not-needed,not-needed,not-needed,direct_mcp_review=ok; structural/dialogue/monitor/handler/control record; no discrete player-act row.
COREQ-2049,core,V03C,V03C-01,standard,Dragonborn.esm:01992D,DLC2RRTempleScene02,Dragonborn.esm,ok,STRUCTURAL-SILENT,not-needed,SILENT,not-needed,not-needed,not-needed,not-needed,direct_mcp_review=ok; structural/dialogue/monitor/handler/control record; no discrete player-act row.
COREQ-2050,core,V03C,V03C-01,standard,Dragonborn.esm:01992F,DLC2RRAlorHouseScene01,Dragonborn.esm,ok,STRUCTURAL-SILENT,not-needed,SILENT,not-needed,not-needed,not-needed,not-needed,direct_mcp_review=ok; structural/dialogue/monitor/handler/control record; no discrete player-act row.
COREQ-2051,core,V03C,V03C-01,standard,Dragonborn.esm:019931,DLC2RRAlorHouseScene02,Dragonborn.esm,ok,STRUCTURAL-SILENT,not-needed,SILENT,not-needed,not-needed,not-needed,not-needed,direct_mcp_review=ok; structural/dialogue/monitor/handler/control record; no discrete player-act row.
COREQ-2052,core,V03C,V03C-01,standard,Dragonborn.esm:019933,DLC2RRTempleScene03,Dragonborn.esm,ok,STRUCTURAL-SILENT,not-needed,SILENT,not-needed,not-needed,not-needed,not-needed,direct_mcp_review=ok; structural/dialogue/monitor/handler/control record; no discrete player-act row.
COREQ-2053,core,V03C,V03C-01,standard,Dragonborn.esm:019935,DLC2RRCresciusHouseScene01,Dragonborn.esm,ok,STRUCTURAL-SILENT,not-needed,SILENT,not-needed,not-needed,not-needed,not-needed,direct_mcp_review=ok; structural/dialogue/monitor/handler/control record; no discrete player-act row.
COREQ-2054,core,V03C,V03C-01,standard,Dragonborn.esm:019937,DLC2RRCresciusHouseScene02,Dragonborn.esm,ok,STRUCTURAL-SILENT,not-needed,SILENT,not-needed,not-needed,not-needed,not-needed,direct_mcp_review=ok; structural/dialogue/monitor/handler/control record; no discrete player-act row.
COREQ-2055,core,V03C,V03C-01,standard,Dragonborn.esm:019939,DLC2RRSeverinManorScene01,Dragonborn.esm,ok,STRUCTURAL-SILENT,not-needed,SILENT,not-needed,not-needed,not-needed,not-needed,direct_mcp_review=ok; structural/dialogue/monitor/handler/control record; no discrete player-act row.
COREQ-2056,core,V03C,V03C-01,standard,Dragonborn.esm:01993B,DLC2RRSeverinManorScene02,Dragonborn.esm,ok,STRUCTURAL-SILENT,not-needed,SILENT,not-needed,not-needed,not-needed,not-needed,direct_mcp_review=ok; structural/dialogue/monitor/handler/control record; no discrete player-act row.
COREQ-2057,core,V03C,V03C-01,standard,Dragonborn.esm:01993D,DLC2RRSeverinManorScene03,Dragonborn.esm,ok,STRUCTURAL-SILENT,not-needed,SILENT,not-needed,not-needed,not-needed,not-needed,direct_mcp_review=ok; structural/dialogue/monitor/handler/control record; no discrete player-act row.
COREQ-2058,core,V03C,V03C-01,standard,Dragonborn.esm:01993F,DLC2RRAnyLocScene15,Dragonborn.esm,ok,STRUCTURAL-SILENT,not-needed,SILENT,not-needed,not-needed,not-needed,not-needed,direct_mcp_review=ok; structural/dialogue/monitor/handler/control record; no discrete player-act row.
COREQ-2059,core,V03C,V03C-01,standard,Dragonborn.esm:019941,DLC2RRIenthFarmScene02,Dragonborn.esm,ok,STRUCTURAL-SILENT,not-needed,SILENT,not-needed,not-needed,not-needed,not-needed,direct_mcp_review=ok; structural/dialogue/monitor/handler/control record; no discrete player-act row.
COREQ-2060,core,V03C,V03C-01,standard,Dragonborn.esm:019943,DLC2RRNetchScene01,Dragonborn.esm,ok,STRUCTURAL-SILENT,not-needed,SILENT,not-needed,not-needed,not-needed,not-needed,direct_mcp_review=ok; structural/dialogue/monitor/handler/control record; no discrete player-act row.
COREQ-2061,core,V03C,V03C-01,standard,Dragonborn.esm:019945,DLC2RRNetchScene02,Dragonborn.esm,ok,STRUCTURAL-SILENT,not-needed,SILENT,not-needed,not-needed,not-needed,not-needed,direct_mcp_review=ok; structural/dialogue/monitor/handler/control record; no discrete player-act row.
COREQ-2062,core,V03C,V03C-01,standard,Dragonborn.esm:019947,DLC2RRNetchScene03,Dragonborn.esm,ok,STRUCTURAL-SILENT,not-needed,SILENT,not-needed,not-needed,not-needed,not-needed,direct_mcp_review=ok; structural/dialogue/monitor/handler/control record; no discrete player-act row.
COREQ-2063,core,V03C,V03C-01,standard,Dragonborn.esm:019949,DLC2RRNetchScene04,Dragonborn.esm,ok,STRUCTURAL-SILENT,not-needed,SILENT,not-needed,not-needed,not-needed,not-needed,direct_mcp_review=ok; structural/dialogue/monitor/handler/control record; no discrete player-act row.
COREQ-2064,core,V03C,V03C-01,standard,Dragonborn.esm:01994B,DLC2RRNetchScene05,Dragonborn.esm,ok,STRUCTURAL-SILENT,not-needed,SILENT,not-needed,not-needed,not-needed,not-needed,direct_mcp_review=ok; structural/dialogue/monitor/handler/control record; no discrete player-act row.
COREQ-2065,core,V03C,V03C-01,standard,Dragonborn.esm:01994D,DLC2RRNetchScene06,Dragonborn.esm,ok,STRUCTURAL-SILENT,not-needed,SILENT,not-needed,not-needed,not-needed,not-needed,direct_mcp_review=ok; structural/dialogue/monitor/handler/control record; no discrete player-act row.
COREQ-2066,core,V03C,V03C-01,standard,Dragonborn.esm:01994F,DLC2RRNetchScene07,Dragonborn.esm,ok,STRUCTURAL-SILENT,not-needed,SILENT,not-needed,not-needed,not-needed,not-needed,direct_mcp_review=ok; structural/dialogue/monitor/handler/control record; no discrete player-act row.
COREQ-2067,core,V03C,V03C-01,standard,Dragonborn.esm:019B49,DLC2DialogueSkaalVillage,Dragonborn.esm,ok,STRUCTURAL-SILENT,not-needed,SILENT,not-needed,not-needed,not-needed,not-needed,direct_mcp_review=ok; structural/dialogue/monitor/handler/control record; no discrete player-act row.
COREQ-2068,core,V03C,V03C-01,existing-core-row,Dragonborn.esm:019B4A,DLC2SV01,Dragonborn.esm,ok,APPROVED,not-needed,APPROVED,ok,ok,ok,ok,direct_mcp_review=ok; owner_approved=ok; crossgen=ok; promotion=ok; compile=ok; post_readback=ok.
COREQ-2069,core,V03C,V03C-01,standard,Dragonborn.esm:019C32,DLC2RRAnyLocScene01,Dragonborn.esm,ok,STRUCTURAL-SILENT,not-needed,SILENT,not-needed,not-needed,not-needed,not-needed,direct_mcp_review=ok; structural/dialogue/monitor/handler/control record; no discrete player-act row.
COREQ-2070,core,V03C,V03C-01,standard,Dragonborn.esm:019C34,DLC2RRAnyLocScene02,Dragonborn.esm,ok,STRUCTURAL-SILENT,not-needed,SILENT,not-needed,not-needed,not-needed,not-needed,direct_mcp_review=ok; structural/dialogue/monitor/handler/control record; no discrete player-act row.
COREQ-2071,core,V03C,V03C-01,standard,Dragonborn.esm:019C36,DLC2RRAnyLocScene03,Dragonborn.esm,ok,STRUCTURAL-SILENT,not-needed,SILENT,not-needed,not-needed,not-needed,not-needed,direct_mcp_review=ok; structural/dialogue/monitor/handler/control record; no discrete player-act row.
COREQ-2072,core,V03C,V03C-01,standard,Dragonborn.esm:019C38,DLC2RRAnyLocScene04,Dragonborn.esm,ok,STRUCTURAL-SILENT,not-needed,SILENT,not-needed,not-needed,not-needed,not-needed,direct_mcp_review=ok; structural/dialogue/monitor/handler/control record; no discrete player-act row.
COREQ-2073,core,V03C,V03C-01,standard,Dragonborn.esm:019C3A,DLC2RRAnyLocScene05,Dragonborn.esm,ok,STRUCTURAL-SILENT,not-needed,SILENT,not-needed,not-needed,not-needed,not-needed,direct_mcp_review=ok; structural/dialogue/monitor/handler/control record; no discrete player-act row.
COREQ-2074,core,V03C,V03C-01,standard,Dragonborn.esm:019C3C,DLC2RRAnyLocScene06,Dragonborn.esm,ok,STRUCTURAL-SILENT,not-needed,SILENT,not-needed,not-needed,not-needed,not-needed,direct_mcp_review=ok; structural/dialogue/monitor/handler/control record; no discrete player-act row.
COREQ-2075,core,V03C,V03C-01,standard,Dragonborn.esm:019C3E,DLC2RRAnyLocScene07,Dragonborn.esm,ok,STRUCTURAL-SILENT,not-needed,SILENT,not-needed,not-needed,not-needed,not-needed,direct_mcp_review=ok; structural/dialogue/monitor/handler/control record; no discrete player-act row.
COREQ-2076,core,V03C,V03C-01,standard,Dragonborn.esm:019C40,DLC2RRAnyLocScene08,Dragonborn.esm,ok,STRUCTURAL-SILENT,not-needed,SILENT,not-needed,not-needed,not-needed,not-needed,direct_mcp_review=ok; structural/dialogue/monitor/handler/control record; no discrete player-act row.
COREQ-2077,core,V03C,V03C-01,standard,Dragonborn.esm:019C42,DLC2RRAnyLocScene09,Dragonborn.esm,ok,STRUCTURAL-SILENT,not-needed,SILENT,not-needed,not-needed,not-needed,not-needed,direct_mcp_review=ok; structural/dialogue/monitor/handler/control record; no discrete player-act row.
COREQ-2078,core,V03C,V03C-01,standard,Dragonborn.esm:019C44,DLC2RRAnyLocScene10,Dragonborn.esm,ok,STRUCTURAL-SILENT,not-needed,SILENT,not-needed,not-needed,not-needed,not-needed,direct_mcp_review=ok; structural/dialogue/monitor/handler/control record; no discrete player-act row.
COREQ-2079,core,V03C,V03C-01,standard,Dragonborn.esm:019C46,DLC2RRAnyLocScene11,Dragonborn.esm,ok,STRUCTURAL-SILENT,not-needed,SILENT,not-needed,not-needed,not-needed,not-needed,direct_mcp_review=ok; structural/dialogue/monitor/handler/control record; no discrete player-act row.
COREQ-2080,core,V03C,V03C-01,standard,Dragonborn.esm:019C48,DLC2RRAnyLocScene12,Dragonborn.esm,ok,STRUCTURAL-SILENT,not-needed,SILENT,not-needed,not-needed,not-needed,not-needed,direct_mcp_review=ok; structural/dialogue/monitor/handler/control record; no discrete player-act row.
COREQ-2081,core,V03C,V03C-01,standard,Dragonborn.esm:019C4B,DLC2RRBeggarScene,Dragonborn.esm,ok,STRUCTURAL-SILENT,not-needed,SILENT,not-needed,not-needed,not-needed,not-needed,direct_mcp_review=ok; structural/dialogue/monitor/handler/control record; no discrete player-act row.
COREQ-2082,core,V03C,V03C-01,standard,Dragonborn.esm:019C4E,DLC2RRGuardDialogue,Dragonborn.esm,ok,STRUCTURAL-SILENT,not-needed,SILENT,not-needed,not-needed,not-needed,not-needed,direct_mcp_review=ok; structural/dialogue/monitor/handler/control record; no discrete player-act row.
COREQ-2083,core,V03C,V03C-01,existing-core-row,Dragonborn.esm:01A50B,DLC2MH01,Dragonborn.esm,ok,APPROVED,ok,APPROVED,ok,ok,ok,ok,direct_mcp_review=ok; owner_approved=ok; crossgen=ok; promotion=ok; compile=ok; post_readback=ok.
COREQ-2084,core,V03C,V03C-01,existing-core-row,Dragonborn.esm:01A50C,DLC2MH02,Dragonborn.esm,ok,APPROVED,ok,APPROVED,ok,ok,ok,ok,direct_mcp_review=ok; owner_approved=ok; crossgen=ok; promotion=ok; compile=ok; post_readback=ok.
COREQ-2085,core,V03C,V03C-01,standard,Dragonborn.esm:01A523,DLC2MHRieklingHandler,Dragonborn.esm,ok,STRUCTURAL-SILENT,not-needed,SILENT,not-needed,not-needed,not-needed,not-needed,direct_mcp_review=ok; structural/dialogue/monitor/handler/control record; no discrete player-act row.
COREQ-2086,core,V03C,V03C-01,standard,Dragonborn.esm:01A52F,DLC2DialogueThirskMeadHall,Dragonborn.esm,ok,STRUCTURAL-SILENT,not-needed,SILENT,not-needed,not-needed,not-needed,not-needed,direct_mcp_review=ok; structural/dialogue/monitor/handler/control record; no discrete player-act row.
COREQ-2087,core,V03C,V03C-01,standard,Dragonborn.esm:01A53F,DLC2MHBujoldKuvarScene01,Dragonborn.esm,ok,STRUCTURAL-SILENT,not-needed,SILENT,not-needed,not-needed,not-needed,not-needed,direct_mcp_review=ok; structural/dialogue/monitor/handler/control record; no discrete player-act row.
COREQ-2088,core,V03C,V03C-01,standard,Dragonborn.esm:01A541,DLC2MHBujoldKuvarScene02,Dragonborn.esm,ok,STRUCTURAL-SILENT,not-needed,SILENT,not-needed,not-needed,not-needed,not-needed,direct_mcp_review=ok; structural/dialogue/monitor/handler/control record; no discrete player-act row.
COREQ-2089,core,V03C,V03C-01,standard,Dragonborn.esm:01A543,DLC2MHBujoldKuvarScene03,Dragonborn.esm,ok,STRUCTURAL-SILENT,not-needed,SILENT,not-needed,not-needed,not-needed,not-needed,direct_mcp_review=ok; structural/dialogue/monitor/handler/control record; no discrete player-act row.
COREQ-2090,core,V03C,V03C-01,standard,Dragonborn.esm:01A545,DLC2MHBujoldHilundScene,Dragonborn.esm,ok,STRUCTURAL-SILENT,not-needed,SILENT,not-needed,not-needed,not-needed,not-needed,direct_mcp_review=ok; structural/dialogue/monitor/handler/control record; no discrete player-act row.
COREQ-2091,core,V03C,V03C-01,existing-core-row,Dragonborn.esm:01AAB0,DLC2TTF1,Dragonborn.esm,ok,APPROVED,not-needed,APPROVED,ok,ok,ok,ok,direct_mcp_review=ok; owner_approved=ok; crossgen=ok; promotion=ok; compile=ok; post_readback=ok.
COREQ-2092,core,V03C,V03C-01,existing-core-row,Dragonborn.esm:01AAC8,DLC2TTF2,Dragonborn.esm,ok,APPROVED,not-needed,APPROVED,ok,ok,ok,ok,direct_mcp_review=ok; owner_approved=ok; crossgen=ok; promotion=ok; compile=ok; post_readback=ok.
COREQ-2093,core,V03C,V03C-01,existing-core-row,Dragonborn.esm:01B65D,DLC2TTR3a,Dragonborn.esm,ok,SEMANTIC-SILENT,not-needed,SILENT,not-needed,not-needed,not-needed,not-needed,direct_mcp_review=ok; unsafe study row attributed Neloth's research to the player; mundane delivery remains silent.
COREQ-2094,core,V03C,V03C-01,existing-core-row,Dragonborn.esm:01B65F,DLC2TTR1,Dragonborn.esm,ok,SEMANTIC-SILENT,not-needed,SILENT,not-needed,not-needed,not-needed,not-needed,direct_mcp_review=ok; unsafe study row attributed Neloth's act to the player; radiant retrieval remains silent.
COREQ-2095,core,V03C,V03C-01,existing-core-row,Dragonborn.esm:01B664,DLC2TTR4a,Dragonborn.esm,ok,APPROVED,ok,APPROVED,ok,ok,ok,ok,direct_mcp_review=ok; owner_approved=ok; crossgen=ok; promotion=ok; compile=ok; post_readback=ok.
COREQ-2096,core,V03C,V03C-01,standard,Dragonborn.esm:01BBF1,DLC2SVFanariTharstanScene01,Dragonborn.esm,ok,STRUCTURAL-SILENT,not-needed,SILENT,not-needed,not-needed,not-needed,not-needed,direct_mcp_review=ok; structural/dialogue/monitor/handler/control record; no discrete player-act row.
COREQ-2097,core,V03C,V03C-01,standard,Dragonborn.esm:01BBF3,DLC2SVFanariTharstanScene02,Dragonborn.esm,ok,STRUCTURAL-SILENT,not-needed,SILENT,not-needed,not-needed,not-needed,not-needed,direct_mcp_review=ok; structural/dialogue/monitor/handler/control record; no discrete player-act row.
COREQ-2098,core,V03C,V03C-01,standard,Dragonborn.esm:01BBF5,DLC2SVDeorWulfScene01,Dragonborn.esm,ok,STRUCTURAL-SILENT,not-needed,SILENT,not-needed,not-needed,not-needed,not-needed,direct_mcp_review=ok; structural/dialogue/monitor/handler/control record; no discrete player-act row.
COREQ-2099,core,V03C,V03C-01,standard,Dragonborn.esm:01BBF7,DLC2SVOslafYrsaScene01,Dragonborn.esm,ok,STRUCTURAL-SILENT,not-needed,SILENT,not-needed,not-needed,not-needed,not-needed,direct_mcp_review=ok; structural/dialogue/monitor/handler/control record; no discrete player-act row.
COREQ-2100,core,V03C,V03C-01,standard,Dragonborn.esm:01BBF9,DLC2SVMorwenTharstanScene01,Dragonborn.esm,ok,STRUCTURAL-SILENT,not-needed,SILENT,not-needed,not-needed,not-needed,not-needed,direct_mcp_review=ok; structural/dialogue/monitor/handler/control record; no discrete player-act row.
COREQ-2101,core,V03C,V03C-01,standard,Dragonborn.esm:01BD10,DLC2TelMithrynNelothTalvasScene01,Dragonborn.esm,ok,STRUCTURAL-SILENT,not-needed,SILENT,not-needed,not-needed,not-needed,not-needed,direct_mcp_review=ok; structural/dialogue/monitor/handler/control record; no discrete player-act row.
COREQ-2102,core,V03C,V03C-01,standard,Dragonborn.esm:01BD12,DLC2TelMithrynNelothTalvasScene02,Dragonborn.esm,ok,STRUCTURAL-SILENT,not-needed,SILENT,not-needed,not-needed,not-needed,not-needed,direct_mcp_review=ok; structural/dialogue/monitor/handler/control record; no discrete player-act row.
COREQ-2103,core,V03C,V03C-01,standard,Dragonborn.esm:01BD14,DLC2TelMithrynNelothTalvasScene03,Dragonborn.esm,ok,STRUCTURAL-SILENT,not-needed,SILENT,not-needed,not-needed,not-needed,not-needed,direct_mcp_review=ok; structural/dialogue/monitor/handler/control record; no discrete player-act row.
COREQ-2104,core,V03C,V03C-01,standard,Dragonborn.esm:01BD16,DLC2TelMithrynNelothTalvasScene04,Dragonborn.esm,ok,STRUCTURAL-SILENT,not-needed,SILENT,not-needed,not-needed,not-needed,not-needed,direct_mcp_review=ok; structural/dialogue/monitor/handler/control record; no discrete player-act row.
COREQ-2105,core,V03C,V03C-01,existing-core-row,Dragonborn.esm:01BD18,DLC2TTR7,Dragonborn.esm,ok,SEMANTIC-SILENT,not-needed,SILENT,not-needed,not-needed,not-needed,not-needed,direct_mcp_review=ok; unsafe study row attributed Neloth's research to the player; radiant retrieval remains silent.
COREQ-2106,core,V03C,V03C-01,standard,Dragonborn.esm:01BD42,DLC2SVOslafAetaScene01,Dragonborn.esm,ok,STRUCTURAL-SILENT,not-needed,SILENT,not-needed,not-needed,not-needed,not-needed,direct_mcp_review=ok; structural/dialogue/monitor/handler/control record; no discrete player-act row.
COREQ-2107,core,V03C,V03C-01,standard,Dragonborn.esm:01BD44,DLC2SVEdlaNikulasScene01,Dragonborn.esm,ok,STRUCTURAL-SILENT,not-needed,SILENT,not-needed,not-needed,not-needed,not-needed,direct_mcp_review=ok; structural/dialogue/monitor/handler/control record; no discrete player-act row.
COREQ-2108,core,V03C,V03C-01,standard,Dragonborn.esm:01BD47,DLC2SVDeorWulfScene02,Dragonborn.esm,ok,STRUCTURAL-SILENT,not-needed,SILENT,not-needed,not-needed,not-needed,not-needed,direct_mcp_review=ok; structural/dialogue/monitor/handler/control record; no discrete player-act row.
COREQ-2109,core,V03C,V03C-01,standard,Dragonborn.esm:01BFE9,DLC2RR00,Dragonborn.esm,ok,STRUCTURAL-SILENT,not-needed,SILENT,not-needed,not-needed,not-needed,not-needed,direct_mcp_review=ok; structural/dialogue/monitor/handler/control record; no discrete player-act row.
COREQ-2110,core,V03C,V03C-01,standard,Dragonborn.esm:01C05C,DLC2TTR5,Dragonborn.esm,ok,SEMANTIC-SILENT,not-needed,SILENT,not-needed,not-needed,not-needed,not-needed,direct_mcp_review=ok; radiant/repeatable/mundane/misc content is silent under approved policy.
COREQ-2111,core,V03C,V03C-01,standard,Dragonborn.esm:01C06E,DLC2TTR2,Dragonborn.esm,ok,SEMANTIC-SILENT,not-needed,SILENT,not-needed,not-needed,not-needed,not-needed,direct_mcp_review=ok; radiant/repeatable/mundane/misc content is silent under approved policy.
COREQ-2112,core,V03C,V03C-01,standard,Dragonborn.esm:01C4E4,DLC2Pillar,Dragonborn.esm,ok,STRUCTURAL-SILENT,not-needed,SILENT,not-needed,not-needed,not-needed,not-needed,direct_mcp_review=ok; structural/dialogue/monitor/handler/control record; no discrete player-act row.
COREQ-2113,core,V03C,V03C-01,existing-core-row,Dragonborn.esm:01CAF1,DLC2SV02,Dragonborn.esm,ok,APPROVED,not-needed,APPROVED,ok,ok,ok,ok,direct_mcp_review=ok; owner_approved=ok; crossgen=ok; promotion=ok; compile=ok; post_readback=ok.
COREQ-2114,core,V03C,V03C-01,existing-core-row,Dragonborn.esm:01CDE1,DLC2TTR4b,Dragonborn.esm,ok,APPROVED,ok,APPROVED,ok,ok,ok,ok,direct_mcp_review=ok; owner_approved=ok; crossgen=ok; promotion=ok; compile=ok; post_readback=ok.
COREQ-2115,core,V03C,V03C-01,standard,Dragonborn.esm:01D4CD,DLC2dunNchardakReset,Dragonborn.esm,ok,STRUCTURAL-SILENT,not-needed,SILENT,not-needed,not-needed,not-needed,not-needed,direct_mcp_review=ok; structural/dialogue/monitor/handler/control record; no discrete player-act row.
COREQ-2116,core,V03C,V03C-01,existing-core-row,Dragonborn.esm:01D8D1,DLC2TTR3b,Dragonborn.esm,ok,SEMANTIC-SILENT,not-needed,SILENT,not-needed,not-needed,not-needed,not-needed,direct_mcp_review=ok; unsafe study row attributed Neloth's research to the player; radiant retrieval remains silent.
COREQ-2117,core,V03C,V03C-01,standard,Dragonborn.esm:01D98F,DLC2MH01PostQuest,Dragonborn.esm,ok,STRUCTURAL-SILENT,not-needed,SILENT,not-needed,not-needed,not-needed,not-needed,direct_mcp_review=ok; structural/dialogue/monitor/handler/control record; no discrete player-act row.
COREQ-2118,core,V03C,V03C-01,standard,Dragonborn.esm:01E169,DLC2SV02Misc,Dragonborn.esm,ok,SEMANTIC-SILENT,not-needed,SILENT,not-needed,not-needed,not-needed,not-needed,direct_mcp_review=ok; radiant/repeatable/mundane/misc content is silent under approved policy.
COREQ-2119,core,V03C,V03C-01,standard,Dragonborn.esm:01F13B,DLC2TTR8,Dragonborn.esm,ok,SEMANTIC-SILENT,not-needed,SILENT,not-needed,not-needed,not-needed,not-needed,direct_mcp_review=ok; radiant/repeatable/mundane/misc content is silent under approved policy.
COREQ-2120,core,V03C,V03C-01,standard,Dragonborn.esm:01F17A,CreatureDialogueScribx,Dragonborn.esm,ok,STRUCTURAL-SILENT,not-needed,SILENT,not-needed,not-needed,not-needed,not-needed,direct_mcp_review=ok; structural/dialogue/monitor/handler/control record; no discrete player-act row.
COREQ-2121,core,V03C,V03C-01,standard,Dragonborn.esm:01F909,DLC2TelMithrynVaronaElyneaScene01,Dragonborn.esm,ok,STRUCTURAL-SILENT,not-needed,SILENT,not-needed,not-needed,not-needed,not-needed,direct_mcp_review=ok; structural/dialogue/monitor/handler/control record; no discrete player-act row.
COREQ-2122,core,V03C,V03C-01,standard,Dragonborn.esm:01F90B,DLC2TelMithrynVaronaElyneaScene02,Dragonborn.esm,ok,STRUCTURAL-SILENT,not-needed,SILENT,not-needed,not-needed,not-needed,not-needed,direct_mcp_review=ok; structural/dialogue/monitor/handler/control record; no discrete player-act row.
COREQ-2123,core,V03C,V03C-01,standard,Dragonborn.esm:01F90D,DLC2TelMithrynVaronaUlvesScene02,Dragonborn.esm,ok,STRUCTURAL-SILENT,not-needed,SILENT,not-needed,not-needed,not-needed,not-needed,direct_mcp_review=ok; structural/dialogue/monitor/handler/control record; no discrete player-act row.
COREQ-2124,core,V03C,V03C-01,standard,Dragonborn.esm:01F90E,DLC2TelMithrynVaronaUlvesScene01,Dragonborn.esm,ok,STRUCTURAL-SILENT,not-needed,SILENT,not-needed,not-needed,not-needed,not-needed,direct_mcp_review=ok; structural/dialogue/monitor/handler/control record; no discrete player-act row.
COREQ-2125,core,V03C,V03C-01,standard,Dragonborn.esm:01F913,DLC2TelMithrynVaronaNelothScene01,Dragonborn.esm,ok,STRUCTURAL-SILENT,not-needed,SILENT,not-needed,not-needed,not-needed,not-needed,direct_mcp_review=ok; structural/dialogue/monitor/handler/control record; no discrete player-act row.
COREQ-2126,core,V03C,V03C-01,standard,Dragonborn.esm:01F915,DLC2TelMithrynVaronaNelothScene02,Dragonborn.esm,ok,STRUCTURAL-SILENT,not-needed,SILENT,not-needed,not-needed,not-needed,not-needed,direct_mcp_review=ok; structural/dialogue/monitor/handler/control record; no discrete player-act row.
COREQ-2127,core,V03C,V03C-01,standard,Dragonborn.esm:01F917,DLC2TelMithrynVaronaTalvasScene01,Dragonborn.esm,ok,STRUCTURAL-SILENT,not-needed,SILENT,not-needed,not-needed,not-needed,not-needed,direct_mcp_review=ok; structural/dialogue/monitor/handler/control record; no discrete player-act row.
COREQ-2128,core,V03C,V03C-01,standard,Dragonborn.esm:01F919,DLC2TelMithrynVaronaTalvasScene02,Dragonborn.esm,ok,STRUCTURAL-SILENT,not-needed,SILENT,not-needed,not-needed,not-needed,not-needed,direct_mcp_review=ok; structural/dialogue/monitor/handler/control record; no discrete player-act row.
COREQ-2129,core,V03C,V03C-01,standard,Dragonborn.esm:01F980,DLC2WE01,Dragonborn.esm,ok,STRUCTURAL-SILENT,not-needed,SILENT,not-needed,not-needed,not-needed,not-needed,direct_mcp_review=ok; structural/dialogue/monitor/handler/control record; no discrete player-act row.
COREQ-2130,core,V03C,V03C-01,standard,Dragonborn.esm:01F981,DLC2WE02,Dragonborn.esm,ok,STRUCTURAL-SILENT,not-needed,SILENT,not-needed,not-needed,not-needed,not-needed,direct_mcp_review=ok; structural/dialogue/monitor/handler/control record; no discrete player-act row.
COREQ-2131,core,V03C,V03C-01,standard,Dragonborn.esm:01F989,DLC2WE03,Dragonborn.esm,ok,STRUCTURAL-SILENT,not-needed,SILENT,not-needed,not-needed,not-needed,not-needed,direct_mcp_review=ok; structural/dialogue/monitor/handler/control record; no discrete player-act row.
COREQ-2132,core,V03C,V03C-01,standard,Dragonborn.esm:01F98C,DLC2WE04,Dragonborn.esm,ok,STRUCTURAL-SILENT,not-needed,SILENT,not-needed,not-needed,not-needed,not-needed,direct_mcp_review=ok; structural/dialogue/monitor/handler/control record; no discrete player-act row.
COREQ-2133,core,V03C,V03C-01,standard,Dragonborn.esm:01F9E6,DLC2dunFrostmoonQST,Dragonborn.esm,ok,STRUCTURAL-SILENT,ok,SILENT,not-needed,not-needed,not-needed,not-needed,direct_mcp_review=ok; structural/dialogue/monitor/handler/control record; no discrete player-act row.
COREQ-2134,core,V03C,V03C-01,standard,Dragonborn.esm:0200D8,DLC2SoulSteal,Dragonborn.esm,ok,STRUCTURAL-SILENT,not-needed,SILENT,not-needed,not-needed,not-needed,not-needed,direct_mcp_review=ok; structural/dialogue/monitor/handler/control record; no discrete player-act row.
COREQ-2135,core,V03C,V03C-01,standard,Dragonborn.esm:020768,CreatureDialogueFishman,Dragonborn.esm,ok,STRUCTURAL-SILENT,not-needed,SILENT,not-needed,not-needed,not-needed,not-needed,direct_mcp_review=ok; structural/dialogue/monitor/handler/control record; no discrete player-act row.
COREQ-2136,core,V03C,V03C-01,standard,Dragonborn.esm:0208CC,DLC2ThirskRieklingSpawner,Dragonborn.esm,ok,STRUCTURAL-SILENT,not-needed,SILENT,not-needed,not-needed,not-needed,not-needed,direct_mcp_review=ok; structural/dialogue/monitor/handler/control record; no discrete player-act row.
COREQ-2137,core,V03C,V03C-01,standard,Dragonborn.esm:0208DA,DLC2MH02PostQuest,Dragonborn.esm,ok,STRUCTURAL-SILENT,not-needed,SILENT,not-needed,not-needed,not-needed,not-needed,direct_mcp_review=ok; structural/dialogue/monitor/handler/control record; no discrete player-act row.
COREQ-2138,core,V03C,V03C-01,existing-core-row,Dragonborn.esm:0209AE,DLC2WB01,Dragonborn.esm,ok,APPROVED,not-needed,APPROVED,ok,ok,ok,ok,direct_mcp_review=ok; owner_approved=ok; crossgen=ok; promotion=ok; compile=ok; post_readback=ok.
COREQ-2139,core,V03C,V03C-01,standard,Dragonborn.esm:020A1C,DLC2RR03Intro,Dragonborn.esm,ok,AMBIGUOUS,ok,UNREVIEWED,inert,-,-,-,direct_mcp_review=ok; return-versus-lie objectives lack a directly proven distinct stage mapping; inert.
COREQ-2140,core,V03C,V03C-01,standard,Dragonborn.esm:020FBE,DLC2WE00,Dragonborn.esm,ok,STRUCTURAL-SILENT,not-needed,SILENT,not-needed,not-needed,not-needed,not-needed,direct_mcp_review=ok; structural/dialogue/monitor/handler/control record; no discrete player-act row.
COREQ-2141,core,V03C,V03C-01,standard,Dragonborn.esm:020FC0,DLC2WE05,Dragonborn.esm,ok,STRUCTURAL-SILENT,not-needed,SILENT,not-needed,not-needed,not-needed,not-needed,direct_mcp_review=ok; structural/dialogue/monitor/handler/control record; no discrete player-act row.
COREQ-2142,core,V03C,V03C-01,standard,Dragonborn.esm:0214CC,DLC2SVBaldorMorwenScene01,Dragonborn.esm,ok,STRUCTURAL-SILENT,not-needed,SILENT,not-needed,not-needed,not-needed,not-needed,direct_mcp_review=ok; structural/dialogue/monitor/handler/control record; no discrete player-act row.
COREQ-2143,core,V03C,V03C-01,standard,Dragonborn.esm:0214CE,DLC2SVBaldorMorwenScene02,Dragonborn.esm,ok,STRUCTURAL-SILENT,not-needed,SILENT,not-needed,not-needed,not-needed,not-needed,direct_mcp_review=ok; structural/dialogue/monitor/handler/control record; no discrete player-act row.
COREQ-2144,core,V03C,V03C-01,standard,Dragonborn.esm:0214D0,DLC2SVBaldorMorwenScene03,Dragonborn.esm,ok,STRUCTURAL-SILENT,not-needed,SILENT,not-needed,not-needed,not-needed,not-needed,direct_mcp_review=ok; structural/dialogue/monitor/handler/control record; no discrete player-act row.
COREQ-2145,core,V03C,V03C-01,standard,Dragonborn.esm:0214D2,DLC2SVOslafFinnaScene01,Dragonborn.esm,ok,STRUCTURAL-SILENT,not-needed,SILENT,not-needed,not-needed,not-needed,not-needed,direct_mcp_review=ok; structural/dialogue/monitor/handler/control record; no discrete player-act row.
COREQ-2146,core,V03C,V03C-01,standard,Dragonborn.esm:0214D4,DLC2SVOslafFinnaScene02,Dragonborn.esm,ok,STRUCTURAL-SILENT,not-needed,SILENT,not-needed,not-needed,not-needed,not-needed,direct_mcp_review=ok; structural/dialogue/monitor/handler/control record; no discrete player-act row.
COREQ-2147,core,V03C,V03C-01,standard,Dragonborn.esm:0214D6,DLC2SVDeorWulfScene03,Dragonborn.esm,ok,STRUCTURAL-SILENT,not-needed,SILENT,not-needed,not-needed,not-needed,not-needed,direct_mcp_review=ok; structural/dialogue/monitor/handler/control record; no discrete player-act row.
COREQ-2148,core,V03C,V03C-01,standard,Dragonborn.esm:0214D8,DLC2SVDeorYrsaScene01,Dragonborn.esm,ok,STRUCTURAL-SILENT,not-needed,SILENT,not-needed,not-needed,not-needed,not-needed,direct_mcp_review=ok; structural/dialogue/monitor/handler/control record; no discrete player-act row.
COREQ-2149,core,V03C,V03C-01,standard,Dragonborn.esm:0214DA,DLC2SVDeorYrsaScene02,Dragonborn.esm,ok,STRUCTURAL-SILENT,not-needed,SILENT,not-needed,not-needed,not-needed,not-needed,direct_mcp_review=ok; structural/dialogue/monitor/handler/control record; no discrete player-act row.
COREQ-2150,core,V03C,V03C-01,standard,Dragonborn.esm:024002,DLC2dunHaknirTreasureQST,Dragonborn.esm,ok,APPROVED,not-needed,APPROVED,ok,ok,ok,ok,direct_mcp_review=ok; owner_approved=ok; crossgen=ok; promotion=ok; compile=ok; post_readback=ok.
COREQ-2151,core,V03C,V03C-01,standard,Dragonborn.esm:024137,DLC2DialogueThirskMeadHallAfterRieklings,Dragonborn.esm,ok,STRUCTURAL-SILENT,not-needed,SILENT,not-needed,not-needed,not-needed,not-needed,direct_mcp_review=ok; structural/dialogue/monitor/handler/control record; no discrete player-act row.
COREQ-2152,core,V03C,V03C-01,standard,Dragonborn.esm:0247F8,DLC2dunKarstaagQST,Dragonborn.esm,ok,APPROVED,ok,APPROVED,ok,ok,ok,ok,direct_mcp_review=ok; owner_approved=ok; crossgen=ok; promotion=ok; compile=ok; post_readback=ok.
COREQ-2153,core,V03C,V03C-01,standard,Dragonborn.esm:024C30,CreatureDialogueNetch,Dragonborn.esm,ok,STRUCTURAL-SILENT,not-needed,SILENT,not-needed,not-needed,not-needed,not-needed,direct_mcp_review=ok; structural/dialogue/monitor/handler/control record; no discrete player-act row.
COREQ-2154,core,V03C,V03C-01,standard,Dragonborn.esm:024C3F,CreatureDialogueBristleback,Dragonborn.esm,ok,STRUCTURAL-SILENT,not-needed,SILENT,not-needed,not-needed,not-needed,not-needed,direct_mcp_review=ok; structural/dialogue/monitor/handler/control record; no discrete player-act row.
COREQ-2155,core,V03C,V03C-01,standard,Dragonborn.esm:024CAC,DLC2DialogueBandits,Dragonborn.esm,ok,STRUCTURAL-SILENT,not-needed,SILENT,not-needed,not-needed,not-needed,not-needed,direct_mcp_review=ok; structural/dialogue/monitor/handler/control record; no discrete player-act row.
COREQ-2156,core,V03C,V03C-01,existing-core-row,Dragonborn.esm:024DDE,DLC2RRFavor01,Dragonborn.esm,ok,APPROVED,ok,APPROVED,ok,ok,ok,ok,direct_mcp_review=ok; owner_approved=ok; crossgen=ok; promotion=ok; compile=ok; post_readback=ok.
COREQ-2157,core,V03C,V03C-01,existing-core-row,Dragonborn.esm:024DE7,DLC2RRFavor02,Dragonborn.esm,ok,APPROVED,ok,APPROVED,ok,ok,ok,ok,direct_mcp_review=ok; owner_approved=ok; crossgen=ok; promotion=ok; compile=ok; post_readback=ok.
COREQ-2158,core,V03C,V03C-01,standard,Dragonborn.esm:024DFC,DLC2RRFavor03,Dragonborn.esm,ok,APPROVED,ok,APPROVED,ok,ok,ok,ok,direct_mcp_review=ok; owner_approved=ok; crossgen=ok; promotion=ok; compile=ok; post_readback=ok.
COREQ-2159,core,V03C,V03C-01,existing-core-row,Dragonborn.esm:024E04,DLC2RRFavor04,Dragonborn.esm,ok,APPROVED,ok,APPROVED,ok,ok,ok,ok,direct_mcp_review=ok; owner_approved=ok; crossgen=ok; promotion=ok; compile=ok; post_readback=ok.
COREQ-2160,core,V03C,V03C-01,standard,Dragonborn.esm:024FA8,DLC2RRFavor05,Dragonborn.esm,ok,SEMANTIC-SILENT,not-needed,SILENT,not-needed,not-needed,not-needed,not-needed,direct_mcp_review=ok; radiant/repeatable/mundane/misc content is silent under approved policy.
COREQ-2161,core,V03C,V03C-01,standard,Dragonborn.esm:024FAD,DLC2RRFavor06,Dragonborn.esm,ok,APPROVED,ok,APPROVED,ok,ok,ok,ok,direct_mcp_review=ok; owner_approved=ok; crossgen=ok; promotion=ok; compile=ok; post_readback=ok.
COREQ-2162,core,V03C,V03C-01,standard,Dragonborn.esm:0251F3,DLC2MHElmusKuvarScene01,Dragonborn.esm,ok,STRUCTURAL-SILENT,not-needed,SILENT,not-needed,not-needed,not-needed,not-needed,direct_mcp_review=ok; structural/dialogue/monitor/handler/control record; no discrete player-act row.
COREQ-2163,core,V03C,V03C-01,standard,Dragonborn.esm:0251F5,DLC2MHElmusKuvarScene02,Dragonborn.esm,ok,STRUCTURAL-SILENT,not-needed,SILENT,not-needed,not-needed,not-needed,not-needed,direct_mcp_review=ok; structural/dialogue/monitor/handler/control record; no discrete player-act row.
COREQ-2164,core,V03C,V03C-01,standard,Dragonborn.esm:0251F7,DLC2MHBujoldElmusScene01,Dragonborn.esm,ok,STRUCTURAL-SILENT,not-needed,SILENT,not-needed,not-needed,not-needed,not-needed,direct_mcp_review=ok; structural/dialogue/monitor/handler/control record; no discrete player-act row.
COREQ-2165,core,V03C,V03C-01,standard,Dragonborn.esm:0251F9,DLC2MHKuvarHilundScene01,Dragonborn.esm,ok,STRUCTURAL-SILENT,not-needed,SILENT,not-needed,not-needed,not-needed,not-needed,direct_mcp_review=ok; structural/dialogue/monitor/handler/control record; no discrete player-act row.
COREQ-2166,core,V03C,V03C-01,standard,Dragonborn.esm:0251FC,DLC2MHBujoldElmusReclaimScene01,Dragonborn.esm,ok,STRUCTURAL-SILENT,not-needed,SILENT,not-needed,not-needed,not-needed,not-needed,direct_mcp_review=ok; structural/dialogue/monitor/handler/control record; no discrete player-act row.
COREQ-2167,core,V03C,V03C-01,standard,Dragonborn.esm:0251FE,DLC2MHBujoldHilundReclaimScene01,Dragonborn.esm,ok,STRUCTURAL-SILENT,not-needed,SILENT,not-needed,not-needed,not-needed,not-needed,direct_mcp_review=ok; structural/dialogue/monitor/handler/control record; no discrete player-act row.
COREQ-2168,core,V03C,V03C-01,standard,Dragonborn.esm:025200,DLC2MHBujoldKuvarReclaimScene01,Dragonborn.esm,ok,STRUCTURAL-SILENT,not-needed,SILENT,not-needed,not-needed,not-needed,not-needed,direct_mcp_review=ok; structural/dialogue/monitor/handler/control record; no discrete player-act row.
COREQ-2169,core,V03C,V03C-01,standard,Dragonborn.esm:025202,DLC2MHBujoldKuvarReclaimScene02,Dragonborn.esm,ok,STRUCTURAL-SILENT,not-needed,SILENT,not-needed,not-needed,not-needed,not-needed,direct_mcp_review=ok; structural/dialogue/monitor/handler/control record; no discrete player-act row.
COREQ-2170,core,V03C,V03C-01,standard,Dragonborn.esm:025204,DLC2MHBujoldKuvarReclaimScene03,Dragonborn.esm,ok,STRUCTURAL-SILENT,not-needed,SILENT,not-needed,not-needed,not-needed,not-needed,direct_mcp_review=ok; structural/dialogue/monitor/handler/control record; no discrete player-act row.
COREQ-2171,core,V03C,V03C-01,standard,Dragonborn.esm:025208,DLC2MHKuvarHilundReclaimScene01,Dragonborn.esm,ok,STRUCTURAL-SILENT,not-needed,SILENT,not-needed,not-needed,not-needed,not-needed,direct_mcp_review=ok; structural/dialogue/monitor/handler/control record; no discrete player-act row.
COREQ-2172,core,V03C,V03C-01,standard,Dragonborn.esm:02520A,DLC2MHElmusKuvarReclaimScene01,Dragonborn.esm,ok,STRUCTURAL-SILENT,not-needed,SILENT,not-needed,not-needed,not-needed,not-needed,direct_mcp_review=ok; structural/dialogue/monitor/handler/control record; no discrete player-act row.
COREQ-2173,core,V03C,V03C-01,standard,Dragonborn.esm:025813,DLC2RRAnyLocScene13,Dragonborn.esm,ok,STRUCTURAL-SILENT,not-needed,SILENT,not-needed,not-needed,not-needed,not-needed,direct_mcp_review=ok; structural/dialogue/monitor/handler/control record; no discrete player-act row.
COREQ-2174,core,V03C,V03C-01,standard,Dragonborn.esm:025815,DLC2RRAnyLocScene14,Dragonborn.esm,ok,STRUCTURAL-SILENT,not-needed,SILENT,not-needed,not-needed,not-needed,not-needed,direct_mcp_review=ok; structural/dialogue/monitor/handler/control record; no discrete player-act row.
COREQ-2175,core,V03C,V03C-01,standard,Dragonborn.esm:025817,DLC2RRAnyLocScene16,Dragonborn.esm,ok,STRUCTURAL-SILENT,not-needed,SILENT,not-needed,not-needed,not-needed,not-needed,direct_mcp_review=ok; structural/dialogue/monitor/handler/control record; no discrete player-act row.
COREQ-2176,core,V03C,V03C-01,standard,Dragonborn.esm:025819,DLC2RRAnyLocScene17,Dragonborn.esm,ok,STRUCTURAL-SILENT,not-needed,SILENT,not-needed,not-needed,not-needed,not-needed,direct_mcp_review=ok; structural/dialogue/monitor/handler/control record; no discrete player-act row.
COREQ-2177,core,V03C,V03C-01,standard,Dragonborn.esm:02581B,DLC2RRTempleScene04,Dragonborn.esm,ok,STRUCTURAL-SILENT,not-needed,SILENT,not-needed,not-needed,not-needed,not-needed,direct_mcp_review=ok; structural/dialogue/monitor/handler/control record; no discrete player-act row.
COREQ-2178,core,V03C,V03C-01,standard,Dragonborn.esm:025ACC,DLC2RRTempleScene05,Dragonborn.esm,ok,STRUCTURAL-SILENT,not-needed,SILENT,not-needed,not-needed,not-needed,not-needed,direct_mcp_review=ok; structural/dialogue/monitor/handler/control record; no discrete player-act row.
COREQ-2179,core,V03C,V03C-01,standard,Dragonborn.esm:026242,DLC2MQ00,Dragonborn.esm,ok,STRUCTURAL-SILENT,not-needed,SILENT,not-needed,not-needed,not-needed,not-needed,direct_mcp_review=ok; structural/dialogue/monitor/handler/control record; no discrete player-act row.
COREQ-2180,core,V03C,V03C-01,standard,Dragonborn.esm:02648D,DLC2BlackBookRewards,Dragonborn.esm,ok,STRUCTURAL-SILENT,not-needed,SILENT,not-needed,not-needed,not-needed,not-needed,direct_mcp_review=ok; structural/dialogue/monitor/handler/control record; no discrete player-act row.
COREQ-2181,core,V03C,V03C-01,standard,Dragonborn.esm:02667E,DLC2dunKolbjornMiscQST,Dragonborn.esm,ok,SEMANTIC-SILENT,not-needed,SILENT,not-needed,not-needed,not-needed,not-needed,direct_mcp_review=ok; radiant/repeatable/mundane/misc content is silent under approved policy.
COREQ-2182,core,V03C,V03C-01,standard,Dragonborn.esm:0271E5,DLC2DialogueRavenRockRumors,Dragonborn.esm,ok,STRUCTURAL-SILENT,not-needed,SILENT,not-needed,not-needed,not-needed,not-needed,direct_mcp_review=ok; structural/dialogue/monitor/handler/control record; no discrete player-act row.
COREQ-2183,core,V03C,V03C-01,standard,Dragonborn.esm:027282,DLC2BloodskalBladeQST,Dragonborn.esm,ok,STRUCTURAL-SILENT,not-needed,SILENT,not-needed,not-needed,not-needed,not-needed,direct_mcp_review=ok; structural/dialogue/monitor/handler/control record; no discrete player-act row.
COREQ-2184,core,V03C,V03C-01,standard,Dragonborn.esm:0277E8,DLC2dunKolbjornPhase1TrackingQST,Dragonborn.esm,ok,STRUCTURAL-SILENT,not-needed,SILENT,not-needed,not-needed,not-needed,not-needed,direct_mcp_review=ok; structural/dialogue/monitor/handler/control record; no discrete player-act row.
COREQ-2185,core,V03C,V03C-01,standard,Dragonborn.esm:0277E9,DLC2dunKolbjornPhase2TrackingQST,Dragonborn.esm,ok,STRUCTURAL-SILENT,not-needed,SILENT,not-needed,not-needed,not-needed,not-needed,direct_mcp_review=ok; structural/dialogue/monitor/handler/control record; no discrete player-act row.
COREQ-2186,core,V03C,V03C-01,standard,Dragonborn.esm:0277EA,DLC2dunKolbjornPhase3TrackingQST,Dragonborn.esm,ok,STRUCTURAL-SILENT,not-needed,SILENT,not-needed,not-needed,not-needed,not-needed,direct_mcp_review=ok; structural/dialogue/monitor/handler/control record; no discrete player-act row.
COREQ-2187,core,V03C,V03C-01,standard,Dragonborn.esm:027826,DLC2WaterStoneSailAwayQuest,Dragonborn.esm,ok,STRUCTURAL-SILENT,not-needed,SILENT,not-needed,not-needed,not-needed,not-needed,direct_mcp_review=ok; structural/dialogue/monitor/handler/control record; no discrete player-act row.
COREQ-2188,core,V03C,V03C-01,standard,Dragonborn.esm:02782F,DLC2DialogueWaterStone,Dragonborn.esm,ok,STRUCTURAL-SILENT,not-needed,SILENT,not-needed,not-needed,not-needed,not-needed,direct_mcp_review=ok; structural/dialogue/monitor/handler/control record; no discrete player-act row.
COREQ-2189,core,V03C,V03C-01,standard,Dragonborn.esm:027A14,DLC2WE06,Dragonborn.esm,ok,SEMANTIC-SILENT,not-needed,SILENT,not-needed,not-needed,not-needed,not-needed,direct_mcp_review=ok; radiant/repeatable/mundane/misc content is silent under approved policy.
COREQ-2190,core,V03C,V03C-01,standard,Dragonborn.esm:027E15,DLC2SV02AncarionMerchant,Dragonborn.esm,ok,SEMANTIC-SILENT,not-needed,SILENT,not-needed,not-needed,not-needed,not-needed,direct_mcp_review=ok; radiant/repeatable/mundane/misc content is silent under approved policy.
COREQ-2191,core,V03C,V03C-01,standard,Dragonborn.esm:027E92,DLC2WE07,Dragonborn.esm,ok,STRUCTURAL-SILENT,not-needed,SILENT,not-needed,not-needed,not-needed,not-needed,direct_mcp_review=ok; structural/dialogue/monitor/handler/control record; no discrete player-act row.
COREQ-2192,core,V03C,V03C-01,standard,Dragonborn.esm:027E9D,DLC2WE08,Dragonborn.esm,ok,STRUCTURAL-SILENT,not-needed,SILENT,not-needed,not-needed,not-needed,not-needed,direct_mcp_review=ok; structural/dialogue/monitor/handler/control record; no discrete player-act row.
COREQ-2193,core,V03C,V03C-01,standard,Dragonborn.esm:027EC7,DLC2_dunMQ02,Dragonborn.esm,ok,STRUCTURAL-SILENT,not-needed,SILENT,not-needed,not-needed,not-needed,not-needed,direct_mcp_review=ok; structural/dialogue/monitor/handler/control record; no discrete player-act row.
COREQ-2194,core,V03C,V03C-01,standard,Dragonborn.esm:028664,DLC2PillarDestroyed,Dragonborn.esm,ok,STRUCTURAL-SILENT,not-needed,SILENT,not-needed,not-needed,not-needed,not-needed,direct_mcp_review=ok; structural/dialogue/monitor/handler/control record; no discrete player-act row.
COREQ-2195,core,V03C,V03C-01,standard,Dragonborn.esm:02871F,DLC2MQ05SkaalSceneFiller,Dragonborn.esm,ok,STRUCTURAL-SILENT,not-needed,SILENT,not-needed,not-needed,not-needed,not-needed,direct_mcp_review=ok; structural/dialogue/monitor/handler/control record; no discrete player-act row.
COREQ-2196,core,V03C,V03C-01,standard,Dragonborn.esm:029EFF,DLC2dunInstrumentalQST,Dragonborn.esm,ok,STRUCTURAL-SILENT,not-needed,SILENT,not-needed,not-needed,not-needed,not-needed,direct_mcp_review=ok; structural/dialogue/monitor/handler/control record; no discrete player-act row.
COREQ-2197,core,V03C,V03C-01,standard,Dragonborn.esm:02A86C,DLC2dunTT2,Dragonborn.esm,ok,STRUCTURAL-SILENT,not-needed,SILENT,not-needed,not-needed,not-needed,not-needed,direct_mcp_review=ok; structural/dialogue/monitor/handler/control record; no discrete player-act row.
COREQ-2198,core,V03C,V03C-01,standard,Dragonborn.esm:02AD26,DLC2TGQuest,Dragonborn.esm,ok,APPROVED,ok,APPROVED,ok,ok,ok,ok,direct_mcp_review=ok; owner_approved=ok; crossgen=ok; promotion=ok; compile=ok; post_readback=ok.
COREQ-2199,core,V03C,V03C-01,standard,Dragonborn.esm:02ADDA,DLC2RRArrivalScene,Dragonborn.esm,ok,STRUCTURAL-SILENT,not-needed,SILENT,not-needed,not-needed,not-needed,not-needed,direct_mcp_review=ok; structural/dialogue/monitor/handler/control record; no discrete player-act row.
COREQ-2200,core,V03C,V03C-01,standard,Dragonborn.esm:02B992,DLC2RRNetchScene08,Dragonborn.esm,ok,STRUCTURAL-SILENT,not-needed,SILENT,not-needed,not-needed,not-needed,not-needed,direct_mcp_review=ok; structural/dialogue/monitor/handler/control record; no discrete player-act row.
COREQ-2201,core,V03C,V03C-01,standard,Dragonborn.esm:02B994,DLC2RRNetchScene09,Dragonborn.esm,ok,STRUCTURAL-SILENT,not-needed,SILENT,not-needed,not-needed,not-needed,not-needed,direct_mcp_review=ok; structural/dialogue/monitor/handler/control record; no discrete player-act row.
COREQ-2202,core,V03C,V03C-01,standard,Dragonborn.esm:02B997,DLC2RRNetchScene10,Dragonborn.esm,ok,STRUCTURAL-SILENT,not-needed,SILENT,not-needed,not-needed,not-needed,not-needed,direct_mcp_review=ok; structural/dialogue/monitor/handler/control record; no discrete player-act row.
COREQ-2203,core,V03C,V03C-01,standard,Dragonborn.esm:02BA40,DLC2DialogueGenericUniqueVoices,Dragonborn.esm,ok,STRUCTURAL-SILENT,not-needed,SILENT,not-needed,not-needed,not-needed,not-needed,direct_mcp_review=ok; structural/dialogue/monitor/handler/control record; no discrete player-act row.
COREQ-2204,core,V03C,V03C-01,standard,Dragonborn.esm:02BAB0,DLC2MHMisc,Dragonborn.esm,ok,SEMANTIC-SILENT,not-needed,SILENT,not-needed,not-needed,not-needed,not-needed,direct_mcp_review=ok; radiant/repeatable/mundane/misc content is silent under approved policy.
COREQ-2205,core,V03C,V03C-01,standard,Dragonborn.esm:02BAC6,DLC2RRFavor07,Dragonborn.esm,ok,APPROVED,ok,APPROVED,ok,ok,ok,ok,direct_mcp_review=ok; owner_approved=ok; crossgen=ok; promotion=ok; compile=ok; post_readback=ok.
COREQ-2206,core,V03C,V03C-01,standard,Dragonborn.esm:02BC66,DLC2Services,Dragonborn.esm,ok,STRUCTURAL-SILENT,not-needed,SILENT,not-needed,not-needed,not-needed,not-needed,direct_mcp_review=ok; structural/dialogue/monitor/handler/control record; no discrete player-act row.
COREQ-2207,core,V03C,V03C-01,standard,Dragonborn.esm:02C05D,DLC2DialogueSkaalVillage2,Dragonborn.esm,ok,STRUCTURAL-SILENT,not-needed,SILENT,not-needed,not-needed,not-needed,not-needed,direct_mcp_review=ok; structural/dialogue/monitor/handler/control record; no discrete player-act row.
COREQ-2208,core,V03C,V03C-01,standard,Dragonborn.esm:02C05E,DLC2DialogueSkaalVillageGeneric,Dragonborn.esm,ok,STRUCTURAL-SILENT,not-needed,SILENT,not-needed,not-needed,not-needed,not-needed,direct_mcp_review=ok; structural/dialogue/monitor/handler/control record; no discrete player-act row.
COREQ-2209,core,V03C,V03C-01,standard,Dragonborn.esm:02C0A5,DLC2DialogueCrimeGuards,Dragonborn.esm,ok,STRUCTURAL-SILENT,not-needed,SILENT,not-needed,not-needed,not-needed,not-needed,direct_mcp_review=ok; structural/dialogue/monitor/handler/control record; no discrete player-act row.
COREQ-2210,core,V03C,V03C-01,standard,Dragonborn.esm:02C1E9,DLC2SiltStriderMerchantQuest,Dragonborn.esm,ok,STRUCTURAL-SILENT,not-needed,SILENT,not-needed,not-needed,not-needed,not-needed,direct_mcp_review=ok; structural/dialogue/monitor/handler/control record; no discrete player-act row.
COREQ-2211,core,V03C,V03C-01,existing-core-row,Dragonborn.esm:02C49E,DLC2EbonyWarriorQuest,Dragonborn.esm,ok,APPROVED,not-needed,APPROVED,ok,ok,ok,ok,direct_mcp_review=ok; owner_approved=ok; crossgen=ok; promotion=ok; compile=ok; post_readback=ok.
COREQ-2212,core,V03C,V03C-01,standard,Dragonborn.esm:02C8AA,DLC2SkaalVillageFreeform1,Dragonborn.esm,ok,AMBIGUOUS,ok,UNREVIEWED,inert,-,-,-,direct_mcp_review=ok; necklace delivery is proven but its meaning is not; pending INFO/context and inert.
COREQ-2213,core,V03C,V03C-01,existing-core-row,Dragonborn.esm:03166D,DLC2KagrumezQST,Dragonborn.esm,ok,APPROVED,ok,APPROVED,ok,ok,ok,ok,direct_mcp_review=ok; owner_approved=ok; crossgen=ok; promotion=ok; compile=ok; post_readback=ok.
COREQ-2214,core,V03C,V03C-01,standard,Dragonborn.esm:031787,DLC2SkaalVillageFreeform2,Dragonborn.esm,ok,APPROVED,ok,APPROVED,ok,ok,ok,ok,direct_mcp_review=ok; owner_approved=ok; crossgen=ok; promotion=ok; compile=ok; post_readback=ok.
COREQ-2215,core,V03C,V03C-01,existing-core-row,Dragonborn.esm:03216C,DLC2BlackBook03Quest,Dragonborn.esm,ok,APPROVED,not-needed,APPROVED,ok,ok,ok,ok,direct_mcp_review=ok; owner_approved=ok; crossgen=ok; promotion=ok; compile=ok; post_readback=ok.
COREQ-2216,core,V03C,V03C-01,existing-core-row,Dragonborn.esm:03216D,DLC2BlackBook05Quest,Dragonborn.esm,ok,APPROVED,not-needed,APPROVED,ok,ok,ok,ok,direct_mcp_review=ok; owner_approved=ok; crossgen=ok; promotion=ok; compile=ok; post_readback=ok.
COREQ-2217,core,V03C,V03C-01,existing-core-row,Dragonborn.esm:03216E,DLC2BlackBook04Quest,Dragonborn.esm,ok,APPROVED,not-needed,APPROVED,ok,ok,ok,ok,direct_mcp_review=ok; owner_approved=ok; crossgen=ok; promotion=ok; compile=ok; post_readback=ok.
COREQ-2218,core,V03C,V03C-01,existing-core-row,Dragonborn.esm:03216F,DLC2BlackBook06Quest,Dragonborn.esm,ok,APPROVED,not-needed,APPROVED,ok,ok,ok,ok,direct_mcp_review=ok; owner_approved=ok; crossgen=ok; promotion=ok; compile=ok; post_readback=ok.
COREQ-2219,core,V03C,V03C-01,existing-core-row,Dragonborn.esm:032170,DLC2BlackBook07Quest,Dragonborn.esm,ok,APPROVED,not-needed,APPROVED,ok,ok,ok,ok,direct_mcp_review=ok; owner_approved=ok; crossgen=ok; promotion=ok; compile=ok; post_readback=ok.
COREQ-2220,core,V03C,V03C-01,standard,Dragonborn.esm:0327AD,DLC2MQ02FreaTempleSceneQuest,Dragonborn.esm,ok,STRUCTURAL-SILENT,not-needed,SILENT,not-needed,not-needed,not-needed,not-needed,direct_mcp_review=ok; structural/dialogue/monitor/handler/control record; no discrete player-act row.
COREQ-2221,core,V03C,V03C-01,standard,Dragonborn.esm:032897,DLC2DialogueGenericRieklings,Dragonborn.esm,ok,STRUCTURAL-SILENT,not-needed,SILENT,not-needed,not-needed,not-needed,not-needed,direct_mcp_review=ok; structural/dialogue/monitor/handler/control record; no discrete player-act row.
COREQ-2222,core,V03C,V03C-01,standard,Dragonborn.esm:0331C0,DLC2WE09,Dragonborn.esm,ok,SEMANTIC-SILENT,not-needed,SILENT,not-needed,not-needed,not-needed,not-needed,direct_mcp_review=ok; radiant/repeatable/mundane/misc content is silent under approved policy.
COREQ-2223,core,V03C,V03C-01,standard,Dragonborn.esm:03332A,DLC2RR03Priest,Dragonborn.esm,ok,SEMANTIC-SILENT,ok,SILENT,not-needed,not-needed,not-needed,not-needed,direct_mcp_review=ok; radiant/repeatable/mundane/misc content is silent under approved policy.
COREQ-2224,core,V03C,V03C-01,standard,Dragonborn.esm:03332B,DLC2RR03Mine,Dragonborn.esm,ok,STRUCTURAL-SILENT,not-needed,SILENT,not-needed,not-needed,not-needed,not-needed,direct_mcp_review=ok; structural/dialogue/monitor/handler/control record; no discrete player-act row.
COREQ-2225,core,V03C,V03C-01,standard,Dragonborn.esm:03332C,DLC2RR03MineCL,Dragonborn.esm,ok,STRUCTURAL-SILENT,not-needed,SILENT,not-needed,not-needed,not-needed,not-needed,direct_mcp_review=ok; structural/dialogue/monitor/handler/control record; no discrete player-act row.
COREQ-2226,core,V03C,V03C-01,standard,Dragonborn.esm:0337F5,DLC2SV01Post,Dragonborn.esm,ok,STRUCTURAL-SILENT,not-needed,SILENT,not-needed,not-needed,not-needed,not-needed,direct_mcp_review=ok; structural/dialogue/monitor/handler/control record; no discrete player-act row.
COREQ-2227,core,V03C,V03C-01,standard,Dragonborn.esm:033BB2,DLC2DialogueGenericDarkElf,Dragonborn.esm,ok,STRUCTURAL-SILENT,not-needed,SILENT,not-needed,not-needed,not-needed,not-needed,direct_mcp_review=ok; structural/dialogue/monitor/handler/control record; no discrete player-act row.
COREQ-2228,core,V03C,V03C-01,standard,Dragonborn.esm:033BB5,DLC2DialogueGenericCommandedDarkElf,Dragonborn.esm,ok,STRUCTURAL-SILENT,not-needed,SILENT,not-needed,not-needed,not-needed,not-needed,direct_mcp_review=ok; structural/dialogue/monitor/handler/control record; no discrete player-act row.
COREQ-2229,core,V03C,V03C-01,standard,Dragonborn.esm:033BB6,DLC2DialogueGenericFriendlyHitDarkElf,Dragonborn.esm,ok,STRUCTURAL-SILENT,not-needed,SILENT,not-needed,not-needed,not-needed,not-needed,direct_mcp_review=ok; structural/dialogue/monitor/handler/control record; no discrete player-act row.
COREQ-2230,core,V03C,V03C-01,standard,Dragonborn.esm:033BB7,DLC2DialogueRelationshipGenericDarkElf,Dragonborn.esm,ok,STRUCTURAL-SILENT,not-needed,SILENT,not-needed,not-needed,not-needed,not-needed,direct_mcp_review=ok; structural/dialogue/monitor/handler/control record; no discrete player-act row.
COREQ-2231,core,V03C,V03C-01,standard,Dragonborn.esm:033C89,DLC2MerchDialogue,Dragonborn.esm,ok,STRUCTURAL-SILENT,not-needed,SILENT,not-needed,not-needed,not-needed,not-needed,direct_mcp_review=ok; structural/dialogue/monitor/handler/control record; no discrete player-act row.
COREQ-2232,core,V03C,V03C-01,standard,Dragonborn.esm:033D8C,CreatureDialogueAshGhoul,Dragonborn.esm,ok,STRUCTURAL-SILENT,not-needed,SILENT,not-needed,not-needed,not-needed,not-needed,direct_mcp_review=ok; structural/dialogue/monitor/handler/control record; no discrete player-act row.
COREQ-2233,core,V03C,V03C-01,standard,Dragonborn.esm:034025,DLC2WESL01,Dragonborn.esm,ok,STRUCTURAL-SILENT,not-needed,SILENT,not-needed,not-needed,not-needed,not-needed,direct_mcp_review=ok; structural/dialogue/monitor/handler/control record; no discrete player-act row.
COREQ-2234,core,V03C,V03C-01,standard,Dragonborn.esm:0347FC,DLC2RRAnyLocScene18,Dragonborn.esm,ok,STRUCTURAL-SILENT,not-needed,SILENT,not-needed,not-needed,not-needed,not-needed,direct_mcp_review=ok; structural/dialogue/monitor/handler/control record; no discrete player-act row.
COREQ-2235,core,V03C,V03C-01,standard,Dragonborn.esm:0347FE,DLC2RRAnyLocScene19,Dragonborn.esm,ok,STRUCTURAL-SILENT,not-needed,SILENT,not-needed,not-needed,not-needed,not-needed,direct_mcp_review=ok; structural/dialogue/monitor/handler/control record; no discrete player-act row.
COREQ-2236,core,V03C,V03C-01,standard,Dragonborn.esm:034800,DLC2RRAnyLocScene20,Dragonborn.esm,ok,STRUCTURAL-SILENT,not-needed,SILENT,not-needed,not-needed,not-needed,not-needed,direct_mcp_review=ok; structural/dialogue/monitor/handler/control record; no discrete player-act row.
COREQ-2237,core,V03C,V03C-01,standard,Dragonborn.esm:034802,DLC2RRAnyLocScene21,Dragonborn.esm,ok,STRUCTURAL-SILENT,not-needed,SILENT,not-needed,not-needed,not-needed,not-needed,direct_mcp_review=ok; structural/dialogue/monitor/handler/control record; no discrete player-act row.
COREQ-2238,core,V03C,V03C-01,standard,Dragonborn.esm:034E60,DLC2DialogueCultists,Dragonborn.esm,ok,STRUCTURAL-SILENT,not-needed,SILENT,not-needed,not-needed,not-needed,not-needed,direct_mcp_review=ok; structural/dialogue/monitor/handler/control record; no discrete player-act row.
COREQ-2239,core,V03C,V03C-01,standard,Dragonborn.esm:034FB6,DLC2CreatureDialogueWerebear,Dragonborn.esm,ok,STRUCTURAL-SILENT,not-needed,SILENT,not-needed,not-needed,not-needed,not-needed,direct_mcp_review=ok; structural/dialogue/monitor/handler/control record; no discrete player-act row.
COREQ-2240,core,V03C,V03C-01,existing-core-row,Dragonborn.esm:035440,DLC2MQ03B,Dragonborn.esm,ok,APPROVED,not-needed,APPROVED,ok,ok,ok,ok,direct_mcp_review=ok; owner_approved=ok; crossgen=ok; promotion=ok; compile=ok; post_readback=ok.
COREQ-2241,core,V03C,V03C-01,standard,Dragonborn.esm:03546D,DLC2CultistAmbush,Dragonborn.esm,ok,STRUCTURAL-SILENT,not-needed,SILENT,not-needed,not-needed,not-needed,not-needed,direct_mcp_review=ok; structural/dialogue/monitor/handler/control record; no discrete player-act row.
COREQ-2242,core,V03C,V03C-01,standard,Dragonborn.esm:035E2F,DLC2dunFrostmoonQSTMisc,Dragonborn.esm,ok,SEMANTIC-SILENT,not-needed,SILENT,not-needed,not-needed,not-needed,not-needed,direct_mcp_review=ok; radiant/repeatable/mundane/misc content is silent under approved policy.
COREQ-2243,core,V03C,V03C-01,standard,Dragonborn.esm:0362B9,DLC2WE10,Dragonborn.esm,ok,STRUCTURAL-SILENT,not-needed,SILENT,not-needed,not-needed,not-needed,not-needed,direct_mcp_review=ok; structural/dialogue/monitor/handler/control record; no discrete player-act row.
COREQ-2244,core,V03C,V03C-01,standard,Dragonborn.esm:03661B,DLC2dunHaknirTreasureQSTMisc,Dragonborn.esm,ok,SEMANTIC-SILENT,not-needed,SILENT,not-needed,not-needed,not-needed,not-needed,direct_mcp_review=ok; radiant/repeatable/mundane/misc content is silent under approved policy.
COREQ-2245,core,V03C,V03C-01,standard,Dragonborn.esm:03724A,DLC2WE11,Dragonborn.esm,ok,STRUCTURAL-SILENT,not-needed,SILENT,not-needed,not-needed,not-needed,not-needed,direct_mcp_review=ok; structural/dialogue/monitor/handler/control record; no discrete player-act row.
COREQ-2246,core,V03C,V03C-01,standard,Dragonborn.esm:037560,DLC2dunHrodulf,Dragonborn.esm,ok,STRUCTURAL-SILENT,not-needed,SILENT,not-needed,not-needed,not-needed,not-needed,direct_mcp_review=ok; structural/dialogue/monitor/handler/control record; no discrete player-act row.
COREQ-2247,core,V03C,V03C-01,standard,Dragonborn.esm:0383B3,DLC2DamphallMine01SceneQuest,Dragonborn.esm,ok,STRUCTURAL-SILENT,not-needed,SILENT,not-needed,not-needed,not-needed,not-needed,direct_mcp_review=ok; structural/dialogue/monitor/handler/control record; no discrete player-act row.
COREQ-2248,core,V03C,V03C-01,standard,Dragonborn.esm:038423,DLC2AshSpawnAttack,Dragonborn.esm,ok,STRUCTURAL-SILENT,not-needed,SILENT,not-needed,not-needed,not-needed,not-needed,direct_mcp_review=ok; structural/dialogue/monitor/handler/control record; no discrete player-act row.
COREQ-2249,core,V03C,V03C-01,standard,Dragonborn.esm:03854C,DLC2MQ07,Dragonborn.esm,ok,STRUCTURAL-SILENT,ok,SILENT,not-needed,not-needed,not-needed,not-needed,direct_mcp_review=ok; structural/dialogue/monitor/handler/control record; no discrete player-act row.
COREQ-2250,core,V03C,V03C-01,standard,Dragonborn.esm:038566,DLC2HirelingQuest,Dragonborn.esm,ok,STRUCTURAL-SILENT,not-needed,SILENT,not-needed,not-needed,not-needed,not-needed,direct_mcp_review=ok; structural/dialogue/monitor/handler/control record; no discrete player-act row.
COREQ-2251,core,V03C,V03C-01,standard,Dragonborn.esm:038C07,DLC2RieklingRescue,Dragonborn.esm,ok,STRUCTURAL-SILENT,not-needed,SILENT,not-needed,not-needed,not-needed,not-needed,direct_mcp_review=ok; structural/dialogue/monitor/handler/control record; no discrete player-act row.
COREQ-2252,core,V03C,V03C-01,existing-core-row,Dragonborn.esm:038EBF,DLC2ThirskFFElmus,Dragonborn.esm,ok,APPROVED,ok,APPROVED,ok,ok,ok,ok,direct_mcp_review=ok; owner_approved=ok; crossgen=ok; promotion=ok; compile=ok; post_readback=ok.
COREQ-2253,core,V03C,V03C-01,standard,Dragonborn.esm:038EC4,DLC2ThirskFFElmusBack,Dragonborn.esm,ok,APPROVED,ok,APPROVED,ok,ok,ok,ok,direct_mcp_review=ok; owner_approved=ok; crossgen=ok; promotion=ok; compile=ok; post_readback=ok.
COREQ-2254,core,V03C,V03C-01,standard,Dragonborn.esm:038FB0,DLC2dunHaknirQSTIncreaseLevel,Dragonborn.esm,ok,STRUCTURAL-SILENT,not-needed,SILENT,not-needed,not-needed,not-needed,not-needed,direct_mcp_review=ok; structural/dialogue/monitor/handler/control record; no discrete player-act row.
COREQ-2255,core,V03C,V03C-01,standard,Dragonborn.esm:038FB1,DLC2CultistOrdersQuestObjectHandler,Dragonborn.esm,ok,STRUCTURAL-SILENT,not-needed,SILENT,not-needed,not-needed,not-needed,not-needed,direct_mcp_review=ok; structural/dialogue/monitor/handler/control record; no discrete player-act row.
COREQ-2256,core,V03C,V03C-01,existing-core-row,Dragonborn.esm:038FBB,DLC2ThirskFFHilund,Dragonborn.esm,ok,APPROVED,ok,APPROVED,ok,ok,ok,ok,direct_mcp_review=ok; owner_approved=ok; crossgen=ok; promotion=ok; compile=ok; post_readback=ok.
COREQ-2257,core,V03C,V03C-01,existing-core-row,Dragonborn.esm:038FBC,DLC2ThirskFFHalbarn,Dragonborn.esm,ok,APPROVED,ok,APPROVED,ok,ok,ok,ok,direct_mcp_review=ok; owner_approved=ok; crossgen=ok; promotion=ok; compile=ok; post_readback=ok.
COREQ-2258,core,V03C,V03C-01,standard,Dragonborn.esm:03923B,DLC2WE12,Dragonborn.esm,ok,STRUCTURAL-SILENT,not-needed,SILENT,not-needed,not-needed,not-needed,not-needed,direct_mcp_review=ok; structural/dialogue/monitor/handler/control record; no discrete player-act row.
COREQ-2259,core,V03C,V03C-01,standard,Dragonborn.esm:03971F,DLC2WE13,Dragonborn.esm,ok,STRUCTURAL-SILENT,not-needed,SILENT,not-needed,not-needed,not-needed,not-needed,direct_mcp_review=ok; structural/dialogue/monitor/handler/control record; no discrete player-act row.
COREQ-2260,core,V03C,V03C-01,standard,Dragonborn.esm:0398A3,DLC2WE14,Dragonborn.esm,ok,STRUCTURAL-SILENT,not-needed,SILENT,not-needed,not-needed,not-needed,not-needed,direct_mcp_review=ok; structural/dialogue/monitor/handler/control record; no discrete player-act row.
COREQ-2261,core,V03C,V03C-01,standard,Dragonborn.esm:039A77,DLC2WE15,Dragonborn.esm,ok,STRUCTURAL-SILENT,not-needed,SILENT,not-needed,not-needed,not-needed,not-needed,direct_mcp_review=ok; structural/dialogue/monitor/handler/control record; no discrete player-act row.
COREQ-2262,core,V03C,V03C-01,standard,Dragonborn.esm:03A317,DLC2TelMithrynDrovasNelothScene02,Dragonborn.esm,ok,STRUCTURAL-SILENT,not-needed,SILENT,not-needed,not-needed,not-needed,not-needed,direct_mcp_review=ok; structural/dialogue/monitor/handler/control record; no discrete player-act row.
COREQ-2263,core,V03C,V03C-01,standard,Dragonborn.esm:03A319,DLC2TelMithrynDrovasNelothScene01,Dragonborn.esm,ok,STRUCTURAL-SILENT,not-needed,SILENT,not-needed,not-needed,not-needed,not-needed,direct_mcp_review=ok; structural/dialogue/monitor/handler/control record; no discrete player-act row.
COREQ-2264,core,V03C,V03C-01,standard,Dragonborn.esm:03A31B,DLC2TelMithrynDrovasTalvasScene02,Dragonborn.esm,ok,STRUCTURAL-SILENT,not-needed,SILENT,not-needed,not-needed,not-needed,not-needed,direct_mcp_review=ok; structural/dialogue/monitor/handler/control record; no discrete player-act row.
COREQ-2265,core,V03C,V03C-01,standard,Dragonborn.esm:03A31D,DLC2TelMithrynDrovasTalvasScene01,Dragonborn.esm,ok,STRUCTURAL-SILENT,not-needed,SILENT,not-needed,not-needed,not-needed,not-needed,direct_mcp_review=ok; structural/dialogue/monitor/handler/control record; no discrete player-act row.
COREQ-2266,core,V03C,V03C-01,standard,Dragonborn.esm:03A31F,DLC2TelMithrynDrovasElyneaScene01,Dragonborn.esm,ok,STRUCTURAL-SILENT,not-needed,SILENT,not-needed,not-needed,not-needed,not-needed,direct_mcp_review=ok; structural/dialogue/monitor/handler/control record; no discrete player-act row.
COREQ-2267,core,V03C,V03C-01,standard,Dragonborn.esm:03A321,DLC2TelMithrynDrovasElyneaScene02,Dragonborn.esm,ok,STRUCTURAL-SILENT,not-needed,SILENT,not-needed,not-needed,not-needed,not-needed,direct_mcp_review=ok; structural/dialogue/monitor/handler/control record; no discrete player-act row.
COREQ-2268,core,V03C,V03C-01,standard,Dragonborn.esm:03A35E,DLC2Book01PuzzleQST,Dragonborn.esm,ok,STRUCTURAL-SILENT,not-needed,SILENT,not-needed,not-needed,not-needed,not-needed,direct_mcp_review=ok; structural/dialogue/monitor/handler/control record; no discrete player-act row.
COREQ-2269,core,V03C,V03C-01,standard,Dragonborn.esm:03A4CB,DLC2DialogueGenericHunter,Dragonborn.esm,ok,STRUCTURAL-SILENT,not-needed,SILENT,not-needed,not-needed,not-needed,not-needed,direct_mcp_review=ok; structural/dialogue/monitor/handler/control record; no discrete player-act row.
COREQ-2270,core,V03C,V03C-01,standard,Dragonborn.esm:03D47C,CreatureDialogueSeeker,Dragonborn.esm,ok,STRUCTURAL-SILENT,not-needed,SILENT,not-needed,not-needed,not-needed,not-needed,direct_mcp_review=ok; structural/dialogue/monitor/handler/control record; no discrete player-act row.
COREQ-2271,core,V03C,V03C-01,standard,Skyrim.esm:01F142,MS06PotemasCatacombsDungeon,Dragonborn.esm,ok,STRUCTURAL-SILENT,not-needed,SILENT,not-needed,not-needed,not-needed,not-needed,direct_mcp_review=ok; structural/dialogue/monitor/handler/control record; no discrete player-act row.
COREQ-2272,core,V03C,V03C-01,standard,Skyrim.esm:023EE4,WICastMagic04,Dragonborn.esm,ok,SEMANTIC-SILENT,not-needed,SILENT,not-needed,not-needed,not-needed,not-needed,direct_mcp_review=ok; radiant/repeatable/mundane/misc content is silent under approved policy.
COREQ-2273,core,V03C,V03C-01,standard,Skyrim.esm:035D56,MQkillDragon,Dragonborn.esm,ok,STRUCTURAL-SILENT,not-needed,SILENT,not-needed,not-needed,not-needed,not-needed,direct_mcp_review=ok; structural/dialogue/monitor/handler/control record; no discrete player-act row.
COREQ-2274,core,V03C,V03C-01,standard,Skyrim.esm:06F211,WIChangeLocation04,Dragonborn.esm,ok,SEMANTIC-SILENT,not-needed,SILENT,not-needed,not-needed,not-needed,not-needed,direct_mcp_review=ok; radiant/repeatable/mundane/misc content is silent under approved policy.
COREQ-2275,creation-club,V04,V04-01,standard,ccbgssse001-fish.esm:0008BF,ccBGSSSE001_DLCDetectionQuest,ccbgssse001-fish.esm,ok,STRUCTURAL-SILENT,not-needed,SILENT,not-needed,not-needed,not-needed,not-needed,direct_mcp_review=ok; structural/dialogue/monitor/handler/control or NPC-only record; no discrete player-act row.
COREQ-2276,creation-club,V04,V04-01,standard,ccbgssse001-fish.esm:0009D3,ccBGSSSE001_Start_MQ1,ccbgssse001-fish.esm,ok,APPROVED,not-needed,APPROVED,ok,ok,ok,ok,direct_mcp_review=ok; owner_approved=ok; crossgen=ok; promotion=ok; compile=ok; post_readback=ok.
COREQ-2277,creation-club,V04,V04-01,standard,ccbgssse001-fish.esm:0009D4,ccBGSSSE001_Crab_MQ1,ccbgssse001-fish.esm,ok,APPROVED,not-needed,APPROVED,ok,ok,ok,ok,direct_mcp_review=ok; owner_approved=ok; crossgen=ok; promotion=ok; compile=ok; post_readback=ok.
COREQ-2278,creation-club,V04,V04-01,standard,ccbgssse001-fish.esm:0009D5,ccBGSSSE001_Misc_Windhelm,ccbgssse001-fish.esm,ok,APPROVED,not-needed,APPROVED,ok,ok,ok,ok,direct_mcp_review=ok; owner_approved=ok; crossgen=ok; promotion=ok; compile=ok; post_readback=ok.
COREQ-2279,creation-club,V04,V04-01,standard,ccbgssse001-fish.esm:0009D6,ccBGSSSE001_Crab_MQ3,ccbgssse001-fish.esm,ok,APPROVED,not-needed,APPROVED,ok,ok,ok,ok,direct_mcp_review=ok; owner_approved=ok; crossgen=ok; promotion=ok; compile=ok; post_readback=ok.
COREQ-2280,creation-club,V04,V04-01,standard,ccbgssse001-fish.esm:0009D7,ccBGSSSE001_Misc_WhiterunPartTwo,ccbgssse001-fish.esm,ok,APPROVED,not-needed,APPROVED,ok,ok,ok,ok,direct_mcp_review=ok; owner_approved=ok; crossgen=ok; promotion=ok; compile=ok; post_readback=ok.
COREQ-2281,creation-club,V04,V04-01,standard,ccbgssse001-fish.esm:0009DA,ccBGSSSE001_Crab_MQ2,ccbgssse001-fish.esm,ok,APPROVED,not-needed,APPROVED,ok,ok,ok,ok,direct_mcp_review=ok; owner_approved=ok; crossgen=ok; promotion=ok; compile=ok; post_readback=ok.
COREQ-2282,creation-club,V04,V04-01,standard,ccbgssse001-fish.esm:0009DB,ccBGSSSE001_Start_MQ2,ccbgssse001-fish.esm,ok,SEMANTIC-SILENT,not-needed,SILENT,not-needed,not-needed,not-needed,not-needed,direct_mcp_review=ok; introduction or repeatable radiant content is silent under one-shot eligibility.
COREQ-2283,creation-club,V04,V04-01,standard,ccbgssse001-fish.esm:0009DC,ccBGSSSE001_Fish_MQ5,ccbgssse001-fish.esm,ok,APPROVED,not-needed,APPROVED,ok,ok,ok,ok,direct_mcp_review=ok; owner_approved=ok; crossgen=ok; promotion=ok; compile=ok; post_readback=ok.
COREQ-2284,creation-club,V04,V04-01,standard,ccbgssse001-fish.esm:0009DD,ccBGSSSE001_Fish_MQ4,ccbgssse001-fish.esm,ok,APPROVED,not-needed,APPROVED,ok,ok,ok,ok,direct_mcp_review=ok; owner_approved=ok; crossgen=ok; promotion=ok; compile=ok; post_readback=ok.
COREQ-2285,creation-club,V04,V04-01,standard,ccbgssse001-fish.esm:0009DE,ccBGSSSE001_Fish_MQ1,ccbgssse001-fish.esm,ok,APPROVED,not-needed,APPROVED,ok,ok,ok,ok,direct_mcp_review=ok; owner_approved=ok; crossgen=ok; promotion=ok; compile=ok; post_readback=ok.
COREQ-2286,creation-club,V04,V04-01,standard,ccbgssse001-fish.esm:0009DF,ccBGSSSE001_Misc_Markarth,ccbgssse001-fish.esm,ok,APPROVED,not-needed,APPROVED,ok,ok,ok,ok,direct_mcp_review=ok; owner_approved=ok; crossgen=ok; promotion=ok; compile=ok; post_readback=ok.
COREQ-2287,creation-club,V04,V04-01,standard,ccbgssse001-fish.esm:0009E2,ccBGSSSE001_Misc_Khajiit,ccbgssse001-fish.esm,ok,APPROVED,not-needed,APPROVED,ok,ok,ok,ok,direct_mcp_review=ok; owner_approved=ok; crossgen=ok; promotion=ok; compile=ok; post_readback=ok.
COREQ-2288,creation-club,V04,V04-01,standard,ccbgssse001-fish.esm:0009E3,ccBGSSSE001_Misc_Solitude,ccbgssse001-fish.esm,ok,APPROVED,not-needed,APPROVED,ok,ok,ok,ok,direct_mcp_review=ok; owner_approved=ok; crossgen=ok; promotion=ok; compile=ok; post_readback=ok.
COREQ-2289,creation-club,V04,V04-01,standard,ccbgssse001-fish.esm:0009E4,ccBGSSSE001_Misc_Morthal,ccbgssse001-fish.esm,ok,APPROVED,not-needed,APPROVED,ok,ok,ok,ok,direct_mcp_review=ok; owner_approved=ok; crossgen=ok; promotion=ok; compile=ok; post_readback=ok.
COREQ-2290,creation-club,V04,V04-01,standard,ccbgssse001-fish.esm:0009E6,ccBGSSSE001_MiscQuests,ccbgssse001-fish.esm,ok,STRUCTURAL-SILENT,not-needed,SILENT,not-needed,not-needed,not-needed,not-needed,direct_mcp_review=ok; structural/dialogue/monitor/handler/control or NPC-only record; no discrete player-act row.
COREQ-2291,creation-club,V04,V04-01,standard,ccbgssse001-fish.esm:0009E8,ccBGSSSE001_Fish_MQ3,ccbgssse001-fish.esm,ok,APPROVED,not-needed,APPROVED,ok,ok,ok,ok,direct_mcp_review=ok; owner_approved=ok; crossgen=ok; promotion=ok; compile=ok; post_readback=ok.
COREQ-2292,creation-club,V04,V04-01,standard,ccbgssse001-fish.esm:0009E9,ccBGSSSE001_Crab_MQ4,ccbgssse001-fish.esm,ok,APPROVED,not-needed,APPROVED,ok,ok,ok,ok,direct_mcp_review=ok; owner_approved=ok; crossgen=ok; promotion=ok; compile=ok; post_readback=ok.
COREQ-2293,creation-club,V04,V04-01,standard,ccbgssse001-fish.esm:0009EB,ccBGSSSE001_Fish_MQ2,ccbgssse001-fish.esm,ok,APPROVED,not-needed,APPROVED,ok,ok,ok,ok,direct_mcp_review=ok; owner_approved=ok; crossgen=ok; promotion=ok; compile=ok; post_readback=ok.
COREQ-2294,creation-club,V04,V04-01,standard,ccbgssse001-fish.esm:0009EC,ccBGSSSE001_Misc_Falkreath,ccbgssse001-fish.esm,ok,APPROVED,ok,APPROVED,ok,ok,ok,ok,direct_mcp_review=ok; owner_approved=ok; crossgen=ok; promotion=ok; compile=ok; post_readback=ok.
COREQ-2295,creation-club,V04,V04-01,standard,ccbgssse001-fish.esm:000AD6,ccBGSSSE001_Misc_Dwarven,ccbgssse001-fish.esm,ok,APPROVED,not-needed,APPROVED,ok,ok,ok,ok,direct_mcp_review=ok; owner_approved=ok; crossgen=ok; promotion=ok; compile=ok; post_readback=ok.
COREQ-2296,creation-club,V04,V04-01,standard,ccbgssse001-fish.esm:000B98,ccBGSSSE001_Radiant_1,ccbgssse001-fish.esm,ok,SEMANTIC-SILENT,not-needed,SILENT,not-needed,not-needed,not-needed,not-needed,direct_mcp_review=ok; introduction or repeatable radiant content is silent under one-shot eligibility.
COREQ-2297,creation-club,V04,V04-01,standard,ccbgssse001-fish.esm:000C2F,ccBGSSSE001_Radiant_2,ccbgssse001-fish.esm,ok,SEMANTIC-SILENT,not-needed,SILENT,not-needed,not-needed,not-needed,not-needed,direct_mcp_review=ok; introduction or repeatable radiant content is silent under one-shot eligibility.
COREQ-2298,creation-club,V04,V04-01,standard,ccbgssse001-fish.esm:000C8C,ccBGSSSE001_Radiant_3,ccbgssse001-fish.esm,ok,SEMANTIC-SILENT,not-needed,SILENT,not-needed,not-needed,not-needed,not-needed,direct_mcp_review=ok; introduction or repeatable radiant content is silent under one-shot eligibility.
COREQ-2299,creation-club,V04,V04-01,standard,ccbgssse001-fish.esm:000E56,ccBGSSSE001_RadiantQuests,ccbgssse001-fish.esm,ok,STRUCTURAL-SILENT,not-needed,SILENT,not-needed,not-needed,not-needed,not-needed,direct_mcp_review=ok; structural/dialogue/monitor/handler/control or NPC-only record; no discrete player-act row.
COREQ-2300,creation-club,V04,V04-01,standard,ccbgssse001-fish.esm:000E5D,ccBGSSSE001_Misc_WhiterunPartOne,ccbgssse001-fish.esm,ok,APPROVED,not-needed,APPROVED,ok,ok,ok,ok,direct_mcp_review=ok; owner_approved=ok; crossgen=ok; promotion=ok; compile=ok; post_readback=ok.
COREQ-2301,creation-club,V04,V04-01,standard,ccbgssse001-fish.esm:000F15,ccBGSSSE001_MudcrabAllyQuest,ccbgssse001-fish.esm,ok,STRUCTURAL-SILENT,not-needed,SILENT,not-needed,not-needed,not-needed,not-needed,direct_mcp_review=ok; structural/dialogue/monitor/handler/control or NPC-only record; no discrete player-act row.
COREQ-2302,creation-club,V04,V04-01,standard,ccbgssse001-fish.esm:000F4E,ccBGSSSE001_FishPlaqueQuest,ccbgssse001-fish.esm,ok,STRUCTURAL-SILENT,not-needed,SILENT,not-needed,not-needed,not-needed,not-needed,direct_mcp_review=ok; structural/dialogue/monitor/handler/control or NPC-only record; no discrete player-act row.
COREQ-2303,creation-club,V04,V04-01,standard,ccbgssse001-fish.esm:033A55,ccBGSSSE001_DialogueDetectQuest,ccbgssse001-fish.esm,ok,STRUCTURAL-SILENT,not-needed,SILENT,not-needed,not-needed,not-needed,not-needed,direct_mcp_review=ok; structural/dialogue/monitor/handler/control or NPC-only record; no discrete player-act row.
COREQ-2304,creation-club,V04,V04-01,standard,ccbgssse001-fish.esm:033A57,ccBGSSSE001_FishingSystemQuest,ccbgssse001-fish.esm,ok,STRUCTURAL-SILENT,not-needed,SILENT,not-needed,not-needed,not-needed,not-needed,direct_mcp_review=ok; structural/dialogue/monitor/handler/control or NPC-only record; no discrete player-act row.
COREQ-2305,creation-club,V04,V04-01,standard,ccbgssse001-fish.esm:0D1017,ccBGSSSE001_FishingFollowerIdleQuest,ccbgssse001-fish.esm,ok,STRUCTURAL-SILENT,not-needed,SILENT,not-needed,not-needed,not-needed,not-needed,direct_mcp_review=ok; structural/dialogue/monitor/handler/control or NPC-only record; no discrete player-act row.
COREQ-2306,creation-club,V04,V04-01,standard,ccbgssse001-fish.esm:1223C7,ccBGSSSE001_PersistentDialogueQuest,ccbgssse001-fish.esm,ok,STRUCTURAL-SILENT,not-needed,SILENT,not-needed,not-needed,not-needed,not-needed,direct_mcp_review=ok; structural/dialogue/monitor/handler/control or NPC-only record; no discrete player-act row.
COREQ-2307,creation-club,V04,V04-01,standard,ccbgssse001-fish.esm:131759,ccBGSSSE001_DecorationDialogue,ccbgssse001-fish.esm,ok,STRUCTURAL-SILENT,not-needed,SILENT,not-needed,not-needed,not-needed,not-needed,direct_mcp_review=ok; structural/dialogue/monitor/handler/control or NPC-only record; no discrete player-act row.
COREQ-2308,creation-club,V04,V04-01,standard,ccbgssse025-advdsgs.esm:000912,ccBGSSSE025_QuestA,ccbgssse025-advdsgs.esm,ok,APPROVED,not-needed,APPROVED,ok,ok,ok,ok,direct_mcp_review=ok; owner_approved=ok; crossgen=ok; promotion=ok; compile=ok; post_readback=ok.
COREQ-2309,creation-club,V04,V04-01,standard,ccbgssse025-advdsgs.esm:000913,ccBGSSSE025_QuestB,ccbgssse025-advdsgs.esm,ok,APPROVED,not-needed,APPROVED,ok,ok,ok,ok,direct_mcp_review=ok; owner_approved=ok; crossgen=ok; promotion=ok; compile=ok; post_readback=ok.
COREQ-2310,creation-club,V04,V04-01,standard,ccbgssse025-advdsgs.esm:000C4B,ccBGSSSE025_MiscQuest_GSDSGearBook,ccbgssse025-advdsgs.esm,ok,APPROVED,ok,APPROVED,ok,ok,ok,ok,direct_mcp_review=ok; owner_approved=ok; crossgen=ok; promotion=ok; compile=ok; post_readback=ok.
COREQ-2311,creation-club,V04,V04-01,standard,ccbgssse025-advdsgs.esm:000C4D,ccBGSSSE025_MiscQuest_AmberMadnessGear,ccbgssse025-advdsgs.esm,ok,APPROVED,ok,APPROVED,ok,ok,ok,ok,direct_mcp_review=ok; owner_approved=ok; crossgen=ok; promotion=ok; compile=ok; post_readback=ok.
COREQ-2312,creation-club,V04,V04-01,standard,ccbgssse025-advdsgs.esm:0010BE,ccBGSSSE025_ElytraPetAdoption_Mania,ccbgssse025-advdsgs.esm,ok,STRUCTURAL-SILENT,not-needed,SILENT,not-needed,not-needed,not-needed,not-needed,direct_mcp_review=ok; structural/dialogue/monitor/handler/control or NPC-only record; no discrete player-act row.
COREQ-2313,creation-club,V04,V04-01,standard,ccbgssse025-advdsgs.esm:0010BF,ccBGSSSE025_MiscQuest_Nerveshatter,ccbgssse025-advdsgs.esm,ok,APPROVED,ok,APPROVED,ok,ok,ok,ok,direct_mcp_review=ok; owner_approved=ok; crossgen=ok; promotion=ok; compile=ok; post_readback=ok.
COREQ-2314,creation-club,V04,V04-01,standard,ccbgssse025-advdsgs.esm:0010C0,ccBGSSSE025_ElytraPetAcquisition_Dementia,ccbgssse025-advdsgs.esm,ok,APPROVED,ok,APPROVED,ok,ok,ok,ok,direct_mcp_review=ok; owner_approved=ok; crossgen=ok; promotion=ok; compile=ok; post_readback=ok.
COREQ-2315,creation-club,V04,V04-01,standard,ccbgssse025-advdsgs.esm:0010C1,ccBGSSSE025_RareCuriosIntegration,ccbgssse025-advdsgs.esm,ok,STRUCTURAL-SILENT,not-needed,SILENT,not-needed,not-needed,not-needed,not-needed,direct_mcp_review=ok; structural/dialogue/monitor/handler/control or NPC-only record; no discrete player-act row.
COREQ-2316,creation-club,V04,V04-01,standard,ccbgssse025-advdsgs.esm:0010C2,ccBGSSSE025_ElytraPetAdoption_Dementia,ccbgssse025-advdsgs.esm,ok,STRUCTURAL-SILENT,not-needed,SILENT,not-needed,not-needed,not-needed,not-needed,direct_mcp_review=ok; structural/dialogue/monitor/handler/control or NPC-only record; no discrete player-act row.
COREQ-2317,creation-club,V04,V04-01,standard,ccbgssse025-advdsgs.esm:0010C3,ccBGSSSE025_ElytraPetAcquisition_Mania,ccbgssse025-advdsgs.esm,ok,APPROVED,ok,APPROVED,ok,ok,ok,ok,direct_mcp_review=ok; owner_approved=ok; crossgen=ok; promotion=ok; compile=ok; post_readback=ok.
COREQ-2318,creation-club,V04,V04-01,standard,ccbgssse025-advdsgs.esm:0819B5,ccBGSSSE025_PostQuestCourier,ccbgssse025-advdsgs.esm,ok,STRUCTURAL-SILENT,not-needed,SILENT,not-needed,not-needed,not-needed,not-needed,direct_mcp_review=ok; structural/dialogue/monitor/handler/control or NPC-only record; no discrete player-act row.
COREQ-2319,creation-club,V04,V04-01,standard,ccbgssse025-advdsgs.esm:198277,ccBGSSSE025_StaadaQuest,ccbgssse025-advdsgs.esm,ok,AMBIGUOUS,ok,UNREVIEWED,inert,-,-,-,direct_mcp_review=ok; give-artifact and refuse/fight branches are proven but no supported Prince mapping safely covers Staada or Jyggalag.
COREQ-2320,creation-club,V04,V04-01,standard,ccbgssse025-advdsgs.esm:198278,ccBGSSSE025_PostQuestCourierStaada,ccbgssse025-advdsgs.esm,ok,STRUCTURAL-SILENT,not-needed,SILENT,not-needed,not-needed,not-needed,not-needed,direct_mcp_review=ok; structural/dialogue/monitor/handler/control or NPC-only record; no discrete player-act row.
COREQ-2321,creation-club,V04,V04-01,standard,ccbgssse025-advdsgs.esm:21BD5F,ccBGSSSE025_WIKillSaintLeader,ccbgssse025-advdsgs.esm,ok,STRUCTURAL-SILENT,not-needed,SILENT,not-needed,not-needed,not-needed,not-needed,direct_mcp_review=ok; structural/dialogue/monitor/handler/control or NPC-only record; no discrete player-act row.
COREQ-2322,creation-club,V04,V04-01,standard,ccbgssse025-advdsgs.esm:21BD60,ccBGSSSE025_WEWIKillSaintsLeader,ccbgssse025-advdsgs.esm,ok,STRUCTURAL-SILENT,not-needed,SILENT,not-needed,not-needed,not-needed,not-needed,direct_mcp_review=ok; structural/dialogue/monitor/handler/control or NPC-only record; no discrete player-act row.
COREQ-2323,creation-club,V04,V04-01,standard,ccbgssse025-advdsgs.esm:21BD6C,ccBGSSSE025_WEWIKillSeducersLeader,ccbgssse025-advdsgs.esm,ok,STRUCTURAL-SILENT,not-needed,SILENT,not-needed,not-needed,not-needed,not-needed,direct_mcp_review=ok; structural/dialogue/monitor/handler/control or NPC-only record; no discrete player-act row.
COREQ-2324,creation-club,V04,V04-01,standard,ccbgssse025-advdsgs.esm:21BD6D,ccBGSSSE025_WIKillSeducerLeader,ccbgssse025-advdsgs.esm,ok,STRUCTURAL-SILENT,not-needed,SILENT,not-needed,not-needed,not-needed,not-needed,direct_mcp_review=ok; structural/dialogue/monitor/handler/control or NPC-only record; no discrete player-act row.
COREQ-2325,creation-club,V04,V04-01,standard,ccbgssse037-curios.esl:00084D,ccBGSSSE037_RareCuriosQuest,ccbgssse037-curios.esl,ok,STRUCTURAL-SILENT,not-needed,SILENT,not-needed,not-needed,not-needed,not-needed,direct_mcp_review=ok; structural/dialogue/monitor/handler/control or NPC-only record; no discrete player-act row.
COREQ-2326,creation-club,V04,V04-01,standard,ccqdrsse001-survivalmode.esl:000855,Survival_HeatSourceLocatorQuest,ccqdrsse001-survivalmode.esl,ok,STRUCTURAL-SILENT,not-needed,SILENT,not-needed,not-needed,not-needed,not-needed,direct_mcp_review=ok; structural/dialogue/monitor/handler/control or NPC-only record; no discrete player-act row.
COREQ-2327,creation-club,V04,V04-01,standard,ccqdrsse001-survivalmode.esl:000894,Survival_NeedHungerQuest,ccqdrsse001-survivalmode.esl,ok,STRUCTURAL-SILENT,not-needed,SILENT,not-needed,not-needed,not-needed,not-needed,direct_mcp_review=ok; structural/dialogue/monitor/handler/control or NPC-only record; no discrete player-act row.
COREQ-2328,creation-club,V04,V04-01,standard,ccqdrsse001-survivalmode.esl:000895,Survival_HeatCheckQuest,ccqdrsse001-survivalmode.esl,ok,STRUCTURAL-SILENT,not-needed,SILENT,not-needed,not-needed,not-needed,not-needed,direct_mcp_review=ok; structural/dialogue/monitor/handler/control or NPC-only record; no discrete player-act row.
COREQ-2329,creation-club,V04,V04-01,standard,ccqdrsse001-survivalmode.esl:000896,Survival_NeedColdQuest,ccqdrsse001-survivalmode.esl,ok,STRUCTURAL-SILENT,not-needed,SILENT,not-needed,not-needed,not-needed,not-needed,direct_mcp_review=ok; structural/dialogue/monitor/handler/control or NPC-only record; no discrete player-act row.
COREQ-2330,creation-club,V04,V04-01,standard,ccqdrsse001-survivalmode.esl:000897,Survival_PlayerInfoQuest,ccqdrsse001-survivalmode.esl,ok,STRUCTURAL-SILENT,not-needed,SILENT,not-needed,not-needed,not-needed,not-needed,direct_mcp_review=ok; structural/dialogue/monitor/handler/control or NPC-only record; no discrete player-act row.
COREQ-2331,creation-club,V04,V04-01,standard,ccqdrsse001-survivalmode.esl:000898,SurvivalModeMainQuest,ccqdrsse001-survivalmode.esl,ok,STRUCTURAL-SILENT,not-needed,SILENT,not-needed,not-needed,not-needed,not-needed,direct_mcp_review=ok; structural/dialogue/monitor/handler/control or NPC-only record; no discrete player-act row.
COREQ-2332,creation-club,V04,V04-01,standard,ccqdrsse001-survivalmode.esl:000899,Survival_NeedExhaustionQuest,ccqdrsse001-survivalmode.esl,ok,STRUCTURAL-SILENT,not-needed,SILENT,not-needed,not-needed,not-needed,not-needed,direct_mcp_review=ok; structural/dialogue/monitor/handler/control or NPC-only record; no discrete player-act row.
COREQ-2333,creation-club,V04,V04-01,standard,ccqdrsse001-survivalmode.esl:0008C5,Survival_UIMovementUpdateQuest,ccqdrsse001-survivalmode.esl,ok,STRUCTURAL-SILENT,not-needed,SILENT,not-needed,not-needed,not-needed,not-needed,direct_mcp_review=ok; structural/dialogue/monitor/handler/control or NPC-only record; no discrete player-act row.
COREQ-2334,creation-club,V04,V04-01,standard,ccqdrsse001-survivalmode.esl:00091A,Survival_PlayerTalkingQuest,ccqdrsse001-survivalmode.esl,ok,STRUCTURAL-SILENT,not-needed,SILENT,not-needed,not-needed,not-needed,not-needed,direct_mcp_review=ok; structural/dialogue/monitor/handler/control or NPC-only record; no discrete player-act row.
