occurrence_id,scope,audit_tranche,audit_shard,risk_priority,source_plugin,plugin_path,formid,editor_id,role,is_canonical,canonical_source_plugin
CORE-0001,core,V03B,V03B-01,standard,Skyrim.esm,D:\Wabbajack\modlists\Anvil\Stock Game\Data\Skyrim.esm,Skyrim.esm:000E46,CreatureDialogueWerewolf,defined,no,Dawnguard.esm
CORE-0002,core,V02,V02-01,standard,Skyrim.esm,D:\Wabbajack\modlists\Anvil\Stock Game\Data\Skyrim.esm,Skyrim.esm:017042,MQSovngardeConv2ActorDialogue,defined,yes,Skyrim.esm
CORE-0003,core,V02,V02-01,standard,Skyrim.esm,D:\Wabbajack\modlists\Anvil\Stock Game\Data\Skyrim.esm,Skyrim.esm:01703C,KingOlafsFestivalStarter,defined,yes,Skyrim.esm
CORE-0004,core,V02,V02-04,standard,Skyrim.esm,D:\Wabbajack\modlists\Anvil\Stock Game\Data\Skyrim.esm,Skyrim.esm:10FF8F,DA15Return,defined,yes,Skyrim.esm
CORE-0005,core,V02,V02-04,standard,Skyrim.esm,D:\Wabbajack\modlists\Anvil\Stock Game\Data\Skyrim.esm,Skyrim.esm:10FE25,CRTwinsPostQuest,defined,yes,Skyrim.esm
CORE-0006,core,V02,V02-04,standard,Skyrim.esm,D:\Wabbajack\modlists\Anvil\Stock Game\Data\Skyrim.esm,Skyrim.esm:10FDD5,CWReservations,defined,yes,Skyrim.esm
CORE-0007,core,V02,V02-04,standard,Skyrim.esm,D:\Wabbajack\modlists\Anvil\Stock Game\Data\Skyrim.esm,Skyrim.esm:10FBF5,C00PlayerTheftPoke,defined,yes,Skyrim.esm
CORE-0008,core,V02,V02-04,standard,Skyrim.esm,D:\Wabbajack\modlists\Anvil\Stock Game\Data\Skyrim.esm,Skyrim.esm:10FAEE,DA08FriendKill,defined,yes,Skyrim.esm
CORE-0009,core,V02,V02-04,standard,Skyrim.esm,D:\Wabbajack\modlists\Anvil\Stock Game\Data\Skyrim.esm,Skyrim.esm:10FAEC,DA08EbonyBladeTracking,defined,yes,Skyrim.esm
CORE-0010,core,V02,V02-04,standard,Skyrim.esm,D:\Wabbajack\modlists\Anvil\Stock Game\Data\Skyrim.esm,Skyrim.esm:10F676,CreatureDialogueFox,defined,yes,Skyrim.esm
CORE-0011,core,V02,V02-04,standard,Skyrim.esm,D:\Wabbajack\modlists\Anvil\Stock Game\Data\Skyrim.esm,Skyrim.esm:10F4AC,MGScrollSwap,defined,yes,Skyrim.esm
CORE-0012,core,V02,V02-04,standard,Skyrim.esm,D:\Wabbajack\modlists\Anvil\Stock Game\Data\Skyrim.esm,Skyrim.esm:10EC61,MQGreybeardCall,defined,yes,Skyrim.esm
CORE-0013,core,V02,V02-04,standard,Skyrim.esm,D:\Wabbajack\modlists\Anvil\Stock Game\Data\Skyrim.esm,Skyrim.esm:10E3E9,TGJarl,defined,yes,Skyrim.esm
CORE-0014,core,V02,V02-04,standard,Skyrim.esm,D:\Wabbajack\modlists\Anvil\Stock Game\Data\Skyrim.esm,Skyrim.esm:10DCD8,EscapeJailQuest,defined,yes,Skyrim.esm
CORE-0015,core,V02,V02-04,standard,Skyrim.esm,D:\Wabbajack\modlists\Anvil\Stock Game\Data\Skyrim.esm,Skyrim.esm:10D9F4,JailQuest,defined,yes,Skyrim.esm
CORE-0016,core,V02,V02-04,standard,Skyrim.esm,D:\Wabbajack\modlists\Anvil\Stock Game\Data\Skyrim.esm,Skyrim.esm:10D9F1,MQVoiceoftheSkyMonitor,defined,yes,Skyrim.esm
CORE-0017,core,V02,V02-04,standard,Skyrim.esm,D:\Wabbajack\modlists\Anvil\Stock Game\Data\Skyrim.esm,Skyrim.esm:10D3BB,MS10MiscObjPointer,defined,yes,Skyrim.esm
CORE-0018,core,V02,V02-04,standard,Skyrim.esm,D:\Wabbajack\modlists\Anvil\Stock Game\Data\Skyrim.esm,Skyrim.esm:10C055,MQHighHrothgarTraining3,defined,yes,Skyrim.esm
CORE-0019,core,V02,V02-04,standard,Skyrim.esm,D:\Wabbajack\modlists\Anvil\Stock Game\Data\Skyrim.esm,Skyrim.esm:10C052,MQHighHrothgarTraining2,defined,yes,Skyrim.esm
CORE-0020,core,V02,V02-04,standard,Skyrim.esm,D:\Wabbajack\modlists\Anvil\Stock Game\Data\Skyrim.esm,Skyrim.esm:10C045,MQHighHrothgarTraining1,defined,yes,Skyrim.esm
CORE-0021,core,V02,V02-04,standard,Skyrim.esm,D:\Wabbajack\modlists\Anvil\Stock Game\Data\Skyrim.esm,Skyrim.esm:10BF8E,WERoad12,defined,yes,Skyrim.esm
CORE-0022,core,V02,V02-04,standard,Skyrim.esm,D:\Wabbajack\modlists\Anvil\Stock Game\Data\Skyrim.esm,Skyrim.esm:10B10F,CR12PostQuest,defined,yes,Skyrim.esm
CORE-0023,core,V02,V02-04,standard,Skyrim.esm,D:\Wabbajack\modlists\Anvil\Stock Game\Data\Skyrim.esm,Skyrim.esm:10B0E0,TGNightingalePowerHandler,defined,yes,Skyrim.esm
CORE-0024,core,V02,V02-04,standard,Skyrim.esm,D:\Wabbajack\modlists\Anvil\Stock Game\Data\Skyrim.esm,Skyrim.esm:10AA5E,CreatureDialogueChicken,defined,yes,Skyrim.esm
CORE-0025,core,V02,V02-04,standard,Skyrim.esm,D:\Wabbajack\modlists\Anvil\Stock Game\Data\Skyrim.esm,Skyrim.esm:109AAA,CompanionsRadiantMiscObjective,defined,yes,Skyrim.esm
CORE-0026,core,V02,V02-04,standard,Skyrim.esm,D:\Wabbajack\modlists\Anvil\Stock Game\Data\Skyrim.esm,Skyrim.esm:1093E4,TGTQ01Handler,defined,yes,Skyrim.esm
CORE-0027,core,V02,V02-04,standard,Skyrim.esm,D:\Wabbajack\modlists\Anvil\Stock Game\Data\Skyrim.esm,Skyrim.esm:1093CF,DA16SkullHandler,defined,yes,Skyrim.esm
CORE-0028,core,V02,V02-04,standard,Skyrim.esm,D:\Wabbajack\modlists\Anvil\Stock Game\Data\Skyrim.esm,Skyrim.esm:1092D3,MQSkyHavenSparring,defined,yes,Skyrim.esm
CORE-0029,core,V02,V02-04,standard,Skyrim.esm,D:\Wabbajack\modlists\Anvil\Stock Game\Data\Skyrim.esm,Skyrim.esm:108059,CompanionsBladeFragmentTracking,defined,yes,Skyrim.esm
CORE-0030,core,V02,V02-04,standard,Skyrim.esm,D:\Wabbajack\modlists\Anvil\Stock Game\Data\Skyrim.esm,Skyrim.esm:107E40,DialogueWinterholdCollegePostSceneQuest,defined,yes,Skyrim.esm
CORE-0031,core,V02,V02-04,standard,Skyrim.esm,D:\Wabbajack\modlists\Anvil\Stock Game\Data\Skyrim.esm,Skyrim.esm:107987,CWMissionQuickStart,defined,yes,Skyrim.esm
CORE-0032,core,V02,V02-04,standard,Skyrim.esm,D:\Wabbajack\modlists\Anvil\Stock Game\Data\Skyrim.esm,Skyrim.esm:1075B1,dunThrowVoiceQst,defined,yes,Skyrim.esm
CORE-0033,core,V02,V02-04,standard,Skyrim.esm,D:\Wabbajack\modlists\Anvil\Stock Game\Data\Skyrim.esm,Skyrim.esm:106A5E,WERoad11,defined,yes,Skyrim.esm
CORE-0034,core,V02,V02-04,standard,Skyrim.esm,D:\Wabbajack\modlists\Anvil\Stock Game\Data\Skyrim.esm,Skyrim.esm:106A59,WERoad10,defined,yes,Skyrim.esm
CORE-0035,core,V02,V02-04,standard,Skyrim.esm,D:\Wabbajack\modlists\Anvil\Stock Game\Data\Skyrim.esm,Skyrim.esm:1065FA,WERoad09,defined,yes,Skyrim.esm
CORE-0036,core,V03A,V03A-01,standard,Skyrim.esm,D:\Wabbajack\modlists\Anvil\Stock Game\Data\Skyrim.esm,Skyrim.esm:1065F4,weroad08,defined,no,Update.esm
CORE-0037,core,V02,V02-04,standard,Skyrim.esm,D:\Wabbajack\modlists\Anvil\Stock Game\Data\Skyrim.esm,Skyrim.esm:1062A7,BardAudienceQuest,defined,yes,Skyrim.esm
CORE-0038,core,V02,V02-04,standard,Skyrim.esm,D:\Wabbajack\modlists\Anvil\Stock Game\Data\Skyrim.esm,Skyrim.esm:105D1D,WERoad06,defined,yes,Skyrim.esm
CORE-0039,core,V03A,V03A-01,standard,Skyrim.esm,D:\Wabbajack\modlists\Anvil\Stock Game\Data\Skyrim.esm,Skyrim.esm:105D19,WEJS28,defined,no,Update.esm
CORE-0040,core,V02,V02-04,standard,Skyrim.esm,D:\Wabbajack\modlists\Anvil\Stock Game\Data\Skyrim.esm,Skyrim.esm:105D15,WERoad07,defined,yes,Skyrim.esm
CORE-0041,core,V02,V02-04,standard,Skyrim.esm,D:\Wabbajack\modlists\Anvil\Stock Game\Data\Skyrim.esm,Skyrim.esm:105D12,WEJS26,defined,yes,Skyrim.esm
CORE-0042,core,V02,V02-04,standard,Skyrim.esm,D:\Wabbajack\modlists\Anvil\Stock Game\Data\Skyrim.esm,Skyrim.esm:105A60,TutorialEnchanting,defined,yes,Skyrim.esm
CORE-0043,core,V02,V02-04,standard,Skyrim.esm,D:\Wabbajack\modlists\Anvil\Stock Game\Data\Skyrim.esm,Skyrim.esm:105585,TutorialAlchemyHealPotion,defined,yes,Skyrim.esm
CORE-0044,core,V02,V02-04,standard,Skyrim.esm,D:\Wabbajack\modlists\Anvil\Stock Game\Data\Skyrim.esm,Skyrim.esm:10557C,TutorialAlchemy,defined,yes,Skyrim.esm
CORE-0045,core,V02,V02-04,standard,Skyrim.esm,D:\Wabbajack\modlists\Anvil\Stock Game\Data\Skyrim.esm,Skyrim.esm:10539A,TutorialBlacksmithingArmorTemper,defined,yes,Skyrim.esm
CORE-0046,core,V02,V02-04,standard,Skyrim.esm,D:\Wabbajack\modlists\Anvil\Stock Game\Data\Skyrim.esm,Skyrim.esm:105397,TutorialBlacksmithingAmor,defined,yes,Skyrim.esm
CORE-0047,core,V02,V02-04,standard,Skyrim.esm,D:\Wabbajack\modlists\Anvil\Stock Game\Data\Skyrim.esm,Skyrim.esm:105395,TutorialBlacksmithingTanning,defined,yes,Skyrim.esm
CORE-0048,core,V02,V02-04,standard,Skyrim.esm,D:\Wabbajack\modlists\Anvil\Stock Game\Data\Skyrim.esm,Skyrim.esm:105392,TutorialBlacksmithingDaggerSharpen,defined,yes,Skyrim.esm
CORE-0049,core,V02,V02-04,standard,Skyrim.esm,D:\Wabbajack\modlists\Anvil\Stock Game\Data\Skyrim.esm,Skyrim.esm:105389,TutorialBlacksmithingDagger,defined,yes,Skyrim.esm
CORE-0050,core,V02,V02-04,standard,Skyrim.esm,D:\Wabbajack\modlists\Anvil\Stock Game\Data\Skyrim.esm,Skyrim.esm:105385,TutorialBlacksmithing,defined,yes,Skyrim.esm
CORE-0051,core,V02,V02-04,standard,Skyrim.esm,D:\Wabbajack\modlists\Anvil\Stock Game\Data\Skyrim.esm,Skyrim.esm:1052F3,CWPostWhiterunObj,defined,yes,Skyrim.esm
CORE-0052,core,V02,V02-04,standard,Skyrim.esm,D:\Wabbajack\modlists\Anvil\Stock Game\Data\Skyrim.esm,Skyrim.esm:105173,WERoad05,defined,yes,Skyrim.esm
CORE-0053,core,V02,V02-04,standard,Skyrim.esm,D:\Wabbajack\modlists\Anvil\Stock Game\Data\Skyrim.esm,Skyrim.esm:105172,WERoad04,defined,yes,Skyrim.esm
CORE-0054,core,V02,V02-04,standard,Skyrim.esm,D:\Wabbajack\modlists\Anvil\Stock Game\Data\Skyrim.esm,Skyrim.esm:105170,WERoad03,defined,yes,Skyrim.esm
CORE-0055,core,V02,V02-04,standard,Skyrim.esm,D:\Wabbajack\modlists\Anvil\Stock Game\Data\Skyrim.esm,Skyrim.esm:104FD3,CWSoldierCheer,defined,yes,Skyrim.esm
CORE-0056,core,V02,V02-04,standard,Skyrim.esm,D:\Wabbajack\modlists\Anvil\Stock Game\Data\Skyrim.esm,Skyrim.esm:10481C,DA04SeptimusSendForPlayerQuest,defined,yes,Skyrim.esm
CORE-0057,core,V02,V02-04,standard,Skyrim.esm,D:\Wabbajack\modlists\Anvil\Stock Game\Data\Skyrim.esm,Skyrim.esm:1034DF,WERoad01,defined,yes,Skyrim.esm
CORE-0058,core,V02,V02-04,standard,Skyrim.esm,D:\Wabbajack\modlists\Anvil\Stock Game\Data\Skyrim.esm,Skyrim.esm:103395,TGREnablerHandler,defined,yes,Skyrim.esm
CORE-0059,core,V02,V02-04,standard,Skyrim.esm,D:\Wabbajack\modlists\Anvil\Stock Game\Data\Skyrim.esm,Skyrim.esm:1027A5,WERoad02,defined,yes,Skyrim.esm
CORE-0060,core,V03A,V03A-01,standard,Skyrim.esm,D:\Wabbajack\modlists\Anvil\Stock Game\Data\Skyrim.esm,Skyrim.esm:1010AA,MS12PostQuest,defined,no,Update.esm
CORE-0061,core,V02,V02-04,standard,Skyrim.esm,D:\Wabbajack\modlists\Anvil\Stock Game\Data\Skyrim.esm,Skyrim.esm:1007FC,TG04EECHandler,defined,yes,Skyrim.esm
CORE-0062,core,V02,V02-04,standard,Skyrim.esm,D:\Wabbajack\modlists\Anvil\Stock Game\Data\Skyrim.esm,Skyrim.esm:10074F,DialogueDremora,defined,yes,Skyrim.esm
CORE-0063,core,V02,V02-04,standard,Skyrim.esm,D:\Wabbajack\modlists\Anvil\Stock Game\Data\Skyrim.esm,Skyrim.esm:0FFF50,TGCrownPerk,defined,yes,Skyrim.esm
CORE-0064,core,V02,V02-04,standard,Skyrim.esm,D:\Wabbajack\modlists\Anvil\Stock Game\Data\Skyrim.esm,Skyrim.esm:0FF235,C00SwapVignarAndBrillOnAscension,defined,yes,Skyrim.esm
CORE-0065,core,V02,V02-04,standard,Skyrim.esm,D:\Wabbajack\modlists\Anvil\Stock Game\Data\Skyrim.esm,Skyrim.esm:0FEE11,dunSkillBooksQST,defined,yes,Skyrim.esm
CORE-0066,core,V02,V02-04,standard,Skyrim.esm,D:\Wabbajack\modlists\Anvil\Stock Game\Data\Skyrim.esm,Skyrim.esm:0FE479,T03PostQuest,defined,yes,Skyrim.esm
CORE-0067,core,V02,V02-04,standard,Skyrim.esm,D:\Wabbajack\modlists\Anvil\Stock Game\Data\Skyrim.esm,Skyrim.esm:0FDE7D,AchievementsHardWorkerFoodQuest,defined,yes,Skyrim.esm
CORE-0068,core,V02,V02-04,standard,Skyrim.esm,D:\Wabbajack\modlists\Anvil\Stock Game\Data\Skyrim.esm,Skyrim.esm:0FDBA2,dunDragonMoundQST,defined,yes,Skyrim.esm
CORE-0069,core,V02,V02-04,standard,Skyrim.esm,D:\Wabbajack\modlists\Anvil\Stock Game\Data\Skyrim.esm,Skyrim.esm:0FCC2F,EscapeJailAchievementQuest,defined,yes,Skyrim.esm
CORE-0070,core,V02,V02-04,standard,Skyrim.esm,D:\Wabbajack\modlists\Anvil\Stock Game\Data\Skyrim.esm,Skyrim.esm:0FC85D,AchievementsQuest,defined,yes,Skyrim.esm
CORE-0071,core,V03A,V03A-01,standard,Skyrim.esm,D:\Wabbajack\modlists\Anvil\Stock Game\Data\Skyrim.esm,Skyrim.esm:0FC1A2,PlayerSleepQuest,defined,no,HearthFires.esm
CORE-0072,core,V02,V02-04,standard,Skyrim.esm,D:\Wabbajack\modlists\Anvil\Stock Game\Data\Skyrim.esm,Skyrim.esm:0FC076,CWDialogueSoldiers02,defined,yes,Skyrim.esm
CORE-0073,core,V02,V02-04,standard,Skyrim.esm,D:\Wabbajack\modlists\Anvil\Stock Game\Data\Skyrim.esm,Skyrim.esm:0FBFDD,MG02MonkSceneQuest,defined,yes,Skyrim.esm
CORE-0074,core,V02,V02-04,standard,Skyrim.esm,D:\Wabbajack\modlists\Anvil\Stock Game\Data\Skyrim.esm,Skyrim.esm:0F942A,CreatureDialogueHorse,defined,yes,Skyrim.esm
CORE-0075,core,V02,V02-04,standard,Skyrim.esm,D:\Wabbajack\modlists\Anvil\Stock Game\Data\Skyrim.esm,Skyrim.esm:0F9075,CRHoldExpansion,defined,yes,Skyrim.esm
CORE-0076,core,V02,V02-04,standard,Skyrim.esm,D:\Wabbajack\modlists\Anvil\Stock Game\Data\Skyrim.esm,Skyrim.esm:0F8A80,WEBountyCollectorQST,defined,yes,Skyrim.esm
CORE-0077,core,V03B,V03B-01,standard,Skyrim.esm,D:\Wabbajack\modlists\Anvil\Stock Game\Data\Skyrim.esm,Skyrim.esm:0F6090,PlayerWerewolfCureQuest,defined,no,Dawnguard.esm
CORE-0078,core,V02,V02-04,standard,Skyrim.esm,D:\Wabbajack\modlists\Anvil\Stock Game\Data\Skyrim.esm,Skyrim.esm:0F5BC1,WERJ13,defined,yes,Skyrim.esm
CORE-0079,core,V02,V02-04,standard,Skyrim.esm,D:\Wabbajack\modlists\Anvil\Stock Game\Data\Skyrim.esm,Skyrim.esm:0F5186,WERJ12,defined,yes,Skyrim.esm
CORE-0080,core,V02,V02-04,standard,Skyrim.esm,D:\Wabbajack\modlists\Anvil\Stock Game\Data\Skyrim.esm,Skyrim.esm:0F5185,WERJ11,defined,yes,Skyrim.esm
CORE-0081,core,V02,V02-04,standard,Skyrim.esm,D:\Wabbajack\modlists\Anvil\Stock Game\Data\Skyrim.esm,Skyrim.esm:0F517A,DialogueWhiterunCaptainOfTheGuard,defined,yes,Skyrim.esm
CORE-0082,core,V02,V02-04,standard,Skyrim.esm,D:\Wabbajack\modlists\Anvil\Stock Game\Data\Skyrim.esm,Skyrim.esm:0F2593,WISkillIncrease02,defined,yes,Skyrim.esm
CORE-0083,core,V02,V02-04,standard,Skyrim.esm,D:\Wabbajack\modlists\Anvil\Stock Game\Data\Skyrim.esm,Skyrim.esm:0E8941,WEJS25,defined,yes,Skyrim.esm
CORE-0084,core,V02,V02-04,standard,Skyrim.esm,D:\Wabbajack\modlists\Anvil\Stock Game\Data\Skyrim.esm,Skyrim.esm:0E8933,WEJS23,defined,yes,Skyrim.esm
CORE-0085,core,V02,V02-04,standard,Skyrim.esm,D:\Wabbajack\modlists\Anvil\Stock Game\Data\Skyrim.esm,Skyrim.esm:0E8931,WEJS22,defined,yes,Skyrim.esm
CORE-0086,core,V02,V02-04,standard,Skyrim.esm,D:\Wabbajack\modlists\Anvil\Stock Game\Data\Skyrim.esm,Skyrim.esm:0E892E,WEJS21,defined,yes,Skyrim.esm
CORE-0087,core,V02,V02-04,standard,Skyrim.esm,D:\Wabbajack\modlists\Anvil\Stock Game\Data\Skyrim.esm,Skyrim.esm:0E892D,WEJS20,defined,yes,Skyrim.esm
CORE-0088,core,V02,V02-04,standard,Skyrim.esm,D:\Wabbajack\modlists\Anvil\Stock Game\Data\Skyrim.esm,Skyrim.esm:0E892B,WEJS19,defined,yes,Skyrim.esm
CORE-0089,core,V02,V02-04,standard,Skyrim.esm,D:\Wabbajack\modlists\Anvil\Stock Game\Data\Skyrim.esm,Skyrim.esm:0E8929,WEJS18,defined,yes,Skyrim.esm
CORE-0090,core,V02,V02-04,standard,Skyrim.esm,D:\Wabbajack\modlists\Anvil\Stock Game\Data\Skyrim.esm,Skyrim.esm:0E8924,WEJS24,defined,yes,Skyrim.esm
CORE-0091,core,V02,V02-04,standard,Skyrim.esm,D:\Wabbajack\modlists\Anvil\Stock Game\Data\Skyrim.esm,Skyrim.esm:0E8921,WEJS16,defined,yes,Skyrim.esm
CORE-0092,core,V02,V02-04,standard,Skyrim.esm,D:\Wabbajack\modlists\Anvil\Stock Game\Data\Skyrim.esm,Skyrim.esm:0F1A44,MQSovngardeConv4,defined,yes,Skyrim.esm
CORE-0093,core,V02,V02-04,standard,Skyrim.esm,D:\Wabbajack\modlists\Anvil\Stock Game\Data\Skyrim.esm,Skyrim.esm:0F1A41,MQSovngardeConv3,defined,yes,Skyrim.esm
CORE-0094,core,V02,V02-04,standard,Skyrim.esm,D:\Wabbajack\modlists\Anvil\Stock Game\Data\Skyrim.esm,Skyrim.esm:0F0A10,MQSovngardeConv2,defined,yes,Skyrim.esm
CORE-0095,core,V02,V02-04,standard,Skyrim.esm,D:\Wabbajack\modlists\Anvil\Stock Game\Data\Skyrim.esm,Skyrim.esm:0EDF6A,MQSovngardeConv1,defined,yes,Skyrim.esm
CORE-0096,core,V02,V02-04,standard,Skyrim.esm,D:\Wabbajack\modlists\Anvil\Stock Game\Data\Skyrim.esm,Skyrim.esm:0ECEB7,dunGauldursonChangeLocationQST,defined,yes,Skyrim.esm
CORE-0097,core,V02,V02-04,standard,Skyrim.esm,D:\Wabbajack\modlists\Anvil\Stock Game\Data\Skyrim.esm,Skyrim.esm:0EC199,DialogueRiftenMaulHandler,defined,yes,Skyrim.esm
CORE-0098,core,V02,V02-04,standard,Skyrim.esm,D:\Wabbajack\modlists\Anvil\Stock Game\Data\Skyrim.esm,Skyrim.esm:0EB9E2,dunRebelsCairnChangeLocationQST,defined,yes,Skyrim.esm
CORE-0099,core,V03B,V03B-01,standard,Skyrim.esm,D:\Wabbajack\modlists\Anvil\Stock Game\Data\Skyrim.esm,Skyrim.esm:0EAFD5,PlayerVampireQuest,defined,no,Dawnguard.esm
CORE-0100,core,V02,V02-04,standard,Skyrim.esm,D:\Wabbajack\modlists\Anvil\Stock Game\Data\Skyrim.esm,Skyrim.esm:0EA2D7,TGDialogueHQScene20,defined,yes,Skyrim.esm
CORE-0101,core,V02,V02-04,standard,Skyrim.esm,D:\Wabbajack\modlists\Anvil\Stock Game\Data\Skyrim.esm,Skyrim.esm:0EA2D5,TGDialogueHQScene19,defined,yes,Skyrim.esm
CORE-0102,core,V02,V02-04,standard,Skyrim.esm,D:\Wabbajack\modlists\Anvil\Stock Game\Data\Skyrim.esm,Skyrim.esm:0EA2D3,TGDialogueHQScene18,defined,yes,Skyrim.esm
CORE-0103,core,V02,V02-04,standard,Skyrim.esm,D:\Wabbajack\modlists\Anvil\Stock Game\Data\Skyrim.esm,Skyrim.esm:0EA2D1,TGDialogueHQScene17,defined,yes,Skyrim.esm
CORE-0104,core,V02,V02-04,standard,Skyrim.esm,D:\Wabbajack\modlists\Anvil\Stock Game\Data\Skyrim.esm,Skyrim.esm:0E8B50,MGR01Trigger,defined,yes,Skyrim.esm
CORE-0105,core,V02,V02-04,existing-core-row,Skyrim.esm,D:\Wabbajack\modlists\Anvil\Stock Game\Data\Skyrim.esm,Skyrim.esm:0E7814,BardsCollegePoeticEdda,defined,yes,Skyrim.esm
CORE-0106,core,V02,V02-04,standard,Skyrim.esm,D:\Wabbajack\modlists\Anvil\Stock Game\Data\Skyrim.esm,Skyrim.esm:0E780F,DialogueSolitudeBardsCollegeClassPanteaScene2,defined,yes,Skyrim.esm
CORE-0107,core,V02,V02-04,standard,Skyrim.esm,D:\Wabbajack\modlists\Anvil\Stock Game\Data\Skyrim.esm,Skyrim.esm:0E780E,DialogueSolitudeBardsCollegeClassIngeScene2,defined,yes,Skyrim.esm
CORE-0108,core,V02,V02-04,standard,Skyrim.esm,D:\Wabbajack\modlists\Anvil\Stock Game\Data\Skyrim.esm,Skyrim.esm:0E780C,DialogueSolitudeBardsCollegeClassGiraudScene2,defined,yes,Skyrim.esm
CORE-0109,core,V02,V02-04,standard,Skyrim.esm,D:\Wabbajack\modlists\Anvil\Stock Game\Data\Skyrim.esm,Skyrim.esm:0E77F2,DialogueSolitudeBardScene6,defined,yes,Skyrim.esm
CORE-0110,core,V02,V02-04,standard,Skyrim.esm,D:\Wabbajack\modlists\Anvil\Stock Game\Data\Skyrim.esm,Skyrim.esm:0E77F1,DialogueSolitudeBardScene5,defined,yes,Skyrim.esm
CORE-0111,core,V02,V02-04,standard,Skyrim.esm,D:\Wabbajack\modlists\Anvil\Stock Game\Data\Skyrim.esm,Skyrim.esm:0E77ED,DialogueSolitudeBardScene4,defined,yes,Skyrim.esm
CORE-0112,core,V02,V02-04,standard,Skyrim.esm,D:\Wabbajack\modlists\Anvil\Stock Game\Data\Skyrim.esm,Skyrim.esm:0E77BA,SolitudeFreeform07,defined,yes,Skyrim.esm
CORE-0113,core,V02,V02-04,standard,Skyrim.esm,D:\Wabbajack\modlists\Anvil\Stock Game\Data\Skyrim.esm,Skyrim.esm:0E725D,GenericDialgoueWounded,defined,yes,Skyrim.esm
CORE-0114,core,V02,V02-04,standard,Skyrim.esm,D:\Wabbajack\modlists\Anvil\Stock Game\Data\Skyrim.esm,Skyrim.esm:0E4D75,DialogueSarethiFarmScene03,defined,yes,Skyrim.esm
CORE-0115,core,V02,V02-04,standard,Skyrim.esm,D:\Wabbajack\modlists\Anvil\Stock Game\Data\Skyrim.esm,Skyrim.esm:0E4D31,dunGauldursonQST,defined,yes,Skyrim.esm
CORE-0116,core,V02,V02-04,standard,Skyrim.esm,D:\Wabbajack\modlists\Anvil\Stock Game\Data\Skyrim.esm,Skyrim.esm:0E49E8,FreeformShorsStone02,defined,yes,Skyrim.esm
CORE-0117,core,V02,V02-04,existing-core-row,Skyrim.esm,D:\Wabbajack\modlists\Anvil\Stock Game\Data\Skyrim.esm,Skyrim.esm:0E49E7,FreeformShorsStone01,defined,yes,Skyrim.esm
CORE-0118,core,V02,V02-04,standard,Skyrim.esm,D:\Wabbajack\modlists\Anvil\Stock Game\Data\Skyrim.esm,Skyrim.esm:0E3EA5,FreeformHeartwoodMill,defined,yes,Skyrim.esm
CORE-0119,core,V02,V02-04,standard,Skyrim.esm,D:\Wabbajack\modlists\Anvil\Stock Game\Data\Skyrim.esm,Skyrim.esm:0E3E9B,FreeformMerryfairFarm,defined,yes,Skyrim.esm
CORE-0120,core,V02,V02-04,standard,Skyrim.esm,D:\Wabbajack\modlists\Anvil\Stock Game\Data\Skyrim.esm,Skyrim.esm:0E3DE0,DialogueWhiterunSceneVignarBalgruuf,defined,yes,Skyrim.esm
CORE-0121,core,V02,V02-04,standard,Skyrim.esm,D:\Wabbajack\modlists\Anvil\Stock Game\Data\Skyrim.esm,Skyrim.esm:0E357D,FreeformWinterholdCollegeB,defined,yes,Skyrim.esm
CORE-0122,core,V02,V02-04,standard,Skyrim.esm,D:\Wabbajack\modlists\Anvil\Stock Game\Data\Skyrim.esm,Skyrim.esm:0E3308,FreeformSarethiFarm,defined,yes,Skyrim.esm
CORE-0123,core,V02,V02-04,standard,Skyrim.esm,D:\Wabbajack\modlists\Anvil\Stock Game\Data\Skyrim.esm,Skyrim.esm:0E316E,NarzulburFreeFormWifeQuest,defined,yes,Skyrim.esm
CORE-0124,core,V02,V02-04,existing-core-row,Skyrim.esm,D:\Wabbajack\modlists\Anvil\Stock Game\Data\Skyrim.esm,Skyrim.esm:0E3163,CR13,defined,yes,Skyrim.esm
CORE-0125,core,V02,V02-04,standard,Skyrim.esm,D:\Wabbajack\modlists\Anvil\Stock Game\Data\Skyrim.esm,Skyrim.esm:0E3156,CR14,defined,yes,Skyrim.esm
CORE-0126,core,V03A,V03A-01,standard,Skyrim.esm,D:\Wabbajack\modlists\Anvil\Stock Game\Data\Skyrim.esm,Skyrim.esm:0E3145,CR12,defined,no,Update.esm
CORE-0127,core,V02,V02-04,standard,Skyrim.esm,D:\Wabbajack\modlists\Anvil\Stock Game\Data\Skyrim.esm,Skyrim.esm:0E30E7,C06FuneralObserversQuest,defined,yes,Skyrim.esm
CORE-0128,core,V02,V02-04,standard,Skyrim.esm,D:\Wabbajack\modlists\Anvil\Stock Game\Data\Skyrim.esm,Skyrim.esm:0E16CC,DA16MiniScenes,defined,yes,Skyrim.esm
CORE-0129,core,V02,V02-04,standard,Skyrim.esm,D:\Wabbajack\modlists\Anvil\Stock Game\Data\Skyrim.esm,Skyrim.esm:0E16C6,DA16WalkSceneMonitor,defined,yes,Skyrim.esm
CORE-0130,core,V02,V02-04,standard,Skyrim.esm,D:\Wabbajack\modlists\Anvil\Stock Game\Data\Skyrim.esm,Skyrim.esm:0E0E0C,MGR22,defined,yes,Skyrim.esm
CORE-0131,core,V02,V02-04,standard,Skyrim.esm,D:\Wabbajack\modlists\Anvil\Stock Game\Data\Skyrim.esm,Skyrim.esm:0E0C67,MGCollegeLectureInfos,defined,yes,Skyrim.esm
CORE-0132,core,V02,V02-04,standard,Skyrim.esm,D:\Wabbajack\modlists\Anvil\Stock Game\Data\Skyrim.esm,Skyrim.esm:0DFB01,TG09NightingalesDialogue,defined,yes,Skyrim.esm
CORE-0133,core,V02,V02-04,standard,Skyrim.esm,D:\Wabbajack\modlists\Anvil\Stock Game\Data\Skyrim.esm,Skyrim.esm:0DD5FA,DialogueIvarsteadScriptedScene,defined,yes,Skyrim.esm
CORE-0134,core,V02,V02-04,standard,Skyrim.esm,D:\Wabbajack\modlists\Anvil\Stock Game\Data\Skyrim.esm,Skyrim.esm:0DD5EF,DialogueCidhnaMineBlathlocGrisvar02,defined,yes,Skyrim.esm
CORE-0135,core,V02,V02-04,standard,Skyrim.esm,D:\Wabbajack\modlists\Anvil\Stock Game\Data\Skyrim.esm,Skyrim.esm:0DBA41,DialogueTutorial,defined,yes,Skyrim.esm
CORE-0136,core,V02,V02-04,standard,Skyrim.esm,D:\Wabbajack\modlists\Anvil\Stock Game\Data\Skyrim.esm,Skyrim.esm:0DBA3F,DialogueMorthalMoorsideScene08,defined,yes,Skyrim.esm
CORE-0137,core,V02,V02-04,standard,Skyrim.esm,D:\Wabbajack\modlists\Anvil\Stock Game\Data\Skyrim.esm,Skyrim.esm:0DBA3D,DialogueMorthalMoorsideScene07,defined,yes,Skyrim.esm
CORE-0138,core,V02,V02-04,standard,Skyrim.esm,D:\Wabbajack\modlists\Anvil\Stock Game\Data\Skyrim.esm,Skyrim.esm:0D9DC5,DialogueLargashbur,defined,yes,Skyrim.esm
CORE-0139,core,V02,V02-04,standard,Skyrim.esm,D:\Wabbajack\modlists\Anvil\Stock Game\Data\Skyrim.esm,Skyrim.esm:0D9B66,FreeformIvarstead04,defined,yes,Skyrim.esm
CORE-0140,core,V02,V02-04,standard,Skyrim.esm,D:\Wabbajack\modlists\Anvil\Stock Game\Data\Skyrim.esm,Skyrim.esm:0D9B65,FreeformIvarstead03,defined,yes,Skyrim.esm
CORE-0141,core,V02,V02-04,standard,Skyrim.esm,D:\Wabbajack\modlists\Anvil\Stock Game\Data\Skyrim.esm,Skyrim.esm:0D9B64,FreeformIvarstead02,defined,yes,Skyrim.esm
CORE-0142,core,V02,V02-04,standard,Skyrim.esm,D:\Wabbajack\modlists\Anvil\Stock Game\Data\Skyrim.esm,Skyrim.esm:0D9B63,FreeformIvarstead01,defined,yes,Skyrim.esm
CORE-0143,core,V02,V02-04,existing-core-row,Skyrim.esm,D:\Wabbajack\modlists\Anvil\Stock Game\Data\Skyrim.esm,Skyrim.esm:0D944F,BardsCollegeDrum,defined,yes,Skyrim.esm
CORE-0144,core,V02,V02-04,existing-core-row,Skyrim.esm,D:\Wabbajack\modlists\Anvil\Stock Game\Data\Skyrim.esm,Skyrim.esm:0D9431,BardsCollegeFlute,defined,yes,Skyrim.esm
CORE-0145,core,V02,V02-04,existing-core-row,Skyrim.esm,D:\Wabbajack\modlists\Anvil\Stock Game\Data\Skyrim.esm,Skyrim.esm:0D93FA,BardsCollegeLute,defined,yes,Skyrim.esm
CORE-0146,core,V02,V02-04,standard,Skyrim.esm,D:\Wabbajack\modlists\Anvil\Stock Game\Data\Skyrim.esm,Skyrim.esm:0D9393,FreeformCaravansA,defined,yes,Skyrim.esm
CORE-0147,core,V02,V02-04,standard,Skyrim.esm,D:\Wabbajack\modlists\Anvil\Stock Game\Data\Skyrim.esm,Skyrim.esm:0D8E56,dunMasterQST,defined,yes,Skyrim.esm
CORE-0148,core,V03A,V03A-01,standard,Skyrim.esm,D:\Wabbajack\modlists\Anvil\Stock Game\Data\Skyrim.esm,Skyrim.esm:0D8E40,TGFenceCaravan,defined,no,Update.esm
CORE-0149,core,V03A,V03A-01,standard,Skyrim.esm,D:\Wabbajack\modlists\Anvil\Stock Game\Data\Skyrim.esm,Skyrim.esm:0D8828,TGFences,defined,no,Update.esm
CORE-0150,core,V02,V02-04,standard,Skyrim.esm,D:\Wabbajack\modlists\Anvil\Stock Game\Data\Skyrim.esm,Skyrim.esm:0D87E7,MS08PrisonerSceneQuest,defined,yes,Skyrim.esm
CORE-0151,core,V03B,V03B-01,standard,Skyrim.esm,D:\Wabbajack\modlists\Anvil\Stock Game\Data\Skyrim.esm,Skyrim.esm:0D8312,DialogueGenericVampire,defined,no,Dawnguard.esm
CORE-0152,core,V02,V02-04,standard,Skyrim.esm,D:\Wabbajack\modlists\Anvil\Stock Game\Data\Skyrim.esm,Skyrim.esm:0D78B0,CreatureDialogueWisp,defined,yes,Skyrim.esm
CORE-0153,core,V02,V02-04,standard,Skyrim.esm,D:\Wabbajack\modlists\Anvil\Stock Game\Data\Skyrim.esm,Skyrim.esm:0D78AC,CreatureDialogueHare,defined,yes,Skyrim.esm
CORE-0154,core,V02,V02-04,standard,Skyrim.esm,D:\Wabbajack\modlists\Anvil\Stock Game\Data\Skyrim.esm,Skyrim.esm:0D78A9,CreatureDialogueWitchlight,defined,yes,Skyrim.esm
CORE-0155,core,V02,V02-04,standard,Skyrim.esm,D:\Wabbajack\modlists\Anvil\Stock Game\Data\Skyrim.esm,Skyrim.esm:0D789C,MS05Rumor,defined,yes,Skyrim.esm
CORE-0156,core,V02,V02-04,standard,Skyrim.esm,D:\Wabbajack\modlists\Anvil\Stock Game\Data\Skyrim.esm,Skyrim.esm:0D789A,MS06Rumor,defined,yes,Skyrim.esm
CORE-0157,core,V02,V02-04,standard,Skyrim.esm,D:\Wabbajack\modlists\Anvil\Stock Game\Data\Skyrim.esm,Skyrim.esm:0D7897,DA15Rumor,defined,yes,Skyrim.esm
CORE-0158,core,V02,V02-04,standard,Skyrim.esm,D:\Wabbajack\modlists\Anvil\Stock Game\Data\Skyrim.esm,Skyrim.esm:0D6A1D,DialogueSolitudeBardsCollegeClassPanteaScene1,defined,yes,Skyrim.esm
CORE-0159,core,V02,V02-04,standard,Skyrim.esm,D:\Wabbajack\modlists\Anvil\Stock Game\Data\Skyrim.esm,Skyrim.esm:0D6A1C,DialogueSolitudeBardsCollegeClassIngeScene1,defined,yes,Skyrim.esm
CORE-0160,core,V02,V02-04,standard,Skyrim.esm,D:\Wabbajack\modlists\Anvil\Stock Game\Data\Skyrim.esm,Skyrim.esm:0D6A1A,DialogueSolitudeBardsCollegeClassGiraudScene1,defined,yes,Skyrim.esm
CORE-0161,core,V02,V02-04,standard,Skyrim.esm,D:\Wabbajack\modlists\Anvil\Stock Game\Data\Skyrim.esm,Skyrim.esm:0D69FB,SolitudeFreeform06,defined,yes,Skyrim.esm
CORE-0162,core,V02,V02-04,standard,Skyrim.esm,D:\Wabbajack\modlists\Anvil\Stock Game\Data\Skyrim.esm,Skyrim.esm:0D6986,FreeformFalkreathQuest03B,defined,yes,Skyrim.esm
CORE-0163,core,V02,V02-04,standard,Skyrim.esm,D:\Wabbajack\modlists\Anvil\Stock Game\Data\Skyrim.esm,Skyrim.esm:0D3AC6,TG04Post,defined,yes,Skyrim.esm
CORE-0164,core,V02,V02-04,standard,Skyrim.esm,D:\Wabbajack\modlists\Anvil\Stock Game\Data\Skyrim.esm,Skyrim.esm:0D2CAF,MS11WuunferthArrest,defined,yes,Skyrim.esm
CORE-0165,core,V02,V02-04,standard,Skyrim.esm,D:\Wabbajack\modlists\Anvil\Stock Game\Data\Skyrim.esm,Skyrim.esm:0D2C6C,DialogueRiverwoodSleepingGiantScene8,defined,yes,Skyrim.esm
CORE-0166,core,V02,V02-04,standard,Skyrim.esm,D:\Wabbajack\modlists\Anvil\Stock Game\Data\Skyrim.esm,Skyrim.esm:0D2C6A,DialogueRiverwoodSleepingGiantScene7,defined,yes,Skyrim.esm
CORE-0167,core,V02,V02-04,standard,Skyrim.esm,D:\Wabbajack\modlists\Anvil\Stock Game\Data\Skyrim.esm,Skyrim.esm:0D2C61,DialogueRiverwoodSceneGerdurHod,defined,yes,Skyrim.esm
CORE-0168,core,V02,V02-04,standard,Skyrim.esm,D:\Wabbajack\modlists\Anvil\Stock Game\Data\Skyrim.esm,Skyrim.esm:0D2C5F,DialogueRiverwoodSceneSigridAlvor2,defined,yes,Skyrim.esm
CORE-0169,core,V02,V02-04,standard,Skyrim.esm,D:\Wabbajack\modlists\Anvil\Stock Game\Data\Skyrim.esm,Skyrim.esm:0D0755,MGRitual05,defined,yes,Skyrim.esm
CORE-0170,core,V02,V02-04,standard,Skyrim.esm,D:\Wabbajack\modlists\Anvil\Stock Game\Data\Skyrim.esm,Skyrim.esm:0D055D,SolitudeFreeform04,defined,yes,Skyrim.esm
CORE-0171,core,V02,V02-04,standard,Skyrim.esm,D:\Wabbajack\modlists\Anvil\Stock Game\Data\Skyrim.esm,Skyrim.esm:0D055B,DialogueMarkarthHagsCureSceneMuiriBothela04,defined,yes,Skyrim.esm
CORE-0172,core,V02,V02-04,standard,Skyrim.esm,D:\Wabbajack\modlists\Anvil\Stock Game\Data\Skyrim.esm,Skyrim.esm:0D0559,DialogueMarkarthHagsCureSceneMuiriBothela03,defined,yes,Skyrim.esm
CORE-0173,core,V02,V02-04,standard,Skyrim.esm,D:\Wabbajack\modlists\Anvil\Stock Game\Data\Skyrim.esm,Skyrim.esm:0D0543,DialogueSolitudeMarketplaceAiaEvetteScene1,defined,yes,Skyrim.esm
CORE-0174,core,V02,V02-04,standard,Skyrim.esm,D:\Wabbajack\modlists\Anvil\Stock Game\Data\Skyrim.esm,Skyrim.esm:0D0540,DialogueSolitudeMarketplaceSorexAdvarScene1,defined,yes,Skyrim.esm
CORE-0175,core,V02,V02-04,standard,Skyrim.esm,D:\Wabbajack\modlists\Anvil\Stock Game\Data\Skyrim.esm,Skyrim.esm:0D053E,DialogueSolitudeMarketplaceSilanaAdvarScene1,defined,yes,Skyrim.esm
CORE-0176,core,V02,V02-04,standard,Skyrim.esm,D:\Wabbajack\modlists\Anvil\Stock Game\Data\Skyrim.esm,Skyrim.esm:0D053B,DialogueSolitudeMarketplaceAiaAdvarScene1,defined,yes,Skyrim.esm
CORE-0177,core,V02,V02-04,standard,Skyrim.esm,D:\Wabbajack\modlists\Anvil\Stock Game\Data\Skyrim.esm,Skyrim.esm:0D053A,DialogueSolitudeMarketplaceRorlundAdvarScene1,defined,yes,Skyrim.esm
CORE-0178,core,V02,V02-04,standard,Skyrim.esm,D:\Wabbajack\modlists\Anvil\Stock Game\Data\Skyrim.esm,Skyrim.esm:0D0538,DialogueSolitudeMarketplaceJawananAdvarScene1,defined,yes,Skyrim.esm
CORE-0179,core,V02,V02-04,standard,Skyrim.esm,D:\Wabbajack\modlists\Anvil\Stock Game\Data\Skyrim.esm,Skyrim.esm:0D0536,DialogueSolitudeMarketplaceIlldiAdvarScene1,defined,yes,Skyrim.esm
CORE-0180,core,V02,V02-04,standard,Skyrim.esm,D:\Wabbajack\modlists\Anvil\Stock Game\Data\Skyrim.esm,Skyrim.esm:0CDB58,DialogueSolitudeRaimentXanderAngelineScene1,defined,yes,Skyrim.esm
CORE-0181,core,V02,V02-04,standard,Skyrim.esm,D:\Wabbajack\modlists\Anvil\Stock Game\Data\Skyrim.esm,Skyrim.esm:0CDB56,DialogueSolitudeRaimentXanderTaarieScene1,defined,yes,Skyrim.esm
CORE-0182,core,V02,V02-04,standard,Skyrim.esm,D:\Wabbajack\modlists\Anvil\Stock Game\Data\Skyrim.esm,Skyrim.esm:0CD987,MGRitual04,defined,yes,Skyrim.esm
CORE-0183,core,V02,V02-04,standard,Skyrim.esm,D:\Wabbajack\modlists\Anvil\Stock Game\Data\Skyrim.esm,Skyrim.esm:0CD882,FreeformWindhelmA,defined,yes,Skyrim.esm
CORE-0184,core,V02,V02-04,standard,Skyrim.esm,D:\Wabbajack\modlists\Anvil\Stock Game\Data\Skyrim.esm,Skyrim.esm:0CD851,DialogueSolitudeBitsXanderSaymaScene1,defined,yes,Skyrim.esm
CORE-0185,core,V02,V02-04,standard,Skyrim.esm,D:\Wabbajack\modlists\Anvil\Stock Game\Data\Skyrim.esm,Skyrim.esm:0CC794,T02PostQuest,defined,yes,Skyrim.esm
CORE-0186,core,V02,V02-04,standard,Skyrim.esm,D:\Wabbajack\modlists\Anvil\Stock Game\Data\Skyrim.esm,Skyrim.esm:0CB1CB,CWJarlThanks,defined,yes,Skyrim.esm
CORE-0187,core,V02,V02-04,standard,Skyrim.esm,D:\Wabbajack\modlists\Anvil\Stock Game\Data\Skyrim.esm,Skyrim.esm:0C9BA0,NN01,defined,yes,Skyrim.esm
CORE-0188,core,V02,V02-04,standard,Skyrim.esm,D:\Wabbajack\modlists\Anvil\Stock Game\Data\Skyrim.esm,Skyrim.esm:0C9B9D,DialogueSolitudeMarketplaceAtAfAlanAdvarScene1,defined,yes,Skyrim.esm
CORE-0189,core,V02,V02-04,standard,Skyrim.esm,D:\Wabbajack\modlists\Anvil\Stock Game\Data\Skyrim.esm,Skyrim.esm:0C9B9A,DialogueSolitudeMarketplaceSorexEvetteScene1,defined,yes,Skyrim.esm
CORE-0190,core,V02,V02-04,standard,Skyrim.esm,D:\Wabbajack\modlists\Anvil\Stock Game\Data\Skyrim.esm,Skyrim.esm:0C9B98,DialogueSolitudeMarketplaceSilanaEvetteScene1,defined,yes,Skyrim.esm
CORE-0191,core,V02,V02-04,standard,Skyrim.esm,D:\Wabbajack\modlists\Anvil\Stock Game\Data\Skyrim.esm,Skyrim.esm:0C9B96,DialogueSolitudeMarketplaceIlldiEvetteScene1,defined,yes,Skyrim.esm
CORE-0192,core,V02,V02-04,standard,Skyrim.esm,D:\Wabbajack\modlists\Anvil\Stock Game\Data\Skyrim.esm,Skyrim.esm:0C9B94,DialogueSolitudeMarketplaceRorlundEvetteScene1,defined,yes,Skyrim.esm
CORE-0193,core,V02,V02-04,standard,Skyrim.esm,D:\Wabbajack\modlists\Anvil\Stock Game\Data\Skyrim.esm,Skyrim.esm:0C9B92,DialogueSolitudeMarketplaceAtAfAlanEvetteScene1,defined,yes,Skyrim.esm
CORE-0194,core,V02,V02-04,standard,Skyrim.esm,D:\Wabbajack\modlists\Anvil\Stock Game\Data\Skyrim.esm,Skyrim.esm:0C9AF5,CreatureDialogueHagraven,defined,yes,Skyrim.esm
CORE-0195,core,V02,V02-04,standard,Skyrim.esm,D:\Wabbajack\modlists\Anvil\Stock Game\Data\Skyrim.esm,Skyrim.esm:0C7F58,DialogueSolitudeStreetOdarJawananScene1,defined,yes,Skyrim.esm
CORE-0196,core,V02,V02-04,standard,Skyrim.esm,D:\Wabbajack\modlists\Anvil\Stock Game\Data\Skyrim.esm,Skyrim.esm:0C7F55,DialogueSolitudeStreetOdarJornScene1,defined,yes,Skyrim.esm
CORE-0197,core,V02,V02-04,standard,Skyrim.esm,D:\Wabbajack\modlists\Anvil\Stock Game\Data\Skyrim.esm,Skyrim.esm:0C7F53,DialogueSolitudeStreetUnaJornScene1,defined,yes,Skyrim.esm
CORE-0198,core,V02,V02-04,standard,Skyrim.esm,D:\Wabbajack\modlists\Anvil\Stock Game\Data\Skyrim.esm,Skyrim.esm:0C7F51,DialogueSolitudeStreetUnaLisetteScene1,defined,yes,Skyrim.esm
CORE-0199,core,V02,V02-04,standard,Skyrim.esm,D:\Wabbajack\modlists\Anvil\Stock Game\Data\Skyrim.esm,Skyrim.esm:0C7F4F,DialogueSolitudeMarketplaceAiaJalaScene1,defined,yes,Skyrim.esm
CORE-0200,core,V02,V02-04,standard,Skyrim.esm,D:\Wabbajack\modlists\Anvil\Stock Game\Data\Skyrim.esm,Skyrim.esm:0C7F4D,DialogueSolitudeMarketplaceSorexJalaScene1,defined,yes,Skyrim.esm
CORE-0201,core,V02,V02-04,standard,Skyrim.esm,D:\Wabbajack\modlists\Anvil\Stock Game\Data\Skyrim.esm,Skyrim.esm:0C7F4B,DialogueSolitudeMarketplaceSilanaJalaScene1,defined,yes,Skyrim.esm
CORE-0202,core,V02,V02-04,standard,Skyrim.esm,D:\Wabbajack\modlists\Anvil\Stock Game\Data\Skyrim.esm,Skyrim.esm:0C7D42,SolitudeFreeform03,defined,yes,Skyrim.esm
CORE-0203,core,V02,V02-04,standard,Skyrim.esm,D:\Wabbajack\modlists\Anvil\Stock Game\Data\Skyrim.esm,Skyrim.esm:0C7D1C,SolitudeFreeform02,defined,yes,Skyrim.esm
CORE-0204,core,V02,V02-04,standard,Skyrim.esm,D:\Wabbajack\modlists\Anvil\Stock Game\Data\Skyrim.esm,Skyrim.esm:0C7D1A,DialogueSolitudeMarketplaceIlldiJalaScene1,defined,yes,Skyrim.esm
CORE-0205,core,V02,V02-04,standard,Skyrim.esm,D:\Wabbajack\modlists\Anvil\Stock Game\Data\Skyrim.esm,Skyrim.esm:0C7D17,DialogueSolitudeMarketplaceRorlundJalaScene1,defined,yes,Skyrim.esm
CORE-0206,core,V02,V02-04,standard,Skyrim.esm,D:\Wabbajack\modlists\Anvil\Stock Game\Data\Skyrim.esm,Skyrim.esm:0C7D15,DialogueSolitudeMarketplaceAtAfAlanJalaScene1,defined,yes,Skyrim.esm
CORE-0207,core,V02,V02-04,standard,Skyrim.esm,D:\Wabbajack\modlists\Anvil\Stock Game\Data\Skyrim.esm,Skyrim.esm:0C7D10,DialogueSolitudeMarketplaceJawananEvetteScene1,defined,yes,Skyrim.esm
CORE-0208,core,V02,V02-04,standard,Skyrim.esm,D:\Wabbajack\modlists\Anvil\Stock Game\Data\Skyrim.esm,Skyrim.esm:0C7D06,DialogueSolitudeStreetVivienneLisetteScene3,defined,yes,Skyrim.esm
CORE-0209,core,V02,V02-04,standard,Skyrim.esm,D:\Wabbajack\modlists\Anvil\Stock Game\Data\Skyrim.esm,Skyrim.esm:0C7D04,DialogueSolitudeStreetVivienneLisetteScene2,defined,yes,Skyrim.esm
CORE-0210,core,V02,V02-04,standard,Skyrim.esm,D:\Wabbajack\modlists\Anvil\Stock Game\Data\Skyrim.esm,Skyrim.esm:0C7CFD,DialogueSolitudeStreetVivienneLisetteScene1,defined,yes,Skyrim.esm
CORE-0211,core,V02,V02-04,standard,Skyrim.esm,D:\Wabbajack\modlists\Anvil\Stock Game\Data\Skyrim.esm,Skyrim.esm:0C7CF5,DialogueSolitudeMarketplaceJawananJalaScene,defined,yes,Skyrim.esm
CORE-0212,core,V02,V02-04,standard,Skyrim.esm,D:\Wabbajack\modlists\Anvil\Stock Game\Data\Skyrim.esm,Skyrim.esm:0C72EB,TGKeyHandler,defined,yes,Skyrim.esm
CORE-0213,core,V02,V02-04,standard,Skyrim.esm,D:\Wabbajack\modlists\Anvil\Stock Game\Data\Skyrim.esm,Skyrim.esm:0C349B,CW01AOutfitImperial,defined,yes,Skyrim.esm
CORE-0214,core,V02,V02-04,standard,Skyrim.esm,D:\Wabbajack\modlists\Anvil\Stock Game\Data\Skyrim.esm,Skyrim.esm:0C1E72,MGR30,defined,yes,Skyrim.esm
CORE-0215,core,V02,V02-04,standard,Skyrim.esm,D:\Wabbajack\modlists\Anvil\Stock Game\Data\Skyrim.esm,Skyrim.esm:0C1E07,FreeformRiften22,defined,yes,Skyrim.esm
CORE-0216,core,V02,V02-04,standard,Skyrim.esm,D:\Wabbajack\modlists\Anvil\Stock Game\Data\Skyrim.esm,Skyrim.esm:0C1A1F,WERJ10,defined,yes,Skyrim.esm
CORE-0217,core,V02,V02-04,standard,Skyrim.esm,D:\Wabbajack\modlists\Anvil\Stock Game\Data\Skyrim.esm,Skyrim.esm:0C1A1D,WERJ09,defined,yes,Skyrim.esm
CORE-0218,core,V02,V02-04,standard,Skyrim.esm,D:\Wabbajack\modlists\Anvil\Stock Game\Data\Skyrim.esm,Skyrim.esm:0C19F8,dunBloodletThroneQST,defined,yes,Skyrim.esm
CORE-0219,core,V02,V02-04,standard,Skyrim.esm,D:\Wabbajack\modlists\Anvil\Stock Game\Data\Skyrim.esm,Skyrim.esm:0C19A8,DialogueRiftenSS02,defined,yes,Skyrim.esm
CORE-0220,core,V02,V02-04,standard,Skyrim.esm,D:\Wabbajack\modlists\Anvil\Stock Game\Data\Skyrim.esm,Skyrim.esm:0C18E1,CR06,defined,yes,Skyrim.esm
CORE-0221,core,V02,V02-04,standard,Skyrim.esm,D:\Wabbajack\modlists\Anvil\Stock Game\Data\Skyrim.esm,Skyrim.esm:0C04BA,FreeformValdDebt,defined,yes,Skyrim.esm
CORE-0222,core,V02,V02-04,standard,Skyrim.esm,D:\Wabbajack\modlists\Anvil\Stock Game\Data\Skyrim.esm,Skyrim.esm:0C0416,MGRAppBrelyna01,defined,yes,Skyrim.esm
CORE-0223,core,V02,V02-04,standard,Skyrim.esm,D:\Wabbajack\modlists\Anvil\Stock Game\Data\Skyrim.esm,Skyrim.esm:0BFB61,WEDL01b,defined,yes,Skyrim.esm
CORE-0224,core,V02,V02-04,standard,Skyrim.esm,D:\Wabbajack\modlists\Anvil\Stock Game\Data\Skyrim.esm,Skyrim.esm:0BFB2C,CreatureDialogueSkeleton,defined,yes,Skyrim.esm
CORE-0225,core,V02,V02-04,standard,Skyrim.esm,D:\Wabbajack\modlists\Anvil\Stock Game\Data\Skyrim.esm,Skyrim.esm:0BF31C,WERJ07,defined,yes,Skyrim.esm
CORE-0226,core,V02,V02-04,standard,Skyrim.esm,D:\Wabbajack\modlists\Anvil\Stock Game\Data\Skyrim.esm,Skyrim.esm:0BF25B,MQ201PartyScene3GuestAndGuest,defined,yes,Skyrim.esm
CORE-0227,core,V02,V02-04,standard,Skyrim.esm,D:\Wabbajack\modlists\Anvil\Stock Game\Data\Skyrim.esm,Skyrim.esm:0BEDEC,Da13Intro,defined,yes,Skyrim.esm
CORE-0228,core,V02,V02-04,standard,Skyrim.esm,D:\Wabbajack\modlists\Anvil\Stock Game\Data\Skyrim.esm,Skyrim.esm:0BEDAF,WEJS15,defined,yes,Skyrim.esm
CORE-0229,core,V02,V02-04,standard,Skyrim.esm,D:\Wabbajack\modlists\Anvil\Stock Game\Data\Skyrim.esm,Skyrim.esm:0BED92,WEJS14,defined,yes,Skyrim.esm
CORE-0230,core,V02,V02-04,standard,Skyrim.esm,D:\Wabbajack\modlists\Anvil\Stock Game\Data\Skyrim.esm,Skyrim.esm:0BD758,WEDL14,defined,yes,Skyrim.esm
CORE-0231,core,V02,V02-04,standard,Skyrim.esm,D:\Wabbajack\modlists\Anvil\Stock Game\Data\Skyrim.esm,Skyrim.esm:0BD757,WEDL13,defined,yes,Skyrim.esm
CORE-0232,core,V02,V02-04,standard,Skyrim.esm,D:\Wabbajack\modlists\Anvil\Stock Game\Data\Skyrim.esm,Skyrim.esm:0BD753,WEDL12,defined,yes,Skyrim.esm
CORE-0233,core,V02,V02-04,standard,Skyrim.esm,D:\Wabbajack\modlists\Anvil\Stock Game\Data\Skyrim.esm,Skyrim.esm:0BD750,WEDL10,defined,yes,Skyrim.esm
CORE-0234,core,V02,V02-04,standard,Skyrim.esm,D:\Wabbajack\modlists\Anvil\Stock Game\Data\Skyrim.esm,Skyrim.esm:0BC5BD,WERJ06,defined,yes,Skyrim.esm
CORE-0235,core,V02,V02-04,standard,Skyrim.esm,D:\Wabbajack\modlists\Anvil\Stock Game\Data\Skyrim.esm,Skyrim.esm:0BC5AA,WERJ05,defined,yes,Skyrim.esm
CORE-0236,core,V02,V02-04,standard,Skyrim.esm,D:\Wabbajack\modlists\Anvil\Stock Game\Data\Skyrim.esm,Skyrim.esm:0BC3FD,MQ201PartyScene2JarlAndJarl,defined,yes,Skyrim.esm
CORE-0237,core,V02,V02-04,standard,Skyrim.esm,D:\Wabbajack\modlists\Anvil\Stock Game\Data\Skyrim.esm,Skyrim.esm:0BC3E0,MQ201PartyScene1ElenwenAndGuest,defined,yes,Skyrim.esm
CORE-0238,core,V02,V02-04,standard,Skyrim.esm,D:\Wabbajack\modlists\Anvil\Stock Game\Data\Skyrim.esm,Skyrim.esm:0BC0BD,C00JorrvaskrFight,defined,yes,Skyrim.esm
CORE-0239,core,V03A,V03A-01,standard,Skyrim.esm,D:\Wabbajack\modlists\Anvil\Stock Game\Data\Skyrim.esm,Skyrim.esm:0BC09D,WE36,defined,no,Update.esm
CORE-0240,core,V02,V02-04,standard,Skyrim.esm,D:\Wabbajack\modlists\Anvil\Stock Game\Data\Skyrim.esm,Skyrim.esm:0BC096,MGR20B,defined,yes,Skyrim.esm
CORE-0241,core,V02,V02-04,standard,Skyrim.esm,D:\Wabbajack\modlists\Anvil\Stock Game\Data\Skyrim.esm,Skyrim.esm:0BC037,WEJS13,defined,yes,Skyrim.esm
CORE-0242,core,V02,V02-04,standard,Skyrim.esm,D:\Wabbajack\modlists\Anvil\Stock Game\Data\Skyrim.esm,Skyrim.esm:0BBD9D,WEDL08,defined,yes,Skyrim.esm
CORE-0243,core,V02,V02-04,standard,Skyrim.esm,D:\Wabbajack\modlists\Anvil\Stock Game\Data\Skyrim.esm,Skyrim.esm:0BA2FF,WEJS12,defined,yes,Skyrim.esm
CORE-0244,core,V02,V02-04,standard,Skyrim.esm,D:\Wabbajack\modlists\Anvil\Stock Game\Data\Skyrim.esm,Skyrim.esm:0BA1CC,DA07FIN,defined,yes,Skyrim.esm
CORE-0245,core,V02,V02-04,standard,Skyrim.esm,D:\Wabbajack\modlists\Anvil\Stock Game\Data\Skyrim.esm,Skyrim.esm:0BA0C3,WEMaiqTheLiar,defined,yes,Skyrim.esm
CORE-0246,core,V02,V02-04,standard,Skyrim.esm,D:\Wabbajack\modlists\Anvil\Stock Game\Data\Skyrim.esm,Skyrim.esm:0BA0C0,WE35,defined,yes,Skyrim.esm
CORE-0247,core,V03A,V03A-01,standard,Skyrim.esm,D:\Wabbajack\modlists\Anvil\Stock Game\Data\Skyrim.esm,Skyrim.esm:0BA0BC,WE34,defined,no,Update.esm
CORE-0248,core,V02,V02-04,standard,Skyrim.esm,D:\Wabbajack\modlists\Anvil\Stock Game\Data\Skyrim.esm,Skyrim.esm:0BA0B4,WE33,defined,yes,Skyrim.esm
CORE-0249,core,V02,V02-04,standard,Skyrim.esm,D:\Wabbajack\modlists\Anvil\Stock Game\Data\Skyrim.esm,Skyrim.esm:0B94AB,WERJ04,defined,yes,Skyrim.esm
CORE-0250,core,V02,V02-04,standard,Skyrim.esm,D:\Wabbajack\modlists\Anvil\Stock Game\Data\Skyrim.esm,Skyrim.esm:0B91E3,WEDL07,defined,yes,Skyrim.esm
CORE-0251,core,V02,V02-04,standard,Skyrim.esm,D:\Wabbajack\modlists\Anvil\Stock Game\Data\Skyrim.esm,Skyrim.esm:0B91D8,WEDL04,defined,yes,Skyrim.esm
CORE-0252,core,V03A,V03A-01,standard,Skyrim.esm,D:\Wabbajack\modlists\Anvil\Stock Game\Data\Skyrim.esm,Skyrim.esm:0B91C1,WEDL06,defined,no,Update.esm
CORE-0253,core,V02,V02-04,standard,Skyrim.esm,D:\Wabbajack\modlists\Anvil\Stock Game\Data\Skyrim.esm,Skyrim.esm:0B91B5,WETalsgarTheWandererDialogue,defined,yes,Skyrim.esm
CORE-0254,core,V02,V02-04,standard,Skyrim.esm,D:\Wabbajack\modlists\Anvil\Stock Game\Data\Skyrim.esm,Skyrim.esm:0B91AE,WEDL05,defined,yes,Skyrim.esm
CORE-0255,core,V02,V02-04,standard,Skyrim.esm,D:\Wabbajack\modlists\Anvil\Stock Game\Data\Skyrim.esm,Skyrim.esm:0B85BD,WEJS11,defined,yes,Skyrim.esm
CORE-0256,core,V02,V02-04,standard,Skyrim.esm,D:\Wabbajack\modlists\Anvil\Stock Game\Data\Skyrim.esm,Skyrim.esm:0B85B8,WEJS10,defined,yes,Skyrim.esm
CORE-0257,core,V02,V02-04,standard,Skyrim.esm,D:\Wabbajack\modlists\Anvil\Stock Game\Data\Skyrim.esm,Skyrim.esm:0B85AA,WERJ03,defined,yes,Skyrim.esm
CORE-0258,core,V02,V02-04,standard,Skyrim.esm,D:\Wabbajack\modlists\Anvil\Stock Game\Data\Skyrim.esm,Skyrim.esm:0B83C3,FreeformFalkreathQuest03,defined,yes,Skyrim.esm
CORE-0259,core,V02,V02-04,standard,Skyrim.esm,D:\Wabbajack\modlists\Anvil\Stock Game\Data\Skyrim.esm,Skyrim.esm:0B8169,WERJ02,defined,yes,Skyrim.esm
CORE-0260,core,V02,V02-04,standard,Skyrim.esm,D:\Wabbajack\modlists\Anvil\Stock Game\Data\Skyrim.esm,Skyrim.esm:0B8143,WEDL03,defined,yes,Skyrim.esm
CORE-0261,core,V02,V02-04,standard,Skyrim.esm,D:\Wabbajack\modlists\Anvil\Stock Game\Data\Skyrim.esm,Skyrim.esm:0B8141,WEDL01,defined,yes,Skyrim.esm
CORE-0262,core,V02,V02-04,standard,Skyrim.esm,D:\Wabbajack\modlists\Anvil\Stock Game\Data\Skyrim.esm,Skyrim.esm:0B813F,WEDL02,defined,yes,Skyrim.esm
CORE-0263,core,V02,V02-04,standard,Skyrim.esm,D:\Wabbajack\modlists\Anvil\Stock Game\Data\Skyrim.esm,Skyrim.esm:0B812E,MG01ShoutUpdate,defined,yes,Skyrim.esm
CORE-0264,core,V02,V02-04,standard,Skyrim.esm,D:\Wabbajack\modlists\Anvil\Stock Game\Data\Skyrim.esm,Skyrim.esm:0B80F3,WE32,defined,yes,Skyrim.esm
CORE-0265,core,V02,V02-04,standard,Skyrim.esm,D:\Wabbajack\modlists\Anvil\Stock Game\Data\Skyrim.esm,Skyrim.esm:0B5E0C,WEThalmorDialogue,defined,yes,Skyrim.esm
CORE-0266,core,V02,V02-04,standard,Skyrim.esm,D:\Wabbajack\modlists\Anvil\Stock Game\Data\Skyrim.esm,Skyrim.esm:0B5D5F,WEJS09,defined,yes,Skyrim.esm
CORE-0267,core,V02,V02-04,standard,Skyrim.esm,D:\Wabbajack\modlists\Anvil\Stock Game\Data\Skyrim.esm,Skyrim.esm:0B5D5E,WEJS04,defined,yes,Skyrim.esm
CORE-0268,core,V02,V02-04,standard,Skyrim.esm,D:\Wabbajack\modlists\Anvil\Stock Game\Data\Skyrim.esm,Skyrim.esm:0B5D46,WEJS03,defined,yes,Skyrim.esm
CORE-0269,core,V02,V02-04,standard,Skyrim.esm,D:\Wabbajack\modlists\Anvil\Stock Game\Data\Skyrim.esm,Skyrim.esm:0B5D41,WEJS02,defined,yes,Skyrim.esm
CORE-0270,core,V02,V02-04,standard,Skyrim.esm,D:\Wabbajack\modlists\Anvil\Stock Game\Data\Skyrim.esm,Skyrim.esm:0B3B44,DA15Loathing,defined,yes,Skyrim.esm
CORE-0271,core,V02,V02-04,standard,Skyrim.esm,D:\Wabbajack\modlists\Anvil\Stock Game\Data\Skyrim.esm,Skyrim.esm:0B3B1D,DA15Terror,defined,yes,Skyrim.esm
CORE-0272,core,V02,V02-04,standard,Skyrim.esm,D:\Wabbajack\modlists\Anvil\Stock Game\Data\Skyrim.esm,Skyrim.esm:0B3B1C,DA15Paranoia,defined,yes,Skyrim.esm
CORE-0273,core,V02,V02-04,standard,Skyrim.esm,D:\Wabbajack\modlists\Anvil\Stock Game\Data\Skyrim.esm,Skyrim.esm:0B3991,MQResurrectDragon,defined,yes,Skyrim.esm
CORE-0274,core,V02,V02-04,standard,Skyrim.esm,D:\Wabbajack\modlists\Anvil\Stock Game\Data\Skyrim.esm,Skyrim.esm:0B32F2,WEDLVigilOfStendarr04,defined,yes,Skyrim.esm
CORE-0275,core,V02,V02-04,standard,Skyrim.esm,D:\Wabbajack\modlists\Anvil\Stock Game\Data\Skyrim.esm,Skyrim.esm:0B32D6,WEDLVigilOfStendarr03,defined,yes,Skyrim.esm
CORE-0276,core,V02,V02-04,standard,Skyrim.esm,D:\Wabbajack\modlists\Anvil\Stock Game\Data\Skyrim.esm,Skyrim.esm:0B329E,WEDLVigilOfStendarr02,defined,yes,Skyrim.esm
CORE-0277,core,V02,V02-04,standard,Skyrim.esm,D:\Wabbajack\modlists\Anvil\Stock Game\Data\Skyrim.esm,Skyrim.esm:0B3293,DialogueGenericVigilantsOfStendarr,defined,yes,Skyrim.esm
CORE-0278,core,V02,V02-04,standard,Skyrim.esm,D:\Wabbajack\modlists\Anvil\Stock Game\Data\Skyrim.esm,Skyrim.esm:0B328F,WEDLVigilOfStendarr01,defined,yes,Skyrim.esm
CORE-0279,core,V02,V02-04,standard,Skyrim.esm,D:\Wabbajack\modlists\Anvil\Stock Game\Data\Skyrim.esm,Skyrim.esm:0B1C79,WERJ01,defined,yes,Skyrim.esm
CORE-0280,core,V02,V02-04,standard,Skyrim.esm,D:\Wabbajack\modlists\Anvil\Stock Game\Data\Skyrim.esm,Skyrim.esm:0B1179,WEJS01,defined,yes,Skyrim.esm
CORE-0281,core,V03A,V03A-01,standard,Skyrim.esm,D:\Wabbajack\modlists\Anvil\Stock Game\Data\Skyrim.esm,Skyrim.esm:0AF269,MS11PreEssentializing,defined,no,Update.esm
CORE-0282,core,V02,V02-04,standard,Skyrim.esm,D:\Wabbajack\modlists\Anvil\Stock Game\Data\Skyrim.esm,Skyrim.esm:0AEF91,C03AelaRadiantKicker,defined,yes,Skyrim.esm
CORE-0283,core,V02,V02-04,standard,Skyrim.esm,D:\Wabbajack\modlists\Anvil\Stock Game\Data\Skyrim.esm,Skyrim.esm:0AEED4,DialogueMorthalMoorsideScene06,defined,yes,Skyrim.esm
CORE-0284,core,V02,V02-04,standard,Skyrim.esm,D:\Wabbajack\modlists\Anvil\Stock Game\Data\Skyrim.esm,Skyrim.esm:0AEECF,DialogueMorthalMoorsideScene05,defined,yes,Skyrim.esm
CORE-0285,core,V02,V02-04,standard,Skyrim.esm,D:\Wabbajack\modlists\Anvil\Stock Game\Data\Skyrim.esm,Skyrim.esm:0AEEA4,DialogueMorthalHighmoonHallScene07,defined,yes,Skyrim.esm
CORE-0286,core,V02,V02-04,standard,Skyrim.esm,D:\Wabbajack\modlists\Anvil\Stock Game\Data\Skyrim.esm,Skyrim.esm:0AEDE7,DialogueMorthalHighmoonHallScene06,defined,yes,Skyrim.esm
CORE-0287,core,V02,V02-04,standard,Skyrim.esm,D:\Wabbajack\modlists\Anvil\Stock Game\Data\Skyrim.esm,Skyrim.esm:0AEDDE,DialogueMorthalHighmoonHallScene05,defined,yes,Skyrim.esm
CORE-0288,core,V03B,V03B-01,standard,Skyrim.esm,D:\Wabbajack\modlists\Anvil\Stock Game\Data\Skyrim.esm,Skyrim.esm:0AEBFE,C03Rampage,defined,no,Dawnguard.esm
CORE-0289,core,V02,V02-04,standard,Skyrim.esm,D:\Wabbajack\modlists\Anvil\Stock Game\Data\Skyrim.esm,Skyrim.esm:0ADFE7,dunValtheimKeepQST,defined,yes,Skyrim.esm
CORE-0290,core,V02,V02-04,standard,Skyrim.esm,D:\Wabbajack\modlists\Anvil\Stock Game\Data\Skyrim.esm,Skyrim.esm:0AD953,DialogueMorthalHighmoonHallScene04,defined,yes,Skyrim.esm
CORE-0291,core,V02,V02-04,standard,Skyrim.esm,D:\Wabbajack\modlists\Anvil\Stock Game\Data\Skyrim.esm,Skyrim.esm:0AD94A,DialogueMorthalHighmoonHallScene03,defined,yes,Skyrim.esm
CORE-0292,core,V02,V02-04,standard,Skyrim.esm,D:\Wabbajack\modlists\Anvil\Stock Game\Data\Skyrim.esm,Skyrim.esm:0AD90B,DialogueMorthalHighmoonHallScene02,defined,yes,Skyrim.esm
CORE-0293,core,V02,V02-04,standard,Skyrim.esm,D:\Wabbajack\modlists\Anvil\Stock Game\Data\Skyrim.esm,Skyrim.esm:0AD907,DialogueMorthalHighmoonHallScene01,defined,yes,Skyrim.esm
CORE-0294,core,V02,V02-04,standard,Skyrim.esm,D:\Wabbajack\modlists\Anvil\Stock Game\Data\Skyrim.esm,Skyrim.esm:0AD8E1,DialogueMorthalFalionsHouseScene04,defined,yes,Skyrim.esm
CORE-0295,core,V02,V02-04,standard,Skyrim.esm,D:\Wabbajack\modlists\Anvil\Stock Game\Data\Skyrim.esm,Skyrim.esm:0AD7AD,WICommentDiseased,defined,yes,Skyrim.esm
CORE-0296,core,V02,V02-03,standard,Skyrim.esm,D:\Wabbajack\modlists\Anvil\Stock Game\Data\Skyrim.esm,Skyrim.esm:0A958E,DialogueSolitudePalaceScene10,defined,yes,Skyrim.esm
CORE-0297,core,V02,V02-03,standard,Skyrim.esm,D:\Wabbajack\modlists\Anvil\Stock Game\Data\Skyrim.esm,Skyrim.esm:0A9575,DialogueSolitudePalaceScene9,defined,yes,Skyrim.esm
CORE-0298,core,V02,V02-03,standard,Skyrim.esm,D:\Wabbajack\modlists\Anvil\Stock Game\Data\Skyrim.esm,Skyrim.esm:0A9564,DialogueSolitudePalaceScene8,defined,yes,Skyrim.esm
CORE-0299,core,V02,V02-03,standard,Skyrim.esm,D:\Wabbajack\modlists\Anvil\Stock Game\Data\Skyrim.esm,Skyrim.esm:0A940A,DialogueSolitudePalaceScene7,defined,yes,Skyrim.esm
CORE-0300,core,V02,V02-03,standard,Skyrim.esm,D:\Wabbajack\modlists\Anvil\Stock Game\Data\Skyrim.esm,Skyrim.esm:0A93B0,DialogueSolitudePalaceScene6,defined,yes,Skyrim.esm
CORE-0301,core,V02,V02-03,standard,Skyrim.esm,D:\Wabbajack\modlists\Anvil\Stock Game\Data\Skyrim.esm,Skyrim.esm:0A9392,DialogueSolitudePalaceScene5,defined,yes,Skyrim.esm
CORE-0302,core,V02,V02-03,standard,Skyrim.esm,D:\Wabbajack\modlists\Anvil\Stock Game\Data\Skyrim.esm,Skyrim.esm:0A8A86,WICastMagicNonHostileSpell01,defined,yes,Skyrim.esm
CORE-0303,core,V02,V02-03,standard,Skyrim.esm,D:\Wabbajack\modlists\Anvil\Stock Game\Data\Skyrim.esm,Skyrim.esm:0A7242,DA11ConvoEolaBanning,defined,yes,Skyrim.esm
CORE-0304,core,V02,V02-03,standard,Skyrim.esm,D:\Wabbajack\modlists\Anvil\Stock Game\Data\Skyrim.esm,Skyrim.esm:0A7240,DA11ConvoEolaLisbet,defined,yes,Skyrim.esm
CORE-0305,core,V02,V02-03,standard,Skyrim.esm,D:\Wabbajack\modlists\Anvil\Stock Game\Data\Skyrim.esm,Skyrim.esm:0A71AC,DA11ConvoEolaHogni,defined,yes,Skyrim.esm
CORE-0306,core,V02,V02-03,standard,Skyrim.esm,D:\Wabbajack\modlists\Anvil\Stock Game\Data\Skyrim.esm,Skyrim.esm:0A71A9,DA11ConvoHogniLisbet,defined,yes,Skyrim.esm
CORE-0307,core,V02,V02-03,standard,Skyrim.esm,D:\Wabbajack\modlists\Anvil\Stock Game\Data\Skyrim.esm,Skyrim.esm:0A71A7,DA11ConvoHogniBanning,defined,yes,Skyrim.esm
CORE-0308,core,V02,V02-03,standard,Skyrim.esm,D:\Wabbajack\modlists\Anvil\Stock Game\Data\Skyrim.esm,Skyrim.esm:0A7185,DA11ConvoLisbetBanning,defined,yes,Skyrim.esm
CORE-0309,core,V02,V02-03,standard,Skyrim.esm,D:\Wabbajack\modlists\Anvil\Stock Game\Data\Skyrim.esm,Skyrim.esm:0A3C4B,WIRentRoomWalkTo,defined,yes,Skyrim.esm
CORE-0310,core,V02,V02-03,standard,Skyrim.esm,D:\Wabbajack\modlists\Anvil\Stock Game\Data\Skyrim.esm,Skyrim.esm:0A0F43,WIAddItem07,defined,yes,Skyrim.esm
CORE-0311,core,V02,V02-03,standard,Skyrim.esm,D:\Wabbajack\modlists\Anvil\Stock Game\Data\Skyrim.esm,Skyrim.esm:0A0D26,DA11DialogueReachcliff,defined,yes,Skyrim.esm
CORE-0312,core,V02,V02-03,standard,Skyrim.esm,D:\Wabbajack\modlists\Anvil\Stock Game\Data\Skyrim.esm,Skyrim.esm:09F179,FreeformRiften21,defined,yes,Skyrim.esm
CORE-0313,core,V02,V02-03,standard,Skyrim.esm,D:\Wabbajack\modlists\Anvil\Stock Game\Data\Skyrim.esm,Skyrim.esm:09BB27,WICraftItem03,defined,yes,Skyrim.esm
CORE-0314,core,V02,V02-03,standard,Skyrim.esm,D:\Wabbajack\modlists\Anvil\Stock Game\Data\Skyrim.esm,Skyrim.esm:09BB1E,WICraftItem02,defined,yes,Skyrim.esm
CORE-0315,core,V02,V02-03,standard,Skyrim.esm,D:\Wabbajack\modlists\Anvil\Stock Game\Data\Skyrim.esm,Skyrim.esm:097FDE,TGDungeonReserve,defined,yes,Skyrim.esm
CORE-0316,core,V02,V02-03,standard,Skyrim.esm,D:\Wabbajack\modlists\Anvil\Stock Game\Data\Skyrim.esm,Skyrim.esm:095F4F,DialogueRiftenRatway,defined,yes,Skyrim.esm
CORE-0317,core,V02,V02-03,standard,Skyrim.esm,D:\Wabbajack\modlists\Anvil\Stock Game\Data\Skyrim.esm,Skyrim.esm:094158,FreeformShipsWindhelm,defined,yes,Skyrim.esm
CORE-0318,core,V02,V02-03,standard,Skyrim.esm,D:\Wabbajack\modlists\Anvil\Stock Game\Data\Skyrim.esm,Skyrim.esm:094152,FreeformShipsDawnstar,defined,yes,Skyrim.esm
CORE-0319,core,V02,V02-03,standard,Skyrim.esm,D:\Wabbajack\modlists\Anvil\Stock Game\Data\Skyrim.esm,Skyrim.esm:0940E0,Favor109,defined,yes,Skyrim.esm
CORE-0320,core,V03A,V03A-01,standard,Skyrim.esm,D:\Wabbajack\modlists\Anvil\Stock Game\Data\Skyrim.esm,Skyrim.esm:0940D0,Favor158,defined,no,Update.esm
CORE-0321,core,V02,V02-03,standard,Skyrim.esm,D:\Wabbajack\modlists\Anvil\Stock Game\Data\Skyrim.esm,Skyrim.esm:093637,e3demo,defined,yes,Skyrim.esm
CORE-0322,core,V02,V02-03,standard,Skyrim.esm,D:\Wabbajack\modlists\Anvil\Stock Game\Data\Skyrim.esm,Skyrim.esm:091F1A,dunLabyrinthian,defined,yes,Skyrim.esm
CORE-0323,core,V02,V02-03,standard,Skyrim.esm,D:\Wabbajack\modlists\Anvil\Stock Game\Data\Skyrim.esm,Skyrim.esm:06E53F,BardSongsInstrumental,defined,yes,Skyrim.esm
CORE-0324,core,V02,V02-03,standard,Skyrim.esm,D:\Wabbajack\modlists\Anvil\Stock Game\Data\Skyrim.esm,Skyrim.esm:069043,FreeformKynesgroveA,defined,yes,Skyrim.esm
CORE-0325,core,V02,V02-03,standard,Skyrim.esm,D:\Wabbajack\modlists\Anvil\Stock Game\Data\Skyrim.esm,Skyrim.esm:068D73,stables,defined,yes,Skyrim.esm
CORE-0326,core,V02,V02-02,standard,Skyrim.esm,D:\Wabbajack\modlists\Anvil\Stock Game\Data\Skyrim.esm,Skyrim.esm:053804,FreeformMarkarthO,defined,yes,Skyrim.esm
CORE-0327,core,V02,V02-02,existing-core-row,Skyrim.esm,D:\Wabbajack\modlists\Anvil\Stock Game\Data\Skyrim.esm,Skyrim.esm:04CECE,MQ201Malborn,defined,yes,Skyrim.esm
CORE-0328,core,V02,V02-02,standard,Skyrim.esm,D:\Wabbajack\modlists\Anvil\Stock Game\Data\Skyrim.esm,Skyrim.esm:04C2FA,DialogueGiant,defined,yes,Skyrim.esm
CORE-0329,core,V02,V02-02,standard,Skyrim.esm,D:\Wabbajack\modlists\Anvil\Stock Game\Data\Skyrim.esm,Skyrim.esm:03C7A0,WICraftItem01,defined,yes,Skyrim.esm
CORE-0330,core,V02,V02-02,standard,Skyrim.esm,D:\Wabbajack\modlists\Anvil\Stock Game\Data\Skyrim.esm,Skyrim.esm:037FBD,WIAssaultRememberDialogue,defined,yes,Skyrim.esm
CORE-0331,core,V02,V02-02,standard,Skyrim.esm,D:\Wabbajack\modlists\Anvil\Stock Game\Data\Skyrim.esm,Skyrim.esm:037F13,WIAssaultRemember,defined,yes,Skyrim.esm
CORE-0332,core,V02,V02-01,standard,Skyrim.esm,D:\Wabbajack\modlists\Anvil\Stock Game\Data\Skyrim.esm,Skyrim.esm:02E656,DBOlavaReadingTreasureObjective,defined,yes,Skyrim.esm
CORE-0333,core,V02,V02-01,standard,Skyrim.esm,D:\Wabbajack\modlists\Anvil\Stock Game\Data\Skyrim.esm,Skyrim.esm:02E655,DBOlavaReadingMiscObjective,defined,yes,Skyrim.esm
CORE-0334,core,V02,V02-01,standard,Skyrim.esm,D:\Wabbajack\modlists\Anvil\Stock Game\Data\Skyrim.esm,Skyrim.esm:02AA57,dunFrostmereToggleQST,defined,yes,Skyrim.esm
CORE-0335,core,V02,V02-01,standard,Skyrim.esm,D:\Wabbajack\modlists\Anvil\Stock Game\Data\Skyrim.esm,Skyrim.esm:024E1A,CWMerchants,defined,yes,Skyrim.esm
CORE-0336,core,V02,V02-01,standard,Skyrim.esm,D:\Wabbajack\modlists\Anvil\Stock Game\Data\Skyrim.esm,Skyrim.esm:023EEB,WIThief01,defined,yes,Skyrim.esm
CORE-0337,core,V03C,V03C-01,standard,Skyrim.esm,D:\Wabbajack\modlists\Anvil\Stock Game\Data\Skyrim.esm,Skyrim.esm:023EE4,WICastMagic04,defined,no,Dragonborn.esm
CORE-0338,core,V03A,V03A-01,standard,Skyrim.esm,D:\Wabbajack\modlists\Anvil\Stock Game\Data\Skyrim.esm,Skyrim.esm:0167D3,WICastMagic03,defined,no,Update.esm
CORE-0339,core,V02,V02-01,standard,Skyrim.esm,D:\Wabbajack\modlists\Anvil\Stock Game\Data\Skyrim.esm,Skyrim.esm:015CC2,dunEldergleamT03,defined,yes,Skyrim.esm
CORE-0340,core,V02,V02-03,standard,Skyrim.esm,D:\Wabbajack\modlists\Anvil\Stock Game\Data\Skyrim.esm,Skyrim.esm:090E36,Favor153,defined,yes,Skyrim.esm
CORE-0341,core,V02,V02-03,standard,Skyrim.esm,D:\Wabbajack\modlists\Anvil\Stock Game\Data\Skyrim.esm,Skyrim.esm:090CF0,DA05FuneralSpectatorsQuest,defined,yes,Skyrim.esm
CORE-0342,core,V02,V02-03,standard,Skyrim.esm,D:\Wabbajack\modlists\Anvil\Stock Game\Data\Skyrim.esm,Skyrim.esm:085D40,FreeformRiften20,defined,yes,Skyrim.esm
CORE-0343,core,V02,V02-03,standard,Skyrim.esm,D:\Wabbajack\modlists\Anvil\Stock Game\Data\Skyrim.esm,Skyrim.esm:08563B,MG02MinerDialogue,defined,yes,Skyrim.esm
CORE-0344,core,V02,V02-03,standard,Skyrim.esm,D:\Wabbajack\modlists\Anvil\Stock Game\Data\Skyrim.esm,Skyrim.esm:083042,CWFortSiegeFort,defined,yes,Skyrim.esm
CORE-0345,core,V02,V02-03,standard,Skyrim.esm,D:\Wabbajack\modlists\Anvil\Stock Game\Data\Skyrim.esm,Skyrim.esm:080B66,dunBlackreachDragonQST,defined,yes,Skyrim.esm
CORE-0346,core,V02,V02-03,existing-core-row,Skyrim.esm,D:\Wabbajack\modlists\Anvil\Stock Game\Data\Skyrim.esm,Skyrim.esm:0713DC,MQ105Ustengrav,defined,yes,Skyrim.esm
CORE-0347,core,V02,V02-03,standard,Skyrim.esm,D:\Wabbajack\modlists\Anvil\Stock Game\Data\Skyrim.esm,Skyrim.esm:06FE37,Favor205,defined,yes,Skyrim.esm
CORE-0348,core,V02,V02-03,standard,Skyrim.esm,D:\Wabbajack\modlists\Anvil\Stock Game\Data\Skyrim.esm,Skyrim.esm:06FD35,Favor104,defined,yes,Skyrim.esm
CORE-0349,core,V02,V02-03,standard,Skyrim.esm,D:\Wabbajack\modlists\Anvil\Stock Game\Data\Skyrim.esm,Skyrim.esm:06D585,TGCrownMisc,defined,yes,Skyrim.esm
CORE-0350,core,V02,V02-03,standard,Skyrim.esm,D:\Wabbajack\modlists\Anvil\Stock Game\Data\Skyrim.esm,Skyrim.esm:06C824,Favor151,defined,yes,Skyrim.esm
CORE-0351,core,V03A,V03A-01,standard,Skyrim.esm,D:\Wabbajack\modlists\Anvil\Stock Game\Data\Skyrim.esm,Skyrim.esm:06BC33,MGRAppOnmund01,defined,no,Update.esm
CORE-0352,core,V02,V02-03,standard,Skyrim.esm,D:\Wabbajack\modlists\Anvil\Stock Game\Data\Skyrim.esm,Skyrim.esm:06BC1A,MS10CompanySwapPostQuest,defined,yes,Skyrim.esm
CORE-0353,core,V02,V02-03,standard,Skyrim.esm,D:\Wabbajack\modlists\Anvil\Stock Game\Data\Skyrim.esm,Skyrim.esm:066263,DialogueLeftHandMineDaighreSkaggi02,defined,yes,Skyrim.esm
CORE-0354,core,V02,V02-03,standard,Skyrim.esm,D:\Wabbajack\modlists\Anvil\Stock Game\Data\Skyrim.esm,Skyrim.esm:065C8D,CWFin,defined,yes,Skyrim.esm
CORE-0355,core,V02,V02-03,standard,Skyrim.esm,D:\Wabbajack\modlists\Anvil\Stock Game\Data\Skyrim.esm,Skyrim.esm:065C30,FreeformRiften19,defined,yes,Skyrim.esm
CORE-0356,core,V02,V02-03,standard,Skyrim.esm,D:\Wabbajack\modlists\Anvil\Stock Game\Data\Skyrim.esm,Skyrim.esm:065BDF,FreeformRiftenThane,defined,yes,Skyrim.esm
CORE-0357,core,V02,V02-03,standard,Skyrim.esm,D:\Wabbajack\modlists\Anvil\Stock Game\Data\Skyrim.esm,Skyrim.esm:064B72,DialogueMarkarthKeepIntroCourtScene,defined,yes,Skyrim.esm
CORE-0358,core,V02,V02-03,standard,Skyrim.esm,D:\Wabbajack\modlists\Anvil\Stock Game\Data\Skyrim.esm,Skyrim.esm:064A14,TG00MaulHandler,defined,yes,Skyrim.esm
CORE-0359,core,V02,V02-03,standard,Skyrim.esm,D:\Wabbajack\modlists\Anvil\Stock Game\Data\Skyrim.esm,Skyrim.esm:0649FC,DialogueRiftenMaul,defined,yes,Skyrim.esm
CORE-0360,core,V02,V02-03,standard,Skyrim.esm,D:\Wabbajack\modlists\Anvil\Stock Game\Data\Skyrim.esm,Skyrim.esm:0649A2,DialogueRiftenHaelgasBunkhouseScene12,defined,yes,Skyrim.esm
CORE-0361,core,V02,V02-03,standard,Skyrim.esm,D:\Wabbajack\modlists\Anvil\Stock Game\Data\Skyrim.esm,Skyrim.esm:0649A0,DialogueRiftenHaelgasBunkhouseScene11,defined,yes,Skyrim.esm
CORE-0362,core,V02,V02-03,standard,Skyrim.esm,D:\Wabbajack\modlists\Anvil\Stock Game\Data\Skyrim.esm,Skyrim.esm:06499E,DialogueRiftenHaelgasBunkhouseScene10,defined,yes,Skyrim.esm
CORE-0363,core,V02,V02-03,standard,Skyrim.esm,D:\Wabbajack\modlists\Anvil\Stock Game\Data\Skyrim.esm,Skyrim.esm:06499C,DialogueRiftenHaelgasBunkhouseScene09,defined,yes,Skyrim.esm
CORE-0364,core,V02,V02-03,standard,Skyrim.esm,D:\Wabbajack\modlists\Anvil\Stock Game\Data\Skyrim.esm,Skyrim.esm:064958,FreeformStonehillsA,defined,yes,Skyrim.esm
CORE-0365,core,V02,V02-03,standard,Skyrim.esm,D:\Wabbajack\modlists\Anvil\Stock Game\Data\Skyrim.esm,Skyrim.esm:0647B3,FreeformMarkarthN,defined,yes,Skyrim.esm
CORE-0366,core,V02,V02-03,standard,Skyrim.esm,D:\Wabbajack\modlists\Anvil\Stock Game\Data\Skyrim.esm,Skyrim.esm:0647A6,FreeformMarkarthMPostQuest,defined,yes,Skyrim.esm
CORE-0367,core,V02,V02-03,standard,Skyrim.esm,D:\Wabbajack\modlists\Anvil\Stock Game\Data\Skyrim.esm,Skyrim.esm:064798,FreeformMarkarthM,defined,yes,Skyrim.esm
CORE-0368,core,V02,V02-03,standard,Skyrim.esm,D:\Wabbajack\modlists\Anvil\Stock Game\Data\Skyrim.esm,Skyrim.esm:064701,dunBthardamzQST,defined,yes,Skyrim.esm
CORE-0369,core,V02,V02-03,standard,Skyrim.esm,D:\Wabbajack\modlists\Anvil\Stock Game\Data\Skyrim.esm,Skyrim.esm:063F0E,DialogueRiftenGrandPlazaScene43,defined,yes,Skyrim.esm
CORE-0370,core,V02,V02-03,standard,Skyrim.esm,D:\Wabbajack\modlists\Anvil\Stock Game\Data\Skyrim.esm,Skyrim.esm:063F0C,DialogueRiftenGrandPlazaScene42,defined,yes,Skyrim.esm
CORE-0371,core,V02,V02-03,standard,Skyrim.esm,D:\Wabbajack\modlists\Anvil\Stock Game\Data\Skyrim.esm,Skyrim.esm:063F0A,DialogueRiftenGrandPlazaScene41,defined,yes,Skyrim.esm
CORE-0372,core,V02,V02-03,standard,Skyrim.esm,D:\Wabbajack\modlists\Anvil\Stock Game\Data\Skyrim.esm,Skyrim.esm:063F07,DialogueRiftenGrandPlazaScene40,defined,yes,Skyrim.esm
CORE-0373,core,V02,V02-03,standard,Skyrim.esm,D:\Wabbajack\modlists\Anvil\Stock Game\Data\Skyrim.esm,Skyrim.esm:063F05,DialogueRiftenGrandPlazaScene39,defined,yes,Skyrim.esm
CORE-0374,core,V02,V02-03,standard,Skyrim.esm,D:\Wabbajack\modlists\Anvil\Stock Game\Data\Skyrim.esm,Skyrim.esm:063F02,DialogueRiftenGrandPlazaScene38,defined,yes,Skyrim.esm
CORE-0375,core,V02,V02-03,standard,Skyrim.esm,D:\Wabbajack\modlists\Anvil\Stock Game\Data\Skyrim.esm,Skyrim.esm:063F00,DialogueRiftenGrandPlazaScene37,defined,yes,Skyrim.esm
CORE-0376,core,V02,V02-03,standard,Skyrim.esm,D:\Wabbajack\modlists\Anvil\Stock Game\Data\Skyrim.esm,Skyrim.esm:063EFE,DialogueRiftenGrandPlazaScene36,defined,yes,Skyrim.esm
CORE-0377,core,V02,V02-03,standard,Skyrim.esm,D:\Wabbajack\modlists\Anvil\Stock Game\Data\Skyrim.esm,Skyrim.esm:063EFC,DialogueRiftenGrandPlazaScene35,defined,yes,Skyrim.esm
CORE-0378,core,V02,V02-03,standard,Skyrim.esm,D:\Wabbajack\modlists\Anvil\Stock Game\Data\Skyrim.esm,Skyrim.esm:063EFA,DialogueRiftenGrandPlazaScene34,defined,yes,Skyrim.esm
CORE-0379,core,V02,V02-03,standard,Skyrim.esm,D:\Wabbajack\modlists\Anvil\Stock Game\Data\Skyrim.esm,Skyrim.esm:063EF8,DialogueRiftenGrandPlazaScene33,defined,yes,Skyrim.esm
CORE-0380,core,V02,V02-03,standard,Skyrim.esm,D:\Wabbajack\modlists\Anvil\Stock Game\Data\Skyrim.esm,Skyrim.esm:063EF6,DialogueRiftenGrandPlazaScene32,defined,yes,Skyrim.esm
CORE-0381,core,V02,V02-03,standard,Skyrim.esm,D:\Wabbajack\modlists\Anvil\Stock Game\Data\Skyrim.esm,Skyrim.esm:063EF4,DialogueRiftenGrandPlazaScene31,defined,yes,Skyrim.esm
CORE-0382,core,V02,V02-03,standard,Skyrim.esm,D:\Wabbajack\modlists\Anvil\Stock Game\Data\Skyrim.esm,Skyrim.esm:063EF2,DialogueRiftenGrandPlazaScene30,defined,yes,Skyrim.esm
CORE-0383,core,V02,V02-03,standard,Skyrim.esm,D:\Wabbajack\modlists\Anvil\Stock Game\Data\Skyrim.esm,Skyrim.esm:063EF0,DialogueRiftenGrandPlazaScene29,defined,yes,Skyrim.esm
CORE-0384,core,V02,V02-03,standard,Skyrim.esm,D:\Wabbajack\modlists\Anvil\Stock Game\Data\Skyrim.esm,Skyrim.esm:063EEE,DialogueRiftenGrandPlazaScene28,defined,yes,Skyrim.esm
CORE-0385,core,V02,V02-03,standard,Skyrim.esm,D:\Wabbajack\modlists\Anvil\Stock Game\Data\Skyrim.esm,Skyrim.esm:063EEB,DialogueRiftenGrandPlazaScene27,defined,yes,Skyrim.esm
CORE-0386,core,V02,V02-03,standard,Skyrim.esm,D:\Wabbajack\modlists\Anvil\Stock Game\Data\Skyrim.esm,Skyrim.esm:063EE9,DialogueRiftenGrandPlazaScene26,defined,yes,Skyrim.esm
CORE-0387,core,V02,V02-03,standard,Skyrim.esm,D:\Wabbajack\modlists\Anvil\Stock Game\Data\Skyrim.esm,Skyrim.esm:063EE7,DialogueRiftenGrandPlazaScene25,defined,yes,Skyrim.esm
CORE-0388,core,V02,V02-02,standard,Skyrim.esm,D:\Wabbajack\modlists\Anvil\Stock Game\Data\Skyrim.esm,Skyrim.esm:06099C,FreeformMarkarthL,defined,yes,Skyrim.esm
CORE-0389,core,V02,V02-02,standard,Skyrim.esm,D:\Wabbajack\modlists\Anvil\Stock Game\Data\Skyrim.esm,Skyrim.esm:05FD0D,DialogueRiftenGrandPlazaScene24,defined,yes,Skyrim.esm
CORE-0390,core,V02,V02-02,standard,Skyrim.esm,D:\Wabbajack\modlists\Anvil\Stock Game\Data\Skyrim.esm,Skyrim.esm:05FCC0,DialogueRiftenGrandPlazaScene23,defined,yes,Skyrim.esm
CORE-0391,core,V02,V02-02,standard,Skyrim.esm,D:\Wabbajack\modlists\Anvil\Stock Game\Data\Skyrim.esm,Skyrim.esm:05FC97,DialogueRiftenGrandPlazaScene22,defined,yes,Skyrim.esm
CORE-0392,core,V02,V02-02,standard,Skyrim.esm,D:\Wabbajack\modlists\Anvil\Stock Game\Data\Skyrim.esm,Skyrim.esm:05FC1D,DialogueRiftenGrandPlazaScene21,defined,yes,Skyrim.esm
CORE-0393,core,V02,V02-02,standard,Skyrim.esm,D:\Wabbajack\modlists\Anvil\Stock Game\Data\Skyrim.esm,Skyrim.esm:05FB2E,DialogueRiftenGrandPlazaScene20,defined,yes,Skyrim.esm
CORE-0394,core,V02,V02-02,standard,Skyrim.esm,D:\Wabbajack\modlists\Anvil\Stock Game\Data\Skyrim.esm,Skyrim.esm:05FB2C,DialogueRiftenGrandPlazaScene19,defined,yes,Skyrim.esm
CORE-0395,core,V02,V02-02,standard,Skyrim.esm,D:\Wabbajack\modlists\Anvil\Stock Game\Data\Skyrim.esm,Skyrim.esm:05FB2A,DialogueRiftenGrandPlazaScene18,defined,yes,Skyrim.esm
CORE-0396,core,V02,V02-02,standard,Skyrim.esm,D:\Wabbajack\modlists\Anvil\Stock Game\Data\Skyrim.esm,Skyrim.esm:05FB28,DialogueRiftenGrandPlazaScene17,defined,yes,Skyrim.esm
CORE-0397,core,V02,V02-02,standard,Skyrim.esm,D:\Wabbajack\modlists\Anvil\Stock Game\Data\Skyrim.esm,Skyrim.esm:05FB26,DialogueRiftenGrandPlazaScene16,defined,yes,Skyrim.esm
CORE-0398,core,V02,V02-02,standard,Skyrim.esm,D:\Wabbajack\modlists\Anvil\Stock Game\Data\Skyrim.esm,Skyrim.esm:05FB24,DialogueRiftenGrandPlazaScene15,defined,yes,Skyrim.esm
CORE-0399,core,V02,V02-02,standard,Skyrim.esm,D:\Wabbajack\modlists\Anvil\Stock Game\Data\Skyrim.esm,Skyrim.esm:05FB22,DialogueRiftenGrandPlazaScene14,defined,yes,Skyrim.esm
CORE-0400,core,V02,V02-02,standard,Skyrim.esm,D:\Wabbajack\modlists\Anvil\Stock Game\Data\Skyrim.esm,Skyrim.esm:05FB20,DialogueRiftenGrandPlazaScene13,defined,yes,Skyrim.esm
CORE-0401,core,V02,V02-02,standard,Skyrim.esm,D:\Wabbajack\modlists\Anvil\Stock Game\Data\Skyrim.esm,Skyrim.esm:05FB1E,DialogueRiftenGrandPlazaScene12,defined,yes,Skyrim.esm
CORE-0402,core,V02,V02-02,standard,Skyrim.esm,D:\Wabbajack\modlists\Anvil\Stock Game\Data\Skyrim.esm,Skyrim.esm:05FB1C,DialogueRiftenGrandPlazaScene11,defined,yes,Skyrim.esm
CORE-0403,core,V02,V02-02,standard,Skyrim.esm,D:\Wabbajack\modlists\Anvil\Stock Game\Data\Skyrim.esm,Skyrim.esm:05EE76,DialogueRiftenBeeAndBarbScene20,defined,yes,Skyrim.esm
CORE-0404,core,V02,V02-02,standard,Skyrim.esm,D:\Wabbajack\modlists\Anvil\Stock Game\Data\Skyrim.esm,Skyrim.esm:05EE68,DialogueRiftenBeeAndBarbScene19,defined,yes,Skyrim.esm
CORE-0405,core,V02,V02-02,standard,Skyrim.esm,D:\Wabbajack\modlists\Anvil\Stock Game\Data\Skyrim.esm,Skyrim.esm:05EE62,DialogueRiftenBeeAndBarbScene18,defined,yes,Skyrim.esm
CORE-0406,core,V02,V02-02,standard,Skyrim.esm,D:\Wabbajack\modlists\Anvil\Stock Game\Data\Skyrim.esm,Skyrim.esm:05EE5C,DialogueRiftenBeeAndBarbScene17,defined,yes,Skyrim.esm
CORE-0407,core,V02,V02-02,standard,Skyrim.esm,D:\Wabbajack\modlists\Anvil\Stock Game\Data\Skyrim.esm,Skyrim.esm:05EE57,DialogueRiftenBeeAndBarbScene16,defined,yes,Skyrim.esm
CORE-0408,core,V02,V02-02,standard,Skyrim.esm,D:\Wabbajack\modlists\Anvil\Stock Game\Data\Skyrim.esm,Skyrim.esm:05EE55,DialogueRiftenBeeAndBarbScene15,defined,yes,Skyrim.esm
CORE-0409,core,V02,V02-02,standard,Skyrim.esm,D:\Wabbajack\modlists\Anvil\Stock Game\Data\Skyrim.esm,Skyrim.esm:05B3A5,FreeformRiften18,defined,yes,Skyrim.esm
CORE-0410,core,V02,V02-02,standard,Skyrim.esm,D:\Wabbajack\modlists\Anvil\Stock Game\Data\Skyrim.esm,Skyrim.esm:05B2DE,FreeformRiften17,defined,yes,Skyrim.esm
CORE-0411,core,V02,V02-02,standard,Skyrim.esm,D:\Wabbajack\modlists\Anvil\Stock Game\Data\Skyrim.esm,Skyrim.esm:055B0F,DialogueMarkarthStablesBanningCedranScene02,defined,yes,Skyrim.esm
CORE-0412,core,V02,V02-02,standard,Skyrim.esm,D:\Wabbajack\modlists\Anvil\Stock Game\Data\Skyrim.esm,Skyrim.esm:055AA9,DialogueMarkarthStablesBanningCedranScene01,defined,yes,Skyrim.esm
CORE-0413,core,V02,V02-02,standard,Skyrim.esm,D:\Wabbajack\modlists\Anvil\Stock Game\Data\Skyrim.esm,Skyrim.esm:055A76,DialogueMarkarthPostAttackScene01,defined,yes,Skyrim.esm
CORE-0414,core,V02,V02-02,standard,Skyrim.esm,D:\Wabbajack\modlists\Anvil\Stock Game\Data\Skyrim.esm,Skyrim.esm:055A6E,DialogueMarkarthBlacksmithScene01,defined,yes,Skyrim.esm
CORE-0415,core,V02,V02-02,standard,Skyrim.esm,D:\Wabbajack\modlists\Anvil\Stock Game\Data\Skyrim.esm,Skyrim.esm:0557F3,FreeformRiften16,defined,yes,Skyrim.esm
CORE-0416,core,V02,V02-02,standard,Skyrim.esm,D:\Wabbajack\modlists\Anvil\Stock Game\Data\Skyrim.esm,Skyrim.esm:0557E9,FreeformRiften15,defined,yes,Skyrim.esm
CORE-0417,core,V02,V02-02,standard,Skyrim.esm,D:\Wabbajack\modlists\Anvil\Stock Game\Data\Skyrim.esm,Skyrim.esm:0555DD,FreeformDragonBridge01,defined,yes,Skyrim.esm
CORE-0418,core,V02,V02-02,standard,Skyrim.esm,D:\Wabbajack\modlists\Anvil\Stock Game\Data\Skyrim.esm,Skyrim.esm:04737F,CreatureDialogueHorker,defined,yes,Skyrim.esm
CORE-0419,core,V02,V02-02,standard,Skyrim.esm,D:\Wabbajack\modlists\Anvil\Stock Game\Data\Skyrim.esm,Skyrim.esm:043E25,FreeformRiften14,defined,yes,Skyrim.esm
CORE-0420,core,V02,V02-02,standard,Skyrim.esm,D:\Wabbajack\modlists\Anvil\Stock Game\Data\Skyrim.esm,Skyrim.esm:043E1A,FreeformRiften13,defined,yes,Skyrim.esm
CORE-0421,core,V02,V02-02,standard,Skyrim.esm,D:\Wabbajack\modlists\Anvil\Stock Game\Data\Skyrim.esm,Skyrim.esm:041FD2,FreeformRiften12,defined,yes,Skyrim.esm
CORE-0422,core,V02,V02-02,standard,Skyrim.esm,D:\Wabbajack\modlists\Anvil\Stock Game\Data\Skyrim.esm,Skyrim.esm:041F91,FreeformRiften11,defined,yes,Skyrim.esm
CORE-0423,core,V02,V02-02,standard,Skyrim.esm,D:\Wabbajack\modlists\Anvil\Stock Game\Data\Skyrim.esm,Skyrim.esm:0414FF,DialogueMorthalInitialScene,defined,yes,Skyrim.esm
CORE-0424,core,V02,V02-02,standard,Skyrim.esm,D:\Wabbajack\modlists\Anvil\Stock Game\Data\Skyrim.esm,Skyrim.esm:0403B0,Favor001,defined,yes,Skyrim.esm
CORE-0425,core,V02,V02-02,standard,Skyrim.esm,D:\Wabbajack\modlists\Anvil\Stock Game\Data\Skyrim.esm,Skyrim.esm:03F4EC,Favor019,defined,yes,Skyrim.esm
CORE-0426,core,V02,V02-02,standard,Skyrim.esm,D:\Wabbajack\modlists\Anvil\Stock Game\Data\Skyrim.esm,Skyrim.esm:03F46A,Favor018,defined,yes,Skyrim.esm
CORE-0427,core,V02,V02-02,standard,Skyrim.esm,D:\Wabbajack\modlists\Anvil\Stock Game\Data\Skyrim.esm,Skyrim.esm:03F21B,DialogueMarkarthGuardIntros,defined,yes,Skyrim.esm
CORE-0428,core,V02,V02-02,standard,Skyrim.esm,D:\Wabbajack\modlists\Anvil\Stock Game\Data\Skyrim.esm,Skyrim.esm:03EFC1,DialogueWindhelmMarketSceneBrunwulfAval,defined,yes,Skyrim.esm
CORE-0429,core,V02,V02-02,standard,Skyrim.esm,D:\Wabbajack\modlists\Anvil\Stock Game\Data\Skyrim.esm,Skyrim.esm:03EFBC,DialogueWindhelmMarketSceneNilsineHillevi,defined,yes,Skyrim.esm
CORE-0430,core,V02,V02-02,standard,Skyrim.esm,D:\Wabbajack\modlists\Anvil\Stock Game\Data\Skyrim.esm,Skyrim.esm:03EFBA,DialogueWindhelmMarketSceneLonelyGaleNiranye,defined,yes,Skyrim.esm
CORE-0431,core,V02,V02-02,standard,Skyrim.esm,D:\Wabbajack\modlists\Anvil\Stock Game\Data\Skyrim.esm,Skyrim.esm:03EE7D,DialogueWindhelmMarketSceneTovaAval,defined,yes,Skyrim.esm
CORE-0432,core,V02,V02-02,standard,Skyrim.esm,D:\Wabbajack\modlists\Anvil\Stock Game\Data\Skyrim.esm,Skyrim.esm:03EE7B,DialogueWindhelmMarketSceneTorbjornNiranye,defined,yes,Skyrim.esm
CORE-0433,core,V02,V02-02,standard,Skyrim.esm,D:\Wabbajack\modlists\Anvil\Stock Game\Data\Skyrim.esm,Skyrim.esm:03EE77,DialogueWindhelmMarketSceneTorbjornHillevi,defined,yes,Skyrim.esm
CORE-0434,core,V02,V02-02,standard,Skyrim.esm,D:\Wabbajack\modlists\Anvil\Stock Game\Data\Skyrim.esm,Skyrim.esm:03EE60,DialogueWindhelmMarketSceneJoraNiranye,defined,yes,Skyrim.esm
CORE-0435,core,V02,V02-02,standard,Skyrim.esm,D:\Wabbajack\modlists\Anvil\Stock Game\Data\Skyrim.esm,Skyrim.esm:03EE5B,DialogueWindhelmMarketSceneTorstenAval,defined,yes,Skyrim.esm
CORE-0436,core,V02,V02-02,standard,Skyrim.esm,D:\Wabbajack\modlists\Anvil\Stock Game\Data\Skyrim.esm,Skyrim.esm:03EE50,DialogueWindhelmMarketSceneTorstenHillevi,defined,yes,Skyrim.esm
CORE-0437,core,V02,V02-02,standard,Skyrim.esm,D:\Wabbajack\modlists\Anvil\Stock Game\Data\Skyrim.esm,Skyrim.esm:03E8A5,CreatureDialogueMudcrab,defined,yes,Skyrim.esm
CORE-0438,core,V02,V02-02,standard,Skyrim.esm,D:\Wabbajack\modlists\Anvil\Stock Game\Data\Skyrim.esm,Skyrim.esm:03AA66,dunPOIReachShrineTheftQST,defined,yes,Skyrim.esm
CORE-0439,core,V02,V02-02,standard,Skyrim.esm,D:\Wabbajack\modlists\Anvil\Stock Game\Data\Skyrim.esm,Skyrim.esm:037AE3,DBTortureTreasureMiscObjective4,defined,yes,Skyrim.esm
CORE-0440,core,V02,V02-01,standard,Skyrim.esm,D:\Wabbajack\modlists\Anvil\Stock Game\Data\Skyrim.esm,Skyrim.esm:037A53,DBTortureTreasureMiscObjective3,defined,yes,Skyrim.esm
CORE-0441,core,V02,V02-01,standard,Skyrim.esm,D:\Wabbajack\modlists\Anvil\Stock Game\Data\Skyrim.esm,Skyrim.esm:037A51,DBTortureTreasureMiscObjective2,defined,yes,Skyrim.esm
CORE-0442,core,V02,V02-01,standard,Skyrim.esm,D:\Wabbajack\modlists\Anvil\Stock Game\Data\Skyrim.esm,Skyrim.esm:037A2D,DBTortureTreasureMiscObjective1,defined,yes,Skyrim.esm
CORE-0443,core,V02,V02-01,standard,Skyrim.esm,D:\Wabbajack\modlists\Anvil\Stock Game\Data\Skyrim.esm,Skyrim.esm:034B58,DialogueSolitudeGuardIntro,defined,yes,Skyrim.esm
CORE-0444,core,V02,V02-01,standard,Skyrim.esm,D:\Wabbajack\modlists\Anvil\Stock Game\Data\Skyrim.esm,Skyrim.esm:0317D1,dunPOIReachForswornRaidQST,defined,yes,Skyrim.esm
CORE-0445,core,V03B,V03B-01,standard,Skyrim.esm,D:\Wabbajack\modlists\Anvil\Stock Game\Data\Skyrim.esm,Skyrim.esm:02BA16,PlayerWerewolfQuest,defined,no,Dawnguard.esm
CORE-0446,core,V02,V02-01,standard,Skyrim.esm,D:\Wabbajack\modlists\Anvil\Stock Game\Data\Skyrim.esm,Skyrim.esm:02125B,dunUstengravQST,defined,yes,Skyrim.esm
CORE-0447,core,V02,V02-04,standard,Skyrim.esm,D:\Wabbajack\modlists\Anvil\Stock Game\Data\Skyrim.esm,Skyrim.esm:0E8BD7,SolitudeFreeform01,defined,yes,Skyrim.esm
CORE-0448,core,V02,V02-04,standard,Skyrim.esm,D:\Wabbajack\modlists\Anvil\Stock Game\Data\Skyrim.esm,Skyrim.esm:0E8283,FreeformHighHrothgarB,defined,yes,Skyrim.esm
CORE-0449,core,V02,V02-04,standard,Skyrim.esm,D:\Wabbajack\modlists\Anvil\Stock Game\Data\Skyrim.esm,Skyrim.esm:0E76E1,DialogueHighHrothgar,defined,yes,Skyrim.esm
CORE-0450,core,V02,V02-04,standard,Skyrim.esm,D:\Wabbajack\modlists\Anvil\Stock Game\Data\Skyrim.esm,Skyrim.esm:0E76DE,FreeformHighHrothgarA,defined,yes,Skyrim.esm
CORE-0451,core,V03A,V03A-01,standard,Skyrim.esm,D:\Wabbajack\modlists\Anvil\Stock Game\Data\Skyrim.esm,Skyrim.esm:0E738F,dunGeirmundQST,defined,no,Update.esm
CORE-0452,core,V02,V02-04,existing-core-row,Skyrim.esm,D:\Wabbajack\modlists\Anvil\Stock Game\Data\Skyrim.esm,Skyrim.esm:0E6DF1,FreeformSkyHavenTempleD,defined,yes,Skyrim.esm
CORE-0453,core,V02,V02-04,standard,Skyrim.esm,D:\Wabbajack\modlists\Anvil\Stock Game\Data\Skyrim.esm,Skyrim.esm:0E6DED,DialogueSkyHavenTempleConversation04,defined,yes,Skyrim.esm
CORE-0454,core,V02,V02-04,standard,Skyrim.esm,D:\Wabbajack\modlists\Anvil\Stock Game\Data\Skyrim.esm,Skyrim.esm:0E6DEB,DialogueSkyHavenTempleConversation03,defined,yes,Skyrim.esm
CORE-0455,core,V02,V02-04,standard,Skyrim.esm,D:\Wabbajack\modlists\Anvil\Stock Game\Data\Skyrim.esm,Skyrim.esm:0E6DE9,DialogueSkyHavenTempleConversation02,defined,yes,Skyrim.esm
CORE-0456,core,V02,V02-04,standard,Skyrim.esm,D:\Wabbajack\modlists\Anvil\Stock Game\Data\Skyrim.esm,Skyrim.esm:0E6DE7,DialogueSkyHavenTempleConversation01,defined,yes,Skyrim.esm
CORE-0457,core,V02,V02-04,standard,Skyrim.esm,D:\Wabbajack\modlists\Anvil\Stock Game\Data\Skyrim.esm,Skyrim.esm:0E6DE3,FreeformSkyHavenTempleC,defined,yes,Skyrim.esm
CORE-0458,core,V02,V02-04,standard,Skyrim.esm,D:\Wabbajack\modlists\Anvil\Stock Game\Data\Skyrim.esm,Skyrim.esm:0E66FC,DialogueRiftenGateGuards,defined,yes,Skyrim.esm
CORE-0459,core,V02,V02-04,standard,Skyrim.esm,D:\Wabbajack\modlists\Anvil\Stock Game\Data\Skyrim.esm,Skyrim.esm:0E3E67,FreeformSkyHavenTempleB,defined,yes,Skyrim.esm
CORE-0460,core,V02,V02-04,standard,Skyrim.esm,D:\Wabbajack\modlists\Anvil\Stock Game\Data\Skyrim.esm,Skyrim.esm:0E3A7C,DialogueTrainers,defined,yes,Skyrim.esm
CORE-0461,core,V02,V02-04,existing-core-row,Skyrim.esm,D:\Wabbajack\modlists\Anvil\Stock Game\Data\Skyrim.esm,Skyrim.esm:0E38C9,FreeformSkyhavenTempleA,defined,yes,Skyrim.esm
CORE-0462,core,V03A,V03A-01,standard,Skyrim.esm,D:\Wabbajack\modlists\Anvil\Stock Game\Data\Skyrim.esm,Skyrim.esm:0E38C7,DialogueSkyHavenTemple,defined,no,Update.esm
CORE-0463,core,V02,V02-04,standard,Skyrim.esm,D:\Wabbajack\modlists\Anvil\Stock Game\Data\Skyrim.esm,Skyrim.esm:0E3608,MS02FIN,defined,yes,Skyrim.esm
CORE-0464,core,V02,V02-04,standard,Skyrim.esm,D:\Wabbajack\modlists\Anvil\Stock Game\Data\Skyrim.esm,Skyrim.esm:0E2D3A,CW01WindhelmMapTableScene,defined,yes,Skyrim.esm
CORE-0465,core,V02,V02-04,existing-core-row,Skyrim.esm,D:\Wabbajack\modlists\Anvil\Stock Game\Data\Skyrim.esm,Skyrim.esm:0E2D29,CW01B,defined,yes,Skyrim.esm
CORE-0466,core,V02,V02-04,standard,Skyrim.esm,D:\Wabbajack\modlists\Anvil\Stock Game\Data\Skyrim.esm,Skyrim.esm:0E1B5A,CW00B,defined,yes,Skyrim.esm
CORE-0467,core,V02,V02-04,standard,Skyrim.esm,D:\Wabbajack\modlists\Anvil\Stock Game\Data\Skyrim.esm,Skyrim.esm:0E1B36,CW00WindhelmMapTableScene,defined,yes,Skyrim.esm
CORE-0468,core,V02,V02-04,standard,Skyrim.esm,D:\Wabbajack\modlists\Anvil\Stock Game\Data\Skyrim.esm,Skyrim.esm:0E1A9D,dunSleepingTreeCampQST,defined,yes,Skyrim.esm
CORE-0469,core,V02,V02-04,standard,Skyrim.esm,D:\Wabbajack\modlists\Anvil\Stock Game\Data\Skyrim.esm,Skyrim.esm:0E1782,TG09Post,defined,yes,Skyrim.esm
CORE-0470,core,V02,V02-04,standard,Skyrim.esm,D:\Wabbajack\modlists\Anvil\Stock Game\Data\Skyrim.esm,Skyrim.esm:0E0E04,MGR21,defined,yes,Skyrim.esm
CORE-0471,core,V02,V02-04,standard,Skyrim.esm,D:\Wabbajack\modlists\Anvil\Stock Game\Data\Skyrim.esm,Skyrim.esm:0E0DA9,DialogueWhiterunNazeemYsoldaScene1,defined,yes,Skyrim.esm
CORE-0472,core,V02,V02-04,standard,Skyrim.esm,D:\Wabbajack\modlists\Anvil\Stock Game\Data\Skyrim.esm,Skyrim.esm:0E0DA7,DialogueWhiterunOlfinaYsoldaScene1,defined,yes,Skyrim.esm
CORE-0473,core,V02,V02-04,standard,Skyrim.esm,D:\Wabbajack\modlists\Anvil\Stock Game\Data\Skyrim.esm,Skyrim.esm:0E0DA5,DialogueWhiterunFraliaYsoldaScene1,defined,yes,Skyrim.esm
CORE-0474,core,V02,V02-04,standard,Skyrim.esm,D:\Wabbajack\modlists\Anvil\Stock Game\Data\Skyrim.esm,Skyrim.esm:0DEE9A,WITavernServerPatronSceneA,defined,yes,Skyrim.esm
CORE-0475,core,V02,V02-04,standard,Skyrim.esm,D:\Wabbajack\modlists\Anvil\Stock Game\Data\Skyrim.esm,Skyrim.esm:0DEE92,WITavern,defined,yes,Skyrim.esm
CORE-0476,core,V02,V02-04,standard,Skyrim.esm,D:\Wabbajack\modlists\Anvil\Stock Game\Data\Skyrim.esm,Skyrim.esm:0DDF8D,dunPOITundraWitchShackQST,defined,yes,Skyrim.esm
CORE-0477,core,V02,V02-04,standard,Skyrim.esm,D:\Wabbajack\modlists\Anvil\Stock Game\Data\Skyrim.esm,Skyrim.esm:0DC9E0,DA08RumorPointer,defined,yes,Skyrim.esm
CORE-0478,core,V02,V02-04,standard,Skyrim.esm,D:\Wabbajack\modlists\Anvil\Stock Game\Data\Skyrim.esm,Skyrim.esm:0DC9DF,ArenaWagerFighterQuest,defined,yes,Skyrim.esm
CORE-0479,core,V02,V02-04,standard,Skyrim.esm,D:\Wabbajack\modlists\Anvil\Stock Game\Data\Skyrim.esm,Skyrim.esm:0DC53C,DA10MiscObjective,defined,yes,Skyrim.esm
CORE-0480,core,V02,V02-04,standard,Skyrim.esm,D:\Wabbajack\modlists\Anvil\Stock Game\Data\Skyrim.esm,Skyrim.esm:0DB851,FreeformCidhnaMineA,defined,yes,Skyrim.esm
CORE-0481,core,V02,V02-04,standard,Skyrim.esm,D:\Wabbajack\modlists\Anvil\Stock Game\Data\Skyrim.esm,Skyrim.esm:0D980B,dunPOITundraMarshDogQST,defined,yes,Skyrim.esm
CORE-0482,core,V02,V02-04,standard,Skyrim.esm,D:\Wabbajack\modlists\Anvil\Stock Game\Data\Skyrim.esm,Skyrim.esm:0D8BE2,DialogueWhiterunTempleTalkSoldier,defined,yes,Skyrim.esm
CORE-0483,core,V02,V02-04,standard,Skyrim.esm,D:\Wabbajack\modlists\Anvil\Stock Game\Data\Skyrim.esm,Skyrim.esm:0D8BE1,DialogueWhiterunTempleTalkFarmer,defined,yes,Skyrim.esm
CORE-0484,core,V02,V02-04,standard,Skyrim.esm,D:\Wabbajack\modlists\Anvil\Stock Game\Data\Skyrim.esm,Skyrim.esm:0D8BE0,DialogueWhiterunTempleHealFarmer,defined,yes,Skyrim.esm
CORE-0485,core,V02,V02-04,standard,Skyrim.esm,D:\Wabbajack\modlists\Anvil\Stock Game\Data\Skyrim.esm,Skyrim.esm:0D7D69,TGLeadership,defined,yes,Skyrim.esm
CORE-0486,core,V02,V02-04,standard,Skyrim.esm,D:\Wabbajack\modlists\Anvil\Stock Game\Data\Skyrim.esm,Skyrim.esm:0D7D5B,DialogueWhiterunTempleHealSoldier,defined,yes,Skyrim.esm
CORE-0487,core,V02,V02-04,standard,Skyrim.esm,D:\Wabbajack\modlists\Anvil\Stock Game\Data\Skyrim.esm,Skyrim.esm:0D7B12,ArenaCrowdQuest,defined,yes,Skyrim.esm
CORE-0488,core,V02,V02-04,standard,Skyrim.esm,D:\Wabbajack\modlists\Anvil\Stock Game\Data\Skyrim.esm,Skyrim.esm:0D7939,DA03Start,defined,yes,Skyrim.esm
CORE-0489,core,V02,V02-04,standard,Skyrim.esm,D:\Wabbajack\modlists\Anvil\Stock Game\Data\Skyrim.esm,Skyrim.esm:0D74FC,DialogueWhiterunTemple,defined,yes,Skyrim.esm
CORE-0490,core,V02,V02-04,standard,Skyrim.esm,D:\Wabbajack\modlists\Anvil\Stock Game\Data\Skyrim.esm,Skyrim.esm:0D7370,dunHillgrundsTombQSTFIN,defined,yes,Skyrim.esm
CORE-0491,core,V02,V02-04,standard,Skyrim.esm,D:\Wabbajack\modlists\Anvil\Stock Game\Data\Skyrim.esm,Skyrim.esm:0D6710,MS01ForswornThreatenScene,defined,yes,Skyrim.esm
CORE-0492,core,V02,V02-04,standard,Skyrim.esm,D:\Wabbajack\modlists\Anvil\Stock Game\Data\Skyrim.esm,Skyrim.esm:0D66F2,MS01GuardThreatenScene,defined,yes,Skyrim.esm
CORE-0493,core,V02,V02-04,existing-core-row,Skyrim.esm,D:\Wabbajack\modlists\Anvil\Stock Game\Data\Skyrim.esm,Skyrim.esm:0D661C,CW03,defined,yes,Skyrim.esm
CORE-0494,core,V02,V02-04,standard,Skyrim.esm,D:\Wabbajack\modlists\Anvil\Stock Game\Data\Skyrim.esm,Skyrim.esm:0D5F14,DialogueGuardsHBlocker,defined,yes,Skyrim.esm
CORE-0495,core,V02,V02-04,standard,Skyrim.esm,D:\Wabbajack\modlists\Anvil\Stock Game\Data\Skyrim.esm,Skyrim.esm:0D5F0A,CW01SolitudeMapTableScene,defined,yes,Skyrim.esm
CORE-0496,core,V02,V02-04,standard,Skyrim.esm,D:\Wabbajack\modlists\Anvil\Stock Game\Data\Skyrim.esm,Skyrim.esm:0D5F08,CWFortObserver,defined,yes,Skyrim.esm
CORE-0497,core,V02,V02-04,standard,Skyrim.esm,D:\Wabbajack\modlists\Anvil\Stock Game\Data\Skyrim.esm,Skyrim.esm:0D5602,dunCragslaneQST,defined,yes,Skyrim.esm
CORE-0498,core,V02,V02-04,existing-core-row,Skyrim.esm,D:\Wabbajack\modlists\Anvil\Stock Game\Data\Skyrim.esm,Skyrim.esm:0D517A,CW01A,defined,yes,Skyrim.esm
CORE-0499,core,V02,V02-04,standard,Skyrim.esm,D:\Wabbajack\modlists\Anvil\Stock Game\Data\Skyrim.esm,Skyrim.esm:0D5165,CW00SolitudeMapTableScene,defined,yes,Skyrim.esm
CORE-0500,core,V02,V02-04,standard,Skyrim.esm,D:\Wabbajack\modlists\Anvil\Stock Game\Data\Skyrim.esm,Skyrim.esm:0D45F4,T01DegaineFavor,defined,yes,Skyrim.esm
CORE-0501,core,V02,V02-04,standard,Skyrim.esm,D:\Wabbajack\modlists\Anvil\Stock Game\Data\Skyrim.esm,Skyrim.esm:0D3C5F,CW00A,defined,yes,Skyrim.esm
CORE-0502,core,V02,V02-04,standard,Skyrim.esm,D:\Wabbajack\modlists\Anvil\Stock Game\Data\Skyrim.esm,Skyrim.esm:0D2ABE,DialogueWhiterunCarlottaNazeemScene1,defined,yes,Skyrim.esm
CORE-0503,core,V02,V02-04,standard,Skyrim.esm,D:\Wabbajack\modlists\Anvil\Stock Game\Data\Skyrim.esm,Skyrim.esm:0D1958,MS01MiscObjectives,defined,yes,Skyrim.esm
CORE-0504,core,V02,V02-04,standard,Skyrim.esm,D:\Wabbajack\modlists\Anvil\Stock Game\Data\Skyrim.esm,Skyrim.esm:0D19B9,CompanionsMiscObjective,defined,yes,Skyrim.esm
CORE-0505,core,V02,V02-04,standard,Skyrim.esm,D:\Wabbajack\modlists\Anvil\Stock Game\Data\Skyrim.esm,Skyrim.esm:0D1984,DialogueWhiterunGuardGateStop,defined,yes,Skyrim.esm
CORE-0506,core,V02,V02-04,standard,Skyrim.esm,D:\Wabbajack\modlists\Anvil\Stock Game\Data\Skyrim.esm,Skyrim.esm:0D1444,CWFinale,defined,yes,Skyrim.esm
CORE-0507,core,V02,V02-04,existing-core-row,Skyrim.esm,D:\Wabbajack\modlists\Anvil\Stock Game\Data\Skyrim.esm,Skyrim.esm:0D0800,MQ103,defined,yes,Skyrim.esm
CORE-0508,core,V02,V02-04,standard,Skyrim.esm,D:\Wabbajack\modlists\Anvil\Stock Game\Data\Skyrim.esm,Skyrim.esm:0D0593,MQ101DragonAttack,defined,yes,Skyrim.esm
CORE-0509,core,V02,V02-04,standard,Skyrim.esm,D:\Wabbajack\modlists\Anvil\Stock Game\Data\Skyrim.esm,Skyrim.esm:0CF915,dunFrostmereCryptQST,defined,yes,Skyrim.esm
CORE-0510,core,V02,V02-04,standard,Skyrim.esm,D:\Wabbajack\modlists\Anvil\Stock Game\Data\Skyrim.esm,Skyrim.esm:0CD15A,DialogueMarkarthIntroArnleifandSonsScene,defined,yes,Skyrim.esm
CORE-0511,core,V02,V02-04,standard,Skyrim.esm,D:\Wabbajack\modlists\Anvil\Stock Game\Data\Skyrim.esm,Skyrim.esm:0CD13F,CidhnaMineJailEventScene,defined,yes,Skyrim.esm
CORE-0512,core,V02,V02-04,standard,Skyrim.esm,D:\Wabbajack\modlists\Anvil\Stock Game\Data\Skyrim.esm,Skyrim.esm:0CBA9A,BQ04,defined,yes,Skyrim.esm
CORE-0513,core,V02,V02-04,standard,Skyrim.esm,D:\Wabbajack\modlists\Anvil\Stock Game\Data\Skyrim.esm,Skyrim.esm:0CAB3C,dunArcherQST,defined,yes,Skyrim.esm
CORE-0514,core,V02,V02-04,standard,Skyrim.esm,D:\Wabbajack\modlists\Anvil\Stock Game\Data\Skyrim.esm,Skyrim.esm:0CA439,Favor110,defined,yes,Skyrim.esm
CORE-0515,core,V02,V02-04,standard,Skyrim.esm,D:\Wabbajack\modlists\Anvil\Stock Game\Data\Skyrim.esm,Skyrim.esm:0CA210,Favor017,defined,yes,Skyrim.esm
CORE-0516,core,V02,V02-04,standard,Skyrim.esm,D:\Wabbajack\modlists\Anvil\Stock Game\Data\Skyrim.esm,Skyrim.esm:0CA209,Favor013,defined,yes,Skyrim.esm
CORE-0517,core,V02,V02-04,standard,Skyrim.esm,D:\Wabbajack\modlists\Anvil\Stock Game\Data\Skyrim.esm,Skyrim.esm:0C9F08,MGMainQuestBridge,defined,yes,Skyrim.esm
CORE-0518,core,V02,V02-04,standard,Skyrim.esm,D:\Wabbajack\modlists\Anvil\Stock Game\Data\Skyrim.esm,Skyrim.esm:0C9A0E,MGRejoinQuest,defined,yes,Skyrim.esm
CORE-0519,core,V02,V02-04,standard,Skyrim.esm,D:\Wabbajack\modlists\Anvil\Stock Game\Data\Skyrim.esm,Skyrim.esm:0C99EF,TG00MiscHandler,defined,yes,Skyrim.esm
CORE-0520,core,V02,V02-04,standard,Skyrim.esm,D:\Wabbajack\modlists\Anvil\Stock Game\Data\Skyrim.esm,Skyrim.esm:0C97D9,C00GiantAttack,defined,yes,Skyrim.esm
CORE-0521,core,V02,V02-04,standard,Skyrim.esm,D:\Wabbajack\modlists\Anvil\Stock Game\Data\Skyrim.esm,Skyrim.esm:0C7919,WIGreeting,defined,yes,Skyrim.esm
CORE-0522,core,V02,V02-04,standard,Skyrim.esm,D:\Wabbajack\modlists\Anvil\Stock Game\Data\Skyrim.esm,Skyrim.esm:0C6E33,DialogueWhiterunHrongarProventus2,defined,yes,Skyrim.esm
CORE-0523,core,V02,V02-04,standard,Skyrim.esm,D:\Wabbajack\modlists\Anvil\Stock Game\Data\Skyrim.esm,Skyrim.esm:0C62A8,CWThreatCombatBarks,defined,yes,Skyrim.esm
CORE-0524,core,V02,V02-04,standard,Skyrim.esm,D:\Wabbajack\modlists\Anvil\Stock Game\Data\Skyrim.esm,Skyrim.esm:0C6020,DB11_dunKatariahQST,defined,yes,Skyrim.esm
CORE-0525,core,V02,V02-04,standard,Skyrim.esm,D:\Wabbajack\modlists\Anvil\Stock Game\Data\Skyrim.esm,Skyrim.esm:0C5940,T01Intro,defined,yes,Skyrim.esm
CORE-0526,core,V02,V02-04,standard,Skyrim.esm,D:\Wabbajack\modlists\Anvil\Stock Game\Data\Skyrim.esm,Skyrim.esm:0C4B19,MS10PostQuest,defined,yes,Skyrim.esm
CORE-0527,core,V02,V02-04,standard,Skyrim.esm,D:\Wabbajack\modlists\Anvil\Stock Game\Data\Skyrim.esm,Skyrim.esm:0C3709,dunNchuandZelQst,defined,yes,Skyrim.esm
CORE-0528,core,V02,V02-04,standard,Skyrim.esm,D:\Wabbajack\modlists\Anvil\Stock Game\Data\Skyrim.esm,Skyrim.esm:0C1ACC,dunRebelsCairnQST,defined,yes,Skyrim.esm
CORE-0529,core,V02,V02-04,standard,Skyrim.esm,D:\Wabbajack\modlists\Anvil\Stock Game\Data\Skyrim.esm,Skyrim.esm:0C1796,DialogueWhiterunDagnyFrothar1,defined,yes,Skyrim.esm
CORE-0530,core,V02,V02-04,standard,Skyrim.esm,D:\Wabbajack\modlists\Anvil\Stock Game\Data\Skyrim.esm,Skyrim.esm:0C07C1,dunNorthwatchKeepQST,defined,yes,Skyrim.esm
CORE-0531,core,V02,V02-04,standard,Skyrim.esm,D:\Wabbajack\modlists\Anvil\Stock Game\Data\Skyrim.esm,Skyrim.esm:0C06E5,DialogueWhiterunHrongarProventus1,defined,yes,Skyrim.esm
CORE-0532,core,V02,V02-04,standard,Skyrim.esm,D:\Wabbajack\modlists\Anvil\Stock Game\Data\Skyrim.esm,Skyrim.esm:0C06E3,DialogueWhiterunHrongarBalgruuf1,defined,yes,Skyrim.esm
CORE-0533,core,V02,V02-04,standard,Skyrim.esm,D:\Wabbajack\modlists\Anvil\Stock Game\Data\Skyrim.esm,Skyrim.esm:0C02F4,DialogueWhiterunProventusBalgruuf1,defined,yes,Skyrim.esm
CORE-0534,core,V02,V02-04,standard,Skyrim.esm,D:\Wabbajack\modlists\Anvil\Stock Game\Data\Skyrim.esm,Skyrim.esm:0C02F2,DialogueWhiterunIrilethBalgruuf1,defined,yes,Skyrim.esm
CORE-0535,core,V02,V02-04,standard,Skyrim.esm,D:\Wabbajack\modlists\Anvil\Stock Game\Data\Skyrim.esm,Skyrim.esm:0C02F0,DialogueWhiterunIrilethProventus1,defined,yes,Skyrim.esm
CORE-0536,core,V02,V02-04,standard,Skyrim.esm,D:\Wabbajack\modlists\Anvil\Stock Game\Data\Skyrim.esm,Skyrim.esm:0BD78C,BQ03,defined,yes,Skyrim.esm
CORE-0537,core,V02,V02-04,standard,Skyrim.esm,D:\Wabbajack\modlists\Anvil\Stock Game\Data\Skyrim.esm,Skyrim.esm:0BD788,BQShared,defined,yes,Skyrim.esm
CORE-0538,core,V02,V02-04,standard,Skyrim.esm,D:\Wabbajack\modlists\Anvil\Stock Game\Data\Skyrim.esm,Skyrim.esm:0BD77F,BQ02,defined,yes,Skyrim.esm
CORE-0539,core,V02,V02-04,standard,Skyrim.esm,D:\Wabbajack\modlists\Anvil\Stock Game\Data\Skyrim.esm,Skyrim.esm:0B70E5,WICommentMagicFlames,defined,yes,Skyrim.esm
CORE-0540,core,V02,V02-03,standard,Skyrim.esm,D:\Wabbajack\modlists\Anvil\Stock Game\Data\Skyrim.esm,Skyrim.esm:0AA9A9,MS07Rumor,defined,yes,Skyrim.esm
CORE-0541,core,V02,V02-03,standard,Skyrim.esm,D:\Wabbajack\modlists\Anvil\Stock Game\Data\Skyrim.esm,Skyrim.esm:0A81FE,C00DebugFollowerComeHere,defined,yes,Skyrim.esm
CORE-0542,core,V02,V02-03,standard,Skyrim.esm,D:\Wabbajack\modlists\Anvil\Stock Game\Data\Skyrim.esm,Skyrim.esm:0A800A,FavorJobsMineOre,defined,yes,Skyrim.esm
CORE-0543,core,V02,V02-03,standard,Skyrim.esm,D:\Wabbajack\modlists\Anvil\Stock Game\Data\Skyrim.esm,Skyrim.esm:0A8007,FavorJobsGatherWheat,defined,yes,Skyrim.esm
CORE-0544,core,V02,V02-03,standard,Skyrim.esm,D:\Wabbajack\modlists\Anvil\Stock Game\Data\Skyrim.esm,Skyrim.esm:0A3504,Favor157,defined,yes,Skyrim.esm
CORE-0545,core,V03A,V03A-01,standard,Skyrim.esm,D:\Wabbajack\modlists\Anvil\Stock Game\Data\Skyrim.esm,Skyrim.esm:0A34DE,Favor258,defined,no,HearthFires.esm
CORE-0546,core,V02,V02-03,standard,Skyrim.esm,D:\Wabbajack\modlists\Anvil\Stock Game\Data\Skyrim.esm,Skyrim.esm:0A34D7,Favor257,defined,yes,Skyrim.esm
CORE-0547,core,V03A,V03A-01,standard,Skyrim.esm,D:\Wabbajack\modlists\Anvil\Stock Game\Data\Skyrim.esm,Skyrim.esm:0A34D4,Favor256,defined,no,HearthFires.esm
CORE-0548,core,V03A,V03A-01,standard,Skyrim.esm,D:\Wabbajack\modlists\Anvil\Stock Game\Data\Skyrim.esm,Skyrim.esm:0A34CE,Favor255,defined,no,HearthFires.esm
CORE-0549,core,V02,V02-03,standard,Skyrim.esm,D:\Wabbajack\modlists\Anvil\Stock Game\Data\Skyrim.esm,Skyrim.esm:0A2CD8,DialogueWhiterunYsoldaBrenuinScene1,defined,yes,Skyrim.esm
CORE-0550,core,V02,V02-03,standard,Skyrim.esm,D:\Wabbajack\modlists\Anvil\Stock Game\Data\Skyrim.esm,Skyrim.esm:0A2CA6,Favor254,defined,yes,Skyrim.esm
CORE-0551,core,V02,V02-03,standard,Skyrim.esm,D:\Wabbajack\modlists\Anvil\Stock Game\Data\Skyrim.esm,Skyrim.esm:0A2C9E,Favor253,defined,yes,Skyrim.esm
CORE-0552,core,V02,V02-03,standard,Skyrim.esm,D:\Wabbajack\modlists\Anvil\Stock Game\Data\Skyrim.esm,Skyrim.esm:0A2C9B,Favor252,defined,yes,Skyrim.esm
CORE-0553,core,V02,V02-03,standard,Skyrim.esm,D:\Wabbajack\modlists\Anvil\Stock Game\Data\Skyrim.esm,Skyrim.esm:0A2C86,Favor250,defined,yes,Skyrim.esm
CORE-0554,core,V02,V02-03,standard,Skyrim.esm,D:\Wabbajack\modlists\Anvil\Stock Game\Data\Skyrim.esm,Skyrim.esm:0A2BCA,DialogueWhiterunCarlottaOlfinaScene1,defined,yes,Skyrim.esm
CORE-0555,core,V02,V02-03,standard,Skyrim.esm,D:\Wabbajack\modlists\Anvil\Stock Game\Data\Skyrim.esm,Skyrim.esm:0A2BC8,DialogueWhiterunCarlottaYsoldaScene1,defined,yes,Skyrim.esm
CORE-0556,core,V02,V02-03,standard,Skyrim.esm,D:\Wabbajack\modlists\Anvil\Stock Game\Data\Skyrim.esm,Skyrim.esm:0A2BC6,DialogueWhiterunCarlottaBrenuinScene1,defined,yes,Skyrim.esm
CORE-0557,core,V02,V02-03,standard,Skyrim.esm,D:\Wabbajack\modlists\Anvil\Stock Game\Data\Skyrim.esm,Skyrim.esm:0A2BC4,DialogueWhiterunAnoriathOlfinaScene1,defined,yes,Skyrim.esm
CORE-0558,core,V02,V02-03,standard,Skyrim.esm,D:\Wabbajack\modlists\Anvil\Stock Game\Data\Skyrim.esm,Skyrim.esm:0A2BC2,DialogueWhiterunAnoriathYsoldaScene1,defined,yes,Skyrim.esm
CORE-0559,core,V02,V02-03,standard,Skyrim.esm,D:\Wabbajack\modlists\Anvil\Stock Game\Data\Skyrim.esm,Skyrim.esm:0A2BC0,DialogueWhiterunAnoriathBrenuinScene1,defined,yes,Skyrim.esm
CORE-0560,core,V02,V02-03,standard,Skyrim.esm,D:\Wabbajack\modlists\Anvil\Stock Game\Data\Skyrim.esm,Skyrim.esm:0A2408,dunShriekwindQST,defined,yes,Skyrim.esm
CORE-0561,core,V02,V02-03,standard,Skyrim.esm,D:\Wabbajack\modlists\Anvil\Stock Game\Data\Skyrim.esm,Skyrim.esm:0A1A59,StormCallQuest,defined,yes,Skyrim.esm
CORE-0562,core,V02,V02-03,existing-core-row,Skyrim.esm,D:\Wabbajack\modlists\Anvil\Stock Game\Data\Skyrim.esm,Skyrim.esm:08998D,DA13,defined,yes,Skyrim.esm
CORE-0563,core,V02,V02-03,standard,Skyrim.esm,D:\Wabbajack\modlists\Anvil\Stock Game\Data\Skyrim.esm,Skyrim.esm:087E28,FavorJarlsMakeFriendsTrackEvent,defined,yes,Skyrim.esm
CORE-0564,core,V02,V02-03,standard,Skyrim.esm,D:\Wabbajack\modlists\Anvil\Stock Game\Data\Skyrim.esm,Skyrim.esm:087E24,FavorJarlsMakeFriends,defined,yes,Skyrim.esm
CORE-0565,core,V02,V02-03,standard,Skyrim.esm,D:\Wabbajack\modlists\Anvil\Stock Game\Data\Skyrim.esm,Skyrim.esm:07A282,TG04Brinewater,defined,yes,Skyrim.esm
CORE-0566,core,V02,V02-03,standard,Skyrim.esm,D:\Wabbajack\modlists\Anvil\Stock Game\Data\Skyrim.esm,Skyrim.esm:076335,FavorOrcsIntro,defined,yes,Skyrim.esm
CORE-0567,core,V02,V02-03,standard,Skyrim.esm,D:\Wabbajack\modlists\Anvil\Stock Game\Data\Skyrim.esm,Skyrim.esm:074A55,BardSongs,defined,yes,Skyrim.esm
CORE-0568,core,V02,V02-03,standard,Skyrim.esm,D:\Wabbajack\modlists\Anvil\Stock Game\Data\Skyrim.esm,Skyrim.esm:073FBC,DialogueWildernessNPCs,defined,yes,Skyrim.esm
CORE-0569,core,V02,V02-03,standard,Skyrim.esm,D:\Wabbajack\modlists\Anvil\Stock Game\Data\Skyrim.esm,Skyrim.esm:06434A,CWCitizensFlee,defined,yes,Skyrim.esm
CORE-0570,core,V03A,V03A-01,standard,Skyrim.esm,D:\Wabbajack\modlists\Anvil\Stock Game\Data\Skyrim.esm,Skyrim.esm:047420,DialogueGenericCommanded,defined,no,Update.esm
CORE-0571,core,V02,V02-01,standard,Skyrim.esm,D:\Wabbajack\modlists\Anvil\Stock Game\Data\Skyrim.esm,Skyrim.esm:027E2A,CreatureDialogueMammoth,defined,yes,Skyrim.esm
CORE-0572,core,V02,V02-01,standard,Skyrim.esm,D:\Wabbajack\modlists\Anvil\Stock Game\Data\Skyrim.esm,Skyrim.esm:01E3C8,ClearSkiesChangeLocationQuest,defined,yes,Skyrim.esm
CORE-0573,core,V02,V02-01,standard,Skyrim.esm,D:\Wabbajack\modlists\Anvil\Stock Game\Data\Skyrim.esm,Skyrim.esm:01E3B1,ClearSkiesQuest,defined,yes,Skyrim.esm
CORE-0574,core,V02,V02-01,existing-core-row,Skyrim.esm,D:\Wabbajack\modlists\Anvil\Stock Game\Data\Skyrim.esm,Skyrim.esm:018601,dunHunterQST,defined,yes,Skyrim.esm
CORE-0575,core,V02,V02-01,standard,Skyrim.esm,D:\Wabbajack\modlists\Anvil\Stock Game\Data\Skyrim.esm,Skyrim.esm:0180C3,CreatureDialogueGoat,defined,yes,Skyrim.esm
CORE-0576,core,V02,V02-01,standard,Skyrim.esm,D:\Wabbajack\modlists\Anvil\Stock Game\Data\Skyrim.esm,Skyrim.esm:016C8D,MS05_dunDeadMensRespiteQST,defined,yes,Skyrim.esm
CORE-0577,core,V02,V02-01,standard,Skyrim.esm,D:\Wabbajack\modlists\Anvil\Stock Game\Data\Skyrim.esm,Skyrim.esm:031893,DialogueDawnstarIntroBrinaHorikSkaldScene,defined,yes,Skyrim.esm
CORE-0578,core,V02,V02-03,standard,Skyrim.esm,D:\Wabbajack\modlists\Anvil\Stock Game\Data\Skyrim.esm,Skyrim.esm:09CA10,DialogueMarkarthGenericScene03,defined,yes,Skyrim.esm
CORE-0579,core,V02,V02-03,standard,Skyrim.esm,D:\Wabbajack\modlists\Anvil\Stock Game\Data\Skyrim.esm,Skyrim.esm:09CA0E,DialogueMarkarthGenericScene02,defined,yes,Skyrim.esm
CORE-0580,core,V02,V02-03,standard,Skyrim.esm,D:\Wabbajack\modlists\Anvil\Stock Game\Data\Skyrim.esm,Skyrim.esm:09CA0C,DialogueMarkarthGenericScene01,defined,yes,Skyrim.esm
CORE-0581,core,V02,V02-03,standard,Skyrim.esm,D:\Wabbajack\modlists\Anvil\Stock Game\Data\Skyrim.esm,Skyrim.esm:099F27,MGRitual03,defined,yes,Skyrim.esm
CORE-0582,core,V02,V02-03,standard,Skyrim.esm,D:\Wabbajack\modlists\Anvil\Stock Game\Data\Skyrim.esm,Skyrim.esm:09976E,FreeformDushnikhYalA,defined,yes,Skyrim.esm
CORE-0583,core,V02,V02-03,standard,Skyrim.esm,D:\Wabbajack\modlists\Anvil\Stock Game\Data\Skyrim.esm,Skyrim.esm:0987A4,DialogueLeftHandMineIntroScene,defined,yes,Skyrim.esm
CORE-0584,core,V02,V02-03,standard,Skyrim.esm,D:\Wabbajack\modlists\Anvil\Stock Game\Data\Skyrim.esm,Skyrim.esm:095125,BQ01,defined,yes,Skyrim.esm
CORE-0585,core,V02,V02-03,standard,Skyrim.esm,D:\Wabbajack\modlists\Anvil\Stock Game\Data\Skyrim.esm,Skyrim.esm:0931BF,FreeformSalviusFarmA,defined,yes,Skyrim.esm
CORE-0586,core,V02,V02-03,standard,Skyrim.esm,D:\Wabbajack\modlists\Anvil\Stock Game\Data\Skyrim.esm,Skyrim.esm:08ADFA,dunVolunruudQST,defined,yes,Skyrim.esm
CORE-0587,core,V02,V02-03,standard,Skyrim.esm,D:\Wabbajack\modlists\Anvil\Stock Game\Data\Skyrim.esm,Skyrim.esm:084ABD,TG02B,defined,yes,Skyrim.esm
CORE-0588,core,V02,V02-03,standard,Skyrim.esm,D:\Wabbajack\modlists\Anvil\Stock Game\Data\Skyrim.esm,Skyrim.esm:0790E1,FreeformMarkarthJ,defined,yes,Skyrim.esm
CORE-0589,core,V02,V02-03,standard,Skyrim.esm,D:\Wabbajack\modlists\Anvil\Stock Game\Data\Skyrim.esm,Skyrim.esm:0753CA,WE31,defined,yes,Skyrim.esm
CORE-0590,core,V02,V02-03,standard,Skyrim.esm,D:\Wabbajack\modlists\Anvil\Stock Game\Data\Skyrim.esm,Skyrim.esm:0753A1,FreeformMarkarthE,defined,yes,Skyrim.esm
CORE-0591,core,V02,V02-03,standard,Skyrim.esm,D:\Wabbajack\modlists\Anvil\Stock Game\Data\Skyrim.esm,Skyrim.esm:075399,FreeformMarkarthD,defined,yes,Skyrim.esm
CORE-0592,core,V02,V02-02,standard,Skyrim.esm,D:\Wabbajack\modlists\Anvil\Stock Game\Data\Skyrim.esm,Skyrim.esm:054D0A,MG01Pointer,defined,yes,Skyrim.esm
CORE-0593,core,V02,V02-03,standard,Skyrim.esm,D:\Wabbajack\modlists\Anvil\Stock Game\Data\Skyrim.esm,Skyrim.esm:07492E,WE29,defined,yes,Skyrim.esm
CORE-0594,core,V02,V02-03,standard,Skyrim.esm,D:\Wabbajack\modlists\Anvil\Stock Game\Data\Skyrim.esm,Skyrim.esm:07492B,WE28,defined,yes,Skyrim.esm
CORE-0595,core,V02,V02-03,standard,Skyrim.esm,D:\Wabbajack\modlists\Anvil\Stock Game\Data\Skyrim.esm,Skyrim.esm:074928,WE27,defined,yes,Skyrim.esm
CORE-0596,core,V02,V02-03,standard,Skyrim.esm,D:\Wabbajack\modlists\Anvil\Stock Game\Data\Skyrim.esm,Skyrim.esm:0731E9,CaravanScene8,defined,yes,Skyrim.esm
CORE-0597,core,V02,V02-03,standard,Skyrim.esm,D:\Wabbajack\modlists\Anvil\Stock Game\Data\Skyrim.esm,Skyrim.esm:0731E8,CaravanScene7,defined,yes,Skyrim.esm
CORE-0598,core,V02,V02-03,standard,Skyrim.esm,D:\Wabbajack\modlists\Anvil\Stock Game\Data\Skyrim.esm,Skyrim.esm:0731E7,CaravanScene6,defined,yes,Skyrim.esm
CORE-0599,core,V02,V02-03,standard,Skyrim.esm,D:\Wabbajack\modlists\Anvil\Stock Game\Data\Skyrim.esm,Skyrim.esm:0731E6,CaravanScene5,defined,yes,Skyrim.esm
CORE-0600,core,V02,V02-03,standard,Skyrim.esm,D:\Wabbajack\modlists\Anvil\Stock Game\Data\Skyrim.esm,Skyrim.esm:0731E5,CaravanScene4,defined,yes,Skyrim.esm
CORE-0601,core,V02,V02-03,standard,Skyrim.esm,D:\Wabbajack\modlists\Anvil\Stock Game\Data\Skyrim.esm,Skyrim.esm:0731E4,CaravanScene3,defined,yes,Skyrim.esm
CORE-0602,core,V02,V02-03,standard,Skyrim.esm,D:\Wabbajack\modlists\Anvil\Stock Game\Data\Skyrim.esm,Skyrim.esm:0731E2,CaravanScene2,defined,yes,Skyrim.esm
CORE-0603,core,V02,V02-03,standard,Skyrim.esm,D:\Wabbajack\modlists\Anvil\Stock Game\Data\Skyrim.esm,Skyrim.esm:0731CF,CaravanScene1,defined,yes,Skyrim.esm
CORE-0604,core,V02,V02-03,standard,Skyrim.esm,D:\Wabbajack\modlists\Anvil\Stock Game\Data\Skyrim.esm,Skyrim.esm:072206,dunShroudHearthBarrowQST,defined,yes,Skyrim.esm
CORE-0605,core,V02,V02-03,standard,Skyrim.esm,D:\Wabbajack\modlists\Anvil\Stock Game\Data\Skyrim.esm,Skyrim.esm:06A3D5,T03Intro,defined,yes,Skyrim.esm
CORE-0606,core,V02,V02-02,standard,Skyrim.esm,D:\Wabbajack\modlists\Anvil\Stock Game\Data\Skyrim.esm,Skyrim.esm:062131,WE25,defined,yes,Skyrim.esm
CORE-0607,core,V02,V02-02,standard,Skyrim.esm,D:\Wabbajack\modlists\Anvil\Stock Game\Data\Skyrim.esm,Skyrim.esm:062119,WE24,defined,yes,Skyrim.esm
CORE-0608,core,V02,V02-02,standard,Skyrim.esm,D:\Wabbajack\modlists\Anvil\Stock Game\Data\Skyrim.esm,Skyrim.esm:062103,WE23,defined,yes,Skyrim.esm
CORE-0609,core,V02,V02-02,standard,Skyrim.esm,D:\Wabbajack\modlists\Anvil\Stock Game\Data\Skyrim.esm,Skyrim.esm:060026,FavorJobsBeggars,defined,yes,Skyrim.esm
CORE-0610,core,V02,V02-02,standard,Skyrim.esm,D:\Wabbajack\modlists\Anvil\Stock Game\Data\Skyrim.esm,Skyrim.esm:05E93E,WE22,defined,yes,Skyrim.esm
CORE-0611,core,V02,V02-02,standard,Skyrim.esm,D:\Wabbajack\modlists\Anvil\Stock Game\Data\Skyrim.esm,Skyrim.esm:05CE25,DialogueRiftenSS05,defined,yes,Skyrim.esm
CORE-0612,core,V02,V02-02,standard,Skyrim.esm,D:\Wabbajack\modlists\Anvil\Stock Game\Data\Skyrim.esm,Skyrim.esm:050CE3,WIDragonKilled,defined,yes,Skyrim.esm
CORE-0613,core,V02,V02-02,standard,Skyrim.esm,D:\Wabbajack\modlists\Anvil\Stock Game\Data\Skyrim.esm,Skyrim.esm:050AF1,WIChangeLocation09,defined,yes,Skyrim.esm
CORE-0614,core,V02,V02-02,standard,Skyrim.esm,D:\Wabbajack\modlists\Anvil\Stock Game\Data\Skyrim.esm,Skyrim.esm:04EF25,TG00SPArrest,defined,yes,Skyrim.esm
CORE-0615,core,V02,V02-02,standard,Skyrim.esm,D:\Wabbajack\modlists\Anvil\Stock Game\Data\Skyrim.esm,Skyrim.esm:04EEF6,WEWIKill06,defined,yes,Skyrim.esm
CORE-0616,core,V03A,V03A-01,standard,Skyrim.esm,D:\Wabbajack\modlists\Anvil\Stock Game\Data\Skyrim.esm,Skyrim.esm:04EEF5,WIKill06,defined,no,Update.esm
CORE-0617,core,V02,V02-02,standard,Skyrim.esm,D:\Wabbajack\modlists\Anvil\Stock Game\Data\Skyrim.esm,Skyrim.esm:04EC52,RoriksteadFreeform,defined,yes,Skyrim.esm
CORE-0618,core,V03A,V03A-01,standard,Skyrim.esm,D:\Wabbajack\modlists\Anvil\Stock Game\Data\Skyrim.esm,Skyrim.esm:04BCF1,WIChangeLocation08,defined,no,HearthFires.esm
CORE-0619,core,V03A,V03A-01,standard,Skyrim.esm,D:\Wabbajack\modlists\Anvil\Stock Game\Data\Skyrim.esm,Skyrim.esm:04B869,WIGamesHideAndSeek,defined,no,HearthFires.esm
CORE-0620,core,V02,V02-02,standard,Skyrim.esm,D:\Wabbajack\modlists\Anvil\Stock Game\Data\Skyrim.esm,Skyrim.esm:042868,MS05Start,defined,yes,Skyrim.esm
CORE-0621,core,V02,V02-02,standard,Skyrim.esm,D:\Wabbajack\modlists\Anvil\Stock Game\Data\Skyrim.esm,Skyrim.esm:0427A0,dunDA14MorvunskarQST,defined,yes,Skyrim.esm
CORE-0622,core,V02,V02-01,standard,Skyrim.esm,D:\Wabbajack\modlists\Anvil\Stock Game\Data\Skyrim.esm,Skyrim.esm:02E8F1,CWGarrisonObserver3,defined,yes,Skyrim.esm
CORE-0623,core,V02,V02-01,standard,Skyrim.esm,D:\Wabbajack\modlists\Anvil\Stock Game\Data\Skyrim.esm,Skyrim.esm:02E8F0,CWGarrisonObserver2,defined,yes,Skyrim.esm
CORE-0624,core,V02,V02-01,standard,Skyrim.esm,D:\Wabbajack\modlists\Anvil\Stock Game\Data\Skyrim.esm,Skyrim.esm:02AFD7,CreatureDialogueFrostbiteSpiderGiant,defined,yes,Skyrim.esm
CORE-0625,core,V02,V02-01,standard,Skyrim.esm,D:\Wabbajack\modlists\Anvil\Stock Game\Data\Skyrim.esm,Skyrim.esm:02994C,CWGarrisonObserver1,defined,yes,Skyrim.esm
CORE-0626,core,V02,V02-01,standard,Skyrim.esm,D:\Wabbajack\modlists\Anvil\Stock Game\Data\Skyrim.esm,Skyrim.esm:029940,CWObj,defined,yes,Skyrim.esm
CORE-0627,core,V02,V02-04,standard,Skyrim.esm,D:\Wabbajack\modlists\Anvil\Stock Game\Data\Skyrim.esm,Skyrim.esm:0BF20F,FavorJobsChopWood,defined,yes,Skyrim.esm
CORE-0628,core,V02,V02-04,standard,Skyrim.esm,D:\Wabbajack\modlists\Anvil\Stock Game\Data\Skyrim.esm,Skyrim.esm:0BE159,BardSongStarter,defined,yes,Skyrim.esm
CORE-0629,core,V02,V02-04,standard,Skyrim.esm,D:\Wabbajack\modlists\Anvil\Stock Game\Data\Skyrim.esm,Skyrim.esm:0BCC94,HirelingQuest,defined,yes,Skyrim.esm
CORE-0630,core,V02,V02-04,standard,Skyrim.esm,D:\Wabbajack\modlists\Anvil\Stock Game\Data\Skyrim.esm,Skyrim.esm:0BC8B7,DB01Objective,defined,yes,Skyrim.esm
CORE-0631,core,V02,V02-04,standard,Skyrim.esm,D:\Wabbajack\modlists\Anvil\Stock Game\Data\Skyrim.esm,Skyrim.esm:0BC8B6,DB01MiscObjective,defined,yes,Skyrim.esm
CORE-0632,core,V02,V02-04,standard,Skyrim.esm,D:\Wabbajack\modlists\Anvil\Stock Game\Data\Skyrim.esm,Skyrim.esm:0BAC24,MS11Kicker,defined,yes,Skyrim.esm
CORE-0633,core,V02,V02-04,standard,Skyrim.esm,D:\Wabbajack\modlists\Anvil\Stock Game\Data\Skyrim.esm,Skyrim.esm:0BA542,DialogueOrcHuntersHellosAndSharedInfos,defined,yes,Skyrim.esm
CORE-0634,core,V02,V02-04,standard,Skyrim.esm,D:\Wabbajack\modlists\Anvil\Stock Game\Data\Skyrim.esm,Skyrim.esm:0BA53C,DialogueOrcHunters,defined,yes,Skyrim.esm
CORE-0635,core,V02,V02-04,standard,Skyrim.esm,D:\Wabbajack\modlists\Anvil\Stock Game\Data\Skyrim.esm,Skyrim.esm:0B8C9F,dunRobbersGorgeQST,defined,yes,Skyrim.esm
CORE-0636,core,V02,V02-04,standard,Skyrim.esm,D:\Wabbajack\modlists\Anvil\Stock Game\Data\Skyrim.esm,Skyrim.esm:0B8831,TG04ActorKiIllMonitor,defined,yes,Skyrim.esm
CORE-0637,core,V02,V02-04,standard,Skyrim.esm,D:\Wabbajack\modlists\Anvil\Stock Game\Data\Skyrim.esm,Skyrim.esm:0B8830,TG03ActorKillMonitor,defined,yes,Skyrim.esm
CORE-0638,core,V02,V02-04,standard,Skyrim.esm,D:\Wabbajack\modlists\Anvil\Stock Game\Data\Skyrim.esm,Skyrim.esm:0B882F,TG01ActorKillMonitor,defined,yes,Skyrim.esm
CORE-0639,core,V02,V02-04,standard,Skyrim.esm,D:\Wabbajack\modlists\Anvil\Stock Game\Data\Skyrim.esm,Skyrim.esm:0B882D,TG00ArrestMonitor,defined,yes,Skyrim.esm
CORE-0640,core,V03A,V03A-01,standard,Skyrim.esm,D:\Wabbajack\modlists\Anvil\Stock Game\Data\Skyrim.esm,Skyrim.esm:0B8774,DialogueCombatEncounterTypes,defined,no,Update.esm
CORE-0641,core,V02,V02-04,standard,Skyrim.esm,D:\Wabbajack\modlists\Anvil\Stock Game\Data\Skyrim.esm,Skyrim.esm:0B7C01,dunRaldbtharQST,defined,yes,Skyrim.esm
CORE-0642,core,V02,V02-04,standard,Skyrim.esm,D:\Wabbajack\modlists\Anvil\Stock Game\Data\Skyrim.esm,Skyrim.esm:0B7304,DialogueRiftenRaggedFlagonScene12,defined,yes,Skyrim.esm
CORE-0643,core,V02,V02-04,standard,Skyrim.esm,D:\Wabbajack\modlists\Anvil\Stock Game\Data\Skyrim.esm,Skyrim.esm:0B7302,DialogueRiftenBeeAndBarbScene14,defined,yes,Skyrim.esm
CORE-0644,core,V02,V02-04,standard,Skyrim.esm,D:\Wabbajack\modlists\Anvil\Stock Game\Data\Skyrim.esm,Skyrim.esm:0B6FEF,dunEmbershardQST,defined,yes,Skyrim.esm
CORE-0645,core,V02,V02-04,standard,Skyrim.esm,D:\Wabbajack\modlists\Anvil\Stock Game\Data\Skyrim.esm,Skyrim.esm:0B668C,DialogueRiftenSS04,defined,yes,Skyrim.esm
CORE-0646,core,V02,V02-04,standard,Skyrim.esm,D:\Wabbajack\modlists\Anvil\Stock Game\Data\Skyrim.esm,Skyrim.esm:0B6688,DialogueRiftenGrandPlazaScene10,defined,yes,Skyrim.esm
CORE-0647,core,V02,V02-04,standard,Skyrim.esm,D:\Wabbajack\modlists\Anvil\Stock Game\Data\Skyrim.esm,Skyrim.esm:0B6686,DialogueRiftenBeeAndBarbScene13,defined,yes,Skyrim.esm
CORE-0648,core,V02,V02-04,standard,Skyrim.esm,D:\Wabbajack\modlists\Anvil\Stock Game\Data\Skyrim.esm,Skyrim.esm:0B62D0,DialogueWindhelmPalaceScene9,defined,yes,Skyrim.esm
CORE-0649,core,V02,V02-04,standard,Skyrim.esm,D:\Wabbajack\modlists\Anvil\Stock Game\Data\Skyrim.esm,Skyrim.esm:0B62BC,DialogueWindhelmCandlehearthScene7,defined,yes,Skyrim.esm
CORE-0650,core,V02,V02-04,standard,Skyrim.esm,D:\Wabbajack\modlists\Anvil\Stock Game\Data\Skyrim.esm,Skyrim.esm:0B62B8,DialogueWindhelmCandlehearthScene6,defined,yes,Skyrim.esm
CORE-0651,core,V02,V02-04,standard,Skyrim.esm,D:\Wabbajack\modlists\Anvil\Stock Game\Data\Skyrim.esm,Skyrim.esm:0B627D,C06PostQuest,defined,yes,Skyrim.esm
CORE-0652,core,V02,V02-04,standard,Skyrim.esm,D:\Wabbajack\modlists\Anvil\Stock Game\Data\Skyrim.esm,Skyrim.esm:0B6031,MS13Intro,defined,yes,Skyrim.esm
CORE-0653,core,V02,V02-04,standard,Skyrim.esm,D:\Wabbajack\modlists\Anvil\Stock Game\Data\Skyrim.esm,Skyrim.esm:0B5D84,CreatureDialogueAtronachFlame,defined,yes,Skyrim.esm
CORE-0654,core,V02,V02-04,standard,Skyrim.esm,D:\Wabbajack\modlists\Anvil\Stock Game\Data\Skyrim.esm,Skyrim.esm:0B48FB,DA02DeadBody,defined,yes,Skyrim.esm
CORE-0655,core,V02,V02-04,standard,Skyrim.esm,D:\Wabbajack\modlists\Anvil\Stock Game\Data\Skyrim.esm,Skyrim.esm:0B3E56,DA02GuardWarn,defined,yes,Skyrim.esm
CORE-0656,core,V02,V02-04,standard,Skyrim.esm,D:\Wabbajack\modlists\Anvil\Stock Game\Data\Skyrim.esm,Skyrim.esm:0B3E08,C03PostQuest,defined,yes,Skyrim.esm
CORE-0657,core,V02,V02-04,standard,Skyrim.esm,D:\Wabbajack\modlists\Anvil\Stock Game\Data\Skyrim.esm,Skyrim.esm:0B3248,DialogueWinterholdCollegeDormitoryScene11,defined,yes,Skyrim.esm
CORE-0658,core,V02,V02-04,standard,Skyrim.esm,D:\Wabbajack\modlists\Anvil\Stock Game\Data\Skyrim.esm,Skyrim.esm:0B3242,DialogueWinterholdCollegeDormitoryScene10,defined,yes,Skyrim.esm
CORE-0659,core,V02,V02-04,standard,Skyrim.esm,D:\Wabbajack\modlists\Anvil\Stock Game\Data\Skyrim.esm,Skyrim.esm:0B3240,DialogueWinterholdCollegeGHallScene06,defined,yes,Skyrim.esm
CORE-0660,core,V02,V02-04,standard,Skyrim.esm,D:\Wabbajack\modlists\Anvil\Stock Game\Data\Skyrim.esm,Skyrim.esm:0B3233,MGRitual02,defined,yes,Skyrim.esm
CORE-0661,core,V02,V02-04,standard,Skyrim.esm,D:\Wabbajack\modlists\Anvil\Stock Game\Data\Skyrim.esm,Skyrim.esm:0B31E6,TGPost,defined,yes,Skyrim.esm
CORE-0662,core,V02,V02-04,standard,Skyrim.esm,D:\Wabbajack\modlists\Anvil\Stock Game\Data\Skyrim.esm,Skyrim.esm:0B2FD9,SolitudeOpening,defined,yes,Skyrim.esm
CORE-0663,core,V02,V02-04,standard,Skyrim.esm,D:\Wabbajack\modlists\Anvil\Stock Game\Data\Skyrim.esm,Skyrim.esm:0B2976,TGPre,defined,yes,Skyrim.esm
CORE-0664,core,V02,V02-04,standard,Skyrim.esm,D:\Wabbajack\modlists\Anvil\Stock Game\Data\Skyrim.esm,Skyrim.esm:0B2174,DialogueWinterholdInitialScene,defined,yes,Skyrim.esm
CORE-0665,core,V02,V02-04,standard,Skyrim.esm,D:\Wabbajack\modlists\Anvil\Stock Game\Data\Skyrim.esm,Skyrim.esm:0B18E1,DA02ChangeLoc,defined,yes,Skyrim.esm
CORE-0666,core,V02,V02-04,standard,Skyrim.esm,D:\Wabbajack\modlists\Anvil\Stock Game\Data\Skyrim.esm,Skyrim.esm:0B113D,DialogueWinterholdInnSceneINITIAL,defined,yes,Skyrim.esm
CORE-0667,core,V02,V02-04,standard,Skyrim.esm,D:\Wabbajack\modlists\Anvil\Stock Game\Data\Skyrim.esm,Skyrim.esm:0B0F5B,dunLostValleyRedoubtQST,defined,yes,Skyrim.esm
CORE-0668,core,V02,V02-04,standard,Skyrim.esm,D:\Wabbajack\modlists\Anvil\Stock Game\Data\Skyrim.esm,Skyrim.esm:0B03A2,TGBan,defined,yes,Skyrim.esm
CORE-0669,core,V02,V02-04,standard,Skyrim.esm,D:\Wabbajack\modlists\Anvil\Stock Game\Data\Skyrim.esm,Skyrim.esm:0B0270,FavorJobsDrunksScene,defined,yes,Skyrim.esm
CORE-0670,core,V02,V02-04,standard,Skyrim.esm,D:\Wabbajack\modlists\Anvil\Stock Game\Data\Skyrim.esm,Skyrim.esm:0B026D,FavorJobsDrunks,defined,yes,Skyrim.esm
CORE-0671,core,V02,V02-04,standard,Skyrim.esm,D:\Wabbajack\modlists\Anvil\Stock Game\Data\Skyrim.esm,Skyrim.esm:0B0225,DialogueMarkarthDragonsKeepStormcloakScene01,defined,yes,Skyrim.esm
CORE-0672,core,V02,V02-04,standard,Skyrim.esm,D:\Wabbajack\modlists\Anvil\Stock Game\Data\Skyrim.esm,Skyrim.esm:0B0223,DialogueMarkarthDragonsKeepImperialScene01,defined,yes,Skyrim.esm
CORE-0673,core,V02,V02-04,standard,Skyrim.esm,D:\Wabbajack\modlists\Anvil\Stock Game\Data\Skyrim.esm,Skyrim.esm:0B0221,DialogueMarkarthDragonsMarketScene01,defined,yes,Skyrim.esm
CORE-0674,core,V02,V02-04,standard,Skyrim.esm,D:\Wabbajack\modlists\Anvil\Stock Game\Data\Skyrim.esm,Skyrim.esm:0B021F,DialogueMarkarthDragonsSmelterScene01,defined,yes,Skyrim.esm
CORE-0675,core,V02,V02-04,standard,Skyrim.esm,D:\Wabbajack\modlists\Anvil\Stock Game\Data\Skyrim.esm,Skyrim.esm:0AF772,DialogueMarkarthSmelterOmluagHathrasil03,defined,yes,Skyrim.esm
CORE-0676,core,V02,V02-04,standard,Skyrim.esm,D:\Wabbajack\modlists\Anvil\Stock Game\Data\Skyrim.esm,Skyrim.esm:0AF75F,MS01IntroWorldScene,defined,yes,Skyrim.esm
CORE-0677,core,V02,V02-04,standard,Skyrim.esm,D:\Wabbajack\modlists\Anvil\Stock Game\Data\Skyrim.esm,Skyrim.esm:0AEC22,DA11IntroScene,defined,yes,Skyrim.esm
CORE-0678,core,V02,V02-04,standard,Skyrim.esm,D:\Wabbajack\modlists\Anvil\Stock Game\Data\Skyrim.esm,Skyrim.esm:0AE77E,DialogueWhistlingMine,defined,yes,Skyrim.esm
CORE-0679,core,V02,V02-04,standard,Skyrim.esm,D:\Wabbajack\modlists\Anvil\Stock Game\Data\Skyrim.esm,Skyrim.esm:0AE014,dunBardsLeapSummitQST,defined,yes,Skyrim.esm
CORE-0680,core,V03A,V03A-01,standard,Skyrim.esm,D:\Wabbajack\modlists\Anvil\Stock Game\Data\Skyrim.esm,Skyrim.esm:0AE004,WIGamesTag,defined,no,HearthFires.esm
CORE-0681,core,V02,V02-04,standard,Skyrim.esm,D:\Wabbajack\modlists\Anvil\Stock Game\Data\Skyrim.esm,Skyrim.esm:0ADC8C,WIKill05,defined,yes,Skyrim.esm
CORE-0682,core,V02,V02-04,standard,Skyrim.esm,D:\Wabbajack\modlists\Anvil\Stock Game\Data\Skyrim.esm,Skyrim.esm:0AD39D,C04JorrvaskrCommotion,defined,yes,Skyrim.esm
CORE-0683,core,V02,V02-04,standard,Skyrim.esm,D:\Wabbajack\modlists\Anvil\Stock Game\Data\Skyrim.esm,Skyrim.esm:0AD39C,CompanionsBrawlingQuest,defined,yes,Skyrim.esm
CORE-0684,core,V02,V02-04,standard,Skyrim.esm,D:\Wabbajack\modlists\Anvil\Stock Game\Data\Skyrim.esm,Skyrim.esm:0AC9D1,TGStatus,defined,yes,Skyrim.esm
CORE-0685,core,V02,V02-04,standard,Skyrim.esm,D:\Wabbajack\modlists\Anvil\Stock Game\Data\Skyrim.esm,Skyrim.esm:0AC9BF,WESharedDialogue,defined,yes,Skyrim.esm
CORE-0686,core,V02,V02-04,standard,Skyrim.esm,D:\Wabbajack\modlists\Anvil\Stock Game\Data\Skyrim.esm,Skyrim.esm:0ABF3A,CreatureDialogueAtronachStorm,defined,yes,Skyrim.esm
CORE-0687,core,V02,V02-04,standard,Skyrim.esm,D:\Wabbajack\modlists\Anvil\Stock Game\Data\Skyrim.esm,Skyrim.esm:0ABD94,PerkInvestor,defined,yes,Skyrim.esm
CORE-0688,core,V02,V02-04,standard,Skyrim.esm,D:\Wabbajack\modlists\Anvil\Stock Game\Data\Skyrim.esm,Skyrim.esm:0AB3FA,WICastMagic02,defined,yes,Skyrim.esm
CORE-0689,core,V02,V02-03,standard,Skyrim.esm,D:\Wabbajack\modlists\Anvil\Stock Game\Data\Skyrim.esm,Skyrim.esm:0AB3F7,WICommentMagicDangerous,defined,yes,Skyrim.esm
CORE-0690,core,V02,V02-03,standard,Skyrim.esm,D:\Wabbajack\modlists\Anvil\Stock Game\Data\Skyrim.esm,Skyrim.esm:0AA5D6,dunLiarsRetreatQST,defined,yes,Skyrim.esm
CORE-0691,core,V02,V02-03,standard,Skyrim.esm,D:\Wabbajack\modlists\Anvil\Stock Game\Data\Skyrim.esm,Skyrim.esm:0AA0B3,DialogueRiftenSS01,defined,yes,Skyrim.esm
CORE-0692,core,V02,V02-03,standard,Skyrim.esm,D:\Wabbajack\modlists\Anvil\Stock Game\Data\Skyrim.esm,Skyrim.esm:0A9B1D,WICommentMagicColorful,defined,yes,Skyrim.esm
CORE-0693,core,V02,V02-03,standard,Skyrim.esm,D:\Wabbajack\modlists\Anvil\Stock Game\Data\Skyrim.esm,Skyrim.esm:0A9209,CreatureDialogueSpriggan,defined,yes,Skyrim.esm
CORE-0694,core,V02,V02-03,standard,Skyrim.esm,D:\Wabbajack\modlists\Anvil\Stock Game\Data\Skyrim.esm,Skyrim.esm:0A8658,WICommentSneaking,defined,yes,Skyrim.esm
CORE-0695,core,V02,V02-03,standard,Skyrim.esm,D:\Wabbajack\modlists\Anvil\Stock Game\Data\Skyrim.esm,Skyrim.esm:0A8655,WICommentNaked,defined,yes,Skyrim.esm
CORE-0696,core,V02,V02-03,standard,Skyrim.esm,D:\Wabbajack\modlists\Anvil\Stock Game\Data\Skyrim.esm,Skyrim.esm:0A8651,WICommentCollegeRobes,defined,yes,Skyrim.esm
CORE-0697,core,V02,V02-03,standard,Skyrim.esm,D:\Wabbajack\modlists\Anvil\Stock Game\Data\Skyrim.esm,Skyrim.esm:0A85C9,CreatureDialogueWolf,defined,yes,Skyrim.esm
CORE-0698,core,V03A,V03A-01,standard,Skyrim.esm,D:\Wabbajack\modlists\Anvil\Stock Game\Data\Skyrim.esm,Skyrim.esm:0A7B33,HousePurchase,defined,no,HearthFires.esm
CORE-0699,core,V02,V02-03,standard,Skyrim.esm,D:\Wabbajack\modlists\Anvil\Stock Game\Data\Skyrim.esm,Skyrim.esm:0A7921,MQ201RecoverGearMISC,defined,yes,Skyrim.esm
CORE-0700,core,V02,V02-03,standard,Skyrim.esm,D:\Wabbajack\modlists\Anvil\Stock Game\Data\Skyrim.esm,Skyrim.esm:0A4E82,MGRitual01,defined,yes,Skyrim.esm
CORE-0701,core,V02,V02-03,standard,Skyrim.esm,D:\Wabbajack\modlists\Anvil\Stock Game\Data\Skyrim.esm,Skyrim.esm:0A409D,dunHaltedStreamCampQST,defined,yes,Skyrim.esm
CORE-0702,core,V03A,V03A-01,standard,Skyrim.esm,D:\Wabbajack\modlists\Anvil\Stock Game\Data\Skyrim.esm,Skyrim.esm:0A3EF9,C02PostQuest,defined,no,Update.esm
CORE-0703,core,V02,V02-03,standard,Skyrim.esm,D:\Wabbajack\modlists\Anvil\Stock Game\Data\Skyrim.esm,Skyrim.esm:0A3EF8,C02Kicker,defined,yes,Skyrim.esm
CORE-0704,core,V02,V02-03,standard,Skyrim.esm,D:\Wabbajack\modlists\Anvil\Stock Game\Data\Skyrim.esm,Skyrim.esm:0A3EE5,C00LocationMonitoring3,defined,yes,Skyrim.esm
CORE-0705,core,V02,V02-03,standard,Skyrim.esm,D:\Wabbajack\modlists\Anvil\Stock Game\Data\Skyrim.esm,Skyrim.esm:0A3EE4,C00LocationMonitoring2,defined,yes,Skyrim.esm
CORE-0706,core,V02,V02-03,standard,Skyrim.esm,D:\Wabbajack\modlists\Anvil\Stock Game\Data\Skyrim.esm,Skyrim.esm:0A3EC5,C00LocationMonitoring1,defined,yes,Skyrim.esm
CORE-0707,core,V02,V02-03,standard,Skyrim.esm,D:\Wabbajack\modlists\Anvil\Stock Game\Data\Skyrim.esm,Skyrim.esm:0A3EBC,C00VilkasTrainingQuest,defined,yes,Skyrim.esm
CORE-0708,core,V02,V02-03,standard,Skyrim.esm,D:\Wabbajack\modlists\Anvil\Stock Game\Data\Skyrim.esm,Skyrim.esm:0A3237,RoriksteadSceneJouaneLemkil1,defined,yes,Skyrim.esm
CORE-0709,core,V02,V02-03,standard,Skyrim.esm,D:\Wabbajack\modlists\Anvil\Stock Game\Data\Skyrim.esm,Skyrim.esm:0A3235,RoriksteadSceneJouaneErik1,defined,yes,Skyrim.esm
CORE-0710,core,V02,V02-03,standard,Skyrim.esm,D:\Wabbajack\modlists\Anvil\Stock Game\Data\Skyrim.esm,Skyrim.esm:0A3233,RoriksteadSceneJouaneReldith1,defined,yes,Skyrim.esm
CORE-0711,core,V02,V02-03,standard,Skyrim.esm,D:\Wabbajack\modlists\Anvil\Stock Game\Data\Skyrim.esm,Skyrim.esm:0A3231,RoriksteadSceneJouaneEnnis1,defined,yes,Skyrim.esm
CORE-0712,core,V02,V02-03,standard,Skyrim.esm,D:\Wabbajack\modlists\Anvil\Stock Game\Data\Skyrim.esm,Skyrim.esm:0A31E2,RoriksteadSceneRorikLemkil1,defined,yes,Skyrim.esm
CORE-0713,core,V02,V02-03,standard,Skyrim.esm,D:\Wabbajack\modlists\Anvil\Stock Game\Data\Skyrim.esm,Skyrim.esm:0A31E0,RoriksteadSceneRorikErik1,defined,yes,Skyrim.esm
CORE-0714,core,V02,V02-03,standard,Skyrim.esm,D:\Wabbajack\modlists\Anvil\Stock Game\Data\Skyrim.esm,Skyrim.esm:0A31DE,RoriksteadSceneRorikReldith1,defined,yes,Skyrim.esm
CORE-0715,core,V02,V02-03,standard,Skyrim.esm,D:\Wabbajack\modlists\Anvil\Stock Game\Data\Skyrim.esm,Skyrim.esm:0A31DC,RoriksteadSceneRorikEnnis1,defined,yes,Skyrim.esm
CORE-0716,core,V02,V02-03,standard,Skyrim.esm,D:\Wabbajack\modlists\Anvil\Stock Game\Data\Skyrim.esm,Skyrim.esm:0A2490,DBSuspensionQuest,defined,yes,Skyrim.esm
CORE-0717,core,V02,V02-03,standard,Skyrim.esm,D:\Wabbajack\modlists\Anvil\Stock Game\Data\Skyrim.esm,Skyrim.esm:0A17BC,WE100ObjJ,defined,yes,Skyrim.esm
CORE-0718,core,V02,V02-03,standard,Skyrim.esm,D:\Wabbajack\modlists\Anvil\Stock Game\Data\Skyrim.esm,Skyrim.esm:0A17BB,WE100ObjI,defined,yes,Skyrim.esm
CORE-0719,core,V02,V02-03,standard,Skyrim.esm,D:\Wabbajack\modlists\Anvil\Stock Game\Data\Skyrim.esm,Skyrim.esm:0A17BA,WE100ObjH,defined,yes,Skyrim.esm
CORE-0720,core,V02,V02-03,standard,Skyrim.esm,D:\Wabbajack\modlists\Anvil\Stock Game\Data\Skyrim.esm,Skyrim.esm:0A17B9,WE100ObjG,defined,yes,Skyrim.esm
CORE-0721,core,V02,V02-03,standard,Skyrim.esm,D:\Wabbajack\modlists\Anvil\Stock Game\Data\Skyrim.esm,Skyrim.esm:0A17B8,WE100ObjF,defined,yes,Skyrim.esm
CORE-0722,core,V02,V02-03,standard,Skyrim.esm,D:\Wabbajack\modlists\Anvil\Stock Game\Data\Skyrim.esm,Skyrim.esm:0A17B7,WE100ObjE,defined,yes,Skyrim.esm
CORE-0723,core,V02,V02-03,standard,Skyrim.esm,D:\Wabbajack\modlists\Anvil\Stock Game\Data\Skyrim.esm,Skyrim.esm:0A17B6,WE100ObjD,defined,yes,Skyrim.esm
CORE-0724,core,V02,V02-03,standard,Skyrim.esm,D:\Wabbajack\modlists\Anvil\Stock Game\Data\Skyrim.esm,Skyrim.esm:0A17B5,WE100ObjC,defined,yes,Skyrim.esm
CORE-0725,core,V02,V02-03,standard,Skyrim.esm,D:\Wabbajack\modlists\Anvil\Stock Game\Data\Skyrim.esm,Skyrim.esm:0A17B4,WE100ObjB,defined,yes,Skyrim.esm
CORE-0726,core,V03A,V03A-01,standard,Skyrim.esm,D:\Wabbajack\modlists\Anvil\Stock Game\Data\Skyrim.esm,Skyrim.esm:0A17AE,WE100,defined,no,Update.esm
CORE-0727,core,V02,V02-03,standard,Skyrim.esm,D:\Wabbajack\modlists\Anvil\Stock Game\Data\Skyrim.esm,Skyrim.esm:0A17AD,WE100ObjA,defined,yes,Skyrim.esm
CORE-0728,core,V02,V02-03,standard,Skyrim.esm,D:\Wabbajack\modlists\Anvil\Stock Game\Data\Skyrim.esm,Skyrim.esm:09F813,WE20,defined,yes,Skyrim.esm
CORE-0729,core,V02,V02-03,standard,Skyrim.esm,D:\Wabbajack\modlists\Anvil\Stock Game\Data\Skyrim.esm,Skyrim.esm:09F80A,WE18,defined,yes,Skyrim.esm
CORE-0730,core,V02,V02-03,standard,Skyrim.esm,D:\Wabbajack\modlists\Anvil\Stock Game\Data\Skyrim.esm,Skyrim.esm:09F801,WE16,defined,yes,Skyrim.esm
CORE-0731,core,V02,V02-03,standard,Skyrim.esm,D:\Wabbajack\modlists\Anvil\Stock Game\Data\Skyrim.esm,Skyrim.esm:09F7E9,WE17,defined,yes,Skyrim.esm
CORE-0732,core,V02,V02-03,standard,Skyrim.esm,D:\Wabbajack\modlists\Anvil\Stock Game\Data\Skyrim.esm,Skyrim.esm:09F337,WE15,defined,yes,Skyrim.esm
CORE-0733,core,V02,V02-03,standard,Skyrim.esm,D:\Wabbajack\modlists\Anvil\Stock Game\Data\Skyrim.esm,Skyrim.esm:09F332,WE14,defined,yes,Skyrim.esm
CORE-0734,core,V02,V02-03,standard,Skyrim.esm,D:\Wabbajack\modlists\Anvil\Stock Game\Data\Skyrim.esm,Skyrim.esm:09F32F,WE13,defined,yes,Skyrim.esm
CORE-0735,core,V02,V02-03,standard,Skyrim.esm,D:\Wabbajack\modlists\Anvil\Stock Game\Data\Skyrim.esm,Skyrim.esm:09F32C,WE12,defined,yes,Skyrim.esm
CORE-0736,core,V02,V02-03,standard,Skyrim.esm,D:\Wabbajack\modlists\Anvil\Stock Game\Data\Skyrim.esm,Skyrim.esm:09F329,WE11,defined,yes,Skyrim.esm
CORE-0737,core,V02,V02-03,standard,Skyrim.esm,D:\Wabbajack\modlists\Anvil\Stock Game\Data\Skyrim.esm,Skyrim.esm:09EE78,TGRQueue,defined,yes,Skyrim.esm
CORE-0738,core,V02,V02-03,standard,Skyrim.esm,D:\Wabbajack\modlists\Anvil\Stock Game\Data\Skyrim.esm,Skyrim.esm:09DD77,TGCrown,defined,yes,Skyrim.esm
CORE-0739,core,V02,V02-03,standard,Skyrim.esm,D:\Wabbajack\modlists\Anvil\Stock Game\Data\Skyrim.esm,Skyrim.esm:09DA94,dunSnaplegQST,defined,yes,Skyrim.esm
CORE-0740,core,V02,V02-03,standard,Skyrim.esm,D:\Wabbajack\modlists\Anvil\Stock Game\Data\Skyrim.esm,Skyrim.esm:09D700,CR11,defined,yes,Skyrim.esm
CORE-0741,core,V02,V02-03,standard,Skyrim.esm,D:\Wabbajack\modlists\Anvil\Stock Game\Data\Skyrim.esm,Skyrim.esm:09D6FC,CR10,defined,yes,Skyrim.esm
CORE-0742,core,V02,V02-03,standard,Skyrim.esm,D:\Wabbajack\modlists\Anvil\Stock Game\Data\Skyrim.esm,Skyrim.esm:09D6F6,CRSilverHandNameChangerQuest,defined,yes,Skyrim.esm
CORE-0743,core,V02,V02-03,standard,Skyrim.esm,D:\Wabbajack\modlists\Anvil\Stock Game\Data\Skyrim.esm,Skyrim.esm:09D5A0,WE09,defined,yes,Skyrim.esm
CORE-0744,core,V02,V02-03,standard,Skyrim.esm,D:\Wabbajack\modlists\Anvil\Stock Game\Data\Skyrim.esm,Skyrim.esm:09CB5B,WE08,defined,yes,Skyrim.esm
CORE-0745,core,V02,V02-03,standard,Skyrim.esm,D:\Wabbajack\modlists\Anvil\Stock Game\Data\Skyrim.esm,Skyrim.esm:09CAC2,WE07,defined,yes,Skyrim.esm
CORE-0746,core,V02,V02-03,standard,Skyrim.esm,D:\Wabbajack\modlists\Anvil\Stock Game\Data\Skyrim.esm,Skyrim.esm:09CABF,WE06,defined,yes,Skyrim.esm
CORE-0747,core,V02,V02-03,standard,Skyrim.esm,D:\Wabbajack\modlists\Anvil\Stock Game\Data\Skyrim.esm,Skyrim.esm:09C1B8,WE04,defined,yes,Skyrim.esm
CORE-0748,core,V02,V02-03,standard,Skyrim.esm,D:\Wabbajack\modlists\Anvil\Stock Game\Data\Skyrim.esm,Skyrim.esm:09B285,dunBluePalaceQST,defined,yes,Skyrim.esm
CORE-0749,core,V02,V02-03,standard,Skyrim.esm,D:\Wabbajack\modlists\Anvil\Stock Game\Data\Skyrim.esm,Skyrim.esm:09B248,DA15WabbajackQST,defined,yes,Skyrim.esm
CORE-0750,core,V02,V02-03,standard,Skyrim.esm,D:\Wabbajack\modlists\Anvil\Stock Game\Data\Skyrim.esm,Skyrim.esm:09B060,RoriksteadSisselJouaneScene02,defined,yes,Skyrim.esm
CORE-0751,core,V02,V02-03,standard,Skyrim.esm,D:\Wabbajack\modlists\Anvil\Stock Game\Data\Skyrim.esm,Skyrim.esm:09B05D,RoriksteadSceneLemkilMralki01,defined,yes,Skyrim.esm
CORE-0752,core,V02,V02-03,standard,Skyrim.esm,D:\Wabbajack\modlists\Anvil\Stock Game\Data\Skyrim.esm,Skyrim.esm:09B05B,RoriksteadSceneLemkilErik01,defined,yes,Skyrim.esm
CORE-0753,core,V02,V02-03,standard,Skyrim.esm,D:\Wabbajack\modlists\Anvil\Stock Game\Data\Skyrim.esm,Skyrim.esm:09B059,RoriksteadSceneEnnisReldith02,defined,yes,Skyrim.esm
CORE-0754,core,V02,V02-03,standard,Skyrim.esm,D:\Wabbajack\modlists\Anvil\Stock Game\Data\Skyrim.esm,Skyrim.esm:09B057,RoriksteadSceneEnnisReldith01,defined,yes,Skyrim.esm
CORE-0755,core,V02,V02-03,standard,Skyrim.esm,D:\Wabbajack\modlists\Anvil\Stock Game\Data\Skyrim.esm,Skyrim.esm:09B055,RoriksteadSceneMralkiErik02,defined,yes,Skyrim.esm
CORE-0756,core,V02,V02-03,standard,Skyrim.esm,D:\Wabbajack\modlists\Anvil\Stock Game\Data\Skyrim.esm,Skyrim.esm:09B053,RoriksteadSceneMralkiErik01,defined,yes,Skyrim.esm
CORE-0757,core,V03A,V03A-01,standard,Skyrim.esm,D:\Wabbajack\modlists\Anvil\Stock Game\Data\Skyrim.esm,Skyrim.esm:09B04D,RoriksteadSceneBritteSissel3,defined,no,HearthFires.esm
CORE-0758,core,V02,V02-03,standard,Skyrim.esm,D:\Wabbajack\modlists\Anvil\Stock Game\Data\Skyrim.esm,Skyrim.esm:09B04B,RoriksteadSceneRorikJouane2,defined,yes,Skyrim.esm
CORE-0759,core,V02,V02-03,standard,Skyrim.esm,D:\Wabbajack\modlists\Anvil\Stock Game\Data\Skyrim.esm,Skyrim.esm:09B048,RoriksteadSceneRorikJouane1,defined,yes,Skyrim.esm
CORE-0760,core,V02,V02-03,standard,Skyrim.esm,D:\Wabbajack\modlists\Anvil\Stock Game\Data\Skyrim.esm,Skyrim.esm:09A9C9,WE03,defined,yes,Skyrim.esm
CORE-0761,core,V02,V02-03,standard,Skyrim.esm,D:\Wabbajack\modlists\Anvil\Stock Game\Data\Skyrim.esm,Skyrim.esm:09A7A6,DialogueAnimalTrainers,defined,yes,Skyrim.esm
CORE-0762,core,V02,V02-03,standard,Skyrim.esm,D:\Wabbajack\modlists\Anvil\Stock Game\Data\Skyrim.esm,Skyrim.esm:098E63,DialogueRiverwoodSleepingGiantScene6,defined,yes,Skyrim.esm
CORE-0763,core,V02,V02-03,standard,Skyrim.esm,D:\Wabbajack\modlists\Anvil\Stock Game\Data\Skyrim.esm,Skyrim.esm:098E61,DialogueRiverwoodSleepingGiantScene5,defined,yes,Skyrim.esm
CORE-0764,core,V02,V02-03,standard,Skyrim.esm,D:\Wabbajack\modlists\Anvil\Stock Game\Data\Skyrim.esm,Skyrim.esm:098E5C,DialogueRiverwoodSleepingGiantOrderDrinks,defined,yes,Skyrim.esm
CORE-0765,core,V02,V02-03,standard,Skyrim.esm,D:\Wabbajack\modlists\Anvil\Stock Game\Data\Skyrim.esm,Skyrim.esm:098E5A,DialogueRiverwoodSleepingGiantScene4,defined,yes,Skyrim.esm
CORE-0766,core,V02,V02-03,standard,Skyrim.esm,D:\Wabbajack\modlists\Anvil\Stock Game\Data\Skyrim.esm,Skyrim.esm:098E58,DialogueRiverwoodSleepingGiantScene3,defined,yes,Skyrim.esm
CORE-0767,core,V02,V02-03,standard,Skyrim.esm,D:\Wabbajack\modlists\Anvil\Stock Game\Data\Skyrim.esm,Skyrim.esm:098BB1,WEParent,defined,yes,Skyrim.esm
CORE-0768,core,V02,V02-03,standard,Skyrim.esm,D:\Wabbajack\modlists\Anvil\Stock Game\Data\Skyrim.esm,Skyrim.esm:098B52,WE05,defined,yes,Skyrim.esm
CORE-0769,core,V02,V02-03,standard,Skyrim.esm,D:\Wabbajack\modlists\Anvil\Stock Game\Data\Skyrim.esm,Skyrim.esm:097594,ArenaCombatQuest00DBSpecial,defined,yes,Skyrim.esm
CORE-0770,core,V02,V02-03,standard,Skyrim.esm,D:\Wabbajack\modlists\Anvil\Stock Game\Data\Skyrim.esm,Skyrim.esm:09726A,CWSiegeQuickStart,defined,yes,Skyrim.esm
CORE-0771,core,V02,V02-03,standard,Skyrim.esm,D:\Wabbajack\modlists\Anvil\Stock Game\Data\Skyrim.esm,Skyrim.esm:097256,DBRecurringControlQuest,defined,yes,Skyrim.esm
CORE-0772,core,V02,V02-03,standard,Skyrim.esm,D:\Wabbajack\modlists\Anvil\Stock Game\Data\Skyrim.esm,Skyrim.esm:097255,DBRecurringIntroMisc,defined,yes,Skyrim.esm
CORE-0773,core,V02,V02-03,standard,Skyrim.esm,D:\Wabbajack\modlists\Anvil\Stock Game\Data\Skyrim.esm,Skyrim.esm:096FD7,DA07MuseumScenes,defined,yes,Skyrim.esm
CORE-0774,core,V02,V02-03,standard,Skyrim.esm,D:\Wabbajack\modlists\Anvil\Stock Game\Data\Skyrim.esm,Skyrim.esm:096E71,CWSiegeObj,defined,yes,Skyrim.esm
CORE-0775,core,V02,V02-03,standard,Skyrim.esm,D:\Wabbajack\modlists\Anvil\Stock Game\Data\Skyrim.esm,Skyrim.esm:0967DD,ArenaCombatQuest00JailFight,defined,yes,Skyrim.esm
CORE-0776,core,V02,V02-03,standard,Skyrim.esm,D:\Wabbajack\modlists\Anvil\Stock Game\Data\Skyrim.esm,Skyrim.esm:0967DC,ArenaCombatQuest12IceWraith,defined,yes,Skyrim.esm
CORE-0777,core,V02,V02-03,standard,Skyrim.esm,D:\Wabbajack\modlists\Anvil\Stock Game\Data\Skyrim.esm,Skyrim.esm:0967DB,ArenaCombatQuest13NPCsPlusNine,defined,yes,Skyrim.esm
CORE-0778,core,V02,V02-03,standard,Skyrim.esm,D:\Wabbajack\modlists\Anvil\Stock Game\Data\Skyrim.esm,Skyrim.esm:0967DA,ArenaCombatQuest11NPCsPlusSeven,defined,yes,Skyrim.esm
CORE-0779,core,V02,V02-03,standard,Skyrim.esm,D:\Wabbajack\modlists\Anvil\Stock Game\Data\Skyrim.esm,Skyrim.esm:0967D9,ArenaCombatQuest10Giant,defined,yes,Skyrim.esm
CORE-0780,core,V02,V02-03,standard,Skyrim.esm,D:\Wabbajack\modlists\Anvil\Stock Game\Data\Skyrim.esm,Skyrim.esm:0958B3,MGRAppJzargo01,defined,yes,Skyrim.esm
CORE-0781,core,V02,V02-03,standard,Skyrim.esm,D:\Wabbajack\modlists\Anvil\Stock Game\Data\Skyrim.esm,Skyrim.esm:0955CF,DA05_dunBloatedMansGrottoQST,defined,yes,Skyrim.esm
CORE-0782,core,V03A,V03A-01,standard,Skyrim.esm,D:\Wabbajack\modlists\Anvil\Stock Game\Data\Skyrim.esm,Skyrim.esm:0954E1,CWSiege,defined,no,Update.esm
CORE-0783,core,V02,V02-03,standard,Skyrim.esm,D:\Wabbajack\modlists\Anvil\Stock Game\Data\Skyrim.esm,Skyrim.esm:0954DD,DialogueRiverwoodSceneSoldierHilde,defined,yes,Skyrim.esm
CORE-0784,core,V02,V02-03,standard,Skyrim.esm,D:\Wabbajack\modlists\Anvil\Stock Game\Data\Skyrim.esm,Skyrim.esm:0954DB,DialogueRiverwoodSceneEmbrySoldier,defined,yes,Skyrim.esm
CORE-0785,core,V02,V02-03,standard,Skyrim.esm,D:\Wabbajack\modlists\Anvil\Stock Game\Data\Skyrim.esm,Skyrim.esm:0954D9,DialogueRiverwoodIntroScene,defined,yes,Skyrim.esm
CORE-0786,core,V02,V02-03,standard,Skyrim.esm,D:\Wabbajack\modlists\Anvil\Stock Game\Data\Skyrim.esm,Skyrim.esm:094E3F,FreeformWhiterunQuest05,defined,yes,Skyrim.esm
CORE-0787,core,V02,V02-03,standard,Skyrim.esm,D:\Wabbajack\modlists\Anvil\Stock Game\Data\Skyrim.esm,Skyrim.esm:094E3C,FreeformWhiterunQuest04,defined,yes,Skyrim.esm
CORE-0788,core,V02,V02-03,standard,Skyrim.esm,D:\Wabbajack\modlists\Anvil\Stock Game\Data\Skyrim.esm,Skyrim.esm:094D89,DA07intro,defined,yes,Skyrim.esm
CORE-0789,core,V02,V02-03,standard,Skyrim.esm,D:\Wabbajack\modlists\Anvil\Stock Game\Data\Skyrim.esm,Skyrim.esm:0946FD,FreeformWhiterunQuest03,defined,yes,Skyrim.esm
CORE-0790,core,V02,V02-03,standard,Skyrim.esm,D:\Wabbajack\modlists\Anvil\Stock Game\Data\Skyrim.esm,Skyrim.esm:093AF4,CreatureDialogueDwarvenSpider,defined,yes,Skyrim.esm
CORE-0791,core,V02,V02-03,standard,Skyrim.esm,D:\Wabbajack\modlists\Anvil\Stock Game\Data\Skyrim.esm,Skyrim.esm:09380B,FreeformWhiterunQuest02,defined,yes,Skyrim.esm
CORE-0792,core,V02,V02-03,standard,Skyrim.esm,D:\Wabbajack\modlists\Anvil\Stock Game\Data\Skyrim.esm,Skyrim.esm:093807,MS06Start,defined,yes,Skyrim.esm
CORE-0793,core,V02,V02-03,standard,Skyrim.esm,D:\Wabbajack\modlists\Anvil\Stock Game\Data\Skyrim.esm,Skyrim.esm:09375A,FreeformFalkreathQuest02,defined,yes,Skyrim.esm
CORE-0794,core,V02,V02-03,standard,Skyrim.esm,D:\Wabbajack\modlists\Anvil\Stock Game\Data\Skyrim.esm,Skyrim.esm:093753,FreeformFalkreathQuest01,defined,yes,Skyrim.esm
CORE-0795,core,V02,V02-03,standard,Skyrim.esm,D:\Wabbajack\modlists\Anvil\Stock Game\Data\Skyrim.esm,Skyrim.esm:093604,DialogueCompanionsKodlakTorvar2,defined,yes,Skyrim.esm
CORE-0796,core,V02,V02-03,standard,Skyrim.esm,D:\Wabbajack\modlists\Anvil\Stock Game\Data\Skyrim.esm,Skyrim.esm:093602,DialogueCompanionsKodlakTorvar1,defined,yes,Skyrim.esm
CORE-0797,core,V02,V02-03,standard,Skyrim.esm,D:\Wabbajack\modlists\Anvil\Stock Game\Data\Skyrim.esm,Skyrim.esm:093600,DialogueCompanionsKodlakFarkas2,defined,yes,Skyrim.esm
CORE-0798,core,V02,V02-03,standard,Skyrim.esm,D:\Wabbajack\modlists\Anvil\Stock Game\Data\Skyrim.esm,Skyrim.esm:0935FE,DialogueCompanionsKodlakFarkas1,defined,yes,Skyrim.esm
CORE-0799,core,V02,V02-03,standard,Skyrim.esm,D:\Wabbajack\modlists\Anvil\Stock Game\Data\Skyrim.esm,Skyrim.esm:0935FC,DialogueCompanionsKodlakAela2,defined,yes,Skyrim.esm
CORE-0800,core,V02,V02-03,standard,Skyrim.esm,D:\Wabbajack\modlists\Anvil\Stock Game\Data\Skyrim.esm,Skyrim.esm:0935FA,DialogueCompanionsKodlakAela1,defined,yes,Skyrim.esm
CORE-0801,core,V02,V02-03,standard,Skyrim.esm,D:\Wabbajack\modlists\Anvil\Stock Game\Data\Skyrim.esm,Skyrim.esm:0935F8,DialogueCompanionsKodlakSkjor2,defined,yes,Skyrim.esm
CORE-0802,core,V02,V02-03,standard,Skyrim.esm,D:\Wabbajack\modlists\Anvil\Stock Game\Data\Skyrim.esm,Skyrim.esm:0935F6,DialogueCompanionsKodlakSkjor1,defined,yes,Skyrim.esm
CORE-0803,core,V02,V02-03,standard,Skyrim.esm,D:\Wabbajack\modlists\Anvil\Stock Game\Data\Skyrim.esm,Skyrim.esm:0935F4,ArenaCombatQuest00LevelTransition,defined,yes,Skyrim.esm
CORE-0804,core,V02,V02-03,standard,Skyrim.esm,D:\Wabbajack\modlists\Anvil\Stock Game\Data\Skyrim.esm,Skyrim.esm:0935F2,DialogueCompanionsRiaVilkas3,defined,yes,Skyrim.esm
CORE-0805,core,V02,V02-03,standard,Skyrim.esm,D:\Wabbajack\modlists\Anvil\Stock Game\Data\Skyrim.esm,Skyrim.esm:0935F0,DialogueCompanionsRiaVilkas2,defined,yes,Skyrim.esm
CORE-0806,core,V02,V02-03,standard,Skyrim.esm,D:\Wabbajack\modlists\Anvil\Stock Game\Data\Skyrim.esm,Skyrim.esm:0935EE,DialogueCompanionsRiaVilkas1,defined,yes,Skyrim.esm
CORE-0807,core,V02,V02-03,standard,Skyrim.esm,D:\Wabbajack\modlists\Anvil\Stock Game\Data\Skyrim.esm,Skyrim.esm:0935EC,DialogueCompanionsTorvarAthis2,defined,yes,Skyrim.esm
CORE-0808,core,V02,V02-03,standard,Skyrim.esm,D:\Wabbajack\modlists\Anvil\Stock Game\Data\Skyrim.esm,Skyrim.esm:0935EA,DialogueCompanionsFarkasTorvar2,defined,yes,Skyrim.esm
CORE-0809,core,V02,V02-03,standard,Skyrim.esm,D:\Wabbajack\modlists\Anvil\Stock Game\Data\Skyrim.esm,Skyrim.esm:0935E8,DialogueCompanionsTorvarAthis1,defined,yes,Skyrim.esm
CORE-0810,core,V02,V02-03,standard,Skyrim.esm,D:\Wabbajack\modlists\Anvil\Stock Game\Data\Skyrim.esm,Skyrim.esm:0935E6,DialogueCompanionsFarkasTorvar1,defined,yes,Skyrim.esm
CORE-0811,core,V02,V02-03,standard,Skyrim.esm,D:\Wabbajack\modlists\Anvil\Stock Game\Data\Skyrim.esm,Skyrim.esm:0935E4,DialogueCompanionsFarkasAthis2,defined,yes,Skyrim.esm
CORE-0812,core,V02,V02-03,standard,Skyrim.esm,D:\Wabbajack\modlists\Anvil\Stock Game\Data\Skyrim.esm,Skyrim.esm:0935E2,DialogueCompanionsFarkasAthis1,defined,yes,Skyrim.esm
CORE-0813,core,V02,V02-03,standard,Skyrim.esm,D:\Wabbajack\modlists\Anvil\Stock Game\Data\Skyrim.esm,Skyrim.esm:0935E0,DialogueCompanionsAelaNjada2,defined,yes,Skyrim.esm
CORE-0814,core,V02,V02-03,standard,Skyrim.esm,D:\Wabbajack\modlists\Anvil\Stock Game\Data\Skyrim.esm,Skyrim.esm:0935DE,DialogueCompanionsAelaNjada1,defined,yes,Skyrim.esm
CORE-0815,core,V02,V02-03,standard,Skyrim.esm,D:\Wabbajack\modlists\Anvil\Stock Game\Data\Skyrim.esm,Skyrim.esm:0935DC,DialogueCompanionsSkjorNjada2,defined,yes,Skyrim.esm
CORE-0816,core,V02,V02-03,standard,Skyrim.esm,D:\Wabbajack\modlists\Anvil\Stock Game\Data\Skyrim.esm,Skyrim.esm:0935DA,DialogueCompanionsSkjorNjada1,defined,yes,Skyrim.esm
CORE-0817,core,V02,V02-03,standard,Skyrim.esm,D:\Wabbajack\modlists\Anvil\Stock Game\Data\Skyrim.esm,Skyrim.esm:0935D8,DialogueCompanionsSkjorAela2,defined,yes,Skyrim.esm
CORE-0818,core,V02,V02-03,standard,Skyrim.esm,D:\Wabbajack\modlists\Anvil\Stock Game\Data\Skyrim.esm,Skyrim.esm:0935D6,DialogueCompanionsSkjorAela1,defined,yes,Skyrim.esm
CORE-0819,core,V02,V02-03,existing-core-row,Skyrim.esm,D:\Wabbajack\modlists\Anvil\Stock Game\Data\Skyrim.esm,Skyrim.esm:0934FB,DBDestroy,defined,yes,Skyrim.esm
CORE-0820,core,V02,V02-03,standard,Skyrim.esm,D:\Wabbajack\modlists\Anvil\Stock Game\Data\Skyrim.esm,Skyrim.esm:0934F9,FreeformWhiterunQuest01,defined,yes,Skyrim.esm
CORE-0821,core,V02,V02-03,standard,Skyrim.esm,D:\Wabbajack\modlists\Anvil\Stock Game\Data\Skyrim.esm,Skyrim.esm:092E25,DA01Intro,defined,yes,Skyrim.esm
CORE-0822,core,V02,V02-03,standard,Skyrim.esm,D:\Wabbajack\modlists\Anvil\Stock Game\Data\Skyrim.esm,Skyrim.esm:092A54,EastmarchJailArenaFightQuest,defined,yes,Skyrim.esm
CORE-0823,core,V02,V02-03,standard,Skyrim.esm,D:\Wabbajack\modlists\Anvil\Stock Game\Data\Skyrim.esm,Skyrim.esm:092A50,ArenaCombatQuest09NPCsPlusFive,defined,yes,Skyrim.esm
CORE-0824,core,V02,V02-03,standard,Skyrim.esm,D:\Wabbajack\modlists\Anvil\Stock Game\Data\Skyrim.esm,Skyrim.esm:092A4F,ArenaCombatQuest08Troll,defined,yes,Skyrim.esm
CORE-0825,core,V02,V02-03,standard,Skyrim.esm,D:\Wabbajack\modlists\Anvil\Stock Game\Data\Skyrim.esm,Skyrim.esm:092A4E,ArenaCombatQuest07Chaurus,defined,yes,Skyrim.esm
CORE-0826,core,V02,V02-03,standard,Skyrim.esm,D:\Wabbajack\modlists\Anvil\Stock Game\Data\Skyrim.esm,Skyrim.esm:092A4D,ArenaCombatQuest06SabreCat,defined,yes,Skyrim.esm
CORE-0827,core,V02,V02-03,standard,Skyrim.esm,D:\Wabbajack\modlists\Anvil\Stock Game\Data\Skyrim.esm,Skyrim.esm:092A4C,ArenaCombatQuest05Bear,defined,yes,Skyrim.esm
CORE-0828,core,V02,V02-03,standard,Skyrim.esm,D:\Wabbajack\modlists\Anvil\Stock Game\Data\Skyrim.esm,Skyrim.esm:092A4B,ArenaCombatQuest04NPCsPlusTwo,defined,yes,Skyrim.esm
CORE-0829,core,V02,V02-03,standard,Skyrim.esm,D:\Wabbajack\modlists\Anvil\Stock Game\Data\Skyrim.esm,Skyrim.esm:092A4A,ArenaCombatQuest03FrostbiteSpider,defined,yes,Skyrim.esm
CORE-0830,core,V02,V02-03,standard,Skyrim.esm,D:\Wabbajack\modlists\Anvil\Stock Game\Data\Skyrim.esm,Skyrim.esm:092A49,ArenaCombatQuest02Wolves,defined,yes,Skyrim.esm
CORE-0831,core,V02,V02-03,standard,Skyrim.esm,D:\Wabbajack\modlists\Anvil\Stock Game\Data\Skyrim.esm,Skyrim.esm:091509,CreatureDialogueDwarvenCenturion,defined,yes,Skyrim.esm
CORE-0832,core,V02,V02-03,standard,Skyrim.esm,D:\Wabbajack\modlists\Anvil\Stock Game\Data\Skyrim.esm,Skyrim.esm:0906D4,MS07_dunIcerunnerQST,defined,yes,Skyrim.esm
CORE-0833,core,V02,V02-03,standard,Skyrim.esm,D:\Wabbajack\modlists\Anvil\Stock Game\Data\Skyrim.esm,Skyrim.esm:08F307,CWAllies,defined,yes,Skyrim.esm
CORE-0834,core,V02,V02-03,standard,Skyrim.esm,D:\Wabbajack\modlists\Anvil\Stock Game\Data\Skyrim.esm,Skyrim.esm:08D5DA,DB03GetArrestedQuest,defined,yes,Skyrim.esm
CORE-0835,core,V02,V02-03,standard,Skyrim.esm,D:\Wabbajack\modlists\Anvil\Stock Game\Data\Skyrim.esm,Skyrim.esm:08CDBF,DialogueRiverwoodSceneSigridHilde,defined,yes,Skyrim.esm
CORE-0836,core,V02,V02-03,standard,Skyrim.esm,D:\Wabbajack\modlists\Anvil\Stock Game\Data\Skyrim.esm,Skyrim.esm:08CDBD,DialogueRiverwoodSceneSigridEmbry,defined,yes,Skyrim.esm
CORE-0837,core,V02,V02-03,standard,Skyrim.esm,D:\Wabbajack\modlists\Anvil\Stock Game\Data\Skyrim.esm,Skyrim.esm:08CDBB,DialogueRiverwoodSceneSigridAlvor,defined,yes,Skyrim.esm
CORE-0838,core,V02,V02-03,standard,Skyrim.esm,D:\Wabbajack\modlists\Anvil\Stock Game\Data\Skyrim.esm,Skyrim.esm:08B72A,dunSunderstoneGorgeQST,defined,yes,Skyrim.esm
CORE-0839,core,V02,V02-03,standard,Skyrim.esm,D:\Wabbajack\modlists\Anvil\Stock Game\Data\Skyrim.esm,Skyrim.esm:08AFC9,DialogueRiverwoodSceneAlvorGerdur,defined,yes,Skyrim.esm
CORE-0840,core,V02,V02-03,standard,Skyrim.esm,D:\Wabbajack\modlists\Anvil\Stock Game\Data\Skyrim.esm,Skyrim.esm:08A3C3,CreatureDialogueBear,defined,yes,Skyrim.esm
CORE-0841,core,V02,V02-03,standard,Skyrim.esm,D:\Wabbajack\modlists\Anvil\Stock Game\Data\Skyrim.esm,Skyrim.esm:089CD1,DA01dunIlinaltasDeepQST,defined,yes,Skyrim.esm
CORE-0842,core,V03A,V03A-01,standard,Skyrim.esm,D:\Wabbajack\modlists\Anvil\Stock Game\Data\Skyrim.esm,Skyrim.esm:0880EB,CompanionsSingleCombatQuest,defined,no,Update.esm
CORE-0843,core,V02,V02-03,standard,Skyrim.esm,D:\Wabbajack\modlists\Anvil\Stock Game\Data\Skyrim.esm,Skyrim.esm:0880E1,CompanionsRejoinQuest,defined,yes,Skyrim.esm
CORE-0844,core,V02,V02-03,existing-core-row,Skyrim.esm,D:\Wabbajack\modlists\Anvil\Stock Game\Data\Skyrim.esm,Skyrim.esm:087BA2,DarkBrotherhoodSanctuaryRepair,defined,yes,Skyrim.esm
CORE-0845,core,V02,V02-03,standard,Skyrim.esm,D:\Wabbajack\modlists\Anvil\Stock Game\Data\Skyrim.esm,Skyrim.esm:07D950,DA11HallScene,defined,yes,Skyrim.esm
CORE-0846,core,V02,V02-03,standard,Skyrim.esm,D:\Wabbajack\modlists\Anvil\Stock Game\Data\Skyrim.esm,Skyrim.esm:07D949,DA11Intro,defined,yes,Skyrim.esm
CORE-0847,core,V02,V02-03,standard,Skyrim.esm,D:\Wabbajack\modlists\Anvil\Stock Game\Data\Skyrim.esm,Skyrim.esm:07D8FB,dunYngvildQST,defined,yes,Skyrim.esm
CORE-0848,core,V02,V02-03,standard,Skyrim.esm,D:\Wabbajack\modlists\Anvil\Stock Game\Data\Skyrim.esm,Skyrim.esm:06A9A0,MS02EscapeThonarEnding,defined,yes,Skyrim.esm
CORE-0849,core,V02,V02-03,standard,Skyrim.esm,D:\Wabbajack\modlists\Anvil\Stock Game\Data\Skyrim.esm,Skyrim.esm:06A119,MGRArniel04,defined,yes,Skyrim.esm
CORE-0850,core,V03A,V03A-01,standard,Skyrim.esm,D:\Wabbajack\modlists\Anvil\Stock Game\Data\Skyrim.esm,Skyrim.esm:06A097,MGRArniel03,defined,no,Update.esm
CORE-0851,core,V02,V02-03,standard,Skyrim.esm,D:\Wabbajack\modlists\Anvil\Stock Game\Data\Skyrim.esm,Skyrim.esm:06A08D,MGRArniel02,defined,yes,Skyrim.esm
CORE-0852,core,V02,V02-03,standard,Skyrim.esm,D:\Wabbajack\modlists\Anvil\Stock Game\Data\Skyrim.esm,Skyrim.esm:06A086,MGRArniel01,defined,yes,Skyrim.esm
CORE-0853,core,V02,V02-02,standard,Skyrim.esm,D:\Wabbajack\modlists\Anvil\Stock Game\Data\Skyrim.esm,Skyrim.esm:05A0C8,DialogueFalkreathDengeirsHallScene01,defined,yes,Skyrim.esm
CORE-0854,core,V02,V02-02,standard,Skyrim.esm,D:\Wabbajack\modlists\Anvil\Stock Game\Data\Skyrim.esm,Skyrim.esm:054AAC,CWPrepareCity,defined,yes,Skyrim.esm
CORE-0855,core,V02,V02-02,standard,Skyrim.esm,D:\Wabbajack\modlists\Anvil\Stock Game\Data\Skyrim.esm,Skyrim.esm:054880,MS02EscapeMadanachEnding,defined,yes,Skyrim.esm
CORE-0856,core,V02,V02-02,standard,Skyrim.esm,D:\Wabbajack\modlists\Anvil\Stock Game\Data\Skyrim.esm,Skyrim.esm:052B9F,DialogueFalkreathDeadMansDrinkScene11,defined,yes,Skyrim.esm
CORE-0857,core,V02,V02-02,standard,Skyrim.esm,D:\Wabbajack\modlists\Anvil\Stock Game\Data\Skyrim.esm,Skyrim.esm:052B9C,DialogueFalkreathDeadMansDrinkScene04,defined,yes,Skyrim.esm
CORE-0858,core,V02,V02-02,standard,Skyrim.esm,D:\Wabbajack\modlists\Anvil\Stock Game\Data\Skyrim.esm,Skyrim.esm:052B98,DialogueDragonBridgeTavernScene02,defined,yes,Skyrim.esm
CORE-0859,core,V02,V02-02,standard,Skyrim.esm,D:\Wabbajack\modlists\Anvil\Stock Game\Data\Skyrim.esm,Skyrim.esm:052B97,DialogueDragonBridgeTavernScene01,defined,yes,Skyrim.esm
CORE-0860,core,V02,V02-02,standard,Skyrim.esm,D:\Wabbajack\modlists\Anvil\Stock Game\Data\Skyrim.esm,Skyrim.esm:052B96,DialogueDragonBridgeHorgeirsHouseScene01,defined,yes,Skyrim.esm
CORE-0861,core,V02,V02-02,standard,Skyrim.esm,D:\Wabbajack\modlists\Anvil\Stock Game\Data\Skyrim.esm,Skyrim.esm:052B95,DialogueDragonBridgeHorgeirsHouseScene03,defined,yes,Skyrim.esm
CORE-0862,core,V02,V02-02,standard,Skyrim.esm,D:\Wabbajack\modlists\Anvil\Stock Game\Data\Skyrim.esm,Skyrim.esm:052B94,DialogueDragonBridgeHorgeirsHouseScene02,defined,yes,Skyrim.esm
CORE-0863,core,V03A,V03A-01,standard,Skyrim.esm,D:\Wabbajack\modlists\Anvil\Stock Game\Data\Skyrim.esm,Skyrim.esm:052B90,DialogueDragonBridgeScene01,defined,no,HearthFires.esm
CORE-0864,core,V02,V02-02,standard,Skyrim.esm,D:\Wabbajack\modlists\Anvil\Stock Game\Data\Skyrim.esm,Skyrim.esm:052B8F,DialogueDragonBridgeFarmScene02,defined,yes,Skyrim.esm
CORE-0865,core,V02,V02-02,standard,Skyrim.esm,D:\Wabbajack\modlists\Anvil\Stock Game\Data\Skyrim.esm,Skyrim.esm:052B8E,DialogueDragonBridgeFarmScene01,defined,yes,Skyrim.esm
CORE-0866,core,V02,V02-02,standard,Skyrim.esm,D:\Wabbajack\modlists\Anvil\Stock Game\Data\Skyrim.esm,Skyrim.esm:03B0FB,dunAlftandQST,defined,yes,Skyrim.esm
CORE-0867,core,V02,V02-01,standard,Skyrim.esm,D:\Wabbajack\modlists\Anvil\Stock Game\Data\Skyrim.esm,Skyrim.esm:023ED9,DialogueNarzulburUrogYatul3,defined,yes,Skyrim.esm
CORE-0868,core,V02,V02-01,standard,Skyrim.esm,D:\Wabbajack\modlists\Anvil\Stock Game\Data\Skyrim.esm,Skyrim.esm:023ED7,DialogueNarzulburUrogYatul2,defined,yes,Skyrim.esm
CORE-0869,core,V02,V02-01,standard,Skyrim.esm,D:\Wabbajack\modlists\Anvil\Stock Game\Data\Skyrim.esm,Skyrim.esm:023ED5,DialogueNarzulburUrogYatul1,defined,yes,Skyrim.esm
CORE-0870,core,V02,V02-01,standard,Skyrim.esm,D:\Wabbajack\modlists\Anvil\Stock Game\Data\Skyrim.esm,Skyrim.esm:023ED3,DialogueNarzulburMulGadba4,defined,yes,Skyrim.esm
CORE-0871,core,V02,V02-01,standard,Skyrim.esm,D:\Wabbajack\modlists\Anvil\Stock Game\Data\Skyrim.esm,Skyrim.esm:023ED1,DialogueNarzulburMulGadba3,defined,yes,Skyrim.esm
CORE-0872,core,V02,V02-01,standard,Skyrim.esm,D:\Wabbajack\modlists\Anvil\Stock Game\Data\Skyrim.esm,Skyrim.esm:023ECF,DialogueNarzulburMulGadba2,defined,yes,Skyrim.esm
CORE-0873,core,V02,V02-01,standard,Skyrim.esm,D:\Wabbajack\modlists\Anvil\Stock Game\Data\Skyrim.esm,Skyrim.esm:023ECD,DialogueNarzulburMulGadba1,defined,yes,Skyrim.esm
CORE-0874,core,V02,V02-01,standard,Skyrim.esm,D:\Wabbajack\modlists\Anvil\Stock Game\Data\Skyrim.esm,Skyrim.esm:023ECB,DialogueNarzulburMauhulakhDushnamub3,defined,yes,Skyrim.esm
CORE-0875,core,V02,V02-01,standard,Skyrim.esm,D:\Wabbajack\modlists\Anvil\Stock Game\Data\Skyrim.esm,Skyrim.esm:023EC9,DialogueNarzulburMauhulakhDushnamub2,defined,yes,Skyrim.esm
CORE-0876,core,V02,V02-01,standard,Skyrim.esm,D:\Wabbajack\modlists\Anvil\Stock Game\Data\Skyrim.esm,Skyrim.esm:023EC7,DialogueNarzulburMauhulakhDushnamub1,defined,yes,Skyrim.esm
CORE-0877,core,V02,V02-01,standard,Skyrim.esm,D:\Wabbajack\modlists\Anvil\Stock Game\Data\Skyrim.esm,Skyrim.esm:023EC5,DialogueNarzulburBolarYatul4,defined,yes,Skyrim.esm
CORE-0878,core,V02,V02-01,standard,Skyrim.esm,D:\Wabbajack\modlists\Anvil\Stock Game\Data\Skyrim.esm,Skyrim.esm:023EC3,DialogueNarzulburBolarYatul3,defined,yes,Skyrim.esm
CORE-0879,core,V02,V02-01,standard,Skyrim.esm,D:\Wabbajack\modlists\Anvil\Stock Game\Data\Skyrim.esm,Skyrim.esm:023EC1,DialogueNarzulburBolarYatul2,defined,yes,Skyrim.esm
CORE-0880,core,V02,V02-01,standard,Skyrim.esm,D:\Wabbajack\modlists\Anvil\Stock Game\Data\Skyrim.esm,Skyrim.esm:023EBF,DialogueNarzulburBolarYatul1,defined,yes,Skyrim.esm
CORE-0881,core,V02,V02-01,standard,Skyrim.esm,D:\Wabbajack\modlists\Anvil\Stock Game\Data\Skyrim.esm,Skyrim.esm:023EBD,DialogueNarzulburMauhulakhUrog3,defined,yes,Skyrim.esm
CORE-0882,core,V02,V02-01,standard,Skyrim.esm,D:\Wabbajack\modlists\Anvil\Stock Game\Data\Skyrim.esm,Skyrim.esm:023EBB,DialogueNarzulburMauhulakhUrog2,defined,yes,Skyrim.esm
CORE-0883,core,V02,V02-01,standard,Skyrim.esm,D:\Wabbajack\modlists\Anvil\Stock Game\Data\Skyrim.esm,Skyrim.esm:023EB9,DialogueNarzulburMauhulakhUrog1,defined,yes,Skyrim.esm
CORE-0884,core,V02,V02-01,standard,Skyrim.esm,D:\Wabbajack\modlists\Anvil\Stock Game\Data\Skyrim.esm,Skyrim.esm:023EB7,DialogueNarzulburMauhulakhYatul2,defined,yes,Skyrim.esm
CORE-0885,core,V02,V02-01,standard,Skyrim.esm,D:\Wabbajack\modlists\Anvil\Stock Game\Data\Skyrim.esm,Skyrim.esm:023EB5,DialogueNarzulburMauhulakhYatul1,defined,yes,Skyrim.esm
CORE-0886,core,V02,V02-01,standard,Skyrim.esm,D:\Wabbajack\modlists\Anvil\Stock Game\Data\Skyrim.esm,Skyrim.esm:023EB3,DialogueNarzulburMauhulakhBolar2,defined,yes,Skyrim.esm
CORE-0887,core,V02,V02-01,standard,Skyrim.esm,D:\Wabbajack\modlists\Anvil\Stock Game\Data\Skyrim.esm,Skyrim.esm:023EB0,DialogueNarzulburMauhulakhBolar1,defined,yes,Skyrim.esm
CORE-0888,core,V02,V02-01,standard,Skyrim.esm,D:\Wabbajack\modlists\Anvil\Stock Game\Data\Skyrim.esm,Skyrim.esm:023EAE,DialogueHollyfrostFarmTulvurTorsten2,defined,yes,Skyrim.esm
CORE-0889,core,V02,V02-01,standard,Skyrim.esm,D:\Wabbajack\modlists\Anvil\Stock Game\Data\Skyrim.esm,Skyrim.esm:023EAC,DialogueHollyfrostFarmTulvurTorsten1,defined,yes,Skyrim.esm
CORE-0890,core,V02,V02-01,standard,Skyrim.esm,D:\Wabbajack\modlists\Anvil\Stock Game\Data\Skyrim.esm,Skyrim.esm:023EAA,DialogueHollyfrostFarmTulvurHillevi2,defined,yes,Skyrim.esm
CORE-0891,core,V02,V02-01,standard,Skyrim.esm,D:\Wabbajack\modlists\Anvil\Stock Game\Data\Skyrim.esm,Skyrim.esm:023EA8,DialogueHollyfrostFarmTulvurHillevi1,defined,yes,Skyrim.esm
CORE-0892,core,V02,V02-01,standard,Skyrim.esm,D:\Wabbajack\modlists\Anvil\Stock Game\Data\Skyrim.esm,Skyrim.esm:023EA5,DialogueHlaaluFarm3,defined,yes,Skyrim.esm
CORE-0893,core,V02,V02-01,standard,Skyrim.esm,D:\Wabbajack\modlists\Anvil\Stock Game\Data\Skyrim.esm,Skyrim.esm:023EA3,DialogueHlaaluFarm2,defined,yes,Skyrim.esm
CORE-0894,core,V02,V02-01,standard,Skyrim.esm,D:\Wabbajack\modlists\Anvil\Stock Game\Data\Skyrim.esm,Skyrim.esm:023EA1,DialogueHlaaluFarm1,defined,yes,Skyrim.esm
CORE-0895,core,V02,V02-01,standard,Skyrim.esm,D:\Wabbajack\modlists\Anvil\Stock Game\Data\Skyrim.esm,Skyrim.esm:023E9F,DialogueBrandyMugFarm3,defined,yes,Skyrim.esm
CORE-0896,core,V02,V02-01,standard,Skyrim.esm,D:\Wabbajack\modlists\Anvil\Stock Game\Data\Skyrim.esm,Skyrim.esm:023E92,DialogueBrandyMugFarm2,defined,yes,Skyrim.esm
CORE-0897,core,V02,V02-01,standard,Skyrim.esm,D:\Wabbajack\modlists\Anvil\Stock Game\Data\Skyrim.esm,Skyrim.esm:023E8C,DialogueKynesgroveRoggiKjeld3,defined,yes,Skyrim.esm
CORE-0898,core,V02,V02-01,standard,Skyrim.esm,D:\Wabbajack\modlists\Anvil\Stock Game\Data\Skyrim.esm,Skyrim.esm:023E86,DialogueKynesgroveRoggiKjeld2,defined,yes,Skyrim.esm
CORE-0899,core,V02,V02-01,standard,Skyrim.esm,D:\Wabbajack\modlists\Anvil\Stock Game\Data\Skyrim.esm,Skyrim.esm:023E83,DialogueKynesgroveRoggiKjeld1,defined,yes,Skyrim.esm
CORE-0900,core,V02,V02-01,standard,Skyrim.esm,D:\Wabbajack\modlists\Anvil\Stock Game\Data\Skyrim.esm,Skyrim.esm:023E81,DialogueKynesgroveRoggiIddra3,defined,yes,Skyrim.esm
CORE-0901,core,V02,V02-01,standard,Skyrim.esm,D:\Wabbajack\modlists\Anvil\Stock Game\Data\Skyrim.esm,Skyrim.esm:023E7F,DialogueKynesgroveRoggiIddra2,defined,yes,Skyrim.esm
CORE-0902,core,V02,V02-01,standard,Skyrim.esm,D:\Wabbajack\modlists\Anvil\Stock Game\Data\Skyrim.esm,Skyrim.esm:023E7D,DialogueKynesgroveRoggiIddra1,defined,yes,Skyrim.esm
CORE-0903,core,V02,V02-01,standard,Skyrim.esm,D:\Wabbajack\modlists\Anvil\Stock Game\Data\Skyrim.esm,Skyrim.esm:023E7B,DialogueKynesgroveKjeldYoungerKjeld3,defined,yes,Skyrim.esm
CORE-0904,core,V02,V02-01,standard,Skyrim.esm,D:\Wabbajack\modlists\Anvil\Stock Game\Data\Skyrim.esm,Skyrim.esm:023E79,DialogueKynesgroveKjeldYoungerKjeld2,defined,yes,Skyrim.esm
CORE-0905,core,V02,V02-01,standard,Skyrim.esm,D:\Wabbajack\modlists\Anvil\Stock Game\Data\Skyrim.esm,Skyrim.esm:023E77,DialogueKynesgroveKjeldYoungerKjeld1,defined,yes,Skyrim.esm
CORE-0906,core,V02,V02-01,standard,Skyrim.esm,D:\Wabbajack\modlists\Anvil\Stock Game\Data\Skyrim.esm,Skyrim.esm:023E6F,DialogueKynesgroveKjeldYoungerIddra3,defined,yes,Skyrim.esm
CORE-0907,core,V02,V02-01,standard,Skyrim.esm,D:\Wabbajack\modlists\Anvil\Stock Game\Data\Skyrim.esm,Skyrim.esm:023E6D,DialogueKynesgroveKjeldYoungerIddra2,defined,yes,Skyrim.esm
CORE-0908,core,V02,V02-01,standard,Skyrim.esm,D:\Wabbajack\modlists\Anvil\Stock Game\Data\Skyrim.esm,Skyrim.esm:023E6B,DialogueKynesgroveKjeldYoungerIddra1,defined,yes,Skyrim.esm
CORE-0909,core,V02,V02-01,standard,Skyrim.esm,D:\Wabbajack\modlists\Anvil\Stock Game\Data\Skyrim.esm,Skyrim.esm:023E69,DialogueKynesgroveGannaGemma6,defined,yes,Skyrim.esm
CORE-0910,core,V02,V02-01,standard,Skyrim.esm,D:\Wabbajack\modlists\Anvil\Stock Game\Data\Skyrim.esm,Skyrim.esm:023E67,DialogueKynesgroveGannaGemma5,defined,yes,Skyrim.esm
CORE-0911,core,V02,V02-01,standard,Skyrim.esm,D:\Wabbajack\modlists\Anvil\Stock Game\Data\Skyrim.esm,Skyrim.esm:023E65,DialogueKynesgroveGannaGemma4,defined,yes,Skyrim.esm
CORE-0912,core,V02,V02-01,standard,Skyrim.esm,D:\Wabbajack\modlists\Anvil\Stock Game\Data\Skyrim.esm,Skyrim.esm:023E63,DialogueKynesgroveGannaGemma3,defined,yes,Skyrim.esm
CORE-0913,core,V02,V02-01,standard,Skyrim.esm,D:\Wabbajack\modlists\Anvil\Stock Game\Data\Skyrim.esm,Skyrim.esm:023E61,DialogueKynesgroveGannaGemma2,defined,yes,Skyrim.esm
CORE-0914,core,V02,V02-01,standard,Skyrim.esm,D:\Wabbajack\modlists\Anvil\Stock Game\Data\Skyrim.esm,Skyrim.esm:023E60,DialogueCompanionsJorrvaskr,defined,yes,Skyrim.esm
CORE-0915,core,V02,V02-01,standard,Skyrim.esm,D:\Wabbajack\modlists\Anvil\Stock Game\Data\Skyrim.esm,Skyrim.esm:023E5E,DialogueBrandyMugFarm1,defined,yes,Skyrim.esm
CORE-0916,core,V02,V02-03,standard,Skyrim.esm,D:\Wabbajack\modlists\Anvil\Stock Game\Data\Skyrim.esm,Skyrim.esm:087C21,CWFortSiegeCapital,defined,yes,Skyrim.esm
CORE-0917,core,V02,V02-03,standard,Skyrim.esm,D:\Wabbajack\modlists\Anvil\Stock Game\Data\Skyrim.esm,Skyrim.esm:0876E6,MQ302FillAliases,defined,yes,Skyrim.esm
CORE-0918,core,V02,V02-03,standard,Skyrim.esm,D:\Wabbajack\modlists\Anvil\Stock Game\Data\Skyrim.esm,Skyrim.esm:0872A9,DialogueKynesgroveGannaGemma1,defined,yes,Skyrim.esm
CORE-0919,core,V02,V02-03,standard,Skyrim.esm,D:\Wabbajack\modlists\Anvil\Stock Game\Data\Skyrim.esm,Skyrim.esm:087105,TG06_dunMarkarthWizardsQuartersQST,defined,yes,Skyrim.esm
CORE-0920,core,V02,V02-03,standard,Skyrim.esm,D:\Wabbajack\modlists\Anvil\Stock Game\Data\Skyrim.esm,Skyrim.esm:082FBB,dunHobsFallQST,defined,yes,Skyrim.esm
CORE-0921,core,V02,V02-03,standard,Skyrim.esm,D:\Wabbajack\modlists\Anvil\Stock Game\Data\Skyrim.esm,Skyrim.esm:081C59,DA09ChangeLocation,defined,yes,Skyrim.esm
CORE-0922,core,V02,V02-03,standard,Skyrim.esm,D:\Wabbajack\modlists\Anvil\Stock Game\Data\Skyrim.esm,Skyrim.esm:08063D,DialogueKynesgroveRoggiDravyneaMine2,defined,yes,Skyrim.esm
CORE-0923,core,V02,V02-03,standard,Skyrim.esm,D:\Wabbajack\modlists\Anvil\Stock Game\Data\Skyrim.esm,Skyrim.esm:08063B,DialogueKynesgroveRoggiDravyneaMine1,defined,yes,Skyrim.esm
CORE-0924,core,V02,V02-03,standard,Skyrim.esm,D:\Wabbajack\modlists\Anvil\Stock Game\Data\Skyrim.esm,Skyrim.esm:080639,DialogueKynesgroveKjeldDravyneaMine3,defined,yes,Skyrim.esm
CORE-0925,core,V02,V02-03,standard,Skyrim.esm,D:\Wabbajack\modlists\Anvil\Stock Game\Data\Skyrim.esm,Skyrim.esm:080637,DialogueKynesgroveKjeldDravyneaMine2,defined,yes,Skyrim.esm
CORE-0926,core,V02,V02-03,standard,Skyrim.esm,D:\Wabbajack\modlists\Anvil\Stock Game\Data\Skyrim.esm,Skyrim.esm:080635,DialogueKynesgroveKjeldDravyneaMine1,defined,yes,Skyrim.esm
CORE-0927,core,V02,V02-03,standard,Skyrim.esm,D:\Wabbajack\modlists\Anvil\Stock Game\Data\Skyrim.esm,Skyrim.esm:080633,DialogueKynesgroveRoggiKjeldMine3,defined,yes,Skyrim.esm
CORE-0928,core,V02,V02-03,standard,Skyrim.esm,D:\Wabbajack\modlists\Anvil\Stock Game\Data\Skyrim.esm,Skyrim.esm:080631,DialogueKynesgroveRoggiKjeldMine2,defined,yes,Skyrim.esm
CORE-0929,core,V02,V02-03,standard,Skyrim.esm,D:\Wabbajack\modlists\Anvil\Stock Game\Data\Skyrim.esm,Skyrim.esm:08062F,DialogueKynesgroveRoggiKjeldMine1,defined,yes,Skyrim.esm
CORE-0930,core,V02,V02-03,standard,Skyrim.esm,D:\Wabbajack\modlists\Anvil\Stock Game\Data\Skyrim.esm,Skyrim.esm:07F27B,DialogueWhiterunHouseGrayManeScene2,defined,yes,Skyrim.esm
CORE-0931,core,V02,V02-03,standard,Skyrim.esm,D:\Wabbajack\modlists\Anvil\Stock Game\Data\Skyrim.esm,Skyrim.esm:07F279,DialogueWhiterunHouseGrayManeScene1,defined,yes,Skyrim.esm
CORE-0932,core,V02,V02-03,standard,Skyrim.esm,D:\Wabbajack\modlists\Anvil\Stock Game\Data\Skyrim.esm,Skyrim.esm:07F277,DialogueWhiterunHouseBattleBornScene2,defined,yes,Skyrim.esm
CORE-0933,core,V02,V02-03,standard,Skyrim.esm,D:\Wabbajack\modlists\Anvil\Stock Game\Data\Skyrim.esm,Skyrim.esm:07F275,DialogueWhiterunHouseBattleBornScene1,defined,yes,Skyrim.esm
CORE-0934,core,V02,V02-03,standard,Skyrim.esm,D:\Wabbajack\modlists\Anvil\Stock Game\Data\Skyrim.esm,Skyrim.esm:07EDE5,dunAngarvundeQST,defined,yes,Skyrim.esm
CORE-0935,core,V02,V02-03,standard,Skyrim.esm,D:\Wabbajack\modlists\Anvil\Stock Game\Data\Skyrim.esm,Skyrim.esm:07EC91,DialogueWhiterunBraithAmrenScene2,defined,yes,Skyrim.esm
CORE-0936,core,V02,V02-03,standard,Skyrim.esm,D:\Wabbajack\modlists\Anvil\Stock Game\Data\Skyrim.esm,Skyrim.esm:07EC8F,DialogueWhiterunBraithSaffirScene2,defined,yes,Skyrim.esm
CORE-0937,core,V02,V02-03,standard,Skyrim.esm,D:\Wabbajack\modlists\Anvil\Stock Game\Data\Skyrim.esm,Skyrim.esm:07EC8D,DialogueWhiterunBraithSaffirScene1,defined,yes,Skyrim.esm
CORE-0938,core,V02,V02-03,standard,Skyrim.esm,D:\Wabbajack\modlists\Anvil\Stock Game\Data\Skyrim.esm,Skyrim.esm:07EC8B,DialogueWhiterunBraithAmrenScene1,defined,yes,Skyrim.esm
CORE-0939,core,V02,V02-03,standard,Skyrim.esm,D:\Wabbajack\modlists\Anvil\Stock Game\Data\Skyrim.esm,Skyrim.esm:07EC89,DialogueWhiterunVignarBrillScene3,defined,yes,Skyrim.esm
CORE-0940,core,V02,V02-03,standard,Skyrim.esm,D:\Wabbajack\modlists\Anvil\Stock Game\Data\Skyrim.esm,Skyrim.esm:07EC87,DialogueWhiterunVignarBrillScene2,defined,yes,Skyrim.esm
CORE-0941,core,V02,V02-03,standard,Skyrim.esm,D:\Wabbajack\modlists\Anvil\Stock Game\Data\Skyrim.esm,Skyrim.esm:07EC85,DialogueWhiterunVignarBrillScene1,defined,yes,Skyrim.esm
CORE-0942,core,V02,V02-03,standard,Skyrim.esm,D:\Wabbajack\modlists\Anvil\Stock Game\Data\Skyrim.esm,Skyrim.esm:07EC83,DialogueWhiterunOlfinaJonScene3,defined,yes,Skyrim.esm
CORE-0943,core,V02,V02-03,standard,Skyrim.esm,D:\Wabbajack\modlists\Anvil\Stock Game\Data\Skyrim.esm,Skyrim.esm:07EC81,DialogueWhiterunOlfinaJonScene2,defined,yes,Skyrim.esm
CORE-0944,core,V02,V02-03,standard,Skyrim.esm,D:\Wabbajack\modlists\Anvil\Stock Game\Data\Skyrim.esm,Skyrim.esm:07EC7F,DialogueWhiterunOlfinaJonScene1,defined,yes,Skyrim.esm
CORE-0945,core,V03A,V03A-01,standard,Skyrim.esm,D:\Wabbajack\modlists\Anvil\Stock Game\Data\Skyrim.esm,Skyrim.esm:07EC7D,DialogueWhiterunBraithLarsScene3,defined,no,HearthFires.esm
CORE-0946,core,V03A,V03A-01,standard,Skyrim.esm,D:\Wabbajack\modlists\Anvil\Stock Game\Data\Skyrim.esm,Skyrim.esm:07EC7B,DialogueWhiterunBraithLarsScene2,defined,no,HearthFires.esm
CORE-0947,core,V03A,V03A-01,standard,Skyrim.esm,D:\Wabbajack\modlists\Anvil\Stock Game\Data\Skyrim.esm,Skyrim.esm:07EC79,DialogueWhiterunBraithLarsScene1,defined,no,HearthFires.esm
CORE-0948,core,V02,V02-03,standard,Skyrim.esm,D:\Wabbajack\modlists\Anvil\Stock Game\Data\Skyrim.esm,Skyrim.esm:07EC77,DialogueWhiterunAnoriathElrindirScene3,defined,yes,Skyrim.esm
CORE-0949,core,V02,V02-03,standard,Skyrim.esm,D:\Wabbajack\modlists\Anvil\Stock Game\Data\Skyrim.esm,Skyrim.esm:07EC75,DialogueWhiterunAnoriathElrindirScene2,defined,yes,Skyrim.esm
CORE-0950,core,V02,V02-03,standard,Skyrim.esm,D:\Wabbajack\modlists\Anvil\Stock Game\Data\Skyrim.esm,Skyrim.esm:07EC73,DialogueWhiterunAnoriathElrindirScene1,defined,yes,Skyrim.esm
CORE-0951,core,V02,V02-03,standard,Skyrim.esm,D:\Wabbajack\modlists\Anvil\Stock Game\Data\Skyrim.esm,Skyrim.esm:07EC71,DialogueWhiterunStablesScene4,defined,yes,Skyrim.esm
CORE-0952,core,V02,V02-03,standard,Skyrim.esm,D:\Wabbajack\modlists\Anvil\Stock Game\Data\Skyrim.esm,Skyrim.esm:07EC6F,DialogueWhiterunCarlottaBrenuinScene2,defined,yes,Skyrim.esm
CORE-0953,core,V02,V02-03,standard,Skyrim.esm,D:\Wabbajack\modlists\Anvil\Stock Game\Data\Skyrim.esm,Skyrim.esm:07EC6D,DialogueWhiterunCarlottaMilaScene1,defined,yes,Skyrim.esm
CORE-0954,core,V02,V02-03,standard,Skyrim.esm,D:\Wabbajack\modlists\Anvil\Stock Game\Data\Skyrim.esm,Skyrim.esm:07EC6B,DialogueWhiterunAnoriathNazeemScene1,defined,yes,Skyrim.esm
CORE-0955,core,V02,V02-03,standard,Skyrim.esm,D:\Wabbajack\modlists\Anvil\Stock Game\Data\Skyrim.esm,Skyrim.esm:07EC69,DialogueWhiterunFraliaLillithScene1,defined,yes,Skyrim.esm
CORE-0956,core,V02,V02-03,standard,Skyrim.esm,D:\Wabbajack\modlists\Anvil\Stock Game\Data\Skyrim.esm,Skyrim.esm:07EC67,DialogueWhiterunStablesScene3,defined,yes,Skyrim.esm
CORE-0957,core,V02,V02-03,standard,Skyrim.esm,D:\Wabbajack\modlists\Anvil\Stock Game\Data\Skyrim.esm,Skyrim.esm:07EC65,DialogueWhiterunStablesScene2,defined,yes,Skyrim.esm
CORE-0958,core,V02,V02-03,standard,Skyrim.esm,D:\Wabbajack\modlists\Anvil\Stock Game\Data\Skyrim.esm,Skyrim.esm:07EC63,DialogueWhiterunStablesScene1,defined,yes,Skyrim.esm
CORE-0959,core,V02,V02-03,standard,Skyrim.esm,D:\Wabbajack\modlists\Anvil\Stock Game\Data\Skyrim.esm,Skyrim.esm:07EB37,TG02SP,defined,yes,Skyrim.esm
CORE-0960,core,V02,V02-03,standard,Skyrim.esm,D:\Wabbajack\modlists\Anvil\Stock Game\Data\Skyrim.esm,Skyrim.esm:07EA5D,CWEscapeCity,defined,yes,Skyrim.esm
CORE-0961,core,V02,V02-03,standard,Skyrim.esm,D:\Wabbajack\modlists\Anvil\Stock Game\Data\Skyrim.esm,Skyrim.esm:07C727,CreatureDialogueDeer,defined,yes,Skyrim.esm
CORE-0962,core,V02,V02-03,standard,Skyrim.esm,D:\Wabbajack\modlists\Anvil\Stock Game\Data\Skyrim.esm,Skyrim.esm:07A732,CreatureDialogueDwarvenSphere,defined,yes,Skyrim.esm
CORE-0963,core,V02,V02-03,standard,Skyrim.esm,D:\Wabbajack\modlists\Anvil\Stock Game\Data\Skyrim.esm,Skyrim.esm:0799E2,TGTQ04,defined,yes,Skyrim.esm
CORE-0964,core,V02,V02-03,standard,Skyrim.esm,D:\Wabbajack\modlists\Anvil\Stock Game\Data\Skyrim.esm,Skyrim.esm:0799E1,TGTQ03,defined,yes,Skyrim.esm
CORE-0965,core,V02,V02-03,standard,Skyrim.esm,D:\Wabbajack\modlists\Anvil\Stock Game\Data\Skyrim.esm,Skyrim.esm:0799E0,TGTQ02,defined,yes,Skyrim.esm
CORE-0966,core,V02,V02-03,standard,Skyrim.esm,D:\Wabbajack\modlists\Anvil\Stock Game\Data\Skyrim.esm,Skyrim.esm:0799DF,TGTQ01,defined,yes,Skyrim.esm
CORE-0967,core,V02,V02-03,standard,Skyrim.esm,D:\Wabbajack\modlists\Anvil\Stock Game\Data\Skyrim.esm,Skyrim.esm:078F52,DialogueDarkwaterCrossingInnScene5,defined,yes,Skyrim.esm
CORE-0968,core,V02,V02-03,standard,Skyrim.esm,D:\Wabbajack\modlists\Anvil\Stock Game\Data\Skyrim.esm,Skyrim.esm:078F50,DialogueDarkwaterCrossingInnScene4,defined,yes,Skyrim.esm
CORE-0969,core,V02,V02-03,standard,Skyrim.esm,D:\Wabbajack\modlists\Anvil\Stock Game\Data\Skyrim.esm,Skyrim.esm:078F4E,DialogueDarkwaterCrossingAnnekeVerner3,defined,yes,Skyrim.esm
CORE-0970,core,V02,V02-03,standard,Skyrim.esm,D:\Wabbajack\modlists\Anvil\Stock Game\Data\Skyrim.esm,Skyrim.esm:078F4C,DialogueDarkwaterCrossingAnnekeVerner2,defined,yes,Skyrim.esm
CORE-0971,core,V02,V02-03,standard,Skyrim.esm,D:\Wabbajack\modlists\Anvil\Stock Game\Data\Skyrim.esm,Skyrim.esm:078F4A,DialogueDarkwaterCrossingAnnekeVerner1,defined,yes,Skyrim.esm
CORE-0972,core,V02,V02-03,standard,Skyrim.esm,D:\Wabbajack\modlists\Anvil\Stock Game\Data\Skyrim.esm,Skyrim.esm:0786B9,dunPinewatchQST,defined,yes,Skyrim.esm
CORE-0973,core,V02,V02-03,standard,Skyrim.esm,D:\Wabbajack\modlists\Anvil\Stock Game\Data\Skyrim.esm,Skyrim.esm:077F9D,DialogueDarkwaterCrossingHrefnaScene4,defined,yes,Skyrim.esm
CORE-0974,core,V02,V02-03,standard,Skyrim.esm,D:\Wabbajack\modlists\Anvil\Stock Game\Data\Skyrim.esm,Skyrim.esm:077F99,DialogueDarkwaterCrossingHrefnaScene2,defined,yes,Skyrim.esm
CORE-0975,core,V02,V02-03,standard,Skyrim.esm,D:\Wabbajack\modlists\Anvil\Stock Game\Data\Skyrim.esm,Skyrim.esm:077F97,DialogueDarkwaterCrossingHrefnaScene1,defined,yes,Skyrim.esm
CORE-0976,core,V02,V02-03,standard,Skyrim.esm,D:\Wabbajack\modlists\Anvil\Stock Game\Data\Skyrim.esm,Skyrim.esm:0770C0,CWSharedCombatInfos,defined,yes,Skyrim.esm
CORE-0977,core,V02,V02-03,standard,Skyrim.esm,D:\Wabbajack\modlists\Anvil\Stock Game\Data\Skyrim.esm,Skyrim.esm:076F39,MG04MonkSceneQuest,defined,yes,Skyrim.esm
CORE-0978,core,V02,V02-03,standard,Skyrim.esm,D:\Wabbajack\modlists\Anvil\Stock Game\Data\Skyrim.esm,Skyrim.esm:076C30,MG03_dunFellglowKeepQST,defined,yes,Skyrim.esm
CORE-0979,core,V02,V02-03,standard,Skyrim.esm,D:\Wabbajack\modlists\Anvil\Stock Game\Data\Skyrim.esm,Skyrim.esm:076B4A,DarkwaterCrossingDerkeethusRescueQuest,defined,yes,Skyrim.esm
CORE-0980,core,V02,V02-03,standard,Skyrim.esm,D:\Wabbajack\modlists\Anvil\Stock Game\Data\Skyrim.esm,Skyrim.esm:074A83,FreeformRiverwood01,defined,yes,Skyrim.esm
CORE-0981,core,V02,V02-03,standard,Skyrim.esm,D:\Wabbajack\modlists\Anvil\Stock Game\Data\Skyrim.esm,Skyrim.esm:06CD54,dunIronbindQST,defined,yes,Skyrim.esm
CORE-0982,core,V02,V02-02,standard,Skyrim.esm,D:\Wabbajack\modlists\Anvil\Stock Game\Data\Skyrim.esm,Skyrim.esm:05CBAA,CWDialogue,defined,yes,Skyrim.esm
CORE-0983,core,V02,V02-02,standard,Skyrim.esm,D:\Wabbajack\modlists\Anvil\Stock Game\Data\Skyrim.esm,Skyrim.esm:05331D,FreeformRiften10,defined,yes,Skyrim.esm
CORE-0984,core,V02,V02-02,standard,Skyrim.esm,D:\Wabbajack\modlists\Anvil\Stock Game\Data\Skyrim.esm,Skyrim.esm:05331C,FreeformRiften09,defined,yes,Skyrim.esm
CORE-0985,core,V02,V02-02,standard,Skyrim.esm,D:\Wabbajack\modlists\Anvil\Stock Game\Data\Skyrim.esm,Skyrim.esm:05331B,FreeformRiften08,defined,yes,Skyrim.esm
CORE-0986,core,V02,V02-02,standard,Skyrim.esm,D:\Wabbajack\modlists\Anvil\Stock Game\Data\Skyrim.esm,Skyrim.esm:05331A,FreeformRiften07,defined,yes,Skyrim.esm
CORE-0987,core,V02,V02-02,standard,Skyrim.esm,D:\Wabbajack\modlists\Anvil\Stock Game\Data\Skyrim.esm,Skyrim.esm:053318,FreeformRiften06,defined,yes,Skyrim.esm
CORE-0988,core,V02,V02-02,standard,Skyrim.esm,D:\Wabbajack\modlists\Anvil\Stock Game\Data\Skyrim.esm,Skyrim.esm:053309,FreeformRiften05,defined,yes,Skyrim.esm
CORE-0989,core,V02,V02-02,standard,Skyrim.esm,D:\Wabbajack\modlists\Anvil\Stock Game\Data\Skyrim.esm,Skyrim.esm:053308,FreeformRiften04,defined,yes,Skyrim.esm
CORE-0990,core,V02,V02-02,standard,Skyrim.esm,D:\Wabbajack\modlists\Anvil\Stock Game\Data\Skyrim.esm,Skyrim.esm:053307,FreeformRiften03,defined,yes,Skyrim.esm
CORE-0991,core,V02,V02-02,standard,Skyrim.esm,D:\Wabbajack\modlists\Anvil\Stock Game\Data\Skyrim.esm,Skyrim.esm:053306,FreeformRiften02,defined,yes,Skyrim.esm
CORE-0992,core,V02,V02-02,standard,Skyrim.esm,D:\Wabbajack\modlists\Anvil\Stock Game\Data\Skyrim.esm,Skyrim.esm:053305,FreeformRiften01,defined,yes,Skyrim.esm
CORE-0993,core,V02,V02-02,standard,Skyrim.esm,D:\Wabbajack\modlists\Anvil\Stock Game\Data\Skyrim.esm,Skyrim.esm:04C727,FollowerCommentary03,defined,yes,Skyrim.esm
CORE-0994,core,V02,V02-02,standard,Skyrim.esm,D:\Wabbajack\modlists\Anvil\Stock Game\Data\Skyrim.esm,Skyrim.esm:04C6EB,FollowerCommentary02,defined,yes,Skyrim.esm
CORE-0995,core,V02,V02-02,standard,Skyrim.esm,D:\Wabbajack\modlists\Anvil\Stock Game\Data\Skyrim.esm,Skyrim.esm:04C49D,FollowerCommentary01,defined,yes,Skyrim.esm
CORE-0996,core,V03A,V03A-01,standard,Skyrim.esm,D:\Wabbajack\modlists\Anvil\Stock Game\Data\Skyrim.esm,Skyrim.esm:021382,RelationshipMarriageFIN,defined,no,HearthFires.esm
CORE-0997,core,V03A,V03A-01,standard,Skyrim.esm,D:\Wabbajack\modlists\Anvil\Stock Game\Data\Skyrim.esm,Skyrim.esm:0750BA,DialogueFollower,defined,no,Update.esm
CORE-0998,core,V02,V02-03,standard,Skyrim.esm,D:\Wabbajack\modlists\Anvil\Stock Game\Data\Skyrim.esm,Skyrim.esm:074793,RelationshipMarriage,defined,yes,Skyrim.esm
CORE-0999,core,V02,V02-03,standard,Skyrim.esm,D:\Wabbajack\modlists\Anvil\Stock Game\Data\Skyrim.esm,Skyrim.esm:07431B,RelationshipMarriageBreakUp,defined,yes,Skyrim.esm
CORE-1000,core,V02,V02-03,standard,Skyrim.esm,D:\Wabbajack\modlists\Anvil\Stock Game\Data\Skyrim.esm,Skyrim.esm:07404E,RelationshipMarriageWedding,defined,yes,Skyrim.esm
CORE-1001,core,V02,V02-03,standard,Skyrim.esm,D:\Wabbajack\modlists\Anvil\Stock Game\Data\Skyrim.esm,Skyrim.esm:073F0F,CWDialogueCombat,defined,yes,Skyrim.esm
CORE-1002,core,V02,V02-03,standard,Skyrim.esm,D:\Wabbajack\modlists\Anvil\Stock Game\Data\Skyrim.esm,Skyrim.esm:0717C9,DialogueRiftenRaggedFlagonScene11,defined,yes,Skyrim.esm
CORE-1003,core,V02,V02-03,standard,Skyrim.esm,D:\Wabbajack\modlists\Anvil\Stock Game\Data\Skyrim.esm,Skyrim.esm:0717C7,DialogueRiftenRaggedFlagonScene10,defined,yes,Skyrim.esm
CORE-1004,core,V02,V02-03,standard,Skyrim.esm,D:\Wabbajack\modlists\Anvil\Stock Game\Data\Skyrim.esm,Skyrim.esm:0717C5,DialogueRiftenRaggedFlagonScene09,defined,yes,Skyrim.esm
CORE-1005,core,V02,V02-03,standard,Skyrim.esm,D:\Wabbajack\modlists\Anvil\Stock Game\Data\Skyrim.esm,Skyrim.esm:0717C3,DialogueRiftenRaggedFlagonScene08,defined,yes,Skyrim.esm
CORE-1006,core,V02,V02-03,standard,Skyrim.esm,D:\Wabbajack\modlists\Anvil\Stock Game\Data\Skyrim.esm,Skyrim.esm:0717C1,DialogueRiftenRaggedFlagonScene07,defined,yes,Skyrim.esm
CORE-1007,core,V02,V02-03,standard,Skyrim.esm,D:\Wabbajack\modlists\Anvil\Stock Game\Data\Skyrim.esm,Skyrim.esm:0717BF,DialogueRiftenRaggedFlagonScene06,defined,yes,Skyrim.esm
CORE-1008,core,V02,V02-03,standard,Skyrim.esm,D:\Wabbajack\modlists\Anvil\Stock Game\Data\Skyrim.esm,Skyrim.esm:0717BD,DialogueRiftenRaggedFlagonScene05,defined,yes,Skyrim.esm
CORE-1009,core,V02,V02-03,standard,Skyrim.esm,D:\Wabbajack\modlists\Anvil\Stock Game\Data\Skyrim.esm,Skyrim.esm:0717BB,DialogueRiftenRaggedFlagonScene04,defined,yes,Skyrim.esm
CORE-1010,core,V02,V02-03,standard,Skyrim.esm,D:\Wabbajack\modlists\Anvil\Stock Game\Data\Skyrim.esm,Skyrim.esm:0717B9,DialogueRiftenRaggedFlagonScene03,defined,yes,Skyrim.esm
CORE-1011,core,V02,V02-03,standard,Skyrim.esm,D:\Wabbajack\modlists\Anvil\Stock Game\Data\Skyrim.esm,Skyrim.esm:07172A,Favor154,defined,yes,Skyrim.esm
CORE-1012,core,V02,V02-03,standard,Skyrim.esm,D:\Wabbajack\modlists\Anvil\Stock Game\Data\Skyrim.esm,Skyrim.esm:071445,WIKill04RivalDialgoue,defined,yes,Skyrim.esm
CORE-1013,core,V02,V02-03,standard,Skyrim.esm,D:\Wabbajack\modlists\Anvil\Stock Game\Data\Skyrim.esm,Skyrim.esm:071441,WIKill04,defined,yes,Skyrim.esm
CORE-1014,core,V02,V02-03,standard,Skyrim.esm,D:\Wabbajack\modlists\Anvil\Stock Game\Data\Skyrim.esm,Skyrim.esm:071228,DialogueRiftenBeggarSnilfScene,defined,yes,Skyrim.esm
CORE-1015,core,V02,V02-03,standard,Skyrim.esm,D:\Wabbajack\modlists\Anvil\Stock Game\Data\Skyrim.esm,Skyrim.esm:071226,DialogueRiftenBeggarEddaScene,defined,yes,Skyrim.esm
CORE-1016,core,V02,V02-03,standard,Skyrim.esm,D:\Wabbajack\modlists\Anvil\Stock Game\Data\Skyrim.esm,Skyrim.esm:071224,DialogueRiftenPawnedPrawnScene03,defined,yes,Skyrim.esm
CORE-1017,core,V02,V02-03,standard,Skyrim.esm,D:\Wabbajack\modlists\Anvil\Stock Game\Data\Skyrim.esm,Skyrim.esm:071222,DialogueRiftenHaelgasBunkhouseScene08,defined,yes,Skyrim.esm
CORE-1018,core,V02,V02-03,standard,Skyrim.esm,D:\Wabbajack\modlists\Anvil\Stock Game\Data\Skyrim.esm,Skyrim.esm:071220,DialogueRiftenHaelgasBunkhouseScene07,defined,yes,Skyrim.esm
CORE-1019,core,V02,V02-03,standard,Skyrim.esm,D:\Wabbajack\modlists\Anvil\Stock Game\Data\Skyrim.esm,Skyrim.esm:07121E,DialogueRiftenHaelgasBunkhouseScene06,defined,yes,Skyrim.esm
CORE-1020,core,V02,V02-03,standard,Skyrim.esm,D:\Wabbajack\modlists\Anvil\Stock Game\Data\Skyrim.esm,Skyrim.esm:07121C,DialogueRiftenHaelgasBunkhouseScene05,defined,yes,Skyrim.esm
CORE-1021,core,V02,V02-03,standard,Skyrim.esm,D:\Wabbajack\modlists\Anvil\Stock Game\Data\Skyrim.esm,Skyrim.esm:07121A,DialogueRiftenElgrimsElixirsScene04,defined,yes,Skyrim.esm
CORE-1022,core,V02,V02-03,standard,Skyrim.esm,D:\Wabbajack\modlists\Anvil\Stock Game\Data\Skyrim.esm,Skyrim.esm:071218,DialogueRiftenElgrimsElixirsScene03,defined,yes,Skyrim.esm
CORE-1023,core,V02,V02-03,standard,Skyrim.esm,D:\Wabbajack\modlists\Anvil\Stock Game\Data\Skyrim.esm,Skyrim.esm:071216,DialogueRiftenKeepScene08Alternate,defined,yes,Skyrim.esm
CORE-1024,core,V02,V02-03,standard,Skyrim.esm,D:\Wabbajack\modlists\Anvil\Stock Game\Data\Skyrim.esm,Skyrim.esm:071214,DialogueRiftenKeepScene07Alternate,defined,yes,Skyrim.esm
CORE-1025,core,V02,V02-03,standard,Skyrim.esm,D:\Wabbajack\modlists\Anvil\Stock Game\Data\Skyrim.esm,Skyrim.esm:071212,DialogueRiftenKeepScene06Alternate,defined,yes,Skyrim.esm
CORE-1026,core,V02,V02-03,standard,Skyrim.esm,D:\Wabbajack\modlists\Anvil\Stock Game\Data\Skyrim.esm,Skyrim.esm:071210,DialogueRiftenKeepScene05Alternate,defined,yes,Skyrim.esm
CORE-1027,core,V02,V02-03,standard,Skyrim.esm,D:\Wabbajack\modlists\Anvil\Stock Game\Data\Skyrim.esm,Skyrim.esm:07120E,DialogueRiftenKeepScene04Alternate,defined,yes,Skyrim.esm
CORE-1028,core,V02,V02-03,standard,Skyrim.esm,D:\Wabbajack\modlists\Anvil\Stock Game\Data\Skyrim.esm,Skyrim.esm:07120C,DialogueRiftenKeepScene03Alternate,defined,yes,Skyrim.esm
CORE-1029,core,V02,V02-03,standard,Skyrim.esm,D:\Wabbajack\modlists\Anvil\Stock Game\Data\Skyrim.esm,Skyrim.esm:07120A,DialogueRiftenKeepScene02Alternate,defined,yes,Skyrim.esm
CORE-1030,core,V02,V02-03,standard,Skyrim.esm,D:\Wabbajack\modlists\Anvil\Stock Game\Data\Skyrim.esm,Skyrim.esm:071208,DialogueRiftenKeepScene01Alternate,defined,yes,Skyrim.esm
CORE-1031,core,V02,V02-03,standard,Skyrim.esm,D:\Wabbajack\modlists\Anvil\Stock Game\Data\Skyrim.esm,Skyrim.esm:07105B,Favor204,defined,yes,Skyrim.esm
CORE-1032,core,V02,V02-03,standard,Skyrim.esm,D:\Wabbajack\modlists\Anvil\Stock Game\Data\Skyrim.esm,Skyrim.esm:070E30,WIChangeLocation05,defined,yes,Skyrim.esm
CORE-1033,core,V02,V02-03,standard,Skyrim.esm,D:\Wabbajack\modlists\Anvil\Stock Game\Data\Skyrim.esm,Skyrim.esm:070223,WICastMagic01ActorDialogueEvent,defined,yes,Skyrim.esm
CORE-1034,core,V02,V02-03,standard,Skyrim.esm,D:\Wabbajack\modlists\Anvil\Stock Game\Data\Skyrim.esm,Skyrim.esm:070217,WICastMagic01,defined,yes,Skyrim.esm
CORE-1035,core,V02,V02-03,standard,Skyrim.esm,D:\Wabbajack\modlists\Anvil\Stock Game\Data\Skyrim.esm,Skyrim.esm:06F9A5,DBEviction,defined,yes,Skyrim.esm
CORE-1036,core,V02,V02-03,standard,Skyrim.esm,D:\Wabbajack\modlists\Anvil\Stock Game\Data\Skyrim.esm,Skyrim.esm:06F8F2,WICrowd,defined,yes,Skyrim.esm
CORE-1037,core,V02,V02-03,standard,Skyrim.esm,D:\Wabbajack\modlists\Anvil\Stock Game\Data\Skyrim.esm,Skyrim.esm:06F453,DialogueGenericUniqueVoices,defined,yes,Skyrim.esm
CORE-1038,core,V03C,V03C-01,standard,Skyrim.esm,D:\Wabbajack\modlists\Anvil\Stock Game\Data\Skyrim.esm,Skyrim.esm:06F211,WIChangeLocation04,defined,no,Dragonborn.esm
CORE-1039,core,V03A,V03A-01,existing-core-row,Skyrim.esm,D:\Wabbajack\modlists\Anvil\Stock Game\Data\Skyrim.esm,Skyrim.esm:06E805,C05,defined,no,Update.esm
CORE-1040,core,V03A,V03A-01,existing-core-row,Skyrim.esm,D:\Wabbajack\modlists\Anvil\Stock Game\Data\Skyrim.esm,Skyrim.esm:06E804,C02,defined,no,Update.esm
CORE-1041,core,V03A,V03A-01,existing-core-row,Skyrim.esm,D:\Wabbajack\modlists\Anvil\Stock Game\Data\Skyrim.esm,Skyrim.esm:06E803,C01,defined,no,Update.esm
CORE-1042,core,V02,V02-03,standard,Skyrim.esm,D:\Wabbajack\modlists\Anvil\Stock Game\Data\Skyrim.esm,Skyrim.esm:06E028,WIChangeLocation03,defined,yes,Skyrim.esm
CORE-1043,core,V02,V02-03,standard,Skyrim.esm,D:\Wabbajack\modlists\Anvil\Stock Game\Data\Skyrim.esm,Skyrim.esm:06D1E1,WISabotage,defined,yes,Skyrim.esm
CORE-1044,core,V02,V02-03,standard,Skyrim.esm,D:\Wabbajack\modlists\Anvil\Stock Game\Data\Skyrim.esm,Skyrim.esm:06ABD7,CreatureDialogueGiant,defined,yes,Skyrim.esm
CORE-1045,core,V02,V02-03,standard,Skyrim.esm,D:\Wabbajack\modlists\Anvil\Stock Game\Data\Skyrim.esm,Skyrim.esm:06C9C6,WIChangeLocation02,defined,yes,Skyrim.esm
CORE-1046,core,V02,V02-03,standard,Skyrim.esm,D:\Wabbajack\modlists\Anvil\Stock Game\Data\Skyrim.esm,Skyrim.esm:06C0EA,MS05KingOlafsFestival,defined,yes,Skyrim.esm
CORE-1047,core,V02,V02-03,standard,Skyrim.esm,D:\Wabbajack\modlists\Anvil\Stock Game\Data\Skyrim.esm,Skyrim.esm:06B94B,DGArrestQuest,defined,yes,Skyrim.esm
CORE-1048,core,V02,V02-03,standard,Skyrim.esm,D:\Wabbajack\modlists\Anvil\Stock Game\Data\Skyrim.esm,Skyrim.esm:06B190,CWDialogueSoldiersHellos,defined,yes,Skyrim.esm
CORE-1049,core,V02,V02-03,standard,Skyrim.esm,D:\Wabbajack\modlists\Anvil\Stock Game\Data\Skyrim.esm,Skyrim.esm:06B18F,CWDialogueSoldiers,defined,yes,Skyrim.esm
CORE-1050,core,V02,V02-03,standard,Skyrim.esm,D:\Wabbajack\modlists\Anvil\Stock Game\Data\Skyrim.esm,Skyrim.esm:06A78E,DialogueShorsStoneGatheringScene06,defined,yes,Skyrim.esm
CORE-1051,core,V02,V02-03,standard,Skyrim.esm,D:\Wabbajack\modlists\Anvil\Stock Game\Data\Skyrim.esm,Skyrim.esm:06A78C,DialogueShorsStoneGatheringScene05,defined,yes,Skyrim.esm
CORE-1052,core,V02,V02-03,standard,Skyrim.esm,D:\Wabbajack\modlists\Anvil\Stock Game\Data\Skyrim.esm,Skyrim.esm:06A78A,DialogueShorsStoneGatheringScene04,defined,yes,Skyrim.esm
CORE-1053,core,V02,V02-03,standard,Skyrim.esm,D:\Wabbajack\modlists\Anvil\Stock Game\Data\Skyrim.esm,Skyrim.esm:06A788,DialogueShorsStoneGatheringScene03,defined,yes,Skyrim.esm
CORE-1054,core,V02,V02-03,standard,Skyrim.esm,D:\Wabbajack\modlists\Anvil\Stock Game\Data\Skyrim.esm,Skyrim.esm:06A786,DialogueShorsStoneGatheringScene02,defined,yes,Skyrim.esm
CORE-1055,core,V02,V02-03,standard,Skyrim.esm,D:\Wabbajack\modlists\Anvil\Stock Game\Data\Skyrim.esm,Skyrim.esm:06A784,DialogueShorsStoneGatheringScene01,defined,yes,Skyrim.esm
CORE-1056,core,V02,V02-03,standard,Skyrim.esm,D:\Wabbajack\modlists\Anvil\Stock Game\Data\Skyrim.esm,Skyrim.esm:06A270,CWDialogueSoldiers01,defined,yes,Skyrim.esm
CORE-1057,core,V02,V02-03,standard,Skyrim.esm,D:\Wabbajack\modlists\Anvil\Stock Game\Data\Skyrim.esm,Skyrim.esm:0695F3,DialogueOldHroldanEydisSkuliScene01,defined,yes,Skyrim.esm
CORE-1058,core,V02,V02-03,standard,Skyrim.esm,D:\Wabbajack\modlists\Anvil\Stock Game\Data\Skyrim.esm,Skyrim.esm:0695F1,DialogueOldHroldanEydisSkuliScene02,defined,yes,Skyrim.esm
CORE-1059,core,V02,V02-03,standard,Skyrim.esm,D:\Wabbajack\modlists\Anvil\Stock Game\Data\Skyrim.esm,Skyrim.esm:0681D4,FreeformFrostRiver,defined,yes,Skyrim.esm
CORE-1060,core,V02,V02-03,standard,Skyrim.esm,D:\Wabbajack\modlists\Anvil\Stock Game\Data\Skyrim.esm,Skyrim.esm:06819E,RelationshipOrcs,defined,yes,Skyrim.esm
CORE-1061,core,V02,V02-03,standard,Skyrim.esm,D:\Wabbajack\modlists\Anvil\Stock Game\Data\Skyrim.esm,Skyrim.esm:06819A,FreeformOldHroldanB,defined,yes,Skyrim.esm
CORE-1062,core,V02,V02-03,standard,Skyrim.esm,D:\Wabbajack\modlists\Anvil\Stock Game\Data\Skyrim.esm,Skyrim.esm:067733,DialogueIvarsteadTembasMillScene02,defined,yes,Skyrim.esm
CORE-1063,core,V02,V02-03,standard,Skyrim.esm,D:\Wabbajack\modlists\Anvil\Stock Game\Data\Skyrim.esm,Skyrim.esm:067731,DialogueIvarsteadTembasMillScene01,defined,yes,Skyrim.esm
CORE-1064,core,V02,V02-03,standard,Skyrim.esm,D:\Wabbajack\modlists\Anvil\Stock Game\Data\Skyrim.esm,Skyrim.esm:06772F,DialogueIvarsteadKlimmekHouseScene02,defined,yes,Skyrim.esm
CORE-1065,core,V02,V02-03,standard,Skyrim.esm,D:\Wabbajack\modlists\Anvil\Stock Game\Data\Skyrim.esm,Skyrim.esm:06772D,DialogueIvarsteadKlimmekHouseScene01,defined,yes,Skyrim.esm
CORE-1066,core,V02,V02-03,standard,Skyrim.esm,D:\Wabbajack\modlists\Anvil\Stock Game\Data\Skyrim.esm,Skyrim.esm:06772B,DialogueIvarsteadFellstarFarmScene03,defined,yes,Skyrim.esm
CORE-1067,core,V02,V02-03,standard,Skyrim.esm,D:\Wabbajack\modlists\Anvil\Stock Game\Data\Skyrim.esm,Skyrim.esm:067729,DialogueIvarsteadFellstarFarmScene02,defined,yes,Skyrim.esm
CORE-1068,core,V02,V02-03,standard,Skyrim.esm,D:\Wabbajack\modlists\Anvil\Stock Game\Data\Skyrim.esm,Skyrim.esm:067727,DialogueIvarsteadFellstarFarmScene01,defined,yes,Skyrim.esm
CORE-1069,core,V02,V02-03,standard,Skyrim.esm,D:\Wabbajack\modlists\Anvil\Stock Game\Data\Skyrim.esm,Skyrim.esm:067725,DialogueIvarsteadInnScene06,defined,yes,Skyrim.esm
CORE-1070,core,V02,V02-03,standard,Skyrim.esm,D:\Wabbajack\modlists\Anvil\Stock Game\Data\Skyrim.esm,Skyrim.esm:067723,DialogueIvarsteadInnScene05,defined,yes,Skyrim.esm
CORE-1071,core,V02,V02-03,standard,Skyrim.esm,D:\Wabbajack\modlists\Anvil\Stock Game\Data\Skyrim.esm,Skyrim.esm:067721,DialogueIvarsteadInnScene04,defined,yes,Skyrim.esm
CORE-1072,core,V02,V02-03,standard,Skyrim.esm,D:\Wabbajack\modlists\Anvil\Stock Game\Data\Skyrim.esm,Skyrim.esm:06771F,DialogueIvarsteadInnScene03,defined,yes,Skyrim.esm
CORE-1073,core,V02,V02-03,standard,Skyrim.esm,D:\Wabbajack\modlists\Anvil\Stock Game\Data\Skyrim.esm,Skyrim.esm:06771D,DialogueIvarsteadInnScene02,defined,yes,Skyrim.esm
CORE-1074,core,V02,V02-03,standard,Skyrim.esm,D:\Wabbajack\modlists\Anvil\Stock Game\Data\Skyrim.esm,Skyrim.esm:06771B,DialogueIvarsteadInnScene01,defined,yes,Skyrim.esm
CORE-1075,core,V02,V02-03,standard,Skyrim.esm,D:\Wabbajack\modlists\Anvil\Stock Game\Data\Skyrim.esm,Skyrim.esm:06759B,CreatureDialogueFalmer,defined,yes,Skyrim.esm
CORE-1076,core,V02,V02-03,standard,Skyrim.esm,D:\Wabbajack\modlists\Anvil\Stock Game\Data\Skyrim.esm,Skyrim.esm:065726,DialogueWinterholdBirnasHouseScene04,defined,yes,Skyrim.esm
CORE-1077,core,V02,V02-03,standard,Skyrim.esm,D:\Wabbajack\modlists\Anvil\Stock Game\Data\Skyrim.esm,Skyrim.esm:065724,DialogueWinterholdBirnasHouseScene03,defined,yes,Skyrim.esm
CORE-1078,core,V02,V02-03,standard,Skyrim.esm,D:\Wabbajack\modlists\Anvil\Stock Game\Data\Skyrim.esm,Skyrim.esm:06571F,DialogueWinterholdBirnasHouseScene02,defined,yes,Skyrim.esm
CORE-1079,core,V02,V02-03,standard,Skyrim.esm,D:\Wabbajack\modlists\Anvil\Stock Game\Data\Skyrim.esm,Skyrim.esm:06571D,DialogueWinterholdBirnasHouseScene01,defined,yes,Skyrim.esm
CORE-1080,core,V02,V02-03,standard,Skyrim.esm,D:\Wabbajack\modlists\Anvil\Stock Game\Data\Skyrim.esm,Skyrim.esm:06531D,FreeformWinterholdCFin,defined,yes,Skyrim.esm
CORE-1081,core,V02,V02-03,standard,Skyrim.esm,D:\Wabbajack\modlists\Anvil\Stock Game\Data\Skyrim.esm,Skyrim.esm:064F6C,CWMiscObj,defined,yes,Skyrim.esm
CORE-1082,core,V02,V02-03,standard,Skyrim.esm,D:\Wabbajack\modlists\Anvil\Stock Game\Data\Skyrim.esm,Skyrim.esm:064EA8,FreeformWinterholdC,defined,yes,Skyrim.esm
CORE-1083,core,V02,V02-02,standard,Skyrim.esm,D:\Wabbajack\modlists\Anvil\Stock Game\Data\Skyrim.esm,Skyrim.esm:063B57,MQ201Party,defined,yes,Skyrim.esm
CORE-1084,core,V02,V02-02,standard,Skyrim.esm,D:\Wabbajack\modlists\Anvil\Stock Game\Data\Skyrim.esm,Skyrim.esm:063B40,DialogueKarthwastenLashBelchimac02,defined,yes,Skyrim.esm
CORE-1085,core,V02,V02-02,standard,Skyrim.esm,D:\Wabbajack\modlists\Anvil\Stock Game\Data\Skyrim.esm,Skyrim.esm:063B3E,DialogueKarthwastenLashBelchimac01,defined,yes,Skyrim.esm
CORE-1086,core,V02,V02-02,standard,Skyrim.esm,D:\Wabbajack\modlists\Anvil\Stock Game\Data\Skyrim.esm,Skyrim.esm:063B3C,DialogueKarthwastenRagnarBelchimac02,defined,yes,Skyrim.esm
CORE-1087,core,V02,V02-02,standard,Skyrim.esm,D:\Wabbajack\modlists\Anvil\Stock Game\Data\Skyrim.esm,Skyrim.esm:063B39,DialogueKarthwastenRagnarBelchimac01,defined,yes,Skyrim.esm
CORE-1088,core,V02,V02-02,standard,Skyrim.esm,D:\Wabbajack\modlists\Anvil\Stock Game\Data\Skyrim.esm,Skyrim.esm:063B37,DialogueKarthwastenRagnarLash04,defined,yes,Skyrim.esm
CORE-1089,core,V02,V02-02,standard,Skyrim.esm,D:\Wabbajack\modlists\Anvil\Stock Game\Data\Skyrim.esm,Skyrim.esm:063B35,DialogueKarthwastenRagnarLash03,defined,yes,Skyrim.esm
CORE-1090,core,V02,V02-02,standard,Skyrim.esm,D:\Wabbajack\modlists\Anvil\Stock Game\Data\Skyrim.esm,Skyrim.esm:063B33,DialogueKarthwastenRagnarLash02,defined,yes,Skyrim.esm
CORE-1091,core,V02,V02-02,standard,Skyrim.esm,D:\Wabbajack\modlists\Anvil\Stock Game\Data\Skyrim.esm,Skyrim.esm:063B31,DialogueKarthwastenRagnarLash01,defined,yes,Skyrim.esm
CORE-1092,core,V02,V02-02,standard,Skyrim.esm,D:\Wabbajack\modlists\Anvil\Stock Game\Data\Skyrim.esm,Skyrim.esm:063B2F,DialogueKarthwastenT01EnmonsHouseScene04,defined,yes,Skyrim.esm
CORE-1093,core,V02,V02-02,standard,Skyrim.esm,D:\Wabbajack\modlists\Anvil\Stock Game\Data\Skyrim.esm,Skyrim.esm:063B2D,DialogueKarthwastenT01EnmonsHouseScene03,defined,yes,Skyrim.esm
CORE-1094,core,V02,V02-02,standard,Skyrim.esm,D:\Wabbajack\modlists\Anvil\Stock Game\Data\Skyrim.esm,Skyrim.esm:063B2B,DialogueKarthwastenT01EnmonsHouseScene02,defined,yes,Skyrim.esm
CORE-1095,core,V02,V02-02,standard,Skyrim.esm,D:\Wabbajack\modlists\Anvil\Stock Game\Data\Skyrim.esm,Skyrim.esm:063B24,DialogueKarthwastenT01EnmonsHouseScene01,defined,yes,Skyrim.esm
CORE-1096,core,V02,V02-02,standard,Skyrim.esm,D:\Wabbajack\modlists\Anvil\Stock Game\Data\Skyrim.esm,Skyrim.esm:063B18,DialogueKarthwastenEnmonBelchimach02,defined,yes,Skyrim.esm
CORE-1097,core,V02,V02-02,standard,Skyrim.esm,D:\Wabbajack\modlists\Anvil\Stock Game\Data\Skyrim.esm,Skyrim.esm:063B16,DialogueKarthwastenEnmonBelchimach01,defined,yes,Skyrim.esm
CORE-1098,core,V02,V02-02,standard,Skyrim.esm,D:\Wabbajack\modlists\Anvil\Stock Game\Data\Skyrim.esm,Skyrim.esm:063B14,DialogueKarthwastenRagnarLash05,defined,yes,Skyrim.esm
CORE-1099,core,V02,V02-02,standard,Skyrim.esm,D:\Wabbajack\modlists\Anvil\Stock Game\Data\Skyrim.esm,Skyrim.esm:06399F,CreatureDialogueChaurus,defined,yes,Skyrim.esm
CORE-1100,core,V02,V02-02,standard,Skyrim.esm,D:\Wabbajack\modlists\Anvil\Stock Game\Data\Skyrim.esm,Skyrim.esm:062F54,FreeformWinterholdA,defined,yes,Skyrim.esm
CORE-1101,core,V02,V02-02,standard,Skyrim.esm,D:\Wabbajack\modlists\Anvil\Stock Game\Data\Skyrim.esm,Skyrim.esm:0622E8,FreeformKarthwastenA,defined,yes,Skyrim.esm
CORE-1102,core,V02,V02-02,standard,Skyrim.esm,D:\Wabbajack\modlists\Anvil\Stock Game\Data\Skyrim.esm,Skyrim.esm:05F596,PerksQuest,defined,yes,Skyrim.esm
CORE-1103,core,V02,V02-02,standard,Skyrim.esm,D:\Wabbajack\modlists\Anvil\Stock Game\Data\Skyrim.esm,Skyrim.esm:04E848,CreatureDialogueAtronachFrost,defined,yes,Skyrim.esm
CORE-1104,core,V02,V02-01,standard,Skyrim.esm,D:\Wabbajack\modlists\Anvil\Stock Game\Data\Skyrim.esm,Skyrim.esm:02BB38,DA10HauntingController,defined,yes,Skyrim.esm
CORE-1105,core,V02,V02-01,standard,Skyrim.esm,D:\Wabbajack\modlists\Anvil\Stock Game\Data\Skyrim.esm,Skyrim.esm:021896,FreeformMorthalB,defined,yes,Skyrim.esm
CORE-1106,core,V02,V02-01,standard,Skyrim.esm,D:\Wabbajack\modlists\Anvil\Stock Game\Data\Skyrim.esm,Skyrim.esm:021891,FreeformMorthalA,defined,yes,Skyrim.esm
CORE-1107,core,V02,V02-01,standard,Skyrim.esm,D:\Wabbajack\modlists\Anvil\Stock Game\Data\Skyrim.esm,Skyrim.esm:01FD98,DialogueKolskeggrMineHouseScene02,defined,yes,Skyrim.esm
CORE-1108,core,V02,V02-01,standard,Skyrim.esm,D:\Wabbajack\modlists\Anvil\Stock Game\Data\Skyrim.esm,Skyrim.esm:01FD96,DialogueKolskeggrMineHouseScene01,defined,yes,Skyrim.esm
CORE-1109,core,V02,V02-01,standard,Skyrim.esm,D:\Wabbajack\modlists\Anvil\Stock Game\Data\Skyrim.esm,Skyrim.esm:01FD92,DialogueKolskeggrMineScene02,defined,yes,Skyrim.esm
CORE-1110,core,V02,V02-01,standard,Skyrim.esm,D:\Wabbajack\modlists\Anvil\Stock Game\Data\Skyrim.esm,Skyrim.esm:01FD8C,DialogueLeftHandMinePavoGatScene02,defined,yes,Skyrim.esm
CORE-1111,core,V02,V02-01,standard,Skyrim.esm,D:\Wabbajack\modlists\Anvil\Stock Game\Data\Skyrim.esm,Skyrim.esm:01FD89,DialogueLeftHandMineDaighreErith02,defined,yes,Skyrim.esm
CORE-1112,core,V02,V02-01,standard,Skyrim.esm,D:\Wabbajack\modlists\Anvil\Stock Game\Data\Skyrim.esm,Skyrim.esm:01FD7A,DialogueKolskeggrMineScene01,defined,yes,Skyrim.esm
CORE-1113,core,V02,V02-01,standard,Skyrim.esm,D:\Wabbajack\modlists\Anvil\Stock Game\Data\Skyrim.esm,Skyrim.esm:01FD76,DialogueKolskeggrMine,defined,yes,Skyrim.esm
CORE-1114,core,V02,V02-01,existing-core-row,Skyrim.esm,D:\Wabbajack\modlists\Anvil\Stock Game\Data\Skyrim.esm,Skyrim.esm:01FD72,FreeformKolskeggrA,defined,yes,Skyrim.esm
CORE-1115,core,V02,V02-01,standard,Skyrim.esm,D:\Wabbajack\modlists\Anvil\Stock Game\Data\Skyrim.esm,Skyrim.esm:01A4EA,DA02Post,defined,yes,Skyrim.esm
CORE-1116,core,V02,V02-02,standard,Skyrim.esm,D:\Wabbajack\modlists\Anvil\Stock Game\Data\Skyrim.esm,Skyrim.esm:061510,DialogueSoljundsMineScene02,defined,yes,Skyrim.esm
CORE-1117,core,V02,V02-02,standard,Skyrim.esm,D:\Wabbajack\modlists\Anvil\Stock Game\Data\Skyrim.esm,Skyrim.esm:06150E,DialogueSoljundsMineScene01,defined,yes,Skyrim.esm
CORE-1118,core,V02,V02-02,standard,Skyrim.esm,D:\Wabbajack\modlists\Anvil\Stock Game\Data\Skyrim.esm,Skyrim.esm:0614FC,DialogueSoljundsMineHouseScene04,defined,yes,Skyrim.esm
CORE-1119,core,V02,V02-02,standard,Skyrim.esm,D:\Wabbajack\modlists\Anvil\Stock Game\Data\Skyrim.esm,Skyrim.esm:0614FA,DialogueSoljundsMineHouseScene03,defined,yes,Skyrim.esm
CORE-1120,core,V02,V02-02,standard,Skyrim.esm,D:\Wabbajack\modlists\Anvil\Stock Game\Data\Skyrim.esm,Skyrim.esm:0614F7,DialogueSoljundsMineHouseScene02,defined,yes,Skyrim.esm
CORE-1121,core,V02,V02-02,standard,Skyrim.esm,D:\Wabbajack\modlists\Anvil\Stock Game\Data\Skyrim.esm,Skyrim.esm:06136B,FreeformSoljundsSinkholeA,defined,yes,Skyrim.esm
CORE-1122,core,V02,V02-02,standard,Skyrim.esm,D:\Wabbajack\modlists\Anvil\Stock Game\Data\Skyrim.esm,Skyrim.esm:060990,TGRNT,defined,yes,Skyrim.esm
CORE-1123,core,V02,V02-02,standard,Skyrim.esm,D:\Wabbajack\modlists\Anvil\Stock Game\Data\Skyrim.esm,Skyrim.esm:06098E,TGRFO,defined,yes,Skyrim.esm
CORE-1124,core,V02,V02-02,standard,Skyrim.esm,D:\Wabbajack\modlists\Anvil\Stock Game\Data\Skyrim.esm,Skyrim.esm:060713,DialogueMorKhazgurBagrakBorghakScene01,defined,yes,Skyrim.esm
CORE-1125,core,V02,V02-02,standard,Skyrim.esm,D:\Wabbajack\modlists\Anvil\Stock Game\Data\Skyrim.esm,Skyrim.esm:0606FF,DialogueDushnikhYalBlacksmithingScene03,defined,yes,Skyrim.esm
CORE-1126,core,V02,V02-02,standard,Skyrim.esm,D:\Wabbajack\modlists\Anvil\Stock Game\Data\Skyrim.esm,Skyrim.esm:0606FD,DialogueDushnikhYalBlacksmithingScene02,defined,yes,Skyrim.esm
CORE-1127,core,V02,V02-02,standard,Skyrim.esm,D:\Wabbajack\modlists\Anvil\Stock Game\Data\Skyrim.esm,Skyrim.esm:0606FB,DialogueDushnikhYalBlacksmithingScene01,defined,yes,Skyrim.esm
CORE-1128,core,V02,V02-02,standard,Skyrim.esm,D:\Wabbajack\modlists\Anvil\Stock Game\Data\Skyrim.esm,Skyrim.esm:05E2E1,DialogueWinterholdCollegeDormitoryScene09,defined,yes,Skyrim.esm
CORE-1129,core,V02,V02-02,standard,Skyrim.esm,D:\Wabbajack\modlists\Anvil\Stock Game\Data\Skyrim.esm,Skyrim.esm:05E2DF,DialogueWinterholdCollegeDormitoryScene08,defined,yes,Skyrim.esm
CORE-1130,core,V02,V02-02,standard,Skyrim.esm,D:\Wabbajack\modlists\Anvil\Stock Game\Data\Skyrim.esm,Skyrim.esm:05E2DD,DialogueWinterholdCollegeGHallScene05,defined,yes,Skyrim.esm
CORE-1131,core,V02,V02-02,standard,Skyrim.esm,D:\Wabbajack\modlists\Anvil\Stock Game\Data\Skyrim.esm,Skyrim.esm:05E2DB,DialogueWinterholdCollegeDormitoryScene07,defined,yes,Skyrim.esm
CORE-1132,core,V02,V02-02,standard,Skyrim.esm,D:\Wabbajack\modlists\Anvil\Stock Game\Data\Skyrim.esm,Skyrim.esm:05E2D9,DialogueWinterholdCollegeDormitoryScene06,defined,yes,Skyrim.esm
CORE-1133,core,V02,V02-02,standard,Skyrim.esm,D:\Wabbajack\modlists\Anvil\Stock Game\Data\Skyrim.esm,Skyrim.esm:05E2D7,DialogueWinterholdCollegeArcanaeumScene07,defined,yes,Skyrim.esm
CORE-1134,core,V02,V02-02,standard,Skyrim.esm,D:\Wabbajack\modlists\Anvil\Stock Game\Data\Skyrim.esm,Skyrim.esm:05D330,DA05LocationCheck,defined,yes,Skyrim.esm
CORE-1135,core,V02,V02-02,standard,Skyrim.esm,D:\Wabbajack\modlists\Anvil\Stock Game\Data\Skyrim.esm,Skyrim.esm:05D32E,DialogueWinterholdCollegeDormitoryScene05,defined,yes,Skyrim.esm
CORE-1136,core,V02,V02-02,standard,Skyrim.esm,D:\Wabbajack\modlists\Anvil\Stock Game\Data\Skyrim.esm,Skyrim.esm:05D32C,DialogueWinterholdCollegeDormitoryScene04,defined,yes,Skyrim.esm
CORE-1137,core,V02,V02-02,standard,Skyrim.esm,D:\Wabbajack\modlists\Anvil\Stock Game\Data\Skyrim.esm,Skyrim.esm:05D32A,DialogueWinterholdCollegeDormitoryScene03,defined,yes,Skyrim.esm
CORE-1138,core,V02,V02-02,standard,Skyrim.esm,D:\Wabbajack\modlists\Anvil\Stock Game\Data\Skyrim.esm,Skyrim.esm:05D2E9,FreeformWinterholdCollegeA,defined,yes,Skyrim.esm
CORE-1139,core,V03B,V03B-01,standard,Skyrim.esm,D:\Wabbajack\modlists\Anvil\Stock Game\Data\Skyrim.esm,Skyrim.esm:05C625,VC01,defined,no,Dawnguard.esm
CORE-1140,core,V02,V02-02,standard,Skyrim.esm,D:\Wabbajack\modlists\Anvil\Stock Game\Data\Skyrim.esm,Skyrim.esm:0548DB,CWResetGarrison8,defined,yes,Skyrim.esm
CORE-1141,core,V02,V02-02,standard,Skyrim.esm,D:\Wabbajack\modlists\Anvil\Stock Game\Data\Skyrim.esm,Skyrim.esm:0548DA,CWResetGarrison7,defined,yes,Skyrim.esm
CORE-1142,core,V02,V02-02,standard,Skyrim.esm,D:\Wabbajack\modlists\Anvil\Stock Game\Data\Skyrim.esm,Skyrim.esm:0548D9,CWResetGarrison6,defined,yes,Skyrim.esm
CORE-1143,core,V02,V02-02,standard,Skyrim.esm,D:\Wabbajack\modlists\Anvil\Stock Game\Data\Skyrim.esm,Skyrim.esm:0548D8,CWResetGarrison5,defined,yes,Skyrim.esm
CORE-1144,core,V02,V02-02,standard,Skyrim.esm,D:\Wabbajack\modlists\Anvil\Stock Game\Data\Skyrim.esm,Skyrim.esm:0548D7,CWResetGarrison4,defined,yes,Skyrim.esm
CORE-1145,core,V02,V02-02,standard,Skyrim.esm,D:\Wabbajack\modlists\Anvil\Stock Game\Data\Skyrim.esm,Skyrim.esm:0548D6,CWResetGarrison3,defined,yes,Skyrim.esm
CORE-1146,core,V02,V02-02,standard,Skyrim.esm,D:\Wabbajack\modlists\Anvil\Stock Game\Data\Skyrim.esm,Skyrim.esm:0548D5,CWResetGarrison2,defined,yes,Skyrim.esm
CORE-1147,core,V02,V02-02,existing-core-row,Skyrim.esm,D:\Wabbajack\modlists\Anvil\Stock Game\Data\Skyrim.esm,Skyrim.esm:053511,MS05,defined,yes,Skyrim.esm
CORE-1148,core,V02,V02-02,standard,Skyrim.esm,D:\Wabbajack\modlists\Anvil\Stock Game\Data\Skyrim.esm,Skyrim.esm:05B5DC,MGSuspensionQuest,defined,yes,Skyrim.esm
CORE-1149,core,V02,V02-02,standard,Skyrim.esm,D:\Wabbajack\modlists\Anvil\Stock Game\Data\Skyrim.esm,Skyrim.esm:05B2F2,DialogueGenericDogHellos,defined,yes,Skyrim.esm
CORE-1150,core,V02,V02-02,standard,Skyrim.esm,D:\Wabbajack\modlists\Anvil\Stock Game\Data\Skyrim.esm,Skyrim.esm:05B2A1,DialogueDawnstarInnIrgnirFrukiScene01,defined,yes,Skyrim.esm
CORE-1151,core,V02,V02-02,standard,Skyrim.esm,D:\Wabbajack\modlists\Anvil\Stock Game\Data\Skyrim.esm,Skyrim.esm:05B29F,DialogueDawnstarInnIrgnirFrukiScene02,defined,yes,Skyrim.esm
CORE-1152,core,V02,V02-02,standard,Skyrim.esm,D:\Wabbajack\modlists\Anvil\Stock Game\Data\Skyrim.esm,Skyrim.esm:05B29D,DialogueDawnstarInnFridaThoringScene01,defined,yes,Skyrim.esm
CORE-1153,core,V02,V02-02,standard,Skyrim.esm,D:\Wabbajack\modlists\Anvil\Stock Game\Data\Skyrim.esm,Skyrim.esm:05B29B,DialogueDawnstarInnFridaThoringScene02,defined,yes,Skyrim.esm
CORE-1154,core,V02,V02-02,standard,Skyrim.esm,D:\Wabbajack\modlists\Anvil\Stock Game\Data\Skyrim.esm,Skyrim.esm:05B299,DialogueDawnstarInnFridaKaritaScene01,defined,yes,Skyrim.esm
CORE-1155,core,V02,V02-02,standard,Skyrim.esm,D:\Wabbajack\modlists\Anvil\Stock Game\Data\Skyrim.esm,Skyrim.esm:05B297,DialogueDawnstarInnFridaKaritaScene02,defined,yes,Skyrim.esm
CORE-1156,core,V02,V02-02,standard,Skyrim.esm,D:\Wabbajack\modlists\Anvil\Stock Game\Data\Skyrim.esm,Skyrim.esm:05B1B9,DialogueGenericSceneDog01,defined,yes,Skyrim.esm
CORE-1157,core,V02,V02-02,standard,Skyrim.esm,D:\Wabbajack\modlists\Anvil\Stock Game\Data\Skyrim.esm,Skyrim.esm:05B1B7,CreatureDialogueDog,defined,yes,Skyrim.esm
CORE-1158,core,V02,V02-02,standard,Skyrim.esm,D:\Wabbajack\modlists\Anvil\Stock Game\Data\Skyrim.esm,Skyrim.esm:05B0EA,dunDuskglowQST,defined,yes,Skyrim.esm
CORE-1159,core,V02,V02-02,standard,Skyrim.esm,D:\Wabbajack\modlists\Anvil\Stock Game\Data\Skyrim.esm,Skyrim.esm:05AEC3,dunWhiterunJailQST,defined,yes,Skyrim.esm
CORE-1160,core,V02,V02-02,standard,Skyrim.esm,D:\Wabbajack\modlists\Anvil\Stock Game\Data\Skyrim.esm,Skyrim.esm:05A830,CWMissionCatchEventBottomB,defined,yes,Skyrim.esm
CORE-1161,core,V02,V02-02,standard,Skyrim.esm,D:\Wabbajack\modlists\Anvil\Stock Game\Data\Skyrim.esm,Skyrim.esm:05A82F,CWMissionCatchEventTopB,defined,yes,Skyrim.esm
CORE-1162,core,V02,V02-02,standard,Skyrim.esm,D:\Wabbajack\modlists\Anvil\Stock Game\Data\Skyrim.esm,Skyrim.esm:05A82D,CWMissionCatchEventBottomA,defined,yes,Skyrim.esm
CORE-1163,core,V02,V02-02,standard,Skyrim.esm,D:\Wabbajack\modlists\Anvil\Stock Game\Data\Skyrim.esm,Skyrim.esm:05A82C,CWMissionCatchEventTopA,defined,yes,Skyrim.esm
CORE-1164,core,V02,V02-02,standard,Skyrim.esm,D:\Wabbajack\modlists\Anvil\Stock Game\Data\Skyrim.esm,Skyrim.esm:05A6DC,DialogueFavorGeneric,defined,yes,Skyrim.esm
CORE-1165,core,V02,V02-02,standard,Skyrim.esm,D:\Wabbajack\modlists\Anvil\Stock Game\Data\Skyrim.esm,Skyrim.esm:05A609,MGRRogue,defined,yes,Skyrim.esm
CORE-1166,core,V02,V02-02,standard,Skyrim.esm,D:\Wabbajack\modlists\Anvil\Stock Game\Data\Skyrim.esm,Skyrim.esm:059F7E,DialogueMarkarthSmelterOmluagHathrasil01,defined,yes,Skyrim.esm
CORE-1167,core,V02,V02-02,standard,Skyrim.esm,D:\Wabbajack\modlists\Anvil\Stock Game\Data\Skyrim.esm,Skyrim.esm:059F7C,DialogueMarkarthSmelterOmluagHathrasil02,defined,yes,Skyrim.esm
CORE-1168,core,V02,V02-02,standard,Skyrim.esm,D:\Wabbajack\modlists\Anvil\Stock Game\Data\Skyrim.esm,Skyrim.esm:059F7A,DialogueMarkarthSmelterMulushHathrasil01,defined,yes,Skyrim.esm
CORE-1169,core,V02,V02-02,standard,Skyrim.esm,D:\Wabbajack\modlists\Anvil\Stock Game\Data\Skyrim.esm,Skyrim.esm:059F78,DialogueMarkarthSmelterMulushHathrasil02,defined,yes,Skyrim.esm
CORE-1170,core,V02,V02-02,standard,Skyrim.esm,D:\Wabbajack\modlists\Anvil\Stock Game\Data\Skyrim.esm,Skyrim.esm:059F76,DialogueMarkarthSmelterMulushOmluag01,defined,yes,Skyrim.esm
CORE-1171,core,V02,V02-02,standard,Skyrim.esm,D:\Wabbajack\modlists\Anvil\Stock Game\Data\Skyrim.esm,Skyrim.esm:059F74,DialogueMarkarthSmelterMulushOmluag02,defined,yes,Skyrim.esm
CORE-1172,core,V02,V02-02,standard,Skyrim.esm,D:\Wabbajack\modlists\Anvil\Stock Game\Data\Skyrim.esm,Skyrim.esm:059F72,DialogueMarkarthArnleifLisbetCosnachScene02,defined,yes,Skyrim.esm
CORE-1173,core,V02,V02-02,standard,Skyrim.esm,D:\Wabbajack\modlists\Anvil\Stock Game\Data\Skyrim.esm,Skyrim.esm:059F70,DialogueMarkarthArnleifLisbetCosnachScene01,defined,yes,Skyrim.esm
CORE-1174,core,V02,V02-02,standard,Skyrim.esm,D:\Wabbajack\modlists\Anvil\Stock Game\Data\Skyrim.esm,Skyrim.esm:059B02,DialogueMarkarthKeepMothThongvorScene02,defined,yes,Skyrim.esm
CORE-1175,core,V02,V02-02,standard,Skyrim.esm,D:\Wabbajack\modlists\Anvil\Stock Game\Data\Skyrim.esm,Skyrim.esm:059B00,DialogueMarkarthKeepMothThongvorScene01,defined,yes,Skyrim.esm
CORE-1176,core,V02,V02-02,standard,Skyrim.esm,D:\Wabbajack\modlists\Anvil\Stock Game\Data\Skyrim.esm,Skyrim.esm:0590D4,DialogueMarkarthMarketSceneHogniDegaine2,defined,yes,Skyrim.esm
CORE-1177,core,V02,V02-02,standard,Skyrim.esm,D:\Wabbajack\modlists\Anvil\Stock Game\Data\Skyrim.esm,Skyrim.esm:0590D2,DialogueMarkarthMarketSceneHogniDegaine1,defined,yes,Skyrim.esm
CORE-1178,core,V02,V02-02,standard,Skyrim.esm,D:\Wabbajack\modlists\Anvil\Stock Game\Data\Skyrim.esm,Skyrim.esm:0590D0,DialogueMarkarthInnEndonFamilyScene02,defined,yes,Skyrim.esm
CORE-1179,core,V02,V02-02,standard,Skyrim.esm,D:\Wabbajack\modlists\Anvil\Stock Game\Data\Skyrim.esm,Skyrim.esm:0590CE,DialogueMarkarthInnEndonFamilyScene01,defined,yes,Skyrim.esm
CORE-1180,core,V02,V02-02,existing-core-row,Skyrim.esm,D:\Wabbajack\modlists\Anvil\Stock Game\Data\Skyrim.esm,Skyrim.esm:057F99,TG08A,defined,yes,Skyrim.esm
CORE-1181,core,V02,V02-02,standard,Skyrim.esm,D:\Wabbajack\modlists\Anvil\Stock Game\Data\Skyrim.esm,Skyrim.esm:055BFD,MS08ArgueQuest,defined,yes,Skyrim.esm
CORE-1182,core,V02,V02-02,standard,Skyrim.esm,D:\Wabbajack\modlists\Anvil\Stock Game\Data\Skyrim.esm,Skyrim.esm:055AA4,TG07SP,defined,yes,Skyrim.esm
CORE-1183,core,V02,V02-02,standard,Skyrim.esm,D:\Wabbajack\modlists\Anvil\Stock Game\Data\Skyrim.esm,Skyrim.esm:055977,dunMidden01QST,defined,yes,Skyrim.esm
CORE-1184,core,V02,V02-02,standard,Skyrim.esm,D:\Wabbajack\modlists\Anvil\Stock Game\Data\Skyrim.esm,Skyrim.esm:0549F3,TG03SP,defined,yes,Skyrim.esm
CORE-1185,core,V02,V02-02,standard,Skyrim.esm,D:\Wabbajack\modlists\Anvil\Stock Game\Data\Skyrim.esm,Skyrim.esm:05478C,CR08EditorMonitoring,defined,yes,Skyrim.esm
CORE-1186,core,V02,V02-02,standard,Skyrim.esm,D:\Wabbajack\modlists\Anvil\Stock Game\Data\Skyrim.esm,Skyrim.esm:04E4B5,WE02,defined,yes,Skyrim.esm
CORE-1187,core,V02,V02-02,standard,Skyrim.esm,D:\Wabbajack\modlists\Anvil\Stock Game\Data\Skyrim.esm,Skyrim.esm:04DBC5,TGDialogueKarliah,defined,yes,Skyrim.esm
CORE-1188,core,V02,V02-02,existing-core-row,Skyrim.esm,D:\Wabbajack\modlists\Anvil\Stock Game\Data\Skyrim.esm,Skyrim.esm:052795,DA02KillObj,defined,yes,Skyrim.esm
CORE-1189,core,V02,V02-02,standard,Skyrim.esm,D:\Wabbajack\modlists\Anvil\Stock Game\Data\Skyrim.esm,Skyrim.esm:05222D,CWfortSungardQST,defined,yes,Skyrim.esm
CORE-1190,core,V02,V02-02,standard,Skyrim.esm,D:\Wabbajack\modlists\Anvil\Stock Game\Data\Skyrim.esm,Skyrim.esm:04BA6C,dunTalkingStoneQST,defined,yes,Skyrim.esm
CORE-1191,core,V02,V02-02,standard,Skyrim.esm,D:\Wabbajack\modlists\Anvil\Stock Game\Data\Skyrim.esm,Skyrim.esm:048364,dunBluePalaceWingQST,defined,yes,Skyrim.esm
CORE-1192,core,V02,V02-01,standard,Skyrim.esm,D:\Wabbajack\modlists\Anvil\Stock Game\Data\Skyrim.esm,Skyrim.esm:02FF95,CWSiegeDefendObj,defined,yes,Skyrim.esm
CORE-1193,core,V03B,V03B-01,standard,Skyrim.esm,D:\Wabbajack\modlists\Anvil\Stock Game\Data\Skyrim.esm,Skyrim.esm:02C367,TG05SP,defined,no,Dawnguard.esm
CORE-1194,core,V02,V02-01,standard,Skyrim.esm,D:\Wabbajack\modlists\Anvil\Stock Game\Data\Skyrim.esm,Skyrim.esm:02B9EB,DialogueFalkreathDeadMansDrinkScene10,defined,yes,Skyrim.esm
CORE-1195,core,V02,V02-01,standard,Skyrim.esm,D:\Wabbajack\modlists\Anvil\Stock Game\Data\Skyrim.esm,Skyrim.esm:02B9EA,DialogueFalkreathDeadMansDrinkScene09,defined,yes,Skyrim.esm
CORE-1196,core,V02,V02-01,standard,Skyrim.esm,D:\Wabbajack\modlists\Anvil\Stock Game\Data\Skyrim.esm,Skyrim.esm:02B9E9,DialogueFalkreathDeadMansDrinkScene08,defined,yes,Skyrim.esm
CORE-1197,core,V02,V02-01,standard,Skyrim.esm,D:\Wabbajack\modlists\Anvil\Stock Game\Data\Skyrim.esm,Skyrim.esm:02B9E8,DialogueFalkreathDeadMansDrinkScene07,defined,yes,Skyrim.esm
CORE-1198,core,V02,V02-01,standard,Skyrim.esm,D:\Wabbajack\modlists\Anvil\Stock Game\Data\Skyrim.esm,Skyrim.esm:02B9E6,DialogueFalkreathHouseofArkayScene01,defined,yes,Skyrim.esm
CORE-1199,core,V02,V02-01,standard,Skyrim.esm,D:\Wabbajack\modlists\Anvil\Stock Game\Data\Skyrim.esm,Skyrim.esm:02B9E5,DialogueFalkreathCemeteryScene02,defined,yes,Skyrim.esm
CORE-1200,core,V02,V02-01,standard,Skyrim.esm,D:\Wabbajack\modlists\Anvil\Stock Game\Data\Skyrim.esm,Skyrim.esm:02B9E2,DialogueFalkreathCorpselightFarmScene01,defined,yes,Skyrim.esm
CORE-1201,core,V02,V02-01,standard,Skyrim.esm,D:\Wabbajack\modlists\Anvil\Stock Game\Data\Skyrim.esm,Skyrim.esm:02B9E0,DialogueFalkreathDeadMansDrinkScene03,defined,yes,Skyrim.esm
CORE-1202,core,V02,V02-01,standard,Skyrim.esm,D:\Wabbajack\modlists\Anvil\Stock Game\Data\Skyrim.esm,Skyrim.esm:02B9DF,DialogueFalkreathDeadMansDrinkScene06,defined,yes,Skyrim.esm
CORE-1203,core,V02,V02-01,standard,Skyrim.esm,D:\Wabbajack\modlists\Anvil\Stock Game\Data\Skyrim.esm,Skyrim.esm:02B9DE,DialogueFalkreathDeadMansDrinkScene02,defined,yes,Skyrim.esm
CORE-1204,core,V02,V02-01,standard,Skyrim.esm,D:\Wabbajack\modlists\Anvil\Stock Game\Data\Skyrim.esm,Skyrim.esm:02B9DD,DialogueFalkreathDeadMansDrinkScene01,defined,yes,Skyrim.esm
CORE-1205,core,V02,V02-01,standard,Skyrim.esm,D:\Wabbajack\modlists\Anvil\Stock Game\Data\Skyrim.esm,Skyrim.esm:02B9DA,DialogueFalkreathDengeirsHallScene03,defined,yes,Skyrim.esm
CORE-1206,core,V02,V02-01,standard,Skyrim.esm,D:\Wabbajack\modlists\Anvil\Stock Game\Data\Skyrim.esm,Skyrim.esm:02B9D8,DialogueFalkreathJarlsLonghouseScene01,defined,yes,Skyrim.esm
CORE-1207,core,V02,V02-01,standard,Skyrim.esm,D:\Wabbajack\modlists\Anvil\Stock Game\Data\Skyrim.esm,Skyrim.esm:02B9D7,DialogueFalkreathJarlsLonghouseScene03,defined,yes,Skyrim.esm
CORE-1208,core,V02,V02-01,standard,Skyrim.esm,D:\Wabbajack\modlists\Anvil\Stock Game\Data\Skyrim.esm,Skyrim.esm:02B9D1,DialogueFalkreathHouseofArkayScene02,defined,yes,Skyrim.esm
CORE-1209,core,V02,V02-01,standard,Skyrim.esm,D:\Wabbajack\modlists\Anvil\Stock Game\Data\Skyrim.esm,Skyrim.esm:02B9C2,DialogueFalkreathCemeteryScene01,defined,yes,Skyrim.esm
CORE-1210,core,V02,V02-01,standard,Skyrim.esm,D:\Wabbajack\modlists\Anvil\Stock Game\Data\Skyrim.esm,Skyrim.esm:02B9BF,DialogueFalkreathGrayPineGoodsScene01,defined,yes,Skyrim.esm
CORE-1211,core,V02,V02-01,standard,Skyrim.esm,D:\Wabbajack\modlists\Anvil\Stock Game\Data\Skyrim.esm,Skyrim.esm:02B9BE,DialogueFalkreathDeadMansDrinkScene05,defined,yes,Skyrim.esm
CORE-1212,core,V02,V02-01,standard,Skyrim.esm,D:\Wabbajack\modlists\Anvil\Stock Game\Data\Skyrim.esm,Skyrim.esm:02B9BB,DialogueFalkreathDengeirsHallScene02,defined,yes,Skyrim.esm
CORE-1213,core,V02,V02-01,standard,Skyrim.esm,D:\Wabbajack\modlists\Anvil\Stock Game\Data\Skyrim.esm,Skyrim.esm:02B9BA,DialogueFalkreathHouseofArkayScene03,defined,yes,Skyrim.esm
CORE-1214,core,V02,V02-01,standard,Skyrim.esm,D:\Wabbajack\modlists\Anvil\Stock Game\Data\Skyrim.esm,Skyrim.esm:02B9B9,DialogueFalkreathJarlsLonghouseScene02,defined,yes,Skyrim.esm
CORE-1215,core,V03A,V03A-01,standard,Skyrim.esm,D:\Wabbajack\modlists\Anvil\Stock Game\Data\Skyrim.esm,Skyrim.esm:02499C,MS12b,defined,no,Update.esm
CORE-1216,core,V02,V02-02,standard,Skyrim.esm,D:\Wabbajack\modlists\Anvil\Stock Game\Data\Skyrim.esm,Skyrim.esm:051B0A,DialogueSaarthalInteriorConvoScene2,defined,yes,Skyrim.esm
CORE-1217,core,V02,V02-02,standard,Skyrim.esm,D:\Wabbajack\modlists\Anvil\Stock Game\Data\Skyrim.esm,Skyrim.esm:051B08,DialogueSaarthalInteriorConvoScene1,defined,yes,Skyrim.esm
CORE-1218,core,V02,V02-02,standard,Skyrim.esm,D:\Wabbajack\modlists\Anvil\Stock Game\Data\Skyrim.esm,Skyrim.esm:051B06,DialogueSaarthalExteriorConvoScene3,defined,yes,Skyrim.esm
CORE-1219,core,V02,V02-02,standard,Skyrim.esm,D:\Wabbajack\modlists\Anvil\Stock Game\Data\Skyrim.esm,Skyrim.esm:051B04,DialogueSaarthalExteriorConvoScene2,defined,yes,Skyrim.esm
CORE-1220,core,V02,V02-02,standard,Skyrim.esm,D:\Wabbajack\modlists\Anvil\Stock Game\Data\Skyrim.esm,Skyrim.esm:05179E,DialogueRiftenHonorhallScene01,defined,yes,Skyrim.esm
CORE-1221,core,V02,V02-02,standard,Skyrim.esm,D:\Wabbajack\modlists\Anvil\Stock Game\Data\Skyrim.esm,Skyrim.esm:05160C,dunRannveigQST,defined,yes,Skyrim.esm
CORE-1222,core,V02,V02-02,standard,Skyrim.esm,D:\Wabbajack\modlists\Anvil\Stock Game\Data\Skyrim.esm,Skyrim.esm:051417,DarkBrotherhoodadditionalNPCDialogue,defined,yes,Skyrim.esm
CORE-1223,core,V02,V02-02,standard,Skyrim.esm,D:\Wabbajack\modlists\Anvil\Stock Game\Data\Skyrim.esm,Skyrim.esm:050F2E,DBEntranceQuest,defined,yes,Skyrim.esm
CORE-1224,core,V02,V02-02,standard,Skyrim.esm,D:\Wabbajack\modlists\Anvil\Stock Game\Data\Skyrim.esm,Skyrim.esm:050763,TG04SP,defined,yes,Skyrim.esm
CORE-1225,core,V02,V02-02,standard,Skyrim.esm,D:\Wabbajack\modlists\Anvil\Stock Game\Data\Skyrim.esm,Skyrim.esm:0504F0,CWMission07,defined,yes,Skyrim.esm
CORE-1226,core,V02,V02-02,standard,Skyrim.esm,D:\Wabbajack\modlists\Anvil\Stock Game\Data\Skyrim.esm,Skyrim.esm:04F8BF,CWAttackCity,defined,yes,Skyrim.esm
CORE-1227,core,V02,V02-02,standard,Skyrim.esm,D:\Wabbajack\modlists\Anvil\Stock Game\Data\Skyrim.esm,Skyrim.esm:04E857,CWSiegeAttackObj,defined,yes,Skyrim.esm
CORE-1228,core,V02,V02-02,standard,Skyrim.esm,D:\Wabbajack\modlists\Anvil\Stock Game\Data\Skyrim.esm,Skyrim.esm:04E667,dunFaldarsToothQST,defined,yes,Skyrim.esm
CORE-1229,core,V02,V02-02,existing-core-row,Skyrim.esm,D:\Wabbajack\modlists\Anvil\Stock Game\Data\Skyrim.esm,Skyrim.esm:04E50D,MQ102,defined,yes,Skyrim.esm
CORE-1230,core,V03A,V03A-01,existing-core-row,Skyrim.esm,D:\Wabbajack\modlists\Anvil\Stock Game\Data\Skyrim.esm,Skyrim.esm:04E4E1,DA09,defined,no,Update.esm
CORE-1231,core,V02,V02-02,standard,Skyrim.esm,D:\Wabbajack\modlists\Anvil\Stock Game\Data\Skyrim.esm,Skyrim.esm:04D917,DA02KillFriend,defined,yes,Skyrim.esm
CORE-1232,core,V03A,V03A-01,existing-core-row,Skyrim.esm,D:\Wabbajack\modlists\Anvil\Stock Game\Data\Skyrim.esm,Skyrim.esm:04D8D6,DA02,defined,no,Update.esm
CORE-1233,core,V02,V02-02,standard,Skyrim.esm,D:\Wabbajack\modlists\Anvil\Stock Game\Data\Skyrim.esm,Skyrim.esm:04D78E,DialogueFalkreath,defined,yes,Skyrim.esm
CORE-1234,core,V02,V02-02,standard,Skyrim.esm,D:\Wabbajack\modlists\Anvil\Stock Game\Data\Skyrim.esm,Skyrim.esm:04D2A7,CreatureDialogueIceWraith,defined,yes,Skyrim.esm
CORE-1235,core,V02,V02-02,standard,Skyrim.esm,D:\Wabbajack\modlists\Anvil\Stock Game\Data\Skyrim.esm,Skyrim.esm:04D2A6,CreatureDialogueCow,defined,yes,Skyrim.esm
CORE-1236,core,V02,V02-02,standard,Skyrim.esm,D:\Wabbajack\modlists\Anvil\Stock Game\Data\Skyrim.esm,Skyrim.esm:04D217,DA11FIN,defined,yes,Skyrim.esm
CORE-1237,core,V02,V02-02,standard,Skyrim.esm,D:\Wabbajack\modlists\Anvil\Stock Game\Data\Skyrim.esm,Skyrim.esm:04CEDE,dunFolgunthurQST,defined,yes,Skyrim.esm
CORE-1238,core,V03A,V03A-01,standard,Skyrim.esm,D:\Wabbajack\modlists\Anvil\Stock Game\Data\Skyrim.esm,Skyrim.esm:04C6C2,TGLarceny,defined,no,Update.esm
CORE-1239,core,V02,V02-02,standard,Skyrim.esm,D:\Wabbajack\modlists\Anvil\Stock Game\Data\Skyrim.esm,Skyrim.esm:04C5A4,DialogueDraugr,defined,yes,Skyrim.esm
CORE-1240,core,V02,V02-02,standard,Skyrim.esm,D:\Wabbajack\modlists\Anvil\Stock Game\Data\Skyrim.esm,Skyrim.esm:04BA68,MQ302Test,defined,yes,Skyrim.esm
CORE-1241,core,V03A,V03A-01,existing-core-row,Skyrim.esm,D:\Wabbajack\modlists\Anvil\Stock Game\Data\Skyrim.esm,Skyrim.esm:04B2D9,C00,defined,no,Update.esm
CORE-1242,core,V02,V02-02,standard,Skyrim.esm,D:\Wabbajack\modlists\Anvil\Stock Game\Data\Skyrim.esm,Skyrim.esm:04B2A1,dunTrevasWatchQST,defined,yes,Skyrim.esm
CORE-1243,core,V02,V02-02,standard,Skyrim.esm,D:\Wabbajack\modlists\Anvil\Stock Game\Data\Skyrim.esm,Skyrim.esm:03AC44,MS13BleakFallsBarrowLeverScene,defined,yes,Skyrim.esm
CORE-1244,core,V02,V02-01,standard,Skyrim.esm,D:\Wabbajack\modlists\Anvil\Stock Game\Data\Skyrim.esm,Skyrim.esm:0376EE,dunMossMotherQST,defined,yes,Skyrim.esm
CORE-1245,core,V02,V02-01,standard,Skyrim.esm,D:\Wabbajack\modlists\Anvil\Stock Game\Data\Skyrim.esm,Skyrim.esm:028D34,DA10FIN,defined,yes,Skyrim.esm
CORE-1246,core,V02,V02-01,standard,Skyrim.esm,D:\Wabbajack\modlists\Anvil\Stock Game\Data\Skyrim.esm,Skyrim.esm:020BE7,TG00SP,defined,yes,Skyrim.esm
CORE-1247,core,V02,V02-01,standard,Skyrim.esm,D:\Wabbajack\modlists\Anvil\Stock Game\Data\Skyrim.esm,Skyrim.esm:01DD49,DA01FIN,defined,yes,Skyrim.esm
CORE-1248,core,V02,V02-01,standard,Skyrim.esm,D:\Wabbajack\modlists\Anvil\Stock Game\Data\Skyrim.esm,Skyrim.esm:01DD08,WE01,defined,yes,Skyrim.esm
CORE-1249,core,V02,V02-01,standard,Skyrim.esm,D:\Wabbajack\modlists\Anvil\Stock Game\Data\Skyrim.esm,Skyrim.esm:01BAEC,dunNilheimQST,defined,yes,Skyrim.esm
CORE-1250,core,V02,V02-02,standard,Skyrim.esm,D:\Wabbajack\modlists\Anvil\Stock Game\Data\Skyrim.esm,Skyrim.esm:04A602,WEDA02,defined,yes,Skyrim.esm
CORE-1251,core,V02,V02-02,existing-core-row,Skyrim.esm,D:\Wabbajack\modlists\Anvil\Stock Game\Data\Skyrim.esm,Skyrim.esm:04A37B,DA08,defined,yes,Skyrim.esm
CORE-1252,core,V02,V02-02,standard,Skyrim.esm,D:\Wabbajack\modlists\Anvil\Stock Game\Data\Skyrim.esm,Skyrim.esm:049DB2,dunSaarthal,defined,yes,Skyrim.esm
CORE-1253,core,V02,V02-02,standard,Skyrim.esm,D:\Wabbajack\modlists\Anvil\Stock Game\Data\Skyrim.esm,Skyrim.esm:048121,dunFrostflowAbyssQST,defined,yes,Skyrim.esm
CORE-1254,core,V02,V02-02,standard,Skyrim.esm,D:\Wabbajack\modlists\Anvil\Stock Game\Data\Skyrim.esm,Skyrim.esm:047AE6,DGIntimidateQuest,defined,yes,Skyrim.esm
CORE-1255,core,V02,V02-02,standard,Skyrim.esm,D:\Wabbajack\modlists\Anvil\Stock Game\Data\Skyrim.esm,Skyrim.esm:046EF3,MQ306,defined,yes,Skyrim.esm
CORE-1256,core,V02,V02-02,existing-core-row,Skyrim.esm,D:\Wabbajack\modlists\Anvil\Stock Game\Data\Skyrim.esm,Skyrim.esm:046EF2,MQ305,defined,yes,Skyrim.esm
CORE-1257,core,V03A,V03A-01,existing-core-row,Skyrim.esm,D:\Wabbajack\modlists\Anvil\Stock Game\Data\Skyrim.esm,Skyrim.esm:046EF1,MQ304,defined,no,Update.esm
CORE-1258,core,V02,V02-02,existing-core-row,Skyrim.esm,D:\Wabbajack\modlists\Anvil\Stock Game\Data\Skyrim.esm,Skyrim.esm:046EF0,MQ303,defined,yes,Skyrim.esm
CORE-1259,core,V02,V02-02,standard,Skyrim.esm,D:\Wabbajack\modlists\Anvil\Stock Game\Data\Skyrim.esm,Skyrim.esm:046ED0,CreatureDialogueDragonPriest,defined,yes,Skyrim.esm
CORE-1260,core,V02,V02-02,standard,Skyrim.esm,D:\Wabbajack\modlists\Anvil\Stock Game\Data\Skyrim.esm,Skyrim.esm:046DAB,DialogueRiftenElgrimsElixirsScene02,defined,yes,Skyrim.esm
CORE-1261,core,V02,V02-02,standard,Skyrim.esm,D:\Wabbajack\modlists\Anvil\Stock Game\Data\Skyrim.esm,Skyrim.esm:046DA9,DialogueRiftenElgrimsElixirsScene01,defined,yes,Skyrim.esm
CORE-1262,core,V02,V02-02,standard,Skyrim.esm,D:\Wabbajack\modlists\Anvil\Stock Game\Data\Skyrim.esm,Skyrim.esm:046DA7,DialogueRiftenKeepScene11,defined,yes,Skyrim.esm
CORE-1263,core,V02,V02-02,standard,Skyrim.esm,D:\Wabbajack\modlists\Anvil\Stock Game\Data\Skyrim.esm,Skyrim.esm:046DA5,DialogueRiftenFisheryScene04,defined,yes,Skyrim.esm
CORE-1264,core,V02,V02-02,standard,Skyrim.esm,D:\Wabbajack\modlists\Anvil\Stock Game\Data\Skyrim.esm,Skyrim.esm:046DA3,DialogueRiftenFisheryScene03,defined,yes,Skyrim.esm
CORE-1265,core,V02,V02-02,standard,Skyrim.esm,D:\Wabbajack\modlists\Anvil\Stock Game\Data\Skyrim.esm,Skyrim.esm:046DA0,DialogueRiftenFisheryScene02,defined,yes,Skyrim.esm
CORE-1266,core,V02,V02-02,standard,Skyrim.esm,D:\Wabbajack\modlists\Anvil\Stock Game\Data\Skyrim.esm,Skyrim.esm:046D9E,DialogueRiftenFisheryScene01,defined,yes,Skyrim.esm
CORE-1267,core,V02,V02-02,standard,Skyrim.esm,D:\Wabbajack\modlists\Anvil\Stock Game\Data\Skyrim.esm,Skyrim.esm:046D9C,DialogueRiftenRaggedFlagonScene02,defined,yes,Skyrim.esm
CORE-1268,core,V02,V02-02,standard,Skyrim.esm,D:\Wabbajack\modlists\Anvil\Stock Game\Data\Skyrim.esm,Skyrim.esm:046D9A,DialogueRiftenRaggedFlagonScene01,defined,yes,Skyrim.esm
CORE-1269,core,V02,V02-02,standard,Skyrim.esm,D:\Wabbajack\modlists\Anvil\Stock Game\Data\Skyrim.esm,Skyrim.esm:046D98,DialogueRiftenMjollHouseScene02,defined,yes,Skyrim.esm
CORE-1270,core,V02,V02-02,standard,Skyrim.esm,D:\Wabbajack\modlists\Anvil\Stock Game\Data\Skyrim.esm,Skyrim.esm:046D96,DialogueRiftenMjollHouseScene01,defined,yes,Skyrim.esm
CORE-1271,core,V02,V02-02,standard,Skyrim.esm,D:\Wabbajack\modlists\Anvil\Stock Game\Data\Skyrim.esm,Skyrim.esm:046B8E,MQCallDragon,defined,yes,Skyrim.esm
CORE-1272,core,V02,V02-02,standard,Skyrim.esm,D:\Wabbajack\modlists\Anvil\Stock Game\Data\Skyrim.esm,Skyrim.esm:046B7D,DialogueRiftenKeepScene10,defined,yes,Skyrim.esm
CORE-1273,core,V02,V02-02,standard,Skyrim.esm,D:\Wabbajack\modlists\Anvil\Stock Game\Data\Skyrim.esm,Skyrim.esm:046B7B,DialogueRiftenKeepScene09,defined,yes,Skyrim.esm
CORE-1274,core,V02,V02-02,standard,Skyrim.esm,D:\Wabbajack\modlists\Anvil\Stock Game\Data\Skyrim.esm,Skyrim.esm:046B79,DialogueRiftenKeepScene08,defined,yes,Skyrim.esm
CORE-1275,core,V02,V02-02,standard,Skyrim.esm,D:\Wabbajack\modlists\Anvil\Stock Game\Data\Skyrim.esm,Skyrim.esm:046B77,DialogueRiftenKeepScene07,defined,yes,Skyrim.esm
CORE-1276,core,V02,V02-02,standard,Skyrim.esm,D:\Wabbajack\modlists\Anvil\Stock Game\Data\Skyrim.esm,Skyrim.esm:046B75,DialogueRiftenKeepScene06,defined,yes,Skyrim.esm
CORE-1277,core,V02,V02-02,standard,Skyrim.esm,D:\Wabbajack\modlists\Anvil\Stock Game\Data\Skyrim.esm,Skyrim.esm:046B73,DialogueRiftenKeepScene05,defined,yes,Skyrim.esm
CORE-1278,core,V02,V02-02,standard,Skyrim.esm,D:\Wabbajack\modlists\Anvil\Stock Game\Data\Skyrim.esm,Skyrim.esm:046B71,DialogueRiftenKeepScene04,defined,yes,Skyrim.esm
CORE-1279,core,V02,V02-02,standard,Skyrim.esm,D:\Wabbajack\modlists\Anvil\Stock Game\Data\Skyrim.esm,Skyrim.esm:046B6F,DialogueRiftenKeepScene03,defined,yes,Skyrim.esm
CORE-1280,core,V02,V02-02,standard,Skyrim.esm,D:\Wabbajack\modlists\Anvil\Stock Game\Data\Skyrim.esm,Skyrim.esm:046B6D,DialogueRiftenKeepScene02,defined,yes,Skyrim.esm
CORE-1281,core,V02,V02-02,standard,Skyrim.esm,D:\Wabbajack\modlists\Anvil\Stock Game\Data\Skyrim.esm,Skyrim.esm:046B6B,DialogueRiftenKeepScene01,defined,yes,Skyrim.esm
CORE-1282,core,V02,V02-02,standard,Skyrim.esm,D:\Wabbajack\modlists\Anvil\Stock Game\Data\Skyrim.esm,Skyrim.esm:046B69,DialogueRiftenGrandPlazaScene09,defined,yes,Skyrim.esm
CORE-1283,core,V02,V02-02,standard,Skyrim.esm,D:\Wabbajack\modlists\Anvil\Stock Game\Data\Skyrim.esm,Skyrim.esm:046B67,DialogueRiftenGrandPlazaScene08,defined,yes,Skyrim.esm
CORE-1284,core,V02,V02-02,standard,Skyrim.esm,D:\Wabbajack\modlists\Anvil\Stock Game\Data\Skyrim.esm,Skyrim.esm:046B65,DialogueRiftenGrandPlazaScene07,defined,yes,Skyrim.esm
CORE-1285,core,V02,V02-02,standard,Skyrim.esm,D:\Wabbajack\modlists\Anvil\Stock Game\Data\Skyrim.esm,Skyrim.esm:046B63,DialogueRiftenGrandPlazaScene06,defined,yes,Skyrim.esm
CORE-1286,core,V02,V02-02,standard,Skyrim.esm,D:\Wabbajack\modlists\Anvil\Stock Game\Data\Skyrim.esm,Skyrim.esm:046B61,DialogueRiftenGrandPlazaScene05,defined,yes,Skyrim.esm
CORE-1287,core,V02,V02-02,standard,Skyrim.esm,D:\Wabbajack\modlists\Anvil\Stock Game\Data\Skyrim.esm,Skyrim.esm:046B5F,DialogueRiftenGrandPlazaScene04,defined,yes,Skyrim.esm
CORE-1288,core,V02,V02-02,standard,Skyrim.esm,D:\Wabbajack\modlists\Anvil\Stock Game\Data\Skyrim.esm,Skyrim.esm:046B5D,DialogueRiftenGrandPlazaScene03,defined,yes,Skyrim.esm
CORE-1289,core,V02,V02-02,standard,Skyrim.esm,D:\Wabbajack\modlists\Anvil\Stock Game\Data\Skyrim.esm,Skyrim.esm:046B5B,DialogueRiftenGrandPlazaScene02,defined,yes,Skyrim.esm
CORE-1290,core,V02,V02-02,standard,Skyrim.esm,D:\Wabbajack\modlists\Anvil\Stock Game\Data\Skyrim.esm,Skyrim.esm:046B59,DialogueRiftenGrandPlazaScene01,defined,yes,Skyrim.esm
CORE-1291,core,V02,V02-02,standard,Skyrim.esm,D:\Wabbajack\modlists\Anvil\Stock Game\Data\Skyrim.esm,Skyrim.esm:046B57,DialogueRiftenBeeAndBarbScene12,defined,yes,Skyrim.esm
CORE-1292,core,V02,V02-02,standard,Skyrim.esm,D:\Wabbajack\modlists\Anvil\Stock Game\Data\Skyrim.esm,Skyrim.esm:046B55,DialogueRiftenBeeAndBarbScene11,defined,yes,Skyrim.esm
CORE-1293,core,V02,V02-02,standard,Skyrim.esm,D:\Wabbajack\modlists\Anvil\Stock Game\Data\Skyrim.esm,Skyrim.esm:046B53,DialogueRiftenBeeAndBarbScene10,defined,yes,Skyrim.esm
CORE-1294,core,V02,V02-02,standard,Skyrim.esm,D:\Wabbajack\modlists\Anvil\Stock Game\Data\Skyrim.esm,Skyrim.esm:046B51,DialogueRiftenBeeAndBarbScene09,defined,yes,Skyrim.esm
CORE-1295,core,V02,V02-02,standard,Skyrim.esm,D:\Wabbajack\modlists\Anvil\Stock Game\Data\Skyrim.esm,Skyrim.esm:046B4F,DialogueRiftenBeeAndBarbScene08,defined,yes,Skyrim.esm
CORE-1296,core,V02,V02-02,standard,Skyrim.esm,D:\Wabbajack\modlists\Anvil\Stock Game\Data\Skyrim.esm,Skyrim.esm:046B4D,DialogueRiftenHaelgasBunkhouseScene04,defined,yes,Skyrim.esm
CORE-1297,core,V02,V02-02,standard,Skyrim.esm,D:\Wabbajack\modlists\Anvil\Stock Game\Data\Skyrim.esm,Skyrim.esm:046B4B,DialogueRiftenHaelgasBunkhouseScene03,defined,yes,Skyrim.esm
CORE-1298,core,V02,V02-02,standard,Skyrim.esm,D:\Wabbajack\modlists\Anvil\Stock Game\Data\Skyrim.esm,Skyrim.esm:046B49,DialogueRiftenHaelgasBunkhouseScene02,defined,yes,Skyrim.esm
CORE-1299,core,V02,V02-02,standard,Skyrim.esm,D:\Wabbajack\modlists\Anvil\Stock Game\Data\Skyrim.esm,Skyrim.esm:046B47,DialogueRiftenHaelgasBunkhouseScene01,defined,yes,Skyrim.esm
CORE-1300,core,V02,V02-02,standard,Skyrim.esm,D:\Wabbajack\modlists\Anvil\Stock Game\Data\Skyrim.esm,Skyrim.esm:046B45,DialogueRiftenSnowShodHouseScene03,defined,yes,Skyrim.esm
CORE-1301,core,V02,V02-02,standard,Skyrim.esm,D:\Wabbajack\modlists\Anvil\Stock Game\Data\Skyrim.esm,Skyrim.esm:046B43,DialogueRiftenSnowShodHouseScene02,defined,yes,Skyrim.esm
CORE-1302,core,V02,V02-02,standard,Skyrim.esm,D:\Wabbajack\modlists\Anvil\Stock Game\Data\Skyrim.esm,Skyrim.esm:046B41,DialogueRiftenSnowShodHouseScene01,defined,yes,Skyrim.esm
CORE-1303,core,V02,V02-02,standard,Skyrim.esm,D:\Wabbajack\modlists\Anvil\Stock Game\Data\Skyrim.esm,Skyrim.esm:046B3F,DialogueRiftenTempleofMaraScene02,defined,yes,Skyrim.esm
CORE-1304,core,V02,V02-02,standard,Skyrim.esm,D:\Wabbajack\modlists\Anvil\Stock Game\Data\Skyrim.esm,Skyrim.esm:046B3D,DialogueRiftenTempleofMaraScene01,defined,yes,Skyrim.esm
CORE-1305,core,V02,V02-02,standard,Skyrim.esm,D:\Wabbajack\modlists\Anvil\Stock Game\Data\Skyrim.esm,Skyrim.esm:046B3B,DialogueRiftenBlackBriarManorScene02,defined,yes,Skyrim.esm
CORE-1306,core,V02,V02-02,standard,Skyrim.esm,D:\Wabbajack\modlists\Anvil\Stock Game\Data\Skyrim.esm,Skyrim.esm:046B39,DialogueRiftenBlackBriarManorScene01,defined,yes,Skyrim.esm
CORE-1307,core,V02,V02-02,standard,Skyrim.esm,D:\Wabbajack\modlists\Anvil\Stock Game\Data\Skyrim.esm,Skyrim.esm:046B37,DialogueRiftenPawnedPrawnScene02,defined,yes,Skyrim.esm
CORE-1308,core,V02,V02-02,standard,Skyrim.esm,D:\Wabbajack\modlists\Anvil\Stock Game\Data\Skyrim.esm,Skyrim.esm:046B35,DialogueRiftenPawnedPrawnScene01,defined,yes,Skyrim.esm
CORE-1309,core,V02,V02-02,standard,Skyrim.esm,D:\Wabbajack\modlists\Anvil\Stock Game\Data\Skyrim.esm,Skyrim.esm:046B33,DialogueRiftenBlackBriarMeaderyScene03,defined,yes,Skyrim.esm
CORE-1310,core,V02,V02-02,standard,Skyrim.esm,D:\Wabbajack\modlists\Anvil\Stock Game\Data\Skyrim.esm,Skyrim.esm:046B31,DialogueRiftenBlackBriarMeaderyScene02,defined,yes,Skyrim.esm
CORE-1311,core,V02,V02-02,standard,Skyrim.esm,D:\Wabbajack\modlists\Anvil\Stock Game\Data\Skyrim.esm,Skyrim.esm:046B2F,DialogueRiftenBlackBriarMeaderyScene01,defined,yes,Skyrim.esm
CORE-1312,core,V02,V02-02,standard,Skyrim.esm,D:\Wabbajack\modlists\Anvil\Stock Game\Data\Skyrim.esm,Skyrim.esm:046B2D,DialogueRiftenBeeAndBarbScene07,defined,yes,Skyrim.esm
CORE-1313,core,V02,V02-02,standard,Skyrim.esm,D:\Wabbajack\modlists\Anvil\Stock Game\Data\Skyrim.esm,Skyrim.esm:046B2B,DialogueRiftenBeeAndBarbScene06,defined,yes,Skyrim.esm
CORE-1314,core,V02,V02-02,existing-core-row,Skyrim.esm,D:\Wabbajack\modlists\Anvil\Stock Game\Data\Skyrim.esm,Skyrim.esm:045923,MQ302,defined,yes,Skyrim.esm
CORE-1315,core,V02,V02-02,standard,Skyrim.esm,D:\Wabbajack\modlists\Anvil\Stock Game\Data\Skyrim.esm,Skyrim.esm:04580E,DialogueRiftenBeeAndBarbScene05,defined,yes,Skyrim.esm
CORE-1316,core,V02,V02-02,standard,Skyrim.esm,D:\Wabbajack\modlists\Anvil\Stock Game\Data\Skyrim.esm,Skyrim.esm:045486,DialogueRiverwood_Revised,defined,yes,Skyrim.esm
CORE-1317,core,V02,V02-02,standard,Skyrim.esm,D:\Wabbajack\modlists\Anvil\Stock Game\Data\Skyrim.esm,Skyrim.esm:044D25,DialogueRiftenBeeAndBarbScene04,defined,yes,Skyrim.esm
CORE-1318,core,V02,V02-02,standard,Skyrim.esm,D:\Wabbajack\modlists\Anvil\Stock Game\Data\Skyrim.esm,Skyrim.esm:044D23,DialogueRiftenBeeAndBarbScene03,defined,yes,Skyrim.esm
CORE-1319,core,V02,V02-02,standard,Skyrim.esm,D:\Wabbajack\modlists\Anvil\Stock Game\Data\Skyrim.esm,Skyrim.esm:044D21,DialogueRiftenBeeAndBarbScene02,defined,yes,Skyrim.esm
CORE-1320,core,V02,V02-02,standard,Skyrim.esm,D:\Wabbajack\modlists\Anvil\Stock Game\Data\Skyrim.esm,Skyrim.esm:044D1F,DialogueRiftenBeeAndBarbScene01,defined,yes,Skyrim.esm
CORE-1321,core,V03A,V03A-01,existing-core-row,Skyrim.esm,D:\Wabbajack\modlists\Anvil\Stock Game\Data\Skyrim.esm,Skyrim.esm:044C56,MQ301,defined,no,Update.esm
CORE-1322,core,V02,V02-02,standard,Skyrim.esm,D:\Wabbajack\modlists\Anvil\Stock Game\Data\Skyrim.esm,Skyrim.esm:044847,DialogueMorthalMoorsideScene04,defined,yes,Skyrim.esm
CORE-1323,core,V02,V02-02,standard,Skyrim.esm,D:\Wabbajack\modlists\Anvil\Stock Game\Data\Skyrim.esm,Skyrim.esm:044845,DialogueMorthalMoorsideScene03,defined,yes,Skyrim.esm
CORE-1324,core,V02,V02-02,standard,Skyrim.esm,D:\Wabbajack\modlists\Anvil\Stock Game\Data\Skyrim.esm,Skyrim.esm:044843,DialogueMorthalMoorsideScene02,defined,yes,Skyrim.esm
CORE-1325,core,V02,V02-02,standard,Skyrim.esm,D:\Wabbajack\modlists\Anvil\Stock Game\Data\Skyrim.esm,Skyrim.esm:044841,DialogueMorthalMoorsideScene01,defined,yes,Skyrim.esm
CORE-1326,core,V02,V02-02,standard,Skyrim.esm,D:\Wabbajack\modlists\Anvil\Stock Game\Data\Skyrim.esm,Skyrim.esm:04483F,DialogueMorthalAlvasHouseScene01,defined,yes,Skyrim.esm
CORE-1327,core,V02,V02-02,standard,Skyrim.esm,D:\Wabbajack\modlists\Anvil\Stock Game\Data\Skyrim.esm,Skyrim.esm:04483D,DialogueMorthalFalionsHouseScene03,defined,yes,Skyrim.esm
CORE-1328,core,V02,V02-02,standard,Skyrim.esm,D:\Wabbajack\modlists\Anvil\Stock Game\Data\Skyrim.esm,Skyrim.esm:04483B,DialogueMorthalFalionsHouseScene02,defined,yes,Skyrim.esm
CORE-1329,core,V02,V02-02,standard,Skyrim.esm,D:\Wabbajack\modlists\Anvil\Stock Game\Data\Skyrim.esm,Skyrim.esm:044838,DialogueMorthalFalionsHouseScene01,defined,yes,Skyrim.esm
CORE-1330,core,V02,V02-02,standard,Skyrim.esm,D:\Wabbajack\modlists\Anvil\Stock Game\Data\Skyrim.esm,Skyrim.esm:044836,DialogueMorthalThaumaturgistHut03,defined,yes,Skyrim.esm
CORE-1331,core,V02,V02-02,standard,Skyrim.esm,D:\Wabbajack\modlists\Anvil\Stock Game\Data\Skyrim.esm,Skyrim.esm:044834,DialogueMorthalThaumaturgistHut02,defined,yes,Skyrim.esm
CORE-1332,core,V02,V02-02,standard,Skyrim.esm,D:\Wabbajack\modlists\Anvil\Stock Game\Data\Skyrim.esm,Skyrim.esm:044640,DialogueAngasMillKodrirLeifur01,defined,yes,Skyrim.esm
CORE-1333,core,V02,V02-02,standard,Skyrim.esm,D:\Wabbajack\modlists\Anvil\Stock Game\Data\Skyrim.esm,Skyrim.esm:04463E,DialogueAngasMillKodrirLeifur02,defined,yes,Skyrim.esm
CORE-1334,core,V02,V02-02,standard,Skyrim.esm,D:\Wabbajack\modlists\Anvil\Stock Game\Data\Skyrim.esm,Skyrim.esm:0443F4,dunHighGateRuinsQST,defined,yes,Skyrim.esm
CORE-1335,core,V02,V02-02,standard,Skyrim.esm,D:\Wabbajack\modlists\Anvil\Stock Game\Data\Skyrim.esm,Skyrim.esm:0443A7,DialogueMorthalThaumaturgistHut01,defined,yes,Skyrim.esm
CORE-1336,core,V02,V02-02,standard,Skyrim.esm,D:\Wabbajack\modlists\Anvil\Stock Game\Data\Skyrim.esm,Skyrim.esm:043D36,DialogueLoreiusFarmOutsideScene02,defined,yes,Skyrim.esm
CORE-1337,core,V02,V02-02,standard,Skyrim.esm,D:\Wabbajack\modlists\Anvil\Stock Game\Data\Skyrim.esm,Skyrim.esm:043D34,DialogueLoreiusFarmOutsideScene01,defined,yes,Skyrim.esm
CORE-1338,core,V02,V02-02,standard,Skyrim.esm,D:\Wabbajack\modlists\Anvil\Stock Game\Data\Skyrim.esm,Skyrim.esm:043D2F,DialogueAngasMill,defined,yes,Skyrim.esm
CORE-1339,core,V02,V02-02,standard,Skyrim.esm,D:\Wabbajack\modlists\Anvil\Stock Game\Data\Skyrim.esm,Skyrim.esm:043D23,DialogueLoreiusFarm,defined,yes,Skyrim.esm
CORE-1340,core,V02,V02-02,standard,Skyrim.esm,D:\Wabbajack\modlists\Anvil\Stock Game\Data\Skyrim.esm,Skyrim.esm:043BAB,dunShipwreck04QST,defined,yes,Skyrim.esm
CORE-1341,core,V02,V02-02,standard,Skyrim.esm,D:\Wabbajack\modlists\Anvil\Stock Game\Data\Skyrim.esm,Skyrim.esm:043A16,DialogueCidhnaMineDuachOdvan02,defined,yes,Skyrim.esm
CORE-1342,core,V02,V02-02,standard,Skyrim.esm,D:\Wabbajack\modlists\Anvil\Stock Game\Data\Skyrim.esm,Skyrim.esm:043A14,DialogueCidhnaMineDuachBraig01,defined,yes,Skyrim.esm
CORE-1343,core,V02,V02-02,standard,Skyrim.esm,D:\Wabbajack\modlists\Anvil\Stock Game\Data\Skyrim.esm,Skyrim.esm:043A12,DialogueCidhnaMineDuachOdvan01,defined,yes,Skyrim.esm
CORE-1344,core,V02,V02-02,standard,Skyrim.esm,D:\Wabbajack\modlists\Anvil\Stock Game\Data\Skyrim.esm,Skyrim.esm:043A0E,DialogueCidhnaMineBraigDuach01,defined,yes,Skyrim.esm
CORE-1345,core,V02,V02-02,standard,Skyrim.esm,D:\Wabbajack\modlists\Anvil\Stock Game\Data\Skyrim.esm,Skyrim.esm:0434A3,dunYngolBarrowQST,defined,yes,Skyrim.esm
CORE-1346,core,V02,V02-02,standard,Skyrim.esm,D:\Wabbajack\modlists\Anvil\Stock Game\Data\Skyrim.esm,Skyrim.esm:040B56,ArenaCombatQuest01Skeevers,defined,yes,Skyrim.esm
CORE-1347,core,V03A,V03A-01,existing-core-row,Skyrim.esm,D:\Wabbajack\modlists\Anvil\Stock Game\Data\Skyrim.esm,Skyrim.esm:040A5E,MS02,defined,no,Update.esm
CORE-1348,core,V02,V02-02,standard,Skyrim.esm,D:\Wabbajack\modlists\Anvil\Stock Game\Data\Skyrim.esm,Skyrim.esm:03FA89,dunDarklightQST,defined,yes,Skyrim.esm
CORE-1349,core,V02,V02-02,standard,Skyrim.esm,D:\Wabbajack\modlists\Anvil\Stock Game\Data\Skyrim.esm,Skyrim.esm:03FA17,DA14Start,defined,yes,Skyrim.esm
CORE-1350,core,V02,V02-02,standard,Skyrim.esm,D:\Wabbajack\modlists\Anvil\Stock Game\Data\Skyrim.esm,Skyrim.esm:03FA16,MQPaarthurnax,defined,yes,Skyrim.esm
CORE-1351,core,V02,V02-02,standard,Skyrim.esm,D:\Wabbajack\modlists\Anvil\Stock Game\Data\Skyrim.esm,Skyrim.esm:03ED82,dunValthumeQST,defined,yes,Skyrim.esm
CORE-1352,core,V02,V02-02,standard,Skyrim.esm,D:\Wabbajack\modlists\Anvil\Stock Game\Data\Skyrim.esm,Skyrim.esm:03E897,dunHillgrundsTombQST,defined,yes,Skyrim.esm
CORE-1353,core,V02,V02-02,standard,Skyrim.esm,D:\Wabbajack\modlists\Anvil\Stock Game\Data\Skyrim.esm,Skyrim.esm:03DD29,MS13FIN,defined,yes,Skyrim.esm
CORE-1354,core,V02,V02-02,standard,Skyrim.esm,D:\Wabbajack\modlists\Anvil\Stock Game\Data\Skyrim.esm,Skyrim.esm:03DAE5,TGDialogueHQScene16,defined,yes,Skyrim.esm
CORE-1355,core,V02,V02-02,standard,Skyrim.esm,D:\Wabbajack\modlists\Anvil\Stock Game\Data\Skyrim.esm,Skyrim.esm:03DAE3,TGDialogueHQScene15,defined,yes,Skyrim.esm
CORE-1356,core,V02,V02-02,standard,Skyrim.esm,D:\Wabbajack\modlists\Anvil\Stock Game\Data\Skyrim.esm,Skyrim.esm:03DAE1,TGDialogueHQScene14,defined,yes,Skyrim.esm
CORE-1357,core,V02,V02-02,standard,Skyrim.esm,D:\Wabbajack\modlists\Anvil\Stock Game\Data\Skyrim.esm,Skyrim.esm:03DADF,TGDialogueHQScene13,defined,yes,Skyrim.esm
CORE-1358,core,V02,V02-02,standard,Skyrim.esm,D:\Wabbajack\modlists\Anvil\Stock Game\Data\Skyrim.esm,Skyrim.esm:03DADD,TGDialogueHQScene12,defined,yes,Skyrim.esm
CORE-1359,core,V02,V02-02,standard,Skyrim.esm,D:\Wabbajack\modlists\Anvil\Stock Game\Data\Skyrim.esm,Skyrim.esm:03DADB,TGDialogueHQScene11,defined,yes,Skyrim.esm
CORE-1360,core,V02,V02-02,standard,Skyrim.esm,D:\Wabbajack\modlists\Anvil\Stock Game\Data\Skyrim.esm,Skyrim.esm:03DAD9,TGDialogueHQScene10,defined,yes,Skyrim.esm
CORE-1361,core,V02,V02-02,standard,Skyrim.esm,D:\Wabbajack\modlists\Anvil\Stock Game\Data\Skyrim.esm,Skyrim.esm:03DAD7,TGDialogueHQScene09,defined,yes,Skyrim.esm
CORE-1362,core,V02,V02-02,standard,Skyrim.esm,D:\Wabbajack\modlists\Anvil\Stock Game\Data\Skyrim.esm,Skyrim.esm:03DAD5,TGDialogueHQScene08,defined,yes,Skyrim.esm
CORE-1363,core,V02,V02-02,standard,Skyrim.esm,D:\Wabbajack\modlists\Anvil\Stock Game\Data\Skyrim.esm,Skyrim.esm:03DAD3,TGDialogueHQScene07,defined,yes,Skyrim.esm
CORE-1364,core,V02,V02-02,standard,Skyrim.esm,D:\Wabbajack\modlists\Anvil\Stock Game\Data\Skyrim.esm,Skyrim.esm:03DAD1,TGDialogueHQScene06,defined,yes,Skyrim.esm
CORE-1365,core,V02,V02-02,standard,Skyrim.esm,D:\Wabbajack\modlists\Anvil\Stock Game\Data\Skyrim.esm,Skyrim.esm:03DACF,TGDialogueHQScene05,defined,yes,Skyrim.esm
CORE-1366,core,V02,V02-02,standard,Skyrim.esm,D:\Wabbajack\modlists\Anvil\Stock Game\Data\Skyrim.esm,Skyrim.esm:03DACD,TGDialogueHQScene04,defined,yes,Skyrim.esm
CORE-1367,core,V02,V02-02,standard,Skyrim.esm,D:\Wabbajack\modlists\Anvil\Stock Game\Data\Skyrim.esm,Skyrim.esm:03DACB,TGDialogueHQScene03,defined,yes,Skyrim.esm
CORE-1368,core,V02,V02-02,standard,Skyrim.esm,D:\Wabbajack\modlists\Anvil\Stock Game\Data\Skyrim.esm,Skyrim.esm:03DAC9,TGDialogueHQScene02,defined,yes,Skyrim.esm
CORE-1369,core,V02,V02-02,standard,Skyrim.esm,D:\Wabbajack\modlists\Anvil\Stock Game\Data\Skyrim.esm,Skyrim.esm:03DAC7,TGDialogueHQScene01,defined,yes,Skyrim.esm
CORE-1370,core,V02,V02-02,standard,Skyrim.esm,D:\Wabbajack\modlists\Anvil\Stock Game\Data\Skyrim.esm,Skyrim.esm:03D721,dunAnsilvundQST,defined,yes,Skyrim.esm
CORE-1371,core,V02,V02-02,standard,Skyrim.esm,D:\Wabbajack\modlists\Anvil\Stock Game\Data\Skyrim.esm,Skyrim.esm:03D26C,dunRavenscarQST,defined,yes,Skyrim.esm
CORE-1372,core,V02,V02-02,standard,Skyrim.esm,D:\Wabbajack\modlists\Anvil\Stock Game\Data\Skyrim.esm,Skyrim.esm:03D21C,DialogueDawnstarInnKaritaThoringScene01,defined,yes,Skyrim.esm
CORE-1373,core,V02,V02-02,standard,Skyrim.esm,D:\Wabbajack\modlists\Anvil\Stock Game\Data\Skyrim.esm,Skyrim.esm:03D21A,DialogueDawnstarInnKaritaThoringScene02,defined,yes,Skyrim.esm
CORE-1374,core,V02,V02-02,standard,Skyrim.esm,D:\Wabbajack\modlists\Anvil\Stock Game\Data\Skyrim.esm,Skyrim.esm:03D214,DialogueDawnstarWhiteHallMadenaBrina02,defined,yes,Skyrim.esm
CORE-1375,core,V02,V02-02,standard,Skyrim.esm,D:\Wabbajack\modlists\Anvil\Stock Game\Data\Skyrim.esm,Skyrim.esm:03D212,DialogueDawnstarWhiteHallMadenaHorik01,defined,yes,Skyrim.esm
CORE-1376,core,V02,V02-02,standard,Skyrim.esm,D:\Wabbajack\modlists\Anvil\Stock Game\Data\Skyrim.esm,Skyrim.esm:03D210,DialogueDawnstarWhiteHallMadenaHorik02,defined,yes,Skyrim.esm
CORE-1377,core,V02,V02-02,standard,Skyrim.esm,D:\Wabbajack\modlists\Anvil\Stock Game\Data\Skyrim.esm,Skyrim.esm:03D20E,DialogueDawnstarWhiteHallBrinaHorikScene01,defined,yes,Skyrim.esm
CORE-1378,core,V02,V02-02,standard,Skyrim.esm,D:\Wabbajack\modlists\Anvil\Stock Game\Data\Skyrim.esm,Skyrim.esm:03D20C,DialogueDawnstarWhiteHallBrinaHorikScene02,defined,yes,Skyrim.esm
CORE-1379,core,V02,V02-02,standard,Skyrim.esm,D:\Wabbajack\modlists\Anvil\Stock Game\Data\Skyrim.esm,Skyrim.esm:03D20A,DialogueDawnstarWhiteHallSkaldMadena01,defined,yes,Skyrim.esm
CORE-1380,core,V02,V02-02,standard,Skyrim.esm,D:\Wabbajack\modlists\Anvil\Stock Game\Data\Skyrim.esm,Skyrim.esm:03D208,DialogueDawnstarWhiteHallSkaldMadena02,defined,yes,Skyrim.esm
CORE-1381,core,V02,V02-02,standard,Skyrim.esm,D:\Wabbajack\modlists\Anvil\Stock Game\Data\Skyrim.esm,Skyrim.esm:03D206,DialogueDawnstarWhiteHallSkaldBulfrek01,defined,yes,Skyrim.esm
CORE-1382,core,V02,V02-02,standard,Skyrim.esm,D:\Wabbajack\modlists\Anvil\Stock Game\Data\Skyrim.esm,Skyrim.esm:03D204,DialogueDawnstarWhiteHallSkaldBulfrek02,defined,yes,Skyrim.esm
CORE-1383,core,V02,V02-02,standard,Skyrim.esm,D:\Wabbajack\modlists\Anvil\Stock Game\Data\Skyrim.esm,Skyrim.esm:03D202,DialogueDawnstarWhiteHallSkaldJod02,defined,yes,Skyrim.esm
CORE-1384,core,V03A,V03A-01,standard,Skyrim.esm,D:\Wabbajack\modlists\Anvil\Stock Game\Data\Skyrim.esm,Skyrim.esm:03CF44,TGDialogue,defined,no,Update.esm
CORE-1385,core,V02,V02-02,existing-core-row,Skyrim.esm,D:\Wabbajack\modlists\Anvil\Stock Game\Data\Skyrim.esm,Skyrim.esm:03CEDA,DB10,defined,yes,Skyrim.esm
CORE-1386,core,V02,V02-02,standard,Skyrim.esm,D:\Wabbajack\modlists\Anvil\Stock Game\Data\Skyrim.esm,Skyrim.esm:03CDDA,DialogueDawnstarWhiteHallSkaldJod01,defined,yes,Skyrim.esm
CORE-1387,core,V02,V02-02,standard,Skyrim.esm,D:\Wabbajack\modlists\Anvil\Stock Game\Data\Skyrim.esm,Skyrim.esm:03CDD8,DialogueDawnstarQuicksilverLeigelfLond01,defined,yes,Skyrim.esm
CORE-1388,core,V02,V02-02,standard,Skyrim.esm,D:\Wabbajack\modlists\Anvil\Stock Game\Data\Skyrim.esm,Skyrim.esm:03CDD6,DialogueDawnstarQuicksilverLeigelfLond02,defined,yes,Skyrim.esm
CORE-1389,core,V02,V02-02,standard,Skyrim.esm,D:\Wabbajack\modlists\Anvil\Stock Game\Data\Skyrim.esm,Skyrim.esm:03CDD0,DialogueDawnstarIronBreakerKarlBeitild01,defined,yes,Skyrim.esm
CORE-1390,core,V02,V02-02,standard,Skyrim.esm,D:\Wabbajack\modlists\Anvil\Stock Game\Data\Skyrim.esm,Skyrim.esm:03CDCE,DialogueDawnstarIronBreakerKarlBeitild02,defined,yes,Skyrim.esm
CORE-1391,core,V02,V02-02,standard,Skyrim.esm,D:\Wabbajack\modlists\Anvil\Stock Game\Data\Skyrim.esm,Skyrim.esm:03CDCA,DialogueDawnstarRustleifSeren02,defined,yes,Skyrim.esm
CORE-1392,core,V02,V02-02,standard,Skyrim.esm,D:\Wabbajack\modlists\Anvil\Stock Game\Data\Skyrim.esm,Skyrim.esm:03CDC8,DialogueDawnstarRustleifSeren01,defined,yes,Skyrim.esm
CORE-1393,core,V02,V02-02,standard,Skyrim.esm,D:\Wabbajack\modlists\Anvil\Stock Game\Data\Skyrim.esm,Skyrim.esm:03CDC2,DialogueDawnstarBrinaHorikScene02,defined,yes,Skyrim.esm
CORE-1394,core,V02,V02-02,standard,Skyrim.esm,D:\Wabbajack\modlists\Anvil\Stock Game\Data\Skyrim.esm,Skyrim.esm:03CDC0,DialogueDawnstarBrinaHorikScene01,defined,yes,Skyrim.esm
CORE-1395,core,V02,V02-02,standard,Skyrim.esm,D:\Wabbajack\modlists\Anvil\Stock Game\Data\Skyrim.esm,Skyrim.esm:03CD36,dunTolvaldsCaveQST,defined,yes,Skyrim.esm
CORE-1396,core,V02,V02-02,standard,Skyrim.esm,D:\Wabbajack\modlists\Anvil\Stock Game\Data\Skyrim.esm,Skyrim.esm:03907C,DialogueOrcs,defined,yes,Skyrim.esm
CORE-1397,core,V02,V02-01,standard,Skyrim.esm,D:\Wabbajack\modlists\Anvil\Stock Game\Data\Skyrim.esm,Skyrim.esm:026048,DialogueMarkarthKeepKitchenScene01,defined,yes,Skyrim.esm
CORE-1398,core,V02,V02-01,standard,Skyrim.esm,D:\Wabbajack\modlists\Anvil\Stock Game\Data\Skyrim.esm,Skyrim.esm:026047,DialogueMarkarthKeepCalcelmoAicantarScene02,defined,yes,Skyrim.esm
CORE-1399,core,V02,V02-01,standard,Skyrim.esm,D:\Wabbajack\modlists\Anvil\Stock Game\Data\Skyrim.esm,Skyrim.esm:026046,DialogueMarkarthKeepImperialCourtScene02,defined,yes,Skyrim.esm
CORE-1400,core,V02,V02-01,standard,Skyrim.esm,D:\Wabbajack\modlists\Anvil\Stock Game\Data\Skyrim.esm,Skyrim.esm:026044,DialogueMarkarthInnEndonsFamilyScene02,defined,yes,Skyrim.esm
CORE-1401,core,V02,V02-01,standard,Skyrim.esm,D:\Wabbajack\modlists\Anvil\Stock Game\Data\Skyrim.esm,Skyrim.esm:026043,DialogueMarkarthKeepCalcelmoAicantarScene01,defined,yes,Skyrim.esm
CORE-1402,core,V02,V02-01,standard,Skyrim.esm,D:\Wabbajack\modlists\Anvil\Stock Game\Data\Skyrim.esm,Skyrim.esm:026041,DialogueMarkarthKeepKitchenScene02,defined,yes,Skyrim.esm
CORE-1403,core,V02,V02-01,standard,Skyrim.esm,D:\Wabbajack\modlists\Anvil\Stock Game\Data\Skyrim.esm,Skyrim.esm:026017,DialogueMarkarthKeepImperialCourtScene03,defined,yes,Skyrim.esm
CORE-1404,core,V02,V02-01,standard,Skyrim.esm,D:\Wabbajack\modlists\Anvil\Stock Game\Data\Skyrim.esm,Skyrim.esm:025F26,DialogueMarkarthInnDegaineCosnachScene01,defined,yes,Skyrim.esm
CORE-1405,core,V02,V02-01,standard,Skyrim.esm,D:\Wabbajack\modlists\Anvil\Stock Game\Data\Skyrim.esm,Skyrim.esm:025F25,DialogueMarkarthHagsCureSceneMuiriBothela01,defined,yes,Skyrim.esm
CORE-1406,core,V02,V02-01,standard,Skyrim.esm,D:\Wabbajack\modlists\Anvil\Stock Game\Data\Skyrim.esm,Skyrim.esm:025F08,DialogueMarkarthHagsCureSceneMuiriBothela02,defined,yes,Skyrim.esm
CORE-1407,core,V02,V02-01,standard,Skyrim.esm,D:\Wabbajack\modlists\Anvil\Stock Game\Data\Skyrim.esm,Skyrim.esm:025F07,DialogueMarkarthKeepImperialCourtScene01,defined,yes,Skyrim.esm
CORE-1408,core,V02,V02-01,standard,Skyrim.esm,D:\Wabbajack\modlists\Anvil\Stock Game\Data\Skyrim.esm,Skyrim.esm:025F05,DialogueMarkarthInnOgmundKlepprScene01,defined,yes,Skyrim.esm
CORE-1409,core,V02,V02-01,standard,Skyrim.esm,D:\Wabbajack\modlists\Anvil\Stock Game\Data\Skyrim.esm,Skyrim.esm:025F03,DialogueMarkarthInnKlepprHreinnScene02,defined,yes,Skyrim.esm
CORE-1410,core,V02,V02-01,standard,Skyrim.esm,D:\Wabbajack\modlists\Anvil\Stock Game\Data\Skyrim.esm,Skyrim.esm:025F02,DialogueMarkarthInnKlepprHreinnScene01,defined,yes,Skyrim.esm
CORE-1411,core,V02,V02-01,standard,Skyrim.esm,D:\Wabbajack\modlists\Anvil\Stock Game\Data\Skyrim.esm,Skyrim.esm:025F01,DialogueMarkarthKeepStormcloakCourtScene01,defined,yes,Skyrim.esm
CORE-1412,core,V02,V02-01,standard,Skyrim.esm,D:\Wabbajack\modlists\Anvil\Stock Game\Data\Skyrim.esm,Skyrim.esm:025F00,DialogueMarkarthIntroBlacksmithScene,defined,yes,Skyrim.esm
CORE-1413,core,V02,V02-01,standard,Skyrim.esm,D:\Wabbajack\modlists\Anvil\Stock Game\Data\Skyrim.esm,Skyrim.esm:025EFF,DialogueMarkarthInnYngvarKlepprScene01,defined,yes,Skyrim.esm
CORE-1414,core,V02,V02-01,standard,Skyrim.esm,D:\Wabbajack\modlists\Anvil\Stock Game\Data\Skyrim.esm,Skyrim.esm:025EFE,DialogueMarkarthInnKlepprCosnachScene01,defined,yes,Skyrim.esm
CORE-1415,core,V02,V02-01,standard,Skyrim.esm,D:\Wabbajack\modlists\Anvil\Stock Game\Data\Skyrim.esm,Skyrim.esm:025EFB,DialogueMarkarthInnKlepprFrabbiScene03,defined,yes,Skyrim.esm
CORE-1416,core,V02,V02-01,standard,Skyrim.esm,D:\Wabbajack\modlists\Anvil\Stock Game\Data\Skyrim.esm,Skyrim.esm:025EF9,DialogueMarkarthKeepStormcloakCourtScene02,defined,yes,Skyrim.esm
CORE-1417,core,V02,V02-01,standard,Skyrim.esm,D:\Wabbajack\modlists\Anvil\Stock Game\Data\Skyrim.esm,Skyrim.esm:025EF8,DialogueMarkarthBlacksmithScene02,defined,yes,Skyrim.esm
CORE-1418,core,V02,V02-01,standard,Skyrim.esm,D:\Wabbajack\modlists\Anvil\Stock Game\Data\Skyrim.esm,Skyrim.esm:025EF7,DialogueMarkarthInnKlepprFrabbiScene02,defined,yes,Skyrim.esm
CORE-1419,core,V02,V02-01,standard,Skyrim.esm,D:\Wabbajack\modlists\Anvil\Stock Game\Data\Skyrim.esm,Skyrim.esm:025EF3,DialogueMarkarthInnFrabbiHreinnScene01,defined,yes,Skyrim.esm
CORE-1420,core,V02,V02-01,standard,Skyrim.esm,D:\Wabbajack\modlists\Anvil\Stock Game\Data\Skyrim.esm,Skyrim.esm:025EF2,DialogueMarkarthKeepStormcloakCourtScene03,defined,yes,Skyrim.esm
CORE-1421,core,V02,V02-01,standard,Skyrim.esm,D:\Wabbajack\modlists\Anvil\Stock Game\Data\Skyrim.esm,Skyrim.esm:025EF1,DialogueMarkarthInnDegaineCosnachScene02,defined,yes,Skyrim.esm
CORE-1422,core,V02,V02-01,standard,Skyrim.esm,D:\Wabbajack\modlists\Anvil\Stock Game\Data\Skyrim.esm,Skyrim.esm:025EEF,DialogueMarkarthInnEndonsFamilyScene01,defined,yes,Skyrim.esm
CORE-1423,core,V02,V02-01,standard,Skyrim.esm,D:\Wabbajack\modlists\Anvil\Stock Game\Data\Skyrim.esm,Skyrim.esm:025EEE,DialogueMarkarthInnOmluagHathrasilScene01,defined,yes,Skyrim.esm
CORE-1424,core,V02,V02-01,standard,Skyrim.esm,D:\Wabbajack\modlists\Anvil\Stock Game\Data\Skyrim.esm,Skyrim.esm:025EED,DialogueMarkarthInnKlepprFrabbiScene01,defined,yes,Skyrim.esm
CORE-1425,core,V03B,V03B-01,existing-core-row,Skyrim.esm,D:\Wabbajack\modlists\Anvil\Stock Game\Data\Skyrim.esm,Skyrim.esm:0242AF,DA16,defined,no,Dawnguard.esm
CORE-1426,core,V02,V02-01,standard,Skyrim.esm,D:\Wabbajack\modlists\Anvil\Stock Game\Data\Skyrim.esm,Skyrim.esm:01E437,dunBrokenOarQST,defined,yes,Skyrim.esm
CORE-1427,core,V02,V02-01,standard,Skyrim.esm,D:\Wabbajack\modlists\Anvil\Stock Game\Data\Skyrim.esm,Skyrim.esm:017E09,DialogueMarkarthArnleifLisbetImedhnainScene02,defined,yes,Skyrim.esm
CORE-1428,core,V02,V02-01,standard,Skyrim.esm,D:\Wabbajack\modlists\Anvil\Stock Game\Data\Skyrim.esm,Skyrim.esm:017CB2,CreatureDialogueTroll,defined,yes,Skyrim.esm
CORE-1429,core,V02,V02-01,standard,Skyrim.esm,D:\Wabbajack\modlists\Anvil\Stock Game\Data\Skyrim.esm,Skyrim.esm:017CA5,DialogueMarkarthArnleifLisbetImedhnainScene01,defined,yes,Skyrim.esm
CORE-1430,core,V02,V02-01,standard,Skyrim.esm,D:\Wabbajack\modlists\Anvil\Stock Game\Data\Skyrim.esm,Skyrim.esm:017CA3,DialogueMarkarthTreasuryHouseRhiadaBetridScene01,defined,yes,Skyrim.esm
CORE-1431,core,V02,V02-01,standard,Skyrim.esm,D:\Wabbajack\modlists\Anvil\Stock Game\Data\Skyrim.esm,Skyrim.esm:017C9F,DialogueMarkarthTreasuryHouseIldeneThonarScene01,defined,yes,Skyrim.esm
CORE-1432,core,V02,V02-01,standard,Skyrim.esm,D:\Wabbajack\modlists\Anvil\Stock Game\Data\Skyrim.esm,Skyrim.esm:017C9D,DialogueMarkarthTreasuryHouseRhiadaThonarScene01,defined,yes,Skyrim.esm
CORE-1433,core,V02,V02-01,standard,Skyrim.esm,D:\Wabbajack\modlists\Anvil\Stock Game\Data\Skyrim.esm,Skyrim.esm:017C9B,DialogueMarkarthTreasuryHouseRhiadaIldeneScene01,defined,yes,Skyrim.esm
CORE-1434,core,V02,V02-01,standard,Skyrim.esm,D:\Wabbajack\modlists\Anvil\Stock Game\Data\Skyrim.esm,Skyrim.esm:017C93,DialogueMarkarthTreasuryHouseThonarBetridScene02,defined,yes,Skyrim.esm
CORE-1435,core,V02,V02-01,standard,Skyrim.esm,D:\Wabbajack\modlists\Anvil\Stock Game\Data\Skyrim.esm,Skyrim.esm:017297,DialogueMarkarthTreasuryHouseThonarBetridScene01,defined,yes,Skyrim.esm
CORE-1436,core,V02,V02-01,standard,Skyrim.esm,D:\Wabbajack\modlists\Anvil\Stock Game\Data\Skyrim.esm,Skyrim.esm:017295,DialogueMarkarthKeepStormcloakCourtScene04,defined,yes,Skyrim.esm
CORE-1437,core,V02,V02-01,standard,Skyrim.esm,D:\Wabbajack\modlists\Anvil\Stock Game\Data\Skyrim.esm,Skyrim.esm:017293,DialogueMarkarthMarketSceneHogniHroki2,defined,yes,Skyrim.esm
CORE-1438,core,V02,V02-01,standard,Skyrim.esm,D:\Wabbajack\modlists\Anvil\Stock Game\Data\Skyrim.esm,Skyrim.esm:017291,DialogueMarkarthMarketSceneHogniHroki1,defined,yes,Skyrim.esm
CORE-1439,core,V02,V02-01,standard,Skyrim.esm,D:\Wabbajack\modlists\Anvil\Stock Game\Data\Skyrim.esm,Skyrim.esm:01728F,DialogueMarkarthMarketSceneKerahHroki2,defined,yes,Skyrim.esm
CORE-1440,core,V02,V02-01,standard,Skyrim.esm,D:\Wabbajack\modlists\Anvil\Stock Game\Data\Skyrim.esm,Skyrim.esm:01728D,DialogueMarkarthMarketSceneKerahHroki1,defined,yes,Skyrim.esm
CORE-1441,core,V02,V02-01,standard,Skyrim.esm,D:\Wabbajack\modlists\Anvil\Stock Game\Data\Skyrim.esm,Skyrim.esm:01728B,DialogueMarkarthMarketSceneKerahEndon2,defined,yes,Skyrim.esm
CORE-1442,core,V02,V02-01,standard,Skyrim.esm,D:\Wabbajack\modlists\Anvil\Stock Game\Data\Skyrim.esm,Skyrim.esm:017289,DialogueMarkarthMarketSceneKerahEndon1,defined,yes,Skyrim.esm
CORE-1443,core,V02,V02-01,standard,Skyrim.esm,D:\Wabbajack\modlists\Anvil\Stock Game\Data\Skyrim.esm,Skyrim.esm:017015,CreatureDialogueFrostbiteSpider,defined,yes,Skyrim.esm
CORE-1444,core,V02,V02-01,standard,Skyrim.esm,D:\Wabbajack\modlists\Anvil\Stock Game\Data\Skyrim.esm,Skyrim.esm:015D24,TGRDU,defined,yes,Skyrim.esm
CORE-1445,core,V02,V02-02,standard,Skyrim.esm,D:\Wabbajack\modlists\Anvil\Stock Game\Data\Skyrim.esm,Skyrim.esm:038386,MS13LucanCamillaScene,defined,yes,Skyrim.esm
CORE-1446,core,V02,V02-02,standard,Skyrim.esm,D:\Wabbajack\modlists\Anvil\Stock Game\Data\Skyrim.esm,Skyrim.esm:037B71,CWFortDialogue,defined,yes,Skyrim.esm
CORE-1447,core,V02,V02-01,standard,Skyrim.esm,D:\Wabbajack\modlists\Anvil\Stock Game\Data\Skyrim.esm,Skyrim.esm:0379E3,DialogueWinterholdKorirsHouseScene03,defined,yes,Skyrim.esm
CORE-1448,core,V02,V02-01,standard,Skyrim.esm,D:\Wabbajack\modlists\Anvil\Stock Game\Data\Skyrim.esm,Skyrim.esm:0379E1,DialogueWinterholdKorirsHouseScene02,defined,yes,Skyrim.esm
CORE-1449,core,V02,V02-01,standard,Skyrim.esm,D:\Wabbajack\modlists\Anvil\Stock Game\Data\Skyrim.esm,Skyrim.esm:0376F3,DialogueWinterholdKorirsHouseScene01,defined,yes,Skyrim.esm
CORE-1450,core,V02,V02-01,standard,Skyrim.esm,D:\Wabbajack\modlists\Anvil\Stock Game\Data\Skyrim.esm,Skyrim.esm:03763C,dunRagnvaldQST,defined,yes,Skyrim.esm
CORE-1451,core,V02,V02-01,standard,Skyrim.esm,D:\Wabbajack\modlists\Anvil\Stock Game\Data\Skyrim.esm,Skyrim.esm:03636C,DialogueGenericCombatLowStamina,defined,yes,Skyrim.esm
CORE-1452,core,V02,V02-01,standard,Skyrim.esm,D:\Wabbajack\modlists\Anvil\Stock Game\Data\Skyrim.esm,Skyrim.esm:035A23,CWMission04,defined,yes,Skyrim.esm
CORE-1453,core,V02,V02-01,standard,Skyrim.esm,D:\Wabbajack\modlists\Anvil\Stock Game\Data\Skyrim.esm,Skyrim.esm:035127,DialogueWinterholdJarlsLonghouseScene03,defined,yes,Skyrim.esm
CORE-1454,core,V02,V02-01,standard,Skyrim.esm,D:\Wabbajack\modlists\Anvil\Stock Game\Data\Skyrim.esm,Skyrim.esm:035125,DialogueWinterholdJarlsLonghouseScene02,defined,yes,Skyrim.esm
CORE-1455,core,V02,V02-01,standard,Skyrim.esm,D:\Wabbajack\modlists\Anvil\Stock Game\Data\Skyrim.esm,Skyrim.esm:035114,DialogueWinterholdJarlsLonghouseScene01,defined,yes,Skyrim.esm
CORE-1456,core,V02,V02-01,standard,Skyrim.esm,D:\Wabbajack\modlists\Anvil\Stock Game\Data\Skyrim.esm,Skyrim.esm:03194C,DialogueWinterholdInnScene08,defined,yes,Skyrim.esm
CORE-1457,core,V02,V02-01,standard,Skyrim.esm,D:\Wabbajack\modlists\Anvil\Stock Game\Data\Skyrim.esm,Skyrim.esm:03194A,DialogueWinterholdInnScene07,defined,yes,Skyrim.esm
CORE-1458,core,V02,V02-01,standard,Skyrim.esm,D:\Wabbajack\modlists\Anvil\Stock Game\Data\Skyrim.esm,Skyrim.esm:031948,DialogueWinterholdInnScene06,defined,yes,Skyrim.esm
CORE-1459,core,V02,V02-01,standard,Skyrim.esm,D:\Wabbajack\modlists\Anvil\Stock Game\Data\Skyrim.esm,Skyrim.esm:031946,DialogueWinterholdInnScene05,defined,yes,Skyrim.esm
CORE-1460,core,V02,V02-01,standard,Skyrim.esm,D:\Wabbajack\modlists\Anvil\Stock Game\Data\Skyrim.esm,Skyrim.esm:031944,DialogueWinterholdInnScene04,defined,yes,Skyrim.esm
CORE-1461,core,V02,V02-01,standard,Skyrim.esm,D:\Wabbajack\modlists\Anvil\Stock Game\Data\Skyrim.esm,Skyrim.esm:031942,DialogueWinterholdInnScene03,defined,yes,Skyrim.esm
CORE-1462,core,V02,V02-01,standard,Skyrim.esm,D:\Wabbajack\modlists\Anvil\Stock Game\Data\Skyrim.esm,Skyrim.esm:0318C4,DialogueWinterholdInnScene02,defined,yes,Skyrim.esm
CORE-1463,core,V02,V02-01,standard,Skyrim.esm,D:\Wabbajack\modlists\Anvil\Stock Game\Data\Skyrim.esm,Skyrim.esm:0318C2,DialogueWinterholdInnScene01,defined,yes,Skyrim.esm
CORE-1464,core,V02,V02-01,existing-core-row,Skyrim.esm,D:\Wabbajack\modlists\Anvil\Stock Game\Data\Skyrim.esm,Skyrim.esm:02AD16,DB04a,defined,yes,Skyrim.esm
CORE-1465,core,V03C,V03C-01,standard,Skyrim.esm,D:\Wabbajack\modlists\Anvil\Stock Game\Data\Skyrim.esm,Skyrim.esm:01F142,MS06PotemasCatacombsDungeon,defined,no,Dragonborn.esm
CORE-1466,core,V02,V02-02,standard,Skyrim.esm,D:\Wabbajack\modlists\Anvil\Stock Game\Data\Skyrim.esm,Skyrim.esm:03BCC4,CWMission03,defined,yes,Skyrim.esm
CORE-1467,core,V02,V02-02,standard,Skyrim.esm,D:\Wabbajack\modlists\Anvil\Stock Game\Data\Skyrim.esm,Skyrim.esm:03BC74,MS13BleakFallsBarrowArvelShouting,defined,yes,Skyrim.esm
CORE-1468,core,V02,V02-02,existing-core-row,Skyrim.esm,D:\Wabbajack\modlists\Anvil\Stock Game\Data\Skyrim.esm,Skyrim.esm:03B681,DA06,defined,yes,Skyrim.esm
CORE-1469,core,V02,V02-02,standard,Skyrim.esm,D:\Wabbajack\modlists\Anvil\Stock Game\Data\Skyrim.esm,Skyrim.esm:03AD4A,dunHalldirsCairnQST,defined,yes,Skyrim.esm
CORE-1470,core,V02,V02-02,standard,Skyrim.esm,D:\Wabbajack\modlists\Anvil\Stock Game\Data\Skyrim.esm,Skyrim.esm:03ACDB,Caravans,defined,yes,Skyrim.esm
CORE-1471,core,V02,V02-02,standard,Skyrim.esm,D:\Wabbajack\modlists\Anvil\Stock Game\Data\Skyrim.esm,Skyrim.esm:03A9D4,DialogueWindhelmCornerclubScene5,defined,yes,Skyrim.esm
CORE-1472,core,V02,V02-02,standard,Skyrim.esm,D:\Wabbajack\modlists\Anvil\Stock Game\Data\Skyrim.esm,Skyrim.esm:03A9D2,DialogueWindhelmCornerclubScene4,defined,yes,Skyrim.esm
CORE-1473,core,V02,V02-02,standard,Skyrim.esm,D:\Wabbajack\modlists\Anvil\Stock Game\Data\Skyrim.esm,Skyrim.esm:03A9D0,DialogueWindhelmCornerclubScene3,defined,yes,Skyrim.esm
CORE-1474,core,V02,V02-02,standard,Skyrim.esm,D:\Wabbajack\modlists\Anvil\Stock Game\Data\Skyrim.esm,Skyrim.esm:03A9CE,DialogueWindhelmCornerclubScene2,defined,yes,Skyrim.esm
CORE-1475,core,V02,V02-02,standard,Skyrim.esm,D:\Wabbajack\modlists\Anvil\Stock Game\Data\Skyrim.esm,Skyrim.esm:03A9CC,DialogueWindhelmCornerclubScene1,defined,yes,Skyrim.esm
CORE-1476,core,V02,V02-02,standard,Skyrim.esm,D:\Wabbajack\modlists\Anvil\Stock Game\Data\Skyrim.esm,Skyrim.esm:03A9C8,DialogueWindhelmCandlehearthScene4,defined,yes,Skyrim.esm
CORE-1477,core,V02,V02-02,standard,Skyrim.esm,D:\Wabbajack\modlists\Anvil\Stock Game\Data\Skyrim.esm,Skyrim.esm:03A9C6,DialogueWindhelmCandlehearthScene3,defined,yes,Skyrim.esm
CORE-1478,core,V02,V02-02,standard,Skyrim.esm,D:\Wabbajack\modlists\Anvil\Stock Game\Data\Skyrim.esm,Skyrim.esm:03A9C4,DialogueWindhelmCandlehearthScene2,defined,yes,Skyrim.esm
CORE-1479,core,V02,V02-02,standard,Skyrim.esm,D:\Wabbajack\modlists\Anvil\Stock Game\Data\Skyrim.esm,Skyrim.esm:03A9C2,DialogueWindhelmCandlehearthScene1,defined,yes,Skyrim.esm
CORE-1480,core,V02,V02-02,standard,Skyrim.esm,D:\Wabbajack\modlists\Anvil\Stock Game\Data\Skyrim.esm,Skyrim.esm:03A9B6,DialogueWindhelmPalaceScene8,defined,yes,Skyrim.esm
CORE-1481,core,V02,V02-02,standard,Skyrim.esm,D:\Wabbajack\modlists\Anvil\Stock Game\Data\Skyrim.esm,Skyrim.esm:03A9B4,DialogueWindhelmPalaceScene7,defined,yes,Skyrim.esm
CORE-1482,core,V02,V02-02,standard,Skyrim.esm,D:\Wabbajack\modlists\Anvil\Stock Game\Data\Skyrim.esm,Skyrim.esm:03A9B2,DialogueWindhelmPalaceScene6,defined,yes,Skyrim.esm
CORE-1483,core,V02,V02-02,standard,Skyrim.esm,D:\Wabbajack\modlists\Anvil\Stock Game\Data\Skyrim.esm,Skyrim.esm:03A9B0,DialogueWindhelmPalaceScene5,defined,yes,Skyrim.esm
CORE-1484,core,V02,V02-02,standard,Skyrim.esm,D:\Wabbajack\modlists\Anvil\Stock Game\Data\Skyrim.esm,Skyrim.esm:03A9AE,DialogueWindhelmPalaceScene4,defined,yes,Skyrim.esm
CORE-1485,core,V02,V02-02,standard,Skyrim.esm,D:\Wabbajack\modlists\Anvil\Stock Game\Data\Skyrim.esm,Skyrim.esm:03A9AC,DialogueWindhelmPalaceScene3,defined,yes,Skyrim.esm
CORE-1486,core,V02,V02-02,standard,Skyrim.esm,D:\Wabbajack\modlists\Anvil\Stock Game\Data\Skyrim.esm,Skyrim.esm:03A9AA,DialogueWindhelmPalaceScene2,defined,yes,Skyrim.esm
CORE-1487,core,V02,V02-02,standard,Skyrim.esm,D:\Wabbajack\modlists\Anvil\Stock Game\Data\Skyrim.esm,Skyrim.esm:03A9A8,DialogueWindhelmPalaceScene1,defined,yes,Skyrim.esm
CORE-1488,core,V02,V02-02,standard,Skyrim.esm,D:\Wabbajack\modlists\Anvil\Stock Game\Data\Skyrim.esm,Skyrim.esm:03A9A0,DialogueEastmarch,defined,yes,Skyrim.esm
CORE-1489,core,V02,V02-02,standard,Skyrim.esm,D:\Wabbajack\modlists\Anvil\Stock Game\Data\Skyrim.esm,Skyrim.esm:03A99F,DialogueNarzulbur,defined,yes,Skyrim.esm
CORE-1490,core,V02,V02-02,standard,Skyrim.esm,D:\Wabbajack\modlists\Anvil\Stock Game\Data\Skyrim.esm,Skyrim.esm:03A74A,dunSouthfringeQST,defined,yes,Skyrim.esm
CORE-1491,core,V02,V02-02,standard,Skyrim.esm,D:\Wabbajack\modlists\Anvil\Stock Game\Data\Skyrim.esm,Skyrim.esm:03A17C,MS13BleakFallsBarrowCampfireScene,defined,yes,Skyrim.esm
CORE-1492,core,V02,V02-02,standard,Skyrim.esm,D:\Wabbajack\modlists\Anvil\Stock Game\Data\Skyrim.esm,Skyrim.esm:03A15A,DialogueWhiterunHeimskrPreachScene,defined,yes,Skyrim.esm
CORE-1493,core,V02,V02-02,standard,Skyrim.esm,D:\Wabbajack\modlists\Anvil\Stock Game\Data\Skyrim.esm,Skyrim.esm:03A156,DialogueRoriksteadEnnisReldithScene1,defined,yes,Skyrim.esm
CORE-1494,core,V02,V02-02,standard,Skyrim.esm,D:\Wabbajack\modlists\Anvil\Stock Game\Data\Skyrim.esm,Skyrim.esm:039F82,WICourier,defined,yes,Skyrim.esm
CORE-1495,core,V02,V02-02,standard,Skyrim.esm,D:\Wabbajack\modlists\Anvil\Stock Game\Data\Skyrim.esm,Skyrim.esm:039DF7,DialogueRoriksteadSisselJouaneScene1,defined,yes,Skyrim.esm
CORE-1496,core,V02,V02-02,standard,Skyrim.esm,D:\Wabbajack\modlists\Anvil\Stock Game\Data\Skyrim.esm,Skyrim.esm:039CE7,DialogueWindhelmBrunwulfEldaScene3,defined,yes,Skyrim.esm
CORE-1497,core,V02,V02-02,standard,Skyrim.esm,D:\Wabbajack\modlists\Anvil\Stock Game\Data\Skyrim.esm,Skyrim.esm:039CE5,DialogueWindhelmBrunwulfEldaScene2,defined,yes,Skyrim.esm
CORE-1498,core,V02,V02-02,standard,Skyrim.esm,D:\Wabbajack\modlists\Anvil\Stock Game\Data\Skyrim.esm,Skyrim.esm:039CE3,DialogueWindhelmBrunwulfEldaScene1,defined,yes,Skyrim.esm
CORE-1499,core,V02,V02-02,standard,Skyrim.esm,D:\Wabbajack\modlists\Anvil\Stock Game\Data\Skyrim.esm,Skyrim.esm:039CE1,DialogueWindhelmAlchemyShopScene3,defined,yes,Skyrim.esm
CORE-1500,core,V02,V02-02,standard,Skyrim.esm,D:\Wabbajack\modlists\Anvil\Stock Game\Data\Skyrim.esm,Skyrim.esm:039CDF,DialogueWindhelmAlchemyShopScene2,defined,yes,Skyrim.esm
CORE-1501,core,V02,V02-02,standard,Skyrim.esm,D:\Wabbajack\modlists\Anvil\Stock Game\Data\Skyrim.esm,Skyrim.esm:039CDD,DialogueWindhelmAlchemyShopScene1,defined,yes,Skyrim.esm
CORE-1502,core,V03A,V03A-01,standard,Skyrim.esm,D:\Wabbajack\modlists\Anvil\Stock Game\Data\Skyrim.esm,Skyrim.esm:039C88,DialogueRoriksteadBritteSisselScene1,defined,no,HearthFires.esm
CORE-1503,core,V02,V02-02,standard,Skyrim.esm,D:\Wabbajack\modlists\Anvil\Stock Game\Data\Skyrim.esm,Skyrim.esm:039BB5,DunHarmugstahlQST,defined,yes,Skyrim.esm
CORE-1504,core,V02,V02-02,standard,Skyrim.esm,D:\Wabbajack\modlists\Anvil\Stock Game\Data\Skyrim.esm,Skyrim.esm:039B3B,dunBlindCliffQST,defined,yes,Skyrim.esm
CORE-1505,core,V02,V02-02,standard,Skyrim.esm,D:\Wabbajack\modlists\Anvil\Stock Game\Data\Skyrim.esm,Skyrim.esm:039792,WIAssault02,defined,yes,Skyrim.esm
CORE-1506,core,V02,V02-02,standard,Skyrim.esm,D:\Wabbajack\modlists\Anvil\Stock Game\Data\Skyrim.esm,Skyrim.esm:039645,MS13,defined,yes,Skyrim.esm
CORE-1507,core,V02,V02-02,standard,Skyrim.esm,D:\Wabbajack\modlists\Anvil\Stock Game\Data\Skyrim.esm,Skyrim.esm:039259,CreatureDialogueDragon,defined,yes,Skyrim.esm
CORE-1508,core,V02,V02-02,standard,Skyrim.esm,D:\Wabbajack\modlists\Anvil\Stock Game\Data\Skyrim.esm,Skyrim.esm:03874B,DialogueBarleydarkFarm,defined,yes,Skyrim.esm
CORE-1509,core,V02,V02-02,standard,Skyrim.esm,D:\Wabbajack\modlists\Anvil\Stock Game\Data\Skyrim.esm,Skyrim.esm:03867C,DialogueRorikstead,defined,yes,Skyrim.esm
CORE-1510,core,V02,V02-02,standard,Skyrim.esm,D:\Wabbajack\modlists\Anvil\Stock Game\Data\Skyrim.esm,Skyrim.esm:03858C,DialogueWindhelmViolaLonelyGaleScene4,defined,yes,Skyrim.esm
CORE-1511,core,V02,V02-02,standard,Skyrim.esm,D:\Wabbajack\modlists\Anvil\Stock Game\Data\Skyrim.esm,Skyrim.esm:03858A,DialogueWindhelmViolaLonelyGaleScene3,defined,yes,Skyrim.esm
CORE-1512,core,V02,V02-02,standard,Skyrim.esm,D:\Wabbajack\modlists\Anvil\Stock Game\Data\Skyrim.esm,Skyrim.esm:038588,DialogueWindhelmViolaLonelyGaleScene2,defined,yes,Skyrim.esm
CORE-1513,core,V02,V02-02,standard,Skyrim.esm,D:\Wabbajack\modlists\Anvil\Stock Game\Data\Skyrim.esm,Skyrim.esm:038586,DialogueWindhelmViolaLonelyGaleScene1,defined,yes,Skyrim.esm
CORE-1514,core,V02,V02-02,standard,Skyrim.esm,D:\Wabbajack\modlists\Anvil\Stock Game\Data\Skyrim.esm,Skyrim.esm:038584,DialogueWindhelmBlacksmithScene3,defined,yes,Skyrim.esm
CORE-1515,core,V02,V02-02,standard,Skyrim.esm,D:\Wabbajack\modlists\Anvil\Stock Game\Data\Skyrim.esm,Skyrim.esm:03833C,WIDeadBody01,defined,yes,Skyrim.esm
CORE-1516,core,V02,V02-02,standard,Skyrim.esm,D:\Wabbajack\modlists\Anvil\Stock Game\Data\Skyrim.esm,Skyrim.esm:03829F,DialogueDawnstar,defined,yes,Skyrim.esm
CORE-1517,core,V02,V02-02,standard,Skyrim.esm,D:\Wabbajack\modlists\Anvil\Stock Game\Data\Skyrim.esm,Skyrim.esm:03829B,DialogueWindhelmBlacksmithScene2,defined,yes,Skyrim.esm
CORE-1518,core,V02,V02-02,standard,Skyrim.esm,D:\Wabbajack\modlists\Anvil\Stock Game\Data\Skyrim.esm,Skyrim.esm:03828B,DialogueWindhelmBlacksmithScene1,defined,yes,Skyrim.esm
CORE-1519,core,V02,V02-02,standard,Skyrim.esm,D:\Wabbajack\modlists\Anvil\Stock Game\Data\Skyrim.esm,Skyrim.esm:037EDC,DialogueWinterholdCollegeDormitoryScene02,defined,yes,Skyrim.esm
CORE-1520,core,V02,V02-02,standard,Skyrim.esm,D:\Wabbajack\modlists\Anvil\Stock Game\Data\Skyrim.esm,Skyrim.esm:037EDA,DialogueWinterholdCollegeDormitoryScene01,defined,yes,Skyrim.esm
CORE-1521,core,V02,V02-02,standard,Skyrim.esm,D:\Wabbajack\modlists\Anvil\Stock Game\Data\Skyrim.esm,Skyrim.esm:037ED8,DialogueWinterholdCollegeGHallScene04,defined,yes,Skyrim.esm
CORE-1522,core,V02,V02-02,standard,Skyrim.esm,D:\Wabbajack\modlists\Anvil\Stock Game\Data\Skyrim.esm,Skyrim.esm:037E86,DialogueWinterholdCollegeGHallScene03,defined,yes,Skyrim.esm
CORE-1523,core,V02,V02-02,standard,Skyrim.esm,D:\Wabbajack\modlists\Anvil\Stock Game\Data\Skyrim.esm,Skyrim.esm:037E84,DialogueWinterholdCollegeGHallScene02,defined,yes,Skyrim.esm
CORE-1524,core,V02,V02-02,standard,Skyrim.esm,D:\Wabbajack\modlists\Anvil\Stock Game\Data\Skyrim.esm,Skyrim.esm:037E82,DialogueWinterholdCollegeGHallScene01,defined,yes,Skyrim.esm
CORE-1525,core,V02,V02-02,standard,Skyrim.esm,D:\Wabbajack\modlists\Anvil\Stock Game\Data\Skyrim.esm,Skyrim.esm:037E80,DialogueWinterholdCollegeArcanaeumScene06,defined,yes,Skyrim.esm
CORE-1526,core,V02,V02-02,standard,Skyrim.esm,D:\Wabbajack\modlists\Anvil\Stock Game\Data\Skyrim.esm,Skyrim.esm:037E7E,DialogueWinterholdCollegeArcanaeumScene05,defined,yes,Skyrim.esm
CORE-1527,core,V02,V02-02,standard,Skyrim.esm,D:\Wabbajack\modlists\Anvil\Stock Game\Data\Skyrim.esm,Skyrim.esm:037E09,DialogueSnowShodFarmScene02,defined,yes,Skyrim.esm
CORE-1528,core,V02,V02-02,standard,Skyrim.esm,D:\Wabbajack\modlists\Anvil\Stock Game\Data\Skyrim.esm,Skyrim.esm:037E07,DialogueSnowShodFarmScene01,defined,yes,Skyrim.esm
CORE-1529,core,V02,V02-02,standard,Skyrim.esm,D:\Wabbajack\modlists\Anvil\Stock Game\Data\Skyrim.esm,Skyrim.esm:037DD7,DialogueWinterholdCollegeArcanaeumScene04,defined,yes,Skyrim.esm
CORE-1530,core,V02,V02-02,standard,Skyrim.esm,D:\Wabbajack\modlists\Anvil\Stock Game\Data\Skyrim.esm,Skyrim.esm:037DD4,DialogueWinterholdCollegeArcanaeumScene02,defined,yes,Skyrim.esm
CORE-1531,core,V02,V02-02,standard,Skyrim.esm,D:\Wabbajack\modlists\Anvil\Stock Game\Data\Skyrim.esm,Skyrim.esm:037DD3,DialogueWinterholdCollegeArcanaeumScene03,defined,yes,Skyrim.esm
CORE-1532,core,V02,V02-02,standard,Skyrim.esm,D:\Wabbajack\modlists\Anvil\Stock Game\Data\Skyrim.esm,Skyrim.esm:037DCD,DialogueSaarthalExteriorConvoScene1,defined,yes,Skyrim.esm
CORE-1533,core,V02,V02-02,standard,Skyrim.esm,D:\Wabbajack\modlists\Anvil\Stock Game\Data\Skyrim.esm,Skyrim.esm:037CC2,DialogueWhiterunArgueScene,defined,yes,Skyrim.esm
CORE-1534,core,V02,V02-01,standard,Skyrim.esm,D:\Wabbajack\modlists\Anvil\Stock Game\Data\Skyrim.esm,Skyrim.esm:037114,commentary,defined,yes,Skyrim.esm
CORE-1535,core,V02,V02-01,standard,Skyrim.esm,D:\Wabbajack\modlists\Anvil\Stock Game\Data\Skyrim.esm,Skyrim.esm:0368D8,DialogueRiften,defined,yes,Skyrim.esm
CORE-1536,core,V02,V02-01,standard,Skyrim.esm,D:\Wabbajack\modlists\Anvil\Stock Game\Data\Skyrim.esm,Skyrim.esm:0367FA,DialogueSolitudePalaceScene4,defined,yes,Skyrim.esm
CORE-1537,core,V02,V02-01,standard,Skyrim.esm,D:\Wabbajack\modlists\Anvil\Stock Game\Data\Skyrim.esm,Skyrim.esm:0367F9,DialogueSolitudePalaceScene3,defined,yes,Skyrim.esm
CORE-1538,core,V02,V02-01,standard,Skyrim.esm,D:\Wabbajack\modlists\Anvil\Stock Game\Data\Skyrim.esm,Skyrim.esm:0367F8,DialogueSolitudePalaceScene2,defined,yes,Skyrim.esm
CORE-1539,core,V02,V02-01,standard,Skyrim.esm,D:\Wabbajack\modlists\Anvil\Stock Game\Data\Skyrim.esm,Skyrim.esm:0367F7,DialogueSolitudePalaceScene1,defined,yes,Skyrim.esm
CORE-1540,core,V02,V02-01,standard,Skyrim.esm,D:\Wabbajack\modlists\Anvil\Stock Game\Data\Skyrim.esm,Skyrim.esm:0367F3,DialogueSolitudeBardScene3,defined,yes,Skyrim.esm
CORE-1541,core,V02,V02-01,standard,Skyrim.esm,D:\Wabbajack\modlists\Anvil\Stock Game\Data\Skyrim.esm,Skyrim.esm:0367F2,DialogueSolitudeBardScene2,defined,yes,Skyrim.esm
CORE-1542,core,V02,V02-01,standard,Skyrim.esm,D:\Wabbajack\modlists\Anvil\Stock Game\Data\Skyrim.esm,Skyrim.esm:0367F1,DialogueSolitudeBardScene1,defined,yes,Skyrim.esm
CORE-1543,core,V02,V02-01,standard,Skyrim.esm,D:\Wabbajack\modlists\Anvil\Stock Game\Data\Skyrim.esm,Skyrim.esm:0367EE,DialogueSolitudeTempleScene3,defined,yes,Skyrim.esm
CORE-1544,core,V02,V02-01,standard,Skyrim.esm,D:\Wabbajack\modlists\Anvil\Stock Game\Data\Skyrim.esm,Skyrim.esm:0367ED,DialogueSolitudeTempleScene2,defined,yes,Skyrim.esm
CORE-1545,core,V02,V02-01,standard,Skyrim.esm,D:\Wabbajack\modlists\Anvil\Stock Game\Data\Skyrim.esm,Skyrim.esm:0367EB,DialogueSolitudeTempleScene1,defined,yes,Skyrim.esm
CORE-1546,core,V02,V02-01,standard,Skyrim.esm,D:\Wabbajack\modlists\Anvil\Stock Game\Data\Skyrim.esm,Skyrim.esm:0367E9,DialogueSolitudeSanHouseScene2,defined,yes,Skyrim.esm
CORE-1547,core,V02,V02-01,standard,Skyrim.esm,D:\Wabbajack\modlists\Anvil\Stock Game\Data\Skyrim.esm,Skyrim.esm:0367E7,DialogueSolitudeAddvarHouseScene2,defined,yes,Skyrim.esm
CORE-1548,core,V02,V02-01,standard,Skyrim.esm,D:\Wabbajack\modlists\Anvil\Stock Game\Data\Skyrim.esm,Skyrim.esm:0367E4,DialogueSolitudeSanHouseScene1,defined,yes,Skyrim.esm
CORE-1549,core,V02,V02-01,standard,Skyrim.esm,D:\Wabbajack\modlists\Anvil\Stock Game\Data\Skyrim.esm,Skyrim.esm:0367E3,DialogueSolitudeAddvarHouseScene1,defined,yes,Skyrim.esm
CORE-1550,core,V02,V02-01,standard,Skyrim.esm,D:\Wabbajack\modlists\Anvil\Stock Game\Data\Skyrim.esm,Skyrim.esm:0367E1,DialogueSolitudeErikurScene3,defined,yes,Skyrim.esm
CORE-1551,core,V02,V02-01,standard,Skyrim.esm,D:\Wabbajack\modlists\Anvil\Stock Game\Data\Skyrim.esm,Skyrim.esm:0367DF,DialogueSolitudeErikurScene2,defined,yes,Skyrim.esm
CORE-1552,core,V02,V02-01,standard,Skyrim.esm,D:\Wabbajack\modlists\Anvil\Stock Game\Data\Skyrim.esm,Skyrim.esm:0367DD,DialogueSolitudeErikurScene1,defined,yes,Skyrim.esm
CORE-1553,core,V02,V02-01,standard,Skyrim.esm,D:\Wabbajack\modlists\Anvil\Stock Game\Data\Skyrim.esm,Skyrim.esm:0367DB,DialogueSolitudeBrylingScene3,defined,yes,Skyrim.esm
CORE-1554,core,V02,V02-01,standard,Skyrim.esm,D:\Wabbajack\modlists\Anvil\Stock Game\Data\Skyrim.esm,Skyrim.esm:0367D9,DialogueSolitudeBrylingScene2,defined,yes,Skyrim.esm
CORE-1555,core,V02,V02-01,standard,Skyrim.esm,D:\Wabbajack\modlists\Anvil\Stock Game\Data\Skyrim.esm,Skyrim.esm:0367D7,DialogueSolitudeBrylingScene1,defined,yes,Skyrim.esm
CORE-1556,core,V02,V02-01,standard,Skyrim.esm,D:\Wabbajack\modlists\Anvil\Stock Game\Data\Skyrim.esm,Skyrim.esm:0367D5,DialogueSolitudeDocksScene3,defined,yes,Skyrim.esm
CORE-1557,core,V02,V02-01,standard,Skyrim.esm,D:\Wabbajack\modlists\Anvil\Stock Game\Data\Skyrim.esm,Skyrim.esm:0367D3,DialogueSolitudeDocksScene2,defined,yes,Skyrim.esm
CORE-1558,core,V02,V02-01,standard,Skyrim.esm,D:\Wabbajack\modlists\Anvil\Stock Game\Data\Skyrim.esm,Skyrim.esm:0367D1,DialogueSolitudeDocksScene1,defined,yes,Skyrim.esm
CORE-1559,core,V02,V02-01,standard,Skyrim.esm,D:\Wabbajack\modlists\Anvil\Stock Game\Data\Skyrim.esm,Skyrim.esm:0367CF,DialogueSolitudeJailerScene2,defined,yes,Skyrim.esm
CORE-1560,core,V02,V02-01,standard,Skyrim.esm,D:\Wabbajack\modlists\Anvil\Stock Game\Data\Skyrim.esm,Skyrim.esm:0367CD,DialogueSolitudeJailerScene1,defined,yes,Skyrim.esm
CORE-1561,core,V02,V02-01,standard,Skyrim.esm,D:\Wabbajack\modlists\Anvil\Stock Game\Data\Skyrim.esm,Skyrim.esm:0367CB,DialogueSolitudeCastleScene2,defined,yes,Skyrim.esm
CORE-1562,core,V02,V02-01,standard,Skyrim.esm,D:\Wabbajack\modlists\Anvil\Stock Game\Data\Skyrim.esm,Skyrim.esm:0367C9,DialogueSolitudeCastleScene1,defined,yes,Skyrim.esm
CORE-1563,core,V02,V02-01,standard,Skyrim.esm,D:\Wabbajack\modlists\Anvil\Stock Game\Data\Skyrim.esm,Skyrim.esm:0367C5,DialogueSolitudeFletcherScene2,defined,yes,Skyrim.esm
CORE-1564,core,V02,V02-01,standard,Skyrim.esm,D:\Wabbajack\modlists\Anvil\Stock Game\Data\Skyrim.esm,Skyrim.esm:0367C1,DialogueSolitudeFletcherScene1,defined,yes,Skyrim.esm
CORE-1565,core,V02,V02-01,standard,Skyrim.esm,D:\Wabbajack\modlists\Anvil\Stock Game\Data\Skyrim.esm,Skyrim.esm:0367C0,DialogueSolitudeBlacksmithScene1,defined,yes,Skyrim.esm
CORE-1566,core,V02,V02-01,standard,Skyrim.esm,D:\Wabbajack\modlists\Anvil\Stock Game\Data\Skyrim.esm,Skyrim.esm:0367BF,DialogueSolitudeBitsScene1,defined,yes,Skyrim.esm
CORE-1567,core,V02,V02-01,standard,Skyrim.esm,D:\Wabbajack\modlists\Anvil\Stock Game\Data\Skyrim.esm,Skyrim.esm:0367BE,DialogueSolitudeRaimentsScene1,defined,yes,Skyrim.esm
CORE-1568,core,V02,V02-01,standard,Skyrim.esm,D:\Wabbajack\modlists\Anvil\Stock Game\Data\Skyrim.esm,Skyrim.esm:0367BD,DialogueSolitudeWellsApothecarylScene1,defined,yes,Skyrim.esm
CORE-1569,core,V02,V02-01,standard,Skyrim.esm,D:\Wabbajack\modlists\Anvil\Stock Game\Data\Skyrim.esm,Skyrim.esm:0367BB,DialogueSolitudeWellScene3,defined,yes,Skyrim.esm
CORE-1570,core,V02,V02-01,standard,Skyrim.esm,D:\Wabbajack\modlists\Anvil\Stock Game\Data\Skyrim.esm,Skyrim.esm:036626,CWGovernment,defined,yes,Skyrim.esm
CORE-1571,core,V02,V02-01,standard,Skyrim.esm,D:\Wabbajack\modlists\Anvil\Stock Game\Data\Skyrim.esm,Skyrim.esm:0362AC,DialogueCidhnaMine,defined,yes,Skyrim.esm
CORE-1572,core,V02,V02-01,existing-core-row,Skyrim.esm,D:\Wabbajack\modlists\Anvil\Stock Game\Data\Skyrim.esm,Skyrim.esm:036193,MQ206,defined,yes,Skyrim.esm
CORE-1573,core,V02,V02-01,existing-core-row,Skyrim.esm,D:\Wabbajack\modlists\Anvil\Stock Game\Data\Skyrim.esm,Skyrim.esm:036192,MQ203,defined,yes,Skyrim.esm
CORE-1574,core,V03A,V03A-01,existing-core-row,Skyrim.esm,D:\Wabbajack\modlists\Anvil\Stock Game\Data\Skyrim.esm,Skyrim.esm:036191,MQ202,defined,no,Update.esm
CORE-1575,core,V02,V02-01,standard,Skyrim.esm,D:\Wabbajack\modlists\Anvil\Stock Game\Data\Skyrim.esm,Skyrim.esm:03618F,DialogueWinterholdCollege,defined,yes,Skyrim.esm
CORE-1576,core,V03A,V03A-01,standard,Skyrim.esm,D:\Wabbajack\modlists\Anvil\Stock Game\Data\Skyrim.esm,Skyrim.esm:035D64,WI,defined,no,Update.esm
CORE-1577,core,V03A,V03A-01,existing-core-row,Skyrim.esm,D:\Wabbajack\modlists\Anvil\Stock Game\Data\Skyrim.esm,Skyrim.esm:035D5F,MQ201,defined,no,Update.esm
CORE-1578,core,V03C,V03C-01,standard,Skyrim.esm,D:\Wabbajack\modlists\Anvil\Stock Game\Data\Skyrim.esm,Skyrim.esm:035D56,MQKillDragon,defined,no,Dragonborn.esm
CORE-1579,core,V02,V02-01,standard,Skyrim.esm,D:\Wabbajack\modlists\Anvil\Stock Game\Data\Skyrim.esm,Skyrim.esm:035B67,WIRemoveItem05,defined,yes,Skyrim.esm
CORE-1580,core,V02,V02-01,standard,Skyrim.esm,D:\Wabbajack\modlists\Anvil\Stock Game\Data\Skyrim.esm,Skyrim.esm:035B5F,WISharedInfos,defined,yes,Skyrim.esm
CORE-1581,core,V03A,V03A-01,standard,Skyrim.esm,D:\Wabbajack\modlists\Anvil\Stock Game\Data\Skyrim.esm,Skyrim.esm:035B5A,WIAddItem03,defined,no,Update.esm
CORE-1582,core,V02,V02-01,standard,Skyrim.esm,D:\Wabbajack\modlists\Anvil\Stock Game\Data\Skyrim.esm,Skyrim.esm:0358CA,DialogueSolitudeWellScene2,defined,yes,Skyrim.esm
CORE-1583,core,V02,V02-01,standard,Skyrim.esm,D:\Wabbajack\modlists\Anvil\Stock Game\Data\Skyrim.esm,Skyrim.esm:0358C6,DialogueSolitudeWinkingSkeeverScene7,defined,yes,Skyrim.esm
CORE-1584,core,V02,V02-01,standard,Skyrim.esm,D:\Wabbajack\modlists\Anvil\Stock Game\Data\Skyrim.esm,Skyrim.esm:0358C4,DialogueSolitudeWinkingSkeeverScene6,defined,yes,Skyrim.esm
CORE-1585,core,V02,V02-01,standard,Skyrim.esm,D:\Wabbajack\modlists\Anvil\Stock Game\Data\Skyrim.esm,Skyrim.esm:0358C0,DialogueSolitudeWinkingSkeeverScene4,defined,yes,Skyrim.esm
CORE-1586,core,V02,V02-01,standard,Skyrim.esm,D:\Wabbajack\modlists\Anvil\Stock Game\Data\Skyrim.esm,Skyrim.esm:0358BE,DialogueSolitudeWinkingSkeeverScene3,defined,yes,Skyrim.esm
CORE-1587,core,V02,V02-01,standard,Skyrim.esm,D:\Wabbajack\modlists\Anvil\Stock Game\Data\Skyrim.esm,Skyrim.esm:0358BC,DialogueSolitudeWinkingSkeeverScene2,defined,yes,Skyrim.esm
CORE-1588,core,V02,V02-01,standard,Skyrim.esm,D:\Wabbajack\modlists\Anvil\Stock Game\Data\Skyrim.esm,Skyrim.esm:0358BA,DialogueSolitudeWinkingSkeeverScene1,defined,yes,Skyrim.esm
CORE-1589,core,V02,V02-01,standard,Skyrim.esm,D:\Wabbajack\modlists\Anvil\Stock Game\Data\Skyrim.esm,Skyrim.esm:0357E5,dunKarthspireRedoubtQST,defined,yes,Skyrim.esm
CORE-1590,core,V02,V02-01,standard,Skyrim.esm,D:\Wabbajack\modlists\Anvil\Stock Game\Data\Skyrim.esm,Skyrim.esm:0354CC,dunBleakFallsBarrowQST,defined,yes,Skyrim.esm
CORE-1591,core,V02,V02-01,standard,Skyrim.esm,D:\Wabbajack\modlists\Anvil\Stock Game\Data\Skyrim.esm,Skyrim.esm:035384,dunVolskyggeQST,defined,yes,Skyrim.esm
CORE-1592,core,V02,V02-01,standard,Skyrim.esm,D:\Wabbajack\modlists\Anvil\Stock Game\Data\Skyrim.esm,Skyrim.esm:035354,dunForelhostQST,defined,yes,Skyrim.esm
CORE-1593,core,V02,V02-01,standard,Skyrim.esm,D:\Wabbajack\modlists\Anvil\Stock Game\Data\Skyrim.esm,Skyrim.esm:03525A,DialogueSolitudeKatlasFarmScene1,defined,yes,Skyrim.esm
CORE-1594,core,V02,V02-01,standard,Skyrim.esm,D:\Wabbajack\modlists\Anvil\Stock Game\Data\Skyrim.esm,Skyrim.esm:035258,DialogueSolitudeSawmillScene1,defined,yes,Skyrim.esm
CORE-1595,core,V02,V02-01,standard,Skyrim.esm,D:\Wabbajack\modlists\Anvil\Stock Game\Data\Skyrim.esm,Skyrim.esm:0350F4,WIChangeLocation01,defined,yes,Skyrim.esm
CORE-1596,core,V02,V02-01,standard,Skyrim.esm,D:\Wabbajack\modlists\Anvil\Stock Game\Data\Skyrim.esm,Skyrim.esm:03502E,DialogueWindhelm,defined,yes,Skyrim.esm
CORE-1597,core,V02,V02-01,standard,Skyrim.esm,D:\Wabbajack\modlists\Anvil\Stock Game\Data\Skyrim.esm,Skyrim.esm:034DAB,WIRemoveItem04,defined,yes,Skyrim.esm
CORE-1598,core,V02,V02-01,standard,Skyrim.esm,D:\Wabbajack\modlists\Anvil\Stock Game\Data\Skyrim.esm,Skyrim.esm:034DA3,WIAddItem02,defined,yes,Skyrim.esm
CORE-1599,core,V02,V02-01,standard,Skyrim.esm,D:\Wabbajack\modlists\Anvil\Stock Game\Data\Skyrim.esm,Skyrim.esm:034C90,dunLostKnifeQST,defined,yes,Skyrim.esm
CORE-1600,core,V02,V02-01,standard,Skyrim.esm,D:\Wabbajack\modlists\Anvil\Stock Game\Data\Skyrim.esm,Skyrim.esm:03444D,DarkBrotherhoodSanctuaryConvSystem,defined,yes,Skyrim.esm
CORE-1601,core,V02,V02-01,standard,Skyrim.esm,D:\Wabbajack\modlists\Anvil\Stock Game\Data\Skyrim.esm,Skyrim.esm:0340A4,DialogueRiverwoodKidsScene,defined,yes,Skyrim.esm
CORE-1602,core,V02,V02-01,existing-core-row,Skyrim.esm,D:\Wabbajack\modlists\Anvil\Stock Game\Data\Skyrim.esm,Skyrim.esm:03372B,MQ101,defined,yes,Skyrim.esm
CORE-1603,core,V02,V02-01,standard,Skyrim.esm,D:\Wabbajack\modlists\Anvil\Stock Game\Data\Skyrim.esm,Skyrim.esm:033652,DialogueDushnikhYalHuntingScene02,defined,yes,Skyrim.esm
CORE-1604,core,V02,V02-01,standard,Skyrim.esm,D:\Wabbajack\modlists\Anvil\Stock Game\Data\Skyrim.esm,Skyrim.esm:033651,DialogueDushnikhYalHuntingScene01,defined,yes,Skyrim.esm
CORE-1605,core,V02,V02-01,standard,Skyrim.esm,D:\Wabbajack\modlists\Anvil\Stock Game\Data\Skyrim.esm,Skyrim.esm:03364F,DialogueDushnikhYalMineScene02,defined,yes,Skyrim.esm
CORE-1606,core,V02,V02-01,standard,Skyrim.esm,D:\Wabbajack\modlists\Anvil\Stock Game\Data\Skyrim.esm,Skyrim.esm:03364D,DialogueDushnikhYalMineScene01,defined,yes,Skyrim.esm
CORE-1607,core,V02,V02-01,standard,Skyrim.esm,D:\Wabbajack\modlists\Anvil\Stock Game\Data\Skyrim.esm,Skyrim.esm:03364B,DialogueDushnikhYalLonghouseScene03,defined,yes,Skyrim.esm
CORE-1608,core,V02,V02-01,standard,Skyrim.esm,D:\Wabbajack\modlists\Anvil\Stock Game\Data\Skyrim.esm,Skyrim.esm:033649,DialogueDushnikhYalLonghouseScene02,defined,yes,Skyrim.esm
CORE-1609,core,V02,V02-01,standard,Skyrim.esm,D:\Wabbajack\modlists\Anvil\Stock Game\Data\Skyrim.esm,Skyrim.esm:033647,DialogueDushnikhYalLonghouseScene01,defined,yes,Skyrim.esm
CORE-1610,core,V02,V02-01,standard,Skyrim.esm,D:\Wabbajack\modlists\Anvil\Stock Game\Data\Skyrim.esm,Skyrim.esm:033646,DialogueDushnikhYal,defined,yes,Skyrim.esm
CORE-1611,core,V02,V02-01,standard,Skyrim.esm,D:\Wabbajack\modlists\Anvil\Stock Game\Data\Skyrim.esm,Skyrim.esm:033134,DialogueMorKhazgurLarakShuftharzScene01,defined,yes,Skyrim.esm
CORE-1612,core,V02,V02-01,standard,Skyrim.esm,D:\Wabbajack\modlists\Anvil\Stock Game\Data\Skyrim.esm,Skyrim.esm:03312D,DialogueMorKhazgurLarakOlurScene01,defined,yes,Skyrim.esm
CORE-1613,core,V02,V02-01,standard,Skyrim.esm,D:\Wabbajack\modlists\Anvil\Stock Game\Data\Skyrim.esm,Skyrim.esm:03312C,DialogueMorKhazgurLarakSharamphScene01,defined,yes,Skyrim.esm
CORE-1614,core,V02,V02-01,standard,Skyrim.esm,D:\Wabbajack\modlists\Anvil\Stock Game\Data\Skyrim.esm,Skyrim.esm:033127,DialogueMorKhazgur,defined,yes,Skyrim.esm
CORE-1615,core,V02,V02-01,existing-core-row,Skyrim.esm,D:\Wabbajack\modlists\Anvil\Stock Game\Data\Skyrim.esm,Skyrim.esm:032926,MQ106,defined,yes,Skyrim.esm
CORE-1616,core,V02,V02-01,standard,Skyrim.esm,D:\Wabbajack\modlists\Anvil\Stock Game\Data\Skyrim.esm,Skyrim.esm:030B36,dunMistwatchQST,defined,yes,Skyrim.esm
CORE-1617,core,V02,V02-01,standard,Skyrim.esm,D:\Wabbajack\modlists\Anvil\Stock Game\Data\Skyrim.esm,Skyrim.esm:030B15,MQ201ThalmorEmbassy,defined,yes,Skyrim.esm
CORE-1618,core,V02,V02-01,standard,Skyrim.esm,D:\Wabbajack\modlists\Anvil\Stock Game\Data\Skyrim.esm,Skyrim.esm:03059C,DialogueSoljundsMineHouseScene01,defined,yes,Skyrim.esm
CORE-1619,core,V02,V02-01,standard,Skyrim.esm,D:\Wabbajack\modlists\Anvil\Stock Game\Data\Skyrim.esm,Skyrim.esm:030595,DialogueSoljundsSinkhole,defined,yes,Skyrim.esm
CORE-1620,core,V02,V02-01,standard,Skyrim.esm,D:\Wabbajack\modlists\Anvil\Stock Game\Data\Skyrim.esm,Skyrim.esm:0303F4,DialogueSarethiFarmScene02,defined,yes,Skyrim.esm
CORE-1621,core,V02,V02-01,standard,Skyrim.esm,D:\Wabbajack\modlists\Anvil\Stock Game\Data\Skyrim.esm,Skyrim.esm:0303F3,DialogueSarethiFarmScene01,defined,yes,Skyrim.esm
CORE-1622,core,V02,V02-01,standard,Skyrim.esm,D:\Wabbajack\modlists\Anvil\Stock Game\Data\Skyrim.esm,Skyrim.esm:0303F2,DialogueSarethiFarm,defined,yes,Skyrim.esm
CORE-1623,core,V02,V02-01,standard,Skyrim.esm,D:\Wabbajack\modlists\Anvil\Stock Game\Data\Skyrim.esm,Skyrim.esm:0302C2,DialogueHeartwoodMillScene02,defined,yes,Skyrim.esm
CORE-1624,core,V02,V02-01,standard,Skyrim.esm,D:\Wabbajack\modlists\Anvil\Stock Game\Data\Skyrim.esm,Skyrim.esm:0302C1,DialogueHeartwoodMillScene01,defined,yes,Skyrim.esm
CORE-1625,core,V02,V02-01,standard,Skyrim.esm,D:\Wabbajack\modlists\Anvil\Stock Game\Data\Skyrim.esm,Skyrim.esm:0302C0,DialogueHeartwoodMill,defined,yes,Skyrim.esm
CORE-1626,core,V02,V02-01,standard,Skyrim.esm,D:\Wabbajack\modlists\Anvil\Stock Game\Data\Skyrim.esm,Skyrim.esm:03027B,DialogueMerryfairFarmScene02,defined,yes,Skyrim.esm
CORE-1627,core,V02,V02-01,standard,Skyrim.esm,D:\Wabbajack\modlists\Anvil\Stock Game\Data\Skyrim.esm,Skyrim.esm:030279,DialogueMerryfairFarmScene01,defined,yes,Skyrim.esm
CORE-1628,core,V02,V02-01,standard,Skyrim.esm,D:\Wabbajack\modlists\Anvil\Stock Game\Data\Skyrim.esm,Skyrim.esm:030278,DialogueMerryfairFarm,defined,yes,Skyrim.esm
CORE-1629,core,V02,V02-01,standard,Skyrim.esm,D:\Wabbajack\modlists\Anvil\Stock Game\Data\Skyrim.esm,Skyrim.esm:030165,DialogueLeftHandMineDaighreErith01,defined,yes,Skyrim.esm
CORE-1630,core,V02,V02-01,standard,Skyrim.esm,D:\Wabbajack\modlists\Anvil\Stock Game\Data\Skyrim.esm,Skyrim.esm:030164,DialogueLeftHandMinePavoGatScene01,defined,yes,Skyrim.esm
CORE-1631,core,V02,V02-01,standard,Skyrim.esm,D:\Wabbajack\modlists\Anvil\Stock Game\Data\Skyrim.esm,Skyrim.esm:030161,DialogueLeftHandMineDaighreSkaggi01,defined,yes,Skyrim.esm
CORE-1632,core,V02,V02-01,standard,Skyrim.esm,D:\Wabbajack\modlists\Anvil\Stock Game\Data\Skyrim.esm,Skyrim.esm:030159,DialogueSalviusFarmOutsideScene02,defined,yes,Skyrim.esm
CORE-1633,core,V02,V02-01,standard,Skyrim.esm,D:\Wabbajack\modlists\Anvil\Stock Game\Data\Skyrim.esm,Skyrim.esm:030157,DialogueSalviusFarmOutsideScene01,defined,yes,Skyrim.esm
CORE-1634,core,V02,V02-01,standard,Skyrim.esm,D:\Wabbajack\modlists\Anvil\Stock Game\Data\Skyrim.esm,Skyrim.esm:030155,DialogueSalviusFarmhouseScene02,defined,yes,Skyrim.esm
CORE-1635,core,V02,V02-01,standard,Skyrim.esm,D:\Wabbajack\modlists\Anvil\Stock Game\Data\Skyrim.esm,Skyrim.esm:03010C,DialogueDarkwaterCrossing,defined,yes,Skyrim.esm
CORE-1636,core,V02,V02-01,standard,Skyrim.esm,D:\Wabbajack\modlists\Anvil\Stock Game\Data\Skyrim.esm,Skyrim.esm:0300A7,DialogueSnowShodFarm,defined,yes,Skyrim.esm
CORE-1637,core,V02,V02-01,standard,Skyrim.esm,D:\Wabbajack\modlists\Anvil\Stock Game\Data\Skyrim.esm,Skyrim.esm:02F21F,DialogueStonehillsMineScene04,defined,yes,Skyrim.esm
CORE-1638,core,V02,V02-01,standard,Skyrim.esm,D:\Wabbajack\modlists\Anvil\Stock Game\Data\Skyrim.esm,Skyrim.esm:02F21D,DialogueStonehillsMineScene03,defined,yes,Skyrim.esm
CORE-1639,core,V02,V02-01,standard,Skyrim.esm,D:\Wabbajack\modlists\Anvil\Stock Game\Data\Skyrim.esm,Skyrim.esm:02F1B2,DialogueStonehillsMineScene02,defined,yes,Skyrim.esm
CORE-1640,core,V02,V02-01,standard,Skyrim.esm,D:\Wabbajack\modlists\Anvil\Stock Game\Data\Skyrim.esm,Skyrim.esm:02F1AE,DialogueStonehillsMineScene01,defined,yes,Skyrim.esm
CORE-1641,core,V02,V02-01,standard,Skyrim.esm,D:\Wabbajack\modlists\Anvil\Stock Game\Data\Skyrim.esm,Skyrim.esm:02EE39,CreatureDialogueDraugr,defined,yes,Skyrim.esm
CORE-1642,core,V02,V02-01,standard,Skyrim.esm,D:\Wabbajack\modlists\Anvil\Stock Game\Data\Skyrim.esm,Skyrim.esm:02EC60,DialogueLeftHandMine,defined,yes,Skyrim.esm
CORE-1643,core,V02,V02-01,standard,Skyrim.esm,D:\Wabbajack\modlists\Anvil\Stock Game\Data\Skyrim.esm,Skyrim.esm:02EC5D,DialogueSalviusFarmhouseScene01,defined,yes,Skyrim.esm
CORE-1644,core,V02,V02-01,standard,Skyrim.esm,D:\Wabbajack\modlists\Anvil\Stock Game\Data\Skyrim.esm,Skyrim.esm:02EC5C,DialogueSalviusFarm,defined,yes,Skyrim.esm
CORE-1645,core,V02,V02-01,standard,Skyrim.esm,D:\Wabbajack\modlists\Anvil\Stock Game\Data\Skyrim.esm,Skyrim.esm:02E7B0,DarkBrotherhoodSanctuaryConversation1,defined,yes,Skyrim.esm
CORE-1646,core,V02,V02-01,standard,Skyrim.esm,D:\Wabbajack\modlists\Anvil\Stock Game\Data\Skyrim.esm,Skyrim.esm:02E7AF,DarkBrotherhoodSanctuaryDialogue,defined,yes,Skyrim.esm
CORE-1647,core,V02,V02-01,standard,Skyrim.esm,D:\Wabbajack\modlists\Anvil\Stock Game\Data\Skyrim.esm,Skyrim.esm:02E6FF,DialogueKynesgrove,defined,yes,Skyrim.esm
CORE-1648,core,V02,V02-01,standard,Skyrim.esm,D:\Wabbajack\modlists\Anvil\Stock Game\Data\Skyrim.esm,Skyrim.esm:02E1AD,DialogueSolitude,defined,yes,Skyrim.esm
CORE-1649,core,V02,V02-01,standard,Skyrim.esm,D:\Wabbajack\modlists\Anvil\Stock Game\Data\Skyrim.esm,Skyrim.esm:02E11B,DialogueShorsStone,defined,yes,Skyrim.esm
CORE-1650,core,V03A,V03A-01,standard,Skyrim.esm,D:\Wabbajack\modlists\Anvil\Stock Game\Data\Skyrim.esm,Skyrim.esm:02E0EE,DialogueMorthal,defined,no,HearthFires.esm
CORE-1651,core,V02,V02-01,standard,Skyrim.esm,D:\Wabbajack\modlists\Anvil\Stock Game\Data\Skyrim.esm,Skyrim.esm:02D5C3,DialogueRiverwoodFamilyScene4,defined,yes,Skyrim.esm
CORE-1652,core,V02,V02-01,standard,Skyrim.esm,D:\Wabbajack\modlists\Anvil\Stock Game\Data\Skyrim.esm,Skyrim.esm:02C7E2,DialogueOldHroldan,defined,yes,Skyrim.esm
CORE-1653,core,V02,V02-01,standard,Skyrim.esm,D:\Wabbajack\modlists\Anvil\Stock Game\Data\Skyrim.esm,Skyrim.esm:02A3F2,CWSharedInfos,defined,yes,Skyrim.esm
CORE-1654,core,V02,V02-01,standard,Skyrim.esm,D:\Wabbajack\modlists\Anvil\Stock Game\Data\Skyrim.esm,Skyrim.esm:02A395,DialogueStonehills,defined,yes,Skyrim.esm
CORE-1655,core,V02,V02-01,standard,Skyrim.esm,D:\Wabbajack\modlists\Anvil\Stock Game\Data\Skyrim.esm,Skyrim.esm:026F45,CWCampaignObj,defined,yes,Skyrim.esm
CORE-1656,core,V02,V02-01,standard,Skyrim.esm,D:\Wabbajack\modlists\Anvil\Stock Game\Data\Skyrim.esm,Skyrim.esm:026E55,DialogueRiverwoodFamilyScene3,defined,yes,Skyrim.esm
CORE-1657,core,V02,V02-01,standard,Skyrim.esm,D:\Wabbajack\modlists\Anvil\Stock Game\Data\Skyrim.esm,Skyrim.esm:026E52,DialogueRiverwoodFamilyScene2,defined,yes,Skyrim.esm
CORE-1658,core,V02,V02-01,standard,Skyrim.esm,D:\Wabbajack\modlists\Anvil\Stock Game\Data\Skyrim.esm,Skyrim.esm:026E50,DialogueRiverwoodFamilyScene1,defined,yes,Skyrim.esm
CORE-1659,core,V02,V02-01,standard,Skyrim.esm,D:\Wabbajack\modlists\Anvil\Stock Game\Data\Skyrim.esm,Skyrim.esm:026E4C,DialogueRiverwoodLucansDryGoodsScene1,defined,yes,Skyrim.esm
CORE-1660,core,V02,V02-01,standard,Skyrim.esm,D:\Wabbajack\modlists\Anvil\Stock Game\Data\Skyrim.esm,Skyrim.esm:026E4A,DialogueRiverwoodSleepingGiantScene2,defined,yes,Skyrim.esm
CORE-1661,core,V02,V02-01,standard,Skyrim.esm,D:\Wabbajack\modlists\Anvil\Stock Game\Data\Skyrim.esm,Skyrim.esm:026E45,DialogueRiverwoodSleepingGiantScene1,defined,yes,Skyrim.esm
CORE-1662,core,V02,V02-01,standard,Skyrim.esm,D:\Wabbajack\modlists\Anvil\Stock Game\Data\Skyrim.esm,Skyrim.esm:0268E9,DialogueHaafingarHold,defined,yes,Skyrim.esm
CORE-1663,core,V02,V02-01,existing-core-row,Skyrim.esm,D:\Wabbajack\modlists\Anvil\Stock Game\Data\Skyrim.esm,Skyrim.esm:02610C,MQ104,defined,yes,Skyrim.esm
CORE-1664,core,V02,V02-01,existing-core-row,Skyrim.esm,D:\Wabbajack\modlists\Anvil\Stock Game\Data\Skyrim.esm,Skyrim.esm:02610B,CW02B,defined,yes,Skyrim.esm
CORE-1665,core,V02,V02-01,standard,Skyrim.esm,D:\Wabbajack\modlists\Anvil\Stock Game\Data\Skyrim.esm,Skyrim.esm:02610A,MQ102B,defined,yes,Skyrim.esm
CORE-1666,core,V02,V02-01,standard,Skyrim.esm,D:\Wabbajack\modlists\Anvil\Stock Game\Data\Skyrim.esm,Skyrim.esm:02430E,DialogueWinterhold,defined,yes,Skyrim.esm
CORE-1667,core,V02,V02-01,existing-core-row,Skyrim.esm,D:\Wabbajack\modlists\Anvil\Stock Game\Data\Skyrim.esm,Skyrim.esm:0242BA,MQ105,defined,yes,Skyrim.esm
CORE-1668,core,V02,V02-01,standard,Skyrim.esm,D:\Wabbajack\modlists\Anvil\Stock Game\Data\Skyrim.esm,Skyrim.esm:0242B5,DialogueKarthwasten,defined,yes,Skyrim.esm
CORE-1669,core,V02,V02-01,standard,Skyrim.esm,D:\Wabbajack\modlists\Anvil\Stock Game\Data\Skyrim.esm,Skyrim.esm:023C1D,DialogueGenericFriendlyFire,defined,yes,Skyrim.esm
CORE-1670,core,V02,V02-01,standard,Skyrim.esm,D:\Wabbajack\modlists\Anvil\Stock Game\Data\Skyrim.esm,Skyrim.esm:0236A3,CWResetGarrison1,defined,yes,Skyrim.esm
CORE-1671,core,V02,V02-01,standard,Skyrim.esm,D:\Wabbajack\modlists\Anvil\Stock Game\Data\Skyrim.esm,Skyrim.esm:02369E,CWResetOBSOLETE,defined,yes,Skyrim.esm
CORE-1672,core,V02,V02-01,standard,Skyrim.esm,D:\Wabbajack\modlists\Anvil\Stock Game\Data\Skyrim.esm,Skyrim.esm:0212BE,DialogueHalfMoonMill,defined,yes,Skyrim.esm
CORE-1673,core,V02,V02-01,standard,Skyrim.esm,D:\Wabbajack\modlists\Anvil\Stock Game\Data\Skyrim.esm,Skyrim.esm:0212AB,DialogueDragonBridge,defined,yes,Skyrim.esm
CORE-1674,core,V02,V02-01,standard,Skyrim.esm,D:\Wabbajack\modlists\Anvil\Stock Game\Data\Skyrim.esm,Skyrim.esm:021236,DialogueIvarstead,defined,yes,Skyrim.esm
CORE-1675,core,V02,V02-01,existing-core-row,Skyrim.esm,D:\Wabbajack\modlists\Anvil\Stock Game\Data\Skyrim.esm,Skyrim.esm:0211D5,t02,defined,yes,Skyrim.esm
CORE-1676,core,V03A,V03A-01,standard,Skyrim.esm,D:\Wabbajack\modlists\Anvil\Stock Game\Data\Skyrim.esm,Skyrim.esm:0210CD,MS01GuardAmbushQuest,defined,no,Update.esm
CORE-1677,core,V02,V02-01,standard,Skyrim.esm,D:\Wabbajack\modlists\Anvil\Stock Game\Data\Skyrim.esm,Skyrim.esm:01FA52,CWResolution02,defined,yes,Skyrim.esm
CORE-1678,core,V02,V02-01,standard,Skyrim.esm,D:\Wabbajack\modlists\Anvil\Stock Game\Data\Skyrim.esm,Skyrim.esm:01C5D9,MQ00,defined,yes,Skyrim.esm
CORE-1679,core,V03A,V03A-01,standard,Skyrim.esm,D:\Wabbajack\modlists\Anvil\Stock Game\Data\Skyrim.esm,Skyrim.esm:01BFF2,WIKill03,defined,no,Update.esm
CORE-1680,core,V02,V02-01,standard,Skyrim.esm,D:\Wabbajack\modlists\Anvil\Stock Game\Data\Skyrim.esm,Skyrim.esm:01BE4D,WIRemoveItem03,defined,yes,Skyrim.esm
CORE-1681,core,V02,V02-01,standard,Skyrim.esm,D:\Wabbajack\modlists\Anvil\Stock Game\Data\Skyrim.esm,Skyrim.esm:01BC95,MQReserved,defined,yes,Skyrim.esm
CORE-1682,core,V02,V02-01,existing-core-row,Skyrim.esm,D:\Wabbajack\modlists\Anvil\Stock Game\Data\Skyrim.esm,Skyrim.esm:01BB9B,DA14,defined,yes,Skyrim.esm
CORE-1683,core,V02,V02-01,standard,Skyrim.esm,D:\Wabbajack\modlists\Anvil\Stock Game\Data\Skyrim.esm,Skyrim.esm:019FE4,CreatureDialogueSkeever,defined,yes,Skyrim.esm
CORE-1684,core,V02,V02-01,standard,Skyrim.esm,D:\Wabbajack\modlists\Anvil\Stock Game\Data\Skyrim.esm,Skyrim.esm:019FD9,DialogueWhiterunDragonsreachScene1,defined,yes,Skyrim.esm
CORE-1685,core,V02,V02-01,standard,Skyrim.esm,D:\Wabbajack\modlists\Anvil\Stock Game\Data\Skyrim.esm,Skyrim.esm:019FD1,DialogueWhiterunTempleofKynarethScene1,defined,yes,Skyrim.esm
CORE-1686,core,V02,V02-01,standard,Skyrim.esm,D:\Wabbajack\modlists\Anvil\Stock Game\Data\Skyrim.esm,Skyrim.esm:01920D,CreatureDialogueSabreCat,defined,yes,Skyrim.esm
CORE-1687,core,V02,V02-01,standard,Skyrim.esm,D:\Wabbajack\modlists\Anvil\Stock Game\Data\Skyrim.esm,Skyrim.esm:018B4B,MS01,defined,yes,Skyrim.esm
CORE-1688,core,V03A,V03A-01,standard,Skyrim.esm,D:\Wabbajack\modlists\Anvil\Stock Game\Data\Skyrim.esm,Skyrim.esm:018965,WIRemoveItem02,defined,no,HearthFires.esm
CORE-1689,core,V02,V02-01,standard,Skyrim.esm,D:\Wabbajack\modlists\Anvil\Stock Game\Data\Skyrim.esm,Skyrim.esm:01895B,DialogueWhiterunBanneredMareScene3,defined,yes,Skyrim.esm
CORE-1690,core,V02,V02-01,standard,Skyrim.esm,D:\Wabbajack\modlists\Anvil\Stock Game\Data\Skyrim.esm,Skyrim.esm:018956,DialogueWhiterunBanneredMareScene2,defined,yes,Skyrim.esm
CORE-1691,core,V02,V02-01,standard,Skyrim.esm,D:\Wabbajack\modlists\Anvil\Stock Game\Data\Skyrim.esm,Skyrim.esm:017F32,DialogueWhiterunBanneredMareScene1,defined,yes,Skyrim.esm
CORE-1692,core,V02,V02-01,standard,Skyrim.esm,D:\Wabbajack\modlists\Anvil\Stock Game\Data\Skyrim.esm,Skyrim.esm:017F05,DialogueMarkarth,defined,yes,Skyrim.esm
CORE-1693,core,V03A,V03A-01,standard,Skyrim.esm,D:\Wabbajack\modlists\Anvil\Stock Game\Data\Skyrim.esm,Skyrim.esm:017F01,DialogueCarriageSystem,defined,no,HearthFires.esm
CORE-1694,core,V02,V02-01,existing-core-row,Skyrim.esm,D:\Wabbajack\modlists\Anvil\Stock Game\Data\Skyrim.esm,Skyrim.esm:02D75C,CW02A,defined,yes,Skyrim.esm
CORE-1695,core,V02,V02-01,existing-core-row,Skyrim.esm,D:\Wabbajack\modlists\Anvil\Stock Game\Data\Skyrim.esm,Skyrim.esm:02D516,MQ205,defined,yes,Skyrim.esm
CORE-1696,core,V02,V02-01,existing-core-row,Skyrim.esm,D:\Wabbajack\modlists\Anvil\Stock Game\Data\Skyrim.esm,Skyrim.esm:02D515,MQ204,defined,yes,Skyrim.esm
CORE-1697,core,V03B,V03B-01,existing-core-row,Skyrim.esm,D:\Wabbajack\modlists\Anvil\Stock Game\Data\Skyrim.esm,Skyrim.esm:02D512,DA04,defined,no,Dawnguard.esm
CORE-1698,core,V02,V02-01,standard,Skyrim.esm,D:\Wabbajack\modlists\Anvil\Stock Game\Data\Skyrim.esm,Skyrim.esm:02D388,WINewVoicePower01,defined,yes,Skyrim.esm
CORE-1699,core,V02,V02-01,standard,Skyrim.esm,D:\Wabbajack\modlists\Anvil\Stock Game\Data\Skyrim.esm,Skyrim.esm:02D385,WISkillIncrease01,defined,yes,Skyrim.esm
CORE-1700,core,V02,V02-01,standard,Skyrim.esm,D:\Wabbajack\modlists\Anvil\Stock Game\Data\Skyrim.esm,Skyrim.esm:02C6AB,WIRemoveItem01,defined,yes,Skyrim.esm
CORE-1701,core,V02,V02-01,standard,Skyrim.esm,D:\Wabbajack\modlists\Anvil\Stock Game\Data\Skyrim.esm,Skyrim.esm:02C493,WIAssault01,defined,yes,Skyrim.esm
CORE-1702,core,V02,V02-01,standard,Skyrim.esm,D:\Wabbajack\modlists\Anvil\Stock Game\Data\Skyrim.esm,Skyrim.esm:02C437,WIAddItem01,defined,yes,Skyrim.esm
CORE-1703,core,V02,V02-01,existing-core-row,Skyrim.esm,D:\Wabbajack\modlists\Anvil\Stock Game\Data\Skyrim.esm,Skyrim.esm:02C358,DA11,defined,yes,Skyrim.esm
CORE-1704,core,V02,V02-01,standard,Skyrim.esm,D:\Wabbajack\modlists\Anvil\Stock Game\Data\Skyrim.esm,Skyrim.esm:02C258,MS12,defined,yes,Skyrim.esm
CORE-1705,core,V02,V02-01,standard,Skyrim.esm,D:\Wabbajack\modlists\Anvil\Stock Game\Data\Skyrim.esm,Skyrim.esm:02BFAE,CWFunctions,defined,yes,Skyrim.esm
CORE-1706,core,V02,V02-01,standard,Skyrim.esm,D:\Wabbajack\modlists\Anvil\Stock Game\Data\Skyrim.esm,Skyrim.esm:02BF9C,MQ102A,defined,yes,Skyrim.esm
CORE-1707,core,V02,V02-01,standard,Skyrim.esm,D:\Wabbajack\modlists\Anvil\Stock Game\Data\Skyrim.esm,Skyrim.esm:02BE3C,DialogueGuardsGeneral,defined,yes,Skyrim.esm
CORE-1708,core,V02,V02-01,standard,Skyrim.esm,D:\Wabbajack\modlists\Anvil\Stock Game\Data\Skyrim.esm,Skyrim.esm:02B272,CWResolution01,defined,yes,Skyrim.esm
CORE-1709,core,V02,V02-01,existing-core-row,Skyrim.esm,D:\Wabbajack\modlists\Anvil\Stock Game\Data\Skyrim.esm,Skyrim.esm:02AC68,DA15,defined,yes,Skyrim.esm
CORE-1710,core,V02,V02-01,standard,Skyrim.esm,D:\Wabbajack\modlists\Anvil\Stock Game\Data\Skyrim.esm,Skyrim.esm:02A73A,DialogueCrimeOrcs,defined,yes,Skyrim.esm
CORE-1711,core,V03A,V03A-01,existing-core-row,Skyrim.esm,D:\Wabbajack\modlists\Anvil\Stock Game\Data\Skyrim.esm,Skyrim.esm:02A49A,DA05,defined,no,Update.esm
CORE-1712,core,V02,V02-01,standard,Skyrim.esm,D:\Wabbajack\modlists\Anvil\Stock Game\Data\Skyrim.esm,Skyrim.esm:029744,WIMourningAllVoiceTypesSplitIntoSeperateQuestsLater,defined,yes,Skyrim.esm
CORE-1713,core,V02,V02-01,existing-core-row,Skyrim.esm,D:\Wabbajack\modlists\Anvil\Stock Game\Data\Skyrim.esm,Skyrim.esm:028AD6,DA01,defined,yes,Skyrim.esm
CORE-1714,core,V02,V02-01,standard,Skyrim.esm,D:\Wabbajack\modlists\Anvil\Stock Game\Data\Skyrim.esm,Skyrim.esm:028A55,MGRShell,defined,yes,Skyrim.esm
CORE-1715,core,V03A,V03A-01,standard,Skyrim.esm,D:\Wabbajack\modlists\Anvil\Stock Game\Data\Skyrim.esm,Skyrim.esm:028A24,MGR20,defined,no,Update.esm
CORE-1716,core,V02,V02-01,standard,Skyrim.esm,D:\Wabbajack\modlists\Anvil\Stock Game\Data\Skyrim.esm,Skyrim.esm:028A1E,MGR12,defined,yes,Skyrim.esm
CORE-1717,core,V02,V02-01,standard,Skyrim.esm,D:\Wabbajack\modlists\Anvil\Stock Game\Data\Skyrim.esm,Skyrim.esm:028A19,MGR11,defined,yes,Skyrim.esm
CORE-1718,core,V02,V02-01,standard,Skyrim.esm,D:\Wabbajack\modlists\Anvil\Stock Game\Data\Skyrim.esm,Skyrim.esm:028A13,MGR10,defined,yes,Skyrim.esm
CORE-1719,core,V02,V02-01,standard,Skyrim.esm,D:\Wabbajack\modlists\Anvil\Stock Game\Data\Skyrim.esm,Skyrim.esm:0289E2,WIKill01,defined,yes,Skyrim.esm
CORE-1720,core,V02,V02-01,standard,Skyrim.esm,D:\Wabbajack\modlists\Anvil\Stock Game\Data\Skyrim.esm,Skyrim.esm:02893E,TGRSL,defined,yes,Skyrim.esm
CORE-1721,core,V02,V02-01,standard,Skyrim.esm,D:\Wabbajack\modlists\Anvil\Stock Game\Data\Skyrim.esm,Skyrim.esm:02893B,TGRBE,defined,yes,Skyrim.esm
CORE-1722,core,V02,V02-01,standard,Skyrim.esm,D:\Wabbajack\modlists\Anvil\Stock Game\Data\Skyrim.esm,Skyrim.esm:028936,TGRHC,defined,yes,Skyrim.esm
CORE-1723,core,V02,V02-01,standard,Skyrim.esm,D:\Wabbajack\modlists\Anvil\Stock Game\Data\Skyrim.esm,Skyrim.esm:028923,TGRShell,defined,yes,Skyrim.esm
CORE-1724,core,V02,V02-01,standard,Skyrim.esm,D:\Wabbajack\modlists\Anvil\Stock Game\Data\Skyrim.esm,Skyrim.esm:028922,TGRGF,defined,yes,Skyrim.esm
CORE-1725,core,V02,V02-01,standard,Skyrim.esm,D:\Wabbajack\modlists\Anvil\Stock Game\Data\Skyrim.esm,Skyrim.esm:0270A4,DialogueWhiterun,defined,yes,Skyrim.esm
CORE-1726,core,V02,V02-01,standard,Skyrim.esm,D:\Wabbajack\modlists\Anvil\Stock Game\Data\Skyrim.esm,Skyrim.esm:026C4D,MS06,defined,yes,Skyrim.esm
CORE-1727,core,V02,V02-01,standard,Skyrim.esm,D:\Wabbajack\modlists\Anvil\Stock Game\Data\Skyrim.esm,Skyrim.esm:02694B,WIKill02,defined,yes,Skyrim.esm
CORE-1728,core,V02,V02-01,standard,Skyrim.esm,D:\Wabbajack\modlists\Anvil\Stock Game\Data\Skyrim.esm,Skyrim.esm:0267EB,DialogueCrimeGuards,defined,yes,Skyrim.esm
CORE-1729,core,V02,V02-01,standard,Skyrim.esm,D:\Wabbajack\modlists\Anvil\Stock Game\Data\Skyrim.esm,Skyrim.esm:0266F2,MGR02,defined,yes,Skyrim.esm
CORE-1730,core,V02,V02-01,standard,Skyrim.esm,D:\Wabbajack\modlists\Anvil\Stock Game\Data\Skyrim.esm,Skyrim.esm:0266F1,MGR01,defined,yes,Skyrim.esm
CORE-1731,core,V02,V02-01,existing-core-row,Skyrim.esm,D:\Wabbajack\modlists\Anvil\Stock Game\Data\Skyrim.esm,Skyrim.esm:025F3E,MS14,defined,yes,Skyrim.esm
CORE-1732,core,V02,V02-01,standard,Skyrim.esm,D:\Wabbajack\modlists\Anvil\Stock Game\Data\Skyrim.esm,Skyrim.esm:025252,CR09,defined,yes,Skyrim.esm
CORE-1733,core,V03A,V03A-01,standard,Skyrim.esm,D:\Wabbajack\modlists\Anvil\Stock Game\Data\Skyrim.esm,Skyrim.esm:025251,CR08,defined,no,Update.esm
CORE-1734,core,V03A,V03A-01,standard,Skyrim.esm,D:\Wabbajack\modlists\Anvil\Stock Game\Data\Skyrim.esm,Skyrim.esm:025250,CR07,defined,no,Update.esm
CORE-1735,core,V03A,V03A-01,standard,Skyrim.esm,D:\Wabbajack\modlists\Anvil\Stock Game\Data\Skyrim.esm,Skyrim.esm:025231,CR04,defined,no,Update.esm
CORE-1736,core,V02,V02-01,standard,Skyrim.esm,D:\Wabbajack\modlists\Anvil\Stock Game\Data\Skyrim.esm,Skyrim.esm:025230,CR03,defined,yes,Skyrim.esm
CORE-1737,core,V02,V02-01,standard,Skyrim.esm,D:\Wabbajack\modlists\Anvil\Stock Game\Data\Skyrim.esm,Skyrim.esm:02522F,CR05,defined,yes,Skyrim.esm
CORE-1738,core,V02,V02-01,standard,Skyrim.esm,D:\Wabbajack\modlists\Anvil\Stock Game\Data\Skyrim.esm,Skyrim.esm:025185,CR02,defined,yes,Skyrim.esm
CORE-1739,core,V02,V02-01,standard,Skyrim.esm,D:\Wabbajack\modlists\Anvil\Stock Game\Data\Skyrim.esm,Skyrim.esm:024151,DarkSideContractDialogue,defined,yes,Skyrim.esm
CORE-1740,core,V03A,V03A-01,existing-core-row,Skyrim.esm,D:\Wabbajack\modlists\Anvil\Stock Game\Data\Skyrim.esm,Skyrim.esm:0240B8,DA07,defined,no,Update.esm
CORE-1741,core,V02,V02-01,existing-core-row,Skyrim.esm,D:\Wabbajack\modlists\Anvil\Stock Game\Data\Skyrim.esm,Skyrim.esm:023B6C,T01,defined,yes,Skyrim.esm
CORE-1742,core,V02,V02-01,standard,Skyrim.esm,D:\Wabbajack\modlists\Anvil\Stock Game\Data\Skyrim.esm,Skyrim.esm:023A64,MS07,defined,yes,Skyrim.esm
CORE-1743,core,V02,V02-01,existing-core-row,Skyrim.esm,D:\Wabbajack\modlists\Anvil\Stock Game\Data\Skyrim.esm,Skyrim.esm:022F47,DB02a,defined,yes,Skyrim.esm
CORE-1744,core,V02,V02-01,existing-core-row,Skyrim.esm,D:\Wabbajack\modlists\Anvil\Stock Game\Data\Skyrim.esm,Skyrim.esm:022F08,DA10,defined,yes,Skyrim.esm
CORE-1745,core,V02,V02-01,existing-core-row,Skyrim.esm,D:\Wabbajack\modlists\Anvil\Stock Game\Data\Skyrim.esm,Skyrim.esm:021556,TG00,defined,yes,Skyrim.esm
CORE-1746,core,V02,V02-01,existing-core-row,Skyrim.esm,D:\Wabbajack\modlists\Anvil\Stock Game\Data\Skyrim.esm,Skyrim.esm:021555,TG09,defined,yes,Skyrim.esm
CORE-1747,core,V03B,V03B-01,existing-core-row,Skyrim.esm,D:\Wabbajack\modlists\Anvil\Stock Game\Data\Skyrim.esm,Skyrim.esm:021554,TG08B,defined,no,Dawnguard.esm
CORE-1748,core,V02,V02-01,existing-core-row,Skyrim.esm,D:\Wabbajack\modlists\Anvil\Stock Game\Data\Skyrim.esm,Skyrim.esm:021553,TG07,defined,yes,Skyrim.esm
CORE-1749,core,V03A,V03A-01,existing-core-row,Skyrim.esm,D:\Wabbajack\modlists\Anvil\Stock Game\Data\Skyrim.esm,Skyrim.esm:021552,TG06,defined,no,Update.esm
CORE-1750,core,V03B,V03B-01,existing-core-row,Skyrim.esm,D:\Wabbajack\modlists\Anvil\Stock Game\Data\Skyrim.esm,Skyrim.esm:021551,TG05,defined,no,Dawnguard.esm
CORE-1751,core,V02,V02-01,existing-core-row,Skyrim.esm,D:\Wabbajack\modlists\Anvil\Stock Game\Data\Skyrim.esm,Skyrim.esm:021550,TG04,defined,yes,Skyrim.esm
CORE-1752,core,V03A,V03A-01,existing-core-row,Skyrim.esm,D:\Wabbajack\modlists\Anvil\Stock Game\Data\Skyrim.esm,Skyrim.esm:02154F,TG03,defined,no,Update.esm
CORE-1753,core,V02,V02-01,existing-core-row,Skyrim.esm,D:\Wabbajack\modlists\Anvil\Stock Game\Data\Skyrim.esm,Skyrim.esm:02154E,TG02,defined,yes,Skyrim.esm
CORE-1754,core,V02,V02-01,standard,Skyrim.esm,D:\Wabbajack\modlists\Anvil\Stock Game\Data\Skyrim.esm,Skyrim.esm:020BC9,DialogueRelationshipGeneric,defined,yes,Skyrim.esm
CORE-1755,core,V02,V02-01,standard,Skyrim.esm,D:\Wabbajack\modlists\Anvil\Stock Game\Data\Skyrim.esm,Skyrim.esm:0209CA,MS04,defined,yes,Skyrim.esm
CORE-1756,core,V02,V02-01,standard,Skyrim.esm,D:\Wabbajack\modlists\Anvil\Stock Game\Data\Skyrim.esm,Skyrim.esm:020556,MS11b,defined,yes,Skyrim.esm
CORE-1757,core,V03A,V03A-01,standard,Skyrim.esm,D:\Wabbajack\modlists\Anvil\Stock Game\Data\Skyrim.esm,Skyrim.esm:01F7A3,MS11,defined,no,Update.esm
CORE-1758,core,V03A,V03A-01,existing-core-row,Skyrim.esm,D:\Wabbajack\modlists\Anvil\Stock Game\Data\Skyrim.esm,Skyrim.esm:01F326,TG01,defined,no,Update.esm
CORE-1759,core,V02,V02-01,existing-core-row,Skyrim.esm,D:\Wabbajack\modlists\Anvil\Stock Game\Data\Skyrim.esm,Skyrim.esm:01F258,MG08,defined,yes,Skyrim.esm
CORE-1760,core,V02,V02-01,existing-core-row,Skyrim.esm,D:\Wabbajack\modlists\Anvil\Stock Game\Data\Skyrim.esm,Skyrim.esm:01F257,MG07,defined,yes,Skyrim.esm
CORE-1761,core,V02,V02-01,existing-core-row,Skyrim.esm,D:\Wabbajack\modlists\Anvil\Stock Game\Data\Skyrim.esm,Skyrim.esm:01F256,mg06,defined,yes,Skyrim.esm
CORE-1762,core,V02,V02-01,existing-core-row,Skyrim.esm,D:\Wabbajack\modlists\Anvil\Stock Game\Data\Skyrim.esm,Skyrim.esm:01F255,MG05,defined,yes,Skyrim.esm
CORE-1763,core,V02,V02-01,existing-core-row,Skyrim.esm,D:\Wabbajack\modlists\Anvil\Stock Game\Data\Skyrim.esm,Skyrim.esm:01F254,MG04,defined,yes,Skyrim.esm
CORE-1764,core,V02,V02-01,existing-core-row,Skyrim.esm,D:\Wabbajack\modlists\Anvil\Stock Game\Data\Skyrim.esm,Skyrim.esm:01F253,MG03,defined,yes,Skyrim.esm
CORE-1765,core,V02,V02-01,existing-core-row,Skyrim.esm,D:\Wabbajack\modlists\Anvil\Stock Game\Data\Skyrim.esm,Skyrim.esm:01F252,MG02,defined,yes,Skyrim.esm
CORE-1766,core,V02,V02-01,existing-core-row,Skyrim.esm,D:\Wabbajack\modlists\Anvil\Stock Game\Data\Skyrim.esm,Skyrim.esm:01F251,MG01,defined,yes,Skyrim.esm
CORE-1767,core,V02,V02-01,standard,Skyrim.esm,D:\Wabbajack\modlists\Anvil\Stock Game\Data\Skyrim.esm,Skyrim.esm:01EA68,DBSideContract12,defined,yes,Skyrim.esm
CORE-1768,core,V02,V02-01,standard,Skyrim.esm,D:\Wabbajack\modlists\Anvil\Stock Game\Data\Skyrim.esm,Skyrim.esm:01EA67,DBSideContract11,defined,yes,Skyrim.esm
CORE-1769,core,V02,V02-01,standard,Skyrim.esm,D:\Wabbajack\modlists\Anvil\Stock Game\Data\Skyrim.esm,Skyrim.esm:01EA66,DBSideContract10,defined,yes,Skyrim.esm
CORE-1770,core,V02,V02-01,standard,Skyrim.esm,D:\Wabbajack\modlists\Anvil\Stock Game\Data\Skyrim.esm,Skyrim.esm:01EA65,DBSideContract09,defined,yes,Skyrim.esm
CORE-1771,core,V02,V02-01,standard,Skyrim.esm,D:\Wabbajack\modlists\Anvil\Stock Game\Data\Skyrim.esm,Skyrim.esm:01EA64,DBSideContract08,defined,yes,Skyrim.esm
CORE-1772,core,V02,V02-01,standard,Skyrim.esm,D:\Wabbajack\modlists\Anvil\Stock Game\Data\Skyrim.esm,Skyrim.esm:01EA63,DBSideContract07,defined,yes,Skyrim.esm
CORE-1773,core,V02,V02-01,standard,Skyrim.esm,D:\Wabbajack\modlists\Anvil\Stock Game\Data\Skyrim.esm,Skyrim.esm:01EA62,DBSideContract06,defined,yes,Skyrim.esm
CORE-1774,core,V02,V02-01,standard,Skyrim.esm,D:\Wabbajack\modlists\Anvil\Stock Game\Data\Skyrim.esm,Skyrim.esm:01EA61,DBSideContract05,defined,yes,Skyrim.esm
CORE-1775,core,V02,V02-01,standard,Skyrim.esm,D:\Wabbajack\modlists\Anvil\Stock Game\Data\Skyrim.esm,Skyrim.esm:01EA60,DBSideContract04,defined,yes,Skyrim.esm
CORE-1776,core,V02,V02-01,standard,Skyrim.esm,D:\Wabbajack\modlists\Anvil\Stock Game\Data\Skyrim.esm,Skyrim.esm:01EA5F,DBSideContract03,defined,yes,Skyrim.esm
CORE-1777,core,V02,V02-01,standard,Skyrim.esm,D:\Wabbajack\modlists\Anvil\Stock Game\Data\Skyrim.esm,Skyrim.esm:01EA5E,DBSideContract02,defined,yes,Skyrim.esm
CORE-1778,core,V02,V02-01,standard,Skyrim.esm,D:\Wabbajack\modlists\Anvil\Stock Game\Data\Skyrim.esm,Skyrim.esm:01EA5C,DarkBrotherhood,defined,yes,Skyrim.esm
CORE-1779,core,V02,V02-01,standard,Skyrim.esm,D:\Wabbajack\modlists\Anvil\Stock Game\Data\Skyrim.esm,Skyrim.esm:01EA5B,DBSideContract01,defined,yes,Skyrim.esm
CORE-1780,core,V02,V02-01,standard,Skyrim.esm,D:\Wabbajack\modlists\Anvil\Stock Game\Data\Skyrim.esm,Skyrim.esm:01EA5A,DBrecurring,defined,yes,Skyrim.esm
CORE-1781,core,V02,V02-01,existing-core-row,Skyrim.esm,D:\Wabbajack\modlists\Anvil\Stock Game\Data\Skyrim.esm,Skyrim.esm:01EA59,DB11,defined,yes,Skyrim.esm
CORE-1782,core,V02,V02-01,existing-core-row,Skyrim.esm,D:\Wabbajack\modlists\Anvil\Stock Game\Data\Skyrim.esm,Skyrim.esm:01EA58,DB09,defined,yes,Skyrim.esm
CORE-1783,core,V02,V02-01,existing-core-row,Skyrim.esm,D:\Wabbajack\modlists\Anvil\Stock Game\Data\Skyrim.esm,Skyrim.esm:01EA57,DB08,defined,yes,Skyrim.esm
CORE-1784,core,V02,V02-01,existing-core-row,Skyrim.esm,D:\Wabbajack\modlists\Anvil\Stock Game\Data\Skyrim.esm,Skyrim.esm:01EA56,DB07,defined,yes,Skyrim.esm
CORE-1785,core,V02,V02-01,existing-core-row,Skyrim.esm,D:\Wabbajack\modlists\Anvil\Stock Game\Data\Skyrim.esm,Skyrim.esm:01EA55,DB06,defined,yes,Skyrim.esm
CORE-1786,core,V02,V02-01,existing-core-row,Skyrim.esm,D:\Wabbajack\modlists\Anvil\Stock Game\Data\Skyrim.esm,Skyrim.esm:01EA54,DB05,defined,yes,Skyrim.esm
CORE-1787,core,V02,V02-01,existing-core-row,Skyrim.esm,D:\Wabbajack\modlists\Anvil\Stock Game\Data\Skyrim.esm,Skyrim.esm:01EA53,DB04,defined,yes,Skyrim.esm
CORE-1788,core,V02,V02-01,existing-core-row,Skyrim.esm,D:\Wabbajack\modlists\Anvil\Stock Game\Data\Skyrim.esm,Skyrim.esm:01EA52,DB03,defined,yes,Skyrim.esm
CORE-1789,core,V02,V02-01,existing-core-row,Skyrim.esm,D:\Wabbajack\modlists\Anvil\Stock Game\Data\Skyrim.esm,Skyrim.esm:01EA51,DB02,defined,yes,Skyrim.esm
CORE-1790,core,V02,V02-01,existing-core-row,Skyrim.esm,D:\Wabbajack\modlists\Anvil\Stock Game\Data\Skyrim.esm,Skyrim.esm:01EA50,DB01,defined,yes,Skyrim.esm
CORE-1791,core,V02,V02-01,existing-core-row,Skyrim.esm,D:\Wabbajack\modlists\Anvil\Stock Game\Data\Skyrim.esm,Skyrim.esm:01EA4F,DB01Misc,defined,yes,Skyrim.esm
CORE-1792,core,V02,V02-01,existing-core-row,Skyrim.esm,D:\Wabbajack\modlists\Anvil\Stock Game\Data\Skyrim.esm,Skyrim.esm:01DBFC,MS10,defined,yes,Skyrim.esm
CORE-1793,core,V02,V02-01,standard,Skyrim.esm,D:\Wabbajack\modlists\Anvil\Stock Game\Data\Skyrim.esm,Skyrim.esm:01DA3C,MS03,defined,yes,Skyrim.esm
CORE-1794,core,V02,V02-01,standard,Skyrim.esm,D:\Wabbajack\modlists\Anvil\Stock Game\Data\Skyrim.esm,Skyrim.esm:01CF26,MS09,defined,yes,Skyrim.esm
CORE-1795,core,V03A,V03A-01,standard,Skyrim.esm,D:\Wabbajack\modlists\Anvil\Stock Game\Data\Skyrim.esm,Skyrim.esm:01CF25,MS08,defined,no,Update.esm
CORE-1796,core,V03A,V03A-01,existing-core-row,Skyrim.esm,D:\Wabbajack\modlists\Anvil\Stock Game\Data\Skyrim.esm,Skyrim.esm:01CEF6,C06,defined,no,Update.esm
CORE-1797,core,V02,V02-01,existing-core-row,Skyrim.esm,D:\Wabbajack\modlists\Anvil\Stock Game\Data\Skyrim.esm,Skyrim.esm:01CEF5,C04,defined,yes,Skyrim.esm
CORE-1798,core,V03B,V03B-01,existing-core-row,Skyrim.esm,D:\Wabbajack\modlists\Anvil\Stock Game\Data\Skyrim.esm,Skyrim.esm:01CEF4,C03,defined,no,Dawnguard.esm
CORE-1799,core,V02,V02-01,standard,Skyrim.esm,D:\Wabbajack\modlists\Anvil\Stock Game\Data\Skyrim.esm,Skyrim.esm:01CEEF,CR00,defined,yes,Skyrim.esm
CORE-1800,core,V02,V02-01,standard,Skyrim.esm,D:\Wabbajack\modlists\Anvil\Stock Game\Data\Skyrim.esm,Skyrim.esm:01CEEE,CR01,defined,yes,Skyrim.esm
CORE-1801,core,V02,V02-01,standard,Skyrim.esm,D:\Wabbajack\modlists\Anvil\Stock Game\Data\Skyrim.esm,Skyrim.esm:01C4A1,CWCampaign,defined,yes,Skyrim.esm
CORE-1802,core,V02,V02-01,existing-core-row,Skyrim.esm,D:\Wabbajack\modlists\Anvil\Stock Game\Data\Skyrim.esm,Skyrim.esm:01C48E,T03,defined,yes,Skyrim.esm
CORE-1803,core,V02,V02-01,standard,Skyrim.esm,D:\Wabbajack\modlists\Anvil\Stock Game\Data\Skyrim.esm,Skyrim.esm:01C3FB,dunWhiteRiverWatchQST,defined,yes,Skyrim.esm
CORE-1804,core,V02,V02-01,existing-core-row,Skyrim.esm,D:\Wabbajack\modlists\Anvil\Stock Game\Data\Skyrim.esm,Skyrim.esm:01BFC4,DA03,defined,yes,Skyrim.esm
CORE-1805,core,V02,V02-01,standard,Skyrim.esm,D:\Wabbajack\modlists\Anvil\Stock Game\Data\Skyrim.esm,Skyrim.esm:01B112,DialogueGenericScene04,defined,yes,Skyrim.esm
CORE-1806,core,V02,V02-01,standard,Skyrim.esm,D:\Wabbajack\modlists\Anvil\Stock Game\Data\Skyrim.esm,Skyrim.esm:019E53,CW,defined,yes,Skyrim.esm
CORE-1807,core,V02,V02-01,standard,Skyrim.esm,D:\Wabbajack\modlists\Anvil\Stock Game\Data\Skyrim.esm,Skyrim.esm:016FA6,DialogueGenericSceneSpecial01,defined,yes,Skyrim.esm
CORE-1808,core,V02,V02-01,standard,Skyrim.esm,D:\Wabbajack\modlists\Anvil\Stock Game\Data\Skyrim.esm,Skyrim.esm:015FCC,DialogueRiverwoodSceneA,defined,yes,Skyrim.esm
CORE-1809,core,V02,V02-01,standard,Skyrim.esm,D:\Wabbajack\modlists\Anvil\Stock Game\Data\Skyrim.esm,Skyrim.esm:0143AF,DragonControl,defined,yes,Skyrim.esm
CORE-1810,core,V03A,V03A-01,standard,Skyrim.esm,D:\Wabbajack\modlists\Anvil\Stock Game\Data\Skyrim.esm,Skyrim.esm:013EB3,DialogueGeneric,defined,no,Update.esm
CORE-1811,core,V02,V02-01,standard,Skyrim.esm,D:\Wabbajack\modlists\Anvil\Stock Game\Data\Skyrim.esm,Skyrim.esm:013E06,VoicePowers,defined,yes,Skyrim.esm
CORE-1812,core,V03A,V03A-01,standard,Update.esm,D:\Wabbajack\modlists\Anvil\Stock Game\Data\Update.esm,Skyrim.esm:013EB3,DialogueGeneric,override,yes,Update.esm
CORE-1813,core,V03A,V03A-01,standard,Update.esm,D:\Wabbajack\modlists\Anvil\Stock Game\Data\Update.esm,Skyrim.esm:0167D3,WICastMagic03,override,yes,Update.esm
CORE-1814,core,V03A,V03A-01,standard,Update.esm,D:\Wabbajack\modlists\Anvil\Stock Game\Data\Update.esm,Skyrim.esm:01BFF2,WIKill03,override,yes,Update.esm
CORE-1815,core,V03A,V03A-01,existing-core-row,Update.esm,D:\Wabbajack\modlists\Anvil\Stock Game\Data\Update.esm,Skyrim.esm:01CEF6,C06,override,yes,Update.esm
CORE-1816,core,V03A,V03A-01,standard,Update.esm,D:\Wabbajack\modlists\Anvil\Stock Game\Data\Update.esm,Skyrim.esm:01CF25,MS08,override,yes,Update.esm
CORE-1817,core,V03A,V03A-01,existing-core-row,Update.esm,D:\Wabbajack\modlists\Anvil\Stock Game\Data\Update.esm,Skyrim.esm:01F326,TG01,override,yes,Update.esm
CORE-1818,core,V03A,V03A-01,standard,Update.esm,D:\Wabbajack\modlists\Anvil\Stock Game\Data\Update.esm,Skyrim.esm:01F7A3,MS11,override,yes,Update.esm
CORE-1819,core,V03A,V03A-01,standard,Update.esm,D:\Wabbajack\modlists\Anvil\Stock Game\Data\Update.esm,Skyrim.esm:0210CD,MS01GuardAmbushQuest,override,yes,Update.esm
CORE-1820,core,V03A,V03A-01,existing-core-row,Update.esm,D:\Wabbajack\modlists\Anvil\Stock Game\Data\Update.esm,Skyrim.esm:02154F,TG03,override,yes,Update.esm
CORE-1821,core,V03B,V03B-01,existing-core-row,Update.esm,D:\Wabbajack\modlists\Anvil\Stock Game\Data\Update.esm,Skyrim.esm:021551,TG05,override,no,Dawnguard.esm
CORE-1822,core,V03A,V03A-01,existing-core-row,Update.esm,D:\Wabbajack\modlists\Anvil\Stock Game\Data\Update.esm,Skyrim.esm:021552,TG06,override,yes,Update.esm
CORE-1823,core,V03A,V03A-01,existing-core-row,Update.esm,D:\Wabbajack\modlists\Anvil\Stock Game\Data\Update.esm,Skyrim.esm:0240B8,DA07,override,yes,Update.esm
CORE-1824,core,V03A,V03A-01,standard,Update.esm,D:\Wabbajack\modlists\Anvil\Stock Game\Data\Update.esm,Skyrim.esm:02499C,MS12b,override,yes,Update.esm
CORE-1825,core,V03A,V03A-01,standard,Update.esm,D:\Wabbajack\modlists\Anvil\Stock Game\Data\Update.esm,Skyrim.esm:025231,CR04,override,yes,Update.esm
CORE-1826,core,V03A,V03A-01,standard,Update.esm,D:\Wabbajack\modlists\Anvil\Stock Game\Data\Update.esm,Skyrim.esm:025250,CR07,override,yes,Update.esm
CORE-1827,core,V03A,V03A-01,standard,Update.esm,D:\Wabbajack\modlists\Anvil\Stock Game\Data\Update.esm,Skyrim.esm:025251,CR08,override,yes,Update.esm
CORE-1828,core,V03A,V03A-01,standard,Update.esm,D:\Wabbajack\modlists\Anvil\Stock Game\Data\Update.esm,Skyrim.esm:028A24,MGR20,override,yes,Update.esm
CORE-1829,core,V03A,V03A-01,existing-core-row,Update.esm,D:\Wabbajack\modlists\Anvil\Stock Game\Data\Update.esm,Skyrim.esm:02A49A,DA05,override,yes,Update.esm
CORE-1830,core,V03A,V03A-01,standard,Update.esm,D:\Wabbajack\modlists\Anvil\Stock Game\Data\Update.esm,Skyrim.esm:035B5A,WIAddItem03,override,yes,Update.esm
CORE-1831,core,V03A,V03A-01,existing-core-row,Update.esm,D:\Wabbajack\modlists\Anvil\Stock Game\Data\Update.esm,Skyrim.esm:035D5F,MQ201,override,yes,Update.esm
CORE-1832,core,V03A,V03A-01,standard,Update.esm,D:\Wabbajack\modlists\Anvil\Stock Game\Data\Update.esm,Skyrim.esm:035D64,WI,override,yes,Update.esm
CORE-1833,core,V03A,V03A-01,existing-core-row,Update.esm,D:\Wabbajack\modlists\Anvil\Stock Game\Data\Update.esm,Skyrim.esm:036191,MQ202,override,yes,Update.esm
CORE-1834,core,V03A,V03A-01,standard,Update.esm,D:\Wabbajack\modlists\Anvil\Stock Game\Data\Update.esm,Skyrim.esm:03CF44,TGDialogue,override,yes,Update.esm
CORE-1835,core,V03A,V03A-01,existing-core-row,Update.esm,D:\Wabbajack\modlists\Anvil\Stock Game\Data\Update.esm,Skyrim.esm:040A5E,MS02,override,yes,Update.esm
CORE-1836,core,V03A,V03A-01,existing-core-row,Update.esm,D:\Wabbajack\modlists\Anvil\Stock Game\Data\Update.esm,Skyrim.esm:044C56,MQ301,override,yes,Update.esm
CORE-1837,core,V03A,V03A-01,existing-core-row,Update.esm,D:\Wabbajack\modlists\Anvil\Stock Game\Data\Update.esm,Skyrim.esm:046EF1,MQ304,override,yes,Update.esm
CORE-1838,core,V03A,V03A-01,standard,Update.esm,D:\Wabbajack\modlists\Anvil\Stock Game\Data\Update.esm,Skyrim.esm:047420,DialogueGenericCommanded,override,yes,Update.esm
CORE-1839,core,V03A,V03A-01,existing-core-row,Update.esm,D:\Wabbajack\modlists\Anvil\Stock Game\Data\Update.esm,Skyrim.esm:04B2D9,C00,override,yes,Update.esm
CORE-1840,core,V03A,V03A-01,standard,Update.esm,D:\Wabbajack\modlists\Anvil\Stock Game\Data\Update.esm,Skyrim.esm:04C6C2,TGLarceny,override,yes,Update.esm
CORE-1841,core,V03A,V03A-01,existing-core-row,Update.esm,D:\Wabbajack\modlists\Anvil\Stock Game\Data\Update.esm,Skyrim.esm:04D8D6,DA02,override,yes,Update.esm
CORE-1842,core,V03A,V03A-01,existing-core-row,Update.esm,D:\Wabbajack\modlists\Anvil\Stock Game\Data\Update.esm,Skyrim.esm:04E4E1,DA09,override,yes,Update.esm
CORE-1843,core,V03A,V03A-01,standard,Update.esm,D:\Wabbajack\modlists\Anvil\Stock Game\Data\Update.esm,Skyrim.esm:04EEF5,WIKill06,override,yes,Update.esm
CORE-1844,core,V03A,V03A-01,standard,Update.esm,D:\Wabbajack\modlists\Anvil\Stock Game\Data\Update.esm,Skyrim.esm:06A097,MGRArniel03,override,yes,Update.esm
CORE-1845,core,V03A,V03A-01,standard,Update.esm,D:\Wabbajack\modlists\Anvil\Stock Game\Data\Update.esm,Skyrim.esm:06BC33,MGRAppOnmund01,override,yes,Update.esm
CORE-1846,core,V03A,V03A-01,existing-core-row,Update.esm,D:\Wabbajack\modlists\Anvil\Stock Game\Data\Update.esm,Skyrim.esm:06E803,C01,override,yes,Update.esm
CORE-1847,core,V03A,V03A-01,existing-core-row,Update.esm,D:\Wabbajack\modlists\Anvil\Stock Game\Data\Update.esm,Skyrim.esm:06E804,C02,override,yes,Update.esm
CORE-1848,core,V03A,V03A-01,existing-core-row,Update.esm,D:\Wabbajack\modlists\Anvil\Stock Game\Data\Update.esm,Skyrim.esm:06E805,C05,override,yes,Update.esm
CORE-1849,core,V03A,V03A-01,standard,Update.esm,D:\Wabbajack\modlists\Anvil\Stock Game\Data\Update.esm,Skyrim.esm:0750BA,DialogueFollower,override,yes,Update.esm
CORE-1850,core,V03A,V03A-01,standard,Update.esm,D:\Wabbajack\modlists\Anvil\Stock Game\Data\Update.esm,Skyrim.esm:0880EB,CompanionsSingleCombatQuest,override,yes,Update.esm
CORE-1851,core,V03A,V03A-01,standard,Update.esm,D:\Wabbajack\modlists\Anvil\Stock Game\Data\Update.esm,Skyrim.esm:0940D0,Favor158,override,yes,Update.esm
CORE-1852,core,V03A,V03A-01,standard,Update.esm,D:\Wabbajack\modlists\Anvil\Stock Game\Data\Update.esm,Skyrim.esm:0954E1,CWSiege,override,yes,Update.esm
CORE-1853,core,V03A,V03A-01,standard,Update.esm,D:\Wabbajack\modlists\Anvil\Stock Game\Data\Update.esm,Skyrim.esm:0A17AE,WE100,override,yes,Update.esm
CORE-1854,core,V03A,V03A-01,standard,Update.esm,D:\Wabbajack\modlists\Anvil\Stock Game\Data\Update.esm,Skyrim.esm:0A3EF9,C02PostQuest,override,yes,Update.esm
CORE-1855,core,V03A,V03A-01,standard,Update.esm,D:\Wabbajack\modlists\Anvil\Stock Game\Data\Update.esm,Skyrim.esm:0AF269,MS11PreEssentializing,override,yes,Update.esm
CORE-1856,core,V03A,V03A-01,standard,Update.esm,D:\Wabbajack\modlists\Anvil\Stock Game\Data\Update.esm,Skyrim.esm:0B8774,DialogueCombatEncounterTypes,override,yes,Update.esm
CORE-1857,core,V03A,V03A-01,standard,Update.esm,D:\Wabbajack\modlists\Anvil\Stock Game\Data\Update.esm,Skyrim.esm:0B91C1,WEDL06,override,yes,Update.esm
CORE-1858,core,V03A,V03A-01,standard,Update.esm,D:\Wabbajack\modlists\Anvil\Stock Game\Data\Update.esm,Skyrim.esm:0BA0BC,WE34,override,yes,Update.esm
CORE-1859,core,V03A,V03A-01,standard,Update.esm,D:\Wabbajack\modlists\Anvil\Stock Game\Data\Update.esm,Skyrim.esm:0BC09D,WE36,override,yes,Update.esm
CORE-1860,core,V03A,V03A-01,standard,Update.esm,D:\Wabbajack\modlists\Anvil\Stock Game\Data\Update.esm,Skyrim.esm:0D8828,TGFences,override,yes,Update.esm
CORE-1861,core,V03A,V03A-01,standard,Update.esm,D:\Wabbajack\modlists\Anvil\Stock Game\Data\Update.esm,Skyrim.esm:0D8E40,TGFenceCaravan,override,yes,Update.esm
CORE-1862,core,V03A,V03A-01,standard,Update.esm,D:\Wabbajack\modlists\Anvil\Stock Game\Data\Update.esm,Skyrim.esm:0E3145,CR12,override,yes,Update.esm
CORE-1863,core,V03A,V03A-01,standard,Update.esm,D:\Wabbajack\modlists\Anvil\Stock Game\Data\Update.esm,Skyrim.esm:0E38C7,DialogueSkyHavenTemple,override,yes,Update.esm
CORE-1864,core,V03A,V03A-01,standard,Update.esm,D:\Wabbajack\modlists\Anvil\Stock Game\Data\Update.esm,Skyrim.esm:0E738F,dunGeirmundQST,override,yes,Update.esm
CORE-1865,core,V03B,V03B-01,standard,Update.esm,D:\Wabbajack\modlists\Anvil\Stock Game\Data\Update.esm,Skyrim.esm:0F6090,PlayerWerewolfCureQuest,override,no,Dawnguard.esm
CORE-1866,core,V03A,V03A-01,standard,Update.esm,D:\Wabbajack\modlists\Anvil\Stock Game\Data\Update.esm,Skyrim.esm:1010AA,MS12PostQuest,override,yes,Update.esm
CORE-1867,core,V03A,V03A-01,standard,Update.esm,D:\Wabbajack\modlists\Anvil\Stock Game\Data\Update.esm,Skyrim.esm:105D19,WEJS28,override,yes,Update.esm
CORE-1868,core,V03A,V03A-01,standard,Update.esm,D:\Wabbajack\modlists\Anvil\Stock Game\Data\Update.esm,Skyrim.esm:1065F4,weroad08,override,yes,Update.esm
CORE-1869,core,V03A,V03A-01,standard,Update.esm,D:\Wabbajack\modlists\Anvil\Stock Game\Data\Update.esm,Update.esm:000803,Patch1_4_UpdateQuest,defined,yes,Update.esm
CORE-1870,core,V03A,V03A-01,standard,Update.esm,D:\Wabbajack\modlists\Anvil\Stock Game\Data\Update.esm,Update.esm:00083F,Patch1_5_UpdateQuest,defined,yes,Update.esm
CORE-1871,core,V03A,V03A-01,standard,Update.esm,D:\Wabbajack\modlists\Anvil\Stock Game\Data\Update.esm,Update.esm:00097F,Patch1_6_UpdateQuest,defined,yes,Update.esm
CORE-1872,core,V03A,V03A-01,standard,Update.esm,D:\Wabbajack\modlists\Anvil\Stock Game\Data\Update.esm,Update.esm:0009A3,Patch1_9_UpdateQuest,defined,yes,Update.esm
CORE-1873,core,V03A,V03A-01,standard,Update.esm,D:\Wabbajack\modlists\Anvil\Stock Game\Data\Update.esm,Update.esm:002F1C,PetFramework_ParentQuest,defined,no,HearthFires.esm
CORE-1874,core,V03A,V03A-01,standard,Update.esm,D:\Wabbajack\modlists\Anvil\Stock Game\Data\Update.esm,Update.esm:0030B5,CCHorseArmorDialogueQuest,defined,yes,Update.esm
CORE-1875,core,V03B,V03B-01,standard,Dawnguard.esm,D:\Wabbajack\modlists\Anvil\mods\Cleaned Base Game Masters\Dawnguard.esm,Skyrim.esm:000E46,CreatureDialogueWerewolf,override,yes,Dawnguard.esm
CORE-1876,core,V03B,V03B-01,existing-core-row,Dawnguard.esm,D:\Wabbajack\modlists\Anvil\mods\Cleaned Base Game Masters\Dawnguard.esm,Skyrim.esm:01CEF4,C03,override,yes,Dawnguard.esm
CORE-1877,core,V03B,V03B-01,existing-core-row,Dawnguard.esm,D:\Wabbajack\modlists\Anvil\mods\Cleaned Base Game Masters\Dawnguard.esm,Skyrim.esm:021551,TG05,override,yes,Dawnguard.esm
CORE-1878,core,V03B,V03B-01,existing-core-row,Dawnguard.esm,D:\Wabbajack\modlists\Anvil\mods\Cleaned Base Game Masters\Dawnguard.esm,Skyrim.esm:021554,TG08B,override,yes,Dawnguard.esm
CORE-1879,core,V03B,V03B-01,existing-core-row,Dawnguard.esm,D:\Wabbajack\modlists\Anvil\mods\Cleaned Base Game Masters\Dawnguard.esm,Skyrim.esm:0242AF,DA16,override,yes,Dawnguard.esm
CORE-1880,core,V03B,V03B-01,standard,Dawnguard.esm,D:\Wabbajack\modlists\Anvil\mods\Cleaned Base Game Masters\Dawnguard.esm,Skyrim.esm:02BA16,PlayerWerewolfQuest,override,yes,Dawnguard.esm
CORE-1881,core,V03B,V03B-01,standard,Dawnguard.esm,D:\Wabbajack\modlists\Anvil\mods\Cleaned Base Game Masters\Dawnguard.esm,Skyrim.esm:02C367,TG05SP,override,yes,Dawnguard.esm
CORE-1882,core,V03B,V03B-01,existing-core-row,Dawnguard.esm,D:\Wabbajack\modlists\Anvil\mods\Cleaned Base Game Masters\Dawnguard.esm,Skyrim.esm:02D512,DA04,override,yes,Dawnguard.esm
CORE-1883,core,V03B,V03B-01,standard,Dawnguard.esm,D:\Wabbajack\modlists\Anvil\mods\Cleaned Base Game Masters\Dawnguard.esm,Skyrim.esm:05C625,VC01,override,yes,Dawnguard.esm
CORE-1884,core,V03B,V03B-01,standard,Dawnguard.esm,D:\Wabbajack\modlists\Anvil\mods\Cleaned Base Game Masters\Dawnguard.esm,Skyrim.esm:0AEBFE,C03Rampage,override,yes,Dawnguard.esm
CORE-1885,core,V03B,V03B-01,standard,Dawnguard.esm,D:\Wabbajack\modlists\Anvil\mods\Cleaned Base Game Masters\Dawnguard.esm,Skyrim.esm:0D8312,DialogueGenericVampire,override,yes,Dawnguard.esm
CORE-1886,core,V03B,V03B-01,standard,Dawnguard.esm,D:\Wabbajack\modlists\Anvil\mods\Cleaned Base Game Masters\Dawnguard.esm,Skyrim.esm:0EAFD5,PlayerVampireQuest,override,yes,Dawnguard.esm
CORE-1887,core,V03B,V03B-01,standard,Dawnguard.esm,D:\Wabbajack\modlists\Anvil\mods\Cleaned Base Game Masters\Dawnguard.esm,Skyrim.esm:0F6090,PlayerWerewolfCureQuest,override,yes,Dawnguard.esm
CORE-1888,core,V03B,V03B-01,existing-core-row,Dawnguard.esm,D:\Wabbajack\modlists\Anvil\mods\Cleaned Base Game Masters\Dawnguard.esm,Dawnguard.esm:00284F,DLC1VQ04,defined,yes,Dawnguard.esm
CORE-1889,core,V03B,V03B-01,existing-core-row,Dawnguard.esm,D:\Wabbajack\modlists\Anvil\mods\Cleaned Base Game Masters\Dawnguard.esm,Dawnguard.esm:002850,DLC1VQ05,defined,yes,Dawnguard.esm
CORE-1890,core,V03B,V03B-01,existing-core-row,Dawnguard.esm,D:\Wabbajack\modlists\Anvil\mods\Cleaned Base Game Masters\Dawnguard.esm,Dawnguard.esm:002852,DLC1VQ06,defined,yes,Dawnguard.esm
CORE-1891,core,V03B,V03B-01,existing-core-row,Dawnguard.esm,D:\Wabbajack\modlists\Anvil\mods\Cleaned Base Game Masters\Dawnguard.esm,Dawnguard.esm:002853,DLC1VQ07,defined,yes,Dawnguard.esm
CORE-1892,core,V03B,V03B-01,standard,Dawnguard.esm,D:\Wabbajack\modlists\Anvil\mods\Cleaned Base Game Masters\Dawnguard.esm,Dawnguard.esm:002B01,DLC1HunterBaseIntroAmbush,defined,yes,Dawnguard.esm
CORE-1893,core,V03B,V03B-01,standard,Dawnguard.esm,D:\Wabbajack\modlists\Anvil\mods\Cleaned Base Game Masters\Dawnguard.esm,Dawnguard.esm:002B6E,DLC1NPCMentalModel,defined,yes,Dawnguard.esm
CORE-1894,core,V03B,V03B-01,standard,Dawnguard.esm,D:\Wabbajack\modlists\Anvil\mods\Cleaned Base Game Masters\Dawnguard.esm,Dawnguard.esm:002C09,DLC1Init,defined,yes,Dawnguard.esm
CORE-1895,core,V03B,V03B-01,standard,Dawnguard.esm,D:\Wabbajack\modlists\Anvil\mods\Cleaned Base Game Masters\Dawnguard.esm,Dawnguard.esm:002F65,DLC1VQ02,defined,yes,Dawnguard.esm
CORE-1896,core,V03B,V03B-01,standard,Dawnguard.esm,D:\Wabbajack\modlists\Anvil\mods\Cleaned Base Game Masters\Dawnguard.esm,Dawnguard.esm:0034D0,DLC1_WESC03,defined,yes,Dawnguard.esm
CORE-1897,core,V03B,V03B-01,standard,Dawnguard.esm,D:\Wabbajack\modlists\Anvil\mods\Cleaned Base Game Masters\Dawnguard.esm,Dawnguard.esm:0034D4,DLC1_WESC04,defined,yes,Dawnguard.esm
CORE-1898,core,V03B,V03B-01,standard,Dawnguard.esm,D:\Wabbajack\modlists\Anvil\mods\Cleaned Base Game Masters\Dawnguard.esm,Dawnguard.esm:0034DA,DLC1_WESC05,defined,yes,Dawnguard.esm
CORE-1899,core,V03B,V03B-01,standard,Dawnguard.esm,D:\Wabbajack\modlists\Anvil\mods\Cleaned Base Game Masters\Dawnguard.esm,Dawnguard.esm:0034DE,DLC1_WESC01,defined,yes,Dawnguard.esm
CORE-1900,core,V03B,V03B-01,standard,Dawnguard.esm,D:\Wabbajack\modlists\Anvil\mods\Cleaned Base Game Masters\Dawnguard.esm,Dawnguard.esm:0034EA,DLC1_WESC02,defined,yes,Dawnguard.esm
CORE-1901,core,V03B,V03B-01,standard,Dawnguard.esm,D:\Wabbajack\modlists\Anvil\mods\Cleaned Base Game Masters\Dawnguard.esm,Dawnguard.esm:0034F8,DLC1_WESC06_CacheTracking,defined,yes,Dawnguard.esm
CORE-1902,core,V03B,V03B-01,standard,Dawnguard.esm,D:\Wabbajack\modlists\Anvil\mods\Cleaned Base Game Masters\Dawnguard.esm,Dawnguard.esm:0034FF,DLC1_WESC07_CacheTracking,defined,yes,Dawnguard.esm
CORE-1903,core,V03B,V03B-01,standard,Dawnguard.esm,D:\Wabbajack\modlists\Anvil\mods\Cleaned Base Game Masters\Dawnguard.esm,Dawnguard.esm:003500,DLC1_WESC08_CacheTracking,defined,yes,Dawnguard.esm
CORE-1904,core,V03B,V03B-01,standard,Dawnguard.esm,D:\Wabbajack\modlists\Anvil\mods\Cleaned Base Game Masters\Dawnguard.esm,Dawnguard.esm:003508,DLC1_WESC07,defined,yes,Dawnguard.esm
CORE-1905,core,V03B,V03B-01,standard,Dawnguard.esm,D:\Wabbajack\modlists\Anvil\mods\Cleaned Base Game Masters\Dawnguard.esm,Dawnguard.esm:003511,DLC1_WESC06,defined,yes,Dawnguard.esm
CORE-1906,core,V03B,V03B-01,standard,Dawnguard.esm,D:\Wabbajack\modlists\Anvil\mods\Cleaned Base Game Masters\Dawnguard.esm,Dawnguard.esm:00351E,DLC1_WESC08,defined,yes,Dawnguard.esm
CORE-1907,core,V03B,V03B-01,existing-core-row,Dawnguard.esm,D:\Wabbajack\modlists\Anvil\mods\Cleaned Base Game Masters\Dawnguard.esm,Dawnguard.esm:00352A,DLC1VQ01,defined,yes,Dawnguard.esm
CORE-1908,core,V03B,V03B-01,standard,Dawnguard.esm,D:\Wabbajack\modlists\Anvil\mods\Cleaned Base Game Masters\Dawnguard.esm,Dawnguard.esm:003BC0,DLC1NPCMonitoringPlayer,defined,yes,Dawnguard.esm
CORE-1909,core,V03B,V03B-01,standard,Dawnguard.esm,D:\Wabbajack\modlists\Anvil\mods\Cleaned Base Game Masters\Dawnguard.esm,Dawnguard.esm:003F56,DLC1LD_DarkfallCave,defined,yes,Dawnguard.esm
CORE-1910,core,V03B,V03B-01,standard,Dawnguard.esm,D:\Wabbajack\modlists\Anvil\mods\Cleaned Base Game Masters\Dawnguard.esm,Dawnguard.esm:003FD1,DLC1DialogueHunterBaseScene9,defined,yes,Dawnguard.esm
CORE-1911,core,V03B,V03B-01,standard,Dawnguard.esm,D:\Wabbajack\modlists\Anvil\mods\Cleaned Base Game Masters\Dawnguard.esm,Dawnguard.esm:003FD3,DLC1DialogueHunterBaseScene10,defined,yes,Dawnguard.esm
CORE-1912,core,V03B,V03B-01,standard,Dawnguard.esm,D:\Wabbajack\modlists\Anvil\mods\Cleaned Base Game Masters\Dawnguard.esm,Dawnguard.esm:0041CF,DLC1ScoutPatrol,defined,yes,Dawnguard.esm
CORE-1913,core,V03B,V03B-01,standard,Dawnguard.esm,D:\Wabbajack\modlists\Anvil\mods\Cleaned Base Game Masters\Dawnguard.esm,Dawnguard.esm:0041FE,DLC1WE07,defined,yes,Dawnguard.esm
CORE-1914,core,V03B,V03B-01,standard,Dawnguard.esm,D:\Wabbajack\modlists\Anvil\mods\Cleaned Base Game Masters\Dawnguard.esm,Dawnguard.esm:004201,DLC1WE08,defined,yes,Dawnguard.esm
CORE-1915,core,V03B,V03B-01,standard,Dawnguard.esm,D:\Wabbajack\modlists\Anvil\mods\Cleaned Base Game Masters\Dawnguard.esm,Dawnguard.esm:00420E,DLC1RadiantDisguisedVampireLordSpawner,defined,yes,Dawnguard.esm
CORE-1916,core,V03B,V03B-01,standard,Dawnguard.esm,D:\Wabbajack\modlists\Anvil\mods\Cleaned Base Game Masters\Dawnguard.esm,Dawnguard.esm:004BBF,DLC1VQ08RNPC,defined,yes,Dawnguard.esm
CORE-1917,core,V03B,V03B-01,standard,Dawnguard.esm,D:\Wabbajack\modlists\Anvil\mods\Cleaned Base Game Masters\Dawnguard.esm,Dawnguard.esm:004C1B,DLC1RV01,defined,yes,Dawnguard.esm
CORE-1918,core,V03B,V03B-01,standard,Dawnguard.esm,D:\Wabbajack\modlists\Anvil\mods\Cleaned Base Game Masters\Dawnguard.esm,Dawnguard.esm:004C1C,DLC1Radiant,defined,yes,Dawnguard.esm
CORE-1919,core,V03B,V03B-01,standard,Dawnguard.esm,D:\Wabbajack\modlists\Anvil\mods\Cleaned Base Game Masters\Dawnguard.esm,Dawnguard.esm:004C2E,DLC1RV01KillActorMonitor,defined,yes,Dawnguard.esm
CORE-1920,core,V03B,V03B-01,standard,Dawnguard.esm,D:\Wabbajack\modlists\Anvil\mods\Cleaned Base Game Masters\Dawnguard.esm,Dawnguard.esm:004C30,DLC1RV01AssaultMonitorNOTUSING,defined,yes,Dawnguard.esm
CORE-1921,core,V03B,V03B-01,existing-core-row,Dawnguard.esm,D:\Wabbajack\modlists\Anvil\mods\Cleaned Base Game Masters\Dawnguard.esm,Dawnguard.esm:004C3D,DLC1VQ03Vampire,defined,yes,Dawnguard.esm
CORE-1922,core,V03B,V03B-01,standard,Dawnguard.esm,D:\Wabbajack\modlists\Anvil\mods\Cleaned Base Game Masters\Dawnguard.esm,Dawnguard.esm:004CE2,DLC1DialogueVampireLordBlock,defined,yes,Dawnguard.esm
CORE-1923,core,V03B,V03B-01,standard,Dawnguard.esm,D:\Wabbajack\modlists\Anvil\mods\Cleaned Base Game Masters\Dawnguard.esm,Dawnguard.esm:004D6B,DLC1LD_Arkngthamz,defined,yes,Dawnguard.esm
CORE-1924,core,V03B,V03B-01,standard,Dawnguard.esm,D:\Wabbajack\modlists\Anvil\mods\Cleaned Base Game Masters\Dawnguard.esm,Dawnguard.esm:004D6C,DLC1LD_ChangeLocation,defined,yes,Dawnguard.esm
CORE-1925,core,V03B,V03B-01,standard,Dawnguard.esm,D:\Wabbajack\modlists\Anvil\mods\Cleaned Base Game Masters\Dawnguard.esm,Dawnguard.esm:004E0C,DLC1DialogueVampireBase,defined,yes,Dawnguard.esm
CORE-1926,core,V03B,V03B-01,standard,Dawnguard.esm,D:\Wabbajack\modlists\Anvil\mods\Cleaned Base Game Masters\Dawnguard.esm,Dawnguard.esm:004E0D,DLC1DialogueHunterBase,defined,yes,Dawnguard.esm
CORE-1927,core,V03B,V03B-01,standard,Dawnguard.esm,D:\Wabbajack\modlists\Anvil\mods\Cleaned Base Game Masters\Dawnguard.esm,Dawnguard.esm:004E18,DLC1DialogueVampireBaseScene01,defined,yes,Dawnguard.esm
CORE-1928,core,V03B,V03B-01,standard,Dawnguard.esm,D:\Wabbajack\modlists\Anvil\mods\Cleaned Base Game Masters\Dawnguard.esm,Dawnguard.esm:004E1A,DLC1DialogueVampireBaseScene02,defined,yes,Dawnguard.esm
CORE-1929,core,V03B,V03B-01,standard,Dawnguard.esm,D:\Wabbajack\modlists\Anvil\mods\Cleaned Base Game Masters\Dawnguard.esm,Dawnguard.esm:004E1C,DLC1DialogueVampireBaseScene03,defined,yes,Dawnguard.esm
CORE-1930,core,V03B,V03B-01,standard,Dawnguard.esm,D:\Wabbajack\modlists\Anvil\mods\Cleaned Base Game Masters\Dawnguard.esm,Dawnguard.esm:004E1E,DLC1DialogueVampireBaseScene04,defined,yes,Dawnguard.esm
CORE-1931,core,V03B,V03B-01,standard,Dawnguard.esm,D:\Wabbajack\modlists\Anvil\mods\Cleaned Base Game Masters\Dawnguard.esm,Dawnguard.esm:004E20,DLC1DialogueVampireBaseScene05,defined,yes,Dawnguard.esm
CORE-1932,core,V03B,V03B-01,standard,Dawnguard.esm,D:\Wabbajack\modlists\Anvil\mods\Cleaned Base Game Masters\Dawnguard.esm,Dawnguard.esm:004E22,DLC1DialogueVampireBaseScene06,defined,yes,Dawnguard.esm
CORE-1933,core,V03B,V03B-01,existing-core-row,Dawnguard.esm,D:\Wabbajack\modlists\Anvil\mods\Cleaned Base Game Masters\Dawnguard.esm,Dawnguard.esm:004E24,DLC1HunterBaseIntro,defined,yes,Dawnguard.esm
CORE-1934,core,V03B,V03B-01,existing-core-row,Dawnguard.esm,D:\Wabbajack\modlists\Anvil\mods\Cleaned Base Game Masters\Dawnguard.esm,Dawnguard.esm:005044,DLC1SeranaCureSelfQuest,defined,yes,Dawnguard.esm
CORE-1935,core,V03B,V03B-01,standard,Dawnguard.esm,D:\Wabbajack\modlists\Anvil\mods\Cleaned Base Game Masters\Dawnguard.esm,Dawnguard.esm:0050B9,DLC1RV02,defined,yes,Dawnguard.esm
CORE-1936,core,V03B,V03B-01,standard,Dawnguard.esm,D:\Wabbajack\modlists\Anvil\mods\Cleaned Base Game Masters\Dawnguard.esm,Dawnguard.esm:0050BD,DLC1RV03,defined,yes,Dawnguard.esm
CORE-1937,core,V03B,V03B-01,standard,Dawnguard.esm,D:\Wabbajack\modlists\Anvil\mods\Cleaned Base Game Masters\Dawnguard.esm,Dawnguard.esm:0050C1,DLC1RV03KillActorMonitor,defined,yes,Dawnguard.esm
CORE-1938,core,V03B,V03B-01,standard,Dawnguard.esm,D:\Wabbajack\modlists\Anvil\mods\Cleaned Base Game Masters\Dawnguard.esm,Dawnguard.esm:0056FD,DLC1RV04,defined,yes,Dawnguard.esm
CORE-1939,core,V03B,V03B-01,standard,Dawnguard.esm,D:\Wabbajack\modlists\Anvil\mods\Cleaned Base Game Masters\Dawnguard.esm,Dawnguard.esm:005702,DLC1RV05,defined,yes,Dawnguard.esm
CORE-1940,core,V03B,V03B-01,standard,Dawnguard.esm,D:\Wabbajack\modlists\Anvil\mods\Cleaned Base Game Masters\Dawnguard.esm,Dawnguard.esm:005817,DLC1LD,defined,yes,Dawnguard.esm
CORE-1941,core,V03B,V03B-01,standard,Dawnguard.esm,D:\Wabbajack\modlists\Anvil\mods\Cleaned Base Game Masters\Dawnguard.esm,Dawnguard.esm:00588C,DLC1VampireTurn,defined,yes,Dawnguard.esm
CORE-1942,core,V03B,V03B-01,standard,Dawnguard.esm,D:\Wabbajack\modlists\Anvil\mods\Cleaned Base Game Masters\Dawnguard.esm,Dawnguard.esm:0058CA,DLC1RV06,defined,yes,Dawnguard.esm
CORE-1943,core,V03B,V03B-01,existing-core-row,Dawnguard.esm,D:\Wabbajack\modlists\Anvil\mods\Cleaned Base Game Masters\Dawnguard.esm,Dawnguard.esm:00594C,DLC1VampireBaseIntro,defined,yes,Dawnguard.esm
CORE-1944,core,V03B,V03B-01,existing-core-row,Dawnguard.esm,D:\Wabbajack\modlists\Anvil\mods\Cleaned Base Game Masters\Dawnguard.esm,Dawnguard.esm:005DA9,DLC1VQElder,defined,yes,Dawnguard.esm
CORE-1945,core,V03B,V03B-01,standard,Dawnguard.esm,D:\Wabbajack\modlists\Anvil\mods\Cleaned Base Game Masters\Dawnguard.esm,Dawnguard.esm:005E4A,DLC1RH01,defined,yes,Dawnguard.esm
CORE-1946,core,V03B,V03B-01,standard,Dawnguard.esm,D:\Wabbajack\modlists\Anvil\mods\Cleaned Base Game Masters\Dawnguard.esm,Dawnguard.esm:005E53,DLC1RH02,defined,yes,Dawnguard.esm
CORE-1947,core,V03B,V03B-01,standard,Dawnguard.esm,D:\Wabbajack\modlists\Anvil\mods\Cleaned Base Game Masters\Dawnguard.esm,Dawnguard.esm:005E58,DLC1RH03,defined,yes,Dawnguard.esm
CORE-1948,core,V03B,V03B-01,standard,Dawnguard.esm,D:\Wabbajack\modlists\Anvil\mods\Cleaned Base Game Masters\Dawnguard.esm,Dawnguard.esm:006952,DLC1RH04,defined,yes,Dawnguard.esm
CORE-1949,core,V03B,V03B-01,standard,Dawnguard.esm,D:\Wabbajack\modlists\Anvil\mods\Cleaned Base Game Masters\Dawnguard.esm,Dawnguard.esm:00697C,DLC1Surgery,defined,yes,Dawnguard.esm
CORE-1950,core,V03B,V03B-01,standard,Dawnguard.esm,D:\Wabbajack\modlists\Anvil\mods\Cleaned Base Game Masters\Dawnguard.esm,Dawnguard.esm:006BAC,DLC1RH05,defined,yes,Dawnguard.esm
CORE-1951,core,V03B,V03B-01,standard,Dawnguard.esm,D:\Wabbajack\modlists\Anvil\mods\Cleaned Base Game Masters\Dawnguard.esm,Dawnguard.esm:006BDA,DLC1_BF_DunTempleQST,defined,yes,Dawnguard.esm
CORE-1952,core,V03B,V03B-01,standard,Dawnguard.esm,D:\Wabbajack\modlists\Anvil\mods\Cleaned Base Game Masters\Dawnguard.esm,Dawnguard.esm:0071D0,DLC1PlayerVampireQuest,defined,yes,Dawnguard.esm
CORE-1953,core,V03B,V03B-01,standard,Dawnguard.esm,D:\Wabbajack\modlists\Anvil\mods\Cleaned Base Game Masters\Dawnguard.esm,Dawnguard.esm:0071D2,DLC1VampireLordTrackingQuest,defined,yes,Dawnguard.esm
CORE-1954,core,V03B,V03B-01,standard,Dawnguard.esm,D:\Wabbajack\modlists\Anvil\mods\Cleaned Base Game Masters\Dawnguard.esm,Dawnguard.esm:007201,DLC1RH06,defined,yes,Dawnguard.esm
CORE-1955,core,V03B,V03B-01,standard,Dawnguard.esm,D:\Wabbajack\modlists\Anvil\mods\Cleaned Base Game Masters\Dawnguard.esm,Dawnguard.esm:007773,DLC1dunMasterQST,defined,yes,Dawnguard.esm
CORE-1956,core,V03B,V03B-01,existing-core-row,Dawnguard.esm,D:\Wabbajack\modlists\Anvil\mods\Cleaned Base Game Masters\Dawnguard.esm,Dawnguard.esm:007C25,DLC1VQ08,defined,yes,Dawnguard.esm
CORE-1957,core,V03B,V03B-01,standard,Dawnguard.esm,D:\Wabbajack\modlists\Anvil\mods\Cleaned Base Game Masters\Dawnguard.esm,Dawnguard.esm:007C4F,DLC1dunRedwaterDenQST,defined,yes,Dawnguard.esm
CORE-1958,core,V03B,V03B-01,standard,Dawnguard.esm,D:\Wabbajack\modlists\Anvil\mods\Cleaned Base Game Masters\Dawnguard.esm,Dawnguard.esm:007EC5,DLC1RH07,defined,yes,Dawnguard.esm
CORE-1959,core,V03B,V03B-01,standard,Dawnguard.esm,D:\Wabbajack\modlists\Anvil\mods\Cleaned Base Game Masters\Dawnguard.esm,Dawnguard.esm:0083A4,DLC1VQFactions,defined,yes,Dawnguard.esm
CORE-1960,core,V03B,V03B-01,standard,Dawnguard.esm,D:\Wabbajack\modlists\Anvil\mods\Cleaned Base Game Masters\Dawnguard.esm,Dawnguard.esm:00876D,DLC1WE00,defined,yes,Dawnguard.esm
CORE-1961,core,V03B,V03B-01,standard,Dawnguard.esm,D:\Wabbajack\modlists\Anvil\mods\Cleaned Base Game Masters\Dawnguard.esm,Dawnguard.esm:00876E,DLC1WE01,defined,yes,Dawnguard.esm
CORE-1962,core,V03B,V03B-01,standard,Dawnguard.esm,D:\Wabbajack\modlists\Anvil\mods\Cleaned Base Game Masters\Dawnguard.esm,Dawnguard.esm:008771,DLC1WE02,defined,yes,Dawnguard.esm
CORE-1963,core,V03B,V03B-01,standard,Dawnguard.esm,D:\Wabbajack\modlists\Anvil\mods\Cleaned Base Game Masters\Dawnguard.esm,Dawnguard.esm:0088E5,DLC1LDIceDragonFight,defined,yes,Dawnguard.esm
CORE-1964,core,V03B,V03B-01,standard,Dawnguard.esm,D:\Wabbajack\modlists\Anvil\mods\Cleaned Base Game Masters\Dawnguard.esm,Dawnguard.esm:008E3B,DLC1VampireSleep,defined,yes,Dawnguard.esm
CORE-1965,core,V03B,V03B-01,standard,Dawnguard.esm,D:\Wabbajack\modlists\Anvil\mods\Cleaned Base Game Masters\Dawnguard.esm,Dawnguard.esm:008E51,DLC1PlayerFactionRelation,defined,yes,Dawnguard.esm
CORE-1966,core,V03B,V03B-01,standard,Dawnguard.esm,D:\Wabbajack\modlists\Anvil\mods\Cleaned Base Game Masters\Dawnguard.esm,Dawnguard.esm:009401,CreatureDialogueChaurusInsect,defined,yes,Dawnguard.esm
CORE-1967,core,V03B,V03B-01,existing-core-row,Dawnguard.esm,D:\Wabbajack\modlists\Anvil\mods\Cleaned Base Game Masters\Dawnguard.esm,Dawnguard.esm:0098CB,DLC1VQ03Hunter,defined,yes,Dawnguard.esm
CORE-1968,core,V03B,V03B-01,standard,Dawnguard.esm,D:\Wabbajack\modlists\Anvil\mods\Cleaned Base Game Masters\Dawnguard.esm,Dawnguard.esm:00A29C,DLC1RV07,defined,yes,Dawnguard.esm
CORE-1969,core,V03B,V03B-01,standard,Dawnguard.esm,D:\Wabbajack\modlists\Anvil\mods\Cleaned Base Game Masters\Dawnguard.esm,Dawnguard.esm:00A2A9,DLC1PlayerVampirePowerItems,defined,yes,Dawnguard.esm
CORE-1970,core,V03B,V03B-01,standard,Dawnguard.esm,D:\Wabbajack\modlists\Anvil\mods\Cleaned Base Game Masters\Dawnguard.esm,Dawnguard.esm:00B639,DLC1LD_Misc,defined,yes,Dawnguard.esm
CORE-1971,core,V03B,V03B-01,standard,Dawnguard.esm,D:\Wabbajack\modlists\Anvil\mods\Cleaned Base Game Masters\Dawnguard.esm,Dawnguard.esm:00BDD1,DLC01SoulCairnHorseQuest,defined,yes,Dawnguard.esm
CORE-1972,core,V03B,V03B-01,standard,Dawnguard.esm,D:\Wabbajack\modlists\Anvil\mods\Cleaned Base Game Masters\Dawnguard.esm,Dawnguard.esm:00BF73,DLC1VampireMesmerize,defined,yes,Dawnguard.esm
CORE-1973,core,V03B,V03B-01,standard,Dawnguard.esm,D:\Wabbajack\modlists\Anvil\mods\Cleaned Base Game Masters\Dawnguard.esm,Dawnguard.esm:00C73A,DLC1VQDragon,defined,yes,Dawnguard.esm
CORE-1974,core,V03B,V03B-01,standard,Dawnguard.esm,D:\Wabbajack\modlists\Anvil\mods\Cleaned Base Game Masters\Dawnguard.esm,Dawnguard.esm:00CE06,DLC1RV08,defined,yes,Dawnguard.esm
CORE-1975,core,V03B,V03B-01,standard,Dawnguard.esm,D:\Wabbajack\modlists\Anvil\mods\Cleaned Base Game Masters\Dawnguard.esm,Dawnguard.esm:00CE0B,DLC1RV09,defined,yes,Dawnguard.esm
CORE-1976,core,V03B,V03B-01,standard,Dawnguard.esm,D:\Wabbajack\modlists\Anvil\mods\Cleaned Base Game Masters\Dawnguard.esm,Dawnguard.esm:00CFFD,DLC1LD_Postquest,defined,yes,Dawnguard.esm
CORE-1977,core,V03B,V03B-01,standard,Dawnguard.esm,D:\Wabbajack\modlists\Anvil\mods\Cleaned Base Game Masters\Dawnguard.esm,Dawnguard.esm:00CFFE,DLC1LD_CraftItemManager,defined,yes,Dawnguard.esm
CORE-1978,core,V03B,V03B-01,standard,Dawnguard.esm,D:\Wabbajack\modlists\Anvil\mods\Cleaned Base Game Masters\Dawnguard.esm,Dawnguard.esm:00CFFF,DLC1LD_Bthalft,defined,yes,Dawnguard.esm
CORE-1979,core,V03B,V03B-01,standard,Dawnguard.esm,D:\Wabbajack\modlists\Anvil\mods\Cleaned Base Game Masters\Dawnguard.esm,Dawnguard.esm:00D06C,DLC1VQ01MiscObjective,defined,yes,Dawnguard.esm
CORE-1980,core,V03B,V03B-01,standard,Dawnguard.esm,D:\Wabbajack\modlists\Anvil\mods\Cleaned Base Game Masters\Dawnguard.esm,Dawnguard.esm:00D2D5,DLC1VQ05DragonFight,defined,yes,Dawnguard.esm
CORE-1981,core,V03B,V03B-01,standard,Dawnguard.esm,D:\Wabbajack\modlists\Anvil\mods\Cleaned Base Game Masters\Dawnguard.esm,Dawnguard.esm:00D90B,DLC1VQ00ChangeLocation,defined,yes,Dawnguard.esm
CORE-1982,core,V03B,V03B-01,standard,Dawnguard.esm,D:\Wabbajack\modlists\Anvil\mods\Cleaned Base Game Masters\Dawnguard.esm,Dawnguard.esm:00D90E,DLC1VQ00,defined,yes,Dawnguard.esm
CORE-1983,core,V03B,V03B-01,standard,Dawnguard.esm,D:\Wabbajack\modlists\Anvil\mods\Cleaned Base Game Masters\Dawnguard.esm,Dawnguard.esm:00E6A7,DLC1VQ01RNPC,defined,yes,Dawnguard.esm
CORE-1984,core,V03B,V03B-01,standard,Dawnguard.esm,D:\Wabbajack\modlists\Anvil\mods\Cleaned Base Game Masters\Dawnguard.esm,Dawnguard.esm:00EA41,DLC1VQ05SoulGemHandler,defined,yes,Dawnguard.esm
CORE-1985,core,V03B,V03B-01,standard,Dawnguard.esm,D:\Wabbajack\modlists\Anvil\mods\Cleaned Base Game Masters\Dawnguard.esm,Dawnguard.esm:00F363,DLC1VQ03RNPC,defined,yes,Dawnguard.esm
CORE-1986,core,V03B,V03B-01,standard,Dawnguard.esm,D:\Wabbajack\modlists\Anvil\mods\Cleaned Base Game Masters\Dawnguard.esm,Dawnguard.esm:00F711,DLC1WerewolfPerkExplanation,defined,yes,Dawnguard.esm
CORE-1987,core,V03B,V03B-01,standard,Dawnguard.esm,D:\Wabbajack\modlists\Anvil\mods\Cleaned Base Game Masters\Dawnguard.esm,Dawnguard.esm:00F7F0,DLC1WEJS01,defined,yes,Dawnguard.esm
CORE-1988,core,V03B,V03B-01,standard,Dawnguard.esm,D:\Wabbajack\modlists\Anvil\mods\Cleaned Base Game Masters\Dawnguard.esm,Dawnguard.esm:00F899,DLC1RegiftingLycanthropy,defined,yes,Dawnguard.esm
CORE-1989,core,V03B,V03B-01,standard,Dawnguard.esm,D:\Wabbajack\modlists\Anvil\mods\Cleaned Base Game Masters\Dawnguard.esm,Dawnguard.esm:00F8B1,CreatureDialogueGargoyle,defined,yes,Dawnguard.esm
CORE-1990,core,V03B,V03B-01,standard,Dawnguard.esm,D:\Wabbajack\modlists\Anvil\mods\Cleaned Base Game Masters\Dawnguard.esm,Dawnguard.esm:010AE7,DLC1WEJS02,defined,yes,Dawnguard.esm
CORE-1991,core,V03B,V03B-01,standard,Dawnguard.esm,D:\Wabbajack\modlists\Anvil\mods\Cleaned Base Game Masters\Dawnguard.esm,Dawnguard.esm:010AEB,DLC1WEJS04,defined,yes,Dawnguard.esm
CORE-1992,core,V03B,V03B-01,standard,Dawnguard.esm,D:\Wabbajack\modlists\Anvil\mods\Cleaned Base Game Masters\Dawnguard.esm,Dawnguard.esm:01119F,DLC1VQDragonMisc,defined,yes,Dawnguard.esm
CORE-1993,core,V03B,V03B-01,standard,Dawnguard.esm,D:\Wabbajack\modlists\Anvil\mods\Cleaned Base Game Masters\Dawnguard.esm,Dawnguard.esm:011686,CreatureDialogueDogDeathHound,defined,yes,Dawnguard.esm
CORE-1994,core,V03B,V03B-01,standard,Dawnguard.esm,D:\Wabbajack\modlists\Anvil\mods\Cleaned Base Game Masters\Dawnguard.esm,Dawnguard.esm:011696,CreatureDialogueDogHusky,defined,yes,Dawnguard.esm
CORE-1995,core,V03B,V03B-01,standard,Dawnguard.esm,D:\Wabbajack\modlists\Anvil\mods\Cleaned Base Game Masters\Dawnguard.esm,Dawnguard.esm:011A83,DLC1ScrollHandling,defined,yes,Dawnguard.esm
CORE-1996,core,V03B,V03B-01,standard,Dawnguard.esm,D:\Wabbajack\modlists\Anvil\mods\Cleaned Base Game Masters\Dawnguard.esm,Dawnguard.esm:011CD7,CreatureDialogueMistman,defined,yes,Dawnguard.esm
CORE-1997,core,V03B,V03B-01,standard,Dawnguard.esm,D:\Wabbajack\modlists\Anvil\mods\Cleaned Base Game Masters\Dawnguard.esm,Dawnguard.esm:011F0D,DLC1HunterBaseFlorentiusChange,defined,yes,Dawnguard.esm
CORE-1998,core,V03B,V03B-01,standard,Dawnguard.esm,D:\Wabbajack\modlists\Anvil\mods\Cleaned Base Game Masters\Dawnguard.esm,Dawnguard.esm:0123E5,DLC1GargoyleFactionRelations,defined,yes,Dawnguard.esm
CORE-1999,core,V03B,V03B-01,standard,Dawnguard.esm,D:\Wabbajack\modlists\Anvil\mods\Cleaned Base Game Masters\Dawnguard.esm,Dawnguard.esm:0127EE,DLC1WEJS05,defined,yes,Dawnguard.esm
CORE-2000,core,V03B,V03B-01,standard,Dawnguard.esm,D:\Wabbajack\modlists\Anvil\mods\Cleaned Base Game Masters\Dawnguard.esm,Dawnguard.esm:0127F0,DLC1WEJS06,defined,yes,Dawnguard.esm
CORE-2001,core,V03B,V03B-01,standard,Dawnguard.esm,D:\Wabbajack\modlists\Anvil\mods\Cleaned Base Game Masters\Dawnguard.esm,Dawnguard.esm:012F92,DLC1ScrollHandlingChangeLoc,defined,yes,Dawnguard.esm
CORE-2002,core,V03B,V03B-01,standard,Dawnguard.esm,D:\Wabbajack\modlists\Anvil\mods\Cleaned Base Game Masters\Dawnguard.esm,Dawnguard.esm:0132CC,DLC1RadiantAttackGuardComments,defined,yes,Dawnguard.esm
CORE-2003,core,V03B,V03B-01,standard,Dawnguard.esm,D:\Wabbajack\modlists\Anvil\mods\Cleaned Base Game Masters\Dawnguard.esm,Dawnguard.esm:013768,DLC1DialogueDexionLore,defined,yes,Dawnguard.esm
CORE-2004,core,V03B,V03B-01,existing-core-row,Dawnguard.esm,D:\Wabbajack\modlists\Anvil\mods\Cleaned Base Game Masters\Dawnguard.esm,Dawnguard.esm:013F1F,DLC1HunterBaseStage2,defined,yes,Dawnguard.esm
CORE-2005,core,V03B,V03B-01,existing-core-row,Dawnguard.esm,D:\Wabbajack\modlists\Anvil\mods\Cleaned Base Game Masters\Dawnguard.esm,Dawnguard.esm:01400B,DLC1VQSaint,defined,yes,Dawnguard.esm
CORE-2006,core,V03B,V03B-01,standard,Dawnguard.esm,D:\Wabbajack\modlists\Anvil\mods\Cleaned Base Game Masters\Dawnguard.esm,Dawnguard.esm:01400D,DLC1VQSaintPost,defined,yes,Dawnguard.esm
CORE-2007,core,V03B,V03B-01,standard,Dawnguard.esm,D:\Wabbajack\modlists\Anvil\mods\Cleaned Base Game Masters\Dawnguard.esm,Dawnguard.esm:01420C,DLC1WEDB01,defined,yes,Dawnguard.esm
CORE-2008,core,V03B,V03B-01,standard,Dawnguard.esm,D:\Wabbajack\modlists\Anvil\mods\Cleaned Base Game Masters\Dawnguard.esm,Dawnguard.esm:01420F,DLC1WEDB02,defined,yes,Dawnguard.esm
CORE-2009,core,V03B,V03B-01,standard,Dawnguard.esm,D:\Wabbajack\modlists\Anvil\mods\Cleaned Base Game Masters\Dawnguard.esm,Dawnguard.esm:014215,DLC1WEDB03,defined,yes,Dawnguard.esm
CORE-2010,core,V03B,V03B-01,standard,Dawnguard.esm,D:\Wabbajack\modlists\Anvil\mods\Cleaned Base Game Masters\Dawnguard.esm,Dawnguard.esm:01434C,DLC1RV07Post,defined,yes,Dawnguard.esm
CORE-2011,core,V03B,V03B-01,standard,Dawnguard.esm,D:\Wabbajack\modlists\Anvil\mods\Cleaned Base Game Masters\Dawnguard.esm,Dawnguard.esm:014BF1,DLC1_WESC09,defined,yes,Dawnguard.esm
CORE-2012,core,V03B,V03B-01,standard,Dawnguard.esm,D:\Wabbajack\modlists\Anvil\mods\Cleaned Base Game Masters\Dawnguard.esm,Dawnguard.esm:014CB9,DLC1VampireFeedBystander,defined,yes,Dawnguard.esm
CORE-2013,core,V03B,V03B-01,standard,Dawnguard.esm,D:\Wabbajack\modlists\Anvil\mods\Cleaned Base Game Masters\Dawnguard.esm,Dawnguard.esm:014FAC,DLC1DialogueGenericUniqueVoices,defined,yes,Dawnguard.esm
CORE-2014,core,V03B,V03B-01,standard,Dawnguard.esm,D:\Wabbajack\modlists\Anvil\mods\Cleaned Base Game Masters\Dawnguard.esm,Dawnguard.esm:014FAE,DLC1DialogueGeneric,defined,yes,Dawnguard.esm
CORE-2015,core,V03B,V03B-01,standard,Dawnguard.esm,D:\Wabbajack\modlists\Anvil\mods\Cleaned Base Game Masters\Dawnguard.esm,Dawnguard.esm:015017,DLC1RH08,defined,yes,Dawnguard.esm
CORE-2016,core,V03B,V03B-01,standard,Dawnguard.esm,D:\Wabbajack\modlists\Anvil\mods\Cleaned Base Game Masters\Dawnguard.esm,Dawnguard.esm:0154A5,ccVSVSSE004_DialogueTroll,defined,yes,Dawnguard.esm
CORE-2017,core,V03B,V03B-01,standard,Dawnguard.esm,D:\Wabbajack\modlists\Anvil\mods\Cleaned Base Game Masters\Dawnguard.esm,Dawnguard.esm:01574C,DLC1RadiantDisguised,defined,yes,Dawnguard.esm
CORE-2018,core,V03B,V03B-01,standard,Dawnguard.esm,D:\Wabbajack\modlists\Anvil\mods\Cleaned Base Game Masters\Dawnguard.esm,Dawnguard.esm:015A16,DLC1VQ05Post,defined,yes,Dawnguard.esm
CORE-2019,core,V03B,V03B-01,standard,Dawnguard.esm,D:\Wabbajack\modlists\Anvil\mods\Cleaned Base Game Masters\Dawnguard.esm,Dawnguard.esm:015A68,DLC1VQ07Post,defined,yes,Dawnguard.esm
CORE-2020,core,V03B,V03B-01,standard,Dawnguard.esm,D:\Wabbajack\modlists\Anvil\mods\Cleaned Base Game Masters\Dawnguard.esm,Dawnguard.esm:015AA3,DLC1NPCCommentary01,defined,yes,Dawnguard.esm
CORE-2021,core,V03B,V03B-01,standard,Dawnguard.esm,D:\Wabbajack\modlists\Anvil\mods\Cleaned Base Game Masters\Dawnguard.esm,Dawnguard.esm:015AA4,DLC1NPCCommentary02,defined,yes,Dawnguard.esm
CORE-2022,core,V03B,V03B-01,standard,Dawnguard.esm,D:\Wabbajack\modlists\Anvil\mods\Cleaned Base Game Masters\Dawnguard.esm,Dawnguard.esm:015AA5,DLC1NPCCommentary03,defined,yes,Dawnguard.esm
CORE-2023,core,V03B,V03B-01,standard,Dawnguard.esm,D:\Wabbajack\modlists\Anvil\mods\Cleaned Base Game Masters\Dawnguard.esm,Dawnguard.esm:015AA7,DLC1VQ02RNPC,defined,yes,Dawnguard.esm
CORE-2024,core,V03B,V03B-01,standard,Dawnguard.esm,D:\Wabbajack\modlists\Anvil\mods\Cleaned Base Game Masters\Dawnguard.esm,Dawnguard.esm:016072,DLC1SoulCairnDialogue,defined,yes,Dawnguard.esm
CORE-2025,core,V03B,V03B-01,standard,Dawnguard.esm,D:\Wabbajack\modlists\Anvil\mods\Cleaned Base Game Masters\Dawnguard.esm,Dawnguard.esm:01629F,DLC1EclipseAttack1,defined,yes,Dawnguard.esm
CORE-2026,core,V03B,V03B-01,standard,Dawnguard.esm,D:\Wabbajack\modlists\Anvil\mods\Cleaned Base Game Masters\Dawnguard.esm,Dawnguard.esm:0162F8,DLC1ThrallDialogue,defined,yes,Dawnguard.esm
CORE-2027,core,V03B,V03B-01,standard,Dawnguard.esm,D:\Wabbajack\modlists\Anvil\mods\Cleaned Base Game Masters\Dawnguard.esm,Dawnguard.esm:016352,DLC1SoulCairnHuskMerchant,defined,yes,Dawnguard.esm
CORE-2028,core,V03B,V03B-01,standard,Dawnguard.esm,D:\Wabbajack\modlists\Anvil\mods\Cleaned Base Game Masters\Dawnguard.esm,Dawnguard.esm:0163B4,DLC1DialogueHunterBaseScene1,defined,yes,Dawnguard.esm
CORE-2029,core,V03B,V03B-01,standard,Dawnguard.esm,D:\Wabbajack\modlists\Anvil\mods\Cleaned Base Game Masters\Dawnguard.esm,Dawnguard.esm:0163B6,DLC1DialogueHunterBaseScene2,defined,yes,Dawnguard.esm
CORE-2030,core,V03B,V03B-01,standard,Dawnguard.esm,D:\Wabbajack\modlists\Anvil\mods\Cleaned Base Game Masters\Dawnguard.esm,Dawnguard.esm:0163B8,DLC1DialogueHunterBaseScene3,defined,yes,Dawnguard.esm
CORE-2031,core,V03B,V03B-01,standard,Dawnguard.esm,D:\Wabbajack\modlists\Anvil\mods\Cleaned Base Game Masters\Dawnguard.esm,Dawnguard.esm:0163BA,DLC1DialogueHunterBaseScene4,defined,yes,Dawnguard.esm
CORE-2032,core,V03B,V03B-01,standard,Dawnguard.esm,D:\Wabbajack\modlists\Anvil\mods\Cleaned Base Game Masters\Dawnguard.esm,Dawnguard.esm:0163BC,DLC1DialogueHunterBaseScene5,defined,yes,Dawnguard.esm
CORE-2033,core,V03B,V03B-01,standard,Dawnguard.esm,D:\Wabbajack\modlists\Anvil\mods\Cleaned Base Game Masters\Dawnguard.esm,Dawnguard.esm:0163BE,DLC1DialogueHunterBaseScene6,defined,yes,Dawnguard.esm
CORE-2034,core,V03B,V03B-01,standard,Dawnguard.esm,D:\Wabbajack\modlists\Anvil\mods\Cleaned Base Game Masters\Dawnguard.esm,Dawnguard.esm:0163CD,DLC01SoulCairnHorseQuest2,defined,yes,Dawnguard.esm
CORE-2035,core,V03B,V03B-01,standard,Dawnguard.esm,D:\Wabbajack\modlists\Anvil\mods\Cleaned Base Game Masters\Dawnguard.esm,Dawnguard.esm:016673,DLC1VQ04RNPC,defined,yes,Dawnguard.esm
CORE-2036,core,V03B,V03B-01,standard,Dawnguard.esm,D:\Wabbajack\modlists\Anvil\mods\Cleaned Base Game Masters\Dawnguard.esm,Dawnguard.esm:01681C,DLC1VQ07Combat,defined,yes,Dawnguard.esm
CORE-2037,core,V03B,V03B-01,standard,Dawnguard.esm,D:\Wabbajack\modlists\Anvil\mods\Cleaned Base Game Masters\Dawnguard.esm,Dawnguard.esm:016848,DLC1DialogueFerrySystem,defined,yes,Dawnguard.esm
CORE-2038,core,V03B,V03B-01,standard,Dawnguard.esm,D:\Wabbajack\modlists\Anvil\mods\Cleaned Base Game Masters\Dawnguard.esm,Dawnguard.esm:01693D,DLC1DialogueHunterVampireBlock,defined,yes,Dawnguard.esm
CORE-2039,core,V03B,V03B-01,standard,Dawnguard.esm,D:\Wabbajack\modlists\Anvil\mods\Cleaned Base Game Masters\Dawnguard.esm,Dawnguard.esm:01693F,DLC1DialogueVampireCuredBlock,defined,yes,Dawnguard.esm
CORE-2040,core,V03B,V03B-01,standard,Dawnguard.esm,D:\Wabbajack\modlists\Anvil\mods\Cleaned Base Game Masters\Dawnguard.esm,Dawnguard.esm:017648,DLC1EclipseAttack2,defined,yes,Dawnguard.esm
CORE-2041,core,V03B,V03B-01,standard,Dawnguard.esm,D:\Wabbajack\modlists\Anvil\mods\Cleaned Base Game Masters\Dawnguard.esm,Dawnguard.esm:017649,DLC1EclipseAttack3,defined,yes,Dawnguard.esm
CORE-2042,core,V03B,V03B-01,standard,Dawnguard.esm,D:\Wabbajack\modlists\Anvil\mods\Cleaned Base Game Masters\Dawnguard.esm,Dawnguard.esm:01764A,DLC1EclipseAttack4,defined,yes,Dawnguard.esm
CORE-2043,core,V03B,V03B-01,standard,Dawnguard.esm,D:\Wabbajack\modlists\Anvil\mods\Cleaned Base Game Masters\Dawnguard.esm,Dawnguard.esm:01764B,DLC1EclipseAttack5,defined,yes,Dawnguard.esm
CORE-2044,core,V03B,V03B-01,standard,Dawnguard.esm,D:\Wabbajack\modlists\Anvil\mods\Cleaned Base Game Masters\Dawnguard.esm,Dawnguard.esm:01764C,DLC1EclipseAttack6,defined,yes,Dawnguard.esm
CORE-2045,core,V03B,V03B-01,standard,Dawnguard.esm,D:\Wabbajack\modlists\Anvil\mods\Cleaned Base Game Masters\Dawnguard.esm,Dawnguard.esm:0176C2,DLC1VQ05RNPC,defined,yes,Dawnguard.esm
CORE-2046,core,V03B,V03B-01,standard,Dawnguard.esm,D:\Wabbajack\modlists\Anvil\mods\Cleaned Base Game Masters\Dawnguard.esm,Dawnguard.esm:0176C3,DLC1VQ06RNPC,defined,yes,Dawnguard.esm
CORE-2047,core,V03B,V03B-01,standard,Dawnguard.esm,D:\Wabbajack\modlists\Anvil\mods\Cleaned Base Game Masters\Dawnguard.esm,Dawnguard.esm:0176C4,DLC1VQ07RNPC,defined,yes,Dawnguard.esm
CORE-2048,core,V03B,V03B-01,standard,Dawnguard.esm,D:\Wabbajack\modlists\Anvil\mods\Cleaned Base Game Masters\Dawnguard.esm,Dawnguard.esm:017861,DLC1WE03,defined,yes,Dawnguard.esm
CORE-2049,core,V03B,V03B-01,standard,Dawnguard.esm,D:\Wabbajack\modlists\Anvil\mods\Cleaned Base Game Masters\Dawnguard.esm,Dawnguard.esm:017863,DLC1WE04,defined,yes,Dawnguard.esm
CORE-2050,core,V03B,V03B-01,standard,Dawnguard.esm,D:\Wabbajack\modlists\Anvil\mods\Cleaned Base Game Masters\Dawnguard.esm,Dawnguard.esm:017865,DLC1WE05,defined,yes,Dawnguard.esm
CORE-2051,core,V03B,V03B-01,standard,Dawnguard.esm,D:\Wabbajack\modlists\Anvil\mods\Cleaned Base Game Masters\Dawnguard.esm,Dawnguard.esm:017867,DLC1WE06,defined,yes,Dawnguard.esm
CORE-2052,core,V03B,V03B-01,standard,Dawnguard.esm,D:\Wabbajack\modlists\Anvil\mods\Cleaned Base Game Masters\Dawnguard.esm,Dawnguard.esm:017FF3,DLC1DialogueHunterBaseScene7,defined,yes,Dawnguard.esm
CORE-2053,core,V03B,V03B-01,standard,Dawnguard.esm,D:\Wabbajack\modlists\Anvil\mods\Cleaned Base Game Masters\Dawnguard.esm,Dawnguard.esm:017FF5,DLC1DialogueHunterBaseScene8,defined,yes,Dawnguard.esm
CORE-2054,core,V03B,V03B-01,existing-core-row,Dawnguard.esm,D:\Wabbajack\modlists\Anvil\mods\Cleaned Base Game Masters\Dawnguard.esm,Dawnguard.esm:0181BF,DLC1VQElderHandler,defined,yes,Dawnguard.esm
CORE-2055,core,V03B,V03B-01,standard,Dawnguard.esm,D:\Wabbajack\modlists\Anvil\mods\Cleaned Base Game Masters\Dawnguard.esm,Dawnguard.esm:01909F,DLC1VampireTutorial,defined,yes,Dawnguard.esm
CORE-2056,core,V03B,V03B-01,standard,Dawnguard.esm,D:\Wabbajack\modlists\Anvil\mods\Cleaned Base Game Masters\Dawnguard.esm,Dawnguard.esm:0190C2,DLC1RNPCGeneralHellos,defined,yes,Dawnguard.esm
CORE-2057,core,V03B,V03B-01,standard,Dawnguard.esm,D:\Wabbajack\modlists\Anvil\mods\Cleaned Base Game Masters\Dawnguard.esm,Dawnguard.esm:0190C3,DLC1RNPCClickedHellos,defined,yes,Dawnguard.esm
CORE-2058,core,V03B,V03B-01,standard,Dawnguard.esm,D:\Wabbajack\modlists\Anvil\mods\Cleaned Base Game Masters\Dawnguard.esm,Dawnguard.esm:01964A,DLC1DialogueVampire,defined,yes,Dawnguard.esm
CORE-2059,core,V03B,V03B-01,standard,Dawnguard.esm,D:\Wabbajack\modlists\Anvil\mods\Cleaned Base Game Masters\Dawnguard.esm,Dawnguard.esm:0198B2,DLC1HunterBaseEnableSet1,defined,yes,Dawnguard.esm
CORE-2060,core,V03B,V03B-01,standard,Dawnguard.esm,D:\Wabbajack\modlists\Anvil\mods\Cleaned Base Game Masters\Dawnguard.esm,Dawnguard.esm:0198F9,DLC1DialogueRefugeeCamp,defined,yes,Dawnguard.esm
CORE-2061,core,V03B,V03B-01,standard,Dawnguard.esm,D:\Wabbajack\modlists\Anvil\mods\Cleaned Base Game Masters\Dawnguard.esm,Dawnguard.esm:01991F,DLC1HunterBaseEnableSet2,defined,yes,Dawnguard.esm
CORE-2062,core,V03B,V03B-01,standard,Dawnguard.esm,D:\Wabbajack\modlists\Anvil\mods\Cleaned Base Game Masters\Dawnguard.esm,Dawnguard.esm:019938,DLC1RV10,defined,yes,Dawnguard.esm
CORE-2063,core,V03B,V03B-01,standard,Dawnguard.esm,D:\Wabbajack\modlists\Anvil\mods\Cleaned Base Game Masters\Dawnguard.esm,Dawnguard.esm:019BB1,DLC1DialogueWerewolfBlock,defined,yes,Dawnguard.esm
CORE-2064,core,V03B,V03B-01,standard,Dawnguard.esm,D:\Wabbajack\modlists\Anvil\mods\Cleaned Base Game Masters\Dawnguard.esm,Dawnguard.esm:019DB9,DLC1VQElderQuestItemHandler,defined,yes,Dawnguard.esm
CORE-2065,core,V03B,V03B-01,standard,Dawnguard.esm,D:\Wabbajack\modlists\Anvil\mods\Cleaned Base Game Masters\Dawnguard.esm,Dawnguard.esm:019DD2,DLC1LDIceDragonFight02,defined,yes,Dawnguard.esm
CORE-2066,core,V03B,V03B-01,standard,Dawnguard.esm,D:\Wabbajack\modlists\Anvil\mods\Cleaned Base Game Masters\Dawnguard.esm,Dawnguard.esm:01A1C1,DLC1VQ08Post,defined,yes,Dawnguard.esm
CORE-2067,core,V03B,V03B-01,standard,Dawnguard.esm,D:\Wabbajack\modlists\Anvil\mods\Cleaned Base Game Masters\Dawnguard.esm,Dawnguard.esm:01A3E4,DLC1VQFVBooks,defined,yes,Dawnguard.esm
CORE-2068,core,V03B,V03B-01,standard,Dawnguard.esm,D:\Wabbajack\modlists\Anvil\mods\Cleaned Base Game Masters\Dawnguard.esm,Dawnguard.esm:01A415,DLC1VQCastleGuard,defined,yes,Dawnguard.esm
CORE-2069,core,V03B,V03B-01,standard,Dawnguard.esm,D:\Wabbajack\modlists\Anvil\mods\Cleaned Base Game Masters\Dawnguard.esm,Dawnguard.esm:01A428,DLC1VCController,defined,yes,Dawnguard.esm
CORE-2070,core,V03B,V03B-01,standard,Dawnguard.esm,D:\Wabbajack\modlists\Anvil\mods\Cleaned Base Game Masters\Dawnguard.esm,Dawnguard.esm:01A8BB,DLC1VQ08HunterMove,defined,yes,Dawnguard.esm
CORE-2071,core,V03B,V03B-01,standard,Dawnguard.esm,D:\Wabbajack\modlists\Anvil\mods\Cleaned Base Game Masters\Dawnguard.esm,Dawnguard.esm:01AA70,DLC1HireableDogs,defined,yes,Dawnguard.esm
CORE-2072,core,V03B,V03B-01,standard,Dawnguard.esm,D:\Wabbajack\modlists\Anvil\mods\Cleaned Base Game Masters\Dawnguard.esm,Dawnguard.esm:01AA71,DLC1DialogueGuardsGeneral,defined,yes,Dawnguard.esm
CORE-2073,core,V03A,V03A-01,standard,HearthFires.esm,D:\Wabbajack\modlists\Anvil\mods\Cleaned Base Game Masters\HearthFires.esm,HearthFires.esm:000DDB,CCHouseQuest,defined,yes,HearthFires.esm
CORE-2074,core,V03A,V03A-01,standard,HearthFires.esm,D:\Wabbajack\modlists\Anvil\mods\Cleaned Base Game Masters\HearthFires.esm,Update.esm:002F1C,PetFramework_ParentQuest,override,yes,HearthFires.esm
CORE-2075,core,V03A,V03A-01,standard,HearthFires.esm,D:\Wabbajack\modlists\Anvil\mods\Cleaned Base Game Masters\HearthFires.esm,HearthFires.esm:000C3E,BYOHHouseGiantAttack,defined,yes,HearthFires.esm
CORE-2076,core,V03A,V03A-01,standard,HearthFires.esm,D:\Wabbajack\modlists\Anvil\mods\Cleaned Base Game Masters\HearthFires.esm,HearthFires.esm:000C39,BYOHHouseWolfAttack,defined,yes,HearthFires.esm
CORE-2077,core,V03A,V03A-01,standard,HearthFires.esm,D:\Wabbajack\modlists\Anvil\mods\Cleaned Base Game Masters\HearthFires.esm,Skyrim.esm:018965,WIRemoveItem02,override,yes,HearthFires.esm
CORE-2078,core,V03A,V03A-01,standard,HearthFires.esm,D:\Wabbajack\modlists\Anvil\mods\Cleaned Base Game Masters\HearthFires.esm,Skyrim.esm:02E0EE,DialogueMorthal,override,yes,HearthFires.esm
CORE-2079,core,V03A,V03A-01,standard,HearthFires.esm,D:\Wabbajack\modlists\Anvil\mods\Cleaned Base Game Masters\HearthFires.esm,HearthFires.esm:0008C3,BYOHHouseBanditPacifier,defined,yes,HearthFires.esm
CORE-2080,core,V03A,V03A-01,standard,HearthFires.esm,D:\Wabbajack\modlists\Anvil\mods\Cleaned Base Game Masters\HearthFires.esm,Skyrim.esm:052B90,DialogueDragonBridgeScene01,override,yes,HearthFires.esm
CORE-2081,core,V03A,V03A-01,standard,HearthFires.esm,D:\Wabbajack\modlists\Anvil\mods\Cleaned Base Game Masters\HearthFires.esm,Skyrim.esm:04B869,WIGamesHideAndSeek,override,yes,HearthFires.esm
CORE-2082,core,V03A,V03A-01,standard,HearthFires.esm,D:\Wabbajack\modlists\Anvil\mods\Cleaned Base Game Masters\HearthFires.esm,HearthFires.esm:0008A8,BYOHHouseBanditAttack2,defined,yes,HearthFires.esm
CORE-2083,core,V03A,V03A-01,standard,HearthFires.esm,D:\Wabbajack\modlists\Anvil\mods\Cleaned Base Game Masters\HearthFires.esm,HearthFires.esm:00E29A,BYOHRelationshipAdoptableOrphanageCL,defined,yes,HearthFires.esm
CORE-2084,core,V03A,V03A-01,standard,HearthFires.esm,D:\Wabbajack\modlists\Anvil\mods\Cleaned Base Game Masters\HearthFires.esm,HearthFires.esm:015D5A,BYOHHouseDialogueHousecarl,defined,yes,HearthFires.esm
CORE-2085,core,V03A,V03A-01,standard,HearthFires.esm,D:\Wabbajack\modlists\Anvil\mods\Cleaned Base Game Masters\HearthFires.esm,HearthFires.esm:010BEE,BYOHHousePale,defined,yes,HearthFires.esm
CORE-2086,core,V03A,V03A-01,standard,HearthFires.esm,D:\Wabbajack\modlists\Anvil\mods\Cleaned Base Game Masters\HearthFires.esm,HearthFires.esm:010A44,BYOHHouseSkeeverInfestation,defined,yes,HearthFires.esm
CORE-2087,core,V03A,V03A-01,standard,HearthFires.esm,D:\Wabbajack\modlists\Anvil\mods\Cleaned Base Game Masters\HearthFires.esm,HearthFires.esm:00BE09,BYOHHouseHjaalmarch,defined,yes,HearthFires.esm
CORE-2088,core,V03A,V03A-01,standard,HearthFires.esm,D:\Wabbajack\modlists\Anvil\mods\Cleaned Base Game Masters\HearthFires.esm,Skyrim.esm:017F01,DialogueCarriageSystem,override,yes,HearthFires.esm
CORE-2089,core,V03A,V03A-01,standard,HearthFires.esm,D:\Wabbajack\modlists\Anvil\mods\Cleaned Base Game Masters\HearthFires.esm,HearthFires.esm:005207,BYOHHouseBanditAttack,defined,yes,HearthFires.esm
CORE-2090,core,V03A,V03A-01,standard,HearthFires.esm,D:\Wabbajack\modlists\Anvil\mods\Cleaned Base Game Masters\HearthFires.esm,Skyrim.esm:0A34DE,Favor258,override,yes,HearthFires.esm
CORE-2091,core,V03A,V03A-01,standard,HearthFires.esm,D:\Wabbajack\modlists\Anvil\mods\Cleaned Base Game Masters\HearthFires.esm,Skyrim.esm:0A34D4,Favor256,override,yes,HearthFires.esm
CORE-2092,core,V03A,V03A-01,standard,HearthFires.esm,D:\Wabbajack\modlists\Anvil\mods\Cleaned Base Game Masters\HearthFires.esm,Skyrim.esm:0A34CE,Favor255,override,yes,HearthFires.esm
CORE-2093,core,V03A,V03A-01,standard,HearthFires.esm,D:\Wabbajack\modlists\Anvil\mods\Cleaned Base Game Masters\HearthFires.esm,Skyrim.esm:039C88,DialogueRoriksteadBritteSisselScene1,override,yes,HearthFires.esm
CORE-2094,core,V03A,V03A-01,standard,HearthFires.esm,D:\Wabbajack\modlists\Anvil\mods\Cleaned Base Game Masters\HearthFires.esm,Skyrim.esm:09B04D,RoriksteadSceneBritteSissel3,override,yes,HearthFires.esm
CORE-2095,core,V03A,V03A-01,standard,HearthFires.esm,D:\Wabbajack\modlists\Anvil\mods\Cleaned Base Game Masters\HearthFires.esm,Skyrim.esm:07EC79,DialogueWhiterunBraithLarsScene1,override,yes,HearthFires.esm
CORE-2096,core,V03A,V03A-01,standard,HearthFires.esm,D:\Wabbajack\modlists\Anvil\mods\Cleaned Base Game Masters\HearthFires.esm,Skyrim.esm:07EC7B,DialogueWhiterunBraithLarsScene2,override,yes,HearthFires.esm
CORE-2097,core,V03A,V03A-01,standard,HearthFires.esm,D:\Wabbajack\modlists\Anvil\mods\Cleaned Base Game Masters\HearthFires.esm,Skyrim.esm:07EC7D,DialogueWhiterunBraithLarsScene3,override,yes,HearthFires.esm
CORE-2098,core,V03A,V03A-01,standard,HearthFires.esm,D:\Wabbajack\modlists\Anvil\mods\Cleaned Base Game Masters\HearthFires.esm,Skyrim.esm:021382,RelationshipMarriageFIN,override,yes,HearthFires.esm
CORE-2099,core,V03A,V03A-01,standard,HearthFires.esm,D:\Wabbajack\modlists\Anvil\mods\Cleaned Base Game Masters\HearthFires.esm,Skyrim.esm:04BCF1,WIChangeLocation08,override,yes,HearthFires.esm
CORE-2100,core,V03A,V03A-01,standard,HearthFires.esm,D:\Wabbajack\modlists\Anvil\mods\Cleaned Base Game Masters\HearthFires.esm,Skyrim.esm:0A7B33,HousePurchase,override,yes,HearthFires.esm
CORE-2101,core,V03A,V03A-01,standard,HearthFires.esm,D:\Wabbajack\modlists\Anvil\mods\Cleaned Base Game Masters\HearthFires.esm,Skyrim.esm:0AE004,WIGamesTag,override,yes,HearthFires.esm
CORE-2102,core,V03A,V03A-01,standard,HearthFires.esm,D:\Wabbajack\modlists\Anvil\mods\Cleaned Base Game Masters\HearthFires.esm,Skyrim.esm:0FC1A2,PlayerSleepQuest,override,yes,HearthFires.esm
CORE-2103,core,V03A,V03A-01,existing-core-row,HearthFires.esm,D:\Wabbajack\modlists\Anvil\mods\Cleaned Base Game Masters\HearthFires.esm,HearthFires.esm:0042B4,BYOHRelationshipAdoption,defined,yes,HearthFires.esm
CORE-2104,core,V03A,V03A-01,standard,HearthFires.esm,D:\Wabbajack\modlists\Anvil\mods\Cleaned Base Game Masters\HearthFires.esm,HearthFires.esm:004291,BYOHRelationshipAdoptable,defined,yes,HearthFires.esm
CORE-2105,core,V03A,V03A-01,existing-core-row,HearthFires.esm,D:\Wabbajack\modlists\Anvil\mods\Cleaned Base Game Masters\HearthFires.esm,HearthFires.esm:004286,BYOHRelationshipAdoptableOrphanage,defined,yes,HearthFires.esm
CORE-2106,core,V03A,V03A-01,standard,HearthFires.esm,D:\Wabbajack\modlists\Anvil\mods\Cleaned Base Game Masters\HearthFires.esm,HearthFires.esm:004100,BYOHRelationshipAdoptableUrchins,defined,yes,HearthFires.esm
CORE-2107,core,V03A,V03A-01,standard,HearthFires.esm,D:\Wabbajack\modlists\Anvil\mods\Cleaned Base Game Masters\HearthFires.esm,HearthFires.esm:00401C,BYOHRelationshipAdoptionScheduler,defined,yes,HearthFires.esm
CORE-2108,core,V03A,V03A-01,standard,HearthFires.esm,D:\Wabbajack\modlists\Anvil\mods\Cleaned Base Game Masters\HearthFires.esm,HearthFires.esm:003F7E,BYOHRelationshipAdoptionCWSiegeHandler,defined,yes,HearthFires.esm
CORE-2109,core,V03A,V03A-01,standard,HearthFires.esm,D:\Wabbajack\modlists\Anvil\mods\Cleaned Base Game Masters\HearthFires.esm,HearthFires.esm:003F7B,BYOHRelationshipAdoptableStewardCourier,defined,yes,HearthFires.esm
CORE-2110,core,V03A,V03A-01,standard,HearthFires.esm,D:\Wabbajack\modlists\Anvil\mods\Cleaned Base Game Masters\HearthFires.esm,HearthFires.esm:003F6E,BYOHRelationshipAdoptionNewAdoptionHandler,defined,yes,HearthFires.esm
CORE-2111,core,V03A,V03A-01,standard,HearthFires.esm,D:\Wabbajack\modlists\Anvil\mods\Cleaned Base Game Masters\HearthFires.esm,HearthFires.esm:00308B,BYOHHouseStewardOffer,defined,yes,HearthFires.esm
CORE-2112,core,V03A,V03A-01,standard,HearthFires.esm,D:\Wabbajack\modlists\Anvil\mods\Cleaned Base Game Masters\HearthFires.esm,HearthFires.esm:00305E,BYOHHouseFalkreath,defined,yes,HearthFires.esm
CORE-2113,core,V03A,V03A-01,standard,HearthFires.esm,D:\Wabbajack\modlists\Anvil\mods\Cleaned Base Game Masters\HearthFires.esm,HearthFires.esm:00305D,BYOHHouseBuilding,defined,yes,HearthFires.esm
CORE-2114,core,V03C,V03C-01,standard,Dragonborn.esm,D:\Wabbajack\modlists\Anvil\mods\Cleaned Base Game Masters\Dragonborn.esm,Skyrim.esm:01F142,MS06PotemasCatacombsDungeon,override,yes,Dragonborn.esm
CORE-2115,core,V03C,V03C-01,standard,Dragonborn.esm,D:\Wabbajack\modlists\Anvil\mods\Cleaned Base Game Masters\Dragonborn.esm,Skyrim.esm:023EE4,WICastMagic04,override,yes,Dragonborn.esm
CORE-2116,core,V03C,V03C-01,standard,Dragonborn.esm,D:\Wabbajack\modlists\Anvil\mods\Cleaned Base Game Masters\Dragonborn.esm,Skyrim.esm:035D56,MQkillDragon,override,yes,Dragonborn.esm
CORE-2117,core,V03C,V03C-01,standard,Dragonborn.esm,D:\Wabbajack\modlists\Anvil\mods\Cleaned Base Game Masters\Dragonborn.esm,Skyrim.esm:06F211,WIChangeLocation04,override,yes,Dragonborn.esm
CORE-2118,core,V03C,V03C-01,standard,Dragonborn.esm,D:\Wabbajack\modlists\Anvil\mods\Cleaned Base Game Masters\Dragonborn.esm,Dragonborn.esm:016E02,DLC2Init,defined,yes,Dragonborn.esm
CORE-2119,core,V03C,V03C-01,existing-core-row,Dragonborn.esm,D:\Wabbajack\modlists\Anvil\mods\Cleaned Base Game Masters\Dragonborn.esm,Dragonborn.esm:016E1F,DLC2MQ04,defined,yes,Dragonborn.esm
CORE-2120,core,V03C,V03C-01,standard,Dragonborn.esm,D:\Wabbajack\modlists\Anvil\mods\Cleaned Base Game Masters\Dragonborn.esm,Dragonborn.esm:016E21,DLC2BookDungeonController,defined,yes,Dragonborn.esm
CORE-2121,core,V03C,V03C-01,standard,Dragonborn.esm,D:\Wabbajack\modlists\Anvil\mods\Cleaned Base Game Masters\Dragonborn.esm,Dragonborn.esm:0173BE,DLC2dunNchardakTracking,defined,yes,Dragonborn.esm
CORE-2122,core,V03C,V03C-01,standard,Dragonborn.esm,D:\Wabbajack\modlists\Anvil\mods\Cleaned Base Game Masters\Dragonborn.esm,Dragonborn.esm:017962,DLC2ExpSpiderQuest,defined,yes,Dragonborn.esm
CORE-2123,core,V03C,V03C-01,existing-core-row,Dragonborn.esm,D:\Wabbajack\modlists\Anvil\mods\Cleaned Base Game Masters\Dragonborn.esm,Dragonborn.esm:0179D7,DLC2MQ06,defined,yes,Dragonborn.esm
CORE-2124,core,V03C,V03C-01,existing-core-row,Dragonborn.esm,D:\Wabbajack\modlists\Anvil\mods\Cleaned Base Game Masters\Dragonborn.esm,Dragonborn.esm:0179DE,DLC2MQ05,defined,yes,Dragonborn.esm
CORE-2125,core,V03C,V03C-01,standard,Dragonborn.esm,D:\Wabbajack\modlists\Anvil\mods\Cleaned Base Game Masters\Dragonborn.esm,Dragonborn.esm:0179E2,DLC2TameDragon,defined,yes,Dragonborn.esm
CORE-2126,core,V03C,V03C-01,standard,Dragonborn.esm,D:\Wabbajack\modlists\Anvil\mods\Cleaned Base Game Masters\Dragonborn.esm,Dragonborn.esm:017E85,DLC2DialogueTelMithryn,defined,yes,Dragonborn.esm
CORE-2127,core,V03C,V03C-01,standard,Dragonborn.esm,D:\Wabbajack\modlists\Anvil\mods\Cleaned Base Game Masters\Dragonborn.esm,Dragonborn.esm:017E8D,DLC2TT1,defined,yes,Dragonborn.esm
CORE-2128,core,V03C,V03C-01,existing-core-row,Dragonborn.esm,D:\Wabbajack\modlists\Anvil\mods\Cleaned Base Game Masters\Dragonborn.esm,Dragonborn.esm:017F8E,DLC2MQ01,defined,yes,Dragonborn.esm
CORE-2129,core,V03C,V03C-01,existing-core-row,Dragonborn.esm,D:\Wabbajack\modlists\Anvil\mods\Cleaned Base Game Masters\Dragonborn.esm,Dragonborn.esm:017F8F,DLC2MQ02,defined,yes,Dragonborn.esm
CORE-2130,core,V03C,V03C-01,standard,Dragonborn.esm,D:\Wabbajack\modlists\Anvil\mods\Cleaned Base Game Masters\Dragonborn.esm,Dragonborn.esm:017F90,DLC2MQ03,defined,yes,Dragonborn.esm
CORE-2131,core,V03C,V03C-01,standard,Dragonborn.esm,D:\Wabbajack\modlists\Anvil\mods\Cleaned Base Game Masters\Dragonborn.esm,Dragonborn.esm:01810B,DLC2dunKolbjornQST,defined,yes,Dragonborn.esm
CORE-2132,core,V03C,V03C-01,existing-core-row,Dragonborn.esm,D:\Wabbajack\modlists\Anvil\mods\Cleaned Base Game Masters\Dragonborn.esm,Dragonborn.esm:01844E,DLC2TT1b,defined,yes,Dragonborn.esm
CORE-2133,core,V03C,V03C-01,standard,Dragonborn.esm,D:\Wabbajack\modlists\Anvil\mods\Cleaned Base Game Masters\Dragonborn.esm,Dragonborn.esm:01847D,DLC2FlingQuest,defined,yes,Dragonborn.esm
CORE-2134,core,V03C,V03C-01,standard,Dragonborn.esm,D:\Wabbajack\modlists\Anvil\mods\Cleaned Base Game Masters\Dragonborn.esm,Dragonborn.esm:018B0F,DLC2DialogueRavenRock,defined,yes,Dragonborn.esm
CORE-2135,core,V03C,V03C-01,existing-core-row,Dragonborn.esm,D:\Wabbajack\modlists\Anvil\mods\Cleaned Base Game Masters\Dragonborn.esm,Dragonborn.esm:018B13,DLC2RR01,defined,yes,Dragonborn.esm
CORE-2136,core,V03C,V03C-01,existing-core-row,Dragonborn.esm,D:\Wabbajack\modlists\Anvil\mods\Cleaned Base Game Masters\Dragonborn.esm,Dragonborn.esm:018B14,DLC2RR02,defined,yes,Dragonborn.esm
CORE-2137,core,V03C,V03C-01,existing-core-row,Dragonborn.esm,D:\Wabbajack\modlists\Anvil\mods\Cleaned Base Game Masters\Dragonborn.esm,Dragonborn.esm:018B15,DLC2RR03,defined,yes,Dragonborn.esm
CORE-2138,core,V03C,V03C-01,existing-core-row,Dragonborn.esm,D:\Wabbajack\modlists\Anvil\mods\Cleaned Base Game Masters\Dragonborn.esm,Dragonborn.esm:0195A1,DLC2TT2,defined,yes,Dragonborn.esm
CORE-2139,core,V03C,V03C-01,standard,Dragonborn.esm,D:\Wabbajack\modlists\Anvil\mods\Cleaned Base Game Masters\Dragonborn.esm,Dragonborn.esm:01991F,DLC2RRMorvaynManorScene01,defined,yes,Dragonborn.esm
CORE-2140,core,V03C,V03C-01,standard,Dragonborn.esm,D:\Wabbajack\modlists\Anvil\mods\Cleaned Base Game Masters\Dragonborn.esm,Dragonborn.esm:019921,DLC2RRMorvaynManorScene02,defined,yes,Dragonborn.esm
CORE-2141,core,V03C,V03C-01,standard,Dragonborn.esm,D:\Wabbajack\modlists\Anvil\mods\Cleaned Base Game Masters\Dragonborn.esm,Dragonborn.esm:019923,DLC2RRMorvaynManorScene03,defined,yes,Dragonborn.esm
CORE-2142,core,V03C,V03C-01,standard,Dragonborn.esm,D:\Wabbajack\modlists\Anvil\mods\Cleaned Base Game Masters\Dragonborn.esm,Dragonborn.esm:019925,DLC2RRMorvaynManorScene04,defined,yes,Dragonborn.esm
CORE-2143,core,V03C,V03C-01,standard,Dragonborn.esm,D:\Wabbajack\modlists\Anvil\mods\Cleaned Base Game Masters\Dragonborn.esm,Dragonborn.esm:019927,DLC2RRMorvaynManorScene05,defined,yes,Dragonborn.esm
CORE-2144,core,V03C,V03C-01,standard,Dragonborn.esm,D:\Wabbajack\modlists\Anvil\mods\Cleaned Base Game Masters\Dragonborn.esm,Dragonborn.esm:019929,DLC2RRMorvaynManorScene06,defined,yes,Dragonborn.esm
CORE-2145,core,V03C,V03C-01,standard,Dragonborn.esm,D:\Wabbajack\modlists\Anvil\mods\Cleaned Base Game Masters\Dragonborn.esm,Dragonborn.esm:01992B,DLC2RRTempleScene01,defined,yes,Dragonborn.esm
CORE-2146,core,V03C,V03C-01,standard,Dragonborn.esm,D:\Wabbajack\modlists\Anvil\mods\Cleaned Base Game Masters\Dragonborn.esm,Dragonborn.esm:01992D,DLC2RRTempleScene02,defined,yes,Dragonborn.esm
CORE-2147,core,V03C,V03C-01,standard,Dragonborn.esm,D:\Wabbajack\modlists\Anvil\mods\Cleaned Base Game Masters\Dragonborn.esm,Dragonborn.esm:01992F,DLC2RRAlorHouseScene01,defined,yes,Dragonborn.esm
CORE-2148,core,V03C,V03C-01,standard,Dragonborn.esm,D:\Wabbajack\modlists\Anvil\mods\Cleaned Base Game Masters\Dragonborn.esm,Dragonborn.esm:019931,DLC2RRAlorHouseScene02,defined,yes,Dragonborn.esm
CORE-2149,core,V03C,V03C-01,standard,Dragonborn.esm,D:\Wabbajack\modlists\Anvil\mods\Cleaned Base Game Masters\Dragonborn.esm,Dragonborn.esm:019933,DLC2RRTempleScene03,defined,yes,Dragonborn.esm
CORE-2150,core,V03C,V03C-01,standard,Dragonborn.esm,D:\Wabbajack\modlists\Anvil\mods\Cleaned Base Game Masters\Dragonborn.esm,Dragonborn.esm:019935,DLC2RRCresciusHouseScene01,defined,yes,Dragonborn.esm
CORE-2151,core,V03C,V03C-01,standard,Dragonborn.esm,D:\Wabbajack\modlists\Anvil\mods\Cleaned Base Game Masters\Dragonborn.esm,Dragonborn.esm:019937,DLC2RRCresciusHouseScene02,defined,yes,Dragonborn.esm
CORE-2152,core,V03C,V03C-01,standard,Dragonborn.esm,D:\Wabbajack\modlists\Anvil\mods\Cleaned Base Game Masters\Dragonborn.esm,Dragonborn.esm:019939,DLC2RRSeverinManorScene01,defined,yes,Dragonborn.esm
CORE-2153,core,V03C,V03C-01,standard,Dragonborn.esm,D:\Wabbajack\modlists\Anvil\mods\Cleaned Base Game Masters\Dragonborn.esm,Dragonborn.esm:01993B,DLC2RRSeverinManorScene02,defined,yes,Dragonborn.esm
CORE-2154,core,V03C,V03C-01,standard,Dragonborn.esm,D:\Wabbajack\modlists\Anvil\mods\Cleaned Base Game Masters\Dragonborn.esm,Dragonborn.esm:01993D,DLC2RRSeverinManorScene03,defined,yes,Dragonborn.esm
CORE-2155,core,V03C,V03C-01,standard,Dragonborn.esm,D:\Wabbajack\modlists\Anvil\mods\Cleaned Base Game Masters\Dragonborn.esm,Dragonborn.esm:01993F,DLC2RRAnyLocScene15,defined,yes,Dragonborn.esm
CORE-2156,core,V03C,V03C-01,standard,Dragonborn.esm,D:\Wabbajack\modlists\Anvil\mods\Cleaned Base Game Masters\Dragonborn.esm,Dragonborn.esm:019941,DLC2RRIenthFarmScene02,defined,yes,Dragonborn.esm
CORE-2157,core,V03C,V03C-01,standard,Dragonborn.esm,D:\Wabbajack\modlists\Anvil\mods\Cleaned Base Game Masters\Dragonborn.esm,Dragonborn.esm:019943,DLC2RRNetchScene01,defined,yes,Dragonborn.esm
CORE-2158,core,V03C,V03C-01,standard,Dragonborn.esm,D:\Wabbajack\modlists\Anvil\mods\Cleaned Base Game Masters\Dragonborn.esm,Dragonborn.esm:019945,DLC2RRNetchScene02,defined,yes,Dragonborn.esm
CORE-2159,core,V03C,V03C-01,standard,Dragonborn.esm,D:\Wabbajack\modlists\Anvil\mods\Cleaned Base Game Masters\Dragonborn.esm,Dragonborn.esm:019947,DLC2RRNetchScene03,defined,yes,Dragonborn.esm
CORE-2160,core,V03C,V03C-01,standard,Dragonborn.esm,D:\Wabbajack\modlists\Anvil\mods\Cleaned Base Game Masters\Dragonborn.esm,Dragonborn.esm:019949,DLC2RRNetchScene04,defined,yes,Dragonborn.esm
CORE-2161,core,V03C,V03C-01,standard,Dragonborn.esm,D:\Wabbajack\modlists\Anvil\mods\Cleaned Base Game Masters\Dragonborn.esm,Dragonborn.esm:01994B,DLC2RRNetchScene05,defined,yes,Dragonborn.esm
CORE-2162,core,V03C,V03C-01,standard,Dragonborn.esm,D:\Wabbajack\modlists\Anvil\mods\Cleaned Base Game Masters\Dragonborn.esm,Dragonborn.esm:01994D,DLC2RRNetchScene06,defined,yes,Dragonborn.esm
CORE-2163,core,V03C,V03C-01,standard,Dragonborn.esm,D:\Wabbajack\modlists\Anvil\mods\Cleaned Base Game Masters\Dragonborn.esm,Dragonborn.esm:01994F,DLC2RRNetchScene07,defined,yes,Dragonborn.esm
CORE-2164,core,V03C,V03C-01,standard,Dragonborn.esm,D:\Wabbajack\modlists\Anvil\mods\Cleaned Base Game Masters\Dragonborn.esm,Dragonborn.esm:019B49,DLC2DialogueSkaalVillage,defined,yes,Dragonborn.esm
CORE-2165,core,V03C,V03C-01,existing-core-row,Dragonborn.esm,D:\Wabbajack\modlists\Anvil\mods\Cleaned Base Game Masters\Dragonborn.esm,Dragonborn.esm:019B4A,DLC2SV01,defined,yes,Dragonborn.esm
CORE-2166,core,V03C,V03C-01,standard,Dragonborn.esm,D:\Wabbajack\modlists\Anvil\mods\Cleaned Base Game Masters\Dragonborn.esm,Dragonborn.esm:019C32,DLC2RRAnyLocScene01,defined,yes,Dragonborn.esm
CORE-2167,core,V03C,V03C-01,standard,Dragonborn.esm,D:\Wabbajack\modlists\Anvil\mods\Cleaned Base Game Masters\Dragonborn.esm,Dragonborn.esm:019C34,DLC2RRAnyLocScene02,defined,yes,Dragonborn.esm
CORE-2168,core,V03C,V03C-01,standard,Dragonborn.esm,D:\Wabbajack\modlists\Anvil\mods\Cleaned Base Game Masters\Dragonborn.esm,Dragonborn.esm:019C36,DLC2RRAnyLocScene03,defined,yes,Dragonborn.esm
CORE-2169,core,V03C,V03C-01,standard,Dragonborn.esm,D:\Wabbajack\modlists\Anvil\mods\Cleaned Base Game Masters\Dragonborn.esm,Dragonborn.esm:019C38,DLC2RRAnyLocScene04,defined,yes,Dragonborn.esm
CORE-2170,core,V03C,V03C-01,standard,Dragonborn.esm,D:\Wabbajack\modlists\Anvil\mods\Cleaned Base Game Masters\Dragonborn.esm,Dragonborn.esm:019C3A,DLC2RRAnyLocScene05,defined,yes,Dragonborn.esm
CORE-2171,core,V03C,V03C-01,standard,Dragonborn.esm,D:\Wabbajack\modlists\Anvil\mods\Cleaned Base Game Masters\Dragonborn.esm,Dragonborn.esm:019C3C,DLC2RRAnyLocScene06,defined,yes,Dragonborn.esm
CORE-2172,core,V03C,V03C-01,standard,Dragonborn.esm,D:\Wabbajack\modlists\Anvil\mods\Cleaned Base Game Masters\Dragonborn.esm,Dragonborn.esm:019C3E,DLC2RRAnyLocScene07,defined,yes,Dragonborn.esm
CORE-2173,core,V03C,V03C-01,standard,Dragonborn.esm,D:\Wabbajack\modlists\Anvil\mods\Cleaned Base Game Masters\Dragonborn.esm,Dragonborn.esm:019C40,DLC2RRAnyLocScene08,defined,yes,Dragonborn.esm
CORE-2174,core,V03C,V03C-01,standard,Dragonborn.esm,D:\Wabbajack\modlists\Anvil\mods\Cleaned Base Game Masters\Dragonborn.esm,Dragonborn.esm:019C42,DLC2RRAnyLocScene09,defined,yes,Dragonborn.esm
CORE-2175,core,V03C,V03C-01,standard,Dragonborn.esm,D:\Wabbajack\modlists\Anvil\mods\Cleaned Base Game Masters\Dragonborn.esm,Dragonborn.esm:019C44,DLC2RRAnyLocScene10,defined,yes,Dragonborn.esm
CORE-2176,core,V03C,V03C-01,standard,Dragonborn.esm,D:\Wabbajack\modlists\Anvil\mods\Cleaned Base Game Masters\Dragonborn.esm,Dragonborn.esm:019C46,DLC2RRAnyLocScene11,defined,yes,Dragonborn.esm
CORE-2177,core,V03C,V03C-01,standard,Dragonborn.esm,D:\Wabbajack\modlists\Anvil\mods\Cleaned Base Game Masters\Dragonborn.esm,Dragonborn.esm:019C48,DLC2RRAnyLocScene12,defined,yes,Dragonborn.esm
CORE-2178,core,V03C,V03C-01,standard,Dragonborn.esm,D:\Wabbajack\modlists\Anvil\mods\Cleaned Base Game Masters\Dragonborn.esm,Dragonborn.esm:019C4B,DLC2RRBeggarScene,defined,yes,Dragonborn.esm
CORE-2179,core,V03C,V03C-01,standard,Dragonborn.esm,D:\Wabbajack\modlists\Anvil\mods\Cleaned Base Game Masters\Dragonborn.esm,Dragonborn.esm:019C4E,DLC2RRGuardDialogue,defined,yes,Dragonborn.esm
CORE-2180,core,V03C,V03C-01,existing-core-row,Dragonborn.esm,D:\Wabbajack\modlists\Anvil\mods\Cleaned Base Game Masters\Dragonborn.esm,Dragonborn.esm:01A50B,DLC2MH01,defined,yes,Dragonborn.esm
CORE-2181,core,V03C,V03C-01,existing-core-row,Dragonborn.esm,D:\Wabbajack\modlists\Anvil\mods\Cleaned Base Game Masters\Dragonborn.esm,Dragonborn.esm:01A50C,DLC2MH02,defined,yes,Dragonborn.esm
CORE-2182,core,V03C,V03C-01,standard,Dragonborn.esm,D:\Wabbajack\modlists\Anvil\mods\Cleaned Base Game Masters\Dragonborn.esm,Dragonborn.esm:01A523,DLC2MHRieklingHandler,defined,yes,Dragonborn.esm
CORE-2183,core,V03C,V03C-01,standard,Dragonborn.esm,D:\Wabbajack\modlists\Anvil\mods\Cleaned Base Game Masters\Dragonborn.esm,Dragonborn.esm:01A52F,DLC2DialogueThirskMeadHall,defined,yes,Dragonborn.esm
CORE-2184,core,V03C,V03C-01,standard,Dragonborn.esm,D:\Wabbajack\modlists\Anvil\mods\Cleaned Base Game Masters\Dragonborn.esm,Dragonborn.esm:01A53F,DLC2MHBujoldKuvarScene01,defined,yes,Dragonborn.esm
CORE-2185,core,V03C,V03C-01,standard,Dragonborn.esm,D:\Wabbajack\modlists\Anvil\mods\Cleaned Base Game Masters\Dragonborn.esm,Dragonborn.esm:01A541,DLC2MHBujoldKuvarScene02,defined,yes,Dragonborn.esm
CORE-2186,core,V03C,V03C-01,standard,Dragonborn.esm,D:\Wabbajack\modlists\Anvil\mods\Cleaned Base Game Masters\Dragonborn.esm,Dragonborn.esm:01A543,DLC2MHBujoldKuvarScene03,defined,yes,Dragonborn.esm
CORE-2187,core,V03C,V03C-01,standard,Dragonborn.esm,D:\Wabbajack\modlists\Anvil\mods\Cleaned Base Game Masters\Dragonborn.esm,Dragonborn.esm:01A545,DLC2MHBujoldHilundScene,defined,yes,Dragonborn.esm
CORE-2188,core,V03C,V03C-01,existing-core-row,Dragonborn.esm,D:\Wabbajack\modlists\Anvil\mods\Cleaned Base Game Masters\Dragonborn.esm,Dragonborn.esm:01AAB0,DLC2TTF1,defined,yes,Dragonborn.esm
CORE-2189,core,V03C,V03C-01,existing-core-row,Dragonborn.esm,D:\Wabbajack\modlists\Anvil\mods\Cleaned Base Game Masters\Dragonborn.esm,Dragonborn.esm:01AAC8,DLC2TTF2,defined,yes,Dragonborn.esm
CORE-2190,core,V03C,V03C-01,existing-core-row,Dragonborn.esm,D:\Wabbajack\modlists\Anvil\mods\Cleaned Base Game Masters\Dragonborn.esm,Dragonborn.esm:01B65D,DLC2TTR3a,defined,yes,Dragonborn.esm
CORE-2191,core,V03C,V03C-01,existing-core-row,Dragonborn.esm,D:\Wabbajack\modlists\Anvil\mods\Cleaned Base Game Masters\Dragonborn.esm,Dragonborn.esm:01B65F,DLC2TTR1,defined,yes,Dragonborn.esm
CORE-2192,core,V03C,V03C-01,existing-core-row,Dragonborn.esm,D:\Wabbajack\modlists\Anvil\mods\Cleaned Base Game Masters\Dragonborn.esm,Dragonborn.esm:01B664,DLC2TTR4a,defined,yes,Dragonborn.esm
CORE-2193,core,V03C,V03C-01,standard,Dragonborn.esm,D:\Wabbajack\modlists\Anvil\mods\Cleaned Base Game Masters\Dragonborn.esm,Dragonborn.esm:01BBF1,DLC2SVFanariTharstanScene01,defined,yes,Dragonborn.esm
CORE-2194,core,V03C,V03C-01,standard,Dragonborn.esm,D:\Wabbajack\modlists\Anvil\mods\Cleaned Base Game Masters\Dragonborn.esm,Dragonborn.esm:01BBF3,DLC2SVFanariTharstanScene02,defined,yes,Dragonborn.esm
CORE-2195,core,V03C,V03C-01,standard,Dragonborn.esm,D:\Wabbajack\modlists\Anvil\mods\Cleaned Base Game Masters\Dragonborn.esm,Dragonborn.esm:01BBF5,DLC2SVDeorWulfScene01,defined,yes,Dragonborn.esm
CORE-2196,core,V03C,V03C-01,standard,Dragonborn.esm,D:\Wabbajack\modlists\Anvil\mods\Cleaned Base Game Masters\Dragonborn.esm,Dragonborn.esm:01BBF7,DLC2SVOslafYrsaScene01,defined,yes,Dragonborn.esm
CORE-2197,core,V03C,V03C-01,standard,Dragonborn.esm,D:\Wabbajack\modlists\Anvil\mods\Cleaned Base Game Masters\Dragonborn.esm,Dragonborn.esm:01BBF9,DLC2SVMorwenTharstanScene01,defined,yes,Dragonborn.esm
CORE-2198,core,V03C,V03C-01,standard,Dragonborn.esm,D:\Wabbajack\modlists\Anvil\mods\Cleaned Base Game Masters\Dragonborn.esm,Dragonborn.esm:01BD10,DLC2TelMithrynNelothTalvasScene01,defined,yes,Dragonborn.esm
CORE-2199,core,V03C,V03C-01,standard,Dragonborn.esm,D:\Wabbajack\modlists\Anvil\mods\Cleaned Base Game Masters\Dragonborn.esm,Dragonborn.esm:01BD12,DLC2TelMithrynNelothTalvasScene02,defined,yes,Dragonborn.esm
CORE-2200,core,V03C,V03C-01,standard,Dragonborn.esm,D:\Wabbajack\modlists\Anvil\mods\Cleaned Base Game Masters\Dragonborn.esm,Dragonborn.esm:01BD14,DLC2TelMithrynNelothTalvasScene03,defined,yes,Dragonborn.esm
CORE-2201,core,V03C,V03C-01,standard,Dragonborn.esm,D:\Wabbajack\modlists\Anvil\mods\Cleaned Base Game Masters\Dragonborn.esm,Dragonborn.esm:01BD16,DLC2TelMithrynNelothTalvasScene04,defined,yes,Dragonborn.esm
CORE-2202,core,V03C,V03C-01,existing-core-row,Dragonborn.esm,D:\Wabbajack\modlists\Anvil\mods\Cleaned Base Game Masters\Dragonborn.esm,Dragonborn.esm:01BD18,DLC2TTR7,defined,yes,Dragonborn.esm
CORE-2203,core,V03C,V03C-01,standard,Dragonborn.esm,D:\Wabbajack\modlists\Anvil\mods\Cleaned Base Game Masters\Dragonborn.esm,Dragonborn.esm:01BD42,DLC2SVOslafAetaScene01,defined,yes,Dragonborn.esm
CORE-2204,core,V03C,V03C-01,standard,Dragonborn.esm,D:\Wabbajack\modlists\Anvil\mods\Cleaned Base Game Masters\Dragonborn.esm,Dragonborn.esm:01BD44,DLC2SVEdlaNikulasScene01,defined,yes,Dragonborn.esm
CORE-2205,core,V03C,V03C-01,standard,Dragonborn.esm,D:\Wabbajack\modlists\Anvil\mods\Cleaned Base Game Masters\Dragonborn.esm,Dragonborn.esm:01BD47,DLC2SVDeorWulfScene02,defined,yes,Dragonborn.esm
CORE-2206,core,V03C,V03C-01,standard,Dragonborn.esm,D:\Wabbajack\modlists\Anvil\mods\Cleaned Base Game Masters\Dragonborn.esm,Dragonborn.esm:01BFE9,DLC2RR00,defined,yes,Dragonborn.esm
CORE-2207,core,V03C,V03C-01,standard,Dragonborn.esm,D:\Wabbajack\modlists\Anvil\mods\Cleaned Base Game Masters\Dragonborn.esm,Dragonborn.esm:01C05C,DLC2TTR5,defined,yes,Dragonborn.esm
CORE-2208,core,V03C,V03C-01,standard,Dragonborn.esm,D:\Wabbajack\modlists\Anvil\mods\Cleaned Base Game Masters\Dragonborn.esm,Dragonborn.esm:01C06E,DLC2TTR2,defined,yes,Dragonborn.esm
CORE-2209,core,V03C,V03C-01,standard,Dragonborn.esm,D:\Wabbajack\modlists\Anvil\mods\Cleaned Base Game Masters\Dragonborn.esm,Dragonborn.esm:01C4E4,DLC2Pillar,defined,yes,Dragonborn.esm
CORE-2210,core,V03C,V03C-01,existing-core-row,Dragonborn.esm,D:\Wabbajack\modlists\Anvil\mods\Cleaned Base Game Masters\Dragonborn.esm,Dragonborn.esm:01CAF1,DLC2SV02,defined,yes,Dragonborn.esm
CORE-2211,core,V03C,V03C-01,existing-core-row,Dragonborn.esm,D:\Wabbajack\modlists\Anvil\mods\Cleaned Base Game Masters\Dragonborn.esm,Dragonborn.esm:01CDE1,DLC2TTR4b,defined,yes,Dragonborn.esm
CORE-2212,core,V03C,V03C-01,standard,Dragonborn.esm,D:\Wabbajack\modlists\Anvil\mods\Cleaned Base Game Masters\Dragonborn.esm,Dragonborn.esm:01D4CD,DLC2dunNchardakReset,defined,yes,Dragonborn.esm
CORE-2213,core,V03C,V03C-01,existing-core-row,Dragonborn.esm,D:\Wabbajack\modlists\Anvil\mods\Cleaned Base Game Masters\Dragonborn.esm,Dragonborn.esm:01D8D1,DLC2TTR3b,defined,yes,Dragonborn.esm
CORE-2214,core,V03C,V03C-01,standard,Dragonborn.esm,D:\Wabbajack\modlists\Anvil\mods\Cleaned Base Game Masters\Dragonborn.esm,Dragonborn.esm:01D98F,DLC2MH01PostQuest,defined,yes,Dragonborn.esm
CORE-2215,core,V03C,V03C-01,standard,Dragonborn.esm,D:\Wabbajack\modlists\Anvil\mods\Cleaned Base Game Masters\Dragonborn.esm,Dragonborn.esm:01E169,DLC2SV02Misc,defined,yes,Dragonborn.esm
CORE-2216,core,V03C,V03C-01,standard,Dragonborn.esm,D:\Wabbajack\modlists\Anvil\mods\Cleaned Base Game Masters\Dragonborn.esm,Dragonborn.esm:01F13B,DLC2TTR8,defined,yes,Dragonborn.esm
CORE-2217,core,V03C,V03C-01,standard,Dragonborn.esm,D:\Wabbajack\modlists\Anvil\mods\Cleaned Base Game Masters\Dragonborn.esm,Dragonborn.esm:01F17A,CreatureDialogueScribx,defined,yes,Dragonborn.esm
CORE-2218,core,V03C,V03C-01,standard,Dragonborn.esm,D:\Wabbajack\modlists\Anvil\mods\Cleaned Base Game Masters\Dragonborn.esm,Dragonborn.esm:01F909,DLC2TelMithrynVaronaElyneaScene01,defined,yes,Dragonborn.esm
CORE-2219,core,V03C,V03C-01,standard,Dragonborn.esm,D:\Wabbajack\modlists\Anvil\mods\Cleaned Base Game Masters\Dragonborn.esm,Dragonborn.esm:01F90B,DLC2TelMithrynVaronaElyneaScene02,defined,yes,Dragonborn.esm
CORE-2220,core,V03C,V03C-01,standard,Dragonborn.esm,D:\Wabbajack\modlists\Anvil\mods\Cleaned Base Game Masters\Dragonborn.esm,Dragonborn.esm:01F90D,DLC2TelMithrynVaronaUlvesScene02,defined,yes,Dragonborn.esm
CORE-2221,core,V03C,V03C-01,standard,Dragonborn.esm,D:\Wabbajack\modlists\Anvil\mods\Cleaned Base Game Masters\Dragonborn.esm,Dragonborn.esm:01F90E,DLC2TelMithrynVaronaUlvesScene01,defined,yes,Dragonborn.esm
CORE-2222,core,V03C,V03C-01,standard,Dragonborn.esm,D:\Wabbajack\modlists\Anvil\mods\Cleaned Base Game Masters\Dragonborn.esm,Dragonborn.esm:01F913,DLC2TelMithrynVaronaNelothScene01,defined,yes,Dragonborn.esm
CORE-2223,core,V03C,V03C-01,standard,Dragonborn.esm,D:\Wabbajack\modlists\Anvil\mods\Cleaned Base Game Masters\Dragonborn.esm,Dragonborn.esm:01F915,DLC2TelMithrynVaronaNelothScene02,defined,yes,Dragonborn.esm
CORE-2224,core,V03C,V03C-01,standard,Dragonborn.esm,D:\Wabbajack\modlists\Anvil\mods\Cleaned Base Game Masters\Dragonborn.esm,Dragonborn.esm:01F917,DLC2TelMithrynVaronaTalvasScene01,defined,yes,Dragonborn.esm
CORE-2225,core,V03C,V03C-01,standard,Dragonborn.esm,D:\Wabbajack\modlists\Anvil\mods\Cleaned Base Game Masters\Dragonborn.esm,Dragonborn.esm:01F919,DLC2TelMithrynVaronaTalvasScene02,defined,yes,Dragonborn.esm
CORE-2226,core,V03C,V03C-01,standard,Dragonborn.esm,D:\Wabbajack\modlists\Anvil\mods\Cleaned Base Game Masters\Dragonborn.esm,Dragonborn.esm:01F980,DLC2WE01,defined,yes,Dragonborn.esm
CORE-2227,core,V03C,V03C-01,standard,Dragonborn.esm,D:\Wabbajack\modlists\Anvil\mods\Cleaned Base Game Masters\Dragonborn.esm,Dragonborn.esm:01F981,DLC2WE02,defined,yes,Dragonborn.esm
CORE-2228,core,V03C,V03C-01,standard,Dragonborn.esm,D:\Wabbajack\modlists\Anvil\mods\Cleaned Base Game Masters\Dragonborn.esm,Dragonborn.esm:01F989,DLC2WE03,defined,yes,Dragonborn.esm
CORE-2229,core,V03C,V03C-01,standard,Dragonborn.esm,D:\Wabbajack\modlists\Anvil\mods\Cleaned Base Game Masters\Dragonborn.esm,Dragonborn.esm:01F98C,DLC2WE04,defined,yes,Dragonborn.esm
CORE-2230,core,V03C,V03C-01,standard,Dragonborn.esm,D:\Wabbajack\modlists\Anvil\mods\Cleaned Base Game Masters\Dragonborn.esm,Dragonborn.esm:01F9E6,DLC2dunFrostmoonQST,defined,yes,Dragonborn.esm
CORE-2231,core,V03C,V03C-01,standard,Dragonborn.esm,D:\Wabbajack\modlists\Anvil\mods\Cleaned Base Game Masters\Dragonborn.esm,Dragonborn.esm:0200D8,DLC2SoulSteal,defined,yes,Dragonborn.esm
CORE-2232,core,V03C,V03C-01,standard,Dragonborn.esm,D:\Wabbajack\modlists\Anvil\mods\Cleaned Base Game Masters\Dragonborn.esm,Dragonborn.esm:020768,CreatureDialogueFishman,defined,yes,Dragonborn.esm
CORE-2233,core,V03C,V03C-01,standard,Dragonborn.esm,D:\Wabbajack\modlists\Anvil\mods\Cleaned Base Game Masters\Dragonborn.esm,Dragonborn.esm:0208CC,DLC2ThirskRieklingSpawner,defined,yes,Dragonborn.esm
CORE-2234,core,V03C,V03C-01,standard,Dragonborn.esm,D:\Wabbajack\modlists\Anvil\mods\Cleaned Base Game Masters\Dragonborn.esm,Dragonborn.esm:0208DA,DLC2MH02PostQuest,defined,yes,Dragonborn.esm
CORE-2235,core,V03C,V03C-01,existing-core-row,Dragonborn.esm,D:\Wabbajack\modlists\Anvil\mods\Cleaned Base Game Masters\Dragonborn.esm,Dragonborn.esm:0209AE,DLC2WB01,defined,yes,Dragonborn.esm
CORE-2236,core,V03C,V03C-01,standard,Dragonborn.esm,D:\Wabbajack\modlists\Anvil\mods\Cleaned Base Game Masters\Dragonborn.esm,Dragonborn.esm:020A1C,DLC2RR03Intro,defined,yes,Dragonborn.esm
CORE-2237,core,V03C,V03C-01,standard,Dragonborn.esm,D:\Wabbajack\modlists\Anvil\mods\Cleaned Base Game Masters\Dragonborn.esm,Dragonborn.esm:020FBE,DLC2WE00,defined,yes,Dragonborn.esm
CORE-2238,core,V03C,V03C-01,standard,Dragonborn.esm,D:\Wabbajack\modlists\Anvil\mods\Cleaned Base Game Masters\Dragonborn.esm,Dragonborn.esm:020FC0,DLC2WE05,defined,yes,Dragonborn.esm
CORE-2239,core,V03C,V03C-01,standard,Dragonborn.esm,D:\Wabbajack\modlists\Anvil\mods\Cleaned Base Game Masters\Dragonborn.esm,Dragonborn.esm:0214CC,DLC2SVBaldorMorwenScene01,defined,yes,Dragonborn.esm
CORE-2240,core,V03C,V03C-01,standard,Dragonborn.esm,D:\Wabbajack\modlists\Anvil\mods\Cleaned Base Game Masters\Dragonborn.esm,Dragonborn.esm:0214CE,DLC2SVBaldorMorwenScene02,defined,yes,Dragonborn.esm
CORE-2241,core,V03C,V03C-01,standard,Dragonborn.esm,D:\Wabbajack\modlists\Anvil\mods\Cleaned Base Game Masters\Dragonborn.esm,Dragonborn.esm:0214D0,DLC2SVBaldorMorwenScene03,defined,yes,Dragonborn.esm
CORE-2242,core,V03C,V03C-01,standard,Dragonborn.esm,D:\Wabbajack\modlists\Anvil\mods\Cleaned Base Game Masters\Dragonborn.esm,Dragonborn.esm:0214D2,DLC2SVOslafFinnaScene01,defined,yes,Dragonborn.esm
CORE-2243,core,V03C,V03C-01,standard,Dragonborn.esm,D:\Wabbajack\modlists\Anvil\mods\Cleaned Base Game Masters\Dragonborn.esm,Dragonborn.esm:0214D4,DLC2SVOslafFinnaScene02,defined,yes,Dragonborn.esm
CORE-2244,core,V03C,V03C-01,standard,Dragonborn.esm,D:\Wabbajack\modlists\Anvil\mods\Cleaned Base Game Masters\Dragonborn.esm,Dragonborn.esm:0214D6,DLC2SVDeorWulfScene03,defined,yes,Dragonborn.esm
CORE-2245,core,V03C,V03C-01,standard,Dragonborn.esm,D:\Wabbajack\modlists\Anvil\mods\Cleaned Base Game Masters\Dragonborn.esm,Dragonborn.esm:0214D8,DLC2SVDeorYrsaScene01,defined,yes,Dragonborn.esm
CORE-2246,core,V03C,V03C-01,standard,Dragonborn.esm,D:\Wabbajack\modlists\Anvil\mods\Cleaned Base Game Masters\Dragonborn.esm,Dragonborn.esm:0214DA,DLC2SVDeorYrsaScene02,defined,yes,Dragonborn.esm
CORE-2247,core,V03C,V03C-01,standard,Dragonborn.esm,D:\Wabbajack\modlists\Anvil\mods\Cleaned Base Game Masters\Dragonborn.esm,Dragonborn.esm:024002,DLC2dunHaknirTreasureQST,defined,yes,Dragonborn.esm
CORE-2248,core,V03C,V03C-01,standard,Dragonborn.esm,D:\Wabbajack\modlists\Anvil\mods\Cleaned Base Game Masters\Dragonborn.esm,Dragonborn.esm:024137,DLC2DialogueThirskMeadHallAfterRieklings,defined,yes,Dragonborn.esm
CORE-2249,core,V03C,V03C-01,standard,Dragonborn.esm,D:\Wabbajack\modlists\Anvil\mods\Cleaned Base Game Masters\Dragonborn.esm,Dragonborn.esm:0247F8,DLC2dunKarstaagQST,defined,yes,Dragonborn.esm
CORE-2250,core,V03C,V03C-01,standard,Dragonborn.esm,D:\Wabbajack\modlists\Anvil\mods\Cleaned Base Game Masters\Dragonborn.esm,Dragonborn.esm:024C30,CreatureDialogueNetch,defined,yes,Dragonborn.esm
CORE-2251,core,V03C,V03C-01,standard,Dragonborn.esm,D:\Wabbajack\modlists\Anvil\mods\Cleaned Base Game Masters\Dragonborn.esm,Dragonborn.esm:024C3F,CreatureDialogueBristleback,defined,yes,Dragonborn.esm
CORE-2252,core,V03C,V03C-01,standard,Dragonborn.esm,D:\Wabbajack\modlists\Anvil\mods\Cleaned Base Game Masters\Dragonborn.esm,Dragonborn.esm:024CAC,DLC2DialogueBandits,defined,yes,Dragonborn.esm
CORE-2253,core,V03C,V03C-01,existing-core-row,Dragonborn.esm,D:\Wabbajack\modlists\Anvil\mods\Cleaned Base Game Masters\Dragonborn.esm,Dragonborn.esm:024DDE,DLC2RRFavor01,defined,yes,Dragonborn.esm
CORE-2254,core,V03C,V03C-01,existing-core-row,Dragonborn.esm,D:\Wabbajack\modlists\Anvil\mods\Cleaned Base Game Masters\Dragonborn.esm,Dragonborn.esm:024DE7,DLC2RRFavor02,defined,yes,Dragonborn.esm
CORE-2255,core,V03C,V03C-01,standard,Dragonborn.esm,D:\Wabbajack\modlists\Anvil\mods\Cleaned Base Game Masters\Dragonborn.esm,Dragonborn.esm:024DFC,DLC2RRFavor03,defined,yes,Dragonborn.esm
CORE-2256,core,V03C,V03C-01,existing-core-row,Dragonborn.esm,D:\Wabbajack\modlists\Anvil\mods\Cleaned Base Game Masters\Dragonborn.esm,Dragonborn.esm:024E04,DLC2RRFavor04,defined,yes,Dragonborn.esm
CORE-2257,core,V03C,V03C-01,standard,Dragonborn.esm,D:\Wabbajack\modlists\Anvil\mods\Cleaned Base Game Masters\Dragonborn.esm,Dragonborn.esm:024FA8,DLC2RRFavor05,defined,yes,Dragonborn.esm
CORE-2258,core,V03C,V03C-01,standard,Dragonborn.esm,D:\Wabbajack\modlists\Anvil\mods\Cleaned Base Game Masters\Dragonborn.esm,Dragonborn.esm:024FAD,DLC2RRFavor06,defined,yes,Dragonborn.esm
CORE-2259,core,V03C,V03C-01,standard,Dragonborn.esm,D:\Wabbajack\modlists\Anvil\mods\Cleaned Base Game Masters\Dragonborn.esm,Dragonborn.esm:0251F3,DLC2MHElmusKuvarScene01,defined,yes,Dragonborn.esm
CORE-2260,core,V03C,V03C-01,standard,Dragonborn.esm,D:\Wabbajack\modlists\Anvil\mods\Cleaned Base Game Masters\Dragonborn.esm,Dragonborn.esm:0251F5,DLC2MHElmusKuvarScene02,defined,yes,Dragonborn.esm
CORE-2261,core,V03C,V03C-01,standard,Dragonborn.esm,D:\Wabbajack\modlists\Anvil\mods\Cleaned Base Game Masters\Dragonborn.esm,Dragonborn.esm:0251F7,DLC2MHBujoldElmusScene01,defined,yes,Dragonborn.esm
CORE-2262,core,V03C,V03C-01,standard,Dragonborn.esm,D:\Wabbajack\modlists\Anvil\mods\Cleaned Base Game Masters\Dragonborn.esm,Dragonborn.esm:0251F9,DLC2MHKuvarHilundScene01,defined,yes,Dragonborn.esm
CORE-2263,core,V03C,V03C-01,standard,Dragonborn.esm,D:\Wabbajack\modlists\Anvil\mods\Cleaned Base Game Masters\Dragonborn.esm,Dragonborn.esm:0251FC,DLC2MHBujoldElmusReclaimScene01,defined,yes,Dragonborn.esm
CORE-2264,core,V03C,V03C-01,standard,Dragonborn.esm,D:\Wabbajack\modlists\Anvil\mods\Cleaned Base Game Masters\Dragonborn.esm,Dragonborn.esm:0251FE,DLC2MHBujoldHilundReclaimScene01,defined,yes,Dragonborn.esm
CORE-2265,core,V03C,V03C-01,standard,Dragonborn.esm,D:\Wabbajack\modlists\Anvil\mods\Cleaned Base Game Masters\Dragonborn.esm,Dragonborn.esm:025200,DLC2MHBujoldKuvarReclaimScene01,defined,yes,Dragonborn.esm
CORE-2266,core,V03C,V03C-01,standard,Dragonborn.esm,D:\Wabbajack\modlists\Anvil\mods\Cleaned Base Game Masters\Dragonborn.esm,Dragonborn.esm:025202,DLC2MHBujoldKuvarReclaimScene02,defined,yes,Dragonborn.esm
CORE-2267,core,V03C,V03C-01,standard,Dragonborn.esm,D:\Wabbajack\modlists\Anvil\mods\Cleaned Base Game Masters\Dragonborn.esm,Dragonborn.esm:025204,DLC2MHBujoldKuvarReclaimScene03,defined,yes,Dragonborn.esm
CORE-2268,core,V03C,V03C-01,standard,Dragonborn.esm,D:\Wabbajack\modlists\Anvil\mods\Cleaned Base Game Masters\Dragonborn.esm,Dragonborn.esm:025208,DLC2MHKuvarHilundReclaimScene01,defined,yes,Dragonborn.esm
CORE-2269,core,V03C,V03C-01,standard,Dragonborn.esm,D:\Wabbajack\modlists\Anvil\mods\Cleaned Base Game Masters\Dragonborn.esm,Dragonborn.esm:02520A,DLC2MHElmusKuvarReclaimScene01,defined,yes,Dragonborn.esm
CORE-2270,core,V03C,V03C-01,standard,Dragonborn.esm,D:\Wabbajack\modlists\Anvil\mods\Cleaned Base Game Masters\Dragonborn.esm,Dragonborn.esm:025813,DLC2RRAnyLocScene13,defined,yes,Dragonborn.esm
CORE-2271,core,V03C,V03C-01,standard,Dragonborn.esm,D:\Wabbajack\modlists\Anvil\mods\Cleaned Base Game Masters\Dragonborn.esm,Dragonborn.esm:025815,DLC2RRAnyLocScene14,defined,yes,Dragonborn.esm
CORE-2272,core,V03C,V03C-01,standard,Dragonborn.esm,D:\Wabbajack\modlists\Anvil\mods\Cleaned Base Game Masters\Dragonborn.esm,Dragonborn.esm:025817,DLC2RRAnyLocScene16,defined,yes,Dragonborn.esm
CORE-2273,core,V03C,V03C-01,standard,Dragonborn.esm,D:\Wabbajack\modlists\Anvil\mods\Cleaned Base Game Masters\Dragonborn.esm,Dragonborn.esm:025819,DLC2RRAnyLocScene17,defined,yes,Dragonborn.esm
CORE-2274,core,V03C,V03C-01,standard,Dragonborn.esm,D:\Wabbajack\modlists\Anvil\mods\Cleaned Base Game Masters\Dragonborn.esm,Dragonborn.esm:02581B,DLC2RRTempleScene04,defined,yes,Dragonborn.esm
CORE-2275,core,V03C,V03C-01,standard,Dragonborn.esm,D:\Wabbajack\modlists\Anvil\mods\Cleaned Base Game Masters\Dragonborn.esm,Dragonborn.esm:025ACC,DLC2RRTempleScene05,defined,yes,Dragonborn.esm
CORE-2276,core,V03C,V03C-01,standard,Dragonborn.esm,D:\Wabbajack\modlists\Anvil\mods\Cleaned Base Game Masters\Dragonborn.esm,Dragonborn.esm:026242,DLC2MQ00,defined,yes,Dragonborn.esm
CORE-2277,core,V03C,V03C-01,standard,Dragonborn.esm,D:\Wabbajack\modlists\Anvil\mods\Cleaned Base Game Masters\Dragonborn.esm,Dragonborn.esm:02648D,DLC2BlackBookRewards,defined,yes,Dragonborn.esm
CORE-2278,core,V03C,V03C-01,standard,Dragonborn.esm,D:\Wabbajack\modlists\Anvil\mods\Cleaned Base Game Masters\Dragonborn.esm,Dragonborn.esm:02667E,DLC2dunKolbjornMiscQST,defined,yes,Dragonborn.esm
CORE-2279,core,V03C,V03C-01,standard,Dragonborn.esm,D:\Wabbajack\modlists\Anvil\mods\Cleaned Base Game Masters\Dragonborn.esm,Dragonborn.esm:0271E5,DLC2DialogueRavenRockRumors,defined,yes,Dragonborn.esm
CORE-2280,core,V03C,V03C-01,standard,Dragonborn.esm,D:\Wabbajack\modlists\Anvil\mods\Cleaned Base Game Masters\Dragonborn.esm,Dragonborn.esm:027282,DLC2BloodskalBladeQST,defined,yes,Dragonborn.esm
CORE-2281,core,V03C,V03C-01,standard,Dragonborn.esm,D:\Wabbajack\modlists\Anvil\mods\Cleaned Base Game Masters\Dragonborn.esm,Dragonborn.esm:0277E8,DLC2dunKolbjornPhase1TrackingQST,defined,yes,Dragonborn.esm
CORE-2282,core,V03C,V03C-01,standard,Dragonborn.esm,D:\Wabbajack\modlists\Anvil\mods\Cleaned Base Game Masters\Dragonborn.esm,Dragonborn.esm:0277E9,DLC2dunKolbjornPhase2TrackingQST,defined,yes,Dragonborn.esm
CORE-2283,core,V03C,V03C-01,standard,Dragonborn.esm,D:\Wabbajack\modlists\Anvil\mods\Cleaned Base Game Masters\Dragonborn.esm,Dragonborn.esm:0277EA,DLC2dunKolbjornPhase3TrackingQST,defined,yes,Dragonborn.esm
CORE-2284,core,V03C,V03C-01,standard,Dragonborn.esm,D:\Wabbajack\modlists\Anvil\mods\Cleaned Base Game Masters\Dragonborn.esm,Dragonborn.esm:027826,DLC2WaterStoneSailAwayQuest,defined,yes,Dragonborn.esm
CORE-2285,core,V03C,V03C-01,standard,Dragonborn.esm,D:\Wabbajack\modlists\Anvil\mods\Cleaned Base Game Masters\Dragonborn.esm,Dragonborn.esm:02782F,DLC2DialogueWaterStone,defined,yes,Dragonborn.esm
CORE-2286,core,V03C,V03C-01,standard,Dragonborn.esm,D:\Wabbajack\modlists\Anvil\mods\Cleaned Base Game Masters\Dragonborn.esm,Dragonborn.esm:027A14,DLC2WE06,defined,yes,Dragonborn.esm
CORE-2287,core,V03C,V03C-01,standard,Dragonborn.esm,D:\Wabbajack\modlists\Anvil\mods\Cleaned Base Game Masters\Dragonborn.esm,Dragonborn.esm:027E15,DLC2SV02AncarionMerchant,defined,yes,Dragonborn.esm
CORE-2288,core,V03C,V03C-01,standard,Dragonborn.esm,D:\Wabbajack\modlists\Anvil\mods\Cleaned Base Game Masters\Dragonborn.esm,Dragonborn.esm:027E92,DLC2WE07,defined,yes,Dragonborn.esm
CORE-2289,core,V03C,V03C-01,standard,Dragonborn.esm,D:\Wabbajack\modlists\Anvil\mods\Cleaned Base Game Masters\Dragonborn.esm,Dragonborn.esm:027E9D,DLC2WE08,defined,yes,Dragonborn.esm
CORE-2290,core,V03C,V03C-01,standard,Dragonborn.esm,D:\Wabbajack\modlists\Anvil\mods\Cleaned Base Game Masters\Dragonborn.esm,Dragonborn.esm:027EC7,DLC2_dunMQ02,defined,yes,Dragonborn.esm
CORE-2291,core,V03C,V03C-01,standard,Dragonborn.esm,D:\Wabbajack\modlists\Anvil\mods\Cleaned Base Game Masters\Dragonborn.esm,Dragonborn.esm:028664,DLC2PillarDestroyed,defined,yes,Dragonborn.esm
CORE-2292,core,V03C,V03C-01,standard,Dragonborn.esm,D:\Wabbajack\modlists\Anvil\mods\Cleaned Base Game Masters\Dragonborn.esm,Dragonborn.esm:02871F,DLC2MQ05SkaalSceneFiller,defined,yes,Dragonborn.esm
CORE-2293,core,V03C,V03C-01,standard,Dragonborn.esm,D:\Wabbajack\modlists\Anvil\mods\Cleaned Base Game Masters\Dragonborn.esm,Dragonborn.esm:029EFF,DLC2dunInstrumentalQST,defined,yes,Dragonborn.esm
CORE-2294,core,V03C,V03C-01,standard,Dragonborn.esm,D:\Wabbajack\modlists\Anvil\mods\Cleaned Base Game Masters\Dragonborn.esm,Dragonborn.esm:02A86C,DLC2dunTT2,defined,yes,Dragonborn.esm
CORE-2295,core,V03C,V03C-01,standard,Dragonborn.esm,D:\Wabbajack\modlists\Anvil\mods\Cleaned Base Game Masters\Dragonborn.esm,Dragonborn.esm:02AD26,DLC2TGQuest,defined,yes,Dragonborn.esm
CORE-2296,core,V03C,V03C-01,standard,Dragonborn.esm,D:\Wabbajack\modlists\Anvil\mods\Cleaned Base Game Masters\Dragonborn.esm,Dragonborn.esm:02ADDA,DLC2RRArrivalScene,defined,yes,Dragonborn.esm
CORE-2297,core,V03C,V03C-01,standard,Dragonborn.esm,D:\Wabbajack\modlists\Anvil\mods\Cleaned Base Game Masters\Dragonborn.esm,Dragonborn.esm:02B992,DLC2RRNetchScene08,defined,yes,Dragonborn.esm
CORE-2298,core,V03C,V03C-01,standard,Dragonborn.esm,D:\Wabbajack\modlists\Anvil\mods\Cleaned Base Game Masters\Dragonborn.esm,Dragonborn.esm:02B994,DLC2RRNetchScene09,defined,yes,Dragonborn.esm
CORE-2299,core,V03C,V03C-01,standard,Dragonborn.esm,D:\Wabbajack\modlists\Anvil\mods\Cleaned Base Game Masters\Dragonborn.esm,Dragonborn.esm:02B997,DLC2RRNetchScene10,defined,yes,Dragonborn.esm
CORE-2300,core,V03C,V03C-01,standard,Dragonborn.esm,D:\Wabbajack\modlists\Anvil\mods\Cleaned Base Game Masters\Dragonborn.esm,Dragonborn.esm:02BA40,DLC2DialogueGenericUniqueVoices,defined,yes,Dragonborn.esm
CORE-2301,core,V03C,V03C-01,standard,Dragonborn.esm,D:\Wabbajack\modlists\Anvil\mods\Cleaned Base Game Masters\Dragonborn.esm,Dragonborn.esm:02BAB0,DLC2MHMisc,defined,yes,Dragonborn.esm
CORE-2302,core,V03C,V03C-01,standard,Dragonborn.esm,D:\Wabbajack\modlists\Anvil\mods\Cleaned Base Game Masters\Dragonborn.esm,Dragonborn.esm:02BAC6,DLC2RRFavor07,defined,yes,Dragonborn.esm
CORE-2303,core,V03C,V03C-01,standard,Dragonborn.esm,D:\Wabbajack\modlists\Anvil\mods\Cleaned Base Game Masters\Dragonborn.esm,Dragonborn.esm:02BC66,DLC2Services,defined,yes,Dragonborn.esm
CORE-2304,core,V03C,V03C-01,standard,Dragonborn.esm,D:\Wabbajack\modlists\Anvil\mods\Cleaned Base Game Masters\Dragonborn.esm,Dragonborn.esm:02C05D,DLC2DialogueSkaalVillage2,defined,yes,Dragonborn.esm
CORE-2305,core,V03C,V03C-01,standard,Dragonborn.esm,D:\Wabbajack\modlists\Anvil\mods\Cleaned Base Game Masters\Dragonborn.esm,Dragonborn.esm:02C05E,DLC2DialogueSkaalVillageGeneric,defined,yes,Dragonborn.esm
CORE-2306,core,V03C,V03C-01,standard,Dragonborn.esm,D:\Wabbajack\modlists\Anvil\mods\Cleaned Base Game Masters\Dragonborn.esm,Dragonborn.esm:02C0A5,DLC2DialogueCrimeGuards,defined,yes,Dragonborn.esm
CORE-2307,core,V03C,V03C-01,standard,Dragonborn.esm,D:\Wabbajack\modlists\Anvil\mods\Cleaned Base Game Masters\Dragonborn.esm,Dragonborn.esm:02C1E9,DLC2SiltStriderMerchantQuest,defined,yes,Dragonborn.esm
CORE-2308,core,V03C,V03C-01,existing-core-row,Dragonborn.esm,D:\Wabbajack\modlists\Anvil\mods\Cleaned Base Game Masters\Dragonborn.esm,Dragonborn.esm:02C49E,DLC2EbonyWarriorQuest,defined,yes,Dragonborn.esm
CORE-2309,core,V03C,V03C-01,standard,Dragonborn.esm,D:\Wabbajack\modlists\Anvil\mods\Cleaned Base Game Masters\Dragonborn.esm,Dragonborn.esm:02C8AA,DLC2SkaalVillageFreeform1,defined,yes,Dragonborn.esm
CORE-2310,core,V03C,V03C-01,existing-core-row,Dragonborn.esm,D:\Wabbajack\modlists\Anvil\mods\Cleaned Base Game Masters\Dragonborn.esm,Dragonborn.esm:03166D,DLC2KagrumezQST,defined,yes,Dragonborn.esm
CORE-2311,core,V03C,V03C-01,standard,Dragonborn.esm,D:\Wabbajack\modlists\Anvil\mods\Cleaned Base Game Masters\Dragonborn.esm,Dragonborn.esm:031787,DLC2SkaalVillageFreeform2,defined,yes,Dragonborn.esm
CORE-2312,core,V03C,V03C-01,existing-core-row,Dragonborn.esm,D:\Wabbajack\modlists\Anvil\mods\Cleaned Base Game Masters\Dragonborn.esm,Dragonborn.esm:03216C,DLC2BlackBook03Quest,defined,yes,Dragonborn.esm
CORE-2313,core,V03C,V03C-01,existing-core-row,Dragonborn.esm,D:\Wabbajack\modlists\Anvil\mods\Cleaned Base Game Masters\Dragonborn.esm,Dragonborn.esm:03216D,DLC2BlackBook05Quest,defined,yes,Dragonborn.esm
CORE-2314,core,V03C,V03C-01,existing-core-row,Dragonborn.esm,D:\Wabbajack\modlists\Anvil\mods\Cleaned Base Game Masters\Dragonborn.esm,Dragonborn.esm:03216E,DLC2BlackBook04Quest,defined,yes,Dragonborn.esm
CORE-2315,core,V03C,V03C-01,existing-core-row,Dragonborn.esm,D:\Wabbajack\modlists\Anvil\mods\Cleaned Base Game Masters\Dragonborn.esm,Dragonborn.esm:03216F,DLC2BlackBook06Quest,defined,yes,Dragonborn.esm
CORE-2316,core,V03C,V03C-01,existing-core-row,Dragonborn.esm,D:\Wabbajack\modlists\Anvil\mods\Cleaned Base Game Masters\Dragonborn.esm,Dragonborn.esm:032170,DLC2BlackBook07Quest,defined,yes,Dragonborn.esm
CORE-2317,core,V03C,V03C-01,standard,Dragonborn.esm,D:\Wabbajack\modlists\Anvil\mods\Cleaned Base Game Masters\Dragonborn.esm,Dragonborn.esm:0327AD,DLC2MQ02FreaTempleSceneQuest,defined,yes,Dragonborn.esm
CORE-2318,core,V03C,V03C-01,standard,Dragonborn.esm,D:\Wabbajack\modlists\Anvil\mods\Cleaned Base Game Masters\Dragonborn.esm,Dragonborn.esm:032897,DLC2DialogueGenericRieklings,defined,yes,Dragonborn.esm
CORE-2319,core,V03C,V03C-01,standard,Dragonborn.esm,D:\Wabbajack\modlists\Anvil\mods\Cleaned Base Game Masters\Dragonborn.esm,Dragonborn.esm:0331C0,DLC2WE09,defined,yes,Dragonborn.esm
CORE-2320,core,V03C,V03C-01,standard,Dragonborn.esm,D:\Wabbajack\modlists\Anvil\mods\Cleaned Base Game Masters\Dragonborn.esm,Dragonborn.esm:03332A,DLC2RR03Priest,defined,yes,Dragonborn.esm
CORE-2321,core,V03C,V03C-01,standard,Dragonborn.esm,D:\Wabbajack\modlists\Anvil\mods\Cleaned Base Game Masters\Dragonborn.esm,Dragonborn.esm:03332B,DLC2RR03Mine,defined,yes,Dragonborn.esm
CORE-2322,core,V03C,V03C-01,standard,Dragonborn.esm,D:\Wabbajack\modlists\Anvil\mods\Cleaned Base Game Masters\Dragonborn.esm,Dragonborn.esm:03332C,DLC2RR03MineCL,defined,yes,Dragonborn.esm
CORE-2323,core,V03C,V03C-01,standard,Dragonborn.esm,D:\Wabbajack\modlists\Anvil\mods\Cleaned Base Game Masters\Dragonborn.esm,Dragonborn.esm:0337F5,DLC2SV01Post,defined,yes,Dragonborn.esm
CORE-2324,core,V03C,V03C-01,standard,Dragonborn.esm,D:\Wabbajack\modlists\Anvil\mods\Cleaned Base Game Masters\Dragonborn.esm,Dragonborn.esm:033BB2,DLC2DialogueGenericDarkElf,defined,yes,Dragonborn.esm
CORE-2325,core,V03C,V03C-01,standard,Dragonborn.esm,D:\Wabbajack\modlists\Anvil\mods\Cleaned Base Game Masters\Dragonborn.esm,Dragonborn.esm:033BB5,DLC2DialogueGenericCommandedDarkElf,defined,yes,Dragonborn.esm
CORE-2326,core,V03C,V03C-01,standard,Dragonborn.esm,D:\Wabbajack\modlists\Anvil\mods\Cleaned Base Game Masters\Dragonborn.esm,Dragonborn.esm:033BB6,DLC2DialogueGenericFriendlyHitDarkElf,defined,yes,Dragonborn.esm
CORE-2327,core,V03C,V03C-01,standard,Dragonborn.esm,D:\Wabbajack\modlists\Anvil\mods\Cleaned Base Game Masters\Dragonborn.esm,Dragonborn.esm:033BB7,DLC2DialogueRelationshipGenericDarkElf,defined,yes,Dragonborn.esm
CORE-2328,core,V03C,V03C-01,standard,Dragonborn.esm,D:\Wabbajack\modlists\Anvil\mods\Cleaned Base Game Masters\Dragonborn.esm,Dragonborn.esm:033C89,DLC2MerchDialogue,defined,yes,Dragonborn.esm
CORE-2329,core,V03C,V03C-01,standard,Dragonborn.esm,D:\Wabbajack\modlists\Anvil\mods\Cleaned Base Game Masters\Dragonborn.esm,Dragonborn.esm:033D8C,CreatureDialogueAshGhoul,defined,yes,Dragonborn.esm
CORE-2330,core,V03C,V03C-01,standard,Dragonborn.esm,D:\Wabbajack\modlists\Anvil\mods\Cleaned Base Game Masters\Dragonborn.esm,Dragonborn.esm:034025,DLC2WESL01,defined,yes,Dragonborn.esm
CORE-2331,core,V03C,V03C-01,standard,Dragonborn.esm,D:\Wabbajack\modlists\Anvil\mods\Cleaned Base Game Masters\Dragonborn.esm,Dragonborn.esm:0347FC,DLC2RRAnyLocScene18,defined,yes,Dragonborn.esm
CORE-2332,core,V03C,V03C-01,standard,Dragonborn.esm,D:\Wabbajack\modlists\Anvil\mods\Cleaned Base Game Masters\Dragonborn.esm,Dragonborn.esm:0347FE,DLC2RRAnyLocScene19,defined,yes,Dragonborn.esm
CORE-2333,core,V03C,V03C-01,standard,Dragonborn.esm,D:\Wabbajack\modlists\Anvil\mods\Cleaned Base Game Masters\Dragonborn.esm,Dragonborn.esm:034800,DLC2RRAnyLocScene20,defined,yes,Dragonborn.esm
CORE-2334,core,V03C,V03C-01,standard,Dragonborn.esm,D:\Wabbajack\modlists\Anvil\mods\Cleaned Base Game Masters\Dragonborn.esm,Dragonborn.esm:034802,DLC2RRAnyLocScene21,defined,yes,Dragonborn.esm
CORE-2335,core,V03C,V03C-01,standard,Dragonborn.esm,D:\Wabbajack\modlists\Anvil\mods\Cleaned Base Game Masters\Dragonborn.esm,Dragonborn.esm:034E60,DLC2DialogueCultists,defined,yes,Dragonborn.esm
CORE-2336,core,V03C,V03C-01,standard,Dragonborn.esm,D:\Wabbajack\modlists\Anvil\mods\Cleaned Base Game Masters\Dragonborn.esm,Dragonborn.esm:034FB6,DLC2CreatureDialogueWerebear,defined,yes,Dragonborn.esm
CORE-2337,core,V03C,V03C-01,existing-core-row,Dragonborn.esm,D:\Wabbajack\modlists\Anvil\mods\Cleaned Base Game Masters\Dragonborn.esm,Dragonborn.esm:035440,DLC2MQ03B,defined,yes,Dragonborn.esm
CORE-2338,core,V03C,V03C-01,standard,Dragonborn.esm,D:\Wabbajack\modlists\Anvil\mods\Cleaned Base Game Masters\Dragonborn.esm,Dragonborn.esm:03546D,DLC2CultistAmbush,defined,yes,Dragonborn.esm
CORE-2339,core,V03C,V03C-01,standard,Dragonborn.esm,D:\Wabbajack\modlists\Anvil\mods\Cleaned Base Game Masters\Dragonborn.esm,Dragonborn.esm:035E2F,DLC2dunFrostmoonQSTMisc,defined,yes,Dragonborn.esm
CORE-2340,core,V03C,V03C-01,standard,Dragonborn.esm,D:\Wabbajack\modlists\Anvil\mods\Cleaned Base Game Masters\Dragonborn.esm,Dragonborn.esm:0362B9,DLC2WE10,defined,yes,Dragonborn.esm
CORE-2341,core,V03C,V03C-01,standard,Dragonborn.esm,D:\Wabbajack\modlists\Anvil\mods\Cleaned Base Game Masters\Dragonborn.esm,Dragonborn.esm:03661B,DLC2dunHaknirTreasureQSTMisc,defined,yes,Dragonborn.esm
CORE-2342,core,V03C,V03C-01,standard,Dragonborn.esm,D:\Wabbajack\modlists\Anvil\mods\Cleaned Base Game Masters\Dragonborn.esm,Dragonborn.esm:03724A,DLC2WE11,defined,yes,Dragonborn.esm
CORE-2343,core,V03C,V03C-01,standard,Dragonborn.esm,D:\Wabbajack\modlists\Anvil\mods\Cleaned Base Game Masters\Dragonborn.esm,Dragonborn.esm:037560,DLC2dunHrodulf,defined,yes,Dragonborn.esm
CORE-2344,core,V03C,V03C-01,standard,Dragonborn.esm,D:\Wabbajack\modlists\Anvil\mods\Cleaned Base Game Masters\Dragonborn.esm,Dragonborn.esm:0383B3,DLC2DamphallMine01SceneQuest,defined,yes,Dragonborn.esm
CORE-2345,core,V03C,V03C-01,standard,Dragonborn.esm,D:\Wabbajack\modlists\Anvil\mods\Cleaned Base Game Masters\Dragonborn.esm,Dragonborn.esm:038423,DLC2AshSpawnAttack,defined,yes,Dragonborn.esm
CORE-2346,core,V03C,V03C-01,standard,Dragonborn.esm,D:\Wabbajack\modlists\Anvil\mods\Cleaned Base Game Masters\Dragonborn.esm,Dragonborn.esm:03854C,DLC2MQ07,defined,yes,Dragonborn.esm
CORE-2347,core,V03C,V03C-01,standard,Dragonborn.esm,D:\Wabbajack\modlists\Anvil\mods\Cleaned Base Game Masters\Dragonborn.esm,Dragonborn.esm:038566,DLC2HirelingQuest,defined,yes,Dragonborn.esm
CORE-2348,core,V03C,V03C-01,standard,Dragonborn.esm,D:\Wabbajack\modlists\Anvil\mods\Cleaned Base Game Masters\Dragonborn.esm,Dragonborn.esm:038C07,DLC2RieklingRescue,defined,yes,Dragonborn.esm
CORE-2349,core,V03C,V03C-01,existing-core-row,Dragonborn.esm,D:\Wabbajack\modlists\Anvil\mods\Cleaned Base Game Masters\Dragonborn.esm,Dragonborn.esm:038EBF,DLC2ThirskFFElmus,defined,yes,Dragonborn.esm
CORE-2350,core,V03C,V03C-01,standard,Dragonborn.esm,D:\Wabbajack\modlists\Anvil\mods\Cleaned Base Game Masters\Dragonborn.esm,Dragonborn.esm:038EC4,DLC2ThirskFFElmusBack,defined,yes,Dragonborn.esm
CORE-2351,core,V03C,V03C-01,standard,Dragonborn.esm,D:\Wabbajack\modlists\Anvil\mods\Cleaned Base Game Masters\Dragonborn.esm,Dragonborn.esm:038FB0,DLC2dunHaknirQSTIncreaseLevel,defined,yes,Dragonborn.esm
CORE-2352,core,V03C,V03C-01,standard,Dragonborn.esm,D:\Wabbajack\modlists\Anvil\mods\Cleaned Base Game Masters\Dragonborn.esm,Dragonborn.esm:038FB1,DLC2CultistOrdersQuestObjectHandler,defined,yes,Dragonborn.esm
CORE-2353,core,V03C,V03C-01,existing-core-row,Dragonborn.esm,D:\Wabbajack\modlists\Anvil\mods\Cleaned Base Game Masters\Dragonborn.esm,Dragonborn.esm:038FBB,DLC2ThirskFFHilund,defined,yes,Dragonborn.esm
CORE-2354,core,V03C,V03C-01,existing-core-row,Dragonborn.esm,D:\Wabbajack\modlists\Anvil\mods\Cleaned Base Game Masters\Dragonborn.esm,Dragonborn.esm:038FBC,DLC2ThirskFFHalbarn,defined,yes,Dragonborn.esm
CORE-2355,core,V03C,V03C-01,standard,Dragonborn.esm,D:\Wabbajack\modlists\Anvil\mods\Cleaned Base Game Masters\Dragonborn.esm,Dragonborn.esm:03923B,DLC2WE12,defined,yes,Dragonborn.esm
CORE-2356,core,V03C,V03C-01,standard,Dragonborn.esm,D:\Wabbajack\modlists\Anvil\mods\Cleaned Base Game Masters\Dragonborn.esm,Dragonborn.esm:03971F,DLC2WE13,defined,yes,Dragonborn.esm
CORE-2357,core,V03C,V03C-01,standard,Dragonborn.esm,D:\Wabbajack\modlists\Anvil\mods\Cleaned Base Game Masters\Dragonborn.esm,Dragonborn.esm:0398A3,DLC2WE14,defined,yes,Dragonborn.esm
CORE-2358,core,V03C,V03C-01,standard,Dragonborn.esm,D:\Wabbajack\modlists\Anvil\mods\Cleaned Base Game Masters\Dragonborn.esm,Dragonborn.esm:039A77,DLC2WE15,defined,yes,Dragonborn.esm
CORE-2359,core,V03C,V03C-01,standard,Dragonborn.esm,D:\Wabbajack\modlists\Anvil\mods\Cleaned Base Game Masters\Dragonborn.esm,Dragonborn.esm:03A317,DLC2TelMithrynDrovasNelothScene02,defined,yes,Dragonborn.esm
CORE-2360,core,V03C,V03C-01,standard,Dragonborn.esm,D:\Wabbajack\modlists\Anvil\mods\Cleaned Base Game Masters\Dragonborn.esm,Dragonborn.esm:03A319,DLC2TelMithrynDrovasNelothScene01,defined,yes,Dragonborn.esm
CORE-2361,core,V03C,V03C-01,standard,Dragonborn.esm,D:\Wabbajack\modlists\Anvil\mods\Cleaned Base Game Masters\Dragonborn.esm,Dragonborn.esm:03A31B,DLC2TelMithrynDrovasTalvasScene02,defined,yes,Dragonborn.esm
CORE-2362,core,V03C,V03C-01,standard,Dragonborn.esm,D:\Wabbajack\modlists\Anvil\mods\Cleaned Base Game Masters\Dragonborn.esm,Dragonborn.esm:03A31D,DLC2TelMithrynDrovasTalvasScene01,defined,yes,Dragonborn.esm
CORE-2363,core,V03C,V03C-01,standard,Dragonborn.esm,D:\Wabbajack\modlists\Anvil\mods\Cleaned Base Game Masters\Dragonborn.esm,Dragonborn.esm:03A31F,DLC2TelMithrynDrovasElyneaScene01,defined,yes,Dragonborn.esm
CORE-2364,core,V03C,V03C-01,standard,Dragonborn.esm,D:\Wabbajack\modlists\Anvil\mods\Cleaned Base Game Masters\Dragonborn.esm,Dragonborn.esm:03A321,DLC2TelMithrynDrovasElyneaScene02,defined,yes,Dragonborn.esm
CORE-2365,core,V03C,V03C-01,standard,Dragonborn.esm,D:\Wabbajack\modlists\Anvil\mods\Cleaned Base Game Masters\Dragonborn.esm,Dragonborn.esm:03A35E,DLC2Book01PuzzleQST,defined,yes,Dragonborn.esm
CORE-2366,core,V03C,V03C-01,standard,Dragonborn.esm,D:\Wabbajack\modlists\Anvil\mods\Cleaned Base Game Masters\Dragonborn.esm,Dragonborn.esm:03A4CB,DLC2DialogueGenericHunter,defined,yes,Dragonborn.esm
CORE-2367,core,V03C,V03C-01,standard,Dragonborn.esm,D:\Wabbajack\modlists\Anvil\mods\Cleaned Base Game Masters\Dragonborn.esm,Dragonborn.esm:03D47C,CreatureDialogueSeeker,defined,yes,Dragonborn.esm
CC-0001,creation-club,V04,V04-01,standard,ccbgssse001-fish.esm,D:\Wabbajack\modlists\Anvil\mods\Creation Club - Fishing\ccbgssse001-fish.esm,ccbgssse001-fish.esm:000E5D,ccBGSSSE001_Misc_WhiterunPartOne,defined,yes,ccbgssse001-fish.esm
CC-0002,creation-club,V04,V04-01,standard,ccbgssse001-fish.esm,D:\Wabbajack\modlists\Anvil\mods\Creation Club - Fishing\ccbgssse001-fish.esm,ccbgssse001-fish.esm:1223C7,ccBGSSSE001_PersistentDialogueQuest,defined,yes,ccbgssse001-fish.esm
CC-0003,creation-club,V04,V04-01,standard,ccbgssse001-fish.esm,D:\Wabbajack\modlists\Anvil\mods\Creation Club - Fishing\ccbgssse001-fish.esm,ccbgssse001-fish.esm:0009EC,ccBGSSSE001_Misc_Falkreath,defined,yes,ccbgssse001-fish.esm
CC-0004,creation-club,V04,V04-01,standard,ccbgssse001-fish.esm,D:\Wabbajack\modlists\Anvil\mods\Creation Club - Fishing\ccbgssse001-fish.esm,ccbgssse001-fish.esm:0009DD,ccBGSSSE001_Fish_MQ4,defined,yes,ccbgssse001-fish.esm
CC-0005,creation-club,V04,V04-01,standard,ccbgssse001-fish.esm,D:\Wabbajack\modlists\Anvil\mods\Creation Club - Fishing\ccbgssse001-fish.esm,ccbgssse001-fish.esm:0009E2,ccBGSSSE001_Misc_Khajiit,defined,yes,ccbgssse001-fish.esm
CC-0006,creation-club,V04,V04-01,standard,ccbgssse001-fish.esm,D:\Wabbajack\modlists\Anvil\mods\Creation Club - Fishing\ccbgssse001-fish.esm,ccbgssse001-fish.esm:000C2F,ccBGSSSE001_Radiant_2,defined,yes,ccbgssse001-fish.esm
CC-0007,creation-club,V04,V04-01,standard,ccbgssse001-fish.esm,D:\Wabbajack\modlists\Anvil\mods\Creation Club - Fishing\ccbgssse001-fish.esm,ccbgssse001-fish.esm:0009EB,ccBGSSSE001_Fish_MQ2,defined,yes,ccbgssse001-fish.esm
CC-0008,creation-club,V04,V04-01,standard,ccbgssse001-fish.esm,D:\Wabbajack\modlists\Anvil\mods\Creation Club - Fishing\ccbgssse001-fish.esm,ccbgssse001-fish.esm:033A55,ccBGSSSE001_DialogueDetectQuest,defined,yes,ccbgssse001-fish.esm
CC-0009,creation-club,V04,V04-01,standard,ccbgssse001-fish.esm,D:\Wabbajack\modlists\Anvil\mods\Creation Club - Fishing\ccbgssse001-fish.esm,ccbgssse001-fish.esm:033A57,ccBGSSSE001_FishingSystemQuest,defined,yes,ccbgssse001-fish.esm
CC-0010,creation-club,V04,V04-01,standard,ccbgssse001-fish.esm,D:\Wabbajack\modlists\Anvil\mods\Creation Club - Fishing\ccbgssse001-fish.esm,ccbgssse001-fish.esm:131759,ccBGSSSE001_DecorationDialogue,defined,yes,ccbgssse001-fish.esm
CC-0011,creation-club,V04,V04-01,standard,ccbgssse001-fish.esm,D:\Wabbajack\modlists\Anvil\mods\Creation Club - Fishing\ccbgssse001-fish.esm,ccbgssse001-fish.esm:0D1017,ccBGSSSE001_FishingFollowerIdleQuest,defined,yes,ccbgssse001-fish.esm
CC-0012,creation-club,V04,V04-01,standard,ccbgssse001-fish.esm,D:\Wabbajack\modlists\Anvil\mods\Creation Club - Fishing\ccbgssse001-fish.esm,ccbgssse001-fish.esm:0009DE,ccBGSSSE001_Fish_MQ1,defined,yes,ccbgssse001-fish.esm
CC-0013,creation-club,V04,V04-01,standard,ccbgssse001-fish.esm,D:\Wabbajack\modlists\Anvil\mods\Creation Club - Fishing\ccbgssse001-fish.esm,ccbgssse001-fish.esm:000E56,ccBGSSSE001_RadiantQuests,defined,yes,ccbgssse001-fish.esm
CC-0014,creation-club,V04,V04-01,standard,ccbgssse001-fish.esm,D:\Wabbajack\modlists\Anvil\mods\Creation Club - Fishing\ccbgssse001-fish.esm,ccbgssse001-fish.esm:0009E9,ccBGSSSE001_Crab_MQ4,defined,yes,ccbgssse001-fish.esm
CC-0015,creation-club,V04,V04-01,standard,ccbgssse001-fish.esm,D:\Wabbajack\modlists\Anvil\mods\Creation Club - Fishing\ccbgssse001-fish.esm,ccbgssse001-fish.esm:0009D4,ccBGSSSE001_Crab_MQ1,defined,yes,ccbgssse001-fish.esm
CC-0016,creation-club,V04,V04-01,standard,ccbgssse001-fish.esm,D:\Wabbajack\modlists\Anvil\mods\Creation Club - Fishing\ccbgssse001-fish.esm,ccbgssse001-fish.esm:0009E6,ccBGSSSE001_MiscQuests,defined,yes,ccbgssse001-fish.esm
CC-0017,creation-club,V04,V04-01,standard,ccbgssse001-fish.esm,D:\Wabbajack\modlists\Anvil\mods\Creation Club - Fishing\ccbgssse001-fish.esm,ccbgssse001-fish.esm:000AD6,ccBGSSSE001_Misc_Dwarven,defined,yes,ccbgssse001-fish.esm
CC-0018,creation-club,V04,V04-01,standard,ccbgssse001-fish.esm,D:\Wabbajack\modlists\Anvil\mods\Creation Club - Fishing\ccbgssse001-fish.esm,ccbgssse001-fish.esm:0009D7,ccBGSSSE001_Misc_WhiterunPartTwo,defined,yes,ccbgssse001-fish.esm
CC-0019,creation-club,V04,V04-01,standard,ccbgssse001-fish.esm,D:\Wabbajack\modlists\Anvil\mods\Creation Club - Fishing\ccbgssse001-fish.esm,ccbgssse001-fish.esm:000B98,ccBGSSSE001_Radiant_1,defined,yes,ccbgssse001-fish.esm
CC-0020,creation-club,V04,V04-01,standard,ccbgssse001-fish.esm,D:\Wabbajack\modlists\Anvil\mods\Creation Club - Fishing\ccbgssse001-fish.esm,ccbgssse001-fish.esm:0009DF,ccBGSSSE001_Misc_Markarth,defined,yes,ccbgssse001-fish.esm
CC-0021,creation-club,V04,V04-01,standard,ccbgssse001-fish.esm,D:\Wabbajack\modlists\Anvil\mods\Creation Club - Fishing\ccbgssse001-fish.esm,ccbgssse001-fish.esm:0009D5,ccBGSSSE001_Misc_Windhelm,defined,yes,ccbgssse001-fish.esm
CC-0022,creation-club,V04,V04-01,standard,ccbgssse001-fish.esm,D:\Wabbajack\modlists\Anvil\mods\Creation Club - Fishing\ccbgssse001-fish.esm,ccbgssse001-fish.esm:0009DA,ccBGSSSE001_Crab_MQ2,defined,yes,ccbgssse001-fish.esm
CC-0023,creation-club,V04,V04-01,standard,ccbgssse001-fish.esm,D:\Wabbajack\modlists\Anvil\mods\Creation Club - Fishing\ccbgssse001-fish.esm,ccbgssse001-fish.esm:0009D3,ccBGSSSE001_Start_MQ1,defined,yes,ccbgssse001-fish.esm
CC-0024,creation-club,V04,V04-01,standard,ccbgssse001-fish.esm,D:\Wabbajack\modlists\Anvil\mods\Creation Club - Fishing\ccbgssse001-fish.esm,ccbgssse001-fish.esm:000F4E,ccBGSSSE001_FishPlaqueQuest,defined,yes,ccbgssse001-fish.esm
CC-0025,creation-club,V04,V04-01,standard,ccbgssse001-fish.esm,D:\Wabbajack\modlists\Anvil\mods\Creation Club - Fishing\ccbgssse001-fish.esm,ccbgssse001-fish.esm:0009E3,ccBGSSSE001_Misc_Solitude,defined,yes,ccbgssse001-fish.esm
CC-0026,creation-club,V04,V04-01,standard,ccbgssse001-fish.esm,D:\Wabbajack\modlists\Anvil\mods\Creation Club - Fishing\ccbgssse001-fish.esm,ccbgssse001-fish.esm:0009D6,ccBGSSSE001_Crab_MQ3,defined,yes,ccbgssse001-fish.esm
CC-0027,creation-club,V04,V04-01,standard,ccbgssse001-fish.esm,D:\Wabbajack\modlists\Anvil\mods\Creation Club - Fishing\ccbgssse001-fish.esm,ccbgssse001-fish.esm:000C8C,ccBGSSSE001_Radiant_3,defined,yes,ccbgssse001-fish.esm
CC-0028,creation-club,V04,V04-01,standard,ccbgssse001-fish.esm,D:\Wabbajack\modlists\Anvil\mods\Creation Club - Fishing\ccbgssse001-fish.esm,ccbgssse001-fish.esm:0009DB,ccBGSSSE001_Start_MQ2,defined,yes,ccbgssse001-fish.esm
CC-0029,creation-club,V04,V04-01,standard,ccbgssse001-fish.esm,D:\Wabbajack\modlists\Anvil\mods\Creation Club - Fishing\ccbgssse001-fish.esm,ccbgssse001-fish.esm:0009E8,ccBGSSSE001_Fish_MQ3,defined,yes,ccbgssse001-fish.esm
CC-0030,creation-club,V04,V04-01,standard,ccbgssse001-fish.esm,D:\Wabbajack\modlists\Anvil\mods\Creation Club - Fishing\ccbgssse001-fish.esm,ccbgssse001-fish.esm:0009E4,ccBGSSSE001_Misc_Morthal,defined,yes,ccbgssse001-fish.esm
CC-0031,creation-club,V04,V04-01,standard,ccbgssse001-fish.esm,D:\Wabbajack\modlists\Anvil\mods\Creation Club - Fishing\ccbgssse001-fish.esm,ccbgssse001-fish.esm:0009DC,ccBGSSSE001_Fish_MQ5,defined,yes,ccbgssse001-fish.esm
CC-0032,creation-club,V04,V04-01,standard,ccbgssse001-fish.esm,D:\Wabbajack\modlists\Anvil\mods\Creation Club - Fishing\ccbgssse001-fish.esm,ccbgssse001-fish.esm:000F15,ccBGSSSE001_MudcrabAllyQuest,defined,yes,ccbgssse001-fish.esm
CC-0033,creation-club,V04,V04-01,standard,ccbgssse001-fish.esm,D:\Wabbajack\modlists\Anvil\mods\Creation Club - Fishing\ccbgssse001-fish.esm,ccbgssse001-fish.esm:0008BF,ccBGSSSE001_DLCDetectionQuest,defined,yes,ccbgssse001-fish.esm
CC-0034,creation-club,V04,V04-01,standard,ccbgssse025-advdsgs.esm,D:\Wabbajack\modlists\Anvil\mods\Creation Club - Saints & Seducers\ccbgssse025-advdsgs.esm,ccbgssse025-advdsgs.esm:21BD60,ccBGSSSE025_WEWIKillSaintsLeader,defined,yes,ccbgssse025-advdsgs.esm
CC-0035,creation-club,V04,V04-01,standard,ccbgssse025-advdsgs.esm,D:\Wabbajack\modlists\Anvil\mods\Creation Club - Saints & Seducers\ccbgssse025-advdsgs.esm,ccbgssse025-advdsgs.esm:21BD5F,ccBGSSSE025_WIKillSaintLeader,defined,yes,ccbgssse025-advdsgs.esm
CC-0036,creation-club,V04,V04-01,standard,ccbgssse025-advdsgs.esm,D:\Wabbajack\modlists\Anvil\mods\Creation Club - Saints & Seducers\ccbgssse025-advdsgs.esm,ccbgssse025-advdsgs.esm:000C4D,ccBGSSSE025_MiscQuest_AmberMadnessGear,defined,yes,ccbgssse025-advdsgs.esm
CC-0037,creation-club,V04,V04-01,standard,ccbgssse025-advdsgs.esm,D:\Wabbajack\modlists\Anvil\mods\Creation Club - Saints & Seducers\ccbgssse025-advdsgs.esm,ccbgssse025-advdsgs.esm:0819B5,ccBGSSSE025_PostQuestCourier,defined,yes,ccbgssse025-advdsgs.esm
CC-0038,creation-club,V04,V04-01,standard,ccbgssse025-advdsgs.esm,D:\Wabbajack\modlists\Anvil\mods\Creation Club - Saints & Seducers\ccbgssse025-advdsgs.esm,ccbgssse025-advdsgs.esm:0010C2,ccBGSSSE025_ElytraPetAdoption_Dementia,defined,yes,ccbgssse025-advdsgs.esm
CC-0039,creation-club,V04,V04-01,standard,ccbgssse025-advdsgs.esm,D:\Wabbajack\modlists\Anvil\mods\Creation Club - Saints & Seducers\ccbgssse025-advdsgs.esm,ccbgssse025-advdsgs.esm:0010C1,ccBGSSSE025_RareCuriosIntegration,defined,yes,ccbgssse025-advdsgs.esm
CC-0040,creation-club,V04,V04-01,standard,ccbgssse025-advdsgs.esm,D:\Wabbajack\modlists\Anvil\mods\Creation Club - Saints & Seducers\ccbgssse025-advdsgs.esm,ccbgssse025-advdsgs.esm:000C4B,ccBGSSSE025_MiscQuest_GSDSGearBook,defined,yes,ccbgssse025-advdsgs.esm
CC-0041,creation-club,V04,V04-01,standard,ccbgssse025-advdsgs.esm,D:\Wabbajack\modlists\Anvil\mods\Creation Club - Saints & Seducers\ccbgssse025-advdsgs.esm,ccbgssse025-advdsgs.esm:21BD6D,ccBGSSSE025_WIKillSeducerLeader,defined,yes,ccbgssse025-advdsgs.esm
CC-0042,creation-club,V04,V04-01,standard,ccbgssse025-advdsgs.esm,D:\Wabbajack\modlists\Anvil\mods\Creation Club - Saints & Seducers\ccbgssse025-advdsgs.esm,ccbgssse025-advdsgs.esm:21BD6C,ccBGSSSE025_WEWIKillSeducersLeader,defined,yes,ccbgssse025-advdsgs.esm
CC-0043,creation-club,V04,V04-01,standard,ccbgssse025-advdsgs.esm,D:\Wabbajack\modlists\Anvil\mods\Creation Club - Saints & Seducers\ccbgssse025-advdsgs.esm,ccbgssse025-advdsgs.esm:198278,ccBGSSSE025_PostQuestCourierStaada,defined,yes,ccbgssse025-advdsgs.esm
CC-0044,creation-club,V04,V04-01,standard,ccbgssse025-advdsgs.esm,D:\Wabbajack\modlists\Anvil\mods\Creation Club - Saints & Seducers\ccbgssse025-advdsgs.esm,ccbgssse025-advdsgs.esm:0010BF,ccBGSSSE025_MiscQuest_Nerveshatter,defined,yes,ccbgssse025-advdsgs.esm
CC-0045,creation-club,V04,V04-01,standard,ccbgssse025-advdsgs.esm,D:\Wabbajack\modlists\Anvil\mods\Creation Club - Saints & Seducers\ccbgssse025-advdsgs.esm,ccbgssse025-advdsgs.esm:0010C3,ccBGSSSE025_ElytraPetAcquisition_Mania,defined,yes,ccbgssse025-advdsgs.esm
CC-0046,creation-club,V04,V04-01,standard,ccbgssse025-advdsgs.esm,D:\Wabbajack\modlists\Anvil\mods\Creation Club - Saints & Seducers\ccbgssse025-advdsgs.esm,ccbgssse025-advdsgs.esm:0010BE,ccBGSSSE025_ElytraPetAdoption_Mania,defined,yes,ccbgssse025-advdsgs.esm
CC-0047,creation-club,V04,V04-01,standard,ccbgssse025-advdsgs.esm,D:\Wabbajack\modlists\Anvil\mods\Creation Club - Saints & Seducers\ccbgssse025-advdsgs.esm,ccbgssse025-advdsgs.esm:198277,ccBGSSSE025_StaadaQuest,defined,yes,ccbgssse025-advdsgs.esm
CC-0048,creation-club,V04,V04-01,standard,ccbgssse025-advdsgs.esm,D:\Wabbajack\modlists\Anvil\mods\Creation Club - Saints & Seducers\ccbgssse025-advdsgs.esm,ccbgssse025-advdsgs.esm:000913,ccBGSSSE025_QuestB,defined,yes,ccbgssse025-advdsgs.esm
CC-0049,creation-club,V04,V04-01,standard,ccbgssse025-advdsgs.esm,D:\Wabbajack\modlists\Anvil\mods\Creation Club - Saints & Seducers\ccbgssse025-advdsgs.esm,ccbgssse025-advdsgs.esm:0010C0,ccBGSSSE025_ElytraPetAcquisition_Dementia,defined,yes,ccbgssse025-advdsgs.esm
CC-0050,creation-club,V04,V04-01,standard,ccbgssse025-advdsgs.esm,D:\Wabbajack\modlists\Anvil\mods\Creation Club - Saints & Seducers\ccbgssse025-advdsgs.esm,ccbgssse025-advdsgs.esm:000912,ccBGSSSE025_QuestA,defined,yes,ccbgssse025-advdsgs.esm
CC-0051,creation-club,V04,V04-01,standard,ccbgssse037-curios.esl,D:\Wabbajack\modlists\Anvil\mods\Creation Club - Rare Curios\ccbgssse037-curios.esl,ccbgssse037-curios.esl:00084D,ccBGSSSE037_RareCuriosQuest,defined,yes,ccbgssse037-curios.esl
CC-0052,creation-club,V04,V04-01,standard,ccqdrsse001-survivalmode.esl,D:\Wabbajack\modlists\Anvil\mods\Creation Club - Survival Mode\ccqdrsse001-survivalmode.esl,ccqdrsse001-survivalmode.esl:000855,Survival_HeatSourceLocatorQuest,defined,yes,ccqdrsse001-survivalmode.esl
CC-0053,creation-club,V04,V04-01,standard,ccqdrsse001-survivalmode.esl,D:\Wabbajack\modlists\Anvil\mods\Creation Club - Survival Mode\ccqdrsse001-survivalmode.esl,ccqdrsse001-survivalmode.esl:000899,Survival_NeedExhaustionQuest,defined,yes,ccqdrsse001-survivalmode.esl
CC-0054,creation-club,V04,V04-01,standard,ccqdrsse001-survivalmode.esl,D:\Wabbajack\modlists\Anvil\mods\Creation Club - Survival Mode\ccqdrsse001-survivalmode.esl,ccqdrsse001-survivalmode.esl:000896,Survival_NeedColdQuest,defined,yes,ccqdrsse001-survivalmode.esl
CC-0055,creation-club,V04,V04-01,standard,ccqdrsse001-survivalmode.esl,D:\Wabbajack\modlists\Anvil\mods\Creation Club - Survival Mode\ccqdrsse001-survivalmode.esl,ccqdrsse001-survivalmode.esl:000894,Survival_NeedHungerQuest,defined,yes,ccqdrsse001-survivalmode.esl
CC-0056,creation-club,V04,V04-01,standard,ccqdrsse001-survivalmode.esl,D:\Wabbajack\modlists\Anvil\mods\Creation Club - Survival Mode\ccqdrsse001-survivalmode.esl,ccqdrsse001-survivalmode.esl:000895,Survival_HeatCheckQuest,defined,yes,ccqdrsse001-survivalmode.esl
CC-0057,creation-club,V04,V04-01,standard,ccqdrsse001-survivalmode.esl,D:\Wabbajack\modlists\Anvil\mods\Creation Club - Survival Mode\ccqdrsse001-survivalmode.esl,ccqdrsse001-survivalmode.esl:000897,Survival_PlayerInfoQuest,defined,yes,ccqdrsse001-survivalmode.esl
CC-0058,creation-club,V04,V04-01,standard,ccqdrsse001-survivalmode.esl,D:\Wabbajack\modlists\Anvil\mods\Creation Club - Survival Mode\ccqdrsse001-survivalmode.esl,ccqdrsse001-survivalmode.esl:000898,SurvivalModeMainQuest,defined,yes,ccqdrsse001-survivalmode.esl
CC-0059,creation-club,V04,V04-01,standard,ccqdrsse001-survivalmode.esl,D:\Wabbajack\modlists\Anvil\mods\Creation Club - Survival Mode\ccqdrsse001-survivalmode.esl,ccqdrsse001-survivalmode.esl:00091A,Survival_PlayerTalkingQuest,defined,yes,ccqdrsse001-survivalmode.esl
CC-0060,creation-club,V04,V04-01,standard,ccqdrsse001-survivalmode.esl,D:\Wabbajack\modlists\Anvil\mods\Creation Club - Survival Mode\ccqdrsse001-survivalmode.esl,ccqdrsse001-survivalmode.esl:0008C5,Survival_UIMovementUpdateQuest,defined,yes,ccqdrsse001-survivalmode.esl
