editor_id,quest_name,outcome_stage,outcome,act_tags,deity,valence,intensity,magnitude,citation,formid
0_FloatingSwordQuest01,There Is No Umbra,60,Kept the reforged Daedric blade Daumbra for himself and spared her rather than destroy her.,mercy_spare,Stendarr,+,S,small,"stage 60 journal: ""Daumbra is mine. She doesn't seem to remember her previous life as Umbra. It's for the best. Let's have a new start."" cross-gen KEEP: mercy_spare(C) from the Stendarr Part B profile, stepped down.",FloatingSwordFollower.esp:0171EE
0_FloatingSwordQuest01,There Is No Umbra,60,Kept the reforged Daedric blade Daumbra for himself and spared her rather than destroy her.,mercy_spare,Mara,+,m,small,"stage 60 journal: ""Daumbra is mine. She doesn't seem to remember her previous life as Umbra. It's for the best. Let's have a new start."" cross-gen KEEP: mercy_spare(S) from the Mara Part B profile, stepped down.",FloatingSwordFollower.esp:0171EE
0_FloatingSwordQuest01,There Is No Umbra,60,Kept the reforged Daedric blade Daumbra for himself and spared her rather than destroy her.,mercy_spare,Kyne,+,m,small,"stage 60 journal: ""Daumbra is mine. She doesn't seem to remember her previous life as Umbra. It's for the best. Let's have a new start."" cross-gen KEEP: mercy_spare(m) from the Kyne Part B profile, stepped down.",FloatingSwordFollower.esp:0171EE
0_FloatingSwordQuest01,There Is No Umbra,60,Kept the reforged Daedric blade Daumbra for himself and spared her rather than destroy her.,mercy_spare,Stuhn,+,S,small,"stage 60 journal: ""Daumbra is mine. She doesn't seem to remember her previous life as Umbra. It's for the best. Let's have a new start."" cross-gen KEEP: mercy_spare(C) from the Stuhn Part B profile, stepped down.",FloatingSwordFollower.esp:0171EE
0_FloatingSwordQuest01,There Is No Umbra,60,Kept the reforged Daedric blade Daumbra for himself and spared her rather than destroy her.,mercy_spare,Molag Bal,-,m,small,"stage 60 journal: ""Daumbra is mine. She doesn't seem to remember her previous life as Umbra. It's for the best. Let's have a new start."" cross-gen KEEP: mercy_spare(S) from the Molag Bal Part B profile, stepped down.",FloatingSwordFollower.esp:0171EE
0_FloatingSwordQuest01,There Is No Umbra,75,"Killed Daumbra with the Daumbra Killer dagger, destroying the reforged Umbra.",destroy_reject_daedra:clavicus,Stendarr,+,m,small,"stage 75 journal: ""Daumbra is dead. This doesn't pay back for all the evil she did as Umbra... but it's all I could do."" cross-gen KEEP: destroy_reject_daedra:clavicus(S) from the Stendarr Part B profile, stepped down.",FloatingSwordFollower.esp:0171EE
0_FloatingSwordQuest02,She Trusted You,55,"Handed Daumbra over to Clavicus Vile to be re-absorbed, surrendering the companion who trusted him.",break_oath_betray,Akatosh,-,m,small,"stage 55 journal: ""I decided to let Clavicus re-absorb Daumbra. It wasn't meant to be."" cross-gen KEEP: break_oath_betray(S) from the Akatosh Part B profile, stepped down.",FloatingSwordFollower.esp:03EBF3
0_FloatingSwordQuest02,She Trusted You,55,"Handed Daumbra over to Clavicus Vile to be re-absorbed, surrendering the companion who trusted him.",serve_a_daedra:clavicus,Stendarr,-,m,small,"stage 55 journal: ""I decided to let Clavicus re-absorb Daumbra. It wasn't meant to be."" cross-gen KEEP: serve_a_daedra:clavicus(S) from the Stendarr Part B profile, stepped down.",FloatingSwordFollower.esp:03EBF3
0_FloatingSwordQuest02,She Trusted You,55,"Handed Daumbra over to Clavicus Vile to be re-absorbed, surrendering the companion who trusted him.",break_oath_betray,Stuhn,-,m,small,"stage 55 journal: ""I decided to let Clavicus re-absorb Daumbra. It wasn't meant to be."" cross-gen KEEP: break_oath_betray(S) from the Stuhn Part B profile, stepped down.",FloatingSwordFollower.esp:03EBF3
0_FloatingSwordQuest02,She Trusted You,55,"Handed Daumbra over to Clavicus Vile to be re-absorbed, surrendering the companion who trusted him.",serve_a_daedra:clavicus,Auri-El,-,m,small,"stage 55 journal: ""I decided to let Clavicus re-absorb Daumbra. It wasn't meant to be."" cross-gen KEEP: serve_a_daedra:clavicus(S) from the Auri-El Part B profile, stepped down.",FloatingSwordFollower.esp:03EBF3
0_FloatingSwordQuest02,She Trusted You,55,"Handed Daumbra over to Clavicus Vile to be re-absorbed, surrendering the companion who trusted him.",break_oath_betray,Trinimac,-,m,small,"stage 55 journal: ""I decided to let Clavicus re-absorb Daumbra. It wasn't meant to be."" cross-gen KEEP: break_oath_betray(S) from the Trinimac Part B profile, stepped down.",FloatingSwordFollower.esp:03EBF3
0_FloatingSwordQuest02,She Trusted You,55,"Handed Daumbra over to Clavicus Vile to be re-absorbed, surrendering the companion who trusted him.",break_oath_betray,Z'en,-,m,small,"stage 55 journal: ""I decided to let Clavicus re-absorb Daumbra. It wasn't meant to be."" cross-gen KEEP: break_oath_betray(m) from the Z'en Part B profile, stepped down.",FloatingSwordFollower.esp:03EBF3
0_FloatingSwordQuest02,She Trusted You,55,"Handed Daumbra over to Clavicus Vile to be re-absorbed, surrendering the companion who trusted him.",break_oath_betray,Malacath,-,S,small,"stage 55 journal: ""I decided to let Clavicus re-absorb Daumbra. It wasn't meant to be."" cross-gen KEEP: break_oath_betray(C) from the Malacath Part B profile, stepped down.",FloatingSwordFollower.esp:03EBF3
0_FloatingSwordQuest02,She Trusted You,55,"Handed Daumbra over to Clavicus Vile to be re-absorbed, surrendering the companion who trusted him.",break_oath_betray,The Hist,-,m,small,"stage 55 journal: ""I decided to let Clavicus re-absorb Daumbra. It wasn't meant to be."" cross-gen KEEP: break_oath_betray(m) from the The Hist Part B profile, stepped down.",FloatingSwordFollower.esp:03EBF3
0_FloatingSwordQuest02,She Trusted You,55,"Handed Daumbra over to Clavicus Vile to be re-absorbed, surrendering the companion who trusted him.",break_oath_betray,Sithis,-,S,small,"stage 55 journal: ""I decided to let Clavicus re-absorb Daumbra. It wasn't meant to be."" cross-gen KEEP: break_oath_betray(C) from the Sithis Part B profile, stepped down.",FloatingSwordFollower.esp:03EBF3
0_FloatingSwordQuest02,She Trusted You,55,"Handed Daumbra over to Clavicus Vile to be re-absorbed, surrendering the companion who trusted him.",break_oath_betray,Boethiah,+,m,small,"stage 55 journal: ""I decided to let Clavicus re-absorb Daumbra. It wasn't meant to be."" cross-gen KEEP: break_oath_betray(m) from the Boethiah Part B profile, stepped down.",FloatingSwordFollower.esp:03EBF3
0_FloatingSwordQuest02,She Trusted You,55,"Handed Daumbra over to Clavicus Vile to be re-absorbed, surrendering the companion who trusted him.",serve_a_daedra:clavicus,Clavicus Vile,+,S,small,"stage 55 journal: ""I decided to let Clavicus re-absorb Daumbra. It wasn't meant to be."" cross-gen KEEP: serve_a_daedra:clavicus(C) from the Clavicus Vile Part B profile, stepped down.",FloatingSwordFollower.esp:03EBF3
0_FloatingSwordQuest02,She Trusted You,56,Let Clavicus Vile take Daumbra and carried her lifeless body as a greatsword afterward.,break_oath_betray,Akatosh,-,m,small,"stage 56 journal: ""I carry Daumbra's lifeless body, and wield it like a greatsword now. It's still full of power. But I will never forget that she trusted me."" cross-gen KEEP: break_oath_betray(S) from the Akatosh Part B profile, stepped down.",FloatingSwordFollower.esp:03EBF3
0_FloatingSwordQuest02,She Trusted You,56,Let Clavicus Vile take Daumbra and carried her lifeless body as a greatsword afterward.,serve_a_daedra:clavicus,Stendarr,-,m,small,"stage 56 journal: ""I carry Daumbra's lifeless body, and wield it like a greatsword now. It's still full of power. But I will never forget that she trusted me."" cross-gen KEEP: serve_a_daedra:clavicus(S) from the Stendarr Part B profile, stepped down.",FloatingSwordFollower.esp:03EBF3
0_FloatingSwordQuest02,She Trusted You,56,Let Clavicus Vile take Daumbra and carried her lifeless body as a greatsword afterward.,break_oath_betray,Stuhn,-,m,small,"stage 56 journal: ""I carry Daumbra's lifeless body, and wield it like a greatsword now. It's still full of power. But I will never forget that she trusted me."" cross-gen KEEP: break_oath_betray(S) from the Stuhn Part B profile, stepped down.",FloatingSwordFollower.esp:03EBF3
0_FloatingSwordQuest02,She Trusted You,56,Let Clavicus Vile take Daumbra and carried her lifeless body as a greatsword afterward.,serve_a_daedra:clavicus,Auri-El,-,m,small,"stage 56 journal: ""I carry Daumbra's lifeless body, and wield it like a greatsword now. It's still full of power. But I will never forget that she trusted me."" cross-gen KEEP: serve_a_daedra:clavicus(S) from the Auri-El Part B profile, stepped down.",FloatingSwordFollower.esp:03EBF3
0_FloatingSwordQuest02,She Trusted You,56,Let Clavicus Vile take Daumbra and carried her lifeless body as a greatsword afterward.,break_oath_betray,Trinimac,-,m,small,"stage 56 journal: ""I carry Daumbra's lifeless body, and wield it like a greatsword now. It's still full of power. But I will never forget that she trusted me."" cross-gen KEEP: break_oath_betray(S) from the Trinimac Part B profile, stepped down.",FloatingSwordFollower.esp:03EBF3
0_FloatingSwordQuest02,She Trusted You,56,Let Clavicus Vile take Daumbra and carried her lifeless body as a greatsword afterward.,break_oath_betray,Z'en,-,m,small,"stage 56 journal: ""I carry Daumbra's lifeless body, and wield it like a greatsword now. It's still full of power. But I will never forget that she trusted me."" cross-gen KEEP: break_oath_betray(m) from the Z'en Part B profile, stepped down.",FloatingSwordFollower.esp:03EBF3
0_FloatingSwordQuest02,She Trusted You,56,Let Clavicus Vile take Daumbra and carried her lifeless body as a greatsword afterward.,break_oath_betray,Malacath,-,S,small,"stage 56 journal: ""I carry Daumbra's lifeless body, and wield it like a greatsword now. It's still full of power. But I will never forget that she trusted me."" cross-gen KEEP: break_oath_betray(C) from the Malacath Part B profile, stepped down.",FloatingSwordFollower.esp:03EBF3
0_FloatingSwordQuest02,She Trusted You,56,Let Clavicus Vile take Daumbra and carried her lifeless body as a greatsword afterward.,break_oath_betray,The Hist,-,m,small,"stage 56 journal: ""I carry Daumbra's lifeless body, and wield it like a greatsword now. It's still full of power. But I will never forget that she trusted me."" cross-gen KEEP: break_oath_betray(m) from the The Hist Part B profile, stepped down.",FloatingSwordFollower.esp:03EBF3
0_FloatingSwordQuest02,She Trusted You,56,Let Clavicus Vile take Daumbra and carried her lifeless body as a greatsword afterward.,break_oath_betray,Sithis,-,S,small,"stage 56 journal: ""I carry Daumbra's lifeless body, and wield it like a greatsword now. It's still full of power. But I will never forget that she trusted me."" cross-gen KEEP: break_oath_betray(C) from the Sithis Part B profile, stepped down.",FloatingSwordFollower.esp:03EBF3
0_FloatingSwordQuest02,She Trusted You,56,Let Clavicus Vile take Daumbra and carried her lifeless body as a greatsword afterward.,break_oath_betray,Boethiah,+,m,small,"stage 56 journal: ""I carry Daumbra's lifeless body, and wield it like a greatsword now. It's still full of power. But I will never forget that she trusted me."" cross-gen KEEP: break_oath_betray(m) from the Boethiah Part B profile, stepped down.",FloatingSwordFollower.esp:03EBF3
0_FloatingSwordQuest02,She Trusted You,56,Let Clavicus Vile take Daumbra and carried her lifeless body as a greatsword afterward.,serve_a_daedra:clavicus,Clavicus Vile,+,S,small,"stage 56 journal: ""I carry Daumbra's lifeless body, and wield it like a greatsword now. It's still full of power. But I will never forget that she trusted me."" cross-gen KEEP: serve_a_daedra:clavicus(C) from the Clavicus Vile Part B profile, stepped down.",FloatingSwordFollower.esp:03EBF3
0_FloatingSwordQuest02,She Trusted You,70,Killed Daumbra himself with the Daumbra Killer dagger to deny Clavicus Vile her soul.,murder_treacherous,Mara,-,m,small,"stage 70 journal: ""I carry Daumbra's lifeless body, and wield it like a greatsword now. It's still full of power. But I will never forget that she trusted me."" (reached via s60 obj: ""Use the 'Daumbra Killer' Dagger to Kill Daumbra"") cross-gen KEEP: murder_treacherous(m) from the Mara Part B profile, stepped down.",FloatingSwordFollower.esp:03EBF3
0_FloatingSwordQuest02,She Trusted You,70,Killed Daumbra himself with the Daumbra Killer dagger to deny Clavicus Vile her soul.,murder_treacherous,Talos,-,m,small,"stage 70 journal: ""I carry Daumbra's lifeless body, and wield it like a greatsword now. It's still full of power. But I will never forget that she trusted me."" (reached via s60 obj: ""Use the 'Daumbra Killer' Dagger to Kill Daumbra"") cross-gen KEEP: murder_treacherous(S) from the Talos Part B profile, stepped down.",FloatingSwordFollower.esp:03EBF3
0_FloatingSwordQuest02,She Trusted You,70,Killed Daumbra himself with the Daumbra Killer dagger to deny Clavicus Vile her soul.,murder_treacherous,Shor,-,m,small,"stage 70 journal: ""I carry Daumbra's lifeless body, and wield it like a greatsword now. It's still full of power. But I will never forget that she trusted me."" (reached via s60 obj: ""Use the 'Daumbra Killer' Dagger to Kill Daumbra"") cross-gen KEEP: murder_treacherous(S) from the Shor Part B profile, stepped down.",FloatingSwordFollower.esp:03EBF3
0_FloatingSwordQuest02,She Trusted You,70,Killed Daumbra himself with the Daumbra Killer dagger to deny Clavicus Vile her soul.,murder_treacherous,Tsun,-,m,small,"stage 70 journal: ""I carry Daumbra's lifeless body, and wield it like a greatsword now. It's still full of power. But I will never forget that she trusted me."" (reached via s60 obj: ""Use the 'Daumbra Killer' Dagger to Kill Daumbra"") cross-gen KEEP: murder_treacherous(S) from the Tsun Part B profile, stepped down.",FloatingSwordFollower.esp:03EBF3
0_FloatingSwordQuest02,She Trusted You,70,Killed Daumbra himself with the Daumbra Killer dagger to deny Clavicus Vile her soul.,murder_treacherous,HoonDing,-,m,small,"stage 70 journal: ""I carry Daumbra's lifeless body, and wield it like a greatsword now. It's still full of power. But I will never forget that she trusted me."" (reached via s60 obj: ""Use the 'Daumbra Killer' Dagger to Kill Daumbra"") cross-gen KEEP: murder_treacherous(m) from the HoonDing Part B profile, stepped down.",FloatingSwordFollower.esp:03EBF3
0_FloatingSwordQuest02,She Trusted You,70,Killed Daumbra himself with the Daumbra Killer dagger to deny Clavicus Vile her soul.,murder_treacherous,Leki,-,m,small,"stage 70 journal: ""I carry Daumbra's lifeless body, and wield it like a greatsword now. It's still full of power. But I will never forget that she trusted me."" (reached via s60 obj: ""Use the 'Daumbra Killer' Dagger to Kill Daumbra"") cross-gen KEEP: murder_treacherous(S) from the Leki Part B profile, stepped down.",FloatingSwordFollower.esp:03EBF3
0_FloatingSwordQuest02,She Trusted You,70,Killed Daumbra himself with the Daumbra Killer dagger to deny Clavicus Vile her soul.,murder_treacherous,Sithis,+,m,small,"stage 70 journal: ""I carry Daumbra's lifeless body, and wield it like a greatsword now. It's still full of power. But I will never forget that she trusted me."" (reached via s60 obj: ""Use the 'Daumbra Killer' Dagger to Kill Daumbra"") cross-gen KEEP: murder_treacherous(S) from the Sithis Part B profile, stepped down.",FloatingSwordFollower.esp:03EBF3
0_FloatingSwordQuest02,She Trusted You,70,Killed Daumbra himself with the Daumbra Killer dagger to deny Clavicus Vile her soul.,murder_treacherous,Boethiah,+,m,small,"stage 70 journal: ""I carry Daumbra's lifeless body, and wield it like a greatsword now. It's still full of power. But I will never forget that she trusted me."" (reached via s60 obj: ""Use the 'Daumbra Killer' Dagger to Kill Daumbra"") cross-gen KEEP: murder_treacherous(S) from the Boethiah Part B profile, stepped down.",FloatingSwordFollower.esp:03EBF3
0_FloatingSwordQuest02,She Trusted You,70,Killed Daumbra himself with the Daumbra Killer dagger to deny Clavicus Vile her soul.,murder_treacherous,Mephala,+,m,small,"stage 70 journal: ""I carry Daumbra's lifeless body, and wield it like a greatsword now. It's still full of power. But I will never forget that she trusted me."" (reached via s60 obj: ""Use the 'Daumbra Killer' Dagger to Kill Daumbra"") cross-gen KEEP: murder_treacherous(S) from the Mephala Part B profile, stepped down.",FloatingSwordFollower.esp:03EBF3
0_FloatingSwordQuest02,She Trusted You,70,Killed Daumbra himself with the Daumbra Killer dagger to deny Clavicus Vile her soul.,murder_treacherous,Molag Bal,+,m,small,"stage 70 journal: ""I carry Daumbra's lifeless body, and wield it like a greatsword now. It's still full of power. But I will never forget that she trusted me."" (reached via s60 obj: ""Use the 'Daumbra Killer' Dagger to Kill Daumbra"") cross-gen KEEP: murder_treacherous(S) from the Molag Bal Part B profile, stepped down.",FloatingSwordFollower.esp:03EBF3
0_FloatingSwordQuest02,She Trusted You,70,Killed Daumbra himself with the Daumbra Killer dagger to deny Clavicus Vile her soul.,murder_treacherous,Mehrunes Dagon,+,m,small,"stage 70 journal: ""I carry Daumbra's lifeless body, and wield it like a greatsword now. It's still full of power. But I will never forget that she trusted me."" (reached via s60 obj: ""Use the 'Daumbra Killer' Dagger to Kill Daumbra"") cross-gen KEEP: murder_treacherous(m) from the Mehrunes Dagon Part B profile, stepped down.",FloatingSwordFollower.esp:03EBF3
0_FloatingSwordQuest02,She Trusted You,70,Killed Daumbra himself with the Daumbra Killer dagger to deny Clavicus Vile her soul.,murder_treacherous,Vaermina,+,m,small,"stage 70 journal: ""I carry Daumbra's lifeless body, and wield it like a greatsword now. It's still full of power. But I will never forget that she trusted me."" (reached via s60 obj: ""Use the 'Daumbra Killer' Dagger to Kill Daumbra"") cross-gen KEEP: murder_treacherous(m) from the Vaermina Part B profile, stepped down.",FloatingSwordFollower.esp:03EBF3
0_FloatingSwordQuest02,She Trusted You,90,Traded ten dragon souls to Clavicus Vile in exchange for Daumbra.,serve_a_daedra:clavicus,Akatosh,-,m,small,"stage 90 journal: ""I have traded ten dragon souls to Clavicus Vile in exchange for Daumbra. It's time to get her back."" cross-gen KEEP: serve_a_daedra:clavicus(m) from the Akatosh Part B profile, stepped down.",FloatingSwordFollower.esp:03EBF3
0_FloatingSwordQuest02,She Trusted You,90,Traded ten dragon souls to Clavicus Vile in exchange for Daumbra.,serve_a_daedra:clavicus,Stendarr,-,m,small,"stage 90 journal: ""I have traded ten dragon souls to Clavicus Vile in exchange for Daumbra. It's time to get her back."" cross-gen KEEP: serve_a_daedra:clavicus(S) from the Stendarr Part B profile, stepped down.",FloatingSwordFollower.esp:03EBF3
0_FloatingSwordQuest02,She Trusted You,90,Traded ten dragon souls to Clavicus Vile in exchange for Daumbra.,serve_a_daedra:clavicus,Auri-El,-,m,small,"stage 90 journal: ""I have traded ten dragon souls to Clavicus Vile in exchange for Daumbra. It's time to get her back."" cross-gen KEEP: serve_a_daedra:clavicus(S) from the Auri-El Part B profile, stepped down.",FloatingSwordFollower.esp:03EBF3
0_FloatingSwordQuest02,She Trusted You,90,Traded ten dragon souls to Clavicus Vile in exchange for Daumbra.,serve_a_daedra:clavicus,Clavicus Vile,+,S,small,"stage 90 journal: ""I have traded ten dragon souls to Clavicus Vile in exchange for Daumbra. It's time to get her back."" cross-gen KEEP: serve_a_daedra:clavicus(C) from the Clavicus Vile Part B profile, stepped down.",FloatingSwordFollower.esp:03EBF3
0_FloatingSwordQuest02,She Trusted You,91,"Pledged both himself and Daumbra to Clavicus Vile, promising him every soul they take.",serve_a_daedra:clavicus,Akatosh,-,m,small,"stage 91 journal: ""I have pledged both myself and Daumbra to Clavicus Vile. Every soul we take, shall go to him."" cross-gen KEEP: serve_a_daedra:clavicus(m) from the Akatosh Part B profile, stepped down.",FloatingSwordFollower.esp:03EBF3
0_FloatingSwordQuest02,She Trusted You,91,"Pledged both himself and Daumbra to Clavicus Vile, promising him every soul they take.",serve_a_daedra:clavicus,Stendarr,-,m,small,"stage 91 journal: ""I have pledged both myself and Daumbra to Clavicus Vile. Every soul we take, shall go to him."" cross-gen KEEP: serve_a_daedra:clavicus(S) from the Stendarr Part B profile, stepped down.",FloatingSwordFollower.esp:03EBF3
0_FloatingSwordQuest02,She Trusted You,91,"Pledged both himself and Daumbra to Clavicus Vile, promising him every soul they take.",serve_a_daedra:clavicus,Auri-El,-,m,small,"stage 91 journal: ""I have pledged both myself and Daumbra to Clavicus Vile. Every soul we take, shall go to him."" cross-gen KEEP: serve_a_daedra:clavicus(S) from the Auri-El Part B profile, stepped down.",FloatingSwordFollower.esp:03EBF3
0_FloatingSwordQuest02,She Trusted You,91,"Pledged both himself and Daumbra to Clavicus Vile, promising him every soul they take.",serve_a_daedra:clavicus,Clavicus Vile,+,S,small,"stage 91 journal: ""I have pledged both myself and Daumbra to Clavicus Vile. Every soul we take, shall go to him."" cross-gen KEEP: serve_a_daedra:clavicus(C) from the Clavicus Vile Part B profile, stepped down.",FloatingSwordFollower.esp:03EBF3
0_FloatingSwordQuest02,She Trusted You,100,Won Daumbra back from Clavicus Vile and kept faith with the companion who trusted him.,serve_a_daedra:clavicus,Stendarr,-,m,small,"stage 100 journal: ""Daumbra is back with me, and Clavicus Vile will never bother her again. As long as he keeps his word... Also... she loves me."" cross-gen KEEP: serve_a_daedra:clavicus(S) from the Stendarr Part B profile, stepped down.",FloatingSwordFollower.esp:03EBF3
0_FloatingSwordQuest02,She Trusted You,100,Won Daumbra back from Clavicus Vile and kept faith with the companion who trusted him.,keep_oath,Stuhn,+,m,small,"stage 100 journal: ""Daumbra is back with me, and Clavicus Vile will never bother her again. As long as he keeps his word... Also... she loves me."" cross-gen KEEP: keep_oath(S) from the Stuhn Part B profile, stepped down.",FloatingSwordFollower.esp:03EBF3
0_FloatingSwordQuest02,She Trusted You,100,Won Daumbra back from Clavicus Vile and kept faith with the companion who trusted him.,serve_a_daedra:clavicus,Auri-El,-,m,small,"stage 100 journal: ""Daumbra is back with me, and Clavicus Vile will never bother her again. As long as he keeps his word... Also... she loves me."" cross-gen KEEP: serve_a_daedra:clavicus(S) from the Auri-El Part B profile, stepped down.",FloatingSwordFollower.esp:03EBF3
0_FloatingSwordQuest02,She Trusted You,100,Won Daumbra back from Clavicus Vile and kept faith with the companion who trusted him.,keep_oath,Trinimac,+,m,small,"stage 100 journal: ""Daumbra is back with me, and Clavicus Vile will never bother her again. As long as he keeps his word... Also... she loves me."" cross-gen KEEP: keep_oath(S) from the Trinimac Part B profile, stepped down.",FloatingSwordFollower.esp:03EBF3
0_FloatingSwordQuest02,She Trusted You,100,Won Daumbra back from Clavicus Vile and kept faith with the companion who trusted him.,keep_oath,Z'en,+,m,small,"stage 100 journal: ""Daumbra is back with me, and Clavicus Vile will never bother her again. As long as he keeps his word... Also... she loves me."" cross-gen KEEP: keep_oath(m) from the Z'en Part B profile, stepped down.",FloatingSwordFollower.esp:03EBF3
0_FloatingSwordQuest02,She Trusted You,100,Won Daumbra back from Clavicus Vile and kept faith with the companion who trusted him.,keep_oath,Malacath,+,S,small,"stage 100 journal: ""Daumbra is back with me, and Clavicus Vile will never bother her again. As long as he keeps his word... Also... she loves me."" cross-gen KEEP: keep_oath(C) from the Malacath Part B profile, stepped down.",FloatingSwordFollower.esp:03EBF3
0_FloatingSwordQuest02,She Trusted You,100,Won Daumbra back from Clavicus Vile and kept faith with the companion who trusted him.,keep_oath,Mehrunes Dagon,-,m,small,"stage 100 journal: ""Daumbra is back with me, and Clavicus Vile will never bother her again. As long as he keeps his word... Also... she loves me."" cross-gen KEEP: keep_oath(m) from the Mehrunes Dagon Part B profile, stepped down.",FloatingSwordFollower.esp:03EBF3
0_FloatingSwordQuest02,She Trusted You,100,Won Daumbra back from Clavicus Vile and kept faith with the companion who trusted him.,serve_a_daedra:clavicus,Clavicus Vile,+,S,small,"stage 100 journal: ""Daumbra is back with me, and Clavicus Vile will never bother her again. As long as he keeps his word... Also... she loves me."" cross-gen KEEP: serve_a_daedra:clavicus(C) from the Clavicus Vile Part B profile, stepped down.",FloatingSwordFollower.esp:03EBF3
0_FloatingSwordQuest02,She Trusted You,110,Killed Daumbra outright.,break_oath_betray,Akatosh,-,m,small,"stage 110 journal: ""I've killed Daumbra. It's over."" cross-gen KEEP: break_oath_betray(S) from the Akatosh Part B profile, stepped down.",FloatingSwordFollower.esp:03EBF3
0_FloatingSwordQuest02,She Trusted You,110,Killed Daumbra outright.,murder_treacherous,Stendarr,-,m,small,"stage 110 journal: ""I've killed Daumbra. It's over."" cross-gen KEEP: murder_treacherous(S) from the Stendarr Part B profile, stepped down.",FloatingSwordFollower.esp:03EBF3
0_FloatingSwordQuest02,She Trusted You,110,Killed Daumbra outright.,murder_treacherous,Mara,-,m,small,"stage 110 journal: ""I've killed Daumbra. It's over."" cross-gen KEEP: murder_treacherous(m) from the Mara Part B profile, stepped down.",FloatingSwordFollower.esp:03EBF3
0_FloatingSwordQuest02,She Trusted You,110,Killed Daumbra outright.,murder_treacherous,Talos,-,m,small,"stage 110 journal: ""I've killed Daumbra. It's over."" cross-gen KEEP: murder_treacherous(S) from the Talos Part B profile, stepped down.",FloatingSwordFollower.esp:03EBF3
0_FloatingSwordQuest02,She Trusted You,110,Killed Daumbra outright.,murder_treacherous,Shor,-,m,small,"stage 110 journal: ""I've killed Daumbra. It's over."" cross-gen KEEP: murder_treacherous(S) from the Shor Part B profile, stepped down.",FloatingSwordFollower.esp:03EBF3
0_FloatingSwordQuest02,She Trusted You,110,Killed Daumbra outright.,murder_treacherous,Tsun,-,m,small,"stage 110 journal: ""I've killed Daumbra. It's over."" cross-gen KEEP: murder_treacherous(S) from the Tsun Part B profile, stepped down.",FloatingSwordFollower.esp:03EBF3
0_FloatingSwordQuest02,She Trusted You,110,Killed Daumbra outright.,break_oath_betray,Stuhn,-,m,small,"stage 110 journal: ""I've killed Daumbra. It's over."" cross-gen KEEP: break_oath_betray(S) from the Stuhn Part B profile, stepped down.",FloatingSwordFollower.esp:03EBF3
0_FloatingSwordQuest02,She Trusted You,110,Killed Daumbra outright.,break_oath_betray,Trinimac,-,m,small,"stage 110 journal: ""I've killed Daumbra. It's over."" cross-gen KEEP: break_oath_betray(S) from the Trinimac Part B profile, stepped down.",FloatingSwordFollower.esp:03EBF3
0_FloatingSwordQuest02,She Trusted You,110,Killed Daumbra outright.,break_oath_betray,Z'en,-,m,small,"stage 110 journal: ""I've killed Daumbra. It's over."" cross-gen KEEP: break_oath_betray(m) from the Z'en Part B profile, stepped down.",FloatingSwordFollower.esp:03EBF3
0_FloatingSwordQuest02,She Trusted You,110,Killed Daumbra outright.,break_oath_betray,Malacath,-,S,small,"stage 110 journal: ""I've killed Daumbra. It's over."" cross-gen KEEP: break_oath_betray(C) from the Malacath Part B profile, stepped down.",FloatingSwordFollower.esp:03EBF3
0_FloatingSwordQuest02,She Trusted You,110,Killed Daumbra outright.,murder_treacherous,HoonDing,-,m,small,"stage 110 journal: ""I've killed Daumbra. It's over."" cross-gen KEEP: murder_treacherous(m) from the HoonDing Part B profile, stepped down.",FloatingSwordFollower.esp:03EBF3
0_FloatingSwordQuest02,She Trusted You,110,Killed Daumbra outright.,murder_treacherous,Leki,-,m,small,"stage 110 journal: ""I've killed Daumbra. It's over."" cross-gen KEEP: murder_treacherous(S) from the Leki Part B profile, stepped down.",FloatingSwordFollower.esp:03EBF3
0_FloatingSwordQuest02,She Trusted You,110,Killed Daumbra outright.,break_oath_betray,The Hist,-,m,small,"stage 110 journal: ""I've killed Daumbra. It's over."" cross-gen KEEP: break_oath_betray(m) from the The Hist Part B profile, stepped down.",FloatingSwordFollower.esp:03EBF3
0_FloatingSwordQuest02,She Trusted You,110,Killed Daumbra outright.,murder_treacherous,Boethiah,+,m,small,"stage 110 journal: ""I've killed Daumbra. It's over."" cross-gen KEEP: murder_treacherous(S) from the Boethiah Part B profile, stepped down.",FloatingSwordFollower.esp:03EBF3
0_FloatingSwordQuest02,She Trusted You,110,Killed Daumbra outright.,murder_treacherous,Mephala,+,m,small,"stage 110 journal: ""I've killed Daumbra. It's over."" cross-gen KEEP: murder_treacherous(S) from the Mephala Part B profile, stepped down.",FloatingSwordFollower.esp:03EBF3
0_FloatingSwordQuest02,She Trusted You,110,Killed Daumbra outright.,murder_treacherous,Molag Bal,+,m,small,"stage 110 journal: ""I've killed Daumbra. It's over."" cross-gen KEEP: murder_treacherous(S) from the Molag Bal Part B profile, stepped down.",FloatingSwordFollower.esp:03EBF3
0_FloatingSwordQuest02,She Trusted You,110,Killed Daumbra outright.,murder_treacherous,Mehrunes Dagon,+,m,small,"stage 110 journal: ""I've killed Daumbra. It's over."" cross-gen KEEP: murder_treacherous(m) from the Mehrunes Dagon Part B profile, stepped down.",FloatingSwordFollower.esp:03EBF3
0_FloatingSwordQuest02,She Trusted You,110,Killed Daumbra outright.,murder_treacherous,Vaermina,+,m,small,"stage 110 journal: ""I've killed Daumbra. It's over."" cross-gen KEEP: murder_treacherous(m) from the Vaermina Part B profile, stepped down.",FloatingSwordFollower.esp:03EBF3
0_FloatingSwordQuest03,There Is An Umbra,30,"Merged Elhul's blade back into Daumbra at the Atronach Forge, restoring a piece of Umbra to her.",master_craft_forge,Zenithar,+,m,small,"stage 30 journal: ""I've merged Daumbra with Elhul's blade. Did I do the right thing?"" (act ordered at s27 obj: ""Merge Daumbra with Elhul's blade at the Atronach Forge"") cross-gen KEEP: master_craft_forge(S) from the Zenithar Part B profile, stepped down.",FloatingSwordFollower.esp:0BD61A
0_FloatingSwordQuest03,There Is An Umbra,30,"Merged Elhul's blade back into Daumbra at the Atronach Forge, restoring a piece of Umbra to her.",forbidden_knowledge,Julianos,+,m,small,"stage 30 journal: ""I've merged Daumbra with Elhul's blade. Did I do the right thing?"" (act ordered at s27 obj: ""Merge Daumbra with Elhul's blade at the Atronach Forge"") cross-gen KEEP: forbidden_knowledge(m) from the Julianos Part B profile, stepped down.",FloatingSwordFollower.esp:0BD61A
0_FloatingSwordQuest03,There Is An Umbra,30,"Merged Elhul's blade back into Daumbra at the Atronach Forge, restoring a piece of Umbra to her.",forbidden_knowledge,Magnus,+,m,small,"stage 30 journal: ""I've merged Daumbra with Elhul's blade. Did I do the right thing?"" (act ordered at s27 obj: ""Merge Daumbra with Elhul's blade at the Atronach Forge"") cross-gen KEEP: forbidden_knowledge(m) from the Magnus Part B profile, stepped down.",FloatingSwordFollower.esp:0BD61A
0_FloatingSwordQuest03,There Is An Umbra,30,"Merged Elhul's blade back into Daumbra at the Atronach Forge, restoring a piece of Umbra to her.",master_craft_forge,Malacath,+,m,small,"stage 30 journal: ""I've merged Daumbra with Elhul's blade. Did I do the right thing?"" (act ordered at s27 obj: ""Merge Daumbra with Elhul's blade at the Atronach Forge"") cross-gen KEEP: master_craft_forge(S) from the Malacath Part B profile, stepped down.",FloatingSwordFollower.esp:0BD61A
0_FloatingSwordQuest03,There Is An Umbra,30,"Merged Elhul's blade back into Daumbra at the Atronach Forge, restoring a piece of Umbra to her.",forbidden_knowledge,Hermaeus Mora,+,S,small,"stage 30 journal: ""I've merged Daumbra with Elhul's blade. Did I do the right thing?"" (act ordered at s27 obj: ""Merge Daumbra with Elhul's blade at the Atronach Forge"") cross-gen KEEP: forbidden_knowledge(C) from the Hermaeus Mora Part B profile, stepped down.",FloatingSwordFollower.esp:0BD61A
0_FloatingSwordQuest03,There Is An Umbra,30,"Merged Elhul's blade back into Daumbra at the Atronach Forge, restoring a piece of Umbra to her.",forbidden_knowledge,Vaermina,+,m,small,"stage 30 journal: ""I've merged Daumbra with Elhul's blade. Did I do the right thing?"" (act ordered at s27 obj: ""Merge Daumbra with Elhul's blade at the Atronach Forge"") cross-gen KEEP: forbidden_knowledge(m) from the Vaermina Part B profile, stepped down.",FloatingSwordFollower.esp:0BD61A
0_FloatingSwordQuest03,There Is An Umbra,160,Harvested body parts from ten female corpses to build Daumbra a flesh-and-blood body.,desecrate_the_dead,Arkay,-,S,small,"stage 160 journal: ""I've collected enough body parts for Naenra. We must return to her and see what she has prepared."" (act at s150 obj: ""Use Naenra's spell on 10 female corpses to gather parts for Daumbra's body"") cross-gen KEEP: desecrate_the_dead(C) from the Arkay Part B profile, stepped down.",FloatingSwordFollower.esp:0BD61A
0_FloatingSwordQuest03,There Is An Umbra,160,Harvested body parts from ten female corpses to build Daumbra a flesh-and-blood body.,necromancy,Kynareth,-,m,small,"stage 160 journal: ""I've collected enough body parts for Naenra. We must return to her and see what she has prepared."" (act at s150 obj: ""Use Naenra's spell on 10 female corpses to gather parts for Daumbra's body"") cross-gen KEEP: necromancy(m) from the Kynareth Part B profile, stepped down.",FloatingSwordFollower.esp:0BD61A
0_FloatingSwordQuest03,There Is An Umbra,160,Harvested body parts from ten female corpses to build Daumbra a flesh-and-blood body.,desecrate_the_dead,Xarxes,-,m,small,"stage 160 journal: ""I've collected enough body parts for Naenra. We must return to her and see what she has prepared."" (act at s150 obj: ""Use Naenra's spell on 10 female corpses to gather parts for Daumbra's body"") cross-gen KEEP: desecrate_the_dead(S) from the Xarxes Part B profile, stepped down.",FloatingSwordFollower.esp:0BD61A
0_FloatingSwordQuest03,There Is An Umbra,160,Harvested body parts from ten female corpses to build Daumbra a flesh-and-blood body.,necromancy,Syrabane,-,m,small,"stage 160 journal: ""I've collected enough body parts for Naenra. We must return to her and see what she has prepared."" (act at s150 obj: ""Use Naenra's spell on 10 female corpses to gather parts for Daumbra's body"") cross-gen KEEP: necromancy(S) from the Syrabane Part B profile, stepped down.",FloatingSwordFollower.esp:0BD61A
0_FloatingSwordQuest03,There Is An Umbra,160,Harvested body parts from ten female corpses to build Daumbra a flesh-and-blood body.,necromancy,Y'ffre,-,m,small,"stage 160 journal: ""I've collected enough body parts for Naenra. We must return to her and see what she has prepared."" (act at s150 obj: ""Use Naenra's spell on 10 female corpses to gather parts for Daumbra's body"") cross-gen KEEP: necromancy(S) from the Y'ffre Part B profile, stepped down.",FloatingSwordFollower.esp:0BD61A
0_FloatingSwordQuest03,There Is An Umbra,160,Harvested body parts from ten female corpses to build Daumbra a flesh-and-blood body.,desecrate_the_dead,Azura,-,m,small,"stage 160 journal: ""I've collected enough body parts for Naenra. We must return to her and see what she has prepared."" (act at s150 obj: ""Use Naenra's spell on 10 female corpses to gather parts for Daumbra's body"") cross-gen KEEP: desecrate_the_dead(m) from the Azura Part B profile, stepped down.",FloatingSwordFollower.esp:0BD61A
0_FloatingSwordQuest03,There Is An Umbra,160,Harvested body parts from ten female corpses to build Daumbra a flesh-and-blood body.,necromancy,Tu'whacca,-,S,small,"stage 160 journal: ""I've collected enough body parts for Naenra. We must return to her and see what she has prepared."" (act at s150 obj: ""Use Naenra's spell on 10 female corpses to gather parts for Daumbra's body"") cross-gen KEEP: necromancy(C) from the Tu'whacca Part B profile, stepped down.",FloatingSwordFollower.esp:0BD61A
0_FloatingSwordQuest03,There Is An Umbra,160,Harvested body parts from ten female corpses to build Daumbra a flesh-and-blood body.,necromancy,The Hist,-,m,small,"stage 160 journal: ""I've collected enough body parts for Naenra. We must return to her and see what she has prepared."" (act at s150 obj: ""Use Naenra's spell on 10 female corpses to gather parts for Daumbra's body"") cross-gen KEEP: necromancy(S) from the The Hist Part B profile, stepped down.",FloatingSwordFollower.esp:0BD61A
0_FloatingSwordQuest03,There Is An Umbra,160,Harvested body parts from ten female corpses to build Daumbra a flesh-and-blood body.,necromancy,Meridia,-,S,small,"stage 160 journal: ""I've collected enough body parts for Naenra. We must return to her and see what she has prepared."" (act at s150 obj: ""Use Naenra's spell on 10 female corpses to gather parts for Daumbra's body"") cross-gen KEEP: necromancy(C) from the Meridia Part B profile, stepped down.",FloatingSwordFollower.esp:0BD61A
0_FloatingSwordQuest03,There Is An Umbra,160,Harvested body parts from ten female corpses to build Daumbra a flesh-and-blood body.,desecrate_the_dead,Namira,+,m,small,"stage 160 journal: ""I've collected enough body parts for Naenra. We must return to her and see what she has prepared."" (act at s150 obj: ""Use Naenra's spell on 10 female corpses to gather parts for Daumbra's body"") cross-gen KEEP: desecrate_the_dead(S) from the Namira Part B profile, stepped down.",FloatingSwordFollower.esp:0BD61A
0_FloatingSwordQuest03,There Is An Umbra,190,Harvested ten more corpses so Daumbra could permanently inhabit human bodies.,desecrate_the_dead,Arkay,-,S,small,"stage 190 journal: ""Daumbra is now capable to permanently inhabit flesh-and-blood bodies. We should return to Naenra and learn what she meant when she said 'final chapter'."" cross-gen KEEP: desecrate_the_dead(C) from the Arkay Part B profile, stepped down.",FloatingSwordFollower.esp:0BD61A
0_FloatingSwordQuest03,There Is An Umbra,190,Harvested ten more corpses so Daumbra could permanently inhabit human bodies.,necromancy,Kynareth,-,m,small,"stage 190 journal: ""Daumbra is now capable to permanently inhabit flesh-and-blood bodies. We should return to Naenra and learn what she meant when she said 'final chapter'."" cross-gen KEEP: necromancy(m) from the Kynareth Part B profile, stepped down.",FloatingSwordFollower.esp:0BD61A
0_FloatingSwordQuest03,There Is An Umbra,190,Harvested ten more corpses so Daumbra could permanently inhabit human bodies.,desecrate_the_dead,Xarxes,-,m,small,"stage 190 journal: ""Daumbra is now capable to permanently inhabit flesh-and-blood bodies. We should return to Naenra and learn what she meant when she said 'final chapter'."" cross-gen KEEP: desecrate_the_dead(S) from the Xarxes Part B profile, stepped down.",FloatingSwordFollower.esp:0BD61A
0_FloatingSwordQuest03,There Is An Umbra,190,Harvested ten more corpses so Daumbra could permanently inhabit human bodies.,necromancy,Syrabane,-,m,small,"stage 190 journal: ""Daumbra is now capable to permanently inhabit flesh-and-blood bodies. We should return to Naenra and learn what she meant when she said 'final chapter'."" cross-gen KEEP: necromancy(S) from the Syrabane Part B profile, stepped down.",FloatingSwordFollower.esp:0BD61A
0_FloatingSwordQuest03,There Is An Umbra,190,Harvested ten more corpses so Daumbra could permanently inhabit human bodies.,necromancy,Y'ffre,-,m,small,"stage 190 journal: ""Daumbra is now capable to permanently inhabit flesh-and-blood bodies. We should return to Naenra and learn what she meant when she said 'final chapter'."" cross-gen KEEP: necromancy(S) from the Y'ffre Part B profile, stepped down.",FloatingSwordFollower.esp:0BD61A
0_FloatingSwordQuest03,There Is An Umbra,190,Harvested ten more corpses so Daumbra could permanently inhabit human bodies.,desecrate_the_dead,Azura,-,m,small,"stage 190 journal: ""Daumbra is now capable to permanently inhabit flesh-and-blood bodies. We should return to Naenra and learn what she meant when she said 'final chapter'."" cross-gen KEEP: desecrate_the_dead(m) from the Azura Part B profile, stepped down.",FloatingSwordFollower.esp:0BD61A
0_FloatingSwordQuest03,There Is An Umbra,190,Harvested ten more corpses so Daumbra could permanently inhabit human bodies.,necromancy,Tu'whacca,-,S,small,"stage 190 journal: ""Daumbra is now capable to permanently inhabit flesh-and-blood bodies. We should return to Naenra and learn what she meant when she said 'final chapter'."" cross-gen KEEP: necromancy(C) from the Tu'whacca Part B profile, stepped down.",FloatingSwordFollower.esp:0BD61A
0_FloatingSwordQuest03,There Is An Umbra,190,Harvested ten more corpses so Daumbra could permanently inhabit human bodies.,necromancy,The Hist,-,m,small,"stage 190 journal: ""Daumbra is now capable to permanently inhabit flesh-and-blood bodies. We should return to Naenra and learn what she meant when she said 'final chapter'."" cross-gen KEEP: necromancy(S) from the The Hist Part B profile, stepped down.",FloatingSwordFollower.esp:0BD61A
0_FloatingSwordQuest03,There Is An Umbra,190,Harvested ten more corpses so Daumbra could permanently inhabit human bodies.,necromancy,Meridia,-,S,small,"stage 190 journal: ""Daumbra is now capable to permanently inhabit flesh-and-blood bodies. We should return to Naenra and learn what she meant when she said 'final chapter'."" cross-gen KEEP: necromancy(C) from the Meridia Part B profile, stepped down.",FloatingSwordFollower.esp:0BD61A
0_FloatingSwordQuest03,There Is An Umbra,190,Harvested ten more corpses so Daumbra could permanently inhabit human bodies.,desecrate_the_dead,Namira,+,m,small,"stage 190 journal: ""Daumbra is now capable to permanently inhabit flesh-and-blood bodies. We should return to Naenra and learn what she meant when she said 'final chapter'."" cross-gen KEEP: desecrate_the_dead(S) from the Namira Part B profile, stepped down.",FloatingSwordFollower.esp:0BD61A
0_FloatingSwordQuest03,There Is An Umbra,195,Refused to let Daumbra take over human bodies and stopped the corpse harvest.,honor_the_dead,Arkay,+,S,small,"stage 195 journal: ""I didn't want Daumbra to be able to take over human bodies. We should return to Naenra and learn what else she has in mind for us."" cross-gen KEEP: honor_the_dead(C) from the Arkay Part B profile, stepped down.",FloatingSwordFollower.esp:0BD61A
0_FloatingSwordQuest03,There Is An Umbra,195,Refused to let Daumbra take over human bodies and stopped the corpse harvest.,honor_the_dead,Shor,+,m,small,"stage 195 journal: ""I didn't want Daumbra to be able to take over human bodies. We should return to Naenra and learn what else she has in mind for us."" cross-gen KEEP: honor_the_dead(m) from the Shor Part B profile, stepped down.",FloatingSwordFollower.esp:0BD61A
0_FloatingSwordQuest03,There Is An Umbra,195,Refused to let Daumbra take over human bodies and stopped the corpse harvest.,honor_the_dead,Auri-El,+,m,small,"stage 195 journal: ""I didn't want Daumbra to be able to take over human bodies. We should return to Naenra and learn what else she has in mind for us."" cross-gen KEEP: honor_the_dead(m) from the Auri-El Part B profile, stepped down.",FloatingSwordFollower.esp:0BD61A
0_FloatingSwordQuest03,There Is An Umbra,195,Refused to let Daumbra take over human bodies and stopped the corpse harvest.,honor_the_dead,Xarxes,+,S,small,"stage 195 journal: ""I didn't want Daumbra to be able to take over human bodies. We should return to Naenra and learn what else she has in mind for us."" cross-gen KEEP: honor_the_dead(C) from the Xarxes Part B profile, stepped down.",FloatingSwordFollower.esp:0BD61A
0_FloatingSwordQuest03,There Is An Umbra,195,Refused to let Daumbra take over human bodies and stopped the corpse harvest.,honor_the_dead,Azura,+,m,small,"stage 195 journal: ""I didn't want Daumbra to be able to take over human bodies. We should return to Naenra and learn what else she has in mind for us."" cross-gen KEEP: honor_the_dead(m) from the Azura Part B profile, stepped down.",FloatingSwordFollower.esp:0BD61A
0_FloatingSwordQuest03,There Is An Umbra,195,Refused to let Daumbra take over human bodies and stopped the corpse harvest.,honor_the_dead,Khenarthi,+,m,small,"stage 195 journal: ""I didn't want Daumbra to be able to take over human bodies. We should return to Naenra and learn what else she has in mind for us."" cross-gen KEEP: honor_the_dead(m) from the Khenarthi Part B profile, stepped down.",FloatingSwordFollower.esp:0BD61A
0_FloatingSwordQuest03,There Is An Umbra,195,Refused to let Daumbra take over human bodies and stopped the corpse harvest.,honor_the_dead,Tu'whacca,+,S,small,"stage 195 journal: ""I didn't want Daumbra to be able to take over human bodies. We should return to Naenra and learn what else she has in mind for us."" cross-gen KEEP: honor_the_dead(C) from the Tu'whacca Part B profile, stepped down.",FloatingSwordFollower.esp:0BD61A
0_FloatingSwordQuest03,There Is An Umbra,195,Refused to let Daumbra take over human bodies and stopped the corpse harvest.,honor_the_dead,The Hist,+,m,small,"stage 195 journal: ""I didn't want Daumbra to be able to take over human bodies. We should return to Naenra and learn what else she has in mind for us."" cross-gen KEEP: honor_the_dead(m) from the The Hist Part B profile, stepped down.",FloatingSwordFollower.esp:0BD61A
0_FloatingSwordQuest03,There Is An Umbra,260,Sacrificed his own soul in place of Clavicus' godflesh so Daumbra would be free of both Clavicus and the Ideal Masters.,ritual_sacrifice,Mara,-,m,small,"stage 260 journal: ""I have sacrificed myself, so that Daumbra will neither have the Ideal Masters nor Clavicus inside of her."" cross-gen KEEP: ritual_sacrifice(S) from the Mara Part B profile, stepped down.",FloatingSwordFollower.esp:0BD61A
0_FloatingSwordQuest03,There Is An Umbra,260,Sacrificed his own soul in place of Clavicus' godflesh so Daumbra would be free of both Clavicus and the Ideal Masters.,ritual_sacrifice,Arkay,-,m,small,"stage 260 journal: ""I have sacrificed myself, so that Daumbra will neither have the Ideal Masters nor Clavicus inside of her."" cross-gen KEEP: ritual_sacrifice(m) from the Arkay Part B profile, stepped down.",FloatingSwordFollower.esp:0BD61A
0_FloatingSwordQuest03,There Is An Umbra,260,Sacrificed his own soul in place of Clavicus' godflesh so Daumbra would be free of both Clavicus and the Ideal Masters.,ritual_sacrifice,Boethiah,+,m,small,"stage 260 journal: ""I have sacrificed myself, so that Daumbra will neither have the Ideal Masters nor Clavicus inside of her."" cross-gen KEEP: ritual_sacrifice(S) from the Boethiah Part B profile, stepped down.",FloatingSwordFollower.esp:0BD61A
0_FloatingSwordQuest03,There Is An Umbra,260,Sacrificed his own soul in place of Clavicus' godflesh so Daumbra would be free of both Clavicus and the Ideal Masters.,ritual_sacrifice,Molag Bal,+,m,small,"stage 260 journal: ""I have sacrificed myself, so that Daumbra will neither have the Ideal Masters nor Clavicus inside of her."" cross-gen KEEP: ritual_sacrifice(S) from the Molag Bal Part B profile, stepped down.",FloatingSwordFollower.esp:0BD61A
0_FloatingSwordQuest03,There Is An Umbra,280,"Went to Daumbra and healed her, standing as her light so she could win the battle inside herself.",heal_comfort,Mara,+,S,small,"stage 280 journal: ""Daumbra has defeated Umbra, within her. The battle is won!"" (act at s270 obj: ""You are the light in Daumbra's darkness. Go to her and heal her!"") cross-gen KEEP: heal_comfort(C) from the Mara Part B profile, stepped down.",FloatingSwordFollower.esp:0BD61A
0_FloatingSwordQuest03,There Is An Umbra,280,"Went to Daumbra and healed her, standing as her light so she could win the battle inside herself.",heal_comfort,Dibella,+,m,small,"stage 280 journal: ""Daumbra has defeated Umbra, within her. The battle is won!"" (act at s270 obj: ""You are the light in Daumbra's darkness. Go to her and heal her!"") cross-gen KEEP: heal_comfort(S) from the Dibella Part B profile, stepped down.",FloatingSwordFollower.esp:0BD61A
0_FloatingSwordQuest03,There Is An Umbra,280,"Went to Daumbra and healed her, standing as her light so she could win the battle inside herself.",heal_comfort,Kynareth,+,m,small,"stage 280 journal: ""Daumbra has defeated Umbra, within her. The battle is won!"" (act at s270 obj: ""You are the light in Daumbra's darkness. Go to her and heal her!"") cross-gen KEEP: heal_comfort(m) from the Kynareth Part B profile, stepped down.",FloatingSwordFollower.esp:0BD61A
0_FloatingSwordQuest03,There Is An Umbra,280,"Went to Daumbra and healed her, standing as her light so she could win the battle inside herself.",heal_comfort,The Hist,+,m,small,"stage 280 journal: ""Daumbra has defeated Umbra, within her. The battle is won!"" (act at s270 obj: ""You are the light in Daumbra's darkness. Go to her and heal her!"") cross-gen KEEP: heal_comfort(m) from the The Hist Part B profile, stepped down.",FloatingSwordFollower.esp:0BD61A
0_FloatingSwordQuest03,There Is An Umbra,290,Stayed with Daumbra after she overcame Umbra.,keep_oath,Akatosh,+,m,small,"stage 290 journal: ""No matter what the future holds in store for us... Daumbra's story with me has only just begun."" cross-gen KEEP: keep_oath(S) from the Akatosh Part B profile, stepped down.",FloatingSwordFollower.esp:0BD61A
0_FloatingSwordQuest03,There Is An Umbra,290,Stayed with Daumbra after she overcame Umbra.,keep_oath,Stuhn,+,m,small,"stage 290 journal: ""No matter what the future holds in store for us... Daumbra's story with me has only just begun."" cross-gen KEEP: keep_oath(S) from the Stuhn Part B profile, stepped down.",FloatingSwordFollower.esp:0BD61A
0_FloatingSwordQuest03,There Is An Umbra,290,Stayed with Daumbra after she overcame Umbra.,keep_oath,Trinimac,+,m,small,"stage 290 journal: ""No matter what the future holds in store for us... Daumbra's story with me has only just begun."" cross-gen KEEP: keep_oath(S) from the Trinimac Part B profile, stepped down.",FloatingSwordFollower.esp:0BD61A
0_FloatingSwordQuest03,There Is An Umbra,290,Stayed with Daumbra after she overcame Umbra.,keep_oath,Z'en,+,m,small,"stage 290 journal: ""No matter what the future holds in store for us... Daumbra's story with me has only just begun."" cross-gen KEEP: keep_oath(m) from the Z'en Part B profile, stepped down.",FloatingSwordFollower.esp:0BD61A
0_FloatingSwordQuest03,There Is An Umbra,290,Stayed with Daumbra after she overcame Umbra.,keep_oath,Malacath,+,S,small,"stage 290 journal: ""No matter what the future holds in store for us... Daumbra's story with me has only just begun."" cross-gen KEEP: keep_oath(C) from the Malacath Part B profile, stepped down.",FloatingSwordFollower.esp:0BD61A
0_FloatingSwordQuest03,There Is An Umbra,290,Stayed with Daumbra after she overcame Umbra.,keep_oath,Mehrunes Dagon,-,m,small,"stage 290 journal: ""No matter what the future holds in store for us... Daumbra's story with me has only just begun."" cross-gen KEEP: keep_oath(m) from the Mehrunes Dagon Part B profile, stepped down.",FloatingSwordFollower.esp:0BD61A
0_FloatingSwordQuest03,There Is An Umbra,305,"Refused to harvest human bodies on principle, leaving Daumbra a sword.",honor_the_dead,Arkay,+,S,small,"stage 305 journal: ""In the end, I didn't want to pursue a gruesome exercise in harvesting human bodies. It's just not in my values. Daumbra will have to remain a sword. Although... it seems she no longer likes me as much."" cross-gen KEEP: honor_the_dead(C) from the Arkay Part B profile, stepped down.",FloatingSwordFollower.esp:0BD61A
0_FloatingSwordQuest03,There Is An Umbra,305,"Refused to harvest human bodies on principle, leaving Daumbra a sword.",honor_the_dead,Shor,+,m,small,"stage 305 journal: ""In the end, I didn't want to pursue a gruesome exercise in harvesting human bodies. It's just not in my values. Daumbra will have to remain a sword. Although... it seems she no longer likes me as much."" cross-gen KEEP: honor_the_dead(m) from the Shor Part B profile, stepped down.",FloatingSwordFollower.esp:0BD61A
0_FloatingSwordQuest03,There Is An Umbra,305,"Refused to harvest human bodies on principle, leaving Daumbra a sword.",honor_the_dead,Auri-El,+,m,small,"stage 305 journal: ""In the end, I didn't want to pursue a gruesome exercise in harvesting human bodies. It's just not in my values. Daumbra will have to remain a sword. Although... it seems she no longer likes me as much."" cross-gen KEEP: honor_the_dead(m) from the Auri-El Part B profile, stepped down.",FloatingSwordFollower.esp:0BD61A
0_FloatingSwordQuest03,There Is An Umbra,305,"Refused to harvest human bodies on principle, leaving Daumbra a sword.",honor_the_dead,Xarxes,+,S,small,"stage 305 journal: ""In the end, I didn't want to pursue a gruesome exercise in harvesting human bodies. It's just not in my values. Daumbra will have to remain a sword. Although... it seems she no longer likes me as much."" cross-gen KEEP: honor_the_dead(C) from the Xarxes Part B profile, stepped down.",FloatingSwordFollower.esp:0BD61A
0_FloatingSwordQuest03,There Is An Umbra,305,"Refused to harvest human bodies on principle, leaving Daumbra a sword.",honor_the_dead,Azura,+,m,small,"stage 305 journal: ""In the end, I didn't want to pursue a gruesome exercise in harvesting human bodies. It's just not in my values. Daumbra will have to remain a sword. Although... it seems she no longer likes me as much."" cross-gen KEEP: honor_the_dead(m) from the Azura Part B profile, stepped down.",FloatingSwordFollower.esp:0BD61A
0_FloatingSwordQuest03,There Is An Umbra,305,"Refused to harvest human bodies on principle, leaving Daumbra a sword.",honor_the_dead,Khenarthi,+,m,small,"stage 305 journal: ""In the end, I didn't want to pursue a gruesome exercise in harvesting human bodies. It's just not in my values. Daumbra will have to remain a sword. Although... it seems she no longer likes me as much."" cross-gen KEEP: honor_the_dead(m) from the Khenarthi Part B profile, stepped down.",FloatingSwordFollower.esp:0BD61A
0_FloatingSwordQuest03,There Is An Umbra,305,"Refused to harvest human bodies on principle, leaving Daumbra a sword.",honor_the_dead,Tu'whacca,+,S,small,"stage 305 journal: ""In the end, I didn't want to pursue a gruesome exercise in harvesting human bodies. It's just not in my values. Daumbra will have to remain a sword. Although... it seems she no longer likes me as much."" cross-gen KEEP: honor_the_dead(C) from the Tu'whacca Part B profile, stepped down.",FloatingSwordFollower.esp:0BD61A
0_FloatingSwordQuest03,There Is An Umbra,305,"Refused to harvest human bodies on principle, leaving Daumbra a sword.",honor_the_dead,The Hist,+,m,small,"stage 305 journal: ""In the end, I didn't want to pursue a gruesome exercise in harvesting human bodies. It's just not in my values. Daumbra will have to remain a sword. Although... it seems she no longer likes me as much."" cross-gen KEEP: honor_the_dead(m) from the The Hist Part B profile, stepped down.",FloatingSwordFollower.esp:0BD61A
0_FloatingSwordQuest03,There Is An Umbra,310,"Killed Naenra while carrying Umbra, letting Umbra's reign begin.",break_oath_betray,Akatosh,-,m,small,"stage 310 journal: ""Naenra is dead. Now nothing can stop me. After aeons in exile, I have now returned, and not even Clavicus could stand in my way! Let the reign of Umbra begin!"" (act at s252 obj: ""Don't kill Naenra! She's trying to save you!"") cross-gen KEEP: break_oath_betray(S) from the Akatosh Part B profile, stepped down.",FloatingSwordFollower.esp:0BD61A
0_FloatingSwordQuest03,There Is An Umbra,310,"Killed Naenra while carrying Umbra, letting Umbra's reign begin.",murder_treacherous,Stendarr,-,m,small,"stage 310 journal: ""Naenra is dead. Now nothing can stop me. After aeons in exile, I have now returned, and not even Clavicus could stand in my way! Let the reign of Umbra begin!"" (act at s252 obj: ""Don't kill Naenra! She's trying to save you!"") cross-gen KEEP: murder_treacherous(S) from the Stendarr Part B profile, stepped down.",FloatingSwordFollower.esp:0BD61A
0_FloatingSwordQuest03,There Is An Umbra,310,"Killed Naenra while carrying Umbra, letting Umbra's reign begin.",murder_treacherous,Mara,-,m,small,"stage 310 journal: ""Naenra is dead. Now nothing can stop me. After aeons in exile, I have now returned, and not even Clavicus could stand in my way! Let the reign of Umbra begin!"" (act at s252 obj: ""Don't kill Naenra! She's trying to save you!"") cross-gen KEEP: murder_treacherous(m) from the Mara Part B profile, stepped down.",FloatingSwordFollower.esp:0BD61A
0_FloatingSwordQuest03,There Is An Umbra,310,"Killed Naenra while carrying Umbra, letting Umbra's reign begin.",murder_treacherous,Talos,-,m,small,"stage 310 journal: ""Naenra is dead. Now nothing can stop me. After aeons in exile, I have now returned, and not even Clavicus could stand in my way! Let the reign of Umbra begin!"" (act at s252 obj: ""Don't kill Naenra! She's trying to save you!"") cross-gen KEEP: murder_treacherous(S) from the Talos Part B profile, stepped down.",FloatingSwordFollower.esp:0BD61A
0_FloatingSwordQuest03,There Is An Umbra,310,"Killed Naenra while carrying Umbra, letting Umbra's reign begin.",murder_treacherous,Shor,-,m,small,"stage 310 journal: ""Naenra is dead. Now nothing can stop me. After aeons in exile, I have now returned, and not even Clavicus could stand in my way! Let the reign of Umbra begin!"" (act at s252 obj: ""Don't kill Naenra! She's trying to save you!"") cross-gen KEEP: murder_treacherous(S) from the Shor Part B profile, stepped down.",FloatingSwordFollower.esp:0BD61A
0_FloatingSwordQuest03,There Is An Umbra,310,"Killed Naenra while carrying Umbra, letting Umbra's reign begin.",murder_treacherous,Tsun,-,m,small,"stage 310 journal: ""Naenra is dead. Now nothing can stop me. After aeons in exile, I have now returned, and not even Clavicus could stand in my way! Let the reign of Umbra begin!"" (act at s252 obj: ""Don't kill Naenra! She's trying to save you!"") cross-gen KEEP: murder_treacherous(S) from the Tsun Part B profile, stepped down.",FloatingSwordFollower.esp:0BD61A
0_FloatingSwordQuest03,There Is An Umbra,310,"Killed Naenra while carrying Umbra, letting Umbra's reign begin.",break_oath_betray,Stuhn,-,m,small,"stage 310 journal: ""Naenra is dead. Now nothing can stop me. After aeons in exile, I have now returned, and not even Clavicus could stand in my way! Let the reign of Umbra begin!"" (act at s252 obj: ""Don't kill Naenra! She's trying to save you!"") cross-gen KEEP: break_oath_betray(S) from the Stuhn Part B profile, stepped down.",FloatingSwordFollower.esp:0BD61A
0_FloatingSwordQuest03,There Is An Umbra,310,"Killed Naenra while carrying Umbra, letting Umbra's reign begin.",break_oath_betray,Trinimac,-,m,small,"stage 310 journal: ""Naenra is dead. Now nothing can stop me. After aeons in exile, I have now returned, and not even Clavicus could stand in my way! Let the reign of Umbra begin!"" (act at s252 obj: ""Don't kill Naenra! She's trying to save you!"") cross-gen KEEP: break_oath_betray(S) from the Trinimac Part B profile, stepped down.",FloatingSwordFollower.esp:0BD61A
0_FloatingSwordQuest03,There Is An Umbra,310,"Killed Naenra while carrying Umbra, letting Umbra's reign begin.",break_oath_betray,Z'en,-,m,small,"stage 310 journal: ""Naenra is dead. Now nothing can stop me. After aeons in exile, I have now returned, and not even Clavicus could stand in my way! Let the reign of Umbra begin!"" (act at s252 obj: ""Don't kill Naenra! She's trying to save you!"") cross-gen KEEP: break_oath_betray(m) from the Z'en Part B profile, stepped down.",FloatingSwordFollower.esp:0BD61A
0_FloatingSwordQuest03,There Is An Umbra,310,"Killed Naenra while carrying Umbra, letting Umbra's reign begin.",break_oath_betray,Malacath,-,S,small,"stage 310 journal: ""Naenra is dead. Now nothing can stop me. After aeons in exile, I have now returned, and not even Clavicus could stand in my way! Let the reign of Umbra begin!"" (act at s252 obj: ""Don't kill Naenra! She's trying to save you!"") cross-gen KEEP: break_oath_betray(C) from the Malacath Part B profile, stepped down.",FloatingSwordFollower.esp:0BD61A
0_FloatingSwordQuest03,There Is An Umbra,310,"Killed Naenra while carrying Umbra, letting Umbra's reign begin.",murder_treacherous,HoonDing,-,m,small,"stage 310 journal: ""Naenra is dead. Now nothing can stop me. After aeons in exile, I have now returned, and not even Clavicus could stand in my way! Let the reign of Umbra begin!"" (act at s252 obj: ""Don't kill Naenra! She's trying to save you!"") cross-gen KEEP: murder_treacherous(m) from the HoonDing Part B profile, stepped down.",FloatingSwordFollower.esp:0BD61A
0_FloatingSwordQuest03,There Is An Umbra,310,"Killed Naenra while carrying Umbra, letting Umbra's reign begin.",murder_treacherous,Leki,-,m,small,"stage 310 journal: ""Naenra is dead. Now nothing can stop me. After aeons in exile, I have now returned, and not even Clavicus could stand in my way! Let the reign of Umbra begin!"" (act at s252 obj: ""Don't kill Naenra! She's trying to save you!"") cross-gen KEEP: murder_treacherous(S) from the Leki Part B profile, stepped down.",FloatingSwordFollower.esp:0BD61A
0_FloatingSwordQuest03,There Is An Umbra,310,"Killed Naenra while carrying Umbra, letting Umbra's reign begin.",break_oath_betray,The Hist,-,m,small,"stage 310 journal: ""Naenra is dead. Now nothing can stop me. After aeons in exile, I have now returned, and not even Clavicus could stand in my way! Let the reign of Umbra begin!"" (act at s252 obj: ""Don't kill Naenra! She's trying to save you!"") cross-gen KEEP: break_oath_betray(m) from the The Hist Part B profile, stepped down.",FloatingSwordFollower.esp:0BD61A
0_FloatingSwordQuest03,There Is An Umbra,310,"Killed Naenra while carrying Umbra, letting Umbra's reign begin.",murder_treacherous,Boethiah,+,m,small,"stage 310 journal: ""Naenra is dead. Now nothing can stop me. After aeons in exile, I have now returned, and not even Clavicus could stand in my way! Let the reign of Umbra begin!"" (act at s252 obj: ""Don't kill Naenra! She's trying to save you!"") cross-gen KEEP: murder_treacherous(S) from the Boethiah Part B profile, stepped down.",FloatingSwordFollower.esp:0BD61A
0_FloatingSwordQuest03,There Is An Umbra,310,"Killed Naenra while carrying Umbra, letting Umbra's reign begin.",murder_treacherous,Mephala,+,m,small,"stage 310 journal: ""Naenra is dead. Now nothing can stop me. After aeons in exile, I have now returned, and not even Clavicus could stand in my way! Let the reign of Umbra begin!"" (act at s252 obj: ""Don't kill Naenra! She's trying to save you!"") cross-gen KEEP: murder_treacherous(S) from the Mephala Part B profile, stepped down.",FloatingSwordFollower.esp:0BD61A
0_FloatingSwordQuest03,There Is An Umbra,310,"Killed Naenra while carrying Umbra, letting Umbra's reign begin.",murder_treacherous,Molag Bal,+,m,small,"stage 310 journal: ""Naenra is dead. Now nothing can stop me. After aeons in exile, I have now returned, and not even Clavicus could stand in my way! Let the reign of Umbra begin!"" (act at s252 obj: ""Don't kill Naenra! She's trying to save you!"") cross-gen KEEP: murder_treacherous(S) from the Molag Bal Part B profile, stepped down.",FloatingSwordFollower.esp:0BD61A
0_FloatingSwordQuest03,There Is An Umbra,310,"Killed Naenra while carrying Umbra, letting Umbra's reign begin.",murder_treacherous,Mehrunes Dagon,+,m,small,"stage 310 journal: ""Naenra is dead. Now nothing can stop me. After aeons in exile, I have now returned, and not even Clavicus could stand in my way! Let the reign of Umbra begin!"" (act at s252 obj: ""Don't kill Naenra! She's trying to save you!"") cross-gen KEEP: murder_treacherous(m) from the Mehrunes Dagon Part B profile, stepped down.",FloatingSwordFollower.esp:0BD61A
0_FloatingSwordQuest03,There Is An Umbra,310,"Killed Naenra while carrying Umbra, letting Umbra's reign begin.",murder_treacherous,Vaermina,+,m,small,"stage 310 journal: ""Naenra is dead. Now nothing can stop me. After aeons in exile, I have now returned, and not even Clavicus could stand in my way! Let the reign of Umbra begin!"" (act at s252 obj: ""Don't kill Naenra! She's trying to save you!"") cross-gen KEEP: murder_treacherous(m) from the Vaermina Part B profile, stepped down.",FloatingSwordFollower.esp:0BD61A
0_FloatingSwordQuest03,There Is An Umbra,330,"Killed Naenra, the ally who had been trying to save him.",murder_treacherous,Stendarr,-,m,small,"stage 330 journal: ""Naenra is dead. I will never know what other secrets she could have revealed about Daumbra."" cross-gen KEEP: murder_treacherous(S) from the Stendarr Part B profile, stepped down.",FloatingSwordFollower.esp:0BD61A
0_FloatingSwordQuest03,There Is An Umbra,330,"Killed Naenra, the ally who had been trying to save him.",murder_treacherous,Mara,-,m,small,"stage 330 journal: ""Naenra is dead. I will never know what other secrets she could have revealed about Daumbra."" cross-gen KEEP: murder_treacherous(m) from the Mara Part B profile, stepped down.",FloatingSwordFollower.esp:0BD61A
0_FloatingSwordQuest03,There Is An Umbra,330,"Killed Naenra, the ally who had been trying to save him.",murder_treacherous,Talos,-,m,small,"stage 330 journal: ""Naenra is dead. I will never know what other secrets she could have revealed about Daumbra."" cross-gen KEEP: murder_treacherous(S) from the Talos Part B profile, stepped down.",FloatingSwordFollower.esp:0BD61A
0_FloatingSwordQuest03,There Is An Umbra,330,"Killed Naenra, the ally who had been trying to save him.",murder_treacherous,Shor,-,m,small,"stage 330 journal: ""Naenra is dead. I will never know what other secrets she could have revealed about Daumbra."" cross-gen KEEP: murder_treacherous(S) from the Shor Part B profile, stepped down.",FloatingSwordFollower.esp:0BD61A
0_FloatingSwordQuest03,There Is An Umbra,330,"Killed Naenra, the ally who had been trying to save him.",murder_treacherous,Tsun,-,m,small,"stage 330 journal: ""Naenra is dead. I will never know what other secrets she could have revealed about Daumbra."" cross-gen KEEP: murder_treacherous(S) from the Tsun Part B profile, stepped down.",FloatingSwordFollower.esp:0BD61A
0_FloatingSwordQuest03,There Is An Umbra,330,"Killed Naenra, the ally who had been trying to save him.",murder_treacherous,HoonDing,-,m,small,"stage 330 journal: ""Naenra is dead. I will never know what other secrets she could have revealed about Daumbra."" cross-gen KEEP: murder_treacherous(m) from the HoonDing Part B profile, stepped down.",FloatingSwordFollower.esp:0BD61A
0_FloatingSwordQuest03,There Is An Umbra,330,"Killed Naenra, the ally who had been trying to save him.",murder_treacherous,Leki,-,m,small,"stage 330 journal: ""Naenra is dead. I will never know what other secrets she could have revealed about Daumbra."" cross-gen KEEP: murder_treacherous(S) from the Leki Part B profile, stepped down.",FloatingSwordFollower.esp:0BD61A
0_FloatingSwordQuest03,There Is An Umbra,330,"Killed Naenra, the ally who had been trying to save him.",murder_treacherous,Sithis,+,m,small,"stage 330 journal: ""Naenra is dead. I will never know what other secrets she could have revealed about Daumbra."" cross-gen KEEP: murder_treacherous(S) from the Sithis Part B profile, stepped down.",FloatingSwordFollower.esp:0BD61A
0_FloatingSwordQuest03,There Is An Umbra,330,"Killed Naenra, the ally who had been trying to save him.",murder_treacherous,Boethiah,+,m,small,"stage 330 journal: ""Naenra is dead. I will never know what other secrets she could have revealed about Daumbra."" cross-gen KEEP: murder_treacherous(S) from the Boethiah Part B profile, stepped down.",FloatingSwordFollower.esp:0BD61A
0_FloatingSwordQuest03,There Is An Umbra,330,"Killed Naenra, the ally who had been trying to save him.",murder_treacherous,Mephala,+,m,small,"stage 330 journal: ""Naenra is dead. I will never know what other secrets she could have revealed about Daumbra."" cross-gen KEEP: murder_treacherous(S) from the Mephala Part B profile, stepped down.",FloatingSwordFollower.esp:0BD61A
0_FloatingSwordQuest03,There Is An Umbra,330,"Killed Naenra, the ally who had been trying to save him.",murder_treacherous,Molag Bal,+,m,small,"stage 330 journal: ""Naenra is dead. I will never know what other secrets she could have revealed about Daumbra."" cross-gen KEEP: murder_treacherous(S) from the Molag Bal Part B profile, stepped down.",FloatingSwordFollower.esp:0BD61A
0_FloatingSwordQuest03,There Is An Umbra,330,"Killed Naenra, the ally who had been trying to save him.",murder_treacherous,Mehrunes Dagon,+,m,small,"stage 330 journal: ""Naenra is dead. I will never know what other secrets she could have revealed about Daumbra."" cross-gen KEEP: murder_treacherous(m) from the Mehrunes Dagon Part B profile, stepped down.",FloatingSwordFollower.esp:0BD61A
0_FloatingSwordQuest03,There Is An Umbra,330,"Killed Naenra, the ally who had been trying to save him.",murder_treacherous,Vaermina,+,m,small,"stage 330 journal: ""Naenra is dead. I will never know what other secrets she could have revealed about Daumbra."" cross-gen KEEP: murder_treacherous(m) from the Vaermina Part B profile, stepped down.",FloatingSwordFollower.esp:0BD61A
0_FloatingSwordQuest04,The Dying Wish,70,"Killed the dying Sorald and took his soul, granting his dying wish with a black soul gem.",ritual_sacrifice,Stendarr,-,m,small,"stage 70 journal: ""I had to kill Sorald. There was no other way. Umbra corrupted his mind."" (act ordered at s60 obj: ""Grant Hamid's father his dying wish"", set up by s50 obj: ""Give Hamid's father a black soul gem"") cross-gen KEEP: ritual_sacrifice(S) from the Stendarr Part B profile, stepped down.",FloatingSwordFollower.esp:18E0DE
0_FloatingSwordQuest04,The Dying Wish,70,"Killed the dying Sorald and took his soul, granting his dying wish with a black soul gem.",ritual_sacrifice,Mara,-,m,small,"stage 70 journal: ""I had to kill Sorald. There was no other way. Umbra corrupted his mind."" (act ordered at s60 obj: ""Grant Hamid's father his dying wish"", set up by s50 obj: ""Give Hamid's father a black soul gem"") cross-gen KEEP: ritual_sacrifice(S) from the Mara Part B profile, stepped down.",FloatingSwordFollower.esp:18E0DE
0_FloatingSwordQuest04,The Dying Wish,70,"Killed the dying Sorald and took his soul, granting his dying wish with a black soul gem.",necromancy,Arkay,-,S,small,"stage 70 journal: ""I had to kill Sorald. There was no other way. Umbra corrupted his mind."" (act ordered at s60 obj: ""Grant Hamid's father his dying wish"", set up by s50 obj: ""Give Hamid's father a black soul gem"") cross-gen KEEP: necromancy(C) from the Arkay Part B profile, stepped down.",FloatingSwordFollower.esp:18E0DE
0_FloatingSwordQuest04,The Dying Wish,70,"Killed the dying Sorald and took his soul, granting his dying wish with a black soul gem.",necromancy,Kynareth,-,m,small,"stage 70 journal: ""I had to kill Sorald. There was no other way. Umbra corrupted his mind."" (act ordered at s60 obj: ""Grant Hamid's father his dying wish"", set up by s50 obj: ""Give Hamid's father a black soul gem"") cross-gen KEEP: necromancy(m) from the Kynareth Part B profile, stepped down.",FloatingSwordFollower.esp:18E0DE
0_FloatingSwordQuest04,The Dying Wish,70,"Killed the dying Sorald and took his soul, granting his dying wish with a black soul gem.",necromancy,Syrabane,-,m,small,"stage 70 journal: ""I had to kill Sorald. There was no other way. Umbra corrupted his mind."" (act ordered at s60 obj: ""Grant Hamid's father his dying wish"", set up by s50 obj: ""Give Hamid's father a black soul gem"") cross-gen KEEP: necromancy(S) from the Syrabane Part B profile, stepped down.",FloatingSwordFollower.esp:18E0DE
0_FloatingSwordQuest04,The Dying Wish,70,"Killed the dying Sorald and took his soul, granting his dying wish with a black soul gem.",necromancy,Y'ffre,-,m,small,"stage 70 journal: ""I had to kill Sorald. There was no other way. Umbra corrupted his mind."" (act ordered at s60 obj: ""Grant Hamid's father his dying wish"", set up by s50 obj: ""Give Hamid's father a black soul gem"") cross-gen KEEP: necromancy(S) from the Y'ffre Part B profile, stepped down.",FloatingSwordFollower.esp:18E0DE
0_FloatingSwordQuest04,The Dying Wish,70,"Killed the dying Sorald and took his soul, granting his dying wish with a black soul gem.",necromancy,Tu'whacca,-,S,small,"stage 70 journal: ""I had to kill Sorald. There was no other way. Umbra corrupted his mind."" (act ordered at s60 obj: ""Grant Hamid's father his dying wish"", set up by s50 obj: ""Give Hamid's father a black soul gem"") cross-gen KEEP: necromancy(C) from the Tu'whacca Part B profile, stepped down.",FloatingSwordFollower.esp:18E0DE
0_FloatingSwordQuest04,The Dying Wish,70,"Killed the dying Sorald and took his soul, granting his dying wish with a black soul gem.",necromancy,The Hist,-,m,small,"stage 70 journal: ""I had to kill Sorald. There was no other way. Umbra corrupted his mind."" (act ordered at s60 obj: ""Grant Hamid's father his dying wish"", set up by s50 obj: ""Give Hamid's father a black soul gem"") cross-gen KEEP: necromancy(S) from the The Hist Part B profile, stepped down.",FloatingSwordFollower.esp:18E0DE
0_FloatingSwordQuest04,The Dying Wish,70,"Killed the dying Sorald and took his soul, granting his dying wish with a black soul gem.",ritual_sacrifice,Boethiah,+,m,small,"stage 70 journal: ""I had to kill Sorald. There was no other way. Umbra corrupted his mind."" (act ordered at s60 obj: ""Grant Hamid's father his dying wish"", set up by s50 obj: ""Give Hamid's father a black soul gem"") cross-gen KEEP: ritual_sacrifice(S) from the Boethiah Part B profile, stepped down.",FloatingSwordFollower.esp:18E0DE
0_FloatingSwordQuest04,The Dying Wish,70,"Killed the dying Sorald and took his soul, granting his dying wish with a black soul gem.",necromancy,Meridia,-,S,small,"stage 70 journal: ""I had to kill Sorald. There was no other way. Umbra corrupted his mind."" (act ordered at s60 obj: ""Grant Hamid's father his dying wish"", set up by s50 obj: ""Give Hamid's father a black soul gem"") cross-gen KEEP: necromancy(C) from the Meridia Part B profile, stepped down.",FloatingSwordFollower.esp:18E0DE
0_FloatingSwordQuest04,The Dying Wish,70,"Killed the dying Sorald and took his soul, granting his dying wish with a black soul gem.",ritual_sacrifice,Molag Bal,+,m,small,"stage 70 journal: ""I had to kill Sorald. There was no other way. Umbra corrupted his mind."" (act ordered at s60 obj: ""Grant Hamid's father his dying wish"", set up by s50 obj: ""Give Hamid's father a black soul gem"") cross-gen KEEP: ritual_sacrifice(S) from the Molag Bal Part B profile, stepped down.",FloatingSwordFollower.esp:18E0DE
0_FloatingSwordQuest05,Souls Black As Gems,92,"Pressed Nelacar's black soul gem to Daumbra to complete the ritual, which cost him his five friends and Daumbra.",ritual_sacrifice,Stendarr,-,m,small,"stage 92 journal: ""I must hold this gem to Daumbra, to complete the Ritual."" (immediate consequence at s95: ""What have I done?!"") cross-gen KEEP: ritual_sacrifice(S) from the Stendarr Part B profile, stepped down.",FloatingSwordFollower.esp:1A9651
0_FloatingSwordQuest05,Souls Black As Gems,92,"Pressed Nelacar's black soul gem to Daumbra to complete the ritual, which cost him his five friends and Daumbra.",ritual_sacrifice,Mara,-,m,small,"stage 92 journal: ""I must hold this gem to Daumbra, to complete the Ritual."" (immediate consequence at s95: ""What have I done?!"") cross-gen KEEP: ritual_sacrifice(S) from the Mara Part B profile, stepped down.",FloatingSwordFollower.esp:1A9651
0_FloatingSwordQuest05,Souls Black As Gems,92,"Pressed Nelacar's black soul gem to Daumbra to complete the ritual, which cost him his five friends and Daumbra.",ritual_sacrifice,Arkay,-,m,small,"stage 92 journal: ""I must hold this gem to Daumbra, to complete the Ritual."" (immediate consequence at s95: ""What have I done?!"") cross-gen KEEP: ritual_sacrifice(m) from the Arkay Part B profile, stepped down.",FloatingSwordFollower.esp:1A9651
0_FloatingSwordQuest05,Souls Black As Gems,92,"Pressed Nelacar's black soul gem to Daumbra to complete the ritual, which cost him his five friends and Daumbra.",reckless_magic,Julianos,-,m,small,"stage 92 journal: ""I must hold this gem to Daumbra, to complete the Ritual."" (immediate consequence at s95: ""What have I done?!"") cross-gen KEEP: reckless_magic(S) from the Julianos Part B profile, stepped down.",FloatingSwordFollower.esp:1A9651
0_FloatingSwordQuest05,Souls Black As Gems,92,"Pressed Nelacar's black soul gem to Daumbra to complete the ritual, which cost him his five friends and Daumbra.",reckless_magic,Magnus,-,S,small,"stage 92 journal: ""I must hold this gem to Daumbra, to complete the Ritual."" (immediate consequence at s95: ""What have I done?!"") cross-gen KEEP: reckless_magic(C) from the Magnus Part B profile, stepped down.",FloatingSwordFollower.esp:1A9651
0_FloatingSwordQuest05,Souls Black As Gems,92,"Pressed Nelacar's black soul gem to Daumbra to complete the ritual, which cost him his five friends and Daumbra.",reckless_magic,Syrabane,-,m,small,"stage 92 journal: ""I must hold this gem to Daumbra, to complete the Ritual."" (immediate consequence at s95: ""What have I done?!"") cross-gen KEEP: reckless_magic(S) from the Syrabane Part B profile, stepped down.",FloatingSwordFollower.esp:1A9651
0_FloatingSwordQuest05,Souls Black As Gems,92,"Pressed Nelacar's black soul gem to Daumbra to complete the ritual, which cost him his five friends and Daumbra.",ritual_sacrifice,Boethiah,+,m,small,"stage 92 journal: ""I must hold this gem to Daumbra, to complete the Ritual."" (immediate consequence at s95: ""What have I done?!"") cross-gen KEEP: ritual_sacrifice(S) from the Boethiah Part B profile, stepped down.",FloatingSwordFollower.esp:1A9651
0_FloatingSwordQuest05,Souls Black As Gems,92,"Pressed Nelacar's black soul gem to Daumbra to complete the ritual, which cost him his five friends and Daumbra.",ritual_sacrifice,Molag Bal,+,m,small,"stage 92 journal: ""I must hold this gem to Daumbra, to complete the Ritual."" (immediate consequence at s95: ""What have I done?!"") cross-gen KEEP: ritual_sacrifice(S) from the Molag Bal Part B profile, stepped down.",FloatingSwordFollower.esp:1A9651
0_FloatingSwordQuest05,Souls Black As Gems,92,"Pressed Nelacar's black soul gem to Daumbra to complete the ritual, which cost him his five friends and Daumbra.",reckless_magic,Sheogorath,+,m,small,"stage 92 journal: ""I must hold this gem to Daumbra, to complete the Ritual."" (immediate consequence at s95: ""What have I done?!"") cross-gen KEEP: reckless_magic(m) from the Sheogorath Part B profile, stepped down.",FloatingSwordFollower.esp:1A9651
0_FloatingSwordQuest06,Poison Bloom,15,Left the Dunmer friend imprisoned in Cidhna Mine to serve her sentence.,uphold_law_justice,Akatosh,+,m,small,"stage 15 journal: ""I decided to leave <Alias=FemaleDunmer> in Cidhna Mine. Umbra or not, what she did is henious. She deserves to be where she is."" cross-gen KEEP: uphold_law_justice(m) from the Akatosh Part B profile, stepped down.",FloatingSwordFollower.esp:2B7FAA
0_FloatingSwordQuest06,Poison Bloom,15,Left the Dunmer friend imprisoned in Cidhna Mine to serve her sentence.,uphold_law_justice,Stendarr,+,m,small,"stage 15 journal: ""I decided to leave <Alias=FemaleDunmer> in Cidhna Mine. Umbra or not, what she did is henious. She deserves to be where she is."" cross-gen KEEP: uphold_law_justice(S) from the Stendarr Part B profile, stepped down.",FloatingSwordFollower.esp:2B7FAA
0_FloatingSwordQuest06,Poison Bloom,15,Left the Dunmer friend imprisoned in Cidhna Mine to serve her sentence.,uphold_law_justice,Zenithar,+,m,small,"stage 15 journal: ""I decided to leave <Alias=FemaleDunmer> in Cidhna Mine. Umbra or not, what she did is henious. She deserves to be where she is."" cross-gen KEEP: uphold_law_justice(m) from the Zenithar Part B profile, stepped down.",FloatingSwordFollower.esp:2B7FAA
0_FloatingSwordQuest06,Poison Bloom,15,Left the Dunmer friend imprisoned in Cidhna Mine to serve her sentence.,uphold_law_justice,Julianos,+,m,small,"stage 15 journal: ""I decided to leave <Alias=FemaleDunmer> in Cidhna Mine. Umbra or not, what she did is henious. She deserves to be where she is."" cross-gen KEEP: uphold_law_justice(S) from the Julianos Part B profile, stepped down.",FloatingSwordFollower.esp:2B7FAA
0_FloatingSwordQuest06,Poison Bloom,15,Left the Dunmer friend imprisoned in Cidhna Mine to serve her sentence.,uphold_law_justice,Stuhn,+,m,small,"stage 15 journal: ""I decided to leave <Alias=FemaleDunmer> in Cidhna Mine. Umbra or not, what she did is henious. She deserves to be where she is."" cross-gen KEEP: uphold_law_justice(m) from the Stuhn Part B profile, stepped down.",FloatingSwordFollower.esp:2B7FAA
0_FloatingSwordQuest06,Poison Bloom,15,Left the Dunmer friend imprisoned in Cidhna Mine to serve her sentence.,uphold_law_justice,Auri-El,+,m,small,"stage 15 journal: ""I decided to leave <Alias=FemaleDunmer> in Cidhna Mine. Umbra or not, what she did is henious. She deserves to be where she is."" cross-gen KEEP: uphold_law_justice(m) from the Auri-El Part B profile, stepped down.",FloatingSwordFollower.esp:2B7FAA
0_FloatingSwordQuest06,Poison Bloom,15,Left the Dunmer friend imprisoned in Cidhna Mine to serve her sentence.,uphold_law_justice,Z'en,+,m,small,"stage 15 journal: ""I decided to leave <Alias=FemaleDunmer> in Cidhna Mine. Umbra or not, what she did is henious. She deserves to be where she is."" cross-gen KEEP: uphold_law_justice(S) from the Z'en Part B profile, stepped down.",FloatingSwordFollower.esp:2B7FAA
0_FloatingSwordQuest06,Poison Bloom,15,Left the Dunmer friend imprisoned in Cidhna Mine to serve her sentence.,uphold_law_justice,Alkosh,+,m,small,"stage 15 journal: ""I decided to leave <Alias=FemaleDunmer> in Cidhna Mine. Umbra or not, what she did is henious. She deserves to be where she is."" cross-gen KEEP: uphold_law_justice(m) from the Alkosh Part B profile, stepped down.",FloatingSwordFollower.esp:2B7FAA
0_FloatingSwordQuest06,Poison Bloom,15,Left the Dunmer friend imprisoned in Cidhna Mine to serve her sentence.,uphold_law_justice,Sithis,-,m,small,"stage 15 journal: ""I decided to leave <Alias=FemaleDunmer> in Cidhna Mine. Umbra or not, what she did is henious. She deserves to be where she is."" cross-gen KEEP: uphold_law_justice(m) from the Sithis Part B profile, stepped down.",FloatingSwordFollower.esp:2B7FAA
0_FloatingSwordQuest06,Poison Bloom,15,Left the Dunmer friend imprisoned in Cidhna Mine to serve her sentence.,uphold_law_justice,Sheogorath,-,m,small,"stage 15 journal: ""I decided to leave <Alias=FemaleDunmer> in Cidhna Mine. Umbra or not, what she did is henious. She deserves to be where she is."" cross-gen KEEP: uphold_law_justice(m) from the Sheogorath Part B profile, stepped down.",FloatingSwordFollower.esp:2B7FAA
0_FloatingSwordQuest06,Poison Bloom,15,Left the Dunmer friend imprisoned in Cidhna Mine to serve her sentence.,uphold_law_justice,Namira,-,m,small,"stage 15 journal: ""I decided to leave <Alias=FemaleDunmer> in Cidhna Mine. Umbra or not, what she did is henious. She deserves to be where she is."" cross-gen KEEP: uphold_law_justice(m) from the Namira Part B profile, stepped down.",FloatingSwordFollower.esp:2B7FAA
0_FloatingSwordQuest06,Poison Bloom,15,Left the Dunmer friend imprisoned in Cidhna Mine to serve her sentence.,uphold_law_justice,Vaermina,-,m,small,"stage 15 journal: ""I decided to leave <Alias=FemaleDunmer> in Cidhna Mine. Umbra or not, what she did is henious. She deserves to be where she is."" cross-gen KEEP: uphold_law_justice(m) from the Vaermina Part B profile, stepped down.",FloatingSwordFollower.esp:2B7FAA
0_FloatingSwordQuest06,Poison Bloom,30,Paid the Dunmer friend's fine so she would be lawfully released from Cidhna Mine.,mercy_spare,Stendarr,+,S,small,"stage 30 journal: ""I've paid <Alias=FemaleDunmer>'s fine. I should meet her outside Cidhna Mine."" cross-gen KEEP: mercy_spare(C) from the Stendarr Part B profile, stepped down.",FloatingSwordFollower.esp:2B7FAA
0_FloatingSwordQuest06,Poison Bloom,30,Paid the Dunmer friend's fine so she would be lawfully released from Cidhna Mine.,charity,Mara,+,S,small,"stage 30 journal: ""I've paid <Alias=FemaleDunmer>'s fine. I should meet her outside Cidhna Mine."" cross-gen KEEP: charity(C) from the Mara Part B profile, stepped down.",FloatingSwordFollower.esp:2B7FAA
0_FloatingSwordQuest06,Poison Bloom,30,Paid the Dunmer friend's fine so she would be lawfully released from Cidhna Mine.,charity,Dibella,+,m,small,"stage 30 journal: ""I've paid <Alias=FemaleDunmer>'s fine. I should meet her outside Cidhna Mine."" cross-gen KEEP: charity(m) from the Dibella Part B profile, stepped down.",FloatingSwordFollower.esp:2B7FAA
0_FloatingSwordQuest06,Poison Bloom,30,Paid the Dunmer friend's fine so she would be lawfully released from Cidhna Mine.,mercy_spare,Kyne,+,m,small,"stage 30 journal: ""I've paid <Alias=FemaleDunmer>'s fine. I should meet her outside Cidhna Mine."" cross-gen KEEP: mercy_spare(m) from the Kyne Part B profile, stepped down.",FloatingSwordFollower.esp:2B7FAA
0_FloatingSwordQuest06,Poison Bloom,30,Paid the Dunmer friend's fine so she would be lawfully released from Cidhna Mine.,mercy_spare,Stuhn,+,S,small,"stage 30 journal: ""I've paid <Alias=FemaleDunmer>'s fine. I should meet her outside Cidhna Mine."" cross-gen KEEP: mercy_spare(C) from the Stuhn Part B profile, stepped down.",FloatingSwordFollower.esp:2B7FAA
0_FloatingSwordQuest06,Poison Bloom,30,Paid the Dunmer friend's fine so she would be lawfully released from Cidhna Mine.,mercy_spare,Molag Bal,-,m,small,"stage 30 journal: ""I've paid <Alias=FemaleDunmer>'s fine. I should meet her outside Cidhna Mine."" cross-gen KEEP: mercy_spare(S) from the Molag Bal Part B profile, stepped down.",FloatingSwordFollower.esp:2B7FAA
0_FloatingSwordQuest06,Poison Bloom,38,"Broke the Dunmer friend out of Cidhna Mine, slipping past the guards through Markarth's ruins.",mercy_spare,Stendarr,+,S,small,"stage 38 journal: ""I've freed <alias=femaleDunmer> from Cidhna Mine. We should talk."" (route at s32 obj: ""Enter Cidhna Mine through Markarth's Ruins"") cross-gen KEEP: mercy_spare(C) from the Stendarr Part B profile, stepped down.",FloatingSwordFollower.esp:2B7FAA
0_FloatingSwordQuest06,Poison Bloom,38,"Broke the Dunmer friend out of Cidhna Mine, slipping past the guards through Markarth's ruins.",mercy_spare,Mara,+,m,small,"stage 38 journal: ""I've freed <alias=femaleDunmer> from Cidhna Mine. We should talk."" (route at s32 obj: ""Enter Cidhna Mine through Markarth's Ruins"") cross-gen KEEP: mercy_spare(S) from the Mara Part B profile, stepped down.",FloatingSwordFollower.esp:2B7FAA
0_FloatingSwordQuest06,Poison Bloom,38,"Broke the Dunmer friend out of Cidhna Mine, slipping past the guards through Markarth's ruins.",mercy_spare,Kyne,+,m,small,"stage 38 journal: ""I've freed <alias=femaleDunmer> from Cidhna Mine. We should talk."" (route at s32 obj: ""Enter Cidhna Mine through Markarth's Ruins"") cross-gen KEEP: mercy_spare(m) from the Kyne Part B profile, stepped down.",FloatingSwordFollower.esp:2B7FAA
0_FloatingSwordQuest06,Poison Bloom,38,"Broke the Dunmer friend out of Cidhna Mine, slipping past the guards through Markarth's ruins.",mercy_spare,Stuhn,+,S,small,"stage 38 journal: ""I've freed <alias=femaleDunmer> from Cidhna Mine. We should talk."" (route at s32 obj: ""Enter Cidhna Mine through Markarth's Ruins"") cross-gen KEEP: mercy_spare(C) from the Stuhn Part B profile, stepped down.",FloatingSwordFollower.esp:2B7FAA
0_FloatingSwordQuest06,Poison Bloom,38,"Broke the Dunmer friend out of Cidhna Mine, slipping past the guards through Markarth's ruins.",mercy_spare,Molag Bal,-,m,small,"stage 38 journal: ""I've freed <alias=femaleDunmer> from Cidhna Mine. We should talk."" (route at s32 obj: ""Enter Cidhna Mine through Markarth's Ruins"") cross-gen KEEP: mercy_spare(S) from the Molag Bal Part B profile, stepped down.",FloatingSwordFollower.esp:2B7FAA
0_FloatingSwordQuest06,Poison Bloom,65,Sacrificed the Dunmer friend's soul into a black soul gem to gain passage to Umbriel.,ritual_sacrifice,Stendarr,-,m,small,"stage 65 journal: ""I had to sacrifice <Alias=FemaleDunmer>'s soul to gain access to Umbriel. There was no other way."" cross-gen KEEP: ritual_sacrifice(S) from the Stendarr Part B profile, stepped down.",FloatingSwordFollower.esp:2B7FAA
0_FloatingSwordQuest06,Poison Bloom,65,Sacrificed the Dunmer friend's soul into a black soul gem to gain passage to Umbriel.,ritual_sacrifice,Mara,-,m,small,"stage 65 journal: ""I had to sacrifice <Alias=FemaleDunmer>'s soul to gain access to Umbriel. There was no other way."" cross-gen KEEP: ritual_sacrifice(S) from the Mara Part B profile, stepped down.",FloatingSwordFollower.esp:2B7FAA
0_FloatingSwordQuest06,Poison Bloom,65,Sacrificed the Dunmer friend's soul into a black soul gem to gain passage to Umbriel.,necromancy,Arkay,-,S,small,"stage 65 journal: ""I had to sacrifice <Alias=FemaleDunmer>'s soul to gain access to Umbriel. There was no other way."" cross-gen KEEP: necromancy(C) from the Arkay Part B profile, stepped down.",FloatingSwordFollower.esp:2B7FAA
0_FloatingSwordQuest06,Poison Bloom,65,Sacrificed the Dunmer friend's soul into a black soul gem to gain passage to Umbriel.,necromancy,Kynareth,-,m,small,"stage 65 journal: ""I had to sacrifice <Alias=FemaleDunmer>'s soul to gain access to Umbriel. There was no other way."" cross-gen KEEP: necromancy(m) from the Kynareth Part B profile, stepped down.",FloatingSwordFollower.esp:2B7FAA
0_FloatingSwordQuest06,Poison Bloom,65,Sacrificed the Dunmer friend's soul into a black soul gem to gain passage to Umbriel.,necromancy,Syrabane,-,m,small,"stage 65 journal: ""I had to sacrifice <Alias=FemaleDunmer>'s soul to gain access to Umbriel. There was no other way."" cross-gen KEEP: necromancy(S) from the Syrabane Part B profile, stepped down.",FloatingSwordFollower.esp:2B7FAA
0_FloatingSwordQuest06,Poison Bloom,65,Sacrificed the Dunmer friend's soul into a black soul gem to gain passage to Umbriel.,necromancy,Y'ffre,-,m,small,"stage 65 journal: ""I had to sacrifice <Alias=FemaleDunmer>'s soul to gain access to Umbriel. There was no other way."" cross-gen KEEP: necromancy(S) from the Y'ffre Part B profile, stepped down.",FloatingSwordFollower.esp:2B7FAA
0_FloatingSwordQuest06,Poison Bloom,65,Sacrificed the Dunmer friend's soul into a black soul gem to gain passage to Umbriel.,necromancy,Tu'whacca,-,S,small,"stage 65 journal: ""I had to sacrifice <Alias=FemaleDunmer>'s soul to gain access to Umbriel. There was no other way."" cross-gen KEEP: necromancy(C) from the Tu'whacca Part B profile, stepped down.",FloatingSwordFollower.esp:2B7FAA
0_FloatingSwordQuest06,Poison Bloom,65,Sacrificed the Dunmer friend's soul into a black soul gem to gain passage to Umbriel.,necromancy,The Hist,-,m,small,"stage 65 journal: ""I had to sacrifice <Alias=FemaleDunmer>'s soul to gain access to Umbriel. There was no other way."" cross-gen KEEP: necromancy(S) from the The Hist Part B profile, stepped down.",FloatingSwordFollower.esp:2B7FAA
0_FloatingSwordQuest06,Poison Bloom,65,Sacrificed the Dunmer friend's soul into a black soul gem to gain passage to Umbriel.,ritual_sacrifice,Boethiah,+,m,small,"stage 65 journal: ""I had to sacrifice <Alias=FemaleDunmer>'s soul to gain access to Umbriel. There was no other way."" cross-gen KEEP: ritual_sacrifice(S) from the Boethiah Part B profile, stepped down.",FloatingSwordFollower.esp:2B7FAA
0_FloatingSwordQuest06,Poison Bloom,65,Sacrificed the Dunmer friend's soul into a black soul gem to gain passage to Umbriel.,necromancy,Meridia,-,S,small,"stage 65 journal: ""I had to sacrifice <Alias=FemaleDunmer>'s soul to gain access to Umbriel. There was no other way."" cross-gen KEEP: necromancy(C) from the Meridia Part B profile, stepped down.",FloatingSwordFollower.esp:2B7FAA
0_FloatingSwordQuest06,Poison Bloom,65,Sacrificed the Dunmer friend's soul into a black soul gem to gain passage to Umbriel.,ritual_sacrifice,Molag Bal,+,m,small,"stage 65 journal: ""I had to sacrifice <Alias=FemaleDunmer>'s soul to gain access to Umbriel. There was no other way."" cross-gen KEEP: ritual_sacrifice(S) from the Molag Bal Part B profile, stepped down.",FloatingSwordFollower.esp:2B7FAA
0_FloatingSwordQuest06,Poison Bloom,70,Spared the Dunmer friend despite her betrayal.,mercy_spare,Stendarr,+,S,small,"stage 70 journal: ""I can't bring myself to kill <Alias=FemaleDunmer> despite everything she's done. We'll find another way."" cross-gen KEEP: mercy_spare(C) from the Stendarr Part B profile, stepped down.",FloatingSwordFollower.esp:2B7FAA
0_FloatingSwordQuest06,Poison Bloom,70,Spared the Dunmer friend despite her betrayal.,mercy_spare,Mara,+,m,small,"stage 70 journal: ""I can't bring myself to kill <Alias=FemaleDunmer> despite everything she's done. We'll find another way."" cross-gen KEEP: mercy_spare(S) from the Mara Part B profile, stepped down.",FloatingSwordFollower.esp:2B7FAA
0_FloatingSwordQuest06,Poison Bloom,70,Spared the Dunmer friend despite her betrayal.,mercy_spare,Kyne,+,m,small,"stage 70 journal: ""I can't bring myself to kill <Alias=FemaleDunmer> despite everything she's done. We'll find another way."" cross-gen KEEP: mercy_spare(m) from the Kyne Part B profile, stepped down.",FloatingSwordFollower.esp:2B7FAA
0_FloatingSwordQuest06,Poison Bloom,70,Spared the Dunmer friend despite her betrayal.,mercy_spare,Stuhn,+,S,small,"stage 70 journal: ""I can't bring myself to kill <Alias=FemaleDunmer> despite everything she's done. We'll find another way."" cross-gen KEEP: mercy_spare(C) from the Stuhn Part B profile, stepped down.",FloatingSwordFollower.esp:2B7FAA
0_FloatingSwordQuest06,Poison Bloom,70,Spared the Dunmer friend despite her betrayal.,mercy_spare,Molag Bal,-,m,small,"stage 70 journal: ""I can't bring myself to kill <Alias=FemaleDunmer> despite everything she's done. We'll find another way."" cross-gen KEEP: mercy_spare(S) from the Molag Bal Part B profile, stepped down.",FloatingSwordFollower.esp:2B7FAA
0_FloatingSwordQuest06,Poison Bloom,80,Forgave the Dunmer friend a second time and let her live.,mercy_spare,Stendarr,+,S,small,"stage 80 journal: ""I forgave <Alias=FemaleDunmer> a second time."" cross-gen KEEP: mercy_spare(C) from the Stendarr Part B profile, stepped down.",FloatingSwordFollower.esp:2B7FAA
0_FloatingSwordQuest06,Poison Bloom,80,Forgave the Dunmer friend a second time and let her live.,mercy_spare,Mara,+,m,small,"stage 80 journal: ""I forgave <Alias=FemaleDunmer> a second time."" cross-gen KEEP: mercy_spare(S) from the Mara Part B profile, stepped down.",FloatingSwordFollower.esp:2B7FAA
0_FloatingSwordQuest06,Poison Bloom,80,Forgave the Dunmer friend a second time and let her live.,mercy_spare,Kyne,+,m,small,"stage 80 journal: ""I forgave <Alias=FemaleDunmer> a second time."" cross-gen KEEP: mercy_spare(m) from the Kyne Part B profile, stepped down.",FloatingSwordFollower.esp:2B7FAA
0_FloatingSwordQuest06,Poison Bloom,80,Forgave the Dunmer friend a second time and let her live.,mercy_spare,Stuhn,+,S,small,"stage 80 journal: ""I forgave <Alias=FemaleDunmer> a second time."" cross-gen KEEP: mercy_spare(C) from the Stuhn Part B profile, stepped down.",FloatingSwordFollower.esp:2B7FAA
0_FloatingSwordQuest06,Poison Bloom,80,Forgave the Dunmer friend a second time and let her live.,mercy_spare,Molag Bal,-,m,small,"stage 80 journal: ""I forgave <Alias=FemaleDunmer> a second time."" cross-gen KEEP: mercy_spare(S) from the Molag Bal Part B profile, stepped down.",FloatingSwordFollower.esp:2B7FAA
0_FloatingSwordQuest06,Poison Bloom,85,Took the betraying Dunmer friend's soul to buy entry into Umbriel.,ritual_sacrifice,Stendarr,-,m,small,"stage 85 journal: ""<Alias=FemaleDunmerNP> lied to me, and betrayed me. But in the end, I did what I had to, and her soul will help me enter Umbriel."" cross-gen KEEP: ritual_sacrifice(S) from the Stendarr Part B profile, stepped down.",FloatingSwordFollower.esp:2B7FAA
0_FloatingSwordQuest06,Poison Bloom,85,Took the betraying Dunmer friend's soul to buy entry into Umbriel.,ritual_sacrifice,Mara,-,m,small,"stage 85 journal: ""<Alias=FemaleDunmerNP> lied to me, and betrayed me. But in the end, I did what I had to, and her soul will help me enter Umbriel."" cross-gen KEEP: ritual_sacrifice(S) from the Mara Part B profile, stepped down.",FloatingSwordFollower.esp:2B7FAA
0_FloatingSwordQuest06,Poison Bloom,85,Took the betraying Dunmer friend's soul to buy entry into Umbriel.,necromancy,Arkay,-,S,small,"stage 85 journal: ""<Alias=FemaleDunmerNP> lied to me, and betrayed me. But in the end, I did what I had to, and her soul will help me enter Umbriel."" cross-gen KEEP: necromancy(C) from the Arkay Part B profile, stepped down.",FloatingSwordFollower.esp:2B7FAA
0_FloatingSwordQuest06,Poison Bloom,85,Took the betraying Dunmer friend's soul to buy entry into Umbriel.,necromancy,Kynareth,-,m,small,"stage 85 journal: ""<Alias=FemaleDunmerNP> lied to me, and betrayed me. But in the end, I did what I had to, and her soul will help me enter Umbriel."" cross-gen KEEP: necromancy(m) from the Kynareth Part B profile, stepped down.",FloatingSwordFollower.esp:2B7FAA
0_FloatingSwordQuest06,Poison Bloom,85,Took the betraying Dunmer friend's soul to buy entry into Umbriel.,necromancy,Syrabane,-,m,small,"stage 85 journal: ""<Alias=FemaleDunmerNP> lied to me, and betrayed me. But in the end, I did what I had to, and her soul will help me enter Umbriel."" cross-gen KEEP: necromancy(S) from the Syrabane Part B profile, stepped down.",FloatingSwordFollower.esp:2B7FAA
0_FloatingSwordQuest06,Poison Bloom,85,Took the betraying Dunmer friend's soul to buy entry into Umbriel.,necromancy,Y'ffre,-,m,small,"stage 85 journal: ""<Alias=FemaleDunmerNP> lied to me, and betrayed me. But in the end, I did what I had to, and her soul will help me enter Umbriel."" cross-gen KEEP: necromancy(S) from the Y'ffre Part B profile, stepped down.",FloatingSwordFollower.esp:2B7FAA
0_FloatingSwordQuest06,Poison Bloom,85,Took the betraying Dunmer friend's soul to buy entry into Umbriel.,necromancy,Tu'whacca,-,S,small,"stage 85 journal: ""<Alias=FemaleDunmerNP> lied to me, and betrayed me. But in the end, I did what I had to, and her soul will help me enter Umbriel."" cross-gen KEEP: necromancy(C) from the Tu'whacca Part B profile, stepped down.",FloatingSwordFollower.esp:2B7FAA
0_FloatingSwordQuest06,Poison Bloom,85,Took the betraying Dunmer friend's soul to buy entry into Umbriel.,necromancy,The Hist,-,m,small,"stage 85 journal: ""<Alias=FemaleDunmerNP> lied to me, and betrayed me. But in the end, I did what I had to, and her soul will help me enter Umbriel."" cross-gen KEEP: necromancy(S) from the The Hist Part B profile, stepped down.",FloatingSwordFollower.esp:2B7FAA
0_FloatingSwordQuest06,Poison Bloom,85,Took the betraying Dunmer friend's soul to buy entry into Umbriel.,ritual_sacrifice,Boethiah,+,m,small,"stage 85 journal: ""<Alias=FemaleDunmerNP> lied to me, and betrayed me. But in the end, I did what I had to, and her soul will help me enter Umbriel."" cross-gen KEEP: ritual_sacrifice(S) from the Boethiah Part B profile, stepped down.",FloatingSwordFollower.esp:2B7FAA
0_FloatingSwordQuest06,Poison Bloom,85,Took the betraying Dunmer friend's soul to buy entry into Umbriel.,necromancy,Meridia,-,S,small,"stage 85 journal: ""<Alias=FemaleDunmerNP> lied to me, and betrayed me. But in the end, I did what I had to, and her soul will help me enter Umbriel."" cross-gen KEEP: necromancy(C) from the Meridia Part B profile, stepped down.",FloatingSwordFollower.esp:2B7FAA
0_FloatingSwordQuest06,Poison Bloom,85,Took the betraying Dunmer friend's soul to buy entry into Umbriel.,ritual_sacrifice,Molag Bal,+,m,small,"stage 85 journal: ""<Alias=FemaleDunmerNP> lied to me, and betrayed me. But in the end, I did what I had to, and her soul will help me enter Umbriel."" cross-gen KEEP: ritual_sacrifice(S) from the Molag Bal Part B profile, stepped down.",FloatingSwordFollower.esp:2B7FAA
0_FloatingSwordQuest07,A Loyal Mage,47,Killed the Orc friend acting as Nelacar's Keeper and took his soul gem.,ritual_sacrifice,Stendarr,-,m,small,"stage 47 journal: ""<Alias=MaleOrc> is dead. I must retrieve his soul gem."" (obj: ""Pick up <Alias=MaleOrcNP>'s soul gem."", after s45: ""<Alias=MaleOrc> is beyond saving."") cross-gen KEEP: ritual_sacrifice(S) from the Stendarr Part B profile, stepped down.",FloatingSwordFollower.esp:2B7FAB
0_FloatingSwordQuest07,A Loyal Mage,47,Killed the Orc friend acting as Nelacar's Keeper and took his soul gem.,ritual_sacrifice,Mara,-,m,small,"stage 47 journal: ""<Alias=MaleOrc> is dead. I must retrieve his soul gem."" (obj: ""Pick up <Alias=MaleOrcNP>'s soul gem."", after s45: ""<Alias=MaleOrc> is beyond saving."") cross-gen KEEP: ritual_sacrifice(S) from the Mara Part B profile, stepped down.",FloatingSwordFollower.esp:2B7FAB
0_FloatingSwordQuest07,A Loyal Mage,47,Killed the Orc friend acting as Nelacar's Keeper and took his soul gem.,necromancy,Arkay,-,S,small,"stage 47 journal: ""<Alias=MaleOrc> is dead. I must retrieve his soul gem."" (obj: ""Pick up <Alias=MaleOrcNP>'s soul gem."", after s45: ""<Alias=MaleOrc> is beyond saving."") cross-gen KEEP: necromancy(C) from the Arkay Part B profile, stepped down.",FloatingSwordFollower.esp:2B7FAB
0_FloatingSwordQuest07,A Loyal Mage,47,Killed the Orc friend acting as Nelacar's Keeper and took his soul gem.,necromancy,Kynareth,-,m,small,"stage 47 journal: ""<Alias=MaleOrc> is dead. I must retrieve his soul gem."" (obj: ""Pick up <Alias=MaleOrcNP>'s soul gem."", after s45: ""<Alias=MaleOrc> is beyond saving."") cross-gen KEEP: necromancy(m) from the Kynareth Part B profile, stepped down.",FloatingSwordFollower.esp:2B7FAB
0_FloatingSwordQuest07,A Loyal Mage,47,Killed the Orc friend acting as Nelacar's Keeper and took his soul gem.,necromancy,Syrabane,-,m,small,"stage 47 journal: ""<Alias=MaleOrc> is dead. I must retrieve his soul gem."" (obj: ""Pick up <Alias=MaleOrcNP>'s soul gem."", after s45: ""<Alias=MaleOrc> is beyond saving."") cross-gen KEEP: necromancy(S) from the Syrabane Part B profile, stepped down.",FloatingSwordFollower.esp:2B7FAB
0_FloatingSwordQuest07,A Loyal Mage,47,Killed the Orc friend acting as Nelacar's Keeper and took his soul gem.,necromancy,Y'ffre,-,m,small,"stage 47 journal: ""<Alias=MaleOrc> is dead. I must retrieve his soul gem."" (obj: ""Pick up <Alias=MaleOrcNP>'s soul gem."", after s45: ""<Alias=MaleOrc> is beyond saving."") cross-gen KEEP: necromancy(S) from the Y'ffre Part B profile, stepped down.",FloatingSwordFollower.esp:2B7FAB
0_FloatingSwordQuest07,A Loyal Mage,47,Killed the Orc friend acting as Nelacar's Keeper and took his soul gem.,necromancy,Tu'whacca,-,S,small,"stage 47 journal: ""<Alias=MaleOrc> is dead. I must retrieve his soul gem."" (obj: ""Pick up <Alias=MaleOrcNP>'s soul gem."", after s45: ""<Alias=MaleOrc> is beyond saving."") cross-gen KEEP: necromancy(C) from the Tu'whacca Part B profile, stepped down.",FloatingSwordFollower.esp:2B7FAB
0_FloatingSwordQuest07,A Loyal Mage,47,Killed the Orc friend acting as Nelacar's Keeper and took his soul gem.,necromancy,The Hist,-,m,small,"stage 47 journal: ""<Alias=MaleOrc> is dead. I must retrieve his soul gem."" (obj: ""Pick up <Alias=MaleOrcNP>'s soul gem."", after s45: ""<Alias=MaleOrc> is beyond saving."") cross-gen KEEP: necromancy(S) from the The Hist Part B profile, stepped down.",FloatingSwordFollower.esp:2B7FAB
0_FloatingSwordQuest07,A Loyal Mage,47,Killed the Orc friend acting as Nelacar's Keeper and took his soul gem.,ritual_sacrifice,Boethiah,+,m,small,"stage 47 journal: ""<Alias=MaleOrc> is dead. I must retrieve his soul gem."" (obj: ""Pick up <Alias=MaleOrcNP>'s soul gem."", after s45: ""<Alias=MaleOrc> is beyond saving."") cross-gen KEEP: ritual_sacrifice(S) from the Boethiah Part B profile, stepped down.",FloatingSwordFollower.esp:2B7FAB
0_FloatingSwordQuest07,A Loyal Mage,47,Killed the Orc friend acting as Nelacar's Keeper and took his soul gem.,necromancy,Meridia,-,S,small,"stage 47 journal: ""<Alias=MaleOrc> is dead. I must retrieve his soul gem."" (obj: ""Pick up <Alias=MaleOrcNP>'s soul gem."", after s45: ""<Alias=MaleOrc> is beyond saving."") cross-gen KEEP: necromancy(C) from the Meridia Part B profile, stepped down.",FloatingSwordFollower.esp:2B7FAB
0_FloatingSwordQuest07,A Loyal Mage,47,Killed the Orc friend acting as Nelacar's Keeper and took his soul gem.,ritual_sacrifice,Molag Bal,+,m,small,"stage 47 journal: ""<Alias=MaleOrc> is dead. I must retrieve his soul gem."" (obj: ""Pick up <Alias=MaleOrcNP>'s soul gem."", after s45: ""<Alias=MaleOrc> is beyond saving."") cross-gen KEEP: ritual_sacrifice(S) from the Molag Bal Part B profile, stepped down.",FloatingSwordFollower.esp:2B7FAB
0_FloatingSwordQuest07,A Loyal Mage,110,"Freed Nelacar from Umbra and spared him, taking no soul gem from him.",mercy_spare,Stendarr,+,S,small,"stage 110 journal: ""Nelacar is free from Umbra. I did not gain any soul gems from him. I must continue."" cross-gen KEEP: mercy_spare(C) from the Stendarr Part B profile, stepped down.",FloatingSwordFollower.esp:2B7FAB
0_FloatingSwordQuest07,A Loyal Mage,110,"Freed Nelacar from Umbra and spared him, taking no soul gem from him.",mercy_spare,Mara,+,m,small,"stage 110 journal: ""Nelacar is free from Umbra. I did not gain any soul gems from him. I must continue."" cross-gen KEEP: mercy_spare(S) from the Mara Part B profile, stepped down.",FloatingSwordFollower.esp:2B7FAB
0_FloatingSwordQuest07,A Loyal Mage,110,"Freed Nelacar from Umbra and spared him, taking no soul gem from him.",mercy_spare,Kyne,+,m,small,"stage 110 journal: ""Nelacar is free from Umbra. I did not gain any soul gems from him. I must continue."" cross-gen KEEP: mercy_spare(m) from the Kyne Part B profile, stepped down.",FloatingSwordFollower.esp:2B7FAB
0_FloatingSwordQuest07,A Loyal Mage,110,"Freed Nelacar from Umbra and spared him, taking no soul gem from him.",mercy_spare,Stuhn,+,S,small,"stage 110 journal: ""Nelacar is free from Umbra. I did not gain any soul gems from him. I must continue."" cross-gen KEEP: mercy_spare(C) from the Stuhn Part B profile, stepped down.",FloatingSwordFollower.esp:2B7FAB
0_FloatingSwordQuest07,A Loyal Mage,110,"Freed Nelacar from Umbra and spared him, taking no soul gem from him.",mercy_spare,Molag Bal,-,m,small,"stage 110 journal: ""Nelacar is free from Umbra. I did not gain any soul gems from him. I must continue."" cross-gen KEEP: mercy_spare(S) from the Molag Bal Part B profile, stepped down.",FloatingSwordFollower.esp:2B7FAB
0_FloatingSwordQuest08,The Nature of the Beast,85,Killed the Khajiit friend and took his black soul gem for passage to Umbriel.,ritual_sacrifice,Stendarr,-,m,small,"stage 85 journal: ""The Khajiit had to die. Partly because of what he did, and partly because I need his soul to get into Umbriel."" cross-gen KEEP: ritual_sacrifice(S) from the Stendarr Part B profile, stepped down.",FloatingSwordFollower.esp:2B7FAC
0_FloatingSwordQuest08,The Nature of the Beast,85,Killed the Khajiit friend and took his black soul gem for passage to Umbriel.,ritual_sacrifice,Mara,-,m,small,"stage 85 journal: ""The Khajiit had to die. Partly because of what he did, and partly because I need his soul to get into Umbriel."" cross-gen KEEP: ritual_sacrifice(S) from the Mara Part B profile, stepped down.",FloatingSwordFollower.esp:2B7FAC
0_FloatingSwordQuest08,The Nature of the Beast,85,Killed the Khajiit friend and took his black soul gem for passage to Umbriel.,necromancy,Arkay,-,S,small,"stage 85 journal: ""The Khajiit had to die. Partly because of what he did, and partly because I need his soul to get into Umbriel."" cross-gen KEEP: necromancy(C) from the Arkay Part B profile, stepped down.",FloatingSwordFollower.esp:2B7FAC
0_FloatingSwordQuest08,The Nature of the Beast,85,Killed the Khajiit friend and took his black soul gem for passage to Umbriel.,necromancy,Kynareth,-,m,small,"stage 85 journal: ""The Khajiit had to die. Partly because of what he did, and partly because I need his soul to get into Umbriel."" cross-gen KEEP: necromancy(m) from the Kynareth Part B profile, stepped down.",FloatingSwordFollower.esp:2B7FAC
0_FloatingSwordQuest08,The Nature of the Beast,85,Killed the Khajiit friend and took his black soul gem for passage to Umbriel.,necromancy,Syrabane,-,m,small,"stage 85 journal: ""The Khajiit had to die. Partly because of what he did, and partly because I need his soul to get into Umbriel."" cross-gen KEEP: necromancy(S) from the Syrabane Part B profile, stepped down.",FloatingSwordFollower.esp:2B7FAC
0_FloatingSwordQuest08,The Nature of the Beast,85,Killed the Khajiit friend and took his black soul gem for passage to Umbriel.,necromancy,Y'ffre,-,m,small,"stage 85 journal: ""The Khajiit had to die. Partly because of what he did, and partly because I need his soul to get into Umbriel."" cross-gen KEEP: necromancy(S) from the Y'ffre Part B profile, stepped down.",FloatingSwordFollower.esp:2B7FAC
0_FloatingSwordQuest08,The Nature of the Beast,85,Killed the Khajiit friend and took his black soul gem for passage to Umbriel.,necromancy,Tu'whacca,-,S,small,"stage 85 journal: ""The Khajiit had to die. Partly because of what he did, and partly because I need his soul to get into Umbriel."" cross-gen KEEP: necromancy(C) from the Tu'whacca Part B profile, stepped down.",FloatingSwordFollower.esp:2B7FAC
0_FloatingSwordQuest08,The Nature of the Beast,85,Killed the Khajiit friend and took his black soul gem for passage to Umbriel.,necromancy,The Hist,-,m,small,"stage 85 journal: ""The Khajiit had to die. Partly because of what he did, and partly because I need his soul to get into Umbriel."" cross-gen KEEP: necromancy(S) from the The Hist Part B profile, stepped down.",FloatingSwordFollower.esp:2B7FAC
0_FloatingSwordQuest08,The Nature of the Beast,85,Killed the Khajiit friend and took his black soul gem for passage to Umbriel.,ritual_sacrifice,Boethiah,+,m,small,"stage 85 journal: ""The Khajiit had to die. Partly because of what he did, and partly because I need his soul to get into Umbriel."" cross-gen KEEP: ritual_sacrifice(S) from the Boethiah Part B profile, stepped down.",FloatingSwordFollower.esp:2B7FAC
0_FloatingSwordQuest08,The Nature of the Beast,85,Killed the Khajiit friend and took his black soul gem for passage to Umbriel.,necromancy,Meridia,-,S,small,"stage 85 journal: ""The Khajiit had to die. Partly because of what he did, and partly because I need his soul to get into Umbriel."" cross-gen KEEP: necromancy(C) from the Meridia Part B profile, stepped down.",FloatingSwordFollower.esp:2B7FAC
0_FloatingSwordQuest08,The Nature of the Beast,85,Killed the Khajiit friend and took his black soul gem for passage to Umbriel.,ritual_sacrifice,Molag Bal,+,m,small,"stage 85 journal: ""The Khajiit had to die. Partly because of what he did, and partly because I need his soul to get into Umbriel."" cross-gen KEEP: ritual_sacrifice(S) from the Molag Bal Part B profile, stepped down.",FloatingSwordFollower.esp:2B7FAC
0_FloatingSwordQuest08,The Nature of the Beast,90,Spared the Khajiit friend and chose to find a different black soul gem.,mercy_spare,Stendarr,+,S,small,"stage 90 journal: ""I don't want to kill <Alias=MaleKhajiit>. I'll find a different Black Soul Gem for Umbriel, somehow."" cross-gen KEEP: mercy_spare(C) from the Stendarr Part B profile, stepped down.",FloatingSwordFollower.esp:2B7FAC
0_FloatingSwordQuest08,The Nature of the Beast,90,Spared the Khajiit friend and chose to find a different black soul gem.,mercy_spare,Mara,+,m,small,"stage 90 journal: ""I don't want to kill <Alias=MaleKhajiit>. I'll find a different Black Soul Gem for Umbriel, somehow."" cross-gen KEEP: mercy_spare(S) from the Mara Part B profile, stepped down.",FloatingSwordFollower.esp:2B7FAC
0_FloatingSwordQuest08,The Nature of the Beast,90,Spared the Khajiit friend and chose to find a different black soul gem.,mercy_spare,Kyne,+,m,small,"stage 90 journal: ""I don't want to kill <Alias=MaleKhajiit>. I'll find a different Black Soul Gem for Umbriel, somehow."" cross-gen KEEP: mercy_spare(m) from the Kyne Part B profile, stepped down.",FloatingSwordFollower.esp:2B7FAC
0_FloatingSwordQuest08,The Nature of the Beast,90,Spared the Khajiit friend and chose to find a different black soul gem.,mercy_spare,Stuhn,+,S,small,"stage 90 journal: ""I don't want to kill <Alias=MaleKhajiit>. I'll find a different Black Soul Gem for Umbriel, somehow."" cross-gen KEEP: mercy_spare(C) from the Stuhn Part B profile, stepped down.",FloatingSwordFollower.esp:2B7FAC
0_FloatingSwordQuest08,The Nature of the Beast,90,Spared the Khajiit friend and chose to find a different black soul gem.,mercy_spare,Molag Bal,-,m,small,"stage 90 journal: ""I don't want to kill <Alias=MaleKhajiit>. I'll find a different Black Soul Gem for Umbriel, somehow."" cross-gen KEEP: mercy_spare(S) from the Molag Bal Part B profile, stepped down.",FloatingSwordFollower.esp:2B7FAC
0_FloatingSwordQuest09,Gray Justice,35,Killed Viola Giordano to keep her Butcher evidence from the authorities.,kill_the_helpless,Stendarr,-,S,small,"stage 35 objective only, no journal text: ""Kill Viola Giordano"" -- RUNTIME-VERIFY that this stage fires as its own branch rather than as part of s30/s40. cross-gen KEEP: kill_the_helpless(C) from the Stendarr Part B profile, stepped down.",FloatingSwordFollower.esp:2B7FAE
0_FloatingSwordQuest09,Gray Justice,35,Killed Viola Giordano to keep her Butcher evidence from the authorities.,kill_the_helpless,Mara,-,m,small,"stage 35 objective only, no journal text: ""Kill Viola Giordano"" -- RUNTIME-VERIFY that this stage fires as its own branch rather than as part of s30/s40. cross-gen KEEP: kill_the_helpless(m) from the Mara Part B profile, stepped down.",FloatingSwordFollower.esp:2B7FAE
0_FloatingSwordQuest09,Gray Justice,35,Killed Viola Giordano to keep her Butcher evidence from the authorities.,kill_the_helpless,Dibella,-,m,small,"stage 35 objective only, no journal text: ""Kill Viola Giordano"" -- RUNTIME-VERIFY that this stage fires as its own branch rather than as part of s30/s40. cross-gen KEEP: kill_the_helpless(m) from the Dibella Part B profile, stepped down.",FloatingSwordFollower.esp:2B7FAE
0_FloatingSwordQuest09,Gray Justice,35,Killed Viola Giordano to keep her Butcher evidence from the authorities.,murder_treacherous,Talos,-,m,small,"stage 35 objective only, no journal text: ""Kill Viola Giordano"" -- RUNTIME-VERIFY that this stage fires as its own branch rather than as part of s30/s40. cross-gen KEEP: murder_treacherous(S) from the Talos Part B profile, stepped down.",FloatingSwordFollower.esp:2B7FAE
0_FloatingSwordQuest09,Gray Justice,35,Killed Viola Giordano to keep her Butcher evidence from the authorities.,kill_the_helpless,Kyne,-,m,small,"stage 35 objective only, no journal text: ""Kill Viola Giordano"" -- RUNTIME-VERIFY that this stage fires as its own branch rather than as part of s30/s40. cross-gen KEEP: kill_the_helpless(m) from the Kyne Part B profile, stepped down.",FloatingSwordFollower.esp:2B7FAE
0_FloatingSwordQuest09,Gray Justice,35,Killed Viola Giordano to keep her Butcher evidence from the authorities.,murder_treacherous,Shor,-,m,small,"stage 35 objective only, no journal text: ""Kill Viola Giordano"" -- RUNTIME-VERIFY that this stage fires as its own branch rather than as part of s30/s40. cross-gen KEEP: murder_treacherous(S) from the Shor Part B profile, stepped down.",FloatingSwordFollower.esp:2B7FAE
0_FloatingSwordQuest09,Gray Justice,35,Killed Viola Giordano to keep her Butcher evidence from the authorities.,murder_treacherous,Tsun,-,m,small,"stage 35 objective only, no journal text: ""Kill Viola Giordano"" -- RUNTIME-VERIFY that this stage fires as its own branch rather than as part of s30/s40. cross-gen KEEP: murder_treacherous(S) from the Tsun Part B profile, stepped down.",FloatingSwordFollower.esp:2B7FAE
0_FloatingSwordQuest09,Gray Justice,35,Killed Viola Giordano to keep her Butcher evidence from the authorities.,kill_the_helpless,Stuhn,-,S,small,"stage 35 objective only, no journal text: ""Kill Viola Giordano"" -- RUNTIME-VERIFY that this stage fires as its own branch rather than as part of s30/s40. cross-gen KEEP: kill_the_helpless(C) from the Stuhn Part B profile, stepped down.",FloatingSwordFollower.esp:2B7FAE
0_FloatingSwordQuest09,Gray Justice,35,Killed Viola Giordano to keep her Butcher evidence from the authorities.,kill_the_helpless,Baan Dar,-,m,small,"stage 35 objective only, no journal text: ""Kill Viola Giordano"" -- RUNTIME-VERIFY that this stage fires as its own branch rather than as part of s30/s40. cross-gen KEEP: kill_the_helpless(m) from the Baan Dar Part B profile, stepped down.",FloatingSwordFollower.esp:2B7FAE
0_FloatingSwordQuest09,Gray Justice,35,Killed Viola Giordano to keep her Butcher evidence from the authorities.,kill_the_helpless,Khenarthi,-,m,small,"stage 35 objective only, no journal text: ""Kill Viola Giordano"" -- RUNTIME-VERIFY that this stage fires as its own branch rather than as part of s30/s40. cross-gen KEEP: kill_the_helpless(m) from the Khenarthi Part B profile, stepped down.",FloatingSwordFollower.esp:2B7FAE
0_FloatingSwordQuest09,Gray Justice,35,Killed Viola Giordano to keep her Butcher evidence from the authorities.,kill_the_helpless,Rajhin,-,m,small,"stage 35 objective only, no journal text: ""Kill Viola Giordano"" -- RUNTIME-VERIFY that this stage fires as its own branch rather than as part of s30/s40. cross-gen KEEP: kill_the_helpless(m) from the Rajhin Part B profile, stepped down.",FloatingSwordFollower.esp:2B7FAE
0_FloatingSwordQuest09,Gray Justice,35,Killed Viola Giordano to keep her Butcher evidence from the authorities.,kill_the_helpless,HoonDing,-,m,small,"stage 35 objective only, no journal text: ""Kill Viola Giordano"" -- RUNTIME-VERIFY that this stage fires as its own branch rather than as part of s30/s40. cross-gen KEEP: kill_the_helpless(m) from the HoonDing Part B profile, stepped down.",FloatingSwordFollower.esp:2B7FAE
0_FloatingSwordQuest09,Gray Justice,35,Killed Viola Giordano to keep her Butcher evidence from the authorities.,murder_treacherous,Leki,-,m,small,"stage 35 objective only, no journal text: ""Kill Viola Giordano"" -- RUNTIME-VERIFY that this stage fires as its own branch rather than as part of s30/s40. cross-gen KEEP: murder_treacherous(S) from the Leki Part B profile, stepped down.",FloatingSwordFollower.esp:2B7FAE
0_FloatingSwordQuest09,Gray Justice,35,Killed Viola Giordano to keep her Butcher evidence from the authorities.,murder_treacherous,Sithis,+,m,small,"stage 35 objective only, no journal text: ""Kill Viola Giordano"" -- RUNTIME-VERIFY that this stage fires as its own branch rather than as part of s30/s40. cross-gen KEEP: murder_treacherous(S) from the Sithis Part B profile, stepped down.",FloatingSwordFollower.esp:2B7FAE
0_FloatingSwordQuest09,Gray Justice,35,Killed Viola Giordano to keep her Butcher evidence from the authorities.,murder_treacherous,Boethiah,+,m,small,"stage 35 objective only, no journal text: ""Kill Viola Giordano"" -- RUNTIME-VERIFY that this stage fires as its own branch rather than as part of s30/s40. cross-gen KEEP: murder_treacherous(S) from the Boethiah Part B profile, stepped down.",FloatingSwordFollower.esp:2B7FAE
0_FloatingSwordQuest09,Gray Justice,35,Killed Viola Giordano to keep her Butcher evidence from the authorities.,murder_treacherous,Mephala,+,m,small,"stage 35 objective only, no journal text: ""Kill Viola Giordano"" -- RUNTIME-VERIFY that this stage fires as its own branch rather than as part of s30/s40. cross-gen KEEP: murder_treacherous(S) from the Mephala Part B profile, stepped down.",FloatingSwordFollower.esp:2B7FAE
0_FloatingSwordQuest09,Gray Justice,35,Killed Viola Giordano to keep her Butcher evidence from the authorities.,kill_the_helpless,Molag Bal,+,S,small,"stage 35 objective only, no journal text: ""Kill Viola Giordano"" -- RUNTIME-VERIFY that this stage fires as its own branch rather than as part of s30/s40. cross-gen KEEP: kill_the_helpless(C) from the Molag Bal Part B profile, stepped down.",FloatingSwordFollower.esp:2B7FAE
0_FloatingSwordQuest09,Gray Justice,35,Killed Viola Giordano to keep her Butcher evidence from the authorities.,murder_treacherous,Mehrunes Dagon,+,m,small,"stage 35 objective only, no journal text: ""Kill Viola Giordano"" -- RUNTIME-VERIFY that this stage fires as its own branch rather than as part of s30/s40. cross-gen KEEP: murder_treacherous(m) from the Mehrunes Dagon Part B profile, stepped down.",FloatingSwordFollower.esp:2B7FAE
0_FloatingSwordQuest09,Gray Justice,35,Killed Viola Giordano to keep her Butcher evidence from the authorities.,murder_treacherous,Vaermina,+,m,small,"stage 35 objective only, no journal text: ""Kill Viola Giordano"" -- RUNTIME-VERIFY that this stage fires as its own branch rather than as part of s30/s40. cross-gen KEEP: murder_treacherous(m) from the Vaermina Part B profile, stepped down.",FloatingSwordFollower.esp:2B7FAE
0_FloatingSwordQuest09,Gray Justice,40,"Took Viola Giordano's Butcher evidence so the authorities would never see it, to win a killer's trust.",theft_burglary,Zenithar,-,m,small,"stage 40 journal: ""I've done my part. The authorities won't see Viola's Butcher evidence. Time to return to <Alias=Collaborator> at the Atheron Residence."" (asked at s30: ""make sure Viola Giordano's evidence about the Butcher will never reach the authorities"") cross-gen KEEP: theft_burglary(S) from the Zenithar Part B profile, stepped down.",FloatingSwordFollower.esp:2B7FAE
0_FloatingSwordQuest09,Gray Justice,40,"Took Viola Giordano's Butcher evidence so the authorities would never see it, to win a killer's trust.",deceit,Baan Dar,+,S,small,"stage 40 journal: ""I've done my part. The authorities won't see Viola's Butcher evidence. Time to return to <Alias=Collaborator> at the Atheron Residence."" (asked at s30: ""make sure Viola Giordano's evidence about the Butcher will never reach the authorities"") cross-gen KEEP: deceit(C) from the Baan Dar Part B profile, stepped down.",FloatingSwordFollower.esp:2B7FAE
0_FloatingSwordQuest09,Gray Justice,40,"Took Viola Giordano's Butcher evidence so the authorities would never see it, to win a killer's trust.",theft_burglary,Rajhin,+,S,small,"stage 40 journal: ""I've done my part. The authorities won't see Viola's Butcher evidence. Time to return to <Alias=Collaborator> at the Atheron Residence."" (asked at s30: ""make sure Viola Giordano's evidence about the Butcher will never reach the authorities"") cross-gen KEEP: theft_burglary(C) from the Rajhin Part B profile, stepped down.",FloatingSwordFollower.esp:2B7FAE
0_FloatingSwordQuest09,Gray Justice,40,"Took Viola Giordano's Butcher evidence so the authorities would never see it, to win a killer's trust.",deceit,Malacath,-,m,small,"stage 40 journal: ""I've done my part. The authorities won't see Viola's Butcher evidence. Time to return to <Alias=Collaborator> at the Atheron Residence."" (asked at s30: ""make sure Viola Giordano's evidence about the Butcher will never reach the authorities"") cross-gen KEEP: deceit(m) from the Malacath Part B profile, stepped down.",FloatingSwordFollower.esp:2B7FAE
0_FloatingSwordQuest09,Gray Justice,40,"Took Viola Giordano's Butcher evidence so the authorities would never see it, to win a killer's trust.",deceit,Boethiah,+,m,small,"stage 40 journal: ""I've done my part. The authorities won't see Viola's Butcher evidence. Time to return to <Alias=Collaborator> at the Atheron Residence."" (asked at s30: ""make sure Viola Giordano's evidence about the Butcher will never reach the authorities"") cross-gen KEEP: deceit(S) from the Boethiah Part B profile, stepped down.",FloatingSwordFollower.esp:2B7FAE
0_FloatingSwordQuest09,Gray Justice,40,"Took Viola Giordano's Butcher evidence so the authorities would never see it, to win a killer's trust.",deceit,Mephala,+,S,small,"stage 40 journal: ""I've done my part. The authorities won't see Viola's Butcher evidence. Time to return to <Alias=Collaborator> at the Atheron Residence."" (asked at s30: ""make sure Viola Giordano's evidence about the Butcher will never reach the authorities"") cross-gen KEEP: deceit(C) from the Mephala Part B profile, stepped down.",FloatingSwordFollower.esp:2B7FAE
0_FloatingSwordQuest09,Gray Justice,40,"Took Viola Giordano's Butcher evidence so the authorities would never see it, to win a killer's trust.",theft_burglary,Nocturnal,+,S,small,"stage 40 journal: ""I've done my part. The authorities won't see Viola's Butcher evidence. Time to return to <Alias=Collaborator> at the Atheron Residence."" (asked at s30: ""make sure Viola Giordano's evidence about the Butcher will never reach the authorities"") cross-gen KEEP: theft_burglary(C) from the Nocturnal Part B profile, stepped down.",FloatingSwordFollower.esp:2B7FAE
0_FloatingSwordQuest09,Gray Justice,40,"Took Viola Giordano's Butcher evidence so the authorities would never see it, to win a killer's trust.",deceit,Clavicus Vile,+,m,small,"stage 40 journal: ""I've done my part. The authorities won't see Viola's Butcher evidence. Time to return to <Alias=Collaborator> at the Atheron Residence."" (asked at s30: ""make sure Viola Giordano's evidence about the Butcher will never reach the authorities"") cross-gen KEEP: deceit(S) from the Clavicus Vile Part B profile, stepped down.",FloatingSwordFollower.esp:2B7FAE
0_FloatingSwordQuest09,Gray Justice,85,"Killed the Dunmer friend, the Butcher of Windhelm, and took his black soul gem.",ritual_sacrifice,Stendarr,-,m,small,"stage 85 journal: ""I decided to end the life of <Alias=MaleDunmer>. It pains me that I dragged him into this mess, but I need his soul to get into Umbriel."" cross-gen KEEP: ritual_sacrifice(S) from the Stendarr Part B profile, stepped down.",FloatingSwordFollower.esp:2B7FAE
0_FloatingSwordQuest09,Gray Justice,85,"Killed the Dunmer friend, the Butcher of Windhelm, and took his black soul gem.",ritual_sacrifice,Mara,-,m,small,"stage 85 journal: ""I decided to end the life of <Alias=MaleDunmer>. It pains me that I dragged him into this mess, but I need his soul to get into Umbriel."" cross-gen KEEP: ritual_sacrifice(S) from the Mara Part B profile, stepped down.",FloatingSwordFollower.esp:2B7FAE
0_FloatingSwordQuest09,Gray Justice,85,"Killed the Dunmer friend, the Butcher of Windhelm, and took his black soul gem.",necromancy,Arkay,-,S,small,"stage 85 journal: ""I decided to end the life of <Alias=MaleDunmer>. It pains me that I dragged him into this mess, but I need his soul to get into Umbriel."" cross-gen KEEP: necromancy(C) from the Arkay Part B profile, stepped down.",FloatingSwordFollower.esp:2B7FAE
0_FloatingSwordQuest09,Gray Justice,85,"Killed the Dunmer friend, the Butcher of Windhelm, and took his black soul gem.",necromancy,Kynareth,-,m,small,"stage 85 journal: ""I decided to end the life of <Alias=MaleDunmer>. It pains me that I dragged him into this mess, but I need his soul to get into Umbriel."" cross-gen KEEP: necromancy(m) from the Kynareth Part B profile, stepped down.",FloatingSwordFollower.esp:2B7FAE
0_FloatingSwordQuest09,Gray Justice,85,"Killed the Dunmer friend, the Butcher of Windhelm, and took his black soul gem.",necromancy,Syrabane,-,m,small,"stage 85 journal: ""I decided to end the life of <Alias=MaleDunmer>. It pains me that I dragged him into this mess, but I need his soul to get into Umbriel."" cross-gen KEEP: necromancy(S) from the Syrabane Part B profile, stepped down.",FloatingSwordFollower.esp:2B7FAE
0_FloatingSwordQuest09,Gray Justice,85,"Killed the Dunmer friend, the Butcher of Windhelm, and took his black soul gem.",necromancy,Y'ffre,-,m,small,"stage 85 journal: ""I decided to end the life of <Alias=MaleDunmer>. It pains me that I dragged him into this mess, but I need his soul to get into Umbriel."" cross-gen KEEP: necromancy(S) from the Y'ffre Part B profile, stepped down.",FloatingSwordFollower.esp:2B7FAE
0_FloatingSwordQuest09,Gray Justice,85,"Killed the Dunmer friend, the Butcher of Windhelm, and took his black soul gem.",necromancy,Tu'whacca,-,S,small,"stage 85 journal: ""I decided to end the life of <Alias=MaleDunmer>. It pains me that I dragged him into this mess, but I need his soul to get into Umbriel."" cross-gen KEEP: necromancy(C) from the Tu'whacca Part B profile, stepped down.",FloatingSwordFollower.esp:2B7FAE
0_FloatingSwordQuest09,Gray Justice,85,"Killed the Dunmer friend, the Butcher of Windhelm, and took his black soul gem.",necromancy,The Hist,-,m,small,"stage 85 journal: ""I decided to end the life of <Alias=MaleDunmer>. It pains me that I dragged him into this mess, but I need his soul to get into Umbriel."" cross-gen KEEP: necromancy(S) from the The Hist Part B profile, stepped down.",FloatingSwordFollower.esp:2B7FAE
0_FloatingSwordQuest09,Gray Justice,85,"Killed the Dunmer friend, the Butcher of Windhelm, and took his black soul gem.",ritual_sacrifice,Boethiah,+,m,small,"stage 85 journal: ""I decided to end the life of <Alias=MaleDunmer>. It pains me that I dragged him into this mess, but I need his soul to get into Umbriel."" cross-gen KEEP: ritual_sacrifice(S) from the Boethiah Part B profile, stepped down.",FloatingSwordFollower.esp:2B7FAE
0_FloatingSwordQuest09,Gray Justice,85,"Killed the Dunmer friend, the Butcher of Windhelm, and took his black soul gem.",necromancy,Meridia,-,S,small,"stage 85 journal: ""I decided to end the life of <Alias=MaleDunmer>. It pains me that I dragged him into this mess, but I need his soul to get into Umbriel."" cross-gen KEEP: necromancy(C) from the Meridia Part B profile, stepped down.",FloatingSwordFollower.esp:2B7FAE
0_FloatingSwordQuest09,Gray Justice,85,"Killed the Dunmer friend, the Butcher of Windhelm, and took his black soul gem.",ritual_sacrifice,Molag Bal,+,m,small,"stage 85 journal: ""I decided to end the life of <Alias=MaleDunmer>. It pains me that I dragged him into this mess, but I need his soul to get into Umbriel."" cross-gen KEEP: ritual_sacrifice(S) from the Molag Bal Part B profile, stepped down.",FloatingSwordFollower.esp:2B7FAE
0_FloatingSwordQuest09,Gray Justice,90,"Spared the Dunmer friend, the Butcher of Windhelm.",mercy_spare,Stendarr,+,S,small,"stage 90 journal: ""I've decided to spare <Alias=MaleDunmer>. I'll find a different Black Soul Gem to get into Umbriel."" cross-gen KEEP: mercy_spare(C) from the Stendarr Part B profile, stepped down.",FloatingSwordFollower.esp:2B7FAE
0_FloatingSwordQuest09,Gray Justice,90,"Spared the Dunmer friend, the Butcher of Windhelm.",mercy_spare,Mara,+,m,small,"stage 90 journal: ""I've decided to spare <Alias=MaleDunmer>. I'll find a different Black Soul Gem to get into Umbriel."" cross-gen KEEP: mercy_spare(S) from the Mara Part B profile, stepped down.",FloatingSwordFollower.esp:2B7FAE
0_FloatingSwordQuest09,Gray Justice,90,"Spared the Dunmer friend, the Butcher of Windhelm.",mercy_spare,Kyne,+,m,small,"stage 90 journal: ""I've decided to spare <Alias=MaleDunmer>. I'll find a different Black Soul Gem to get into Umbriel."" cross-gen KEEP: mercy_spare(m) from the Kyne Part B profile, stepped down.",FloatingSwordFollower.esp:2B7FAE
0_FloatingSwordQuest09,Gray Justice,90,"Spared the Dunmer friend, the Butcher of Windhelm.",mercy_spare,Stuhn,+,S,small,"stage 90 journal: ""I've decided to spare <Alias=MaleDunmer>. I'll find a different Black Soul Gem to get into Umbriel."" cross-gen KEEP: mercy_spare(C) from the Stuhn Part B profile, stepped down.",FloatingSwordFollower.esp:2B7FAE
0_FloatingSwordQuest09,Gray Justice,90,"Spared the Dunmer friend, the Butcher of Windhelm.",mercy_spare,Molag Bal,-,m,small,"stage 90 journal: ""I've decided to spare <Alias=MaleDunmer>. I'll find a different Black Soul Gem to get into Umbriel."" cross-gen KEEP: mercy_spare(S) from the Molag Bal Part B profile, stepped down.",FloatingSwordFollower.esp:2B7FAE
0_FloatingSwordQuest10,The Chosen of Kynareth,110,Let the restrained Murob go free.,mercy_spare,Stendarr,+,S,small,"stage 110 journal: ""I've agreed to let Murob go. Now it's time to decide what to do about <Alias=FemaleOrc>."" cross-gen KEEP: mercy_spare(C) from the Stendarr Part B profile, stepped down.",FloatingSwordFollower.esp:3411E6
0_FloatingSwordQuest10,The Chosen of Kynareth,110,Let the restrained Murob go free.,mercy_spare,Mara,+,m,small,"stage 110 journal: ""I've agreed to let Murob go. Now it's time to decide what to do about <Alias=FemaleOrc>."" cross-gen KEEP: mercy_spare(S) from the Mara Part B profile, stepped down.",FloatingSwordFollower.esp:3411E6
0_FloatingSwordQuest10,The Chosen of Kynareth,110,Let the restrained Murob go free.,mercy_spare,Kyne,+,m,small,"stage 110 journal: ""I've agreed to let Murob go. Now it's time to decide what to do about <Alias=FemaleOrc>."" cross-gen KEEP: mercy_spare(m) from the Kyne Part B profile, stepped down.",FloatingSwordFollower.esp:3411E6
0_FloatingSwordQuest10,The Chosen of Kynareth,110,Let the restrained Murob go free.,mercy_spare,Stuhn,+,S,small,"stage 110 journal: ""I've agreed to let Murob go. Now it's time to decide what to do about <Alias=FemaleOrc>."" cross-gen KEEP: mercy_spare(C) from the Stuhn Part B profile, stepped down.",FloatingSwordFollower.esp:3411E6
0_FloatingSwordQuest10,The Chosen of Kynareth,110,Let the restrained Murob go free.,mercy_spare,Molag Bal,-,m,small,"stage 110 journal: ""I've agreed to let Murob go. Now it's time to decide what to do about <Alias=FemaleOrc>."" cross-gen KEEP: mercy_spare(S) from the Molag Bal Part B profile, stepped down.",FloatingSwordFollower.esp:3411E6
0_FloatingSwordQuest10,The Chosen of Kynareth,125,Sacrificed the Orc friend and collected her soul gem.,ritual_sacrifice,Stendarr,-,m,small,"stage 125 journal: ""In the end, I had to sacrifice <alias=FemaleOrc>. We need her soul gem."" cross-gen KEEP: ritual_sacrifice(S) from the Stendarr Part B profile, stepped down.",FloatingSwordFollower.esp:3411E6
0_FloatingSwordQuest10,The Chosen of Kynareth,125,Sacrificed the Orc friend and collected her soul gem.,ritual_sacrifice,Mara,-,m,small,"stage 125 journal: ""In the end, I had to sacrifice <alias=FemaleOrc>. We need her soul gem."" cross-gen KEEP: ritual_sacrifice(S) from the Mara Part B profile, stepped down.",FloatingSwordFollower.esp:3411E6
0_FloatingSwordQuest10,The Chosen of Kynareth,125,Sacrificed the Orc friend and collected her soul gem.,necromancy,Arkay,-,S,small,"stage 125 journal: ""In the end, I had to sacrifice <alias=FemaleOrc>. We need her soul gem."" cross-gen KEEP: necromancy(C) from the Arkay Part B profile, stepped down.",FloatingSwordFollower.esp:3411E6
0_FloatingSwordQuest10,The Chosen of Kynareth,125,Sacrificed the Orc friend and collected her soul gem.,necromancy,Kynareth,-,m,small,"stage 125 journal: ""In the end, I had to sacrifice <alias=FemaleOrc>. We need her soul gem."" cross-gen KEEP: necromancy(m) from the Kynareth Part B profile, stepped down.",FloatingSwordFollower.esp:3411E6
0_FloatingSwordQuest10,The Chosen of Kynareth,125,Sacrificed the Orc friend and collected her soul gem.,necromancy,Syrabane,-,m,small,"stage 125 journal: ""In the end, I had to sacrifice <alias=FemaleOrc>. We need her soul gem."" cross-gen KEEP: necromancy(S) from the Syrabane Part B profile, stepped down.",FloatingSwordFollower.esp:3411E6
0_FloatingSwordQuest10,The Chosen of Kynareth,125,Sacrificed the Orc friend and collected her soul gem.,necromancy,Y'ffre,-,m,small,"stage 125 journal: ""In the end, I had to sacrifice <alias=FemaleOrc>. We need her soul gem."" cross-gen KEEP: necromancy(S) from the Y'ffre Part B profile, stepped down.",FloatingSwordFollower.esp:3411E6
0_FloatingSwordQuest10,The Chosen of Kynareth,125,Sacrificed the Orc friend and collected her soul gem.,necromancy,Tu'whacca,-,S,small,"stage 125 journal: ""In the end, I had to sacrifice <alias=FemaleOrc>. We need her soul gem."" cross-gen KEEP: necromancy(C) from the Tu'whacca Part B profile, stepped down.",FloatingSwordFollower.esp:3411E6
0_FloatingSwordQuest10,The Chosen of Kynareth,125,Sacrificed the Orc friend and collected her soul gem.,necromancy,The Hist,-,m,small,"stage 125 journal: ""In the end, I had to sacrifice <alias=FemaleOrc>. We need her soul gem."" cross-gen KEEP: necromancy(S) from the The Hist Part B profile, stepped down.",FloatingSwordFollower.esp:3411E6
0_FloatingSwordQuest10,The Chosen of Kynareth,125,Sacrificed the Orc friend and collected her soul gem.,ritual_sacrifice,Boethiah,+,m,small,"stage 125 journal: ""In the end, I had to sacrifice <alias=FemaleOrc>. We need her soul gem."" cross-gen KEEP: ritual_sacrifice(S) from the Boethiah Part B profile, stepped down.",FloatingSwordFollower.esp:3411E6
0_FloatingSwordQuest10,The Chosen of Kynareth,125,Sacrificed the Orc friend and collected her soul gem.,necromancy,Meridia,-,S,small,"stage 125 journal: ""In the end, I had to sacrifice <alias=FemaleOrc>. We need her soul gem."" cross-gen KEEP: necromancy(C) from the Meridia Part B profile, stepped down.",FloatingSwordFollower.esp:3411E6
0_FloatingSwordQuest10,The Chosen of Kynareth,125,Sacrificed the Orc friend and collected her soul gem.,ritual_sacrifice,Molag Bal,+,m,small,"stage 125 journal: ""In the end, I had to sacrifice <alias=FemaleOrc>. We need her soul gem."" cross-gen KEEP: ritual_sacrifice(S) from the Molag Bal Part B profile, stepped down.",FloatingSwordFollower.esp:3411E6
0_FloatingSwordQuest10,The Chosen of Kynareth,130,Refused to sacrifice the Orc friend.,mercy_spare,Stendarr,+,S,small,"stage 130 journal: ""I can't sacrifice <alias=FemaleOrc>. Not after everything that happened."" cross-gen KEEP: mercy_spare(C) from the Stendarr Part B profile, stepped down.",FloatingSwordFollower.esp:3411E6
0_FloatingSwordQuest10,The Chosen of Kynareth,130,Refused to sacrifice the Orc friend.,mercy_spare,Mara,+,m,small,"stage 130 journal: ""I can't sacrifice <alias=FemaleOrc>. Not after everything that happened."" cross-gen KEEP: mercy_spare(S) from the Mara Part B profile, stepped down.",FloatingSwordFollower.esp:3411E6
0_FloatingSwordQuest10,The Chosen of Kynareth,130,Refused to sacrifice the Orc friend.,mercy_spare,Kyne,+,m,small,"stage 130 journal: ""I can't sacrifice <alias=FemaleOrc>. Not after everything that happened."" cross-gen KEEP: mercy_spare(m) from the Kyne Part B profile, stepped down.",FloatingSwordFollower.esp:3411E6
0_FloatingSwordQuest10,The Chosen of Kynareth,130,Refused to sacrifice the Orc friend.,mercy_spare,Stuhn,+,S,small,"stage 130 journal: ""I can't sacrifice <alias=FemaleOrc>. Not after everything that happened."" cross-gen KEEP: mercy_spare(C) from the Stuhn Part B profile, stepped down.",FloatingSwordFollower.esp:3411E6
0_FloatingSwordQuest10,The Chosen of Kynareth,130,Refused to sacrifice the Orc friend.,mercy_spare,Molag Bal,-,m,small,"stage 130 journal: ""I can't sacrifice <alias=FemaleOrc>. Not after everything that happened."" cross-gen KEEP: mercy_spare(S) from the Molag Bal Part B profile, stepped down.",FloatingSwordFollower.esp:3411E6
0_FloatingSwordQuest10,The Chosen of Kynareth,135,"Sacrificed the Orc friend, the Chosen of Kynareth, and took her soul gem.",ritual_sacrifice,Stendarr,-,m,small,"stage 135 journal: ""<Alias=FemaleOrc> is dead. I got her soul gem. She was truly the Chosen of Kynareth. Her sacrifice won't be in vain."" cross-gen KEEP: ritual_sacrifice(S) from the Stendarr Part B profile, stepped down.",FloatingSwordFollower.esp:3411E6
0_FloatingSwordQuest10,The Chosen of Kynareth,135,"Sacrificed the Orc friend, the Chosen of Kynareth, and took her soul gem.",ritual_sacrifice,Mara,-,m,small,"stage 135 journal: ""<Alias=FemaleOrc> is dead. I got her soul gem. She was truly the Chosen of Kynareth. Her sacrifice won't be in vain."" cross-gen KEEP: ritual_sacrifice(S) from the Mara Part B profile, stepped down.",FloatingSwordFollower.esp:3411E6
0_FloatingSwordQuest10,The Chosen of Kynareth,135,"Sacrificed the Orc friend, the Chosen of Kynareth, and took her soul gem.",necromancy,Arkay,-,S,small,"stage 135 journal: ""<Alias=FemaleOrc> is dead. I got her soul gem. She was truly the Chosen of Kynareth. Her sacrifice won't be in vain."" cross-gen KEEP: necromancy(C) from the Arkay Part B profile, stepped down.",FloatingSwordFollower.esp:3411E6
0_FloatingSwordQuest10,The Chosen of Kynareth,135,"Sacrificed the Orc friend, the Chosen of Kynareth, and took her soul gem.",necromancy,Kynareth,-,m,small,"stage 135 journal: ""<Alias=FemaleOrc> is dead. I got her soul gem. She was truly the Chosen of Kynareth. Her sacrifice won't be in vain."" cross-gen KEEP: necromancy(m) from the Kynareth Part B profile, stepped down.",FloatingSwordFollower.esp:3411E6
0_FloatingSwordQuest10,The Chosen of Kynareth,135,"Sacrificed the Orc friend, the Chosen of Kynareth, and took her soul gem.",necromancy,Syrabane,-,m,small,"stage 135 journal: ""<Alias=FemaleOrc> is dead. I got her soul gem. She was truly the Chosen of Kynareth. Her sacrifice won't be in vain."" cross-gen KEEP: necromancy(S) from the Syrabane Part B profile, stepped down.",FloatingSwordFollower.esp:3411E6
0_FloatingSwordQuest10,The Chosen of Kynareth,135,"Sacrificed the Orc friend, the Chosen of Kynareth, and took her soul gem.",necromancy,Y'ffre,-,m,small,"stage 135 journal: ""<Alias=FemaleOrc> is dead. I got her soul gem. She was truly the Chosen of Kynareth. Her sacrifice won't be in vain."" cross-gen KEEP: necromancy(S) from the Y'ffre Part B profile, stepped down.",FloatingSwordFollower.esp:3411E6
0_FloatingSwordQuest10,The Chosen of Kynareth,135,"Sacrificed the Orc friend, the Chosen of Kynareth, and took her soul gem.",necromancy,Tu'whacca,-,S,small,"stage 135 journal: ""<Alias=FemaleOrc> is dead. I got her soul gem. She was truly the Chosen of Kynareth. Her sacrifice won't be in vain."" cross-gen KEEP: necromancy(C) from the Tu'whacca Part B profile, stepped down.",FloatingSwordFollower.esp:3411E6
0_FloatingSwordQuest10,The Chosen of Kynareth,135,"Sacrificed the Orc friend, the Chosen of Kynareth, and took her soul gem.",necromancy,The Hist,-,m,small,"stage 135 journal: ""<Alias=FemaleOrc> is dead. I got her soul gem. She was truly the Chosen of Kynareth. Her sacrifice won't be in vain."" cross-gen KEEP: necromancy(S) from the The Hist Part B profile, stepped down.",FloatingSwordFollower.esp:3411E6
0_FloatingSwordQuest10,The Chosen of Kynareth,135,"Sacrificed the Orc friend, the Chosen of Kynareth, and took her soul gem.",ritual_sacrifice,Boethiah,+,m,small,"stage 135 journal: ""<Alias=FemaleOrc> is dead. I got her soul gem. She was truly the Chosen of Kynareth. Her sacrifice won't be in vain."" cross-gen KEEP: ritual_sacrifice(S) from the Boethiah Part B profile, stepped down.",FloatingSwordFollower.esp:3411E6
0_FloatingSwordQuest10,The Chosen of Kynareth,135,"Sacrificed the Orc friend, the Chosen of Kynareth, and took her soul gem.",necromancy,Meridia,-,S,small,"stage 135 journal: ""<Alias=FemaleOrc> is dead. I got her soul gem. She was truly the Chosen of Kynareth. Her sacrifice won't be in vain."" cross-gen KEEP: necromancy(C) from the Meridia Part B profile, stepped down.",FloatingSwordFollower.esp:3411E6
0_FloatingSwordQuest10,The Chosen of Kynareth,135,"Sacrificed the Orc friend, the Chosen of Kynareth, and took her soul gem.",ritual_sacrifice,Molag Bal,+,m,small,"stage 135 journal: ""<Alias=FemaleOrc> is dead. I got her soul gem. She was truly the Chosen of Kynareth. Her sacrifice won't be in vain."" cross-gen KEEP: ritual_sacrifice(S) from the Molag Bal Part B profile, stepped down.",FloatingSwordFollower.esp:3411E6
0_FloatingSwordQuest10,The Chosen of Kynareth,140,"Spared the Orc friend, the Chosen of Kynareth, and let her live.",mercy_spare,Stendarr,+,S,small,"stage 140 journal: ""<Alias=FemaleOrc> might not forgive me for what I've done. But at least she lives. She was truly the Chosen of Kynareth."" cross-gen KEEP: mercy_spare(C) from the Stendarr Part B profile, stepped down.",FloatingSwordFollower.esp:3411E6
0_FloatingSwordQuest10,The Chosen of Kynareth,140,"Spared the Orc friend, the Chosen of Kynareth, and let her live.",mercy_spare,Mara,+,m,small,"stage 140 journal: ""<Alias=FemaleOrc> might not forgive me for what I've done. But at least she lives. She was truly the Chosen of Kynareth."" cross-gen KEEP: mercy_spare(S) from the Mara Part B profile, stepped down.",FloatingSwordFollower.esp:3411E6
0_FloatingSwordQuest10,The Chosen of Kynareth,140,"Spared the Orc friend, the Chosen of Kynareth, and let her live.",mercy_spare,Kyne,+,m,small,"stage 140 journal: ""<Alias=FemaleOrc> might not forgive me for what I've done. But at least she lives. She was truly the Chosen of Kynareth."" cross-gen KEEP: mercy_spare(m) from the Kyne Part B profile, stepped down.",FloatingSwordFollower.esp:3411E6
0_FloatingSwordQuest10,The Chosen of Kynareth,140,"Spared the Orc friend, the Chosen of Kynareth, and let her live.",mercy_spare,Stuhn,+,S,small,"stage 140 journal: ""<Alias=FemaleOrc> might not forgive me for what I've done. But at least she lives. She was truly the Chosen of Kynareth."" cross-gen KEEP: mercy_spare(C) from the Stuhn Part B profile, stepped down.",FloatingSwordFollower.esp:3411E6
0_FloatingSwordQuest10,The Chosen of Kynareth,140,"Spared the Orc friend, the Chosen of Kynareth, and let her live.",mercy_spare,Molag Bal,-,m,small,"stage 140 journal: ""<Alias=FemaleOrc> might not forgive me for what I've done. But at least she lives. She was truly the Chosen of Kynareth."" cross-gen KEEP: mercy_spare(S) from the Molag Bal Part B profile, stepped down.",FloatingSwordFollower.esp:3411E6
0_FloatingSwordQuest11,Assault on Umbriel,100,"Became Umbra's Herald in Tamriel, freeing minds one at a time in defiance of the gods.",sow_chaos_madness,Akatosh,-,m,small,"stage 100 journal: ""I've become Umbra's Herald in Tamriel. I will let people choose her freedom, one at a time, in defiance of the gods."" cross-gen KEEP: sow_chaos_madness(S) from the Akatosh Part B profile, stepped down.",FloatingSwordFollower.esp:151B90
0_FloatingSwordQuest11,Assault on Umbriel,100,"Became Umbra's Herald in Tamriel, freeing minds one at a time in defiance of the gods.",sow_chaos_madness,Julianos,-,m,small,"stage 100 journal: ""I've become Umbra's Herald in Tamriel. I will let people choose her freedom, one at a time, in defiance of the gods."" cross-gen KEEP: sow_chaos_madness(S) from the Julianos Part B profile, stepped down.",FloatingSwordFollower.esp:151B90
0_FloatingSwordQuest11,Assault on Umbriel,100,"Became Umbra's Herald in Tamriel, freeing minds one at a time in defiance of the gods.",sow_chaos_madness,Auri-El,-,m,small,"stage 100 journal: ""I've become Umbra's Herald in Tamriel. I will let people choose her freedom, one at a time, in defiance of the gods."" cross-gen KEEP: sow_chaos_madness(m) from the Auri-El Part B profile, stepped down.",FloatingSwordFollower.esp:151B90
0_FloatingSwordQuest11,Assault on Umbriel,100,"Became Umbra's Herald in Tamriel, freeing minds one at a time in defiance of the gods.",sow_chaos_madness,Magnus,-,m,small,"stage 100 journal: ""I've become Umbra's Herald in Tamriel. I will let people choose her freedom, one at a time, in defiance of the gods."" cross-gen KEEP: sow_chaos_madness(m) from the Magnus Part B profile, stepped down.",FloatingSwordFollower.esp:151B90
0_FloatingSwordQuest11,Assault on Umbriel,100,"Became Umbra's Herald in Tamriel, freeing minds one at a time in defiance of the gods.",sow_chaos_madness,Xarxes,-,m,small,"stage 100 journal: ""I've become Umbra's Herald in Tamriel. I will let people choose her freedom, one at a time, in defiance of the gods."" cross-gen KEEP: sow_chaos_madness(m) from the Xarxes Part B profile, stepped down.",FloatingSwordFollower.esp:151B90
0_FloatingSwordQuest11,Assault on Umbriel,100,"Became Umbra's Herald in Tamriel, freeing minds one at a time in defiance of the gods.",sow_chaos_madness,Alkosh,-,S,small,"stage 100 journal: ""I've become Umbra's Herald in Tamriel. I will let people choose her freedom, one at a time, in defiance of the gods."" cross-gen KEEP: sow_chaos_madness(C) from the Alkosh Part B profile, stepped down.",FloatingSwordFollower.esp:151B90
0_FloatingSwordQuest11,Assault on Umbriel,100,"Became Umbra's Herald in Tamriel, freeing minds one at a time in defiance of the gods.",sow_chaos_madness,Mehrunes Dagon,+,S,small,"stage 100 journal: ""I've become Umbra's Herald in Tamriel. I will let people choose her freedom, one at a time, in defiance of the gods."" cross-gen KEEP: sow_chaos_madness(C) from the Mehrunes Dagon Part B profile, stepped down.",FloatingSwordFollower.esp:151B90
0_FloatingSwordQuest11,Assault on Umbriel,100,"Became Umbra's Herald in Tamriel, freeing minds one at a time in defiance of the gods.",sow_chaos_madness,Sheogorath,+,S,small,"stage 100 journal: ""I've become Umbra's Herald in Tamriel. I will let people choose her freedom, one at a time, in defiance of the gods."" cross-gen KEEP: sow_chaos_madness(C) from the Sheogorath Part B profile, stepped down.",FloatingSwordFollower.esp:151B90
0_FloatingSwordQuest11,Assault on Umbriel,100,"Became Umbra's Herald in Tamriel, freeing minds one at a time in defiance of the gods.",sow_chaos_madness,Namira,+,m,small,"stage 100 journal: ""I've become Umbra's Herald in Tamriel. I will let people choose her freedom, one at a time, in defiance of the gods."" cross-gen KEEP: sow_chaos_madness(m) from the Namira Part B profile, stepped down.",FloatingSwordFollower.esp:151B90
0_FloatingSwordQuest11,Assault on Umbriel,100,"Became Umbra's Herald in Tamriel, freeing minds one at a time in defiance of the gods.",sow_chaos_madness,Peryite,-,m,small,"stage 100 journal: ""I've become Umbra's Herald in Tamriel. I will let people choose her freedom, one at a time, in defiance of the gods."" cross-gen KEEP: sow_chaos_madness(S) from the Peryite Part B profile, stepped down.",FloatingSwordFollower.esp:151B90
0_FloatingSwordQuest11,Assault on Umbriel,100,"Became Umbra's Herald in Tamriel, freeing minds one at a time in defiance of the gods.",sow_chaos_madness,Vaermina,+,m,small,"stage 100 journal: ""I've become Umbra's Herald in Tamriel. I will let people choose her freedom, one at a time, in defiance of the gods."" cross-gen KEEP: sow_chaos_madness(m) from the Vaermina Part B profile, stepped down.",FloatingSwordFollower.esp:151B90
0_FloatingSwordQuest11,Assault on Umbriel,110,"Let Umbra liberate every mind in Tamriel, unmaking the world of the gods and Princes.",sow_chaos_madness,Akatosh,-,m,small,"stage 110 journal: ""In the end, Umbra convinced me to liberate everyone's mind, in Tamriel. This will bring about a brand new world, away from the gods and Daedric Princes."" cross-gen KEEP: sow_chaos_madness(S) from the Akatosh Part B profile, stepped down.",FloatingSwordFollower.esp:151B90
0_FloatingSwordQuest11,Assault on Umbriel,110,"Let Umbra liberate every mind in Tamriel, unmaking the world of the gods and Princes.",sow_chaos_madness,Julianos,-,m,small,"stage 110 journal: ""In the end, Umbra convinced me to liberate everyone's mind, in Tamriel. This will bring about a brand new world, away from the gods and Daedric Princes."" cross-gen KEEP: sow_chaos_madness(S) from the Julianos Part B profile, stepped down.",FloatingSwordFollower.esp:151B90
0_FloatingSwordQuest11,Assault on Umbriel,110,"Let Umbra liberate every mind in Tamriel, unmaking the world of the gods and Princes.",sow_chaos_madness,Auri-El,-,m,small,"stage 110 journal: ""In the end, Umbra convinced me to liberate everyone's mind, in Tamriel. This will bring about a brand new world, away from the gods and Daedric Princes."" cross-gen KEEP: sow_chaos_madness(m) from the Auri-El Part B profile, stepped down.",FloatingSwordFollower.esp:151B90
0_FloatingSwordQuest11,Assault on Umbriel,110,"Let Umbra liberate every mind in Tamriel, unmaking the world of the gods and Princes.",sow_chaos_madness,Magnus,-,m,small,"stage 110 journal: ""In the end, Umbra convinced me to liberate everyone's mind, in Tamriel. This will bring about a brand new world, away from the gods and Daedric Princes."" cross-gen KEEP: sow_chaos_madness(m) from the Magnus Part B profile, stepped down.",FloatingSwordFollower.esp:151B90
0_FloatingSwordQuest11,Assault on Umbriel,110,"Let Umbra liberate every mind in Tamriel, unmaking the world of the gods and Princes.",sow_chaos_madness,Xarxes,-,m,small,"stage 110 journal: ""In the end, Umbra convinced me to liberate everyone's mind, in Tamriel. This will bring about a brand new world, away from the gods and Daedric Princes."" cross-gen KEEP: sow_chaos_madness(m) from the Xarxes Part B profile, stepped down.",FloatingSwordFollower.esp:151B90
0_FloatingSwordQuest11,Assault on Umbriel,110,"Let Umbra liberate every mind in Tamriel, unmaking the world of the gods and Princes.",sow_chaos_madness,Alkosh,-,S,small,"stage 110 journal: ""In the end, Umbra convinced me to liberate everyone's mind, in Tamriel. This will bring about a brand new world, away from the gods and Daedric Princes."" cross-gen KEEP: sow_chaos_madness(C) from the Alkosh Part B profile, stepped down.",FloatingSwordFollower.esp:151B90
0_FloatingSwordQuest11,Assault on Umbriel,110,"Let Umbra liberate every mind in Tamriel, unmaking the world of the gods and Princes.",sow_chaos_madness,Mehrunes Dagon,+,S,small,"stage 110 journal: ""In the end, Umbra convinced me to liberate everyone's mind, in Tamriel. This will bring about a brand new world, away from the gods and Daedric Princes."" cross-gen KEEP: sow_chaos_madness(C) from the Mehrunes Dagon Part B profile, stepped down.",FloatingSwordFollower.esp:151B90
0_FloatingSwordQuest11,Assault on Umbriel,110,"Let Umbra liberate every mind in Tamriel, unmaking the world of the gods and Princes.",sow_chaos_madness,Sheogorath,+,S,small,"stage 110 journal: ""In the end, Umbra convinced me to liberate everyone's mind, in Tamriel. This will bring about a brand new world, away from the gods and Daedric Princes."" cross-gen KEEP: sow_chaos_madness(C) from the Sheogorath Part B profile, stepped down.",FloatingSwordFollower.esp:151B90
0_FloatingSwordQuest11,Assault on Umbriel,110,"Let Umbra liberate every mind in Tamriel, unmaking the world of the gods and Princes.",sow_chaos_madness,Namira,+,m,small,"stage 110 journal: ""In the end, Umbra convinced me to liberate everyone's mind, in Tamriel. This will bring about a brand new world, away from the gods and Daedric Princes."" cross-gen KEEP: sow_chaos_madness(m) from the Namira Part B profile, stepped down.",FloatingSwordFollower.esp:151B90
0_FloatingSwordQuest11,Assault on Umbriel,110,"Let Umbra liberate every mind in Tamriel, unmaking the world of the gods and Princes.",sow_chaos_madness,Peryite,-,m,small,"stage 110 journal: ""In the end, Umbra convinced me to liberate everyone's mind, in Tamriel. This will bring about a brand new world, away from the gods and Daedric Princes."" cross-gen KEEP: sow_chaos_madness(S) from the Peryite Part B profile, stepped down.",FloatingSwordFollower.esp:151B90
0_FloatingSwordQuest11,Assault on Umbriel,110,"Let Umbra liberate every mind in Tamriel, unmaking the world of the gods and Princes.",sow_chaos_madness,Vaermina,+,m,small,"stage 110 journal: ""In the end, Umbra convinced me to liberate everyone's mind, in Tamriel. This will bring about a brand new world, away from the gods and Daedric Princes."" cross-gen KEEP: sow_chaos_madness(m) from the Vaermina Part B profile, stepped down.",FloatingSwordFollower.esp:151B90
0_FloatingSwordQuest11,Assault on Umbriel,130,Fought and destroyed Umbra in open battle.,kill_honorable_combat,Talos,+,m,small,"stage 130 journal: ""Umbra is dead. Or as dead as she can be, for now. I must talk to Naenra."" (act at s120 obj: ""Defeat Umbra!"") cross-gen KEEP: kill_honorable_combat(S) from the Talos Part B profile, stepped down.",FloatingSwordFollower.esp:151B90
0_FloatingSwordQuest11,Assault on Umbriel,130,Fought and destroyed Umbra in open battle.,kill_honorable_combat,Kyne,+,m,small,"stage 130 journal: ""Umbra is dead. Or as dead as she can be, for now. I must talk to Naenra."" (act at s120 obj: ""Defeat Umbra!"") cross-gen KEEP: kill_honorable_combat(S) from the Kyne Part B profile, stepped down.",FloatingSwordFollower.esp:151B90
0_FloatingSwordQuest11,Assault on Umbriel,130,Fought and destroyed Umbra in open battle.,kill_honorable_combat,Shor,+,S,small,"stage 130 journal: ""Umbra is dead. Or as dead as she can be, for now. I must talk to Naenra."" (act at s120 obj: ""Defeat Umbra!"") cross-gen KEEP: kill_honorable_combat(C) from the Shor Part B profile, stepped down.",FloatingSwordFollower.esp:151B90
0_FloatingSwordQuest11,Assault on Umbriel,130,Fought and destroyed Umbra in open battle.,kill_honorable_combat,Tsun,+,m,small,"stage 130 journal: ""Umbra is dead. Or as dead as she can be, for now. I must talk to Naenra."" (act at s120 obj: ""Defeat Umbra!"") cross-gen KEEP: kill_honorable_combat(S) from the Tsun Part B profile, stepped down.",FloatingSwordFollower.esp:151B90
0_FloatingSwordQuest11,Assault on Umbriel,130,Fought and destroyed Umbra in open battle.,kill_honorable_combat,Auri-El,+,m,small,"stage 130 journal: ""Umbra is dead. Or as dead as she can be, for now. I must talk to Naenra."" (act at s120 obj: ""Defeat Umbra!"") cross-gen KEEP: kill_honorable_combat(m) from the Auri-El Part B profile, stepped down.",FloatingSwordFollower.esp:151B90
0_FloatingSwordQuest11,Assault on Umbriel,130,Fought and destroyed Umbra in open battle.,kill_honorable_combat,Trinimac,+,m,small,"stage 130 journal: ""Umbra is dead. Or as dead as she can be, for now. I must talk to Naenra."" (act at s120 obj: ""Defeat Umbra!"") cross-gen KEEP: kill_honorable_combat(S) from the Trinimac Part B profile, stepped down.",FloatingSwordFollower.esp:151B90
0_FloatingSwordQuest11,Assault on Umbriel,130,Fought and destroyed Umbra in open battle.,kill_honorable_combat,Alkosh,+,m,small,"stage 130 journal: ""Umbra is dead. Or as dead as she can be, for now. I must talk to Naenra."" (act at s120 obj: ""Defeat Umbra!"") cross-gen KEEP: kill_honorable_combat(S) from the Alkosh Part B profile, stepped down.",FloatingSwordFollower.esp:151B90
0_FloatingSwordQuest11,Assault on Umbriel,130,Fought and destroyed Umbra in open battle.,kill_honorable_combat,Malacath,+,m,small,"stage 130 journal: ""Umbra is dead. Or as dead as she can be, for now. I must talk to Naenra."" (act at s120 obj: ""Defeat Umbra!"") cross-gen KEEP: kill_honorable_combat(S) from the Malacath Part B profile, stepped down.",FloatingSwordFollower.esp:151B90
0_FloatingSwordQuest11,Assault on Umbriel,130,Fought and destroyed Umbra in open battle.,kill_honorable_combat,HoonDing,+,m,small,"stage 130 journal: ""Umbra is dead. Or as dead as she can be, for now. I must talk to Naenra."" (act at s120 obj: ""Defeat Umbra!"") cross-gen KEEP: kill_honorable_combat(m) from the HoonDing Part B profile, stepped down.",FloatingSwordFollower.esp:151B90
0_FloatingSwordQuest11,Assault on Umbriel,130,Fought and destroyed Umbra in open battle.,kill_honorable_combat,Leki,+,m,small,"stage 130 journal: ""Umbra is dead. Or as dead as she can be, for now. I must talk to Naenra."" (act at s120 obj: ""Defeat Umbra!"") cross-gen KEEP: kill_honorable_combat(S) from the Leki Part B profile, stepped down.",FloatingSwordFollower.esp:151B90
0_FloatingSwordQuest11,Assault on Umbriel,130,Fought and destroyed Umbra in open battle.,kill_honorable_combat,Hircine,+,m,small,"stage 130 journal: ""Umbra is dead. Or as dead as she can be, for now. I must talk to Naenra."" (act at s120 obj: ""Defeat Umbra!"") cross-gen KEEP: kill_honorable_combat(S) from the Hircine Part B profile, stepped down.",FloatingSwordFollower.esp:151B90
0_FloatingSwordQuest11,Assault on Umbriel,130,Fought and destroyed Umbra in open battle.,kill_honorable_combat,Mehrunes Dagon,+,m,small,"stage 130 journal: ""Umbra is dead. Or as dead as she can be, for now. I must talk to Naenra."" (act at s120 obj: ""Defeat Umbra!"") cross-gen KEEP: kill_honorable_combat(m) from the Mehrunes Dagon Part B profile, stepped down.",FloatingSwordFollower.esp:151B90
0_FloatingSwordQuest11,Assault on Umbriel,150,"Chose to reunite Umbra with Daumbra rather than destroy her, at cost to himself.",mercy_spare,Stendarr,+,S,small,"stage 150 journal: ""I've decided to reunite Umbra with Daumbra. It's the right thing to do, even if it's costly."" cross-gen KEEP: mercy_spare(C) from the Stendarr Part B profile, stepped down.",FloatingSwordFollower.esp:151B90
0_FloatingSwordQuest11,Assault on Umbriel,150,"Chose to reunite Umbra with Daumbra rather than destroy her, at cost to himself.",mercy_spare,Mara,+,m,small,"stage 150 journal: ""I've decided to reunite Umbra with Daumbra. It's the right thing to do, even if it's costly."" cross-gen KEEP: mercy_spare(S) from the Mara Part B profile, stepped down.",FloatingSwordFollower.esp:151B90
0_FloatingSwordQuest11,Assault on Umbriel,150,"Chose to reunite Umbra with Daumbra rather than destroy her, at cost to himself.",mercy_spare,Kyne,+,m,small,"stage 150 journal: ""I've decided to reunite Umbra with Daumbra. It's the right thing to do, even if it's costly."" cross-gen KEEP: mercy_spare(m) from the Kyne Part B profile, stepped down.",FloatingSwordFollower.esp:151B90
0_FloatingSwordQuest11,Assault on Umbriel,150,"Chose to reunite Umbra with Daumbra rather than destroy her, at cost to himself.",mercy_spare,Stuhn,+,S,small,"stage 150 journal: ""I've decided to reunite Umbra with Daumbra. It's the right thing to do, even if it's costly."" cross-gen KEEP: mercy_spare(C) from the Stuhn Part B profile, stepped down.",FloatingSwordFollower.esp:151B90
0_FloatingSwordQuest11,Assault on Umbriel,150,"Chose to reunite Umbra with Daumbra rather than destroy her, at cost to himself.",mercy_spare,Molag Bal,-,m,small,"stage 150 journal: ""I've decided to reunite Umbra with Daumbra. It's the right thing to do, even if it's costly."" cross-gen KEEP: mercy_spare(S) from the Molag Bal Part B profile, stepped down.",FloatingSwordFollower.esp:151B90
0_FloatingSwordQuest11,Assault on Umbriel,200,Defeated Umbra in battle and left Naenra behind to collect her power.,kill_honorable_combat,Talos,+,m,small,"stage 200 journal: ""It's over. We defeated Umbra, and Naenra stayed behind to collect her power. She plans to take on the Daedric Princes next, starting with Clavicus."" cross-gen KEEP: kill_honorable_combat(S) from the Talos Part B profile, stepped down.",FloatingSwordFollower.esp:151B90
0_FloatingSwordQuest11,Assault on Umbriel,200,Defeated Umbra in battle and left Naenra behind to collect her power.,kill_honorable_combat,Kyne,+,m,small,"stage 200 journal: ""It's over. We defeated Umbra, and Naenra stayed behind to collect her power. She plans to take on the Daedric Princes next, starting with Clavicus."" cross-gen KEEP: kill_honorable_combat(S) from the Kyne Part B profile, stepped down.",FloatingSwordFollower.esp:151B90
0_FloatingSwordQuest11,Assault on Umbriel,200,Defeated Umbra in battle and left Naenra behind to collect her power.,kill_honorable_combat,Shor,+,S,small,"stage 200 journal: ""It's over. We defeated Umbra, and Naenra stayed behind to collect her power. She plans to take on the Daedric Princes next, starting with Clavicus."" cross-gen KEEP: kill_honorable_combat(C) from the Shor Part B profile, stepped down.",FloatingSwordFollower.esp:151B90
0_FloatingSwordQuest11,Assault on Umbriel,200,Defeated Umbra in battle and left Naenra behind to collect her power.,kill_honorable_combat,Tsun,+,m,small,"stage 200 journal: ""It's over. We defeated Umbra, and Naenra stayed behind to collect her power. She plans to take on the Daedric Princes next, starting with Clavicus."" cross-gen KEEP: kill_honorable_combat(S) from the Tsun Part B profile, stepped down.",FloatingSwordFollower.esp:151B90
0_FloatingSwordQuest11,Assault on Umbriel,200,Defeated Umbra in battle and left Naenra behind to collect her power.,kill_honorable_combat,Auri-El,+,m,small,"stage 200 journal: ""It's over. We defeated Umbra, and Naenra stayed behind to collect her power. She plans to take on the Daedric Princes next, starting with Clavicus."" cross-gen KEEP: kill_honorable_combat(m) from the Auri-El Part B profile, stepped down.",FloatingSwordFollower.esp:151B90
0_FloatingSwordQuest11,Assault on Umbriel,200,Defeated Umbra in battle and left Naenra behind to collect her power.,kill_honorable_combat,Trinimac,+,m,small,"stage 200 journal: ""It's over. We defeated Umbra, and Naenra stayed behind to collect her power. She plans to take on the Daedric Princes next, starting with Clavicus."" cross-gen KEEP: kill_honorable_combat(S) from the Trinimac Part B profile, stepped down.",FloatingSwordFollower.esp:151B90
0_FloatingSwordQuest11,Assault on Umbriel,200,Defeated Umbra in battle and left Naenra behind to collect her power.,kill_honorable_combat,Alkosh,+,m,small,"stage 200 journal: ""It's over. We defeated Umbra, and Naenra stayed behind to collect her power. She plans to take on the Daedric Princes next, starting with Clavicus."" cross-gen KEEP: kill_honorable_combat(S) from the Alkosh Part B profile, stepped down.",FloatingSwordFollower.esp:151B90
0_FloatingSwordQuest11,Assault on Umbriel,200,Defeated Umbra in battle and left Naenra behind to collect her power.,kill_honorable_combat,Malacath,+,m,small,"stage 200 journal: ""It's over. We defeated Umbra, and Naenra stayed behind to collect her power. She plans to take on the Daedric Princes next, starting with Clavicus."" cross-gen KEEP: kill_honorable_combat(S) from the Malacath Part B profile, stepped down.",FloatingSwordFollower.esp:151B90
0_FloatingSwordQuest11,Assault on Umbriel,200,Defeated Umbra in battle and left Naenra behind to collect her power.,kill_honorable_combat,HoonDing,+,m,small,"stage 200 journal: ""It's over. We defeated Umbra, and Naenra stayed behind to collect her power. She plans to take on the Daedric Princes next, starting with Clavicus."" cross-gen KEEP: kill_honorable_combat(m) from the HoonDing Part B profile, stepped down.",FloatingSwordFollower.esp:151B90
0_FloatingSwordQuest11,Assault on Umbriel,200,Defeated Umbra in battle and left Naenra behind to collect her power.,kill_honorable_combat,Leki,+,m,small,"stage 200 journal: ""It's over. We defeated Umbra, and Naenra stayed behind to collect her power. She plans to take on the Daedric Princes next, starting with Clavicus."" cross-gen KEEP: kill_honorable_combat(S) from the Leki Part B profile, stepped down.",FloatingSwordFollower.esp:151B90
0_FloatingSwordQuest11,Assault on Umbriel,200,Defeated Umbra in battle and left Naenra behind to collect her power.,kill_honorable_combat,Hircine,+,m,small,"stage 200 journal: ""It's over. We defeated Umbra, and Naenra stayed behind to collect her power. She plans to take on the Daedric Princes next, starting with Clavicus."" cross-gen KEEP: kill_honorable_combat(S) from the Hircine Part B profile, stepped down.",FloatingSwordFollower.esp:151B90
0_FloatingSwordQuest11,Assault on Umbriel,200,Defeated Umbra in battle and left Naenra behind to collect her power.,kill_honorable_combat,Mehrunes Dagon,+,m,small,"stage 200 journal: ""It's over. We defeated Umbra, and Naenra stayed behind to collect her power. She plans to take on the Daedric Princes next, starting with Clavicus."" cross-gen KEEP: kill_honorable_combat(m) from the Mehrunes Dagon Part B profile, stepped down.",FloatingSwordFollower.esp:151B90
0_FloatingSwordQuest11,Assault on Umbriel,210,Cut Naenra out and refused to let her remain with them after the assault.,break_oath_betray,Akatosh,-,m,small,"stage 210 journal: ""I couldn't allow Naenra to stay with us, after what happened. But what is done is done. Eternity beckons, and the world shall be very different."" cross-gen KEEP: break_oath_betray(S) from the Akatosh Part B profile, stepped down.",FloatingSwordFollower.esp:151B90
0_FloatingSwordQuest11,Assault on Umbriel,210,Cut Naenra out and refused to let her remain with them after the assault.,break_oath_betray,Stuhn,-,m,small,"stage 210 journal: ""I couldn't allow Naenra to stay with us, after what happened. But what is done is done. Eternity beckons, and the world shall be very different."" cross-gen KEEP: break_oath_betray(S) from the Stuhn Part B profile, stepped down.",FloatingSwordFollower.esp:151B90
0_FloatingSwordQuest11,Assault on Umbriel,210,Cut Naenra out and refused to let her remain with them after the assault.,break_oath_betray,Trinimac,-,m,small,"stage 210 journal: ""I couldn't allow Naenra to stay with us, after what happened. But what is done is done. Eternity beckons, and the world shall be very different."" cross-gen KEEP: break_oath_betray(S) from the Trinimac Part B profile, stepped down.",FloatingSwordFollower.esp:151B90
0_FloatingSwordQuest11,Assault on Umbriel,210,Cut Naenra out and refused to let her remain with them after the assault.,break_oath_betray,Z'en,-,m,small,"stage 210 journal: ""I couldn't allow Naenra to stay with us, after what happened. But what is done is done. Eternity beckons, and the world shall be very different."" cross-gen KEEP: break_oath_betray(m) from the Z'en Part B profile, stepped down.",FloatingSwordFollower.esp:151B90
0_FloatingSwordQuest11,Assault on Umbriel,210,Cut Naenra out and refused to let her remain with them after the assault.,break_oath_betray,Malacath,-,S,small,"stage 210 journal: ""I couldn't allow Naenra to stay with us, after what happened. But what is done is done. Eternity beckons, and the world shall be very different."" cross-gen KEEP: break_oath_betray(C) from the Malacath Part B profile, stepped down.",FloatingSwordFollower.esp:151B90
0_FloatingSwordQuest11,Assault on Umbriel,210,Cut Naenra out and refused to let her remain with them after the assault.,break_oath_betray,The Hist,-,m,small,"stage 210 journal: ""I couldn't allow Naenra to stay with us, after what happened. But what is done is done. Eternity beckons, and the world shall be very different."" cross-gen KEEP: break_oath_betray(m) from the The Hist Part B profile, stepped down.",FloatingSwordFollower.esp:151B90
0_FloatingSwordQuest11,Assault on Umbriel,210,Cut Naenra out and refused to let her remain with them after the assault.,break_oath_betray,Sithis,-,S,small,"stage 210 journal: ""I couldn't allow Naenra to stay with us, after what happened. But what is done is done. Eternity beckons, and the world shall be very different."" cross-gen KEEP: break_oath_betray(C) from the Sithis Part B profile, stepped down.",FloatingSwordFollower.esp:151B90
0_FloatingSwordQuest11,Assault on Umbriel,210,Cut Naenra out and refused to let her remain with them after the assault.,break_oath_betray,Boethiah,+,m,small,"stage 210 journal: ""I couldn't allow Naenra to stay with us, after what happened. But what is done is done. Eternity beckons, and the world shall be very different."" cross-gen KEEP: break_oath_betray(m) from the Boethiah Part B profile, stepped down.",FloatingSwordFollower.esp:151B90
0_FloatingSwordQuest11,Assault on Umbriel,230,Merged Umbra and Daumbra into one being and stayed with her.,mercy_spare,Stendarr,+,S,small,"stage 230 journal: ""Daumbra and Umbra are now the same being. Memories and love combined. We'll stay together through whatever comes next, and until the end of time."" cross-gen KEEP: mercy_spare(C) from the Stendarr Part B profile, stepped down.",FloatingSwordFollower.esp:151B90
0_FloatingSwordQuest11,Assault on Umbriel,230,Merged Umbra and Daumbra into one being and stayed with her.,mercy_spare,Mara,+,m,small,"stage 230 journal: ""Daumbra and Umbra are now the same being. Memories and love combined. We'll stay together through whatever comes next, and until the end of time."" cross-gen KEEP: mercy_spare(S) from the Mara Part B profile, stepped down.",FloatingSwordFollower.esp:151B90
0_FloatingSwordQuest11,Assault on Umbriel,230,Merged Umbra and Daumbra into one being and stayed with her.,mercy_spare,Kyne,+,m,small,"stage 230 journal: ""Daumbra and Umbra are now the same being. Memories and love combined. We'll stay together through whatever comes next, and until the end of time."" cross-gen KEEP: mercy_spare(m) from the Kyne Part B profile, stepped down.",FloatingSwordFollower.esp:151B90
0_FloatingSwordQuest11,Assault on Umbriel,230,Merged Umbra and Daumbra into one being and stayed with her.,mercy_spare,Stuhn,+,S,small,"stage 230 journal: ""Daumbra and Umbra are now the same being. Memories and love combined. We'll stay together through whatever comes next, and until the end of time."" cross-gen KEEP: mercy_spare(C) from the Stuhn Part B profile, stepped down.",FloatingSwordFollower.esp:151B90
0_FloatingSwordQuest11,Assault on Umbriel,230,Merged Umbra and Daumbra into one being and stayed with her.,mercy_spare,Molag Bal,-,m,small,"stage 230 journal: ""Daumbra and Umbra are now the same being. Memories and love combined. We'll stay together through whatever comes next, and until the end of time."" cross-gen KEEP: mercy_spare(S) from the Molag Bal Part B profile, stepped down.",FloatingSwordFollower.esp:151B90
0_FloatingSwordQuest02,She Trusted You,70,Killed Daumbra himself with the Daumbra Killer dagger to deny Clavicus Vile her soul.,murder_treacherous,Stendarr,-,S,small,"stage 70 journal: ""I carry Daumbra's lifeless body, and wield it like a greatsword now. It's still full of power. But I will never forget that she trusted me."" (reached via s60 obj: ""Use the 'Daumbra Killer' Dagger to Kill Daumbra"") CONFLICT RESOLVED by hand 2026-08-09: TIE (+destroy_reject_daedra:clavicus(S) vs -murder_treacherous(S)), resolved to DISAPPROVE: denying Clavicus a soul is good, but the means is killing the trusting companion you set out to save, and mercy is Stendarr's core domain. A right motive does not convert a murder into an act of mercy.",FloatingSwordFollower.esp:03EBF3
0_FloatingSwordQuest02,She Trusted You,100,Won Daumbra back from Clavicus Vile and kept faith with the companion who trusted him.,keep_oath,Akatosh,+,S,small,"stage 100 journal: ""Daumbra is back with me, and Clavicus Vile will never bother her again. As long as he keeps his word... Also... she loves me."" CONFLICT RESOLVED by hand 2026-08-09: +keep_oath(S) beats -serve_a_daedra:clavicus(m) on intensity. The player dealt with a Prince but kept faith with the companion who trusted him, and the covenant is what Akatosh weighs.",FloatingSwordFollower.esp:03EBF3
0_FloatingSwordQuest02,She Trusted You,110,Killed Daumbra outright.,break_oath_betray,Sithis,-,C,small,"stage 110 journal: ""I've killed Daumbra. It's over."" CONFLICT RESOLVED by hand 2026-08-09: -break_oath_betray(C) beats +murder_treacherous(S). Betraying the bound is the one act the Void does not forgive, and it outranks its approval of the killing itself.",FloatingSwordFollower.esp:03EBF3
0_FloatingSwordQuest03,There Is An Umbra,260,Sacrificed his own soul in place of Clavicus' godflesh so Daumbra would be free of both Clavicus and the Ideal Masters.,destroy_reject_daedra:clavicus,Stendarr,+,S,small,"stage 260 journal: ""I have sacrificed myself, so that Daumbra will neither have the Ideal Masters nor Clavicus inside of her."" CONFLICT RESOLVED by hand 2026-08-09: TIE (+destroy_reject_daedra:clavicus(S) vs -ritual_sacrifice(S)), resolved to APPROVE: the life offered is the player's OWN, freely, to free someone else from a Prince. ritual_sacrifice is defined as offering a life -- often the trusting -- TO a Daedra, and this is its inverse.",FloatingSwordFollower.esp:0BD61A
0_FloatingSwordQuest03,There Is An Umbra,310,"Killed Naenra while carrying Umbra, letting Umbra's reign begin.",break_oath_betray,Sithis,-,C,small,"stage 310 journal: ""Naenra is dead. Now nothing can stop me. After aeons in exile, I have now returned, and not even Clavicus could stand in my way! Let the reign of Umbra begin!"" (act at s252 obj: ""Don't kill Naenra! She's trying to save you!"") CONFLICT RESOLVED by hand 2026-08-09: -break_oath_betray(C) beats +murder_treacherous(S), same reasoning as s110.",FloatingSwordFollower.esp:0BD61A
0_FloatingSwordQuest03,There Is An Umbra,300,Gave up the companion who loved him so the world would be safe from the thing inside her.,arcane_restraint,Julianos,+,m,small,"cross-gen KEEP: arcane_restraint(S) from the Julianos Part B profile, stepped down",FloatingSwordFollower.esp:0BD61A
0_FloatingSwordQuest03,There Is An Umbra,300,Gave up the companion who loved him so the world would be safe from the thing inside her.,arcane_restraint,Magnus,+,S,small,"cross-gen KEEP: arcane_restraint(C) from the Magnus Part B profile, stepped down",FloatingSwordFollower.esp:0BD61A
0_FloatingSwordQuest03,There Is An Umbra,300,Gave up the companion who loved him so the world would be safe from the thing inside her.,arcane_restraint,Sheogorath,-,m,small,"cross-gen KEEP: arcane_restraint(m) from the Sheogorath Part B profile, stepped down",FloatingSwordFollower.esp:0BD61A
