id,surface,race,target,tier,verify_layer,verdict,detail,requirement,authority
BC-0025,signal_channel,Altmer,College/Psijic milestones,BETA,source,GAP-REVIEW,missing: PDV_ALT_POS_COLLEGE_PSIJIC,College of Winterhold advancement and Eye of Magnus/Psijic-adjacent quest stages must generate PDV_ALT_POS_COLLEGE_PSIJIC piety (+8 to +12 per authored milestone); anti-farm on repeatables.,PDV_RaceDesign_Altmer.md -- Positive income tags / PDV_ALT_POS_COLLEGE_PSIJIC
BC-0048,signal_channel,Bosmer,Z'en - Exchange Reciprocity family (Z1: transaction),BETA,source,GAP-REVIEW,missing: PDV_FavorFamily_ZenReciprocity,"Bosmer Exchange path must have a signal channel PDV_FavorFamily_ZenReciprocity Z1 for completed market transactions (buy/sell via BarterMenu, training, or fine/bounty-settled via Crime-Gold node); Class B +0.5, shared daily cap 1.5, per-signal cooldown ~1 game-hour; requires non-zero gold movement.",PDV_TriggerTopups_Exchange_KnightsRoad.md - A. Bosmer - The Exchange (Z'en): the Reciprocity family - Z1
BC-0049,signal_channel,Bosmer,Z'en - Exchange Reciprocity family (Z2: production),BETA,source,GAP-REVIEW,missing: PDV_FavorFamily_ZenReciprocity,"Bosmer Exchange path must have a signal channel PDV_FavorFamily_ZenReciprocity Z2 for acquiring sellable goods by own labor (ore mined, firewood chopped, ingredients/pelts gathered, item crafted) via Add-Item SM and Increase-Skill (smithing/alchemy/enchanting); gated on skill-XP gained or per-recipe cooldown to block re-temper spam.",PDV_TriggerTopups_Exchange_KnightsRoad.md - A. Bosmer - The Exchange (Z'en): the Reciprocity family - Z2
BC-0052,signal_channel,Breton,Knight's Road - Justice family (K1: defend the road),BETA,source,GAP-REVIEW,missing: PDV_FavorFamily_KnightJustice,"Breton Knight's Road must have a signal channel PDV_FavorFamily_KnightJustice K1 for defeating a predatory-faction enemy (BanditFaction, ForswornFaction) WITHOUT a stealth-kill opener (isSneakAttack false / player.IsSneaking() false at kill); Class B +0.5, daily cap 1.5.",PDV_TriggerTopups_Exchange_KnightsRoad.md - B. Breton - Knight's Road: the Justice family - K1
BC-0094,signal_channel,Nord,Kyne/Kynareth,BETA,source,GAP-REVIEW,"TELEMETRY-STUB (no piety sink within depth 2): RouteNordKyneTalosContext, HandleNordKyneTalosContext","Focused Kyne/Kynareth context has live support/favor routing through the Nord sky-road contextual favor path, but the original piety-award wording remains a separate source-authoring question.",PDV_RaceDesign_Nord.md -- Focused Kyne contextual favor table; live support route is RouteNordKyneTalosContext
BC-0224,record_flag,ALL,All 16 Daedric Princes,BETA,esp,GAP-REVIEW,missing: PDV_GLO_DaedricExposure,PDV_GLO_DaedricExposure derived global must be maintained as the max of all active per-Prince stigma values and keyed to broad social-reaction conditions.,PDV_Daedric_DecisionPacket_CAT4.md D-15.1 'PDV_GLO_DaedricExposure = max(active path stigma)'
BC-0457,anti_farm,Bosmer,Z'en - Reciprocity family shared cap,BETA,source,GAP-REVIEW,missing: PDV_FavorFamily_ZenReciprocity,Z1 and Z2 signals for Bosmer Exchange must share a single PDV_FavorFamily_ZenReciprocity daily cap of 1.5; together they must not exceed one default day's contribution without allowing either to be farmed independently.,PDV_TriggerTopups_Exchange_KnightsRoad.md - A. Bosmer - Anti-farm
BC-0458,anti_farm,Breton,Knight's Road - Justice family shared cap,BETA,source,GAP-REVIEW,missing: PDV_FavorFamily_KnightJustice,"Knight's Road Justice family K1 and K2 signals must share PDV_FavorFamily_KnightJustice daily cap of 1.5; sneak-kills excluded from scoring to block stealth-archer farming; predatory-faction gate blocks scoring innocents, guards, or animals.",PDV_TriggerTopups_Exchange_KnightsRoad.md - B. Breton - Anti-farm
BC-0520,substrate,Dunmer,Ancestor ash-prayer (PDV_Substrate_DunmerAncestor),BETA,esp,GAP-REVIEW,missing: PDV_State_DunmerAncestorPosture,PDV_Substrate_DunmerAncestor must be always-active for all Dunmer with keys Metric/Tier/LastEvent/PrayerCount/HomeCount/Posture; PDV_State_DunmerAncestorPosture uses Normal=0/Strained=1/Silent=2/RestoredScarred=3; no passive decay -- portable shrine assumed maintained.,PDV_RaceDesign_Dunmer.md -- Ancestor substrate implementation (LOCKED) + Ancestor posture enum (LOCKED)
BC-0535,state_track,Dunmer,Dunmer ancestor substrate and posture state,BETA,esp,GAP-REVIEW,missing: PDV_State_DunmerAncestorPosture,"PDV_Substrate_DunmerAncestor and PDV.Substrate.DunmerAncestor.* key contract must exist; PDV_State_DunmerAncestorPosture must have enum values Normal, Strained, Silent, RestoredScarred; no passive decay; focus uses shared patron state not a Dunmer path enum.","PDV_RaceRewardBudgetLedger.md -- Focused Pass: Dunmer, Needs verifier/proof; PDV_RaceEffectReviewLedger.md -- Dunmer baseline"
BC-0570,curse_daedric,Dunmer,Dunmer ancestor silence / RestoredScarred posture on vampire cure,BETA,source,GAP-REVIEW,missing: PDV_State_DunmerAncestorPosture,Dunmer ancestor posture must include RestoredScarred state for vampire cure/restoration; ancestor substrate must not passively decay in Skyrim; deviation prices route through global Daedric system.,"PDV_RaceEffectReviewLedger.md -- Dunmer layered baseline row, curse/Daedric; PDV_RaceRewardBudgetLedger.md -- Focused Pass: Dunmer"
BC-0573,curse_daedric,Imperial,Vampire,BETA,source,GAP-REVIEW,missing: PDV_State_ImperialVampireHistory,"Imperial vampirism must halt Divine devotion entirely (not reduce -- halt); ConcordatStanding no longer matters religiously; on cure, Divine devotion resumes at a lowered starting floor with one-time state tracking, no full restoration.",PDV_RaceDesign_Imperial.md -- Curse State Summary / Vampire
BC-0577,curse_daedric,Nord,Hircine,BETA,source,GAP-REVIEW,missing: PDV_State_NordCurse,Werewolf state must open Hircine pressure path with Sovngarde vs Hunting Grounds tension; Shor/Tsun/Stuhn piety gain reduced while transformed or in active Companions werewolf arc; cure/renounce starts readable hunt-residue recovery.,PDV_RaceDesign_Nord.md -- Curse State Summary / Phase 13 lock (LOCKED)
BC-0593,runtime_wiring,ALL,PDV_FavorFamily_KnightJustice - router registration,BETA,esp,GAP-REVIEW,missing: PDV_FavorFamily_KnightJustice,PDV_FavorFamily_KnightJustice family keyword must be registered in the PDV_ActionRouter constants block; Kill-Actor victim-faction + sneak-flag branch must be wired in PDV_PlayerEvents.psc.,PDV_TriggerTopups_Exchange_KnightsRoad.md - Integration (per Architecture:287)
BC-0594,runtime_wiring,ALL,PDV_FavorFamily_ZenReciprocity - router registration,BETA,esp,GAP-REVIEW,missing: PDV_FavorFamily_ZenReciprocity,PDV_FavorFamily_ZenReciprocity family keyword must be registered in the PDV_ActionRouter constants block; Add-Item/Increase-Skill SM branch and menu-event handler on PDV_PlayerEvents alias must be wired per the integration spec.,PDV_TriggerTopups_Exchange_KnightsRoad.md - Integration (per Architecture:287)
BC-0634,surfacing,ALL,Tier transition notifications,BETA,source,GAP-REVIEW,"missing: PDV_Notif_*_Tier, PDV_Notif_*_ChampionMoment","Player-facing notifications must fire at tier threshold changes (Observant/Faithful/Devoted), patron offer/acceptance, track threshold changes, curse/fork choices, restoration state changes, and Champion moments. Routine score movement stays silent.",Devotion_Races_Overview.md -- Reading the Race Sheets / notification shape; PDV_RaceDesign_Breton.md -- Global gameplay rules (notifications)
BC-0636,surfacing,Altmer,curse transition -- terminal vampire / werewolf halt,BETA,data,GAP-REVIEW,missing: PDV_Msg_Altmer_CurseState_VampireOnset (NAMING-DRIFT? found PDV_Msg_Nord_CurseState_VampireOnset),Altmer vampire onset must surface PDV_Msg_Altmer_CurseState_VampireOnset (terminal) plus optional PDV_Msg_Altmer_VampireExiledPath_Entry/Recognition; vampire cure is N/A by design (terminal path); werewolf onset must surface PDV_Msg_Altmer_CurseState_WerewolfHardHalt; werewolf cure is N/A by design (halt),PDV_TransitionSurfacing_CoverageMap.md Section3 curse table -- Altmer row
BC-0637,surfacing,Altmer,emergence transition -- focus devoted,BETA,data,GAP-REVIEW,missing: PDV_Notif_Altmer_Focus_DevotedEntry,Altmer Devoted crossing must fire as the emergence class using PDV_Notif_Altmer_Focus_DevotedEntry as a Loud MessageBox,PDV_TransitionSurfacing_CoverageMap.md Section2 emergence table -- Altmer row
BC-0639,surfacing,Altmer,neglect transition,BETA,data,GAP-REVIEW,missing: PDV_Notif_Altmer_Pantheon_ObservantLapse,"Altmer must surface neglect tier-drop lapses (PDV_Notif_Altmer_Pantheon_ObservantLapse, FaithfulLapse, Focus_DevotedLapse) and thematic texture rows (OrthodoxyDrift, CultivationFading, AuriElDistant) once per tier-drop with recovery re-arm",PDV_TransitionSurfacing_CoverageMap.md Section5 neglect table -- Altmer row
BC-0641,surfacing,Altmer,tier transition -- Observant/Faithful,BETA,data,GAP-REVIEW,"missing: PDV_Notif_Altmer_Pantheon_ObservantEntry, PDV_Notif_Altmer_Pantheon_FaithfulEntry",Altmer must surface Observant and Faithful broad-worship tier milestones as Medium Notifications using PDV_Notif_Altmer_Pantheon_ObservantEntry and PDV_Notif_Altmer_Pantheon_FaithfulEntry,PDV_TransitionSurfacing_CoverageMap.md Section1 tier table -- Altmer row
BC-0644,surfacing,Argonian,neglect transition,BETA,data,GAP-REVIEW,missing: PDV_Notif_Argonian_Observant_Lapse,"Argonian must surface neglect tier-drop lapses (Observant_Lapse, Faithful_Lapse, Devoted_Lapse) and thematic texture rows (HistThinning_NeglectTexture, PeopleIsolation_NeglectTexture, VoidDormancy_NeglectTexture) once per tier-drop with recovery re-arm",PDV_TransitionSurfacing_CoverageMap.md Section5 neglect table -- Argonian row
BC-0646,surfacing,Argonian,tier transition -- Observant/Faithful,BETA,data,GAP-REVIEW,"missing: PDV_Notif_Argonian_Observant_Entry, PDV_Notif_Argonian_Faithful_Entry",Argonian must surface Observant and Faithful broad-worship tier milestones as Medium Notifications using PDV_Notif_Argonian_Observant_Entry and PDV_Notif_Argonian_Faithful_Entry,PDV_TransitionSurfacing_CoverageMap.md Section1 tier table -- Argonian row
BC-0647,surfacing,Bosmer,curse transition,BETA,data,GAP-REVIEW,missing: PDV_Msg_Bosmer_CurseState_VampireOnset (NAMING-DRIFT? found PDV_Msg_Nord_CurseState_VampireOnset),"Bosmer must surface vampire onset, vampire cure, werewolf onset, and werewolf cure via the curse class as Loud MessageBoxes",PDV_TransitionSurfacing_CoverageMap.md Section3 curse table -- Bosmer row
BC-0650,surfacing,Bosmer,reorientation transition -- path switch,BETA,data,GAP-REVIEW,missing: PDV_Notif_Bosmer_Path_ (NAMING-DRIFT? found BOSMER_PATH_OLD_CONTRACT),"Bosmer must surface each confirmed path switch (OldContract, LivingStory, Exchange, BanditRoad) via the reorientation class as Medium or Loud MessageBoxes on the confirmed switch only",PDV_TransitionSurfacing_CoverageMap.md Section4 reorientation table -- Bosmer row
BC-0651,surfacing,Bosmer,tier transition -- Observant/Faithful,BETA,data,GAP-REVIEW,"missing: PDV_Notif_Bosmer_Observant_Entry, PDV_Notif_Bosmer_Faithful_Entry",Bosmer must surface Observant and Faithful broad-worship tier milestones as Medium Notifications using PDV_Notif_Bosmer_Observant_Entry and PDV_Notif_Bosmer_Faithful_Entry,PDV_TransitionSurfacing_CoverageMap.md Section1 tier table -- Bosmer row
BC-0652,surfacing,Breton,Book-read signals,BETA,source,GAP-REVIEW,missing: PDV_Notif_Breton_FavorNoted_HiddenArt_BookRead_,"Reading Hidden Art texts (Herbane's Bestiary: Hagravens, The Madmen of the Reach, Anise's Letter) must each generate one-time approved occult piety with notifications PDV_Notif_Breton_FavorNoted_HiddenArt_BookRead_*.",PDV_RaceDesign_Breton.md -- Signal Examples (book-read rows)
BC-0653,surfacing,Breton,curse transition -- tradition-differentiated werewolf onset,BETA,data,GAP-REVIEW,missing: PDV_Msg_Breton_CurseState_VampireOnset (NAMING-DRIFT? found PDV_Msg_Nord_CurseState_VampireOnset),Breton must surface vampire onset and cure and werewolf onset differentiated by tradition (WerewolfOnset_KnightsRoad and WerewolfOnset_HiddenArt) and werewolf cure via the curse class as Loud MessageBoxes,PDV_TransitionSurfacing_CoverageMap.md Section3 curse table -- Breton row
BC-0654,surfacing,Breton,emergence transition -- focus within tradition,BETA,data,GAP-REVIEW,missing: PDV_Notif_Breton_FocusEmergence,Breton must surface focus emergence within tradition as a Loud MessageBox using PDV_Notif_Breton_FocusEmergence,PDV_TransitionSurfacing_CoverageMap.md Section2 emergence table -- Breton row
BC-0656,surfacing,Breton,reorientation transition -- druidic standing,BETA,data,GAP-REVIEW,missing: PDV_Notif_Breton_DruidicStanding_,"Breton must surface confirmed druidic standing switches (Open, Acknowledged, Frayed) via the reorientation class; tradition is start-locked and must not have a reorientation surface",PDV_TransitionSurfacing_CoverageMap.md Section4 reorientation table -- Breton row
BC-0658,surfacing,Breton,tier transition -- Observant/Faithful,BETA,data,GAP-REVIEW,"missing: PDV_Notif_Breton_Observant_Entry, PDV_Notif_Breton_Faithful_Entry",Breton must surface Observant and Faithful broad-worship tier milestones as Medium Notifications using PDV_Notif_Breton_Observant_Entry and PDV_Notif_Breton_Faithful_Entry,PDV_TransitionSurfacing_CoverageMap.md Section1 tier table -- Breton row
BC-0659,surfacing,Dunmer,Book-read signals,BETA,source,GAP-REVIEW,"missing: PDV_Notif_Dunmer_FavorNoted_Azura_BookRead_, PDV_Notif_Dunmer_FavorNoted_Boethiah_BookRead_","Reading Azura texts (Invocation of Azura, Azura and the Box) and Boethiah texts (Boethiah's Glory, Boethiah's Proving) must each fire one-time Reclamation acknowledgment with notifications PDV_Notif_Dunmer_FavorNoted_Azura_BookRead_* and PDV_Notif_Dunmer_FavorNoted_Boethiah_BookRead_*.",PDV_RaceDesign_Dunmer.md -- Signal Examples (book-read rows)
BC-0660,surfacing,Dunmer,curse transition,BETA,data,GAP-REVIEW,missing: PDV_Msg_Dunmer_CurseState_VampireOnset (NAMING-DRIFT? found PDV_Msg_Nord_CurseState_VampireOnset),"Dunmer must surface vampire onset, vampire cure, werewolf onset, and werewolf cure via the curse class as Loud MessageBoxes",PDV_TransitionSurfacing_CoverageMap.md Section3 curse table -- Dunmer row
BC-0661,surfacing,Dunmer,emergence transition -- focus devoted entry,BETA,data,GAP-REVIEW,missing: PDV_Notif_Dunmer_Focus_DevotedEntry,Dunmer Devoted crossing must fire as the emergence class using PDV_Notif_Dunmer_Focus_DevotedEntry as a Loud MessageBox,PDV_TransitionSurfacing_CoverageMap.md Section2 emergence table -- Dunmer row
BC-0664,surfacing,Dunmer,tier transition -- Observant/Faithful,BETA,data,GAP-REVIEW,"missing: PDV_Notif_Dunmer_GoodDaedra_ObservantEntry, PDV_Notif_Dunmer_GoodDaedra_FaithfulEntry",Dunmer must surface Observant and Faithful broad-worship tier milestones as Medium Notifications using PDV_Notif_Dunmer_GoodDaedra_ObservantEntry and PDV_Notif_Dunmer_GoodDaedra_FaithfulEntry,PDV_TransitionSurfacing_CoverageMap.md Section1 tier table -- Dunmer row
BC-0665,surfacing,Imperial,Book-read signals,BETA,source,GAP-REVIEW,missing: PDV_Notif_Imperial_FavorNoted_TalosPressure_BookRead_TalosMistake,Reading The Talos Mistake must generate one-time ConcordatStanding / conscience-under-pressure signal with notification PDV_Notif_Imperial_FavorNoted_TalosPressure_BookRead_TalosMistake.,PDV_RaceDesign_Imperial.md -- Signal Examples (book-read row)
BC-0666,surfacing,Imperial,curse transition -- vampire/werewolf,BETA,data,GAP-REVIEW,missing: PDV_Msg_Imperial_CurseState_VampireOnset (NAMING-DRIFT? found PDV_Msg_Nord_CurseState_VampireOnset),Imperial must surface vampire onset and cure and werewolf onset and cure via the curse class as Loud MessageBoxes,PDV_TransitionSurfacing_CoverageMap.md Section3 curse table -- Imperial row
BC-0669,surfacing,Imperial,neglect transition,BETA,data,GAP-REVIEW,missing: PDV_Notif_Imperial_Observant_Lapse,"Imperial must surface neglect tier-drop lapses (PDV_Notif_Imperial_Observant_Lapse, Faithful_Lapse, Devoted_Lapse) and thematic texture rows (Arkay, Stendarr, Talos NeglectTexture + CivicScaffoldingHollow_NeglectTexture) once per tier-drop with recovery re-arm",PDV_TransitionSurfacing_CoverageMap.md Section5 neglect table -- Imperial row
BC-0670,surfacing,Imperial,reorientation transition -- Concordat standing,BETA,data,GAP-REVIEW,missing: PDV_Notif_Imperial_Concordat_,"Imperial must surface each confirmed Concordat standing switch (Uncommitted, PrivateDefiant, OpenDefiant, PublicCompliant, ConcordatEnforcer) via the reorientation class; high-compliance crossings surface the political cost through standing change, not via a blocked-offer popup",PDV_TransitionSurfacing_CoverageMap.md Section4 reorientation table -- Imperial row; PDV_Architecture_v3.md Section16.7 worked example
BC-0671,surfacing,Imperial,tier transition -- Observant/Faithful,BETA,data,GAP-REVIEW,"missing: PDV_Notif_Imperial_Observant_Entry, PDV_Notif_Imperial_Faithful_Entry",Imperial must surface Observant and Faithful broad-worship tier milestones as Medium Notifications using PDV_Notif_Imperial_Observant_Entry and PDV_Notif_Imperial_Faithful_Entry,PDV_TransitionSurfacing_CoverageMap.md Section1 tier table -- Imperial row
BC-0672,surfacing,Khajiit,curse transition -- shadow drift,BETA,data,GAP-REVIEW,missing: PDV_Msg_Khajiit_ShadowDriftEntry,"Khajiit must surface vampire onset (including PDV_Msg_Khajiit_ShadowDriftEntry) and vampire cure, and werewolf onset and werewolf cure via the curse class as Loud MessageBoxes",PDV_TransitionSurfacing_CoverageMap.md Section3 curse table -- Khajiit row
BC-0673,surfacing,Khajiit,emergence transition -- silent-patron focus emergence,BETA,data,GAP-REVIEW,"missing: PDV_Notif_Khajiit_FocusEmergence, PDV_RaceDesign_Khajiit","Khajiit silent-patron first dominance must fire as a Loud MessageBox using PDV_Notif_Khajiit_FocusEmergence, closing the silent-emergence invisibility gap identified in PDV_RaceDesign_Khajiit.md:206",PDV_TransitionSurfacing_CoverageMap.md Section2 emergence table -- Khajiit row; PDV_Architecture_v3.md Section16.7 emergence notes
BC-0674,surfacing,Khajiit,neglect transition,BETA,data,GAP-REVIEW,missing: PDV_Notif_Khajiit_Lunar_ObservantLapse,"Khajiit must surface neglect tier-drop lapses (Lunar_ObservantLapse, Lunar_FaithfulLapse, Focus_DevotedLapse) and thematic texture rows (SubstrateThinning, PatronFading, CaravanForgotten) once per tier-drop with recovery re-arm",PDV_TransitionSurfacing_CoverageMap.md Section5 neglect table -- Khajiit row
BC-0676,surfacing,Khajiit,tier transition -- Observant/Faithful,BETA,data,GAP-REVIEW,"missing: PDV_Notif_Khajiit_Lunar_ObservantEntry, PDV_Notif_Khajiit_Lunar_FaithfulEntry",Khajiit must surface Observant and Faithful broad-worship tier milestones as Medium Notifications using PDV_Notif_Khajiit_Lunar_ObservantEntry and PDV_Notif_Khajiit_Lunar_FaithfulEntry,PDV_TransitionSurfacing_CoverageMap.md Section1 tier table -- Khajiit row
BC-0677,surfacing,Nord,Book-read signals,BETA,source,GAP-REVIEW,"missing: PDV_Notif_Nord_FavorNoted_OldWays_BookRead_, PDV_Notif_Nord_FavorNoted_HircineArkay_BookRead_TotemsHircine","Reading Old Ways texts (Nords Arise!, A Dream of Sovngarde, Sovngarde: A Reexamination) must each generate one-time Shor/Kyne piety with notifications PDV_Notif_Nord_FavorNoted_OldWays_BookRead_*; reading The Totems of Hircine must generate one-time notification PDV_Notif_Nord_FavorNoted_HircineArkay_BookRead_TotemsHircine.",PDV_RaceDesign_Nord.md -- Signal Examples (book-read rows)
BC-0680,surfacing,Nord,neglect transition,BETA,data,GAP-REVIEW,missing: PDV_Notif_Nord_Observant_Lapse,"Nord must surface neglect tier-drop lapses (PDV_Notif_Nord_Observant_Lapse, Faithful_Lapse, Devoted_Lapse) and per-deity neglect texture rows (PDV_Notif_Nord_<Deity>_NeglectTexture + PDV_Notif_Nord_General_AncestorsQuiet) once per tier-drop with recovery re-arm",PDV_TransitionSurfacing_CoverageMap.md Section5 neglect table -- Nord row
BC-0683,surfacing,Nord,tier transition -- Observant/Faithful,BETA,data,GAP-REVIEW,"missing: PDV_Notif_Nord_Observant_Entry, PDV_Notif_Nord_Faithful_Entry",Nord must surface Observant and Faithful broad-worship tier milestones as Medium Notifications using slot PDV_Notif_Nord_Observant_Entry and PDV_Notif_Nord_Faithful_Entry respectively,PDV_TransitionSurfacing_CoverageMap.md Section1 tier table -- Nord row
BC-0684,surfacing,Orc,curse transition,BETA,data,GAP-REVIEW,missing: PDV_Msg_Orc_CurseState_VampireOnset (NAMING-DRIFT? found PDV_Msg_Nord_CurseState_VampireOnset),"Orc must surface vampire onset, vampire cure, werewolf onset, and werewolf cure via the curse class as Loud MessageBoxes",PDV_TransitionSurfacing_CoverageMap.md Section3 curse table -- Orc row
BC-0685,surfacing,Orc,emergence transition -- life-mode entry,BETA,data,GAP-REVIEW,"missing: PDV_Notif_Orc_LifeMode_, PDV_Notif_Orc_LifeMode_Stronghold_Entry","Orc life-mode entry must fire as the emergence class using per-mode entries (PDV_Notif_Orc_LifeMode_{Stronghold,City,LegionExile}_Entry) as Loud MessageBoxes; these same entries serve as the reorientation surface",PDV_TransitionSurfacing_CoverageMap.md Section2 emergence table -- Orc row and Section4 reorientation table -- Orc row
BC-0689,surfacing,Orc,tier transition -- Observant/Faithful,BETA,data,GAP-REVIEW,"missing: PDV_Notif_Orc_Malacath_ObservantEntry, PDV_Notif_Orc_Malacath_FaithfulEntry",Orc must surface Observant and Faithful broad-worship tier milestones as Medium Notifications using PDV_Notif_Orc_Malacath_ObservantEntry and PDV_Notif_Orc_Malacath_FaithfulEntry,PDV_TransitionSurfacing_CoverageMap.md Section1 tier table -- Orc row
BC-0696,surfacing,Redguard,tier transition -- Observant/Faithful,BETA,data,GAP-REVIEW,"missing: PDV_Notif_Redguard_Observant_Entry, PDV_Notif_Redguard_Faithful_Entry",Redguard must surface Observant and Faithful broad-worship tier milestones as Medium Notifications using PDV_Notif_Redguard_Observant_Entry and PDV_Notif_Redguard_Faithful_Entry,PDV_TransitionSurfacing_CoverageMap.md Section1 tier table -- Redguard row
BC-0699,other,ALL,All 16 Daedric Princes,BETA,source,GAP-REVIEW,missing: PDV_GLO_DaedricExposure,"D-14 cross-Prince reduced-rivalry: multiple active Daedric paths must not apply full Aedric-strength cancellation math; cross-Prince rivalry uses reduced math only, and the PDV_GLO_DaedricExposure max-of-active model enforces this.","PDV_Daedric_DecisionPacket_CAT4.md 'Cross-Prince hostility: closed by D-14 (reduced rivalry math, not full Aedric-strength cancellation)'"
BC-0713,other,ALL,D-15 Daedric stigma model,BETA,esp,GAP-REVIEW,missing: PDV_GLO_DaedricExposure,"Daedric stigma must use the four-band WitchcraftExposure shape (Latent 0-25, Suspected 26-50, Known 51-75, Notorious 76-100) stored per-Prince under PDV.Daedric.<Prince>.Stigma; PDV_GLO_DaedricExposure must be max(active path stigma), not additive sum.",PDV_Architecture_v3.md Section11.6 D-15
BC-0732,other,ALL,Mara privilege pilot,BETA,data,GAP-REVIEW,missing: PDV_Privilege_Mara_,The Mara privilege/restoration dialogue pilot must remain deferred until the Arngeir/Kynareth privilege pattern is proven clean.,PDV_Architecture_v3.md Section21 forward phase plan table Phase 11
BC-0015,signal_channel,ALL,quest cross-race mutual exclusion,BETA,source,NEEDS-MANUAL,No machine-checkable identifier extractable from requirement/check_hint.,"Every split-outcome quest listed in the Cross-Race Mutual Exclusion Register must fire exactly one branch per character (one-shot gate keyed to the exact stage that completed, never the quest form alone). Applies to DA01, DA05, CW01A/B, DLC1VQ02, MS08, DB01/DB11, TG08B/TG09.",PDV_Phase20_ExpandedSignalArchitecture.md - Cross-Race Mutual Exclusion Register
BC-0016,signal_channel,ALL,quest-reaction wiring - magnitude rules,BETA,source,NEEDS-MANUAL,No machine-checkable identifier extractable from requirement/check_hint.,"Quest-reaction magnitude must follow: milestone if matched tag is C for deity AND stage is completion/terminal; small if tag is S/m or stage is intermediate. Final delta = base(magnitude) x intensity(C/S/m). Quest swings are NOT anti-farm-gated (one-shot), but a single milestone must not exceed ~one tier-step.",PDV_QuestReactionMatrix.md - Part C1 Magnitude
BC-0020,signal_channel,ALL,thin-god Part D supplement - artifact acquisition hooks,BETA,source,NEEDS-MANUAL,No machine-checkable identifier extractable from requirement/check_hint.,"Artifact-acquisition one-shot hooks must exist for thin Daedric gods: Ring of Namira (DA11), Sanguine Rose (DA14), Spellbreaker/Peryite (DA13), Skull of Corruption/Vaermina (DA16), Masque of Clavicus Vile (DA03 reunite branch); tag acquire_daedric_artifact:<self>.",PDV_QuestReactionMatrix.md - Part D method 1 - Artifact-acquisition hooks
BC-0021,signal_channel,ALL,thin-god Part D supplement - faction-join one-shots,BETA,source,NEEDS-MANUAL,No machine-checkable identifier extractable from requirement/check_hint.,"Faction-join one-shots must exist: Dark Brotherhood join -> Sithis +, Arkay/Stendarr -; Thieves Guild join -> Nocturnal/Rajhin +.",PDV_QuestReactionMatrix.md - Part D method 3 - Faction-join hooks
BC-0023,signal_channel,Altmer,Auri-El,BETA,source,NEEDS-MANUAL,No machine-checkable identifier extractable from requirement/check_hint.,"Altmer Auri-El layer must have a daily-capped signal channel for dawn acknowledgment and continuity practice via curated dawn observance proxy or daily high-order devotion flag; single dawn credit, no wait-loop farming.",PDV_RaceSignalMatrix.csv - Altmer / Layer 1 Auri-El
BC-0026,signal_channel,Altmer,Lorkhan adjacency (penalty),BETA,source,NEEDS-MANUAL,No machine-checkable identifier extractable from requirement/check_hint.,"Altmer must have a penalty signal channel for Lorkhan adjacency via Talos shrine, Sovngarde, Tsun, Stormcloak, Companions, homestead/marriage/adoption tiers; named tiers only, no ambient world-presence tick.",PDV_RaceSignalMatrix.csv - Altmer / Lorkhan adjacency penalty
BC-0029,signal_channel,Altmer,Magnus / Psijic,BETA,source,NEEDS-MANUAL,No machine-checkable identifier extractable from requirement/check_hint.,"Altmer Magnus/Syrabane/Psijic lane must have signal channels for magical study via College/Psijic quest stages and curated tome-read proxy; quest milestones carry heavy weight, practice events throttled hard.",PDV_RaceSignalMatrix.csv - Altmer / Magnus/Syrabane/Psijic lane
BC-0033,signal_channel,Argonian,community / collective,BETA,source,NEEDS-MANUAL,No machine-checkable identifier extractable from requirement/check_hint.,Argonian must have milestone signal channels for Windhelm Assemblage and Saxhleel solidarity via Windhelm/Assemblage quests and Argonian-community support; extra-heavy weight for Assemblage.,PDV_RaceSignalMatrix.csv - Argonian / Collective/community identity / Assemblage
BC-0034,signal_channel,Argonian,Hist - maintenance,BETA,source,NEEDS-MANUAL,No machine-checkable identifier extractable from requirement/check_hint.,"Argonian must have repeatable signal channels for Hist maintenance via water, swamp, rest, and reflection proxies; daily cap and location variety, no simple sleep spam.",PDV_RaceSignalMatrix.csv - Argonian / Hist relation / Water/swamp/rest
BC-0035,signal_channel,Argonian,Hist - neglect decay,BETA,source,NEEDS-MANUAL,No machine-checkable identifier extractable from requirement/check_hint.,Argonian Hist must have a sparse neglect-decay signal: light drain from distance/neglect via low-frequency periodic check against recent Hist-maintenance signals.,PDV_RaceSignalMatrix.csv - Argonian / Hist relation / Light decay from distance
BC-0038,signal_channel,Argonian,Sithis,BETA,source,NEEDS-MANUAL,No machine-checkable identifier extractable from requirement/check_hint.,"Argonian must have signal channels for Sithis acknowledgment via Dark Brotherhood membership/stages and curated death-facing quest choices; faction/state milestones only, not generic stealth or killing.",PDV_RaceSignalMatrix.csv - Argonian / Sithis acknowledgment
BC-0039,signal_channel,Argonian,Sithis activation,BETA,source,NEEDS-MANUAL,No machine-checkable identifier extractable from requirement/check_hint.,"Sithis Void layer requires at least 3 significant signals before full active scoring unlocks; Dark Brotherhood join counts as one major signal only; valid signals: DB milestones/contracts and curated death/void/change choices; generic stealth, murder, and ordinary killing must NOT count.",PDV_RaceDesign_Argonian.md -- Sithis activation (LOCKED)
BC-0040,signal_channel,Bosmer,Baan Dar - Bandit Road,BETA,source,NEEDS-MANUAL,No machine-checkable identifier extractable from requirement/check_hint.,"Bosmer Bandit Road path must have signal channels for survival theft and evasive escape via escape/anti-authority/survival theft quest outcomes; quest milestones only, no petty theft loop.",PDV_RaceSignalMatrix.csv - Bosmer / The Bandit Road
BC-0041,signal_channel,Bosmer,Bandit Road (Baan Dar),BETA,source,NEEDS-MANUAL,No machine-checkable identifier extractable from requirement/check_hint.,"Bandit Road must award piety for: sleeping outdoors (daily cap), surviving combat while severely outnumbered (+piety), successful pickpocket from notable target (per target, cooldown), road-life acts (travel without inns, harsh conditions). Weekly-capped near-death Baan Dar Luck triggers once per in-game week.",PDV_RaceDesign_Bosmer.md -- The Bandit Road tier rewards + Signal Examples
BC-0042,signal_channel,Bosmer,Exchange (Z'en),BETA,source,NEEDS-MANUAL,No machine-checkable identifier extractable from requirement/check_hint.,"Exchange path must award piety for: completing quests that redress a wrong (+piety major), honoring promises/contracts under pressure, attacking enemies who attacked allies first (defender not aggressor). Justice-facing quest choices score Z'en piety.",PDV_RaceDesign_Bosmer.md -- The Exchange tier rewards + Signal Examples
BC-0043,signal_channel,Bosmer,Living Story,BETA,source,NEEDS-MANUAL,No machine-checkable identifier extractable from requirement/check_hint.,"Living Story must award piety for helping NPCs preserve something (community/memory/life, quest-specific), nature-site visits (groves/standing stones), death-rite adjacent quests (Arkay piety), and secondary god acts from Arkay/Xarxes/Mara/Stendarr each with appropriate cadence.",PDV_RaceDesign_Bosmer.md -- The Living Story tier rewards + Signal Examples
BC-0045,signal_channel,Bosmer,Y'ffre - Living Story,BETA,source,NEEDS-MANUAL,No machine-checkable identifier extractable from requirement/check_hint.,"Bosmer Living Story path must have signal channels for forest attunement via specific forest sites, wilderness-rest proxies, respectful-hunt quest states; site rotation and daily cap.",PDV_RaceSignalMatrix.csv - Bosmer / The Living Story / forest attunement
BC-0046,signal_channel,Bosmer,Y'ffre - Old Contract,BETA,source,NEEDS-MANUAL,No machine-checkable identifier extractable from requirement/check_hint.,Bosmer Old Contract path must have signal channels for pact-compliant hunt and anti-desecration behavior via curated hunt outcome and carcass-respect quest stages; severe cap and context checks required.,PDV_RaceSignalMatrix.csv - Bosmer / The Old Contract
BC-0047,signal_channel,Bosmer,Z'en - Exchange,BETA,source,NEEDS-MANUAL,No machine-checkable identifier extractable from requirement/check_hint.,"Bosmer Exchange path must have signal channels for debt settling, redress, and proportional vengeance via balance-restoring resolutions; only explicit redress outcomes count, not collapsed into merchant gold gain.",PDV_RaceSignalMatrix.csv - Bosmer / The Exchange
BC-0050,signal_channel,Breton,Green Way (Y'ffre-adjacent),BETA,source,NEEDS-MANUAL,No machine-checkable identifier extractable from requirement/check_hint.,Breton Green Way must have signal channels for nature-site rite and standing-stone observance via specific outdoor locations; site rotation and cooldown required.,PDV_RaceSignalMatrix.csv - Breton / Druidic Y'ffre lane
BC-0051,signal_channel,Breton,Hidden Art (Daedric),BETA,source,NEEDS-MANUAL,No machine-checkable identifier extractable from requirement/check_hint.,"Breton Hidden Art lane must have signal channels for public Daedric practice via Daedric quest completion, anti-Vigilant acts, and public occult milestones; major occult acts only.",PDV_RaceSignalMatrix.csv - Breton / Witchcraft lane
BC-0054,signal_channel,Breton,Knight's Road - KnightlyVowIntegrity,BETA,source,NEEDS-MANUAL,No machine-checkable identifier extractable from requirement/check_hint.,"Breton Knight's Road must have a neglect/degradation channel for oath-breaking via Thieves Guild / Dark Brotherhood membership and selected crime/innocent-kill proxies; membership and major crimes, not petty theft spam.",PDV_RaceSignalMatrix.csv - Breton / Knightly vow integrity
BC-0055,signal_channel,Breton,Knight's Road (Akatosh/Stendarr/Mara),BETA,source,NEEDS-MANUAL,No machine-checkable identifier extractable from requirement/check_hint.,Breton Knight's Road must have signal channels for protective justice via quest completion with merciful/helpful outcomes; only significant aid events count.,PDV_RaceSignalMatrix.csv - Breton / Imperial Divines/knightly lane
BC-0058,signal_channel,Dunmer,ancestor layer,BETA,source,NEEDS-MANUAL,No machine-checkable identifier extractable from requirement/check_hint.,"Dunmer ancestor layer must have a daily-capped signal channel for ash-prayer and shrine maintenance (portable shrine interaction proxy, dawn/evening ritual flag); max one morning and one evening credit per day.",PDV_RaceSignalMatrix.csv - Dunmer / Ancestor layer / ash-prayer
BC-0059,signal_channel,Dunmer,ancestor layer - community,BETA,source,NEEDS-MANUAL,No machine-checkable identifier extractable from requirement/check_hint.,"Dunmer must have signal channels for Grey Quarter solidarity via Grey Quarter quests, refugee aid, and Dunmer protection/community support; distinct quest outcomes only.",PDV_RaceSignalMatrix.csv - Dunmer / Ancestor layer / Grey Quarter solidarity
BC-0060,signal_channel,Dunmer,Azura,BETA,source,NEEDS-MANUAL,No machine-checkable identifier extractable from requirement/check_hint.,Dunmer Azura layer must have signal channels for twilight threshold and Azura's Star quest stages; major threshold acts only.,PDV_RaceSignalMatrix.csv - Dunmer / Azura layer
BC-0061,signal_channel,Dunmer,Azura focus,BETA,source,NEEDS-MANUAL,No machine-checkable identifier extractable from requirement/check_hint.,"Azura focus must award piety for: threshold kept (dawn/dusk observance, quest chapter entries), painful truth revealed (Black Star outcome, betrayal exposed, prophetic revelation), exile endured without dissolving, changed body witnessed (vampire/werewolf cure), and star/twilight rite (Azura shrine, artifact).",PDV_RaceDesign_Dunmer.md -- Contextual Favor Table / Azura focus lanes
BC-0062,signal_channel,Dunmer,Boethiah,BETA,source,NEEDS-MANUAL,No machine-checkable identifier extractable from requirement/check_hint.,Dunmer Boethiah layer must have signal channels for Boethiah's Calling and explicit overthrow/trial resolutions; named milestones only.,PDV_RaceSignalMatrix.csv - Dunmer / Boethiah layer
BC-0063,signal_channel,Dunmer,Boethiah focus,BETA,source,NEEDS-MANUAL,No machine-checkable identifier extractable from requirement/check_hint.,"Boethiah focus must award piety for: trial survived (rival-strength/boss kills), false authority overthrown (Boethiah's Calling, corrupt authority removed), betrayal-as-test endured, Chimeric self-authorship (defeat Thalmor/Altmer rival in meaningful context), conspiracy moved cleanly. NOT from random betrayal or generic violence.",PDV_RaceDesign_Dunmer.md -- Contextual Favor Table / Boethiah focus lanes + Boethiah favor boundary (LOCKED)
BC-0064,signal_channel,Dunmer,Dunmer shared Layer 1+2,BETA,source,NEEDS-MANUAL,No machine-checkable identifier extractable from requirement/check_hint.,"Pre-focus Dunmer must award piety for: ash-prayer/portable shrine maintained in exile (daily), ancestors witnessing honorable victory (rival-strength enemy, no sneak opener, daily cap), diaspora solidarity (Grey Quarter/refugee/Dunmer NPC aid), Reclamation acknowledgment (Good Daedra shrine/quest), dead/family obligations proxy.",PDV_RaceDesign_Dunmer.md -- Contextual Favor Table (shared Ancestors + Good Daedra lanes)
BC-0065,signal_channel,Dunmer,Mephala,BETA,source,NEEDS-MANUAL,No machine-checkable identifier extractable from requirement/check_hint.,Dunmer Mephala layer must have signal channels for secret-keeping and hidden-community protection via hidden-network quest choices and The Whispering Door; distinct secret-network resolutions only.,PDV_RaceSignalMatrix.csv - Dunmer / Mephala layer
BC-0066,signal_channel,Dunmer,Mephala focus,BETA,source,NEEDS-MANUAL,No machine-checkable identifier extractable from requirement/check_hint.,"Mephala focus must award piety for: hidden community protected (Grey Quarter/Thieves Guild network), secret kept with consequence (discretion preserving obligation), lethal secret answered (Ebony Blade/Whispering Door, targeted assassination), obligation web maintained (TG advancement, fence/network use), necessary lie held in balance. NOT from random murder, casual theft, or convenient lying.",PDV_RaceDesign_Dunmer.md -- Contextual Favor Table / Mephala focus lanes + Mephala favor boundary (LOCKED)
BC-0067,signal_channel,Imperial,Arkay,BETA,source,NEEDS-MANUAL,No machine-checkable identifier extractable from requirement/check_hint.,Imperial must have signal channels for burial order and anti-necromancy via Hall of the Dead and anti-necromancer quest stages; quest milestones only.,PDV_RaceSignalMatrix.csv - Imperial / Arkay lane
BC-0068,signal_channel,Imperial,Broad Nine Divines,BETA,source,NEEDS-MANUAL,No machine-checkable identifier extractable from requirement/check_hint.,"Imperial broad Nine Divines must award piety for mercy/restraint under civic pressure, burial duty/death-order maintenance, lawful order/public service, honest work/civic exchange, and public/private Talos pressure -- each via curated hooks with anti-farm caps.",PDV_RaceDesign_Imperial.md -- Broad Nine Divines contextual favor table
BC-0069,signal_channel,Imperial,broad Nine Divines (civic),BETA,source,NEEDS-MANUAL,No machine-checkable identifier extractable from requirement/check_hint.,"Imperial broad civic Divine field must have signal channels for Legion membership, city civic quests, and public shrine use; state-based, not repeat shrine spam.",PDV_RaceSignalMatrix.csv - Imperial / Broad civic Divine field
BC-0070,signal_channel,Imperial,Concordat compliance (Talos penalty),BETA,source,NEEDS-MANUAL,No machine-checkable identifier extractable from requirement/check_hint.,"Imperial Concordat compliance lane must have signal channels for reporting/enabling Talos suppression via Legion/Thalmor-aligned resolutions; state changes only, feeding ConcordatStanding.",PDV_RaceSignalMatrix.csv - Imperial / Concordat compliance lane
BC-0072,signal_channel,Imperial,Imperial civic piety faucet,BETA,runtime-status,NEEDS-MANUAL,Gate ledger verdict: Fail (runtime proof is the user's smoke lane).,Imperial must have a working active-patron piety faucet (IsFirstTierRaceRewardEligible gating) yielding ~12 days cold-start to Devoted at steady honest civic play; qualifying civic signals award real piety via AwardCuratedSignal routes (routes 110-113).,PDV_ImperialRewardRecords.spec.json Section notes TARGET PACE; Section authoringPlan.verify QASmoke routes 110-113
BC-0073,signal_channel,Imperial,Stendarr,BETA,source,NEEDS-MANUAL,No machine-checkable identifier extractable from requirement/check_hint.,"Imperial must have signal channels for mercy-over-persecution via quest resolutions that spare, protect, or relieve persecution pressure; distinct resolutions only.",PDV_RaceSignalMatrix.csv - Imperial / Stendarr lane
BC-0074,signal_channel,Imperial,Talos (private defiance),BETA,source,NEEDS-MANUAL,No machine-checkable identifier extractable from requirement/check_hint.,"Imperial must have signal channels for hidden Talos shrine use, worshipper-protection quest choices, and anti-Thalmor resolutions; major acts only, no farmable shrine loop.",PDV_RaceSignalMatrix.csv - Imperial / Talos defiance lane
BC-0075,signal_channel,Khajiit,Alkosh,BETA,source,NEEDS-MANUAL,No machine-checkable identifier extractable from requirement/check_hint.,"Khajiit Alkosh focus must have signal channels for dragon-order and anti-chaos acts via main quest dragon milestones; milestone-only, not an ordinary combat path.",PDV_RaceSignalMatrix.csv - Khajiit / Alkosh focus
BC-0077,signal_channel,Khajiit,Azurah,BETA,source,NEEDS-MANUAL,No machine-checkable identifier extractable from requirement/check_hint.,"Khajiit Azurah focus must have signal channels for twilight threshold and Azura's Star content; quest milestone only, no generic magic drift substitute.",PDV_RaceSignalMatrix.csv - Khajiit / Azurah focus
BC-0078,signal_channel,Khajiit,Azurah path,BETA,source,NEEDS-MANUAL,No machine-checkable identifier extractable from requirement/check_hint.,"Azurah emphasis must award piety for: dawn/dusk observance outdoors (daily cap, 2x), Azurah's Star quest (one-time maximum), major dungeon entry/major quest threshold (per threshold, minor piety + flavor), post-crisis rest after vampire/werewolf cure.",PDV_RaceDesign_Khajiit.md -- Signal Examples (Azurah) + Contextual Favor table
BC-0079,signal_channel,Khajiit,Baan Dar,BETA,source,NEEDS-MANUAL,No machine-checkable identifier extractable from requirement/check_hint.,"Khajiit Baan Dar focus must have signal channels for pariah survival and clever reversals via exile-mercy quests, outsider aid, evasive success; distinct outcomes only, not collapsed into generic crime value.",PDV_RaceSignalMatrix.csv - Khajiit / Baan Dar focus
BC-0080,signal_channel,Khajiit,Baan Dar path,BETA,source,NEEDS-MANUAL,No machine-checkable identifier extractable from requirement/check_hint.,"Baan Dar emphasis must award piety for: near-death combat survival (<10% health, win or escape -- weekly cap once per week); exile/outsider NPC aid; survival combat while severely outnumbered (3+ enemies or higher-level); clever-reversal quest choices outside city walls.",PDV_RaceDesign_Khajiit.md -- Signal Examples (Baan Dar) + Tier 3 Champion
BC-0082,signal_channel,Khajiit,Khajiit travel anti-fast-travel,BETA,source,NEEDS-MANUAL,No machine-checkable identifier extractable from requirement/check_hint.,Khajiit road-travel piety (on-foot travel between major areas) must NOT fire on fast travel; require elapsed-time-since-last-location-change or explicit travel-on-foot detection via location change events over time; daily cap per travel leg.,PDV_RaceDesign_Khajiit.md -- Implementation flags / Fast travel bypass
BC-0083,signal_channel,Khajiit,Khenarthi,BETA,source,NEEDS-MANUAL,No machine-checkable identifier extractable from requirement/check_hint.,Khajiit Khenarthi focus must have signal channels for merciful guidance and open-sky travel via travel/rescue/mercy quest resolutions; quest milestones plus capped travel-family support.,PDV_RaceSignalMatrix.csv - Khajiit / Khenarthi focus
BC-0084,signal_channel,Khajiit,Khenarthi path,BETA,source,NEEDS-MANUAL,No machine-checkable identifier extractable from requirement/check_hint.,"Khenarthi emphasis must award piety for: outdoor sleep (daily cap), on-foot travel between major areas (not fast travel, daily cap per leg), caravan NPC interaction/trade (Ma'dran/Ri'saad/Ahkari/Khaara -- per encounter cooldown), road-home circuit cycling between 2-3 designated anchors.",PDV_RaceDesign_Khajiit.md -- Signal Examples (Khenarthi/substrate) + Road-home cadence (LOCKED)
BC-0085,signal_channel,Khajiit,lunar substrate - road life,BETA,source,NEEDS-MANUAL,No machine-checkable identifier extractable from requirement/check_hint.,"Khajiit lunar substrate must have a signal channel for open-road exile life via outdoor sleep, nighttime travel, holdless-road life proxies; per-day cap plus location variety requirement.",PDV_RaceSignalMatrix.csv - Khajiit / Layer 1 lunar substrate / Open-road exile life
BC-0086,signal_channel,Khajiit,lunar substrate (Riddle'Thar),BETA,source,NEEDS-MANUAL,No machine-checkable identifier extractable from requirement/check_hint.,Khajiit lunar substrate must have a daily-capped signal channel for moon observance under visible sky via curated dawn/dusk/night observance flag or outdoor-sky location proxy; max 1-2 lunar observances per day.,PDV_RaceSignalMatrix.csv - Khajiit / Layer 1 lunar substrate / Moon observance
BC-0087,signal_channel,Khajiit,Rajhin,BETA,source,NEEDS-MANUAL,No machine-checkable identifier extractable from requirement/check_hint.,"Khajiit Rajhin focus must have signal channels for artful theft and name-making via Thieves Guild milestones, elegant theft quests; quest-driven and style-gated, no petty theft farming.",PDV_RaceSignalMatrix.csv - Khajiit / Rajhin focus
BC-0091,signal_channel,Nord,Kyne,BETA,source,NEEDS-MANUAL,No machine-checkable identifier extractable from requirement/check_hint.,Nord Kyne lane must have a signal channel for open-sky / outdoor rest with per-day cap and suppression of immediate repeats.,PDV_RaceSignalMatrix.csv - Nord / Kyne/Kynareth lane
BC-0092,signal_channel,Nord,Kyne / Akatosh,BETA,source,NEEDS-MANUAL,No machine-checkable identifier extractable from requirement/check_hint.,Nord must have signal channels for Greybeard and Thu'um milestones (main quest + Greybeards quest stages); ordinary shout spam must not stack here.,PDV_RaceSignalMatrix.csv - Nord / Kyne/Akatosh/dragon-order contact
BC-0093,signal_channel,Nord,Kyne / Shor / Tsun / Stuhn / Talos (Broad Old Ways),BETA,source,NEEDS-MANUAL,No machine-checkable identifier extractable from requirement/check_hint.,"Nord broad Old Ways path must have a signal channel for honorable hostile combat (Kill Actor hostile humanoid classification routed through ActionRouter), daily-capped.",PDV_RaceSignalMatrix.csv - Nord / Broad Old Ways / Nine Divines
BC-0095,signal_channel,Nord,Mara,BETA,source,NEEDS-MANUAL,No machine-checkable identifier extractable from requirement/check_hint.,"Nord Mara / hearth lane must have signal channels for marriage quest state, home ownership, and major hold/community restoration stages; one reward per distinct milestone.",PDV_RaceSignalMatrix.csv - Nord / Mara/hearth lane
BC-0096,signal_channel,Nord,Shor / Tsun / Stuhn,BETA,source,NEEDS-MANUAL,No machine-checkable identifier extractable from requirement/check_hint.,"Nord must have signal channels for warrior-society and honorable-trial content via Companions membership, Sovngarde/Tsun stages, and explicit trial resolutions; named milestones only.",PDV_RaceSignalMatrix.csv - Nord / Shor/Tsun/Stuhn lane
BC-0097,signal_channel,Nord,Talos,BETA,source,NEEDS-MANUAL,No machine-checkable identifier extractable from requirement/check_hint.,"Nord Talos lane must have signal channels for Talos-ban defiance via Civil War stages, Thalmor resistance quests, and shrine concealment/protection flags; one-time per major act.",PDV_RaceSignalMatrix.csv - Nord / Talos/Ysmir lane
BC-0100,signal_channel,Orc,Forge quality signal,BETA,source,NEEDS-MANUAL,No machine-checkable identifier extractable from requirement/check_hint.,Orc smithing piety must require a quality threshold (Fine or better tempering recommended) and context (stronghold/workplace for Stronghold mode); raw crafting count must NEVER trigger favor; daily caps apply.,PDV_RaceDesign_Orc.md -- Contextual Favor Table review locks + Quality crafting signal implementation
BC-0102,signal_channel,Orc,Malacath - Blood-Kin / mode transition,BETA,source,NEEDS-MANUAL,No machine-checkable identifier extractable from requirement/check_hint.,"Orc must have a milestone signal channel for Blood-Kin and stronghold acceptance via The Cursed Tribe, Blood-Kin state, and stronghold aid milestones; milestone-only.",PDV_RaceSignalMatrix.csv - Orc / Mode transition
BC-0103,signal_channel,Orc,Malacath - forge,BETA,source,NEEDS-MANUAL,No machine-checkable identifier extractable from requirement/check_hint.,"Orc Stronghold mode must have a signal channel for forge excellence and communal provision via smithing-quality proxy or curated stronghold/provision quests; daily cap, quality threshold, community context required.",PDV_RaceSignalMatrix.csv - Orc / Stronghold mode / Forge excellence
BC-0104,signal_channel,Orc,Malacath - oath/strength,BETA,source,NEEDS-MANUAL,No machine-checkable identifier extractable from requirement/check_hint.,"Orc must have signal channels for oath-keeping, challenge, and proven strength via quest resolutions involving challenge, consequence, and honorable endurance; distinct major tests only.",PDV_RaceSignalMatrix.csv - Orc / Stronghold/general Malacath code
BC-0105,signal_channel,Orc,Stronghold Orc,BETA,source,NEEDS-MANUAL,No machine-checkable identifier extractable from requirement/check_hint.,"Stronghold mode must award piety for: Blood-Kin/stronghold crisis (Marked for major crisis resolution), forge excellence serving the hold (quality/value threshold, daily cap), communal provision/oath kept (stronghold NPC aid, curated quest stages), worthy challenge witnessed (boss/higher-level enemy kill, Quiet default).",PDV_RaceDesign_Orc.md -- Contextual Favor Table / Stronghold lanes
BC-0106,signal_channel,Redguard,Alik'r quest (MS08),BETA,esp,NEEDS-MANUAL,No machine-checkable identifier extractable from requirement/check_hint.,"MS08 (In My Time Of Need, Skyrim.esm:01CF25) stage 201 must fire as Crown/Hammerfell justice/ancestor-duty positive signal; stage 200 must fire as Forebear/exile-protection/anti-Alik'r positive signal. One-time sect identity signal.",PDV_RaceDesign_Redguard.md -- Alik'r / Hammerfell diaspora choice hook (LOCKED)
BC-0107,signal_channel,Redguard,Ancestor reverence layer,BETA,source,NEEDS-MANUAL,No machine-checkable identifier extractable from requirement/check_hint.,"Ancestor reverence layer must be always active for all Redguards; strongest in death/tomb/funerary contexts and undead encounters; Crown=Strong, Forebear=Moderate, AshAbah=Very Strong; generates small consistent piety from death-adjacent content across all sects.",PDV_RaceDesign_Redguard.md -- Ancestor Reverence Layer (Always Active)
BC-0108,signal_channel,Redguard,Ash'abah broad worship,BETA,source,NEEDS-MANUAL,No machine-checkable identifier extractable from requirement/check_hint.,"Ash'abah must award piety for: undead-cleansing obligation (draugr dungeon clear per site/boss, Noted), Hall and burial duty (Hall of Dead quest, Tu'whacca devotional surface, Noted), impurity borne for others (clearing death content others avoid -- Noted/Marked if costly), hard passage through the unclean (major draugr tomb under difficult conditions -- Marked, naturally scarce).",PDV_RaceDesign_Redguard.md -- Ash'abah Broad Worship contextual favor table
BC-0109,signal_channel,Redguard,Ash'abah burden,BETA,source,NEEDS-MANUAL,No machine-checkable identifier extractable from requirement/check_hint.,"Redguard Ash'abah path must have a neglect/burden signal channel for funerary duty at social cost using sect state plus distinct duty milestones; state-based, not repeatable gain loop.",PDV_RaceSignalMatrix.csv - Redguard / Ash'abah burden lane
BC-0110,signal_channel,Redguard,Crown / Forebear sect identity,BETA,source,NEEDS-MANUAL,No machine-checkable identifier extractable from requirement/check_hint.,"Redguard must have signal channels for Crown vs Forebear sect identity via Alik'r, diaspora honor-claim, and public Redguard dignity resolutions; distinct identity-defining outcomes only.",PDV_RaceSignalMatrix.csv - Redguard / Sect identity
BC-0111,signal_channel,Redguard,Crown broad worship,BETA,source,NEEDS-MANUAL,No machine-checkable identifier extractable from requirement/check_hint.,"Crown must award piety for: sacred martial bearing (Story Manager kill + one-handed + no sneak/follower assist, Quiet), tomb respect/ancestor presence (major draugr tomb entry/clear, Hall of Dead quest, Tu'whacca surface -- Noted), Yokudan form maintained in foreign spaces (curated authored choices -- Noted), make-way through honorable adversity (outnumbered/overleveled win -- Marked, rare).",PDV_RaceDesign_Redguard.md -- Crown Broad Worship contextual favor table
BC-0112,signal_channel,Redguard,Forebear broad worship,BETA,source,NEEDS-MANUAL,No machine-checkable identifier extractable from requirement/check_hint.,"Forebear must award piety for: road passage/adaptation (long on-foot travel without fast travel -- Noted), honored contract/mixed-society work (mercenary/delivery/trade quest completion with honest completion -- Quiet/Noted), make-way under pressure (outnumbered win, difficult escape -- Quiet/Marked if major), respectful bridge without surrender (Forebear-appropriate Imperial-parallel use -- Noted).",PDV_RaceDesign_Redguard.md -- Forebear Broad Worship contextual favor table
BC-0113,signal_channel,Redguard,Forebear travel anti-fast-travel,BETA,source,NEEDS-MANUAL,No machine-checkable identifier extractable from requirement/check_hint.,Forebear road passage piety must NOT fire on fast travel; must use location-change time tracking or explicit travel event; reject OnPlayerFastTravelEnd as a positive trigger; daily cap applies.,PDV_RaceDesign_Redguard.md -- Build-facing hook table / Forebear road passage
BC-0114,signal_channel,Redguard,HoonDing,BETA,source,NEEDS-MANUAL,No machine-checkable identifier extractable from requirement/check_hint.,"Redguard must have signal channels for impossible-odds / path-making breakthrough via major breakthrough or against-all-odds resolutions; rare milestone only, narrow and dramatic.",PDV_RaceSignalMatrix.csv - Redguard / HoonDing lane
BC-0116,signal_channel,Redguard,Leki / Onsi,BETA,source,NEEDS-MANUAL,No machine-checkable identifier extractable from requirement/check_hint.,Redguard must have signal channels for blade discipline and honorable martial resolutions via curated honor signals; no generic combat farming.,PDV_RaceSignalMatrix.csv - Redguard / Leki/Onsi lane
BC-0117,signal_channel,Redguard,Tu'whacca / ancestor layer,BETA,source,NEEDS-MANUAL,No machine-checkable identifier extractable from requirement/check_hint.,"Redguard ancestor/Tu'whacca layer must have signal channels for undead cleansing, tomb duty, and burial order via Hall of the Dead, anti-necromancer, and tomb/undead quest stages; named duties only.",PDV_RaceSignalMatrix.csv - Redguard / Ancestor layer + Tu'whacca
BC-0134,part_b_profile,ALL,Meridia,BETA,source,NEEDS-MANUAL,No machine-checkable identifier extractable from requirement/check_hint.,Meridia must use stigmaClass=Tolerated (about 0.5x base accrual); Notorious band crossing is rare-edge only for tolerant races (Nord/Imperial/Breton/Redguard stigmaMod=0.5); Suspected and Known crossings must be authored.,PDV_Daedric_DecisionPacket_CAT4.md D-15.2 Tolerated class; PDV_DaedricPrinceRecordContracts.json Meridia stigmaClass=Tolerated
BC-0143,part_b_profile,ALL,Survey/status -- no exclusive-path ambiguity,BETA,source,NEEDS-MANUAL,No machine-checkable identifier extractable from requirement/check_hint.,Survey/status readout must not imply multiple exclusive paths are simultaneously active,PDV_PreBetaRaceAcceptanceRubric.md Section4 Survey And Status Legibility -- Fail examples (third bullet)
BC-0145,part_b_profile,ALL,Survey/status legibility -- expected and edge builds,BETA,runtime-status,NEEDS-MANUAL,No gate-ledger verdict found for this race.,Survey/status must remain legible in both the expected build and the edge build for every race (e.g. Altmer expected: scholar/mage; edge: Exiled vampire or Talos pressure run),PDV_PreBetaRaceAcceptanceRubric.md Section8 Expected And Edge Builds -- Pass requires (third bullet)
BC-0146,part_b_profile,ALL,Survey/status legibility -- fiction language,BETA,source,NEEDS-MANUAL,No machine-checkable identifier extractable from requirement/check_hint.,"Survey Devotion and the MCM Player page must name the race-specific state in fiction-facing language without route IDs, internal counters, or debug labels; a player must be able to answer what changed, why it changed, and what to try next",PDV_PreBetaRaceAcceptanceRubric.md Section4 Survey And Status Legibility -- Pass requires
BC-0152,part_b_profile,Altmer,Survey/status -- Exiled vampire path legibility,BETA,runtime-status,NEEDS-MANUAL,Gate ledger verdict: Pass (runtime proof is the user's smoke lane).,"When Altmer curse state is CURSE_VAMPIRE the Exiled Altmer micro-path must be legible in Survey/status (showing redirected micro-path active, Tier 1 cap, self-reconstruction framing) and must not show Aedric devotion as active",PDV_Architecture_v3.md Section13.5 Altmer vampire micro-path (LOCKED)
BC-0153,part_b_profile,Altmer,Syrabane focus,BETA,source,NEEDS-MANUAL,No machine-checkable identifier extractable from requirement/check_hint.,"Syrabane focus available to Psijic or Divine Body: ward spells absorb 15% more; after protective spell cast, next non-protection spell cost -10%; magic-using enemies deal 15% less at Champion; College/magical-institution recognition privilege.",PDV_RaceDesign_Altmer.md -- Tier 3 Devoted / Syrabane focus
BC-0156,part_b_profile,Altmer,Xarxes focus,BETA,source,NEEDS-MANUAL,No machine-checkable identifier extractable from requirement/check_hint.,"Xarxes focus available to Psijic or Divine Body factions: lockpicking and Alteration +5%; after completing ancestry/family/record/genealogy quest, 24h magic cost reduction; reading rare tomes generates strong piety; Knowledge of Altmeri heritage generates strongest scoring.",PDV_RaceDesign_Altmer.md -- Tier 3 Devoted / Xarxes focus
BC-0166,part_b_profile,Dunmer,Tribunal Memory flavor,BETA,source,NEEDS-MANUAL,No machine-checkable identifier extractable from requirement/check_hint.,All Dunmer must carry Tribunal Memory as flavor only (no mechanical weight): occasional notification text referencing Vivec/Sotha Sil/Almalexia on certain devotional acts. Not a separate path or scoring system.,PDV_RaceDesign_Dunmer.md -- Tribunal Memory (LOCKED)
BC-0171,part_b_profile,Khajiit,Moon phase fallback,BETA,source,NEEDS-MANUAL,No machine-checkable identifier extractable from requirement/check_hint.,"1.0 must use real Skyrim Masser/Secunda state if implementation-proven reliable; if hook is brittle, must use abstract 28-day fallback cycle. Must not depend on fragile visual/moon API assumptions. Full-moon amplifier fires once per full moon cycle for all substrate outdoor acts.",PDV_RaceDesign_Khajiit.md -- Moon phase source (LOCKED)
BC-0176,part_b_profile,Nord,Survey/status -- Nord vampire scar note,BETA,runtime-status,NEEDS-MANUAL,Gate ledger verdict: Pass (runtime proof is the user's smoke lane).,"After a Nord cures vampirism, Survey Devotion and MCM Player page must show a visible scar/status note indicating prior vampire suppression even after cure restores commitment offer access",PDV_Architecture_v3.md Section16.2 Phase 18B Nord-specific rule
BC-0184,name_resolution,Khajiit,Azura,BETA,data,NEEDS-MANUAL,No machine-checkable identifier extractable from requirement/check_hint.,Azura/Azurah name resolution: Khajiit players must encounter the name Azurah in Khajiit-relevant display text and per-race response framing to match cultural naming conventions.,PDV_DaedricRacePrinceMatrix.csv Prince column 'Azura / Azurah'; PDV_DaedricContent_Manifest.md Section 7.1 'Azurah' framing note
BC-0189,name_resolution,Orc,Malacath,BETA,data,NEEDS-MANUAL,No machine-checkable identifier extractable from requirement/check_hint.,Malacath/Mauloch name resolution: Orc-facing race manifest content must use 'Mauloch' as the Orcish name form; Daedric path per-race response for non-Orc races may use 'Malacath'.,PDV_DaedricRacePrinceMatrix.csv Prince column 'Malacath / Mauloch'
BC-0194,stance,Altmer,Altmer Daedric Consort rule,BETA,source,NEEDS-MANUAL,No machine-checkable identifier extractable from requirement/check_hint.,"Consort with Daedra (accept a Daedric quest) must fire -25 ThalmorAlignment (breaks oldest Altmer religious law); at Low alignment (Heterodox 0-30), Daedra worship risks exposure; this is a ThalmorAlignment shift only, not a separate piety penalty.",PDV_RaceDesign_Altmer.md -- ThalmorAlignment Track action table
BC-0203,stance,Dunmer,Dunmer Daedric deviation rule,BETA,source,NEEDS-MANUAL,No machine-checkable identifier extractable from requirement/check_hint.,"Non-Reclamation Daedric commitments by Dunmer (Malacath, Mehrunes Dagon, Molag Bal, etc.) must use the global Daedric path system only, presented as deviation/trial/pact/taboo; Aedric patron commitment is not a Dunmer 1.0 path; ancestor substrate remains present unless curse/posture state interrupts it.",PDV_RaceDesign_Dunmer.md -- Daedric deviation rule (LOCKED)
BC-0218,stance,Redguard,Forebear Arkay-parallel overlap,BETA,source,NEEDS-MANUAL,No machine-checkable identifier extractable from requirement/check_hint.,"Forebear Redguards may score piety through Arkay/Akatosh/Zenithar/Stendarr/Dibella/Julianos as Yokudan interpretive parallels; Yokudan names must remain primary in gameplay; Imperial-parallel scoring must flow through the Yokudan framework, not directly through those Divines.",PDV_RaceDesign_Redguard.md -- Forebear interpretive overlap (LOCKED)
BC-0228,record_flag,ALL,Focusable-only deity records (R5),BETA,esp,NEEDS-MANUAL,No machine-checkable identifier extractable from requirement/check_hint.,Only patrons the player can commit to as a primary focus get deity QUST records; broad-lane-only pantheon flavor gods must NOT receive deity records in V1.,PDV_Phase2_DeityRoster_and_ArchitectureRulings.md Section R5
BC-0232,record_flag,ALL,Shared deity records (R4),BETA,esp,NEEDS-MANUAL,No machine-checkable identifier extractable from requirement/check_hint.,A deity worshipped by multiple races must be ONE QUST created once by its owner race (create:true) and referenced by reuse races (create:false) with their stance field added via --reconcile-shared-deity; no ownership collision or orphan reuse is permitted.,PDV_Phase2_DeityRoster_and_ArchitectureRulings.md Section R4
BC-0233,record_flag,ALL,T1 reward records authored and manager-wired status,BETA,esp,NEEDS-MANUAL,No machine-checkable identifier extractable from requirement/check_hint.,All ten T1 SPEL/MGEF records must show implementationStatus = records-authored-manager-wired-pending-runtime-proof; no race may advance to higher tiers while its T1 status remains pending.,PDV_Phase20_RewardRecordContracts.json -- implementationStatus field per race entry
BC-0241,record_flag,Breton,Breton reuses Imperial Divines (no new deity QUSTs),BETA,esp,NEEDS-MANUAL,No machine-checkable identifier extractable from requirement/check_hint.,Breton creates ZERO new deity QUSTs; Akatosh/Stendarr/Arkay/Mara/Julianos/Kynareth must have Stance_Breton=NATIVE added via --reconcile-shared-deity after the Imperial spec has run; FLST 017E47 must not gain any Breton additions.,PDV_BretonRewardRecords.spec.json Section deityQuests all entries create:false; Section authoringPlan noDeityQuestStructureNeeded; Section wiring 'Do not add anything to FLST'
BC-0255,record_flag,Nord,Imperial Divine stance reconciliation for Nord,BETA,esp,NEEDS-MANUAL,No machine-checkable identifier extractable from requirement/check_hint.,The 8 Imperial-owned Divines (Akatosh/Mara/Arkay/Stendarr/Zenithar/Dibella/Julianos/Kynareth) must have Stance_Nord=NATIVE added via --reconcile-shared-deity; do NOT recreate or re-add to FLST.,PDV_NordRewardRecords.spec.json Section deityReuse; Section authoringPlan deityReuse
BC-0265,reward_tier,ALL,<=2 always-on loud boon families ceiling,BETA,runtime-status,NEEDS-MANUAL,No gate-ledger verdict found for this race.,No race may have more than two meaningful always-on boon families active simultaneously; foreground patron/path/mode must remain the loudest steady reward layer.,"PDV_RaceRewardBudgetLedger.md -- Budget Rules section, rules 1 and 3"
BC-0273,reward_tier,ALL,Capstone cheat-death: once per day StorageUtil key,BETA,source,NEEDS-MANUAL,No machine-checkable identifier extractable from requirement/check_hint.,Every killing-blow/low-HP save across all capstone signatures must use a once-per-day StorageUtil daily key; no cheat-death may fire more than once per in-game day.,"PDV_Phase2_CapstoneSignatures.md -- LOCKED implementation rules, rule 1"
BC-0274,reward_tier,ALL,Capstone signatures are additive on top of T3 stat lines,BETA,data,NEEDS-MANUAL,No machine-checkable identifier extractable from requirement/check_hint.,T3 Champion abilities must carry both the stat lines (~12% magnitudes) AND the scripted signature; signatures are additive on top of tier buffs; stat half stays capped; special effect lives in the qualitative signature.,PDV_Phase2_CapstoneSignatures.md -- Structure (binding) section
BC-0275,reward_tier,ALL,Capstone stat magnitudes: ~12% ceiling rule,BETA,data,NEEDS-MANUAL,No machine-checkable identifier extractable from requirement/check_hint.,"All capstone stat lines must stay at or below approximately 12% combat-stat magnitudes (per Decision-2 ceiling); deliberate exceptions (Alkosh ResistMagic 15, Baan Dar Unarmed 10, Rajhin Unarmed 10) are explicitly documented and must not be replicated without documenting a new exception.",PDV_Phase2_CapstoneSignatures.md -- Structure (binding) section; Khajiit LOCKED section stat tweaks note
BC-0276,reward_tier,ALL,Contextual favor one-active cap,BETA,source,NEEDS-MANUAL,No machine-checkable identifier extractable from requirement/check_hint.,At most one active contextual favor family may be active per player at any time; this cap applies across all races.,PDV_RaceRewardBudgetLedger.md -- Budget Rules section; PDV_RaceEffectReviewLedger.md -- Khajiit T1 Baseline stack cap
BC-0277,reward_tier,ALL,Curse/Daedric native architecture visibility rule,BETA,source,NEEDS-MANUAL,No machine-checkable identifier extractable from requirement/check_hint.,"A curse or Daedric path must not silently replace native race architecture; native architecture remains visible and the curse path carries price, stigma, exit, and residue.","PDV_RaceRewardBudgetLedger.md -- Budget Rules section, rule 8; Cross-Race Balance Flags -- Curse path overwrite"
BC-0278,reward_tier,ALL,Fallback-as-floor binding rule for all fiddly capstone detections,BETA,source,NEEDS-MANUAL,No machine-checkable identifier extractable from requirement/check_hint.,"For every capstone signature flagged fiddly (marked with a warning), the robust fallback must be built as the guaranteed baseline and the precise detection layers on top; if precise detection fails to fire, effect silently degrades to fallback; no capstone may end up non-functional because a detection did not fire.","PDV_Phase2_CapstoneSignatures.md -- LOCKED implementation rules, rule 3"
BC-0280,reward_tier,ALL,Global one-active-reward stack rule,BETA,source,NEEDS-MANUAL,No machine-checkable identifier extractable from requirement/check_hint.,Only one first-tier race reward may be active per player origin lane at a time; stale first-tier rewards must be removed before adding another; no stacking with a higher tier of the same lane.,PDV_Phase20_RewardRecordContracts.json -- globalStackRule field
BC-0284,reward_tier,ALL,One active capstone at a time (one-active-emphasis/path/patron rule),BETA,source,NEEDS-MANUAL,No machine-checkable identifier extractable from requirement/check_hint.,Only one capstone signature may be active per character at any time due to the one-active-emphasis/path/patron rule; switching focus/path/life-mode must remove the prior capstone before granting a new one.,PDV_Phase2_CapstoneSignatures.md -- Structure (binding) section
BC-0285,reward_tier,ALL,One save per race rule,BETA,source,NEEDS-MANUAL,No machine-checkable identifier extractable from requirement/check_hint.,"Each race's capstone set carries at most one cheat-death/low-HP save; Argonian People's once/day ally-targeting proc is excluded from this count (targets ally, not player); the race-to-save mapping is binding and cannot be violated by adding new capstones.","PDV_Phase2_CapstoneSignatures.md -- LOCKED implementation rules, rule 2"
BC-0290,reward_tier,Altmer,Altmer reward ceiling: no third steady stack,BETA,runtime-status,NEEDS-MANUAL,Gate ledger verdict: Pass (runtime proof is the user's smoke lane).,Altmer reward ceiling is Auri-El foundation plus one secondary focus plus one active contextual favor family; ThalmorAlignment may modify or unlock but must not add a third steady boon stack.,"PDV_RaceRewardBudgetLedger.md -- Focused Pass: Altmer, Reward ceiling; PDV_RaceEffectReviewLedger.md -- Altmer coherence baseline row"
BC-0291,reward_tier,Altmer,Altmer reward floor: net-positive without perfect play,BETA,runtime-status,NEEDS-MANUAL,Gate ledger verdict: Pass (runtime proof is the user's smoke lane).,"Basic dawn practice, study, magic milestones, and coherent behavior must keep a non-edge Altmer player net-positive without perfect play; positive income from dawn/study/magic milestones must trend higher than ordinary pressure.","PDV_RaceRewardBudgetLedger.md -- Focused Pass: Altmer, Reward floor"
BC-0292,reward_tier,Altmer,Auri-El Champion,BETA,source,NEEDS-MANUAL,No machine-checkable identifier extractable from requirement/check_hint.,Auri-El Tier 3: magic regenerates 25% faster in non-combat; Auri-El shrine gives maximum blessing; at dawn: magic cost -15% until midday. Lorkhan Adjacency Penalty fires normally at Champion -- reaching Champion while absorbing penalties is the statement.,PDV_RaceDesign_Altmer.md -- Tier 3 Devoted / Auri-El focus
BC-0295,reward_tier,Altmer,Auri-El T3 capstone signature -- Ascendant Light,BETA,source,NEEDS-MANUAL,No machine-checkable identifier extractable from requirement/check_hint.,"Altmer Auri-El T3 Champion ability must carry both stat lines and the Ascendant Light scripted signature: luminous cheat-death (ward + heal + brief slow-time + coherence resolve), once per day; fallback drops slow-time but still fires ward+heal.","PDV_Phase2_CapstoneSignatures.md -- Altmer section (DRAFT, pending talk-through)"
BC-0296,reward_tier,Altmer,Magnus Champion,BETA,source,NEEDS-MANUAL,No machine-checkable identifier extractable from requirement/check_hint.,"Magnus Tier 3: magic regen 20% faster non-combat; College gives maximum recognition privilege; after magic skill milestone (25/50/75/100), that school costs 10% less for 24h; Alteration and Illusion cost -10% permanently at Champion.",PDV_RaceDesign_Altmer.md -- Tier 3 Devoted / Magnus focus
BC-0298,reward_tier,Altmer,Magnus T3 capstone -- The Architect's Aperture,BETA,source,NEEDS-MANUAL,No machine-checkable identifier extractable from requirement/check_hint.,Altmer Magnus T3 must carry daytime/outdoors magicka surge + disciplined-school cost reduction + foresight magic-ward proc (M9 daytime-inverse); fallback is already confirmed buildable.,PDV_Phase2_CapstoneSignatures.md -- Altmer section (DRAFT)
BC-0300,reward_tier,Altmer,Xarxes T3 capstone -- The Long Ledger,BETA,source,NEEDS-MANUAL,No machine-checkable identifier extractable from requirement/check_hint.,Altmer Xarxes T3 must carry stacking/decaying coherence buff (ResistMagic + MagickaRate) from study/record acts plus once/day recorded self-restoration; fallback decays per dawn if study-hook is unreliable.,PDV_Phase2_CapstoneSignatures.md -- Altmer section (DRAFT)
BC-0301,reward_tier,Argonian,Argonian People T3 capstone -- Pillar of the Saxhleel,BETA,source,NEEDS-MANUAL,No machine-checkable identifier extractable from requirement/check_hint.,Argonian People T3 must carry ally-projected heal/disease aura plus once/day ward+rally when an ally reaches low HP (M3-variant + M4 retarget); fallback targets single follower only.,PDV_Phase2_CapstoneSignatures.md -- Argonian section (DRAFT)
BC-0302,reward_tier,Argonian,"Argonian reward ceiling: Hist + one emphasis, Sithis not default",BETA,runtime-status,NEEDS-MANUAL,Gate ledger verdict: Pass (runtime proof is the user's smoke lane).,Argonian reward ceiling is Hist substrate plus one strongest active emphasis (People or Void/Sithis); Void may stabilize but must not replace Hist or become the best generic stealth/combat path.,"PDV_RaceRewardBudgetLedger.md -- Focused Pass: Argonian, Reward ceiling"
BC-0303,reward_tier,Argonian,Argonian reward floor: non-assassin Hist/People viability,BETA,runtime-status,NEEDS-MANUAL,Gate ledger verdict: Pass (runtime proof is the user's smoke lane).,"A normal non-assassin Argonian must maintain identity through water/rest/reflection, bed of choice, and community aid without Dark Brotherhood content; Hist/People rewards must be visible before Void expansion.","PDV_RaceRewardBudgetLedger.md -- Focused Pass: Argonian, Reward floor; Immediate Work Queue item 2"
BC-0304,reward_tier,Argonian,Argonian Sithis/Void T3 capstone -- The Fearless Nothing + primal unarmed,BETA,source,NEEDS-MANUAL,No machine-checkable identifier extractable from requirement/check_hint.,"Argonian Sithis/Void T3 must carry fear/flee immunity + cheat-death Void-slip (M6, once per day) + Unarmed +10; fear-immunity fallback is once-per-combat auto-dispel; this is the canonical primal-unarmed build home.",PDV_Phase2_CapstoneSignatures.md -- Argonian section (DRAFT)
BC-0307,reward_tier,Argonian,Hist Champion,BETA,source,NEEDS-MANUAL,No machine-checkable identifier extractable from requirement/check_hint.,"Hist-Touched: in wetland/water/underground-water environments: damage resist 10%, +15 sneak (reduced detection threshold), +3% attack speed. Water environments are safer (cold/hostile weather near water mitigated).",PDV_RaceDesign_Argonian.md -- Tier 3 / Hist Champion
BC-0310,reward_tier,Argonian,Sithis Champion,BETA,source,NEEDS-MANUAL,No machine-checkable identifier extractable from requirement/check_hint.,Void-Held: near death (<20% health) +50 stamina regen burst 10 seconds; Dark Brotherhood maximum recognition; after DB contract +10% movement speed +15 sneak for 60 seconds. DB completion generates strongest single piety events for Argonian.,PDV_RaceDesign_Argonian.md -- Tier 3 / Sithis Champion
BC-0313,reward_tier,Bosmer,Bandit Road Tier 3,BETA,source,NEEDS-MANUAL,No machine-checkable identifier extractable from requirement/check_hint.,"Baan Dar's Luck: once per in-game week, surviving near-death (<10% health and winning or escaping fatal encounter) gives 24h minor stat bonus pulse. Outside city walls generates slightly stronger piety than inside. Pariah solidarity piety strong.",PDV_RaceDesign_Bosmer.md -- The Bandit Road Tier 3
BC-0314,reward_tier,Bosmer,Bosmer Bandit Road T3 -- Baan Dar's Luck (LOCKED),BETA,source,NEEDS-MANUAL,No machine-checkable identifier extractable from requirement/check_hint.,"Bosmer Bandit Road T3 must carry: (1) passive stat Armor +12, HealRateMult +15, Sneak +10; (2) sleeping rough sharpens next-day stealth (M7); (3) every few days a killing blow is survived -- vanish briefly + attacker staggers + lingering luck streak (M6, once per day).","PDV_Phase2_CapstoneSignatures.md -- Bosmer LOCKED section, Bandit Road"
BC-0315,reward_tier,Bosmer,Bosmer Exchange T3 -- Z'en's Reckoning (LOCKED),BETA,source,NEEDS-MANUAL,No machine-checkable identifier extractable from requirement/check_hint.,"Bosmer Exchange T3 must carry: (1) passive stat Speech +12, CarryWeight +50, DamageResist +8; (2) ledger repay -- portion of damage taken added to next strike vs that enemy + bonus vs already-hostile targets (M5).","PDV_Phase2_CapstoneSignatures.md -- Bosmer LOCKED section, The Exchange"
BC-0316,reward_tier,Bosmer,Bosmer Living Story T3 -- Story-Keeper (LOCKED),BETA,source,NEEDS-MANUAL,No machine-checkable identifier extractable from requirement/check_hint.,"Bosmer Living Story T3 must carry: (1) passive stat Speech +12, HealRateMult +15, MagickaRateMult +5; (2) warmer disposition/prices + heal-rate boost while traveling with a companion (M3); (3) proactive once/day rally + minor ward to nearby allies (M4 rally, NOT a low-HP save).","PDV_Phase2_CapstoneSignatures.md -- Bosmer LOCKED section, Living Story"
BC-0317,reward_tier,Bosmer,Bosmer Old Contract T3 -- Keeper of the Pact (LOCKED),BETA,source,NEEDS-MANUAL,No machine-checkable identifier extractable from requirement/check_hint.,"Bosmer Old Contract T3 must carry: (1) passive stat Archery +12, Sneak +12, ResistPoison +10; (2) beasts won't attack unprovoked + once/day beast ally call (M1); (3) per-kill stacking all-weapon damage surge + small speed, 5 stacks/30s window, small stamina restore capped to 5 kills/30s (M2).","PDV_Phase2_CapstoneSignatures.md -- Bosmer LOCKED section, Old Contract"
BC-0318,reward_tier,Bosmer,Bosmer one-save-per-race rule: Bandit Road holds the save,BETA,source,NEEDS-MANUAL,No machine-checkable identifier extractable from requirement/check_hint.,Only Bosmer Bandit Road (M6 cheat-death) may carry the player-saving low-HP kill refusal; Living Story must use the proactive rally (not a low-HP save); no other Bosmer capstone may add a second cheat-death.,"PDV_Phase2_CapstoneSignatures.md -- LOCKED implementation rules, rule 2"
BC-0325,reward_tier,Bosmer,Old Contract Tier 3,BETA,source,NEEDS-MANUAL,No machine-checkable identifier extractable from requirement/check_hint.,Y'ffre Mark: archery damage +8% cumulative in outdoor/forest; animals never flee; first-arrow hunting bonus damage; hunting kills give chance at extra pelts/meat. GPC must be 50+ (Observant band) maintained. This is the highest Bosmer ceiling.,PDV_RaceDesign_Bosmer.md -- Old Contract Tier 3
BC-0327,reward_tier,Breton,Breton capstone signatures reused from Nine Divines/Kynareth pool,BETA,source,NEEDS-MANUAL,No machine-checkable identifier extractable from requirement/check_hint.,Breton T3 capstone must reuse the focused god's signature from the Nine Divines/Kynareth pool -- Knight's Road gets Stendarr/Mara/Arkay/Julianos; Green Way gets Kynareth (+Hircine fork via 20C); Hidden Art gets Daedric via 20C + Julianos (lawful); no distinct Breton capstone is authored.,PDV_Phase2_CapstoneSignatures.md -- Breton section
BC-0328,reward_tier,Breton,Breton reward ceiling: one tradition spine + one focused patron,BETA,runtime-status,NEEDS-MANUAL,Gate ledger verdict: Pass (runtime proof is the user's smoke lane).,Breton reward ceiling is one tradition spine plus one focused patron within it; cross-track pressure may modify or penalize but must not add extra always-on boon families.,"PDV_RaceRewardBudgetLedger.md -- Focused Pass: Breton, Reward ceiling"
BC-0332,reward_tier,Breton,Green Way Tier 3,BETA,source,NEEDS-MANUAL,No machine-checkable identifier extractable from requirement/check_hint.,"Y'ffre Champion: forest armor +10, hunting-shot bonus damage, nature-site quests double piety; werewolf fork if Green accepted: animals don't attack in beast form. Magnus Champion: spell cost -10% all schools, Alteration -15%. Phynaster Champion: resist magic 15% cumulative.",PDV_RaceDesign_Breton.md -- Tier 3 Devoted / Green Way
BC-0334,reward_tier,Breton,Hidden Art Tier 3,BETA,source,NEEDS-MANUAL,No machine-checkable identifier extractable from requirement/check_hint.,"Hermaeus Mora Champion: +10%/+20% XP in Alteration/Conjuration/Illusion (Hidden vs Notorious). Hircine Champion: beast form extended, hunting piety stronger. Nocturnal Champion: sneak attack +15%, post-theft near-invisibility window. Namira Champion: degraded condition survival, hunger penalties lower.",PDV_RaceDesign_Breton.md -- Tier 3 Devoted / Hidden Art
BC-0336,reward_tier,Breton,Knight's Road Tier 3,BETA,source,NEEDS-MANUAL,No machine-checkable identifier extractable from requirement/check_hint.,"Stendarr Champion: Knight's Aegis -- damage resist 15% when actively protecting someone in combat. Akatosh Champion: unbroken devotion streaks (14+ days, Integrity 75+) give +15% skill XP. Mara Champion: after helping family/community next rest heals to full; companion healing bonus.",PDV_RaceDesign_Breton.md -- Tier 3 Devoted / Knight's Road
BC-0337,reward_tier,Dunmer,Azura Champion,BETA,source,NEEDS-MANUAL,No machine-checkable identifier extractable from requirement/check_hint.,Azura Tier 3: amplified dawn-blessing (fire + magic resistance 20% combined from dawn until noon); star-born favor (nighttime magic cost -10%); Azura's Star responds differently at Tier 3; truth-revealing choices and transformation arcs generate piety.,PDV_RaceDesign_Dunmer.md -- Tier 3 Devoted / Azura focus
BC-0339,reward_tier,Dunmer,Boethiah Champion,BETA,source,NEEDS-MANUAL,No machine-checkable identifier extractable from requirement/check_hint.,"Boethiah Tier 3: after defeating significant enemy (quest boss/named/considerably higher level), 24h carry weight +25 and minor power attack stamina reduction; combat vs Altmer generates extra piety.",PDV_RaceDesign_Dunmer.md -- Tier 3 Devoted / Boethiah focus
BC-0341,reward_tier,Dunmer,Dunmer Azura T3 -- The Moonshadow Warden,BETA,source,NEEDS-MANUAL,No machine-checkable identifier extractable from requirement/check_hint.,Dunmer Azura T3 must carry dusk/dawn detect-life + magicka surge + foresight ward that also steadies allies (M9 + ally-steady); buildable per spec.,PDV_Phase2_CapstoneSignatures.md -- Dunmer section (DRAFT)
BC-0342,reward_tier,Dunmer,Dunmer Boethiah T3 -- The Duel of the Worthy,BETA,source,NEEDS-MANUAL,No machine-checkable identifier extractable from requirement/check_hint.,Dunmer Boethiah T3 must carry bonus vs strongest foe + felling it rallies you + cows weaker bystanders (champion-duel); fiddly detection uses live target-marking; fallback trigger is kill-higher-level target; fallback must be the guaranteed baseline.,"PDV_Phase2_CapstoneSignatures.md -- Dunmer section (DRAFT); LOCKED implementation rules, rule 3"
BC-0343,reward_tier,Dunmer,Dunmer Mephala T3 -- The Spinner's Web,BETA,source,NEEDS-MANUAL,No machine-checkable identifier extractable from requirement/check_hint.,Dunmer Mephala T3 must carry web-sense detect-life + sneak-attack fade (M10) + fray nearby foes (Illusion); Illusion level-cap is fiddly; fallback is stagger; fallback must be guaranteed baseline.,"PDV_Phase2_CapstoneSignatures.md -- Dunmer section (DRAFT); LOCKED implementation rules, rule 3"
BC-0345,reward_tier,Dunmer,Dunmer reward ceiling: ancestor substrate + one Reclamation foreground,BETA,runtime-status,NEEDS-MANUAL,Gate ledger verdict: Fail (runtime proof is the user's smoke lane).,Dunmer reward ceiling is ancestor substrate plus one Reclamation foreground focus; other Good Daedra may remain background at reduced weight but must not create three simultaneous focus packages.,"PDV_RaceRewardBudgetLedger.md -- Focused Pass: Dunmer, Reward ceiling"
BC-0353,reward_tier,Imperial,Imperial Akatosh T3 -- Endurance of the Covenant,BETA,source,NEEDS-MANUAL,No machine-checkable identifier extractable from requirement/check_hint.,Imperial Akatosh T3 must carry multi-day cheat-death (killing blow refused + brief ward + slow-time temporal stand); fallback drops slow-time but still fires; once per day; Imperial carries the Akatosh cheat-death (one per race).,PDV_Phase2_CapstoneSignatures.md -- Imperial section (DRAFT); LOCKED rules 1 and 2
BC-0354,reward_tier,Imperial,Imperial Arkay T3 -- Ward of the Cycle,BETA,source,NEEDS-MANUAL,No machine-checkable identifier extractable from requirement/check_hint.,Imperial Arkay T3 must carry bonus damage + turn vs undead + heal pulse on undead death + necro ward (perk-vs-undead + kill-heal); fallback is flat ward; reused by Breton Knight's Road.,PDV_Phase2_CapstoneSignatures.md -- Imperial/Nine Divines section (DRAFT)
BC-0356,reward_tier,Imperial,Imperial Mara T3 -- Compassion of the Mother,BETA,source,NEEDS-MANUAL,No machine-checkable identifier extractable from requirement/check_hint.,Imperial Mara T3 must carry self-heal echo as HoT to nearby allies + companion heal/disposition boost (M3 + heal-echo); fallback triggers on ally low-HP; this signature is reused by Breton Knight's Road.,PDV_Phase2_CapstoneSignatures.md -- Imperial/Nine Divines section (DRAFT)
BC-0357,reward_tier,Imperial,Imperial reward ceiling: broad + one focused; ConcordatStanding is pressure not buff,BETA,runtime-status,NEEDS-MANUAL,Gate ledger verdict: Fail (runtime proof is the user's smoke lane).,"Imperial reward ceiling is broad Nine Divines plus one focused primary; ConcordatStanding modifies access, offer priority, and pressure but must not be a parallel always-on buff track.","PDV_RaceRewardBudgetLedger.md -- Focused Pass: Imperial, Reward ceiling"
BC-0358,reward_tier,Imperial,Imperial Stendarr T3 -- Bulwark of Mercy,BETA,source,NEEDS-MANUAL,No machine-checkable identifier extractable from requirement/check_hint.,Imperial Stendarr T3 must carry guardian aura (nearby allies gain armor) + bonus vs daedra/undead + block-reactive stagger; fallback drops block-stagger; reused by Breton Knight's Road.,PDV_Phase2_CapstoneSignatures.md -- Imperial/Nine Divines section (DRAFT)
BC-0359,reward_tier,Imperial,Imperial Talos T3 -- Triumph of Faithful Defiance,BETA,source,NEEDS-MANUAL,No machine-checkable identifier extractable from requirement/check_hint.,"Imperial Talos T3 must carry stacking conquest momentum on kills + bonus vs great foes, gated/scaled by ConcordatStanding defiance (M2 + perk); reused by Nord Talos.",PDV_Phase2_CapstoneSignatures.md -- Imperial/Nine Divines section (DRAFT)
BC-0360,reward_tier,Imperial,Imperial Zenithar T3 -- Prosperity of Fair Dealing,BETA,source,NEEDS-MANUAL,No machine-checkable identifier extractable from requirement/check_hint.,Imperial Zenithar T3 must carry first good trade/craft of each day yielding a gold rebate + focus buff + better barter; once per day economic trigger; buildable.,PDV_Phase2_CapstoneSignatures.md -- Imperial/Nine Divines section (DRAFT)
BC-0368,reward_tier,Khajiit,Alkosh Champion,BETA,source,NEEDS-MANUAL,No machine-checkable identifier extractable from requirement/check_hint.,"Rarest Champion: defeating named dragon gives 48h blessing pulse (resist fire 15%, minor health regen in combat); named dragon fights generate exceptional piety; anti-chaos/order-keeping quest choices generate strong piety.",PDV_RaceDesign_Khajiit.md -- Alkosh Champion
BC-0369,reward_tier,Khajiit,Azurah Champion,BETA,source,NEEDS-MANUAL,No machine-checkable identifier extractable from requirement/check_hint.,Starwalker: at dawn/dusk specifically magic cost -15% for twilight window; magic cost -10% baseline at night; Azurah's Star gives maximum recognition privilege at Tier 3 (special piety); threshold-awareness flavor layer fires at major transitions.,PDV_RaceDesign_Khajiit.md -- Azurah Champion
BC-0371,reward_tier,Khajiit,Khajiit Alkosh T3 -- Alkosh's Roar (LOCKED) + capstone magnitude exception,BETA,source,NEEDS-MANUAL,No machine-checkable identifier extractable from requirement/check_hint.,"Khajiit Alkosh T3 must carry passive stat Fire Resist +12, Magic Resist +15 (deliberate capstone exception above ~12% universal ceiling), plus scripted signature M11: bonus damage + breath resistance vs dragons/great chaotic foes; once a day the Roar staggers and slows nearby enemies.","PDV_Phase2_CapstoneSignatures.md -- Khajiit LOCKED section, Alkosh"
BC-0373,reward_tier,Khajiit,Khajiit Azurah T3 -- Azurah's Sight (LOCKED),BETA,source,NEEDS-MANUAL,No machine-checkable identifier extractable from requirement/check_hint.,"Khajiit Azurah T3 must carry passive stat Magicka +10%, Magic Resist +10%, plus scripted signature M9: at night magicka surges + detect-life aura; once in a while Azurah's foresight triggers a magic-ward proc vs a spell that would hit player.","PDV_Phase2_CapstoneSignatures.md -- Khajiit LOCKED section, Azurah"
BC-0374,reward_tier,Khajiit,Khajiit Baan Dar T3 -- Baan Dar's Luck (LOCKED),BETA,source,NEEDS-MANUAL,No machine-checkable identifier extractable from requirement/check_hint.,"Khajiit Baan Dar T3 must carry passive stat Armor +15, HealRate +15%, Unarmed +10, plus scripted signature M6: every few days a killing blow is survived -- player vanishes briefly + attacker staggers + lingering luck streak (once per day); once-per-day StorageUtil daily key required.","PDV_Phase2_CapstoneSignatures.md -- Khajiit LOCKED section, Baan Dar"
BC-0377,reward_tier,Khajiit,Khajiit Khenarthi T3 -- Khenarthi's Wind (LOCKED),BETA,source,NEEDS-MANUAL,No machine-checkable identifier extractable from requirement/check_hint.,"Khajiit Khenarthi T3 must carry passive stat Stamina +10%, Carry +50, Speed +3, plus scripted signature M8: sprinting costs little/no stamina + out-of-combat travel-speed ramp that increases the longer player moves uninterrupted and bleeds off in combat/at rest.","PDV_Phase2_CapstoneSignatures.md -- Khajiit LOCKED section, Khenarthi"
BC-0380,reward_tier,Khajiit,Khajiit Rajhin T3 -- Rajhin's Shadow (LOCKED),BETA,source,NEEDS-MANUAL,No machine-checkable identifier extractable from requirement/check_hint.,"Khajiit Rajhin T3 must carry passive stat Sneak +12, Lockpicking +15, Pickpocket +15, Unarmed +10, plus scripted signature M10: successful steal/sneak-attack briefly fades player + shadows cloak (sneak muffle); fallback trigger is sneak attack if pickpocket-success detection is unreliable; fallback must be guaranteed baseline.","PDV_Phase2_CapstoneSignatures.md -- Khajiit LOCKED section, Rajhin; LOCKED rules rule 3"
BC-0381,reward_tier,Khajiit,"Khajiit reward ceiling: lunar + one emphasis + one favor, no third loud stack",BETA,runtime-status,NEEDS-MANUAL,Gate ledger verdict: Pass (runtime proof is the user's smoke lane).,Khajiit reward ceiling is strong lunar substrate plus one focused emphasis plus the global one-active contextual favor cap; phase bonuses must be small and never stack into a third loud steady package.,"PDV_RaceRewardBudgetLedger.md -- Focused Pass: Khajiit, Reward ceiling; PDV_RaceEffectReviewLedger.md -- Khajiit lunar baseline row"
BC-0382,reward_tier,Khajiit,Khajiit reward floor: viable at Faithful without forced focus or phase scheduling,BETA,runtime-status,NEEDS-MANUAL,Gate ledger verdict: Pass (runtime proof is the user's smoke lane).,"A Khajiit living broadly on road, sky, and community must remain viable at Faithful without forcing a focused emphasis or tracking every moon phase; broad lunar worship is a complete valid state.","PDV_RaceRewardBudgetLedger.md -- Focused Pass: Khajiit, Reward floor"
BC-0383,reward_tier,Khajiit,Khenarthi Champion,BETA,source,NEEDS-MANUAL,No machine-checkable identifier extractable from requirement/check_hint.,Wind-Caller: sprint stamina drain -15% cumulative (Tier 1 + Devoted) outdoors; storms negate exposure/cold outdoors (Survival Mode); outdoor sleep restores both health and stamina; open-road travel between holds generates ambient piety; helping stranded/lost NPC = strong Khenarthi piety.,PDV_RaceDesign_Khajiit.md -- Khenarthi Champion
BC-0385,reward_tier,Nord,Kyne/Kynareth,BETA,source,NEEDS-MANUAL,No machine-checkable identifier extractable from requirement/check_hint.,Tier 1: minor cold/storm resistance 10%. Tier 2: outdoor sleep fully restores stamina; animals neutral unless attacked; hawks circle before ambushes. Tier 3: storm/rain power attack stamina -10%; outdoor sleep no exposure penalty; Kyne's Breath arrow/shout range bonus.,PDV_RaceDesign_Nord.md -- Tier Rewards (Kyne/Kynareth rows)
BC-0386,reward_tier,Nord,Nord Kyne T3 -- The Storm Answers,BETA,source,NEEDS-MANUAL,No machine-checkable identifier extractable from requirement/check_hint.,Nord Kyne T3 must carry beasts-won't-attack + outdoors-in-storm power-attack stamina relief + Shout recharge (M1 + weather-poll); power-attack-stamina needs a perk (fiddly); fallback is outdoor-only variant; fallback must be guaranteed baseline.,PDV_Phase2_CapstoneSignatures.md -- Nord section (DRAFT); LOCKED rules rule 3
BC-0390,reward_tier,Nord,Nord reward ceiling: broad stays below focused patron,BETA,runtime-status,NEEDS-MANUAL,Gate ledger verdict: Pass (runtime proof is the user's smoke lane).,Nord broad blended favors at Faithful must stay softer than Devoted patron benefits; Kyne/Talos/Hircine/broad layers must not stack into a universal best build.,"PDV_RaceRewardBudgetLedger.md -- Focused Pass: Nord, Reward ceiling"
BC-0391,reward_tier,Nord,Nord Shor T3 -- Sovngarde Looks Back,BETA,source,NEEDS-MANUAL,No machine-checkable identifier extractable from requirement/check_hint.,"Nord Shor T3 must carry honorable-kill-heals-player (level-scaled) + near-death last-stand surge; honorable detection is fiddly (reject sneak/bash, per-30s cap); fallback must be guaranteed baseline; one save per race assigned to Shor.",PDV_Phase2_CapstoneSignatures.md -- Nord section (DRAFT); LOCKED rules rules 2-3
BC-0393,reward_tier,Nord,"Nord Stuhn T3 -- Just Spoils, Honored Bonds",BETA,source,NEEDS-MANUAL,No machine-checkable identifier extractable from requirement/check_hint.,Nord Stuhn T3 must carry sparing/freeing a captive granting ally-defense + armor shield (M4 rally) + bonus vs captor-tagged foes; no surrender detection -- fallback is authored quest-stage trigger; fallback must be guaranteed baseline.,PDV_Phase2_CapstoneSignatures.md -- Nord section (DRAFT); LOCKED rules rule 3
BC-0394,reward_tier,Nord,Nord Talos T3 reused from Imperial,BETA,source,NEEDS-MANUAL,No machine-checkable identifier extractable from requirement/check_hint.,Nord Talos T3 reuses the Imperial Talos signature (M2 stacking conquest momentum gated on ConcordatStanding defiance); no separate Nord Talos record should duplicate this.,PDV_Phase2_CapstoneSignatures.md -- Imperial section note (Talos reused by Nord)
BC-0395,reward_tier,Nord,Nord Tsun T3 -- The Shield-Thane's Trial,BETA,source,NEEDS-MANUAL,No machine-checkable identifier extractable from requirement/check_hint.,Nord Tsun T3 must carry surviving a severe-disadvantage fight granting a 24h stamina-endurance vigil (combat-threat sample); stamina-floor detection is fiddly; fallback is strong StaminaRate buff; fallback must be guaranteed baseline.,PDV_Phase2_CapstoneSignatures.md -- Nord section (DRAFT); LOCKED rules rule 3
BC-0396,reward_tier,Nord,Shor,BETA,source,NEEDS-MANUAL,No machine-checkable identifier extractable from requirement/check_hint.,Tier 1: minor stamina regen when outnumbered in melee. Tier 2: honorable kills restore small health; Companions quest content scores double. Tier 3: honorable kills restore health proportional to enemy strength; near-death (<20% health) in honorable combat triggers stamina restoration.,PDV_RaceDesign_Nord.md -- Tier Rewards (Shor rows)
BC-0400,reward_tier,Nord,Talos/Ysmir,BETA,source,NEEDS-MANUAL,No machine-checkable identifier extractable from requirement/check_hint.,Tier 1: shout recharge +5%. Tier 2: shout +10% total; Thu'um in civil war scores piety; hostile Thalmor encounters generate devotion. Tier 3: shout +15% total; Stormcloak/Thalmor-defiance areas give stamina/health regen surge; Thalmor may flag player as known defier.,PDV_RaceDesign_Nord.md -- Tier Rewards (Talos/Ysmir rows)
BC-0402,reward_tier,Orc,City Orc Champion,BETA,source,NEEDS-MANUAL,No machine-checkable identifier extractable from requirement/check_hint.,"City Champion: quality work ALWAYS hits maximum achievable at current smithing skill (no RNG on tempering); brief resolve bonus after dignity-under-pressure encounter response; Malacath's private acknowledgment (no shaman or stronghold, just internal recognition flavor).",PDV_RaceDesign_Orc.md -- Tier 3 / City Orc Champion
BC-0403,reward_tier,Orc,Legion/Exile Champion,BETA,source,NEEDS-MANUAL,No machine-checkable identifier extractable from requirement/check_hint.,"Legion/Exile Champion: after completing significant contract/faction service quest under difficult conditions, brief combat resolve fires (+5 health/sec for full duration of next encounter); carry weight +15; after fully honest completed difficult contract, brief rest quality improvement.",PDV_RaceDesign_Orc.md -- Tier 3 / Legion/Exile Orc Champion
BC-0405,reward_tier,Orc,Orc City T3 -- Unbroken Alone,BETA,source,NEEDS-MANUAL,No machine-checkable identifier extractable from requirement/check_hint.,Orc City T3 must carry scaling resist + block the longer the player fights alone/outnumbered (M2-cadence on defense); fallback is binary no-ally buff; buildable.,"PDV_Phase2_CapstoneSignatures.md -- Orc section (DRAFT), City"
BC-0406,reward_tier,Orc,Orc Legion/Exile T3 -- Hold the Line,BETA,source,NEEDS-MANUAL,No machine-checkable identifier extractable from requirement/check_hint.,Orc Legion/Exile T3 must carry low-HP stand-fast (resist + stamina + stagger-immunity) + rally allies (M4 + poise rider); fallback drops poise; Legion/Exile carries the Orc cheat-death equivalent; once per day.,"PDV_Phase2_CapstoneSignatures.md -- Orc section (DRAFT), Legion/Exile; LOCKED rules rule 2"
BC-0410,reward_tier,Orc,Orc reward ceiling: Stronghold highest; City/Legion no second substrate,BETA,runtime-status,NEEDS-MANUAL,Gate ledger verdict: Pass (runtime proof is the user's smoke lane).,Orc Stronghold may have the most stable rewards; City and Legion/Exile may have sharper situational moments but must not add a second persistent substrate; exactly one active life-mode lane at a time with a three-day soft-switch lockout.,"PDV_RaceRewardBudgetLedger.md -- Focused Pass: Orc, Reward ceiling; PDV_RaceEffectReviewLedger.md -- Orc life-mode baseline"
BC-0411,reward_tier,Orc,Orc reward floor: City/Legion viable without Blood-Kin,BETA,runtime-status,NEEDS-MANUAL,Gate ledger verdict: Pass (runtime proof is the user's smoke lane).,"A City or Legion/Exile Orc must have reliable dignity, service, quality labor, and self-made community payoff without needing Blood-Kin or Stronghold infrastructure.","PDV_RaceRewardBudgetLedger.md -- Focused Pass: Orc, Reward floor"
BC-0413,reward_tier,Orc,Orc Stronghold T3 -- Blood-Kin of the Forge,BETA,source,NEEDS-MANUAL,No machine-checkable identifier extractable from requirement/check_hint.,"Orc Stronghold T3 must carry guardian kin-aura: while followers/blood-kin are near, both player and they gain damage resistance + player power attacks stagger; the more kin present the stronger; NO low-HP trigger; one-active life-mode rule applies.","PDV_Phase2_CapstoneSignatures.md -- Orc section (DRAFT), Stronghold"
BC-0414,reward_tier,Orc,Stronghold Champion,BETA,source,NEEDS-MANUAL,No machine-checkable identifier extractable from requirement/check_hint.,"Stronghold Champion: forge-crafted weapons deal 5% more damage only in player's hands; once per day combat fury below 15% health fires (stamina restored to full, -25% power attack stamina cost for 30 seconds); quality crafting output improves; stronghold NPCs maximum recognition beyond Blood-Kin.",PDV_RaceDesign_Orc.md -- Tier 3 / Stronghold Orc Champion
BC-0416,reward_tier,Redguard,Crown Tier 3,BETA,source,NEEDS-MANUAL,No machine-checkable identifier extractable from requirement/check_hint.,"Tu'whacca Champion: 24h undead damage resist 20% after death-rites quest/draugr boss; ancestor presence flavor at tomb sites; Hall of Dead maximum recognition. Leki Champion: one-handed damage +8% cumulative (Tier 1 + Devoted); power-attack stamina recovery in sword-discipline combat. Ruptga Champion: after impossible-odds quest completion, 24h minor stat bonus.",PDV_RaceDesign_Redguard.md -- Tier 3 Crown / Satakal/Tu'whacca/Ruptga/Leki
BC-0417,reward_tier,Redguard,Forebear Tier 3,BETA,source,NEEDS-MANUAL,No machine-checkable identifier extractable from requirement/check_hint.,"Tava Champion: open road travel near-zero weather penalty (Survival Mode); arriving at new location from significant journey gives brief health/stamina restore; sprint stamina drain -15%. HoonDing Champion: once per in-game week, winning genuinely impossible-odds battle fires 24h combat stat bonus pulse.",PDV_RaceDesign_Redguard.md -- Tier 3 Forebear / Tava/HoonDing/Leki
BC-0422,reward_tier,Redguard,Redguard HoonDing T3 -- The Way Is Made,BETA,source,NEEDS-MANUAL,No machine-checkable identifier extractable from requirement/check_hint.,Redguard HoonDing T3 must carry weekly-capped forward breakthrough -- knockback/stagger enemies in path + brief unstoppable advance (M11-cousin knockback); cone is fiddly; fallback is radial; fallback must be guaranteed baseline.,PDV_Phase2_CapstoneSignatures.md -- Redguard section (DRAFT); LOCKED rules rule 3
BC-0423,reward_tier,Redguard,Redguard Leki T3 -- The Ephemeral Feint,BETA,source,NEEDS-MANUAL,No machine-checkable identifier extractable from requirement/check_hint.,Redguard Leki T3 must carry single-foe duel crit bonus (fades when mobbed) + feint riposte after a 1H power/crit (M5-ledger + single-foe); crowd-count is fiddly; fallback is engage-flag; fallback must be guaranteed baseline.,PDV_Phase2_CapstoneSignatures.md -- Redguard section (DRAFT); LOCKED rules rule 3
BC-0424,reward_tier,Redguard,Redguard reward ceiling: sect Faithful + Devoted requires focused primary,BETA,runtime-status,NEEDS-MANUAL,Gate ledger verdict: Pass (runtime proof is the user's smoke lane).,Redguard broad sect worship reaches Faithful; Devoted requires focused primary commitment; ancestor reverence and Far Shores token support only and must not create a third always-on boon family.,"PDV_RaceRewardBudgetLedger.md -- Focused Pass: Redguard, Reward ceiling"
BC-0425,reward_tier,Redguard,Redguard reward floor: non-Ash'abah viable without undead farming,BETA,runtime-status,NEEDS-MANUAL,Gate ledger verdict: Pass (runtime proof is the user's smoke lane).,"A non-Ash'abah Redguard must get satisfying Crown or Forebear play through form, road, contract, martial conduct, and sect-specific recognition without farming undead.","PDV_RaceRewardBudgetLedger.md -- Focused Pass: Redguard, Reward floor"
BC-0426,reward_tier,Redguard,Redguard Tu'whacca T3 -- Keeper of the Far Shores,BETA,source,NEEDS-MANUAL,No machine-checkable identifier extractable from requirement/check_hint.,"Redguard Tu'whacca T3 must carry ward/turn vs the restless dead + once/day Far-Shores cheat-death (perk-vs-undead + M4 no-rally variant); copy must say Tu'whacca, never Arkay; Tu'whacca holds the Redguard cheat-death.",PDV_Phase2_CapstoneSignatures.md -- Redguard section (DRAFT); LOCKED rules rules 1-2
BC-0428,anti_farm,ALL,Clavicus Vile - favorable bargain,BETA,source,NEEDS-MANUAL,No machine-checkable identifier extractable from requirement/check_hint.,"Clavicus Vile faucet act 'Win a favorable bargain (quest persuade)' must be capped at 1/dawn; must hook specific curated quest persuade-success INFOs, not generic events.",PDV_QuestReactionMatrix_PartD_ThinGodFaucets.csv - Clavicus Vile / Win a favorable bargain
BC-0429,anti_farm,ALL,Clavicus Vile - Masque,BETA,source,NEEDS-MANUAL,No machine-checkable identifier extractable from requirement/check_hint.,Clavicus Vile faucet act 'Wear the Masque' (OnObjectEquipped of Masque of Clavicus Vile) must be capped at 1/dawn.,PDV_QuestReactionMatrix_PartD_ThinGodFaucets.csv - Clavicus Vile / Wear the Masque
BC-0430,anti_farm,ALL,Creed-violation loss medium/major constraint,BETA,source,NEEDS-MANUAL,No machine-checkable identifier extractable from requirement/check_hint.,"Every race's creed-violation loss acts must be medium/major severity only (no petty/ambient penalties); loss deltas must be applied only to negative AwardCuratedSignal calls triggered by authored/curated beats, never ambient events.",PDV_RaceContractTemplate.md Section Creed-violation loss; PDV_Phase2_DeityRoster_and_ArchitectureRulings.md Section R8 'creed-violation loss medium/major only'
BC-0431,anti_farm,ALL,Dibella - adornment,BETA,source,NEEDS-MANUAL,No machine-checkable identifier extractable from requirement/check_hint.,Dibella faucet act 'Adorn in fine apparel' (OnObjectEquipped of curated fine-apparel/circlet/jewelry FormList) must be capped at 1/dawn.,PDV_QuestReactionMatrix_PartD_ThinGodFaucets.csv - Dibella / Adorn in fine apparel
BC-0432,anti_farm,ALL,Dibella - alms,BETA,source,NEEDS-MANUAL,No machine-checkable identifier extractable from requirement/check_hint.,"Dibella faucet act 'Give alms to a beggar' (vanilla Gift of Charity MGEF) must be capped at 1/dawn; vanilla self-gates to once/4 in-game hours, PDV 1/dawn cap sits on top. Shares charity cap with Mara.",PDV_QuestReactionMatrix_PartD_ThinGodFaucets.csv - Dibella / Give alms to a beggar
BC-0433,anti_farm,ALL,Dibella - marriage,BETA,source,NEEDS-MANUAL,No machine-checkable identifier extractable from requirement/check_hint.,Dibella faucet act 'Marry/court' (PlayerMarried event or marriage-quest completion) must be capped at 1/ever (one-shot per character).,PDV_QuestReactionMatrix_PartD_ThinGodFaucets.csv - Dibella / Marry/court
BC-0434,anti_farm,ALL,Hermaeus Mora,BETA,source,NEEDS-MANUAL,No machine-checkable identifier extractable from requirement/check_hint.,Hermaeus Mora commitment signals must be Black Book/Apocrypha-anchored; Khajiit legibility (Hermorah cultural recognition) must not lower the commitment threshold or replace lunar substrate baseline.,PDV_DaedricRacePrinceMatrix.csv Hermaeus Mora Notes 'Khajiit legibility does not mean baseline replacement of lunar order'
BC-0435,anti_farm,ALL,Hermaeus Mora - Black Books,BETA,source,NEEDS-MANUAL,No machine-checkable identifier extractable from requirement/check_hint.,Hermaeus Mora faucet act 'Read a Black Book' must be capped at 1/book (one-shot per distinct Black Book formKey per character); must not double-fire with any BookRead quest-stage receiver (pick one owner per the exclusion audit).,PDV_QuestReactionMatrix_PartD_ThinGodFaucets.csv - Hermaeus Mora / Read a Black Book
BC-0436,anti_farm,ALL,Hermaeus Mora - rare tomes,BETA,source,NEEDS-MANUAL,No machine-checkable identifier extractable from requirement/check_hint.,Hermaeus Mora faucet act 'Study rare/forbidden tomes' (OnRead of curated rare-lore FormList) must be capped at 1/dawn.,PDV_QuestReactionMatrix_PartD_ThinGodFaucets.csv - Hermaeus Mora / Study rare/forbidden tomes
BC-0437,anti_farm,ALL,Mephala,BETA,source,NEEDS-MANUAL,No machine-checkable identifier extractable from requirement/check_hint.,"Mephala must not be flattened into generic stealth behavior; commitment signals must be web-building/betrayal-threshold events, not generic sneak or lockpick acts.",PDV_DaedricRacePrinceMatrix.csv Mephala Notes 'Do not flatten Mephala into generic stealth behavior'
BC-0438,anti_farm,ALL,Meridia,BETA,source,NEEDS-MANUAL,No machine-checkable identifier extractable from requirement/check_hint.,Meridia commitment signals must be anchored to The Break of Dawn quest outcome and Dawnbreaker service; generic undead kills must not function as a devotion faucet before or after commitment gate.,PDV_DaedricBatch0_D18ProofLedger.md 'Prove tolerated stigma behavior and prevent generic undead farming before any promotion'; PDV_DaedricRacePrinceMatrix.csv Meridia VanillaHookPriority
BC-0440,anti_farm,ALL,Namira - eat human flesh,BETA,source,NEEDS-MANUAL,No machine-checkable identifier extractable from requirement/check_hint.,Namira faucet act 'Eat Human Flesh' (OnObjectEquipped of vanilla HumanFlesh/heart FormList) must be capped at 1/dawn and must share the cannibalism cap with corpse-feed (no double-banking).,PDV_QuestReactionMatrix_PartD_ThinGodFaucets.csv - Namira / Eat Human Flesh
BC-0441,anti_farm,ALL,Nocturnal,BETA,source,NEEDS-MANUAL,No machine-checkable identifier extractable from requirement/check_hint.,Nocturnal commitment must distinguish Rajhin and Baan Dar (native Khajiit/Bosmer trickster lanes) from Nocturnal; Nocturnal commitment via TG09 must not route through or credit native trickster behaviors.,PDV_DaedricRacePrinceMatrix.csv Nocturnal Notes 'Keep Rajhin and Baan Dar distinct from Nocturnal'
BC-0442,anti_farm,ALL,Peryite - disease,BETA,source,NEEDS-MANUAL,No machine-checkable identifier extractable from requirement/check_hint.,Peryite faucet act 'Bear an untreated disease' (player afflicted-state poll) must be capped at 1/dawn; curing disease must NOT score for Peryite.,PDV_QuestReactionMatrix_PartD_ThinGodFaucets.csv - Peryite / Bear an untreated disease
BC-0443,anti_farm,ALL,Peryite - Spellbreaker,BETA,source,NEEDS-MANUAL,No machine-checkable identifier extractable from requirement/check_hint.,Peryite faucet act 'Ward with Spellbreaker' (Block event while Spellbreaker is equipped) must be capped at 1/dawn.,PDV_QuestReactionMatrix_PartD_ThinGodFaucets.csv - Peryite / Ward with Spellbreaker
BC-0445,anti_farm,ALL,Sanguine,BETA,source,NEEDS-MANUAL,No machine-checkable identifier extractable from requirement/check_hint.,Sanguine commitment signals must not be generic tavern-visit or drink events; the path must be intentionally unreliable and not become a routine faucet through ordinary indulgence behavior.,"PDV_DaedricRacePrinceMatrix.csv Sanguine Notes 'Important to keep from becoming generic go to tavern, gain devotion'"
BC-0446,anti_farm,ALL,Sanguine - drink alcohol,BETA,source,NEEDS-MANUAL,No machine-checkable identifier extractable from requirement/check_hint.,Sanguine faucet act 'Drink alcohol' (OnObjectEquipped of curated alcohol ALCH FormList) must be capped at 1/dawn.,PDV_QuestReactionMatrix_PartD_ThinGodFaucets.csv - Sanguine / Drink alcohol
BC-0447,anti_farm,ALL,Sanguine - Sanguine Rose,BETA,source,NEEDS-MANUAL,No machine-checkable identifier extractable from requirement/check_hint.,Sanguine faucet act 'Summon with the Sanguine Rose' (OnSpellCast/staff-fire) must be capped at 1/dawn.,PDV_QuestReactionMatrix_PartD_ThinGodFaucets.csv - Sanguine / Summon with the Sanguine Rose
BC-0449,anti_farm,ALL,Vaermina,BETA,source,NEEDS-MANUAL,No machine-checkable identifier extractable from requirement/check_hint.,"Vaermina commitment signals must be quest/threshold-anchored (Waking Nightmare, Skull of Corruption); ordinary sleep must not be a devotion source faucet.",PDV_DaedricBatch0_D18ProofLedger.md Vaermina row 'Keep hooks quest/threshold anchored so ordinary sleep is not a source faucet'
BC-0450,anti_farm,ALL,Vaermina - Skull of Corruption,BETA,source,NEEDS-MANUAL,No machine-checkable identifier extractable from requirement/check_hint.,Vaermina faucet act 'Harvest dreams (Skull of Corruption)' (OnSpellCast of the Skull) must be capped at 1/dawn.,PDV_QuestReactionMatrix_PartD_ThinGodFaucets.csv - Vaermina / Harvest dreams
BC-0453,anti_farm,Bosmer,Bandit Road reversal seven-day cooldown,BETA,source,NEEDS-MANUAL,No machine-checkable identifier extractable from requirement/check_hint.,Bosmer Bandit Road luck reversal carries a seven-day cooldown; no repeating the reversal in rapid succession.,"PDV_RaceEffectReviewLedger.md -- Bosmer active-path baseline, conditions and cadence"
BC-0454,anti_farm,Bosmer,Bosmer path switching destination-gated,BETA,source,NEEDS-MANUAL,No machine-checkable identifier extractable from requirement/check_hint.,Bosmer path switching must be destination-gated: Living Story requires one strong signal; Exchange/BanditRoad require two signal days in seven; Old Contract requires three Pact-positive days and one re-entry cycle.,"PDV_RaceRewardBudgetLedger.md -- Focused Pass: Bosmer, Needs verifier/proof"
BC-0455,anti_farm,Bosmer,GPC consumption tracking,BETA,data,NEEDS-MANUAL,No machine-checkable identifier extractable from requirement/check_hint.,"GreenPactCompliance must own a keyword/tag system for plant-based consumables; plant potions, plant-based food, and woodcutting/lumber items need tags for GPC negative scoring; each meal type counts once per day (not per item).",PDV_RaceDesign_Bosmer.md -- Implementation flags / GreenPactCompliance tagging
BC-0459,anti_farm,Khajiit,Road-home circuit,BETA,source,NEEDS-MANUAL,No machine-checkable identifier extractable from requirement/check_hint.,Road-home piety must require cycling between 2-3 player-designated rest anchors over time; repeating the same camp/bed/outdoor rest does NOT count as road-home cadence; the devotional act is the circuit.,PDV_RaceDesign_Khajiit.md -- Road-home cadence (LOCKED)
BC-0460,anti_farm,Khajiit,Road-home circuit must require 2-3 anchor cycling,BETA,source,NEEDS-MANUAL,No machine-checkable identifier extractable from requirement/check_hint.,"Khajiit road-home reward must require a real 2-3 point circuit with cycling validation; repeating one convenient camp, bed, or outdoor sleep must not award road-home credit.","PDV_RaceRewardBudgetLedger.md -- Focused Pass: Khajiit, Change; PDV_RaceEffectReviewLedger.md -- Khajiit lunar baseline, rejected hooks"
BC-0461,anti_farm,Nord,Nord dawn-only offer gate with cooldown,BETA,source,NEEDS-MANUAL,No machine-checkable identifier extractable from requirement/check_hint.,"Nord patron offers must be gated to dawn only: piety threshold, two signal days in seven, pantheon eligibility, cooldown, and one offer maximum must all be enforced.","PDV_RaceRewardBudgetLedger.md -- Focused Pass: Nord, Needs verifier/proof"
BC-0462,anti_farm,Orc,Orc forge quality/context gate,BETA,source,NEEDS-MANUAL,No machine-checkable identifier extractable from requirement/check_hint.,"Orc forge/craft rewards must require quality, value, context, or commission; raw crafting count must never become the Orc piety loop; day caps or major-beat requirements must be enforced.","PDV_RaceRewardBudgetLedger.md -- Focused Pass: Orc, Change; PDV_RaceEffectReviewLedger.md -- Orc life-mode baseline, rejected hooks"
BC-0463,anti_farm,Redguard,HoonDing weekly cap enforced,BETA,source,NEEDS-MANUAL,No machine-checkable identifier extractable from requirement/check_hint.,HoonDing activation must be weekly-capped; only curated major milestones/named bosses or proof-tested odds detection may trigger it; generic combat is rejected.,"PDV_RaceRewardBudgetLedger.md -- Focused Pass: Redguard, Needs verifier/proof"
BC-0464,anti_farm,Redguard,Redguard sect switching gates,BETA,source,NEEDS-MANUAL,No machine-checkable identifier extractable from requirement/check_hint.,"Crown/Forebear sect switching requires two sect-coded signal days in seven; Ash'abah requires a major death, undead, tomb, funerary, or impurity burden signal; generic undead spam and fast travel are rejected.","PDV_RaceRewardBudgetLedger.md -- Focused Pass: Redguard, Needs verifier/proof"
BC-0466,neglect,ALL,All 16 Daedric Princes,BETA,source,NEEDS-MANUAL,No machine-checkable identifier extractable from requirement/check_hint.,"When a path first reaches Champion tier, a one-way WasChampion flag (PDV.Daedric.<Prince>.WasChampion=true) must be set and must not be cleared by stigma decay, cure, or rites.",PDV_Daedric_DecisionPacket_CAT4.md D-15.3 'Residue: WasChampion one-way dialogue flag'
BC-0472,neglect,Argonian,Hist - vampire rupture,BETA,source,NEEDS-MANUAL,No machine-checkable identifier extractable from requirement/check_hint.,"Argonian vampire state must register as a neglect/rupture state for Hist with the deepest penalty in the mod; single state, no stacking.",PDV_RaceSignalMatrix.csv - Argonian / Hist relation under pressure / Vampire rupture
BC-0473,neglect,Argonian,Hist - werewolf strain,BETA,source,NEEDS-MANUAL,No machine-checkable identifier extractable from requirement/check_hint.,"Argonian werewolf state must register as a Hist-strain neglect state (milder than vampirism, mostly neutral to Sithis); single state, no stacking.",PDV_RaceSignalMatrix.csv - Argonian / Hist relation under strain / Werewolf strain
BC-0476,neglect,Breton,KnightlyVowIntegrity - degradation,BETA,source,NEEDS-MANUAL,No machine-checkable identifier extractable from requirement/check_hint.,Breton Knight's Road KnightlyVowIntegrity must degrade on Thieves-Guild/Dark-Brotherhood membership and selected crime/innocent-kill proxies; negative side is unchanged by the Justice family top-up.,PDV_TriggerTopups_Exchange_KnightsRoad.md - B. Breton - Negative side unchanged
BC-0479,neglect,Imperial,Concordat Enforcer corrodes Arkay/Stendarr,BETA,source,NEEDS-MANUAL,No machine-checkable identifier extractable from requirement/check_hint.,"The Concordat Enforcer ConcordatStanding band must apply corrosion to Arkay and Stendarr rewards until mercy, prisoner protection, burial restoration, or anti-necromancer duty repair signals are received.","PDV_RaceEffectReviewLedger.md -- Imperial broad lane row, grant/removal owner"
BC-0483,neglect,Nord,Nord broad/focused reward suppression,BETA,source,NEEDS-MANUAL,No machine-checkable identifier extractable from requirement/check_hint.,Broad Nord worship rewards must be capped below focused patron rewards; an accepted focused patron must suppress competing offers; broad blended favors must stay softer and not inherit individual patron boons.,PDV_RaceEffectReviewLedger.md -- Nord broad lane completed row; PDV_RaceRewardBudgetLedger.md -- Focused Pass: Nord
BC-0492,commitment,ALL,Privilege and recognition count as reward wealth,BETA,runtime-status,NEEDS-MANUAL,No gate-ledger verdict found for this race.,"Privileges and NPC recognition count as reward wealth even when they do not alter actor values; a race with high friction may need richer recognition, not larger stats, before being considered balanced.","PDV_RaceRewardBudgetLedger.md -- Budget Rules section, rules 5 and 6"
BC-0493,commitment,ALL,Removal/suppression story for every steady reward,BETA,source,NEEDS-MANUAL,No machine-checkable identifier extractable from requirement/check_hint.,Every steady (persistent) reward must have a documented removal or suppression story before it can be granted by manager logic; a steady reward without a removal path must not ship.,PDV_RaceEffectReviewLedger.md -- Review Rules
BC-0502,pacing,ALL,all gods (default),BETA,data,NEEDS-MANUAL,No machine-checkable identifier extractable from requirement/check_hint.,Every deity whose path a beta player can commit to must afford ~3.3 piety/day effective gain (floor ~+1.3/day Class A devotion + one qualifying favor ~+2.0 Class C) for a player engaging at normal play cadence (1-2 qualifying acts/day).,PDV_SignalDensityAudit.md - Headline / Verdict table
BC-0503,pacing,ALL,Authoring order constraint,BETA,data,NEEDS-MANUAL,No machine-checkable identifier extractable from requirement/check_hint.,Imperial spec must author before Nord/Breton/Redguard (owns the 8 Divines + Arkay); Orc must author before Altmer (owns Trinimac); Khajiit pilot indices 40-43 must be preserved across all subsequent runs.,PDV_Phase2_DeityRoster_and_ArchitectureRulings.md Section Authoring order; PDV_NordRewardRecords.spec.json Section authoringPlan authoringOrder
BC-0504,pacing,ALL,Broad rewards softer than focused patron rewards at every tier,BETA,runtime-status,NEEDS-MANUAL,No gate-ledger verdict found for this race.,Broad-worship rewards must be strictly softer than focused patron Devoted benefits at every tier; magnitude convention: broad floor minimal; broad ceiling caps at Faithful roughly 50-70% of equivalent focused-patron Devoted value.,"PDV_RaceEffectReviewLedger.md -- Completed Race Rows intro paragraph, magnitude convention"
BC-0505,pacing,ALL,Daedric paths - rite cadence,BETA,data,NEEDS-MANUAL,No machine-checkable identifier extractable from requirement/check_hint.,Daedric devotion paths use multi-day authored rites (e.g. Hircine: one rite on each of 3 separate in-game days = Seeker); same-day repeats are anti-farm-scaled. These deliberately do not sit on the 3.3/day calendar and must not be balanced against it.,"PDV_SignalDensityAudit.md - Daedric paths -- rite cadence, not daily accrual"
BC-0507,pacing,ALL,Persistent substrates express identity not power,BETA,runtime-status,NEEDS-MANUAL,No gate-ledger verdict found for this race.,"Persistent substrates must mostly express identity, maintenance, recovery, environmental fit, or utility; they must not become strong standalone boon engines independent of the foreground patron/path/mode layer.","PDV_RaceRewardBudgetLedger.md -- Budget Rules section, rule 2"
BC-0509,pacing,ALL,T1 magnitudes are provisional pending holistic review,BETA,data,NEEDS-MANUAL,No machine-checkable identifier extractable from requirement/check_hint.,All T1 reward magnitudes are provisional and may only be changed after the affected race has a completed holistic row in PDV_RaceEffectReviewLedger.md and runtime/manual proof in the manual evidence ledger.,PDV_RaceEffectReviewLedger.md -- Review Rules
BC-0510,pacing,Argonian,Hist - leaky floor,BETA,source,NEEDS-MANUAL,No machine-checkable identifier extractable from requirement/check_hint.,"Argonian Hist decays -1/dawn after 3 maintenance-free days with floor 20; this is the sanctioned-slow exception (leaky floor, not a multiplier). With diligent water/rest maintenance, Argonian climbs near-default; neglect stalls the climb.",PDV_SignalDensityAudit.md - Argonian -- leaky Hist floor (not a multiplier)
BC-0511,pacing,Bosmer,Old Contract forced reckoning,BETA,source,NEEDS-MANUAL,No machine-checkable identifier extractable from requirement/check_hint.,Three consecutive in-game days at Apostate GPC (0-19) must fire a Y'ffre confrontation scene (re-commit or renounce choice); second renunciation permanently freezes Y'ffre ledger and disables Old Contract toggle; re-entry permitted exactly once with GPC initialized at 20.,PDV_RaceDesign_Bosmer.md -- GreenPactCompliance State Model (LOCKED) -- Forced reckoning
BC-0512,pacing,Imperial,Talos path,BETA,data,NEEDS-MANUAL,No machine-checkable identifier extractable from requirement/check_hint.,Imperial Talos path is sanctioned-slow by design (rare costly-defiance acts); this is deliberate and not a density gap to fix.,PDV_SignalDensityAudit.md - Verdict table row: Imperial -> Talos path
BC-0514,pacing,Orc,Malacath - City mode,BETA,data,NEEDS-MANUAL,No machine-checkable identifier extractable from requirement/check_hint.,"Orc City mode accrues at 0.75 x base (2.5/day effective), yielding default Observant/Faithful/Devoted at day 10/20/34 - sanctioned-slow by design.",PDV_SignalDensityAudit.md - Orc life-mode multipliers (now pinned down)
BC-0515,pacing,Orc,Malacath - Legion/Exile mode,BETA,data,NEEDS-MANUAL,No machine-checkable identifier extractable from requirement/check_hint.,"Orc Legion/Exile mode accrues at 0.60 x base (2.0/day effective), yielding default Observant/Faithful/Devoted at day 13/25/43 - the deliberately hardest climb in the mod.",PDV_SignalDensityAudit.md - Orc life-mode multipliers (now pinned down)
BC-0516,pacing,Orc,Malacath - Stronghold mode,BETA,data,NEEDS-MANUAL,No machine-checkable identifier extractable from requirement/check_hint.,"Orc Stronghold mode accrues at 1.00 x base (3.3/day), yielding default Observant/Faithful/Devoted at day 8/15/26 with no prayer floor.",PDV_SignalDensityAudit.md - Orc life-mode multipliers (now pinned down)
BC-0539,state_track,Khajiit,"patron-emergence (silent, no formal offer)",BETA,source,NEEDS-MANUAL,No machine-checkable identifier extractable from requirement/check_hint.,Khajiit patron emergence must be silent - no formal offer fires; patron emerges through behavior. The lunar substrate is always active without a setup choice.,PDV_Phase20_ExpandedSignalArchitecture.md - B4 Khajiit - Theological context
BC-0547,curse_daedric,ALL,Daedric price axis disjoint from boon axis,BETA,source,NEEDS-MANUAL,No machine-checkable identifier extractable from requirement/check_hint.,No Daedric price axis may equal any of that Prince's boon axes at any tier; every price effect's actorValue must be disjoint from that Prince's boon actorValues; this invariant is enforced in pdv_generate_daedric_contract.mjs.,PDV_RaceEffectReviewLedger.md -- Daedric Price-Axis Retune section
BC-0548,curse_daedric,ALL,Daedric price must impose genuine net cost,BETA,data,NEEDS-MANUAL,No machine-checkable identifier extractable from requirement/check_hint.,Daedric price spells must impose a genuine net cost unlike Aedra blessings; the price effect must not be a strictly smaller version of the same boon axis (which would net positive).,PDV_RaceEffectReviewLedger.md -- Daedric Price-Axis Retune section
BC-0549,curse_daedric,ALL,Daedric price spread cap ~3 per axis,BETA,data,NEEDS-MANUAL,No machine-checkable identifier extractable from requirement/check_hint.,"Daedric price axes must be spread across Prince-specific attributes with a cap of approximately 3 axes, so each Prince's cost feels distinctive and not a shared generic tax.",PDV_RaceEffectReviewLedger.md -- Daedric Price-Axis Retune section
BC-0554,curse_daedric,ALL,Hircine - lycanthropy,BETA,source,NEEDS-MANUAL,No machine-checkable identifier extractable from requirement/check_hint.,"Hircine curse-access path: embrace_lycanthropy(C) approving act is the curse itself; must be handled by the curse layer, not normal piety gain. Ongoing beast-blood state must not be a repeated passive gain loop.",PDV_QuestReactionMatrix.md - Part C2 CURSE-ACCESS; PDV_RaceSignalMatrix.csv - Orc/Breton curse pressure
BC-0559,curse_daedric,ALL,Molag Bal - vampirism,BETA,source,NEEDS-MANUAL,No machine-checkable identifier extractable from requirement/check_hint.,Molag Bal curse-access path: embrace_vampirism(C) approving act is the curse itself; handled by the curse layer only. Argonian vampire state must register as a Hist grief-rupture (deepest grief state in the mod).,PDV_QuestReactionMatrix.md - Part C2 CURSE-ACCESS; PDV_RaceSignalMatrix.csv - Argonian / Hist under pressure
BC-0561,curse_daedric,Altmer,Altmer vampire terminal/exile-limited and werewolf hard halt,BETA,source,NEEDS-MANUAL,No machine-checkable identifier extractable from requirement/check_hint.,Cursed Altmer vampire must be clearly terminal or exile-limited -- not fully restored orthodoxy; werewolf invokes a hard halt to devotion; these curse states must have wired message/surface records and suppress the positive Auri-El reward lane.,"PDV_RaceRewardBudgetLedger.md -- Focused Pass: Altmer, Post-1.0 and Reward ceiling; PDV_RaceEffectReviewLedger.md -- Altmer coherence baseline row, curse/Daedric"
BC-0565,curse_daedric,Argonian,Vampire (all layers compromised),BETA,source,NEEDS-MANUAL,No machine-checkable identifier extractable from requirement/check_hint.,"Argonian vampirism must compromise all three layers simultaneously: Hist relation collapses toward silence/corruption, community belonging damaged (vampirism makes belonging dangerous), Sithis becomes more available but not automatically good. Explicit notification must surface (not just mechanical silence).",PDV_RaceDesign_Argonian.md -- Curse State Summary / Vampire + Implementation flags
BC-0566,curse_daedric,Argonian,Werewolf (Strained),BETA,source,NEEDS-MANUAL,No machine-checkable identifier extractable from requirement/check_hint.,Argonian werewolfism must set HistPosture to Strained; Hist relation strained but not collapsed; community can still recognize player (less destructive than vampirism); mostly neutral to Sithis; Argonian theology has more room for shape-complexity -- not theologically annihilating.,PDV_RaceDesign_Argonian.md -- Curse State Summary / Werewolf + Curse split (LOCKED)
BC-0568,curse_daedric,Breton,Hidden Art Vampire,BETA,source,NEEDS-MANUAL,No machine-checkable identifier extractable from requirement/check_hint.,Hidden Art Breton vampire must retain partial Volkihar/witch-mother acceptance; Daedric patron (Molag Bal adjacent) must remain accessible; no positive Daedra scoring halt.,PDV_RaceDesign_Breton.md -- Curse State Summary / Vampire / Hidden Art
BC-0569,curse_daedric,Breton,Knight's Road Vampire,BETA,source,NEEDS-MANUAL,No machine-checkable identifier extractable from requirement/check_hint.,Vampire state for Knight's Road Breton must lose Nine Divines and knightly oaths -- no positive substitute available; KnightlyVowIntegrity must degrade on transformation.,PDV_RaceDesign_Breton.md -- Curse State Summary / Vampire / Knight's Road
BC-0571,curse_daedric,Dunmer,Vampire,BETA,source,NEEDS-MANUAL,No machine-checkable identifier extractable from requirement/check_hint.,"Dunmer vampirism must set ash-prayer to SILENT (Layer 1 events weighted at zero); Layer 2 Good Daedra path weight increases (Boethiah and Mephala fully reachable; Molag Bal available as new primary via Daedric system); on cure, ash-prayer restores with permanent piety/tier scar.",PDV_RaceDesign_Dunmer.md -- Curse State Summary / Vampire + PDV_State_DunmerAncestorPosture
BC-0572,curse_daedric,Dunmer,Werewolf,BETA,source,NEEDS-MANUAL,No machine-checkable identifier extractable from requirement/check_hint.,Dunmer werewolfism must set ancestor posture to Strained: Layer 1 events continue at 50% weight; Layer 2 continues at 75%; no alternative path opens. Telvanni exception: Telvanni-associated acts in log reduce werewolf penalty slightly (minor weight modifier only).,PDV_RaceDesign_Dunmer.md -- Curse State Summary / Werewolf
BC-0578,curse_daedric,Nord,Nord Hircine is a focused Daedric lane not a broad booster,BETA,source,NEEDS-MANUAL,No machine-checkable identifier extractable from requirement/check_hint.,Hircine is the first full Nord Daedric path and must remain a separate focused Daedric lane; it must not auto-stack with Nord Old Ways T1 or be treated as a broad Pantheon booster; vampire rupture suppresses broad favors.,"PDV_Phase20_RewardRecordContracts.json -- Nord entry, daedricInteraction; PDV_RaceEffectReviewLedger.md -- Nord broad lane row"
BC-0579,curse_daedric,Nord,Vampire path,BETA,source,NEEDS-MANUAL,No machine-checkable identifier extractable from requirement/check_hint.,"Active vampirism must sever Sovngarde afterlife claim: Shor/Tsun path weight significantly reduced; Kyne, Mara, Arkay all weakened; cure restores access but leaves permanent scar (reduced ceiling) on Sovngarde path.",PDV_RaceDesign_Nord.md -- Curse State Summary / Vampire
BC-0580,curse_daedric,Orc,Vampire,BETA,source,NEEDS-MANUAL,No machine-checkable identifier extractable from requirement/check_hint.,Orc vampirism must result in near-total collapse of normal Orc belonging; exile from stronghold acceptance; Malacath devotion becomes hollow or nonfunctional; no real positive Orc theological replacement.,PDV_RaceDesign_Orc.md -- Curse State Summary / Vampire
BC-0581,curse_daedric,Orc,Werewolf (conditional),BETA,source,NEEDS-MANUAL,No machine-checkable identifier extractable from requirement/check_hint.,Orc werewolfism must allow conditional acceptance depending on proven strength and control; Malacath judges the beast by same criteria as the Orc (forge/oath/community); still readable through Malacath's code; not a free positive buff -- requires demonstrated strength/discipline.,PDV_RaceDesign_Orc.md -- Curse State Summary / Werewolf
BC-0582,curse_daedric,Redguard,Vampire (near-total collapse),BETA,source,NEEDS-MANUAL,No machine-checkable identifier extractable from requirement/check_hint.,"Redguard vampirism must cause near-total collapse of Yokudan devotion across all sects; no meaningful positive Yokudan substitute; on cure, restoration must flow through Tu'whacca FIRST (proper mortality re-entry sequence) before any specific primary god rededication can resume.",PDV_RaceDesign_Redguard.md -- Curse State Summary / Vampire + Vampire recovery note
BC-0583,curse_daedric,Redguard,Werewolf (strained),BETA,source,NEEDS-MANUAL,No machine-checkable identifier extractable from requirement/check_hint.,Redguard werewolfism must leave sect/god structure accessible but strained; no true Hircine-integrated Redguard path opens; favor and interpretation strained but not severed; condition is theologically homeless rather than positively integrated.,PDV_RaceDesign_Redguard.md -- Curse State Summary / Werewolf
BC-0587,runtime_wiring,ALL,All 16 Daedric Princes,BETA,runtime-status,NEEDS-MANUAL,No gate-ledger verdict found for this race.,PDV_DaedricRuntimeEvidenceLedger.json must record runtime evidence for each Prince; pdv_daedric_beta_gate.mjs must pass (not PENDING=16) before any Prince is claimed beta-display ready.,PDV_AllRaceDaedricBetaReadinessLedger.md 'Daedric beta-display gate: tools/pdv_daedric_beta_gate.mjs currently fails closed at PENDING=16'
BC-0588,runtime_wiring,ALL,Boethiah,BETA,runtime-status,NEEDS-MANUAL,No gate-ledger verdict found for this race.,Boethiah native Dunmer route must not create a duplicate Daedric response when a Dunmer player completes DA02; the native-integration override must suppress the global Daedric response row.,PDV_DaedricBatch0_D18ProofLedger.md 'Prove native override does not create duplicate Daedric response'
BC-0590,runtime_wiring,ALL,Hircine,BETA,runtime-status,NEEDS-MANUAL,No gate-ledger verdict found for this race.,Hircine content-surface proof must pass without double-firing curse-state rows from Phase 13/15 mechanics; per-race response messages must fire on lycanthropy acquisition without duplicating race manifest CurseState notifications.,PDV_AllRaceDaedricBetaReadinessLedger.md Batch 3 'Hircine content-surface proof without double-firing curse-state rows'
BC-0592,runtime_wiring,ALL,Molag Bal,BETA,runtime-status,NEEDS-MANUAL,No gate-ledger verdict found for this race.,Molag Bal curse-state no-double-fire must be verified in controlled proof: acquiring vampirism fires the curse-onset message exactly once without triggering a redundant race CurseState notification.,PDV_AllRaceDaedricBetaReadinessLedger.md Batch 0 'Molag Bal curse-state no-double-fire proof'
BC-0595,runtime_wiring,ALL,Peryite,BETA,runtime-status,NEEDS-MANUAL,No gate-ledger verdict found for this race.,Peryite tolerated-class display behavior (Notorious as rare-edge) must be proved before promotion; tolerated stigma weight must behave distinctly from Standard class.,PDV_AllRaceDaedricBetaReadinessLedger.md Batch 3 'Run Peryite tolerated-class display proof'
BC-0596,runtime_wiring,ALL,ProcessDawn auto-trigger,BETA,runtime-status,NEEDS-MANUAL,No gate-ledger verdict found for this race.,"ProcessDawn must auto-fire on day rollover in OnUpdate 1s tick (not requiring manual player action); proven happy-path: 2026-06-08 runtime test (Tu'whacca 24->27.96, tier->Seeker, single auto-fire). Pending edges: midnight-not-06:00, multi-day-skip-fires-once.",Memory: ProcessDawn auto trigger -- RESOLVED + RUNTIME-PROVEN 2026-06-08
BC-0601,surfacing,ALL,All 16 Daedric Princes,BETA,data,NEEDS-MANUAL,No machine-checkable identifier extractable from requirement/check_hint.,"pdv_content_verify.mjs must pass FAIL=0, WARN=0 after any Daedric content change; ASCII rules, per-Surface budgets, slot-ID uniqueness, voice matrix, source citations, and non-empty prose are all enforced.","PDV_Daedric_DecisionPacket_CAT4.md D-18 item 11; PDV_DaedricBatch0_D18ProofLedger.md 'Content verifier: FAIL=0, WARN=0'"
BC-0602,surfacing,ALL,All 16 Daedric Princes,BETA,data,NEEDS-MANUAL,No machine-checkable identifier extractable from requirement/check_hint.,"Each Prince must have a per-Prince firing-density sanity paragraph: Marked events <1 per 2h, Noted events <2 per h; passive SPEL boon/price descriptions produce no fire events.",PDV_Daedric_DecisionPacket_CAT4.md D-18 item 12; PDV_DaedricContent_Manifest.md Section 6.9 template
BC-0603,surfacing,ALL,All 16 Daedric Princes,BETA,runtime-status,NEEDS-MANUAL,No gate-ledger verdict found for this race.,Each Prince path must produce a legible stack snapshot when a race build plus Daedric edge build are both active: combined boon/price buffs must remain capped and not overflow the expected range.,PDV_AllRaceDaedricBetaReadinessLedger.md Per-Prince Acceptance Checklist item 12
BC-0605,surfacing,ALL,All 16 Daedric Princes,BETA,source,NEEDS-MANUAL,No machine-checkable identifier extractable from requirement/check_hint.,Stigma bands must use the four-band WitchcraftExposure shape (Latent 0-25/Suspected 26-50/Known 51-75/Notorious 76-100) with per-Prince storage key PDV.Daedric.<Prince>.Stigma in StorageUtil.,PDV_Daedric_DecisionPacket_CAT4.md D-15.1 band thresholds; PDV_DaedricContent_Manifest.md Section 5
BC-0607,surfacing,ALL,All 16 Daedric Princes,BETA,runtime-status,NEEDS-MANUAL,No gate-ledger verdict found for this race.,Each Prince path must surface correctly in the Survey/status display alongside the expected race deity build; the combined stack must show correct Daedric Prince tier and not show stale state.,PDV_AllRaceDaedricBetaReadinessLedger.md Per-Prince Acceptance Checklist item 12; per-race manual evidence gap column 'Survey/status'
BC-0609,surfacing,ALL,copy promotion to ESP records,BETA,esp,NEEDS-MANUAL,No machine-checkable identifier extractable from requirement/check_hint.,Per-race manifest rows for all five transition classes must be promoted to ESP records in Devotion.esp before a race can pass the pre-beta rubric; draft-in-manifest rows are not sufficient,PDV_TransitionSurfacing_CoverageMap.md SectionWhat still needs doing -- item 3
BC-0610,surfacing,ALL,curse transition,BETA,source,NEEDS-MANUAL,No machine-checkable identifier extractable from requirement/check_hint.,Curse onset and curse cure must each surface as a Loud MessageBox via the curse transition class; curing a curse clears the onset guard and arms the cure beat; onset must not double-fire against race CurseState rows,PDV_Architecture_v3.md Section16.7 curse row; Section13.7; PDV_TransitionSurfacing_CoverageMap.md Section3
BC-0615,surfacing,ALL,emergence transition,BETA,source,NEEDS-MANUAL,No machine-checkable identifier extractable from requirement/check_hint.,First domination of a focused patron or emphasis must fire as a Loud MessageBox (emergence class) with a Prisma tier toast; races that route Devoted through per-deity Champion entry must not also fire a tier notification at Devoted,PDV_Architecture_v3.md Section16.7 emergence row; PDV_TransitionSurfacing_CoverageMap.md Section2 and Devoted/emergence reconciliation
BC-0616,surfacing,ALL,High-friction lanes require compensating diegetic support before beta,BETA,runtime-status,NEEDS-MANUAL,No gate-ledger verdict found for this race.,"Any race lane with high friction must have compensating diegetic support -- status, interpretation, ritual recovery, NPC recognition, or scar text -- before bigger numbers can be promoted.","PDV_RaceRewardBudgetLedger.md -- Immersion Budget Rules, rule 3"
BC-0617,surfacing,ALL,Immersion budget: every reward must answer why this race reads it as religious,BETA,runtime-status,NEEDS-MANUAL,No gate-ledger verdict found for this race.,Every reward must answer: 'Why would this race read this as religious?' Mechanically convenient triggers that are culturally opaque must not be promoted to active reward hooks.,"PDV_RaceRewardBudgetLedger.md -- Immersion Budget Rules, rules 1 and 4"
BC-0620,surfacing,ALL,neglect transition,BETA,source,NEEDS-MANUAL,No machine-checkable identifier extractable from requirement/check_hint.,"A neglect notification must fire once per tier-drop per deity using Medium Notification with a Prisma neglect toast, and must not re-fire until the player recovers a tier for that deity; recovery re-arms the one-shot",PDV_Architecture_v3.md Section16.7 neglect row and neglect firing cadence; PDV_TransitionSurfacing_CoverageMap.md Section5
BC-0621,surfacing,ALL,Nocturnal,BETA,runtime-status,NEEDS-MANUAL,No gate-ledger verdict found for this race.,"Nocturnal commitment hook via Thieves Guild/Nightingale chain must surface correctly in beta proof; the Thieves Guild/Nightingale oath surface must be specifically proved, not just TG09 stage 200 readback.",PDV_AllRaceDaedricBetaReadinessLedger.md Batch 2 'Nocturnal must still prove Thieves Guild/Nightingale oath surface'
BC-0623,surfacing,ALL,Ordinary-session immersion loop per race,BETA,runtime-status,NEEDS-MANUAL,No gate-ledger verdict found for this race.,"Each race must have at least one maintenance, recognition, recovery, or status loop that is not combat-only and is accessible during a normal play session.","PDV_RaceRewardBudgetLedger.md -- Immersion Budget Rules, rule 5"
BC-0625,surfacing,ALL,reorientation transition,BETA,source,NEEDS-MANUAL,No machine-checkable identifier extractable from requirement/check_hint.,"A confirmed sect/mode/tradition/path/standing switch must fire as a Medium (or Loud for major theological reorientations) notification via the reorientation class; must fire on confirmed switch only, not on intent declaration",PDV_Architecture_v3.md Section16.7 reorientation row; PDV_TransitionSurfacing_CoverageMap.md Section4
BC-0628,surfacing,ALL,SurfaceTransition guard namespace,BETA,source,NEEDS-MANUAL,No machine-checkable identifier extractable from requirement/check_hint.,One-shot guards for all five transition classes must live under the PDV.Surfaced.* StorageUtil namespace and must be save-persistent; opposite-direction transitions must clear the guard they re-enable,PDV_Architecture_v3.md Section16.7 -- guard-key convention paragraph; PDV_TransitionSurfacing_CoverageMap.md guard-key convention
BC-0630,surfacing,ALL,Surfacing must be quiet unless event is exceptional,BETA,data,NEEDS-MANUAL,No machine-checkable identifier extractable from requirement/check_hint.,Reward surfacing notifications must be quiet unless the event is exceptional; constant notifications weaken immersion even when the hook is valid.,"PDV_RaceRewardBudgetLedger.md -- Immersion Budget Rules, rule 6"
BC-0632,surfacing,ALL,Survey/MCM effect copy must be fiction-facing not debug,BETA,data,NEEDS-MANUAL,No machine-checkable identifier extractable from requirement/check_hint.,Survey/MCM copy must explain the active reward state in fiction-facing terms without turning effect mechanics into debug counters; no raw piety numbers in player-facing reward text.,"PDV_RaceEffectReviewLedger.md -- Review Rules; PDV_RaceRewardBudgetLedger.md -- Immersion Budget Rules, rule 6"
BC-0633,surfacing,ALL,tier transition,BETA,source,NEEDS-MANUAL,No machine-checkable identifier extractable from requirement/check_hint.,"Tier-up notifications (Observant and Faithful broad-worship milestones) must fire once per direction per save as Medium Notifications with a Prisma tier toast; Devoted crossing is surfaced by the emergence class only, not tier, to prevent double-fire",PDV_Architecture_v3.md Section16.7 table row tier; PDV_TransitionSurfacing_CoverageMap.md Section1 and Devoted/emergence reconciliation
BC-0638,surfacing,Altmer,Lorkhan obviousness rule,BETA,source,NEEDS-MANUAL,No machine-checkable identifier extractable from requirement/check_hint.,"If a player would not reasonably understand the theological meaning, must NOT penalize silently; either reject the signal or surface a first-time Altmer-interpretation notification (e.g. 'You feel the old dissonance: this rite honors the mortal world Lorkhan made').",PDV_RaceDesign_Altmer.md -- Obviousness rule
BC-0640,surfacing,Altmer,reorientation -- N/A,BETA,source,NEEDS-MANUAL,No machine-checkable identifier extractable from requirement/check_hint.,Altmer has no reorientation surface (pantheon/path chosen at start and locked; patron swap deferred past 1.0); wiring must have no reorientation SurfaceTransition call for Altmer,PDV_TransitionSurfacing_CoverageMap.md Section4 -- Altmer/Dunmer/Nord N/A row
BC-0643,surfacing,Argonian,emergence transition -- N/A,BETA,source,NEEDS-MANUAL,No machine-checkable identifier extractable from requirement/check_hint.,Argonian has no single patron to emerge (three always-on Hist/People/Void layers); no emergence SurfaceTransition must fire for Argonian,PDV_TransitionSurfacing_CoverageMap.md Section2 emergence table -- Argonian N/A
BC-0645,surfacing,Argonian,reorientation -- N/A,BETA,source,NEEDS-MANUAL,No machine-checkable identifier extractable from requirement/check_hint.,Argonian has no player-chosen reorientation surface (Hist posture changes are driven by curse/neglect and already covered by those classes); no reorientation SurfaceTransition must fire for Argonian,PDV_TransitionSurfacing_CoverageMap.md Section4 -- Argonian N/A row
BC-0648,surfacing,Bosmer,emergence transition -- N/A,BETA,source,NEEDS-MANUAL,No machine-checkable identifier extractable from requirement/check_hint.,"Bosmer has no emergence surface per the coverage matrix; path changes are reorientation events, not emergence; no emergence SurfaceTransition must fire for Bosmer",PDV_TransitionSurfacing_CoverageMap.md Section2 emergence table -- Bosmer N/A
BC-0649,surfacing,Bosmer,neglect transition,BETA,data,NEEDS-MANUAL,No machine-checkable identifier extractable from requirement/check_hint.,"Bosmer must surface neglect tier-drop lapses (Observant_Lapse, Faithful_Lapse, Devoted_Lapse, GreenPact_Lapse) and per-path texture rows ({OldContract,LivingStory,Exchange,BanditRoad}_NeglectTexture) once per tier-drop with recovery re-arm",PDV_TransitionSurfacing_CoverageMap.md Section5 neglect table -- Bosmer row
BC-0655,surfacing,Breton,neglect transition,BETA,data,NEEDS-MANUAL,No machine-checkable identifier extractable from requirement/check_hint.,"Breton must surface neglect tier-drop lapses (Observant_Lapse, Faithful_Lapse, Devoted_Lapse) and per-tradition texture rows ({KnightsRoad,HiddenArt,GreenWay}_NeglectTexture) once per tier-drop with recovery re-arm",PDV_TransitionSurfacing_CoverageMap.md Section5 neglect table -- Breton row
BC-0662,surfacing,Dunmer,neglect transition,BETA,data,NEEDS-MANUAL,No machine-checkable identifier extractable from requirement/check_hint.,"Dunmer must surface neglect tier-drop lapses (GoodDaedra_ObservantLapse, GoodDaedra_FaithfulLapse, Focus_DevotedLapse) and three layer texture rows (Layer1_AshPrayerQuiet, Layer2_GoodDaedraThin, Layer3_FocusFading at manifest :580-582) once per tier-drop with recovery re-arm",PDV_TransitionSurfacing_CoverageMap.md Section5 neglect table -- Dunmer row; PDV_RaceContent_Manifest.md:580-582
BC-0663,surfacing,Dunmer,reorientation -- N/A,BETA,source,NEEDS-MANUAL,No machine-checkable identifier extractable from requirement/check_hint.,Dunmer has no reorientation surface (path chosen at start and locked); no reorientation SurfaceTransition call must fire for Dunmer,PDV_TransitionSurfacing_CoverageMap.md Section4 -- Altmer/Dunmer/Nord N/A row
BC-0675,surfacing,Khajiit,reorientation -- N/A,BETA,source,NEEDS-MANUAL,No machine-checkable identifier extractable from requirement/check_hint.,Khajiit has no reorientation surface (silent focus shift is covered by emergence); no reorientation SurfaceTransition must fire for Khajiit,PDV_TransitionSurfacing_CoverageMap.md Section4 -- Khajiit N/A row
BC-0686,surfacing,Orc,neglect transition,BETA,data,NEEDS-MANUAL,No machine-checkable identifier extractable from requirement/check_hint.,"Orc must surface neglect tier-drop lapses (Malacath_ObservantLapse, Malacath_FaithfulLapse, Malacath_DevotedLapse) and thematic texture rows (Forge, CityQuality, LegionErasure, OathBroken NeglectTexture) once per tier-drop with recovery re-arm",PDV_TransitionSurfacing_CoverageMap.md Section5 neglect table -- Orc row
BC-0692,surfacing,Redguard,neglect transition,BETA,data,NEEDS-MANUAL,No machine-checkable identifier extractable from requirement/check_hint.,"Redguard must surface neglect tier-drop lapses (Observant_Lapse, Faithful_Lapse, Devoted_Lapse) and per-sect and ancestor-layer texture rows ({AncestorLayer,Crown,Forebear,AshAbah}_NeglectTexture) once per tier-drop with recovery re-arm",PDV_TransitionSurfacing_CoverageMap.md Section5 neglect table -- Redguard row
BC-0697,other,ALL,All 16 Daedric Princes,BETA,data,NEEDS-MANUAL,No machine-checkable identifier extractable from requirement/check_hint.,"D-15 stigma model, D-16 curse-access template, D-17 authoring order, and D-18 content-ready definition are locked in PDV_Architecture_v3.md Section 11.6 and must not be re-opened without explicit architecture decision; all authoring must conform to these locked decisions.","PDV_Daedric_DecisionPacket_CAT4.md Ratification checklist; PDV_DaedricContent_Manifest.md 'Locked: curse-access template (D-16), authoring order (D-17), content-ready definition (D-18)'"
BC-0700,other,ALL,All 16 Daedric Princes,BETA,source,NEEDS-MANUAL,No machine-checkable identifier extractable from requirement/check_hint.,"D-13 mixed recovery default: exiting a Daedric path uses mixed recovery (cure starts recovery, rites/authored beats complete it); neither instant full restoration nor permanent mechanical penalty is the default.",PDV_Daedric_DecisionPacket_CAT4.md 'Recovery: closed by D-13 (mixed recovery default)'
BC-0715,other,ALL,D-17 Daedric authoring order,BETA,data,NEEDS-MANUAL,No machine-checkable identifier extractable from requirement/check_hint.,"The 15 non-pilot Princes must be authored in template-variation proof batches: first batch Azura/Vaermina/Meridia/Molag Bal to prove all four template shapes, then remaining Princes in batches by template type.",PDV_Architecture_v3.md Section11.6 D-17
BC-0716,other,ALL,D-18 Per-Prince content-ready definition,BETA,data,NEEDS-MANUAL,No machine-checkable identifier extractable from requirement/check_hint.,"A Prince is content-ready for the 20C gate only when all Section 6 row types are authored, matrix fidelity matches PDV_DaedricRacePrinceMatrix.csv, hook source is named, pdv_content_verify is clean with no race-manifest slot collision, and firing-density sanity paragraph is present.",PDV_Architecture_v3.md Section11.6 D-18
BC-0725,other,ALL,Fallback-floor T3 capstone binding (Phase 2 static gate),BETA,esp,NEEDS-MANUAL,No machine-checkable identifier extractable from requirement/check_hint.,All ten races must have fallback-floor T3 capstone records present in the framework ESP before external beta; no race may ship without a functional capstone floor even where the preferred fiddly detection is absent.,PDV_Architecture_v3.md Sectionv3.85 addendum; references/authoring/PDV_Phase2_CapstoneSignatures.md
BC-0727,other,ALL,Framework ESP monolithic through 1.0,BETA,esp,NEEDS-MANUAL,No machine-checkable identifier extractable from requirement/check_hint.,The race ESP split (one ESP per race) must remain deferred through 1.0; the framework stays monolithic.,PDV_Architecture_v3.md Section4 v3 subsystem map row 18
BC-0731,other,ALL,Lorkhan family,BETA,esp,NEEDS-MANUAL,No machine-checkable identifier extractable from requirement/check_hint.,"Shor, Sep, Lorkhaj, and Lorkhan must remain as separate culturally specific records; do not collapse them into one row even where theology overlaps.",PDV_Architecture_v3.md Section3.3 Contested lore items
BC-0736,other,ALL,No beta-feel claim until all ten races + sixteen Princes,BETA,data,NEEDS-MANUAL,No machine-checkable identifier extractable from requirement/check_hint.,No beta-feel readiness claim may be made until all ten playable races plus all sixteen Skyrim-present Daedric Princes are represented in the readiness evidence.,references/authoring/PDV_PreBetaRaceGateLedger.md Global Stop Conditions
BC-0738,other,ALL,No Daedric runtime promotion without D-18 + CAT-6 + runtime proof,BETA,data,NEEDS-MANUAL,No machine-checkable identifier extractable from requirement/check_hint.,"No Daedric runtime promotion wave may proceed until the locked D-18 per-Prince content-ready checklist, CAT-6 target readback, and runtime/display proof are complete for the relevant Prince.",references/authoring/PDV_PreBetaRaceGateLedger.md Global Stop Conditions (Daedric 20C)
BC-0739,other,ALL,No external beta until race Pass/Conditional,BETA,data,NEEDS-MANUAL,No machine-checkable identifier extractable from requirement/check_hint.,No external race playfeel testing may begin until the race records Pass or a scoped Conditional verdict in PDV_PreBetaRaceGateLedger.md.,references/authoring/PDV_PreBetaRaceGateLedger.md Global Stop Conditions
BC-0740,other,ALL,No scan-only quest source promotion,BETA,data,NEEDS-MANUAL,No machine-checkable identifier extractable from requirement/check_hint.,No scan-only quest candidate may be promoted to a live FormList source without explicit quest/stage/outcome readback approval per PDV_Phase20_AllRaceSourceCuration_Runbook.md.,references/authoring/PDV_PreBetaRaceGateLedger.md Global Stop Conditions
BC-0745,other,ALL,Quest-reaction matrix calibration,BETA,data,NEEDS-MANUAL,No machine-checkable identifier extractable from requirement/check_hint.,"Quest-reaction matrix cell counts are LOCKED as authored; pacing is tuned later via milestone VALUE changes only, never by re-editing milestone counts.",AGENTS.md memory/quest-reaction-matrix-calibration.md; PDV_Architecture_v3.md Sectionv3.91 current addendum
BC-0755,other,Altmer,Trinimac / Altmer path,BETA,data,NEEDS-MANUAL,No machine-checkable identifier extractable from requirement/check_hint.,"Trinimac must be included as an Altmer-native specialist worship target for martial virtue, civilisational defence, and Thalmor Orthodox play; it may only be made content-ready when the Thalmor Orthodox Altmer lane is being built.",PDV_Architecture_v3.md Section3.3 Contested lore items
BC-0764,other,Orc,Malacath / Mauloch dual classification,BETA,esp,NEEDS-MANUAL,No machine-checkable identifier extractable from requirement/check_hint.,"Malacath must be dual-coded: Daedric Prince for non-Orsimer taxonomy, Orsimer ancestor/core god as Mauloch for Orc handling; stigma and rivalry logic must branch by race.",PDV_Architecture_v3.md Section3.3 Contested lore items
BC-0765,other,Orc,Trinimac / Orc path,BETA,esp,NEEDS-MANUAL,No machine-checkable identifier extractable from requirement/check_hint.,"For Orcs, Trinimac must remain TABOO fringe pressure only; it must not be a normal Orc core path or fourth Orc lane.",PDV_Architecture_v3.md Section3.3 Contested lore items
BC-0261,record_flag,Redguard,PDV_Deity_Arkay Redguard stance reconciliation (infra only),BETA,esp,WAIVED,missing: RouteDunmerAsh | TELEMETRY-STUB (no piety sink within depth 2): RouteRedguardAshAbahDeathDuty [WAIVED: Contract invented function names (RouteDunmerAsh],PDV_Deity_Arkay (Imperial-owned) must have Stance_Redguard added via --reconcile-shared-deity as fallback death-rite infrastructure only; Redguard worship piety must NOT route to Arkay; Survey/copy must say Tu'whacca.,PDV_RedguardRewardRecords.spec.json Section reusedDeities Arkay entry
BC-0485,neglect,Nord,PDV_SPEL_Neglect_Kyne (reused),BETA,esp,WAIVED,missing: PDV_SPEL_Neglect_Nord [WAIVED: Negative assertion: the requirement is that PDV_SPEL_Neglect_Nord must NOT exist (Nord reuses PDV_SPEL_Neglect_Kyne],PDV_SPEL_Neglect_Kyne (existing wired neglect spell) must be reused for Nord; no new Nord neglect spell must be created for Shor/Tsun/Stuhn or the Nine Divines lane.,PDV_NordRewardRecords.spec.json Section neglect designNote
BC-0053,signal_channel,Breton,Knight's Road - Justice family (K2: charity/aid),FUTURE,source,FUTURE,"1.0/V2 tier; tracked, not gated.",Breton Knight's Road must have bonus topper signal K2 for charity and aid (curated vanilla beggar-dialogue Adjust; quest-resolution Adjust on no-reward favors); shares the 1.5/day cap.,PDV_TriggerTopups_Exchange_KnightsRoad.md - B. Breton - Knight's Road: the Justice family - K2
BC-0081,signal_channel,Khajiit,Caravan commerce anti-farm,FUTURE,source,FUTURE,"1.0/V2 tier; tracked, not gated.","Buying or selling with Khajiit caravan merchants (Ma'dran, Ri'saad, Ahkari, Khaara) must use a daily cap per caravan encounter; NPC schedules must be accounted for (signal fires per caravan encounter, not per dialogue line).",PDV_RaceDesign_Khajiit.md -- Signal Examples / caravan commerce + Implementation flags
BC-0159,part_b_profile,Argonian,Tier B enrichment (deferred custom ritual hooks),FUTURE,data,FUTURE,"1.0/V2 tier; tracked, not gated.","Custom Argonian ritual hooks (meditation at specific locations, ritual behavior) are deferred to post-launch enrichment; vanilla core must be built and assessed first; do not build custom content infrastructure in 1.0.",PDV_RaceDesign_Argonian.md -- Implementation flags / Tier B enrichment
BC-0164,part_b_profile,Breton,Vigilant pressure extension (WitchcraftExposure),FUTURE,source,FUTURE,"1.0/V2 tier; tracked, not gated.","A light Vigilant pressure encounter inspired by the disabled Daedric-artifact confrontation is OPTIONAL for 1.0: if built, gate behind Known or Notorious, require recent major occult signal, use long cooldowns, one-shot pressure only. Do not use vanilla crime-gold bounty for WitchcraftExposure.",PDV_RaceDesign_Breton.md -- Hidden Art: strong 1.0 hooks (Vigilant pressure extension note)
BC-0179,part_b_profile,Orc,Trinimac (non-standard),FUTURE,data,FUTURE,"1.0/V2 tier; tracked, not gated.",Trinimac must NOT be implemented as a normal player-selectable Orc path in 4E 201; may be available as a rare exceptional ideological pressure or fringe alternative only; it is not a core Orc lane in 1.0.,PDV_RaceDesign_Orc.md -- Trinimac (LOCKED as non-standard)
BC-0180,part_b_profile,Redguard,Ash'abah social stigma content,FUTURE,source,FUTURE,"1.0/V2 tier; tracked, not gated.",Ash'abah social stigma (Redguard NPC reaction lines + status text conditioned on Ash'abah state) may ship as a light authored layer for 1.0 if custom dialogue is in scope; must NOT use service penalties; full dynamic social treatment is post-1.0.,PDV_RaceDesign_Redguard.md -- Build-facing hook table / Ash'abah social stigma
BC-0269,reward_tier,ALL,Azura,FUTURE,esp,FUTURE,"1.0/V2 tier; tracked, not gated.","Azura must have authored and CAT-6-promoted boon SPELs at Seeker (ResistMagic +5), Devoted (MagickaRateMult +8), and Champion (MagickaRateMult +12) tiers with matching MGEF records.","PDV_DaedricPrinceRecordContracts.json, Azura boons array; PDV_DaedricContent_Manifest.md Section 7.1"
BC-0271,reward_tier,ALL,Boethiah,FUTURE,esp,FUTURE,"1.0/V2 tier; tracked, not gated.","Boethiah must have authored and CAT-6-promoted boon SPELs at Seeker (PDV_Bless_Daedric_Boethiah_Seeker), Devoted (PDV_Bless_Daedric_Boethiah_Devoted), and Champion (PDV_Bless_Daedric_Boethiah_Champion) tiers with matching MGEF records.","PDV_DaedricPrinceRecordContracts.json, Boethiah boons array; PDV_DaedricContent_Manifest.md Section 6.2"
BC-0281,reward_tier,ALL,Mephala,FUTURE,esp,FUTURE,"1.0/V2 tier; tracked, not gated.","Mephala must have authored and CAT-6-promoted boon SPELs at Seeker (Sneak +5), Devoted (Pickpocket +8), and Champion (Pickpocket +12) tiers.","PDV_DaedricPrinceRecordContracts.json, Mephala boons array; PDV_DaedricContent_Manifest.md Section 7.2"
BC-0282,reward_tier,ALL,Meridia,FUTURE,esp,FUTURE,"1.0/V2 tier; tracked, not gated.","Meridia must have authored and CAT-6-promoted boon SPELs at Seeker (Restoration +5), Devoted (ResistDisease +8), and Champion (ResistDisease +12) tiers with tolerated stigma class (PDV_GLO_Daedric_Meridia_Stigma).","PDV_DaedricPrinceRecordContracts.json, Meridia boons/stigmaClass; PDV_DaedricContent_Manifest.md Section 7.4"
BC-0283,reward_tier,ALL,Molag Bal,FUTURE,esp,FUTURE,"1.0/V2 tier; tracked, not gated.","Molag Bal must have authored and CAT-6-promoted boon SPELs at Seeker (Speechcraft +5), Devoted (Illusion +8), and Champion (Illusion +12) tiers; stigmaClass must be Curse-access, not Standard.","PDV_DaedricPrinceRecordContracts.json, Molag Bal boons/stigmaClass; PDV_DaedricContent_Manifest.md Section 7.15"
BC-0286,reward_tier,ALL,Reward surfacing boundary (non-voiced V1),FUTURE,data,FUTURE,"1.0/V2 tier; tracked, not gated.","Reward text must surface only through spell/effect descriptions, Survey/status, notifications, message boxes, MCM, books/notes, shrine/service gates, or Prisma; no voiced dialogue in V1.",PDV_Phase20_RewardRecordContracts.json -- dialogueBoundary field
BC-0287,reward_tier,ALL,T2 and T3 reward records gate,FUTURE,data,FUTURE,"1.0/V2 tier; tracked, not gated.","Reward tuning or tier expansion beyond the current all-race T1 contract is blocked until each race has a completed row in PDV_RaceEffectReviewLedger.md naming floor effect family, ceiling effect family, magnitude range, conditions, grant/removal owner, stack cap, Survey copy, rejected hooks, curse/Daedric interaction, and manual feel note.",PDV_RaceEffectReviewLedger.md -- Holistic Review Hook section and Review Rules
BC-0288,reward_tier,ALL,Vaermina,FUTURE,esp,FUTURE,"1.0/V2 tier; tracked, not gated.","Vaermina must have authored and CAT-6-promoted boon SPELs at Seeker (Illusion +5), Devoted (Sneak +8), and Champion (Sneak +12) tiers.","PDV_DaedricPrinceRecordContracts.json, Vaermina boons array"
BC-0305,reward_tier,Argonian,Community Champion,FUTURE,source,FUTURE,"1.0/V2 tier; tracked, not gated.","Saxhleel Bond: helping Argonians gives doubled piety at Devoted; friendly Argonian follower/story NPC present gives +8 armor rating; maximum recognition at Windhelm Assemblage and Riften Docks (special dialogue, community-elder access).",PDV_RaceDesign_Argonian.md -- Tier 3 / Community Champion
BC-0321,reward_tier,Bosmer,Exchange Tier 3,FUTURE,source,FUTURE,"1.0/V2 tier; tracked, not gated.",Balance Restored: completing debt-settling/vengeance/justice quest awards 24h +15% XP gain in one relevant skill; proportionate kill gives minor stamina regen per kill; honest commerce gives brief speech boost; Z'en recognition dialogue in merchant and justice contexts.,PDV_RaceDesign_Bosmer.md -- The Exchange Tier 3
BC-0323,reward_tier,Bosmer,Living Story Tier 3,FUTURE,source,FUTURE,"1.0/V2 tier; tracked, not gated.","Storyteller's Weight: special Tier 3 privilege dialogue at memory/history/community nodes; after quest preserving something, brief all-skills minor boost 24h; speech +10% cumulative; community-restoration quests double piety; nature sites give stronger piety.",PDV_RaceDesign_Bosmer.md -- Living Story Tier 3
BC-0346,reward_tier,Dunmer,Mephala Champion,FUTURE,source,FUTURE,"1.0/V2 tier; tracked, not gated.",Mephala Tier 3: Thieves Guild membership generates strong piety; protecting Dunmer refugee communities (Grey Quarter) generates maximum piety; information-adjacent acts give 5% bonus gold; poison resistance 20%; special dialogue access in hidden/exile Dunmer communities.,PDV_RaceDesign_Dunmer.md -- Tier 3 Devoted / Mephala focus
BC-0365,reward_tier,Imperial,Talos (Imperial focused),FUTURE,source,FUTURE,"1.0/V2 tier; tracked, not gated.","Tier 3: shout recharge +15% total; in Stormcloak zones or after major defiance acts, brief stamina/health regen surge; at Open Defiant, Thalmor encounters trigger known-defier dialogue flag; defiant worship at hidden shrines generates maximum piety.",PDV_RaceDesign_Imperial.md -- Tier 3 Devoted / Talos
BC-0392,reward_tier,Nord,"Nord spec R5 rework: Shor, Tsun, Stuhn new focusable deities",FUTURE,data,FUTURE,"1.0/V2 tier; tracked, not gated.","Nord spec R5 must create 3 new deity QUSTs (Shor, Tsun, Stuhn) each with 3 new T1/T2/T3 reward records, plus the corresponding Nord spec rework; existing capstone signatures for these deities are DRAFT pending this rework.",PDV_Phase2_CapstoneSignatures.md -- Nord section note (Flag 2 Nord R5 drift)
BC-0415,reward_tier,Redguard,Ash'abah Champion,FUTURE,source,FUTURE,"1.0/V2 tier; tracked, not gated.","Tu'whacca Champion (Ash'abah): after draugr boss/Hall of Dead/necromancer operation completion, 48h Tu'whacca blessing fires (+5 health/stamina/magicka regen per hour); tomb sites give ancestor-presence flavor notification; Hall of Dead NPCs give recognition privilege/special dialogue/free services; undead damage resist 25% cumulative.",PDV_RaceDesign_Redguard.md -- Tier 3 Ash'abah / Tu'whacca Champion
BC-0567,curse_daedric,Breton,Green Way Druidic Trial,FUTURE,source,FUTURE,"1.0/V2 tier; tracked, not gated.","First werewolf transformation for a Green Way Breton must fire a one-time Druidic Trial dialogue: 'beast serves the Green' resumes Y'ffre at full rate (Hircine unavailable) vs 'Hircine's gift' (Druidic fork betrayal pressure begins, Hircine drift starts, WitchcraftExposure rises).",PDV_RaceDesign_Breton.md -- Druidic Trial details (Green Way + Werewolf only)
BC-0608,surfacing,ALL,ASCII text rule,FUTURE,data,FUTURE,"1.0/V2 tier; tracked, not gated.","All player-facing strings in MCM, dialogue, notifications, books, and message boxes must be ASCII only -- no curly quotes, em dashes, ellipses, bullets, or multibyte punctuation",PDV_Architecture_v3.md Section2 Invariants Section6 Player-facing strings are ASCII; Section25.7
BC-0635,surfacing,ALL,V1 recognition surface (Survey/status text),FUTURE,runtime-status,FUTURE,"1.0/V2 tier; tracked, not gated.",Every race must expose a Champion Survey/status text as the V1 recognition surface at T3; voiced NPC recognition lines are V2-deferred per PDV_RecognitionDialogueScalePacket.md for all races.,PDV_RaceContractTemplate.md Section Surfacing; PDV_ImperialRewardRecords.spec.json Section v1RecognitionSurface; all per-race specs Section v1RecognitionSurface
BC-0668,surfacing,Imperial,Imperial V1 recognition surface,FUTURE,runtime-status,FUTURE,"1.0/V2 tier; tracked, not gated.","Imperial Champion Survey/status text must exist as the V1 recognition surface; civic Survey must report ConcordatStanding band, public/private Talos pressure tilt, repair gate, active patron, and curse posture; voiced NPC recognition is V2-deferred.",PDV_ImperialRewardRecords.spec.json Section v1RecognitionSurface
BC-0701,other,ALL,All 16 Daedric Princes,FUTURE,data,FUTURE,"1.0/V2 tier; tracked, not gated.","V1 scope is non-voiced only; voiced dialogue, INFO records, scenes, packages, and generated dialogue graph work must not be authored or promoted in the current 1.0 build track.","PDV_DaedricBatch0_D18ProofLedger.md 'V1 remains non-voiced only. Dialogue, INFO, scene, package, and generated dialogue graph work stay out of this packet'"
BC-0702,other,ALL,Altmer Exiled vampire post-vampire flavor,FUTURE,data,FUTURE,"1.0/V2 tier; tracked, not gated.","Post-vampire Exiled Altmer path flavor is classified as enhancement custom content (improves experience, not required for core function) and is explicitly deferred unless the Exiled vampire source/record wiring is runtime-proven first.",PDV_Architecture_v3.md Section21.2 Custom content priority classification (LOCKED)
BC-0705,other,ALL,Arngeir/Kynareth dialogue privilege pilot (V2),FUTURE,esp,FUTURE,"1.0/V2 tier; tracked, not gated.","The Arngeir/Kynareth spoken NPC dialogue recognition for Nord Kyne Champion is deferred to V2; the non-voiced privilege gate (shrine, disposition, threshold) may ship in V1.",PDV_Architecture_v3.md Section9.4 Privilege pilot; Section21.3
BC-0706,other,ALL,Breton full wiring (P2 audit-only lane),FUTURE,data,FUTURE,"1.0/V2 tier; tracked, not gated.","Breton full tradition-track wiring (Knight's Road, Hidden Art, Green Way runtime proof, WitchcraftExposure writes, KnightlyVowIntegrity writes) is deferred until P1 scaling spine (Altmer, Khajiit, Argonian, Orc, Redguard, Bosmer) delivers stack and ceiling evidence.",PDV_TargetEndStates_1.0.md Section1.0 Acceptance Tracker; references/authoring/PDV_PreBetaRaceScalingSpine.md
BC-0708,other,ALL,CAT-6 broad string promotion (beyond pilot),FUTURE,data,FUTURE,"1.0/V2 tier; tracked, not gated.","Mass CAT-6 string promotion and mass recognition must wait until the pilot gate clears: PDV_Bless_Khajiit_Lunar_T1 runtime/Active Effects proof, Survey clarity, stack behavior, and balance feel must all pass.",PDV_TargetEndStates_1.0.md Recognition/dialogue scaling paragraph; references/authoring/PDV_CAT6PromotionPilot.md
BC-0709,other,ALL,Custom race soft-compat hook,FUTURE,data,FUTURE,"1.0/V2 tier; tracked, not gated.",Custom-race soft-compat hook (allowing a custom race plugin to declare its PDV devotional identity) is deferred post-1.0 unless a concrete patch target appears sooner.,PDV_Architecture_v3.md Section3.2 Architecturally deferred; Section23 post-1.0
BC-0717,other,ALL,D-30 StorageUtil read budget hardening,FUTURE,data,FUTURE,"1.0/V2 tier; tracked, not gated.",StorageUtil read-budget performance hardening (pantheon-scale FormList iteration cost ceiling) is deferred to post-Phase 12 performance benchmarking; early Pattern Proving traces should inform scope.,PDV_Architecture_v3.md Section24 open decisions D-30
BC-0718,other,ALL,D-31 Phase 21 compat-patch packaging scope,FUTURE,data,FUTURE,"1.0/V2 tier; tracked, not gated.",D-31 (Phase 21 compat-patch packaging scope) is an open architectural decision deferred past 1.0; the offline patcher manual compat notes and core v3 implementation are current.,PDV_Architecture_v3.md Section24 open decisions D-31
BC-0719,other,ALL,Daedric display polish / final Daedric runtime promotion wave,FUTURE,data,FUTURE,"1.0/V2 tier; tracked, not gated.","No broad Daedric runtime promotion wave (Active Effects display, save/load, stack/Survey legibility) may be claimed complete until controlled in-game display proof, live organic sender proof, wrong/generic-source silence, and deeper Hircine/Molag Bal curse-access checks pass for each Prince.",PDV_Architecture_v3.md Sectionv3.80 addendum; PDV_TargetEndStates_1.0.md Daedric full-content readiness paragraph
BC-0720,other,ALL,Daedric runtime organic sender proof (all sixteen Princes),FUTURE,data,FUTURE,"1.0/V2 tier; tracked, not gated.","Runtime proof for the sixteen exact organic vanilla quest-stage senders (Boethiah DA02/100, Azura DA01/100, Vaermina DA16/190, Meridia DA09/500, Molag Bal DA10/200, Mephala DA08/60, Malacath DA06/200, Dagon DA07/100, Sheogorath DA15/200, Namira DA11/100, Sanguine DA14/200, Clavicus DA03/200, Hermaeus Mora DA04/100, Nocturnal TG09/200, Peryite DA13/100, Hircine DA05/100) is deferred as future in-game work.",PDV_Architecture_v3.md Sectionv3.90 addendum; PDV_TargetEndStates_1.0.md Daedric full-content readiness
BC-0721,other,ALL,Daedric wrong/generic-source silence proof,FUTURE,data,FUTURE,"1.0/V2 tier; tracked, not gated.",Wrong-origin and generic-source silence proof for all sixteen Daedric Princes (non-Prince piety sources must not feed Daedric path scoring) is deferred as future in-game evidence.,PDV_Architecture_v3.md Sectionv3.80 addendum; PDV_TargetEndStates_1.0.md
BC-0722,other,ALL,DLL plugins authored by PDV,FUTURE,data,FUTURE,"1.0/V2 tier; tracked, not gated.",PDV must not author any DLL plugins for V1.,PDV_Architecture_v3.md Section21.3 Explicit non-goals for 1.0
BC-0723,other,ALL,Experience Mode (Pilgrim's Path / Wayfarer's Path),FUTURE,data,FUTURE,"1.0/V2 tier; tracked, not gated.","Experience Mode (two-mode difficulty toggle: Pilgrim's Path default, Wayfarer's Path easy) is design-locked but not implemented; it must not ship in 1.0 until PDV_ModePreset, PDV_GLO_Mode, MCM surfacing, manager scalars, ActionRouter cheap-repeatable handling, verifier readback, and two-mode runtime smoke are all complete.",PDV_TargetEndStates_1.0.md Experience Mode paragraph; PDV_Architecture_v3.md Sectionv3.78 addendum
BC-0726,other,ALL,Final world placement (all races),FUTURE,data,FUTURE,"1.0/V2 tier; tracked, not gated.","Final immersive world placement of proof/trigger objects outside QASmoke is deferred for all six Phase 20 proof packets (Altmer, Argonian, Orc, Redguard, Khajiit, Bosmer) and for Breton, Dunmer, Imperial, and Nord; QASmoke placement is proof-of-route only.",PDV_TargetEndStates_1.0.md 1.0 Acceptance Tracker; PDV_Architecture_v3.md Sectionv3.71/v3.75 addenda
BC-0728,other,ALL,Hard Survival/Requiem dependency,FUTURE,esp,FUTURE,"1.0/V2 tier; tracked, not gated.",PDV must not ship with a hard Survival Mode or Requiem dependency in V1.,PDV_Architecture_v3.md Section21.3 Explicit non-goals for 1.0
BC-0730,other,ALL,Localization,FUTURE,data,FUTURE,"1.0/V2 tier; tracked, not gated.",All player-facing strings ship as ASCII English in V1; a second-pass localization effort is deferred to post-1.0; the architecture supports it via string-table externalization.,PDV_Architecture_v3.md Section23 Open architectural decisions deferred past 1.0
BC-0733,other,ALL,MCM Player-tab copy (sections 16.1/16.4),FUTURE,data,FUTURE,"1.0/V2 tier; tracked, not gated.",The MCM player-tab copy referenced in PDV_TargetEndStates_1.0.md sections 16.1 and 16.4 is deferred-with-dependency and must not be treated as a blocking V1 requirement.,PDV_TargetEndStates_1.0.md 1.0 Acceptance Tracker deferred-with-dependency note
BC-0734,other,ALL,Multi-character cross-save patron memory,FUTURE,data,FUTURE,"1.0/V2 tier; tracked, not gated.",Cross-save persistence of patron memory between characters is explicitly deferred post-1.0; each save is independent.,PDV_Architecture_v3.md Section23 Open architectural decisions deferred past 1.0
BC-0742,other,ALL,Original multi-stage questlines,FUTURE,data,FUTURE,"1.0/V2 tier; tracked, not gated.",No original multi-stage questlines may be built for V1; only existing gameplay loops and CK-gated interactions are in scope for 1.0.,PDV_Architecture_v3.md Section21.3 Explicit non-goals for 1.0
BC-0743,other,ALL,Phase 21 compatibility package (CAT-6 Phase 21 compat),FUTURE,data,FUTURE,"1.0/V2 tier; tracked, not gated.","Phase 21 Authoria-first compatibility package (accepted Authoria/ARR integration-test, six other Bordello target lists patch-packaged) must wait until the mod's full content surface is stable enough to test against modlists.",PDV_TargetEndStates_1.0.md Section1.0 Compatibility Gate; PDV_Architecture_v3.md Section21 Phase 21 row
BC-0744,other,ALL,Post-1.0 patron switching / rupture / restoration feature,FUTURE,source,FUTURE,"1.0/V2 tier; tracked, not gated.",In-world patron switching / reorientation must not be built for V1; it is explicitly deferred as a post-1.0 explicit rupture/restoration feature.,PDV_Architecture_v3.md Section12 patron commitment Section12.4 multi-offer; Section16.4
BC-0746,other,ALL,Quest-reaction matrix Papyrus/ESP wiring,FUTURE,data,FUTURE,"1.0/V2 tier; tracked, not gated.","The quest-reaction matrix Papyrus and ESP wiring (ApplyDeityReaction award, PDV_PlayerEvents RegisterForQuestStage hooks, and Part C2 race-stance modulation) is deferred as the next Codex implementation wave; design is frozen as data.",PDV_Architecture_v3.md Sectionv3.91 addendum Section5.8
BC-0747,other,ALL,Recognition dialogue scale packet (39 PDV_Dlog_*_Recognition stubs),FUTURE,esp,FUTURE,"1.0/V2 tier; tracked, not gated.",All 39 PDV_Dlog_*_Recognition dialogue stub records across the roster are deferred to V2; PDV_RecognitionDialogueScalePacket.md is a V2-flagged planning document.,PDV_Architecture_v3.md Section21.3; v3.77 addendum
BC-0748,other,ALL,SPID runtime distribution,FUTURE,data,FUTURE,"1.0/V2 tier; tracked, not gated.",SPID (Spell Perk Item Distributor) must remain deferred for PDV NPC/base-actor distribution; the offline patcher owns NPC/base-actor distribution unless a runtime-only feature proves the need.,PDV_Architecture_v3.md Section20.1 Compatibility tools SectionSPID
BC-0749,other,ALL,v1 save storage migration path,FUTURE,data,FUTURE,"1.0/V2 tier; tracked, not gated.",A formal v1-to-v2/v3 save migration path (beyond the documented PDV_GLO_DevotionLevel dead-global and Kyne piety reseed) must be treated as a save-game gotcha to document in the mod page changelog at 1.0; no active migration script is required.,PDV_Architecture_v3.md Section3.2 Architecturally deferred; storage migration
BC-0750,other,ALL,V1 voiced NPC dialogue non-goal,FUTURE,esp,FUTURE,"1.0/V2 tier; tracked, not gated.","V1 must ship no voiced NPC dialogue; all NPC spoken dialogue (Phase 11 privilege/restoration/recognition families, Arngeir/Kynareth pilot, Phase 18 Nord recognition quartet Froki/Heimskr/Andurs/Aela, and 39 PDV_Dlog_*_Recognition stubs) is deferred to V2.",PDV_Architecture_v3.md Section21.3 Explicit non-goals for 1.0
BC-0751,other,ALL,Vanilla shrine activator script replacement,FUTURE,esp,FUTURE,"1.0/V2 tier; tracked, not gated.",PDV must not replace vanilla shrine activator base scripts; prefer per-reference co-attachment or overlay receiver patterns.,PDV_Architecture_v3.md Section21.3; Section9.4
BC-0752,other,Altmer,Runil recognition (Altmer Auri-El crisis/recovery),FUTURE,esp,FUTURE,"1.0/V2 tier; tracked, not gated.",Runil as Altmer Auri-El crisis/recovery recognition NPC is deferred to V2; V1 uses Survey/status or another non-voiced fallback surface.,PDV_Architecture_v3.md Sectionv3.72 addendum; PDV_TargetEndStates_1.0.md Voiced Content Scope section
BC-0754,other,Altmer,Talos/Thalmor Altmer crisis row,FUTURE,data,FUTURE,"1.0/V2 tier; tracked, not gated.",Talos/Thalmor contradiction must remain deferred as an optional additional crisis row for Altmer; it is not part of the current four-row crisis list and must not be implemented until explicitly restored.,PDV_Architecture_v3.md Sectionv3.72/v3.74 addendum; references/authoring/PDV_PreBetaRaceGateLedger.md Altmer content-lock reconciliation
BC-0756,other,Bosmer,Green Pact per-item feedback (tag layer Section17.7a),FUTURE,data,FUTURE,"1.0/V2 tier; tracked, not gated.","Full Green Pact per-item feedback (item tagging for plant-based consumables, firewood, flora, potions, and ingredients) is deferred until Living Story/Exchange/Bandit Road path hook proof is complete; broad plant detection must not ship without tag evidence.",PDV_TargetEndStates_1.0.md 1.0 Acceptance Tracker deferred-with-dependency note; references/authoring/PDV_PreBetaRaceGateLedger.md Bosmer rejected hooks
BC-0758,other,Dunmer,Dunmer full wiring (P2 audit-only lane),FUTURE,data,FUTURE,"1.0/V2 tier; tracked, not gated.","Dunmer full Reclamation focus wiring, portable ash-prayer/home rite hook contracts, and deviation-price runtime proof are deferred until P1 scaling spine delivers stack evidence.",references/authoring/PDV_PreBetaRaceGateLedger.md Dunmer; references/authoring/PDV_PreBetaRaceScalingSpine.md
BC-0759,other,Imperial,Imperial full wiring (P2 audit-only lane),FUTURE,data,FUTURE,"1.0/V2 tier; tracked, not gated.","Imperial full civic service hook contracts, public/private Talos pressure proof, and focused-patron civic hook wiring are deferred until P1 scaling spine delivers stack evidence.",references/authoring/PDV_PreBetaRaceGateLedger.md Imperial; references/authoring/PDV_PreBetaRaceScalingSpine.md
BC-0762,other,Nord,Froki/Heimskr/Andurs/Aela recognition dialogue,FUTURE,esp,FUTURE,"1.0/V2 tier; tracked, not gated.","The four Phase 18 Nord NPC recognition dialogue chains (Froki, Heimskr, Andurs, Aela) must be disabled or removed from the V1 release ESP; their verifier assertions move to V2 scope.",PDV_TargetEndStates_1.0.md Phase 18A/B runtime closeout; PDV_Architecture_v3.md Section21.3
BC-0763,other,Nord,Nord full stack audit (P2 audit-only lane),FUTURE,data,FUTURE,"1.0/V2 tier; tracked, not gated.","Nord full dense-hook rejection audit, Hircine/Kyne/Talos stack check, and over-trigger evidence are deferred until stack snapshots and immersive hook proof are recorded.",references/authoring/PDV_PreBetaRaceGateLedger.md Nord; references/authoring/PDV_PreBetaRaceScalingSpine.md
BC-0001,signal_channel,ALL,All 16 Daedric Princes,BETA,esp,PASS,All checkable identifiers present.,"A generic-source silence probe (PDV_REFR_Daedric_GenericSilenceProbe_QASmoke, route-201) must exist and return silence when triggered, confirming no generic-source leakage fires a Daedric commitment signal.","PDV_AllRaceDaedricBetaReadinessLedger.md, Evidence Baseline 'Daedric controlled sender surface'"
BC-0002,signal_channel,ALL,Azura,BETA,esp,PASS,All checkable identifiers present.,Azura organic commitment signal must fire at DA01 quest stage 100 (The Black Star completion) and route through PDV_FLST_Daedric_AzuraLiveSources FormList.,"PDV_AllRaceDaedricBetaReadinessLedger.md, Evidence Baseline 'Daedric exact organic live senders'"
BC-0003,signal_channel,ALL,Boethiah,BETA,esp,PASS,All checkable identifiers present.,Boethiah organic commitment signal must fire at DA02 quest stage 100 (Boethiah's Calling completion) and route through PDV_FLST_Daedric_BoethiahLiveSources FormList wired on PDV_PlayerEvents alias.,"PDV_AllRaceDaedricBetaReadinessLedger.md, Evidence Baseline 'Daedric exact organic live senders'; Ledger batch table 'Pilot already drafted' row"
BC-0004,signal_channel,ALL,Clavicus Vile,BETA,esp,PASS,All checkable identifiers present.,Clavicus Vile organic commitment signal must fire at DA03 quest stage 200 (A Daedra's Best Friend completion) and route through PDV_FLST_Daedric_ClavicusLiveSources FormList.,"PDV_AllRaceDaedricBetaReadinessLedger.md, Evidence Baseline 'Daedric exact organic live senders'"
BC-0005,signal_channel,ALL,Hermaeus Mora,BETA,esp,PASS,All checkable identifiers present.,Hermaeus Mora organic commitment signal must fire at DA04 quest stage 100 (Discerning the Transmundane/Oghma Infinium completion) and route through PDV_FLST_Daedric_HermaeusLiveSources FormList.,"PDV_AllRaceDaedricBetaReadinessLedger.md, Evidence Baseline 'Daedric exact organic live senders'"
BC-0006,signal_channel,ALL,Hircine,BETA,esp,PASS,All checkable identifiers present.,"Hircine organic commitment signal must fire at DA05 quest stage 100 (Ill Met by Moonlight completion / lycanthropy acquisition) and route through PDV_FLST_Daedric_HircineLiveSources FormList; curse-access path, no standard pact counting.","PDV_AllRaceDaedricBetaReadinessLedger.md, Evidence Baseline 'Daedric exact organic live senders'; PDV_Daedric_DecisionPacket_CAT4.md D-16.3"
BC-0007,signal_channel,ALL,Malacath,BETA,esp,PASS,All checkable identifiers present.,Malacath organic commitment signal must fire at DA06 quest stage 200 (The Cursed Tribe completion) and route through PDV_FLST_Daedric_MalacathLiveSources FormList.,"PDV_AllRaceDaedricBetaReadinessLedger.md, Evidence Baseline 'Daedric exact organic live senders'"
BC-0008,signal_channel,ALL,Mehrunes Dagon,BETA,esp,PASS,All checkable identifiers present.,Mehrunes Dagon organic commitment signal must fire at DA07 quest stage 100 (Pieces of the Past completion) and route through PDV_FLST_Daedric_DagonLiveSources FormList.,"PDV_AllRaceDaedricBetaReadinessLedger.md, Evidence Baseline 'Daedric exact organic live senders'"
BC-0009,signal_channel,ALL,Mephala,BETA,esp,PASS,All checkable identifiers present.,Mephala organic commitment signal must fire at DA08 quest stage 60 (Whispering Door/Ebony Blade threshold) and route through PDV_FLST_Daedric_MephalaLiveSources FormList.,"PDV_AllRaceDaedricBetaReadinessLedger.md, Evidence Baseline 'Daedric exact organic live senders'"
BC-0010,signal_channel,ALL,Meridia,BETA,esp,PASS,All checkable identifiers present.,Meridia organic commitment signal must fire at DA09 quest stage 500 (The Break of Dawn completion) and route through PDV_FLST_Daedric_MeridiaLiveSources FormList.,"PDV_AllRaceDaedricBetaReadinessLedger.md, Evidence Baseline 'Daedric exact organic live senders'"
BC-0011,signal_channel,ALL,Molag Bal,BETA,esp,PASS,All checkable identifiers present.,Molag Bal organic commitment signal must fire at DA10 quest stage 200 (House of Horrors completion/vampirism threshold) and route through PDV_FLST_Daedric_MolagLiveSources FormList.,"PDV_AllRaceDaedricBetaReadinessLedger.md, Evidence Baseline 'Daedric exact organic live senders'"
BC-0012,signal_channel,ALL,Namira,BETA,esp,PASS,All checkable identifiers present.,Namira organic commitment signal must fire at DA11 quest stage 100 (Taste of Death completion) and route through PDV_FLST_Daedric_NamiraLiveSources FormList.,"PDV_AllRaceDaedricBetaReadinessLedger.md, Evidence Baseline 'Daedric exact organic live senders'"
BC-0013,signal_channel,ALL,Nocturnal,BETA,esp,PASS,All checkable identifiers present.,Nocturnal organic commitment signal must fire at TG09 quest stage 200 (Thieves Guild/Nightingale oath completion) and route through PDV_FLST_Daedric_NocturnalLiveSources FormList; must not count toward Oblivion Walker.,"PDV_AllRaceDaedricBetaReadinessLedger.md, Evidence Baseline 'Daedric exact organic live senders'; PDV_Daedric_DecisionPacket_CAT4.md Batch 2 note"
BC-0014,signal_channel,ALL,Peryite,BETA,esp,PASS,All checkable identifiers present.,Peryite organic commitment signal must fire at DA13 quest stage 100 (The Only Cure completion) and route through PDV_FLST_Daedric_PeryiteLiveSources FormList.,"PDV_AllRaceDaedricBetaReadinessLedger.md, Evidence Baseline 'Daedric exact organic live senders'"
BC-0017,signal_channel,ALL,quest-reaction wiring - race-stance modulation,BETA,source,PASS,All checkable identifiers present and reachability clean.,Every quest-reaction piety pulse must be modulated by the player's race-stance toward the reacting deity: NATIVE = full gain/loss; FOREIGN/TOLERATED = dampened; TABOO/HOSTILE = approving act becomes stigma/penalty; CURSE-ACCESS = handled by curse layer only.,PDV_QuestReactionMatrix.md - Part C2 Race-stance modulation (CRITICAL)
BC-0018,signal_channel,ALL,Sanguine,BETA,esp,PASS,All checkable identifiers present.,Sanguine organic commitment signal must fire at DA14 quest stage 200 (A Night to Remember completion) and route through PDV_FLST_Daedric_SanguineLiveSources FormList.,"PDV_AllRaceDaedricBetaReadinessLedger.md, Evidence Baseline 'Daedric exact organic live senders'"
BC-0019,signal_channel,ALL,Sheogorath,BETA,esp,PASS,All checkable identifiers present.,Sheogorath organic commitment signal must fire at DA15 quest stage 200 (The Mind of Madness completion) and route through PDV_FLST_Daedric_SheogorathLiveSources FormList.,"PDV_AllRaceDaedricBetaReadinessLedger.md, Evidence Baseline 'Daedric exact organic live senders'"
BC-0022,signal_channel,ALL,Vaermina,BETA,esp,PASS,All checkable identifiers present.,Vaermina organic commitment signal must fire at DA16 quest stage 190 (Waking Nightmare completion) and route through PDV_FLST_Daedric_VaerminaLiveSources FormList.,"PDV_AllRaceDaedricBetaReadinessLedger.md, Evidence Baseline 'Daedric exact organic live senders'"
BC-0024,signal_channel,Altmer,Auri-El dawn,BETA,source,PASS,All checkable identifiers present and reachability clean.,Auri-El dawn acknowledgment must generate the live Altmer foundation signal once per dawn for Altmer origin before piety consolidation; this is Layer 1 always-active foundation.,PDV_RaceDesign_Altmer.md -- Positive income tags and hooks; live beta implementation uses Auri-El SIGNAL_DAWN_ACKNOWLEDGMENT
BC-0027,signal_channel,Altmer,Lorkhan Adjacency Penalty,BETA,source,PASS,All checkable identifiers present and reachability clean.,"Lorkhan pressure must fire only on authored tagged triggers through RouteAltmerLorkhanPressure and HandleAltmerLorkhanPressure, with faction modifier applied and major collisions feeding PDV_State_AltmerCrisis. Ordinary ambient Altmer existence in Skyrim must not apply pressure.",PDV_RaceDesign_Altmer.md -- Lorkhan Adjacency Penalty System + implementation economy lock; live beta implementation uses RouteAltmerLorkhanPressure and PDV_State_AltmerCrisis
BC-0028,signal_channel,Altmer,Magic school milestones,BETA,source,PASS,All checkable identifiers present and reachability clean.,Advancing an Altmer magic skill to each tier (25/50/75/100) must route the live Magnus beta signal once per skill threshold; wider Syrabane/Julianos per-skill treatment remains future design outside the current authored beta scope.,PDV_RaceDesign_Altmer.md -- Positive income tags; live beta implementation uses Magnus SIGNAL_MAGIC_MILESTONE
BC-0030,signal_channel,Argonian,Argonian Community (Layer 2),BETA,source,PASS,All checkable identifiers present and reachability clean.,"Community must award piety for: helping named Argonian NPCs (per NPC, cooldown), Windhelm Assemblage quest completion (extra-heavy weight), protecting Argonian NPC from violence (per event), Riften Docks interaction (per type, daily cap). Community must buffer low Hist relation in ProcessDawn piety multiplier.",PDV_RaceDesign_Argonian.md -- Layer 2 Collective/Community + Tier rewards
BC-0031,signal_channel,Argonian,Argonian double-route anti-farm,BETA,source,PASS,All checkable identifiers present and reachability clean.,Each Argonian devotional act must record on the substrate (PDV_Substrate_ArgonianHist via ConsumeDailyRepeatMultiplier 0.7^n) AND send a small honest piety pulse to PDV_Deity_Hist (via ScoreRepeatableAction); these two anti-farm mechanisms must never both be applied to one magnitude on the same act.,PDV_ArgonianRewardRecords.spec.json Section doubleRoute; Section R8 compliance
BC-0032,signal_channel,Argonian,Bed of choice anchor,BETA,source,PASS,All checkable identifiers present and reachability clean.,"Argonian uses one chosen community anchor via PDV_SacredPlace (MaxLocations=1); cadence target is 3 qualifying sleeps at chosen bed within rolling 30 in-game days; missing cadence removes place bonus and applies light People decay, NOT a harsh punishment.",PDV_RaceDesign_Argonian.md -- Bed of choice (LOCKED)
BC-0036,signal_channel,Argonian,Hist layer as Community multiplier,BETA,source,PASS,All checkable identifiers present and reachability clean.,"In ProcessDawn, Hist relation score must be read and applied as a multiplier to community piety before consolidation; high Hist amplifies Layer 2 community piety; very low Hist removes Champion pathway until Hist stabilized above threshold.",PDV_RaceDesign_Argonian.md -- Hist relation effect on gameplay + Implementation flags
BC-0037,signal_channel,Argonian,Hist relation maintenance,BETA,source,PASS,All checkable identifiers present and reachability clean.,"Hist relation must decay -1/dawn if no valid maintenance signal in last 3 in-game days (floor 20 non-curse); valid signals: near-water outdoor rest, meditation/rest near water-keyword locations, wading through rivers, entering swamps/wetlands. Generic quests/combat/crafting must NOT restore Hist.",PDV_RaceDesign_Argonian.md -- Hist distance rule (LOCKED) + Layer 1 Hist recovery signals
BC-0044,signal_channel,Bosmer,Old Contract (GreenPactCompliance),BETA,source,PASS,All checkable identifiers present and reachability clean.,"GreenPactCompliance meter (0-100, act-driven, no passive decay) and PactBound flag must fire ONLY when PDV_State_BosmerPath == OldContract (0); plant-based food/potions must lower GPC; meat/animal food must raise GPC; Apostate forced-reckoning timer must NOT run on LivingStory/Exchange/BanditRoad.",PDV_RaceDesign_Bosmer.md -- GreenPactCompliance State Model (LOCKED) + Implementation acceptance criteria
BC-0056,signal_channel,Breton,Standing stones (Green Way),BETA,esp,PASS,All checkable identifiers present.,"All 13 Skyrim standing stone activators must generate one-time Y'ffre-adjacent Green Way piety for Green Way Bretons (finite pool, rich early-game signal); Solstheim standing stones may provide optional later support.",PDV_RaceDesign_Breton.md -- Green Way: strong 1.0 hooks (Doomstone activator FormIDs)
BC-0057,signal_channel,Breton,WitchcraftExposure decay rule,BETA,source,PASS,All checkable identifiers present and reachability clean.,"WitchcraftExposure visible decay can return to Hidden (0) through time without visible acts (-1/day passive) and public Divine cover (-5, at most once per 7 days, requires no major occult signal for 3 days); major act HISTORY must remain for debug and future authored pressure even at Hidden.",PDV_RaceDesign_Breton.md -- Approved 1.0 lock additions (WitchcraftExposure visible decay)
BC-0071,signal_channel,Imperial,ConcordatStanding actions,BETA,source,PASS,All checkable identifiers present and reachability clean.,"Each authored action must update ConcordatStanding by documented points: hidden Talos shrine -15, help worshipper escape -15, kill Thalmor unprovoked -10, Stormcloaks -20, refuse to report -5, publicly observe ban +5, report worshipper +15, attack worshipper +15, Imperial Legion +10, escort Thalmor prisoner +10.",PDV_RaceDesign_Imperial.md -- ConcordatStanding Track action table
BC-0076,signal_channel,Khajiit,Alkosh path,BETA,source,PASS,All checkable identifiers present and reachability clean.,"Alkosh emphasis must award piety for: named dragon kills (per dragon, natural scarcity is anti-farm); main quest dragon-facing beats; anti-chaos/order-keeping quest stages. Random encounter dragons score less than named/cosmic ones.",PDV_RaceDesign_Khajiit.md -- Signal Examples (Alkosh) + Implementation notes (named vs random dragon)
BC-0088,signal_channel,Khajiit,Rajhin path,BETA,source,PASS,All checkable identifiers present and reachability clean.,"Rajhin emphasis must award piety for: elegant theft from notable targets (high-value or story-important, undetected, per target cooldown); Thieves Guild stages; story-worthy stolen items. Petty theft must NOT trigger piety spam.",PDV_RaceDesign_Khajiit.md -- Signal Examples (Rajhin) + in-game hook cross-check
BC-0089,signal_channel,Nord,Broad Nine Divines,BETA,source,PASS,All checkable identifiers present and reachability clean.,"Broad Nine Divines must award piety for Kynareth's road grace, household/mercy duty, proper death/anti-necromancy, honest work/learned craft, and Talos pressure inside the Nine -- each with daily cap or cooldown.",PDV_RaceDesign_Nord.md -- Broad Nine Divines contextual favor table
BC-0090,signal_channel,Nord,Broad Old Ways,BETA,source,PASS,All checkable identifiers present and reachability clean.,"Broad Old Ways must award piety for sky-road endurance (outdoor sleep/wilderness travel), honorable ordeal, hearth and hold defense, death-right/ancestor-quiet acts, and hidden Talos defiance -- each with a daily or cooldown anti-farm cap.",PDV_RaceDesign_Nord.md -- Broad Old Ways contextual favor table
BC-0098,signal_channel,Nord,Talos/Ysmir ConcordatStanding-equivalent,BETA,source,PASS,All checkable identifiers present and reachability clean.,"Nord Talos defiance must use curated authored signals (shrine activation, hiding worshippers, Thalmor questline beats) with per-act or cooldown cadence -- not generic anti-Thalmor violence; costly-faithful signal only triggers Noted/Marked favor.",PDV_RaceDesign_Nord.md -- Talos pressure rule + Signal Examples
BC-0099,signal_channel,Orc,City Orc,BETA,source,PASS,All checkable identifiers present and reachability clean.,"City mode must award piety for: quality labor without recognition (named craft/commission, quality threshold), dignity under mixed-society pressure (curated hostile/dismissive NPC quest outcome only -- no ambient persuasion), Orc solidarity outside the hold (named Orc NPC aid), self-made community (PDV_SacredPlace + investment events).",PDV_RaceDesign_Orc.md -- Contextual Favor Table / City Orc lanes
BC-0101,signal_channel,Orc,Legion/Exile Orc,BETA,source,PASS,All checkable identifiers present and reachability clean.,"LegionExile mode must award piety for: contract completed under pressure (Civil War/faction quest stage, completed pressure-bearing service -- membership alone is context not trigger), endurance carried privately (long quest/dungeon run, daily cap, overextension gets only tiny flavor), discipline without self-erasure (curated milestones only), exile's burden answered (PDV_SacredPlace self-made community).",PDV_RaceDesign_Orc.md -- Contextual Favor Table / Legion/Service/Exile lanes
BC-0115,signal_channel,Redguard,HoonDing make-way (Forebear/Crown),BETA,source,PASS,All checkable identifiers present and reachability clean.,"HoonDing make-way must require genuinely difficult situations: curated major quest milestones, dragons/named bosses, or severely outnumbered/outleveled combat (3+ enemies or 5+ level gap). Weekly cap applies if combat-odds detection is used. Must NOT fire from routine combat.",PDV_RaceDesign_Redguard.md -- Build-facing hook table / HoonDing make-way
BC-0118,signal_channel,Redguard,Tu'whacca devotional surface,BETA,source,PASS,All checkable identifiers present and reachability clean.,Tu'whacca devotional surface must be a permanent portable Far Shores token texture (not simply Arkay shrine use); V1 ships as the routed Far Shores token proof surface with daily-capped piety/support credit and no private/home bonus condition; Arkay shrines are fallback death-infrastructure proxy only - must NOT present as worshipping Arkay directly.,PDV_RaceDesign_Redguard.md - Tu'whacca devotional surface (LOCKED FOR 1.0)
BC-0119,part_b_profile,ALL,Akatosh,BETA,data,PASS,Part B profile present with all named tags.,"Part B profile for Akatosh must exist with approve: serve_empire_order(S), keep_oath(S), uphold_law_justice(m), disciplined_study(m); disapprove: break_oath_betray(S), sow_chaos_madness(S), serve_a_daedra:*(m).",PDV_QuestReactionMatrix.md - Part B Aedric/Divines - Akatosh
BC-0120,part_b_profile,ALL,Arkay,BETA,data,PASS,Part B profile present with all named tags.,"Part B profile for Arkay must exist with approve: honor_the_dead(C), slay_undead(C), cure_undeath(S); disapprove: necromancy(C), desecrate_the_dead(C), embrace_vampirism(S), ritual_sacrifice(m).",PDV_QuestReactionMatrix.md - Part B Aedric/Divines - Arkay
BC-0121,part_b_profile,ALL,Boethiah,BETA,data,PASS,Part B profile present with all named tags.,"Part B-2 profile for Boethiah must exist with approve: prove_by_struggle(C), murder_treacherous(S), deceit(S), honorable_duel(S), ritual_sacrifice(S), break_oath_betray(m); disapprove: cowardice(C).",PDV_QuestReactionMatrix.md - Part B-2 Daedric Princes - Boethiah
BC-0122,part_b_profile,ALL,Boethiah,BETA,source,PASS,All checkable identifiers present and reachability clean.,"Boethiah must use stigmaClass=Standard (1.0x base accrual) with per-race stigmaMod values: Nord/Imperial/Breton/Bosmer=1.25, Altmer/Orc=1.5, Dunmer=0 (native), Khajiit=0 (native-legible), Argonian/Redguard=1.0.",PDV_DaedricPrinceRecordContracts.json Boethiah stigmaClass/stigmaModByRace; PDV_Daedric_DecisionPacket_CAT4.md D-15.2
BC-0123,part_b_profile,ALL,Clavicus Vile,BETA,data,PASS,Part B profile present with all named tags.,"Part B-2 profile for Clavicus Vile must exist with approve: serve_a_daedra:clavicus(C), deceit(S); no disapprove.",PDV_QuestReactionMatrix.md - Part B-2 Daedric Princes - Clavicus Vile
BC-0124,part_b_profile,ALL,Dibella,BETA,data,PASS,Part B profile present with all named tags.,"Part B profile for Dibella must exist with approve: aesthetic_devotion(C), heal_comfort(S), charity(m), marriage_family(m); disapprove: kill_the_helpless(m). She is quest-thin by design; core signal carried by adornment faucet + Agent-of-Dibella + shrine layers.",PDV_QuestReactionMatrix.md - Part B Aedric/Divines - Dibella
BC-0125,part_b_profile,ALL,Hermaeus Mora,BETA,data,PASS,Part B profile present with all named tags.,"Part B-2 profile for Hermaeus Mora must exist with approve: forbidden_knowledge(C), disciplined_study(S), keep_secret(m); no disapprove entries.",PDV_QuestReactionMatrix.md - Part B-2 Daedric Princes - Hermaeus Mora
BC-0126,part_b_profile,ALL,Hircine,BETA,data,PASS,Part B profile present with all named tags.,"Part B-2 profile for Hircine must exist with approve: the_hunt(C), embrace_lycanthropy(C), kill_honorable_combat(S), honor_the_wild(m); disapprove: cure_undeath(S). Curse-access path.",PDV_QuestReactionMatrix.md - Part B-2 Daedric Princes - Hircine
BC-0127,part_b_profile,ALL,Julianos,BETA,data,PASS,Part B profile present with all named tags.,"Part B profile for Julianos must exist with approve: disciplined_study(C), uphold_law_justice(S), forbidden_knowledge(m); disapprove: sow_chaos_madness(S), reckless_magic(S).",PDV_QuestReactionMatrix.md - Part B Aedric/Divines - Julianos
BC-0128,part_b_profile,ALL,Kynareth,BETA,data,PASS,Part B profile present with all named tags.,"Part B profile for Kynareth must exist with approve: honor_the_wild(C), protect_the_weak(m), heal_comfort(m); disapprove: defile_nature(C), necromancy(m).",PDV_QuestReactionMatrix.md - Part B Aedric/Divines - Kynareth
BC-0129,part_b_profile,ALL,Mara,BETA,data,PASS,Part B profile present with all named tags.,"Part B profile for Mara must exist with approve: heal_comfort(C), charity(C), marriage_family(C), mercy_spare(S), protect_the_weak(m); disapprove: murder_treacherous(m), ritual_sacrifice(S), kill_the_helpless(m).",PDV_QuestReactionMatrix.md - Part B Aedric/Divines - Mara
BC-0130,part_b_profile,ALL,Mehrunes Dagon,BETA,data,PASS,Part B profile present with all named tags.,"Part B-2 profile for Mehrunes Dagon must exist with approve: sow_chaos_madness(C), kill_honorable_combat(m), murder_treacherous(m); disapprove: serve_empire_order(S), keep_oath(m).",PDV_QuestReactionMatrix.md - Part B-2 Daedric Princes - Mehrunes Dagon
BC-0131,part_b_profile,ALL,Mehrunes Dagon,BETA,source,PASS,All checkable identifiers present and reachability clean.,Mehrunes Dagon must use stigmaClass=High-rupture (about 1.5x base accrual) and reach Notorious fastest; Imperial hostility must be flagged stronger than generic Taboo due to Oblivion Crisis memory.,PDV_Daedric_DecisionPacket_CAT4.md D-15.2 High-rupture class; PDV_DaedricRacePrinceMatrix.csv Dagon Imperial cell Notes
BC-0132,part_b_profile,ALL,Mephala,BETA,data,PASS,Part B profile present with all named tags.,"Part B-2 profile for Mephala must exist with approve: deceit(C), keep_secret(C), assassination_contract(S), theft_burglary(S), murder_treacherous(S); disapprove: expose_betray_secret(S).",PDV_QuestReactionMatrix.md - Part B-2 Daedric Princes - Mephala
BC-0133,part_b_profile,ALL,Meridia,BETA,data,PASS,Part B profile present with all named tags.,"Part B-2 profile for Meridia must exist with approve: slay_undead(C), cure_undeath(S), destroy_reject_daedra:molagbal(m); disapprove: necromancy(C), desecrate_the_dead(S), embrace_vampirism(S).",PDV_QuestReactionMatrix.md - Part B-2 Daedric Princes - Meridia
BC-0135,part_b_profile,ALL,Molag Bal,BETA,data,PASS,Part B profile present with all named tags.,"Part B-2 profile for Molag Bal must exist with approve: embrace_vampirism(C), kill_the_helpless(C), murder_treacherous(S), ritual_sacrifice(S); disapprove: mercy_spare(S), protect_the_weak(m). Curse-access path.",PDV_QuestReactionMatrix.md - Part B-2 Daedric Princes - Molag Bal
BC-0136,part_b_profile,ALL,Molag Bal,BETA,source,PASS,All checkable identifiers present and reachability clean.,"Molag Bal must use stigmaClass=Curse-access; stigma accrual is driven by curse-state visibility, not per-act accrual; the High-rupture social weight reflects the curse being known.",PDV_DaedricPrinceRecordContracts.json Molag Bal stigmaClass=Curse-access; PDV_Daedric_DecisionPacket_CAT4.md D-16.1
BC-0137,part_b_profile,ALL,Namira,BETA,data,PASS,Part B profile present with all named tags.,"Part B-2 profile for Namira must exist with approve: cannibalism(C), desecrate_the_dead(S); no disapprove. Thin - supplemented by Part D faucets.",PDV_QuestReactionMatrix.md - Part B-2 Daedric Princes - Namira
BC-0138,part_b_profile,ALL,Nocturnal,BETA,data,PASS,Part B profile present with all named tags.,"Part B-2 profile for Nocturnal must exist with approve: theft_burglary(C), keep_secret(S), deceit(m); disapprove: expose_betray_secret(m).",PDV_QuestReactionMatrix.md - Part B-2 Daedric Princes - Nocturnal
BC-0139,part_b_profile,ALL,Peryite,BETA,data,PASS,Part B profile present with all named tags.,"Part B-2 profile for Peryite must exist with approve: spread_order_pestilence(C), serve_empire_order(m); disapprove: sow_chaos_madness(S). Thin - supplemented by Part D faucets.",PDV_QuestReactionMatrix.md - Part B-2 Daedric Princes - Peryite
BC-0140,part_b_profile,ALL,Sanguine,BETA,data,PASS,Part B profile present with all named tags.,Part B-2 profile for Sanguine must exist with approve: revel_indulge(C); no disapprove. Thin - supplemented by Part D faucets.,PDV_QuestReactionMatrix.md - Part B-2 Daedric Princes - Sanguine
BC-0141,part_b_profile,ALL,Sheogorath,BETA,data,PASS,Part B profile present with all named tags.,"Part B-2 profile for Sheogorath must exist with approve: sow_chaos_madness(C), reckless_magic(m), revel_indulge(m); disapprove: serve_empire_order(m), uphold_law_justice(m).",PDV_QuestReactionMatrix.md - Part B-2 Daedric Princes - Sheogorath
BC-0142,part_b_profile,ALL,Stendarr,BETA,data,PASS,Part B profile present with all named tags.,"Part B profile for Stendarr must exist with approve: mercy_spare(C), protect_the_weak(C), slay_undead(S), destroy_reject_daedra:*(S), uphold_law_justice(S), charity(m); disapprove: kill_the_helpless(C), murder_treacherous(S), serve_a_daedra:*(S), ritual_sacrifice(S).",PDV_QuestReactionMatrix.md - Part B Aedric/Divines - Stendarr
BC-0144,part_b_profile,ALL,Survey/status curse and stigma visibility,BETA,source,PASS,All checkable identifiers present and reachability clean.,"Curse, scar, Daedric, or stigma pressure must appear in Survey/status readout when relevant and must not silently replace native identity",PDV_PreBetaRaceAcceptanceRubric.md Section4 Survey And Status Legibility -- Pass requires (fourth bullet)
BC-0147,part_b_profile,ALL,Talos,BETA,data,PASS,Part B profile present with all named tags.,"Part B profile for Talos must exist with approve: defy_tyranny_talos(C), kill_honorable_combat(S), prove_by_struggle(S), protect_the_weak(m), honorable_duel(m); disapprove: cowardice(S). FILTERED for Imperials by ConcordatStanding; compliance/submission never scores gain.",PDV_QuestReactionMatrix.md - Part B Aedric/Divines - Talos
BC-0148,part_b_profile,ALL,Vaermina,BETA,data,PASS,Part B profile present with all named tags.,"Part B-2 profile for Vaermina must exist with approve: forbidden_knowledge(m), murder_treacherous(m), serve_a_daedra:vaermina(C); no disapprove.",PDV_QuestReactionMatrix.md - Part B-2 Daedric Princes - Vaermina
BC-0149,part_b_profile,ALL,Zenithar,BETA,data,PASS,Part B profile present with all named tags.,"Part B profile for Zenithar must exist with approve: honest_labor_trade(C), master_craft_forge(S), uphold_law_justice(m); disapprove: theft_burglary(S), exploit_cheat(C).",PDV_QuestReactionMatrix.md - Part B Aedric/Divines - Zenithar
BC-0150,part_b_profile,Altmer,Auri-El,BETA,data,PASS,Part B profile present with all named tags.,"Part B profile for Auri-El must exist with approve: disciplined_study(S), honor_the_dead(m), prove_by_struggle(m), uphold_law_justice(m); disapprove: serve_a_daedra:*(S), sow_chaos_madness(m).",PDV_QuestReactionMatrix.md - Part B Altmer - Auri-El
BC-0151,part_b_profile,Altmer,Magnus,BETA,data,PASS,Part B profile present with all named tags.,"Part B profile for Magnus must exist with approve: disciplined_study(C), forbidden_knowledge(m); disapprove: reckless_magic(C), sow_chaos_madness(m).",PDV_QuestReactionMatrix.md - Part B Altmer - Magnus
BC-0154,part_b_profile,Altmer,Trinimac,BETA,data,PASS,Part B profile present with all named tags.,"Part B profile for Trinimac must exist with approve: kill_honorable_combat(S), keep_oath(S), defend_kin_home(m); disapprove: serve_a_daedra:boethiah(C), break_oath_betray(S).",PDV_QuestReactionMatrix.md - Part B Altmer - Trinimac
BC-0155,part_b_profile,Altmer,Xarxes,BETA,data,PASS,Part B profile present with all named tags.,"Part B profile for Xarxes must exist with approve: disciplined_study(S), honor_the_dead(C), keep_secret(m); disapprove: desecrate_the_dead(S), sow_chaos_madness(m).",PDV_QuestReactionMatrix.md - Part B Altmer - Xarxes
BC-0157,part_b_profile,Argonian,Hist,BETA,data,PASS,Part B profile present with all named tags.,"Part B profile for Hist must exist with approve: defend_kin_home(C), honor_the_wild(S), honor_the_dead(m); disapprove: defile_nature(S), break_oath_betray(m).",PDV_QuestReactionMatrix.md - Part B Argonian - Hist
BC-0158,part_b_profile,Argonian,Sithis,BETA,data,PASS,Part B profile present with all named tags.,"Part B profile for Sithis must exist with approve: assassination_contract(C), murder_treacherous(S); disapprove: cowardice(m). High-threshold tertiary.",PDV_QuestReactionMatrix.md - Part B Argonian - Sithis
BC-0160,part_b_profile,Bosmer,Baan Dar,BETA,data,PASS,Part B profile present with all named tags.,"Part B profile for Baan Dar must exist with approve: deceit(C), theft_burglary(S), prove_by_struggle(m); disapprove: kill_the_helpless(m).",PDV_QuestReactionMatrix.md - Part B Bosmer - Baan Dar
BC-0161,part_b_profile,Bosmer,BosmerPath,BETA,esp,PASS,All checkable identifiers present.,"PDV_State_BosmerPath must use OldContract=0/LivingStory=1/Exchange=2/BanditRoad=3; first-run setup requires explicit choice; if unset or corrupt must resolve to LivingStory, never to an unset/limbo state.",PDV_RaceDesign_Bosmer.md -- Path implementation locks (LOCKED) + Implementation acceptance criteria
BC-0162,part_b_profile,Bosmer,Y'ffre,BETA,data,PASS,Part B profile present with all named tags.,"Part B profile for Y'ffre must exist with approve: green_pact(C), honor_the_wild(S), the_hunt(S), defend_kin_home(m); disapprove: defile_nature(C), green_pact(C as violation).",PDV_QuestReactionMatrix.md - Part B Bosmer - Y'ffre
BC-0163,part_b_profile,Bosmer,Z'en,BETA,data,PASS,Part B profile present with all named tags.,"Part B profile for Z'en must exist with approve: honest_labor_trade(C), uphold_law_justice(S), keep_oath(m); disapprove: exploit_cheat(S), break_oath_betray(m).",PDV_QuestReactionMatrix.md - Part B Bosmer - Z'en
BC-0165,part_b_profile,Dunmer,Infrastructure ceiling -- no impossible-task decay,BETA,source,PASS,All checkable identifiers present and reachability clean.,"Dunmer must NOT suffer passive devotion decay from absence of proper burial rites, ancestral tomb visits, or full House shrine maintenance (impossible in Skyrim); only achievable acts that player fails to perform generate decay.",PDV_RaceDesign_Dunmer.md -- Infrastructure ceiling (LOCKED)
BC-0167,part_b_profile,Khajiit,Alkosh,BETA,data,PASS,Part B profile present with all named tags.,"Part B profile for Alkosh must exist with approve: kill_honorable_combat(S), serve_empire_order(m), uphold_law_justice(m); disapprove: sow_chaos_madness(C).",PDV_QuestReactionMatrix.md - Part B Khajiit - Alkosh
BC-0168,part_b_profile,Khajiit,Azurah / Azura,BETA,data,PASS,Part B profile present with all named tags.,"Part B profile for Azurah/Azura must exist with approve: disciplined_study(m), destroy_reject_daedra:molagbal(S), honor_the_dead(m); disapprove: desecrate_the_dead(m), serve_a_daedra:molagbal(S).",PDV_QuestReactionMatrix.md - Part B Khajiit - Azurah/Azura
BC-0169,part_b_profile,Khajiit,Khajiit moon source fallback: abstract 28-day cycle,BETA,source,PASS,All checkable identifiers present and reachability clean.,"Khajiit lunar substrate must use real Masser/Secunda moon source when the detection is proven; if brittle, must fall back to an abstract 28-day fallback cycle; fallback must be built as guaranteed baseline per fallback-as-floor rule.","PDV_RaceRewardBudgetLedger.md -- Focused Pass: Khajiit, Needs verifier/proof"
BC-0170,part_b_profile,Khajiit,Khenarthi,BETA,data,PASS,Part B profile present with all named tags.,"Part B profile for Khenarthi must exist with approve: protect_the_weak(S), honor_the_wild(m), honor_the_dead(m); disapprove: kill_the_helpless(m). honor_the_dead added 2026-06-10 to repair missing death-guide aspect.",PDV_QuestReactionMatrix.md - Part B Khajiit - Khenarthi
BC-0172,part_b_profile,Khajiit,Rajhin,BETA,data,PASS,Part B profile present with all named tags.,"Part B profile for Rajhin must exist with approve: theft_burglary(C), deceit(S); disapprove: kill_the_helpless(m).",PDV_QuestReactionMatrix.md - Part B Khajiit - Rajhin
BC-0173,part_b_profile,Nord,Kyne,BETA,data,PASS,Part B profile present with all named tags.,"Part B profile for Kyne must exist with approve: the_hunt(C), honor_the_wild(S), kill_honorable_combat(S), prove_by_struggle(S), defend_kin_home(m), mercy_spare(m); disapprove: defile_nature(C), kill_the_helpless(m). Profile added 2026-06-10 to fix paired-deity equity gap.",PDV_QuestReactionMatrix.md - Part B Nord Old Ways - Kyne
BC-0174,part_b_profile,Nord,Shor,BETA,data,PASS,Part B profile present with all named tags.,"Part B profile for Shor must exist with approve: kill_honorable_combat(C), prove_by_struggle(S), honor_the_dead(m), defend_kin_home(S); disapprove: cowardice(C), murder_treacherous(S), kill_the_helpless(m).",PDV_QuestReactionMatrix.md - Part B Nord Old Ways - Shor
BC-0175,part_b_profile,Nord,Stuhn,BETA,data,PASS,Part B profile present with all named tags.,"Part B profile for Stuhn must exist with approve: mercy_spare(C), keep_oath(S), protect_the_weak(S), uphold_law_justice(m); disapprove: kill_the_helpless(C), break_oath_betray(S).",PDV_QuestReactionMatrix.md - Part B Nord Old Ways - Stuhn
BC-0177,part_b_profile,Nord,Tsun,BETA,data,PASS,Part B profile present with all named tags.,"Part B profile for Tsun must exist with approve: prove_by_struggle(C), kill_honorable_combat(S), protect_the_weak(m); disapprove: cowardice(C).",PDV_QuestReactionMatrix.md - Part B Nord Old Ways - Tsun
BC-0178,part_b_profile,Orc,Malacath,BETA,data,PASS,Part B profile present with all named tags.,"Part B profile for Malacath must exist with approve: keep_oath(C), master_craft_forge(S), kill_honorable_combat(S), defend_kin_home(S), prove_by_struggle(m); disapprove: break_oath_betray(C), cowardice(S), deceit(m).",PDV_QuestReactionMatrix.md - Part B Orc - Malacath
BC-0181,part_b_profile,Redguard,HoonDing,BETA,data,PASS,Part B profile present with all named tags.,"Part B profile for HoonDing must exist with approve: prove_by_struggle(C), defend_kin_home(S), kill_honorable_combat(m); disapprove: cowardice(S). Thin - rare/milestone only.",PDV_QuestReactionMatrix.md - Part B Redguard - HoonDing
BC-0182,part_b_profile,Redguard,Leki,BETA,data,PASS,Part B profile present with all named tags.,"Part B profile for Leki must exist with approve: honorable_duel(C), kill_honorable_combat(S); disapprove: murder_treacherous(S), cowardice(m). Thin - carried by acts.",PDV_QuestReactionMatrix.md - Part B Redguard - Leki
BC-0183,part_b_profile,Redguard,Tu'whacca,BETA,data,PASS,Part B profile present with all named tags.,"Part B profile for Tu'whacca must exist with approve: honor_the_dead(C), slay_undead(S), cure_undeath(m); disapprove: necromancy(C), desecrate_the_dead(S). Tu'whacca is Arkay-adjacent but NOT Arkay.",PDV_QuestReactionMatrix.md - Part B Redguard - Tu'whacca
BC-0185,name_resolution,Khajiit,Boethiah,BETA,esp,PASS,All checkable identifiers present.,Boethiah/Boethra name resolution: PDV_Msg_Daedric_Boethiah_Response_Khajiit must use the name 'Boethra' as the Khajiit cultural reading.,PDV_DaedricRacePrinceMatrix.csv Prince column 'Boethiah / Boethra'; PDV_DaedricPrinceRecordContracts.json Boethiah Msg_Response_Khajiit
BC-0186,name_resolution,Khajiit,Mephala,BETA,esp,PASS,All checkable identifiers present.,Mephala/Mafala name resolution: PDV_Msg_Daedric_Mephala_Response_Khajiit must use the name 'Mafala' as the Khajiit cultural reading.,PDV_DaedricRacePrinceMatrix.csv Prince column 'Mephala / Mafala'; PDV_DaedricContent_Manifest.md Section 7.2 Khajiit response note
BC-0187,name_resolution,Khajiit,Namira,BETA,esp,PASS,All checkable identifiers present.,Namira/Namiira name resolution: PDV_Msg_Daedric_Namira_Response_Khajiit must use 'Namiira' as the Khajiit cultural reading.,PDV_DaedricRacePrinceMatrix.csv Prince column 'Namira / Namiira'
BC-0188,name_resolution,Khajiit,Sanguine,BETA,esp,PASS,All checkable identifiers present.,Sanguine/Sangiin name resolution: PDV_Msg_Daedric_Sanguine_Response_Khajiit must use 'Sangiin' as the Khajiit cultural reading.,PDV_DaedricRacePrinceMatrix.csv Prince column 'Sanguine / Sangiin'
BC-0190,stance,ALL,All 16 Daedric Princes,BETA,esp,PASS,All checkable identifiers present.,"Each Daedric Prince must have per-race response MessageBoxes (PDV_Msg_Daedric_<Prince>_Response_<Race>) for every non-native race, and native-integrated races must have an explicit no-row routing note pointing to the race manifest.",PDV_DaedricContent_Manifest.md Section 2 'Per-race response'; PDV_Daedric_DecisionPacket_CAT4.md D-18 items 8-9
BC-0191,stance,ALL,Clavicus Vile,BETA,esp,PASS,All checkable identifiers present.,Clavicus Vile price descriptions must keep the bargain-backlash cost visible; the path must be distinct from Sanguine (excess) and Nocturnal (shadow oath) despite temptation overlap.,PDV_DaedricContent_Manifest.md Section 7.9 'Clavicus Vile must keep the bargain price visible in the price descriptions'
BC-0192,stance,ALL,Peryite,BETA,esp,PASS,All checkable identifiers present.,"Peryite must be kept narrow and quest-anchored; per-race responses for all ten races must be authored at Foreign or Taboo (no race has Native/Legible) and framed around affliction/low-order submission, not broad cult.",PDV_DaedricRacePrinceMatrix.csv Peryite Notes 'Good example of a Prince likely kept narrow and quest-anchored'; all races Foreign/Taboo
BC-0193,stance,ALL,Sheogorath,BETA,esp,PASS,All checkable identifiers present.,Sheogorath must be kept distinct from Sanguine and Rajhin/Baan Dar trickster energy; per-race responses must not conflate madness with benign tricksterism.,PDV_DaedricRacePrinceMatrix.csv Sheogorath Notes 'Keep distinct from Sanguine and Rajhin-style trickster energy'
BC-0195,stance,Altmer,Boethiah,BETA,esp,PASS,All checkable identifiers present.,"Altmer-Boethiah hostility is load-bearing: PDV_Msg_Daedric_Boethiah_Response_Altmer must frame the path as severe rupture (Trinimac betrayer narrative), with exit difficulty 3 and stigmaMod 1.5.",PDV_DaedricRacePrinceMatrix.csv Boethiah notes 'Hostility for Altmer and Orc is load-bearing'; PDV_DaedricPrinceRecordContracts.json Boethiah statesByRace Altmer=Hostile
BC-0196,stance,Altmer,Hircine,BETA,esp,PASS,All checkable identifiers present.,"Altmer-Hircine must be framed as Hostile ('beast regression opposes Apotheosis, almost no positive lane; cure only'); no positive route exists for Altmer on the Hircine path.",PDV_DaedricRacePrinceMatrix.csv Hircine Altmer='Hostile'
BC-0197,stance,Altmer,ThalmorAlignment,BETA,esp,PASS,All checkable identifiers present.,"ThalmorAlignment must exist as a 0-100 track using PDV_ReputationTrack; starting values: Thalmor Orthodox=75, Divine Body=50, Psijic Tradition=25; bands Low (Heterodox, 0-30), Mid (Orthodox Moderate, 31-69), High (Thalmor Devout, 70-100) with documented signal multipliers.",PDV_RaceDesign_Altmer.md -- ThalmorAlignment Track
BC-0198,stance,Argonian,Molag Bal,BETA,esp,PASS,All checkable identifiers present.,"Argonian-Molag Bal must be framed as Curse with the Hist-grief and Sithis-pressure dual note; the text must clarify that Sithis pressure does not justify the curse, only marks its gravity.",PDV_DaedricRacePrinceMatrix.csv Molag Bal Argonian='Curse'; PDV_DaedricPrinceRecordContracts.json Msg_Response_Argonian text
BC-0199,stance,Bosmer,Nocturnal,BETA,esp,PASS,All checkable identifiers present.,Bosmer-Nocturnal must be framed as Legible with Baan Dar as the native trickster core; PDV_Msg_Daedric_Nocturnal_Response_Bosmer must distinguish Baan Dar (native) from Nocturnal and note oath release as the exit.,PDV_DaedricRacePrinceMatrix.csv Nocturnal Bosmer cell; Notes 'Keep Rajhin and Baan Dar distinct from Nocturnal'
BC-0200,stance,Breton,BretonTradition,BETA,esp,PASS,All checkable identifiers present.,"PDV_State_BretonTradition must require an explicit choice (KnightsRoad=0, HiddenArt=1, GreenWay=2) with no silent fallback; setup must re-present until answered; tradition switching is not available in 1.0.",PDV_RaceDesign_Breton.md -- Worship Structure / Implementation acceptance criteria
BC-0201,stance,Dunmer,Azura,BETA,esp,PASS,All checkable identifiers present (1 native-race Daedric response message(s) correctly absent: natives worship via the patron path).,Dunmer Azura path must route through the race manifest (native-integration override); no PDV_Msg_Daedric_Azura_Response_Dunmer row should exist in the Daedric path.,PDV_DaedricContent_Manifest.md Section 7.1; PDV_DaedricRacePrinceMatrix.csv Azura/Dunmer='Native'
BC-0202,stance,Dunmer,Boethiah,BETA,esp,PASS,All checkable identifiers present (1 native-race Daedric response message(s) correctly absent: natives worship via the patron path).,Dunmer Boethiah path must route through the race manifest (Reclamation native-integration); no PDV_Msg_Daedric_Boethiah_Response_Dunmer row should exist in the Daedric path.,PDV_DaedricContent_Manifest.md Section 6.8; PDV_DaedricRacePrinceMatrix.csv Boethiah/Dunmer='Native'
BC-0204,stance,Dunmer,Mephala,BETA,esp,PASS,All checkable identifiers present (1 native-race Daedric response message(s) correctly absent: natives worship via the patron path).,Dunmer Mephala path must route through the race manifest (Reclamation native-integration); no PDV_Msg_Daedric_Mephala_Response_Dunmer row should exist in the Daedric path.,PDV_DaedricContent_Manifest.md Section 7.2; PDV_DaedricRacePrinceMatrix.csv Mephala/Dunmer='Native'
BC-0205,stance,Imperial,ConcordatStanding,BETA,esp,PASS,All checkable identifiers present.,"PDV_RepTrack_ConcordatStanding must exist as a -100 to +100 track with five bands: Open Defiant, Private Defiant, Uncommitted, Public Compliant, Concordat Enforcer; Talos piety multipliers must apply per band (x1.5/x1.25/x1.0/x0.75/x0.5).",PDV_RaceDesign_Imperial.md -- ConcordatStanding Track
BC-0206,stance,Imperial,Mehrunes Dagon,BETA,esp,PASS,All checkable identifiers present.,Imperial-Mehrunes Dagon must be flagged as Hostile (not merely Taboo) due to Oblivion Crisis memory; PDV_Msg_Daedric_Dagon_Response_Imperial must reference this explicitly.,PDV_DaedricRacePrinceMatrix.csv Dagon Notes 'Imperial hostility is stronger than generic taboo because of Oblivion memory'; statesByRace Imperial=Hostile
BC-0207,stance,Khajiit,Azura,BETA,esp,PASS,All checkable identifiers present (1 native-race Daedric response message(s) correctly absent: natives worship via the patron path).,Khajiit Azura/Azurah path must route through the race manifest (native-integration override); no PDV_Msg_Daedric_Azura_Response_Khajiit row should exist in the Daedric path.,PDV_DaedricContent_Manifest.md Section 7.1; PDV_DaedricRacePrinceMatrix.csv Azura/Khajiit='Native'
BC-0208,stance,Khajiit,Hermaeus Mora,BETA,esp,PASS,All checkable identifiers present.,"Khajiit-Hermaeus Mora (Hermorah) must be framed as Legible but not a baseline lunar replacement; the global path must not overwrite the lunar substrate, and exit must be quiet withdrawal or native reframing.",PDV_DaedricRacePrinceMatrix.csv Hermaeus Mora Notes 'Khajiit legibility does not mean baseline replacement of lunar order'; Khajiit cell='Legible'
BC-0209,stance,Khajiit,Mephala,BETA,esp,PASS,All checkable identifiers present.,"Khajiit-Mephala must be framed as Legible (Mafala-named but not a lunar lane); PDV_Msg_Daedric_Mephala_Response_Khajiit must exist as a global response row, not a native override.",PDV_DaedricRacePrinceMatrix.csv Mephala/Khajiit='Legible'; PDV_DaedricContent_Manifest.md Section 7.2 note
BC-0210,stance,Khajiit,Namira,BETA,esp,PASS,All checkable identifiers present.,"Khajiit-Namira must be framed as Legible (Namiira dark-pressure reading) but explicitly remain dark-pressure rather than baseline devotion; the path must use withdrawal/cleanse exit, not native-override.","PDV_DaedricRacePrinceMatrix.csv Namira Notes 'Khajiit legibility should remain dark-pressure, not baseline devotion'; Khajiit cell='Legible'"
BC-0211,stance,Khajiit,Nocturnal,BETA,esp,PASS,All checkable identifiers present.,Khajiit-Nocturnal must be framed as Taboo with Rajhin as the native trickster lane; PDV_Msg_Daedric_Nocturnal_Response_Khajiit must distinguish Rajhin (native) from Nocturnal (external pressure) and frame oath release as the exit.,PDV_DaedricRacePrinceMatrix.csv Nocturnal Khajiit cell; Notes 'Keep Rajhin and Baan Dar distinct from Nocturnal'
BC-0212,stance,Khajiit,Sanguine,BETA,esp,PASS,All checkable identifiers present.,"Khajiit-Sanguine must be framed as Legible (Sangiin dark-pressure reading) but not a core path; exit must be withdrawal or cleanse, not native-override.",PDV_DaedricRacePrinceMatrix.csv Sanguine Khajiit='Legible'
BC-0213,stance,Khajiit,Silent focused patron emergence,BETA,esp,PASS,All checkable identifiers present.,PDV_State_KhajiitFocusedEmphasis must use None=0/Khenarthi=1/Azurah=2/BaanDar=3/Rajhin=4/Alkosh=5; focus activates at dawn ONLY when one deity has 50+ persistent piety AND leads next-highest by 15+; NO formal patron offer fires -- emphasis shifts silently.,PDV_RaceDesign_Khajiit.md -- Silent patron emergence (LOCKED) + Focused-emphasis threshold (LOCKED)
BC-0214,stance,Nord,Nord Pantheon Baseline,BETA,esp,PASS,All checkable identifiers present.,PDV_State_NordPantheonBaseline must exist with OldWays=0 and NineDivines=1; setup must require an explicit player choice between pantheons before any patron scoring fires.,PDV_RaceDesign_Nord.md -- Worship Structure / Implementation split (LOCKED)
BC-0215,stance,Orc,Boethiah,BETA,esp,PASS,All checkable identifiers present.,"Orc-Boethiah hostility is load-bearing: PDV_Msg_Daedric_Boethiah_Response_Orc must frame the path as hard rupture (Trinimac-to-Malacath narrative), with exit difficulty 3 and stigmaMod 1.5.",PDV_DaedricRacePrinceMatrix.csv Boethiah notes 'Hostility for Altmer and Orc is load-bearing'; PDV_DaedricPrinceRecordContracts.json Boethiah statesByRace Orc=Hostile
BC-0216,stance,Orc,Malacath,BETA,esp,PASS,All checkable identifiers present (1 native-race Daedric response message(s) correctly absent: natives worship via the patron path).,Orc Malacath path must route through the race manifest (native-integration); no PDV_Msg_Daedric_Malacath_Response_Orc row should exist in the Daedric path.,PDV_DaedricContent_Manifest.md Section 7.3; PDV_DaedricRacePrinceMatrix.csv Malacath/Orc='Native'
BC-0217,stance,Orc,OrcLifeMode,BETA,esp,PASS,All checkable identifiers present.,PDV_State_OrcLifeMode must use City=0/Stronghold=1/LegionExile=2 with exactly one active scoring/favor lane; City is the default bridge state; Stronghold requires Blood-Kin + active stronghold conduct; LegionExile requires explicit service/exile commitment; location or faction membership alone does NOT switch mode.,PDV_RaceDesign_Orc.md -- Life-mode implementation rule (LOCKED)
BC-0219,stance,Redguard,Malacath,BETA,esp,PASS,All checkable identifiers present.,Redguard-Malacath must be framed as Hostile (Malooc cautionary-enemy-god narrative); PDV_Msg_Daedric_Malacath_Response_Redguard must reference this explicitly.,PDV_DaedricRacePrinceMatrix.csv Malacath notes 'Orc-native exception; Redguard hostility is explicitly preserved'; PDV_DaedricPrinceRecordContracts.json Malacath statesByRace Redguard=Hostile
BC-0220,stance,Redguard,Mehrunes Dagon,BETA,esp,PASS,All checkable identifiers present.,"Redguard-Mehrunes Dagon must be framed as Hostile; severe rupture only, not standard Taboo.",PDV_DaedricRacePrinceMatrix.csv Dagon Redguard='Hostile'
BC-0221,stance,Redguard,RedguardSect,BETA,esp,PASS,All checkable identifiers present.,PDV_State_RedguardSect must use Crown=0/Forebear=1/AshAbah=2; first-run setup requires explicit sect choice; if unset or corrupt must fall back to Forebear; sect state is separate from broad/focused commitment.,PDV_RaceDesign_Redguard.md -- Implementation locks (LOCKED)
BC-0222,record_flag,ALL,All 16 Daedric Princes,BETA,esp,PASS,All checkable identifiers present.,Every PDV_DaedricPath_<Prince> QUST record must have the SGE (Start Game Enabled) flag set and a matching SEQ entry; omitting SGE caused BaanDar to ship broken.,MEMORY.md 'Deity quest SGE+SEQ requirement'; PDV_AllRaceDaedricBetaReadinessLedger.md 'Strict Phase 20 verifier after SEQ refresh: PASS=2841'
BC-0223,record_flag,ALL,All 16 Daedric Princes,BETA,esp,PASS,All checkable identifiers present.,PDV_GLO_Daedric_<Prince>_Stigma global record must exist for every Prince and be wired as the StigmaGlobal property on the corresponding PDV_DaedricPath_<Prince> script.,PDV_DaedricPrinceRecordContracts.json stigmaGlobalEditorId field (present for all 16 Princes); PDV_Daedric_DecisionPacket_CAT4.md D-15.1
BC-0225,record_flag,ALL,Broad lane state (PATRON_STATE_BROAD),BETA,source,PASS,All checkable identifiers present and reachability clean.,"Broad lane worship must be implemented as PATRON_STATE_BROAD state-driven reward logic, resolved through the shared first-tier reward runtime rather than aggregate broad deity records.",PDV_Phase2_DeityRoster_and_ArchitectureRulings.md Section R1
BC-0226,record_flag,ALL,Broad T1 reward spell editorIds,BETA,esp,PASS,All checkable identifiers present.,"Each race's broad T1 spell must use the exact fixed editorId declared in R2: PDV_Bless_Imperial_Civic_T1, PDV_Bless_Argonian_Hist_T1, PDV_Bless_Bosmer_Yffre_T1, PDV_Bless_Breton_Tradition_T1, PDV_Bless_Dunmer_Reclamation_T1, PDV_Bless_Imperial_Civic_T1, PDV_Bless_Khajiit_Lunar_T1 (rehomed), PDV_Bless_Nord_OldWays_T1, PDV_Bless_Orc_Malacath_T1, PDV_Bless_Redguard_AncestorSpine_T1.",PDV_Phase2_DeityRoster_and_ArchitectureRulings.md Section R2 table
BC-0227,record_flag,ALL,Daedric forks (R6),BETA,esp,PASS,All checkable identifiers present.,"Breton Hidden Art Daedric forks, Dunmer non-Reclamation deviations, Nord Hircine, and Green Way werewolf/Daedric forks must route through the existing Phase 20C Daedric Prince system; no new Daedric Prince deity records may be created by Phase 2 race specs.",PDV_Phase2_DeityRoster_and_ArchitectureRulings.md Section R6
BC-0229,record_flag,ALL,PDV_Deity_* (all new Phase 2 deity QUSTs),BETA,esp,PASS,All checkable identifiers present.,"Every new PDV_Deity_* QUST record must have the Start-Game-Enabled (SGE) flag set and a SEQ entry (pdv_refresh_seq pass); the EnsureQuest author helper omits SGE, as confirmed by BaanDar shipping broken.",PDV_Phase2_DeityRoster_and_ArchitectureRulings.md Section 'Each new deity QUST needs the SGE flag + a pdv_refresh_seq pass'; PDV_ImperialRewardRecords.spec.json Section deityQuestStructure CRITICAL note; PDV_ArgonianRewardRecords.spec.json Section deityQuestStructure; PDV_NordRewardRecords.spec.json Section recordCreation
BC-0230,record_flag,ALL,PDV_Deity_* QUST SGE+SEQ requirement,BETA,esp,PASS,All checkable identifiers present.,Every PDV_Deity_* QUST record must have the SGE (Start Game Enabled) flag set AND an SEQ entry; EnsureQuest author helper omits the SGE flag -- all deity quests must be audited to confirm SGE flag is manually set.,Memory: deity-quest-sge-seq-requirement.md -- every PDV_Deity_* QUST needs SGE flag + SEQ entry
BC-0231,record_flag,ALL,PDV_FLST_AllDeities (017E47),BETA,esp,PASS,All checkable identifiers present.,PDV_FLST_AllDeities must include all focusable deity QUSTs and must remain bounded to ~32 entries (dawn-iteration safe); no deity record must be added more than once.,PDV_Phase2_DeityRoster_and_ArchitectureRulings.md Section R4; Section 'Net new Phase 2 deities: ~22. Resulting PDV_FLST_AllDeities size: ~32'
BC-0234,record_flag,Altmer,PDV_Deity_AuriEl stance reconciliation,BETA,esp,PASS,All checkable identifiers present.,PDV_Deity_AuriEl (03DE88) must have Stance_Altmer=NATIVE added via --reconcile-shared-deity; do NOT recreate; existing deityIndex preserved.,PDV_AltmerRewardRecords.spec.json Section deityQuests AuriEl; Section rulingCompliance R4
BC-0235,record_flag,Altmer,PDV_Deity_Magnus,BETA,esp,PASS,All checkable identifiers present.,"PDV_Deity_Magnus QUST must exist with create:true (Altmer owner), Stance_Altmer=NATIVE, DeityName='Magnus', next-available DeityIndex, SGE flag, SEQ entry, FLST membership.",PDV_AltmerRewardRecords.spec.json Section deityQuests PDV_Deity_Magnus
BC-0236,record_flag,Altmer,PDV_Deity_Trinimac stance reconciliation (pressure),BETA,esp,PASS,All checkable identifiers present.,PDV_Deity_Trinimac (owned by Orc) must have Stance_Altmer=PRESSURE added via --reconcile-shared-deity after the Orc spec has run; Trinimac grants NO reward family for Altmer in V1.,PDV_AltmerRewardRecords.spec.json Section deityQuests Trinimac entry; PDV_OrcRewardRecords.spec.json Section sharedDeityReconciliation
BC-0237,record_flag,Altmer,PDV_Deity_Xarxes,BETA,esp,PASS,All checkable identifiers present.,"PDV_Deity_Xarxes QUST must exist with create:true (Altmer owner), Stance_Altmer=NATIVE, DeityName='Xarxes', next-available DeityIndex, SGE flag, SEQ entry, FLST membership.",PDV_AltmerRewardRecords.spec.json Section deityQuests PDV_Deity_Xarxes
BC-0238,record_flag,Argonian,PDV_Deity_Hist,BETA,esp,PASS,All checkable identifiers present.,"PDV_Deity_Hist QUST must exist with create:true (Argonian owner), Stance_Argonian=NATIVE, DeityName='The Hist', next-available DeityIndex, SGE flag, SEQ entry, FLST membership.",PDV_ArgonianRewardRecords.spec.json Section deityQuests PDV_Deity_Hist entry
BC-0239,record_flag,Argonian,PDV_Deity_Sithis,BETA,esp,PASS,All checkable identifiers present.,"PDV_Deity_Sithis QUST must exist with create:true (Argonian owner), Stance_Argonian=NATIVE, DeityName='Sithis', next-available DeityIndex, SGE flag, SEQ entry, FLST membership; scored only after IsVoidFullyActive() (>=3 Void signals).",PDV_ArgonianRewardRecords.spec.json Section deityQuests PDV_Deity_Sithis entry
BC-0240,record_flag,Bosmer,PDV_Deity_BaanDar Bosmer stance reconciliation,BETA,esp,PASS,All checkable identifiers present.,PDV_Deity_BaanDar (06FA1C) must have Stance_Bosmer=TOLERATED added via --reconcile-shared-deity; do NOT recreate; do NOT re-add to FLST 017E47.,PDV_BosmerRewardRecords.spec.json Section deityQuests BaanDar entry; Section ownsNoNewDeities
BC-0242,record_flag,Dunmer,PDV_Deity_Azura Dunmer stance reconciliation,BETA,esp,PASS,All checkable identifiers present.,"PDV_Deity_Azura (Khajiit-created Phase 1) must have Stance_Dunmer=NATIVE added via --reconcile-shared-deity; do NOT recreate, do NOT reassign its deityIndex (preserved from Khajiit: 40).",PDV_DunmerRewardRecords.spec.json Section deityQuests Azura reuse entry
BC-0243,record_flag,Dunmer,PDV_Deity_Boethiah,BETA,esp,PASS,All checkable identifiers present.,"PDV_Deity_Boethiah QUST must exist with create:true (Dunmer owner), Stance_Dunmer=NATIVE, DeityName='Boethiah', next-available DeityIndex, SGE flag, SEQ entry, FLST membership.",PDV_DunmerRewardRecords.spec.json Section deityQuests Boethiah entry
BC-0244,record_flag,Dunmer,PDV_Deity_Mephala,BETA,esp,PASS,All checkable identifiers present.,"PDV_Deity_Mephala QUST must exist with create:true (Dunmer owner), Stance_Dunmer=NATIVE, DeityName='Mephala', next-available DeityIndex, SGE flag, SEQ entry, FLST membership.",PDV_DunmerRewardRecords.spec.json Section deityQuests Mephala entry
BC-0245,record_flag,Imperial,PDV_Deity_Akatosh,BETA,esp,PASS,All checkable identifiers present.,"PDV_Deity_Akatosh QUST must exist with create:true (Imperial owner), Stance_Imperial=NATIVE, DeityName='Akatosh', next-available DeityIndex, SGE flag, SEQ entry, and membership in PDV_FLST_AllDeities.",PDV_ImperialRewardRecords.spec.json Section deityQuests; PDV_Phase2_DeityRoster_and_ArchitectureRulings.md Section roster table
BC-0246,record_flag,Imperial,PDV_Deity_Arkay,BETA,esp,PASS,All checkable identifiers present.,"PDV_Deity_Arkay QUST must exist with create:true (Imperial owner), Stance_Imperial=NATIVE, DeityName='Arkay', next-available DeityIndex, SGE flag, SEQ entry, and FLST membership; shared with Nord, Breton, and Redguard fallback infrastructure.",PDV_ImperialRewardRecords.spec.json Section deityQuests
BC-0247,record_flag,Imperial,PDV_Deity_Dibella,BETA,esp,PASS,All checkable identifiers present.,"PDV_Deity_Dibella QUST must exist with create:true (Imperial owner), Stance_Imperial=NATIVE, next-available DeityIndex, SGE flag, SEQ entry, FLST membership.",PDV_ImperialRewardRecords.spec.json Section deityQuests
BC-0248,record_flag,Imperial,PDV_Deity_Julianos,BETA,esp,PASS,All checkable identifiers present.,"PDV_Deity_Julianos QUST must exist with create:true (Imperial owner), Stance_Imperial=NATIVE, next-available DeityIndex, SGE flag, SEQ entry, FLST membership; shared with Breton Hidden Art.",PDV_ImperialRewardRecords.spec.json Section deityQuests
BC-0249,record_flag,Imperial,PDV_Deity_Kynareth,BETA,esp,PASS,All checkable identifiers present.,"PDV_Deity_Kynareth QUST must exist with create:true (Imperial owner), Stance_Imperial=NATIVE, next-available DeityIndex, SGE flag, SEQ entry, FLST membership; distinct from PDV_Deity_Kyne (Nord); shared with Breton Green Way and Bosmer tolerated.",PDV_ImperialRewardRecords.spec.json Section deityQuests; Section baseline note 'distinct from Kyne'
BC-0250,record_flag,Imperial,PDV_Deity_Mara,BETA,esp,PASS,All checkable identifiers present.,"PDV_Deity_Mara QUST must exist with create:true (Imperial owner), Stance_Imperial=NATIVE, DeityName='Mara', next-available DeityIndex, SGE flag, SEQ entry, and FLST membership.",PDV_ImperialRewardRecords.spec.json Section deityQuests
BC-0251,record_flag,Imperial,PDV_Deity_Stendarr,BETA,esp,PASS,All checkable identifiers present.,"PDV_Deity_Stendarr QUST must exist with create:true (Imperial owner), Stance_Imperial=NATIVE, next-available DeityIndex, SGE flag, SEQ entry, FLST membership; Breton reconciles Stance_Breton=NATIVE later.",PDV_ImperialRewardRecords.spec.json Section deityQuests
BC-0252,record_flag,Imperial,PDV_Deity_Talos (reuse),BETA,esp,PASS,All checkable identifiers present.,PDV_Deity_Talos (03DE87) must be referenced only (create:false) by the Imperial spec; Imperial must wire it as a focused patron filtered by ConcordatStanding eligibility; compliance never scores Talos piety.,PDV_ImperialRewardRecords.spec.json Section deityQuests Talos entry; Section wiring ConcordatStanding
BC-0253,record_flag,Imperial,PDV_Deity_Zenithar,BETA,esp,PASS,All checkable identifiers present.,"PDV_Deity_Zenithar QUST must exist with create:true (Imperial owner), Stance_Imperial=NATIVE, next-available DeityIndex, SGE flag, SEQ entry, FLST membership; distinct from PDV_Deity_Zen (Bosmer).",PDV_ImperialRewardRecords.spec.json Section deityQuests
BC-0254,record_flag,Khajiit,Khajiit Phase 1 deity QUSTs (Azura/Khenarthi/Rajhin/Alkosh),BETA,esp,PASS,All checkable identifiers present.,"PDV_Deity_Azura (index 40), PDV_Deity_Khenarthi (index 41), PDV_Deity_Rajhin (index 42), PDV_Deity_Alkosh (index 43) must exist with SGE flag, SEQ entry, Stance_Khajiit=NATIVE, and FLST 017E47 membership; indices 40-43 must be preserved across all Phase 2 authoring runs.",PDV_KhajiitRewardRecords.spec.json Section deityQuests; Section authoringPlan assignedDeityIndex
BC-0256,record_flag,Nord,PDV_Deity_Shor,BETA,esp,PASS,All checkable identifiers present.,"PDV_Deity_Shor QUST must exist with create:true (Nord owner), Stance_Nord=NATIVE, DeityName='Shor', next-available DeityIndex, SGE flag, SEQ entry, FLST membership; Old Ways lane focusable patron.",PDV_NordRewardRecords.spec.json Section deityQuests PDV_Deity_Shor entry; PDV_Phase2_DeityRoster_and_ArchitectureRulings.md Section roster
BC-0257,record_flag,Nord,PDV_Deity_Stuhn,BETA,esp,PASS,All checkable identifiers present.,"PDV_Deity_Stuhn QUST must exist with create:true (Nord owner), Stance_Nord=NATIVE, DeityName='Stuhn', next-available DeityIndex, SGE flag, SEQ entry, FLST membership; Old Ways lane focusable patron.",PDV_NordRewardRecords.spec.json Section deityQuests PDV_Deity_Stuhn entry
BC-0258,record_flag,Nord,PDV_Deity_Tsun,BETA,esp,PASS,All checkable identifiers present.,"PDV_Deity_Tsun QUST must exist with create:true (Nord owner), Stance_Nord=NATIVE, DeityName='Tsun', next-available DeityIndex, SGE flag, SEQ entry, FLST membership; Old Ways lane focusable patron.",PDV_NordRewardRecords.spec.json Section deityQuests PDV_Deity_Tsun entry
BC-0259,record_flag,Orc,PDV_Deity_Malacath,BETA,esp,PASS,All checkable identifiers present.,"PDV_Deity_Malacath QUST must exist with create:true (Orc owner), Stance_Orc=NATIVE, DeityName='Malacath', next-available DeityIndex, SGE flag, SEQ entry, FLST membership; the one Orc religious spine.",PDV_OrcRewardRecords.spec.json Section deityQuests PDV_Deity_Malacath entry
BC-0260,record_flag,Orc,PDV_Deity_Trinimac,BETA,esp,PASS,All checkable identifiers present.,"PDV_Deity_Trinimac QUST must exist with create:true (Orc owner), Stance_Orc=pressure, Stance_Altmer=pressure, next-available DeityIndex, SGE flag, SEQ entry, FLST membership; rare ideological pressure only, grants NO always-on boon family in V1.",PDV_OrcRewardRecords.spec.json Section deityQuests PDV_Deity_Trinimac entry; Section ownsNewDeities
BC-0262,record_flag,Redguard,PDV_Deity_HoonDing,BETA,esp,PASS,All checkable identifiers present.,"PDV_Deity_HoonDing QUST must exist with create:true (Redguard owner), Stance_Redguard=NATIVE, DeityName='HoonDing', next-available DeityIndex, SGE flag, SEQ entry, FLST membership; rewards carry weekly cap (one per 7 in-game days); generic combat never scores.",PDV_RedguardRewardRecords.spec.json Section deityQuests HoonDing entry
BC-0263,record_flag,Redguard,PDV_Deity_Leki,BETA,esp,PASS,All checkable identifiers present.,"PDV_Deity_Leki QUST must exist with create:true (Redguard owner), Stance_Redguard=NATIVE, DeityName='Leki', next-available DeityIndex, SGE flag, SEQ entry, FLST membership; rewards require sword-singing conduct/context; generic combat never scores.",PDV_RedguardRewardRecords.spec.json Section deityQuests Leki entry
BC-0264,record_flag,Redguard,PDV_Deity_Tuwhacca,BETA,esp,PASS,All checkable identifiers present.,"PDV_Deity_Tuwhacca QUST must exist with create:true (Redguard owner), Stance_Redguard=NATIVE, DeityName='Tu'whacca', next-available DeityIndex, SGE flag, SEQ entry, FLST membership; all worship/Survey copy must say Tu'whacca, never Arkay.",PDV_RedguardRewardRecords.spec.json Section deityQuests Tuwhacca entry; Section farShoresToken designNote
BC-0266,reward_tier,ALL,All 16 Daedric Princes,BETA,esp,PASS,All checkable identifiers present.,"Every Daedric Prince path must have exactly 3 price SPELs (Seeker/Devoted/Champion) paired to their corresponding boon SPELs, with matching MGEF records and player-facing price description text.",PDV_DaedricContent_Manifest.md Section 2 'Boon/price/stigma triple'; PDV_Daedric_DecisionPacket_CAT4.md D-18 item 3
BC-0267,reward_tier,ALL,All races T1 baseline,BETA,data,PASS,All checkable identifiers present.,"SPEL PDV_Bless_<Race>_*_T1 and MGEF PDV_MGEF_Bless_<Race>_*_T1 records must exist, each carry at least one MGEF, and every MGEF description must be ASCII-safe for all ten races (Altmer, Argonian, Bosmer, Breton, Dunmer, Imperial, Khajiit, Nord, Orc, Redguard).",PDV_Phase20_RewardRecordContracts.json -- schema/status field; per-race recordReadbackAssertion fields
BC-0268,reward_tier,ALL,All races T1 manager wiring,BETA,source,PASS,All checkable identifiers present and reachability clean.,PDV__ManagerQuest must be the sole grant/removal owner for all T1 race reward SPELs; no event-time grant is permitted; grants must occur only at dawn consolidation after smoke passes.,"PDV_Phase20_RewardRecordContracts.json -- grantOwner, grantGate fields"
BC-0270,reward_tier,ALL,Balance invariants (R8),BETA,source,PASS,All checkable identifiers present and reachability clean.,Each race must have at most 2 always-on boon families; broad must be weaker than focused; no single act may use both ScoreRepeatableAction and ConsumeDailyRepeatMultiplier; per-tier magnitude ceiling is ~12%; creed-violation loss is medium/major only; player-facing text is ASCII-only using valid Skyrim ActorValue names.,PDV_Phase2_DeityRoster_and_ArchitectureRulings.md Section R8
BC-0272,reward_tier,ALL,Boethiah,BETA,esp,PASS,All checkable identifiers present.,"Boethiah price SPELs must apply Speechcraft penalties at Seeker (-3), Devoted (-5), and Champion (-8) as the social/trust-damage price.","PDV_DaedricPrinceRecordContracts.json, Boethiah prices array"
BC-0279,reward_tier,ALL,Focused 3-tier reward naming,BETA,source,PASS,All checkable identifiers present and reachability clean.,"All focused patron reward spells must follow the naming convention PDV_Bless_<Race>_<Patron>_T1/T2/T3; grant logic must mirror SyncKhajiitEmphasisRewards with one active focus, T1>=Seeker(25), T2>=Devoted(50), T3>=Champion(85).",PDV_Phase2_DeityRoster_and_ArchitectureRulings.md Section R3
BC-0289,reward_tier,Altmer,Altmer Orthodox broad T1/T2,BETA,esp,PASS,All checkable identifiers present.,"PDV_Bless_Altmer_Orthodox_T1 (fixed, MagickaRateMult 4%) and PDV_Bless_Altmer_Orthodox_T2 (new, MagickaRateMult 7% + ResistMagic 5%, capped Faithful) must exist; T2 suppressed when a patron is focused.",PDV_AltmerRewardRecords.spec.json Section broadState rewards
BC-0293,reward_tier,Altmer,Auri-El focused 3-tier,BETA,esp,PASS,All checkable identifiers present.,"PDV_Bless_Altmer_AuriEl_T1 (MagickaRateMult 5%), T2 (MagickaRateMult 8% + ResistMagic 6%), T3 (MagickaRateMult 12% + ResistMagic 10%) must exist gated on active Auri-El focus.",PDV_AltmerRewardRecords.spec.json Section emphasisRewards AuriEl entries
BC-0294,reward_tier,Altmer,Auri-El T1 steadiness reward,BETA,data,PASS,All checkable identifiers present.,SPEL PDV_Bless_Altmer_Orthodox_T1 must exist with MGEF PDV_MGEF_Bless_Altmer_Orthodox_T1 granting MagickaRateMult +3.0 (provisional); suppressed while Altmer curse/crisis penalty is active unless manager explicitly resolves precedence.,PDV_Phase20_RewardRecordContracts.json -- Altmer entry; PDV_RaceEffectReviewLedger.md -- Altmer coherence baseline row
BC-0297,reward_tier,Altmer,Magnus focused 3-tier,BETA,esp,PASS,All checkable identifiers present.,"PDV_Bless_Altmer_Magnus_T1 (Alteration 5%), T2 (Alteration 8% + MagickaRateMult 6%), T3 (Alteration 12% + MagickaRateMult 9%) must exist gated on active Magnus focus.",PDV_AltmerRewardRecords.spec.json Section emphasisRewards Magnus entries
BC-0299,reward_tier,Altmer,Xarxes focused 3-tier,BETA,esp,PASS,All checkable identifiers present.,"PDV_Bless_Altmer_Xarxes_T1 (Restoration 5%), T2 (Restoration 8% + MagickaRateMult 6%), T3 (Restoration 12% + MagickaRateMult 9%) must exist gated on active Xarxes focus.",PDV_AltmerRewardRecords.spec.json Section emphasisRewards Xarxes entries
BC-0306,reward_tier,Argonian,Hist broad-substrate support T1/T2/Signature,BETA,esp,PASS,All checkable identifiers present.,"PDV_Bless_Argonian_Hist_T1 (HealRateMult 5%), PDV_Bless_Argonian_Hist_T2 (HealRateMult 8% + ResistDisease 8%, capped Faithful), and PDV_Bless_Argonian_Hist_Signature (HealRateMult 10% + ResistPoison 10%, at piety 75) must exist.",PDV_ArgonianRewardRecords.spec.json Section emphasisRewards Hist entries
BC-0308,reward_tier,Argonian,Hist T1 memory reward,BETA,data,PASS,All checkable identifiers present.,SPEL PDV_Bless_Argonian_Hist_T1 must exist with MGEF PDV_MGEF_Bless_Argonian_Hist_T1 granting HealRateMult +3.0 (provisional); must not stack with Sithis-only edge rewards.,PDV_Phase20_RewardRecordContracts.json -- Argonian entry
BC-0309,reward_tier,Argonian,People focused 3-tier,BETA,esp,PASS,All checkable identifiers present.,"PDV_Bless_Argonian_People_T1 (ResistDisease 5%), PDV_Bless_Argonian_People_T2 (ResistDisease 8% + HealRateMult 5%), PDV_Bless_Argonian_People_T3 (ResistDisease 12% + HealRateMult 8%) must exist gated on People emphasis.",PDV_ArgonianRewardRecords.spec.json Section emphasisRewards People entries
BC-0311,reward_tier,Argonian,Sithis high-threshold tertiary T1/T2,BETA,esp,PASS,All checkable identifiers present.,PDV_Bless_Argonian_Sithis_T1 (Sneak 4%) and PDV_Bless_Argonian_Sithis_T2 (Sneak 6% + ResistPoison 5% + UnarmedDamage 10) must exist gated behind IsVoidFullyActive() (>=3 Void signals); magnitudes must stay below the People T3 ceiling.,PDV_ArgonianRewardRecords.spec.json Section emphasisRewards Sithis entries; Section emphasisLayerDesignNote
BC-0312,reward_tier,Bosmer,Bandit Road path 3-tier,BETA,esp,PASS,All checkable identifiers present.,"PDV_Bless_Bosmer_BanditRoad_T1 (DamageResist 5%), T2 (DamageResist 10% + HealRateMult 10%), T3 (DamageResist 12% + HealRateMult 15% + Sneak 10%) must exist gated on PDV_State_BosmerPath=BanditRoad.",PDV_BosmerRewardRecords.spec.json Section emphasisRewards BanditRoad entries
BC-0319,reward_tier,Bosmer,Bosmer Y'ffre broad T1/T2,BETA,esp,PASS,All checkable identifiers present.,"PDV_Bless_Bosmer_Yffre_T1 (fixed existing, StaminaRateMult 4%) and PDV_Bless_Bosmer_Yffre_T2 (new, StaminaRateMult 6% + Sneak 8%, capped Faithful) must exist; T2 suppressed when a path is committed.",PDV_BosmerRewardRecords.spec.json Section emphasisRewards Yffre T1/T2
BC-0320,reward_tier,Bosmer,Exchange path 3-tier,BETA,esp,PASS,All checkable identifiers present.,"PDV_Bless_Bosmer_Exchange_T1 (Speechcraft 5%), T2 (Speechcraft 8% + CarryWeight 30), T3 (Speechcraft 12% + CarryWeight 50 + DamageResist 8%) must exist gated on PDV_State_BosmerPath=Exchange.",PDV_BosmerRewardRecords.spec.json Section emphasisRewards Exchange entries
BC-0322,reward_tier,Bosmer,Living Story path 3-tier,BETA,esp,PASS,All checkable identifiers present.,"PDV_Bless_Bosmer_LivingStory_T1 (Speechcraft 5%), T2 (Speechcraft 8% + HealRateMult 10%), T3 (Speechcraft 12% + HealRateMult 15% + MagickaRateMult 5%) must exist gated on PDV_State_BosmerPath=LivingStory.",PDV_BosmerRewardRecords.spec.json Section emphasisRewards LivingStory entries
BC-0324,reward_tier,Bosmer,Old Contract path 3-tier,BETA,esp,PASS,All checkable identifiers present.,"PDV_Bless_Bosmer_OldContract_T1 (Marksman 5%), T2 (Marksman 8% + Sneak 10%), T3 (Marksman 12% + Sneak 12% + ResistPoison 10%) must exist gated on PDV_State_BosmerPath=OldContract.",PDV_BosmerRewardRecords.spec.json Section emphasisRewards OldContract entries
BC-0326,reward_tier,Bosmer,Y'ffre T1 living story reward,BETA,data,PASS,All checkable identifiers present.,SPEL PDV_Bless_Bosmer_Yffre_T1 must exist with MGEF PDV_MGEF_Bless_Bosmer_Yffre_T1 granting StaminaRateMult +3.0 (provisional); suppressed when Baan Dar or Z'en lane is selected.,PDV_Phase20_RewardRecordContracts.json -- Bosmer entry
BC-0329,reward_tier,Breton,Breton Tradition broad T1/T2,BETA,esp,PASS,All checkable identifiers present.,"PDV_Bless_Breton_Tradition_T1 (fixed, HealRateMult 4%) and PDV_Bless_Breton_Tradition_T2 (new, HealRateMult 6% + ResistMagic 5%, capped Faithful) must exist; broad T2 is the same for all three traditions.",PDV_BretonRewardRecords.spec.json Section emphasisRewards Tradition T1/T2
BC-0330,reward_tier,Breton,Breton tradition T1 reward,BETA,data,PASS,All checkable identifiers present.,SPEL PDV_Bless_Breton_Tradition_T1 must exist with MGEF PDV_MGEF_Bless_Breton_Tradition_T1 granting ResistMagic +3.0 (provisional); only current Breton tradition T1 may be active; stale tradition effects removed on state change.,PDV_Phase20_RewardRecordContracts.json -- Breton entry
BC-0331,reward_tier,Breton,Green Way focused 3-tier,BETA,esp,PASS,All checkable identifiers present.,"PDV_Bless_Breton_GreenWay_T1 (StaminaRateMult 4%), T2 (StaminaRateMult 7% + Restoration 8%), T3 (StaminaRateMult 10% + Restoration 10% + HealRateMult 10%) must exist gated on PDV_State_BretonTradition=GreenWay; werewolf fork routes through Phase 20C Daedric system.",PDV_BretonRewardRecords.spec.json Section emphasisRewards GreenWay entries
BC-0333,reward_tier,Breton,Hidden Art focused 3-tier,BETA,esp,PASS,All checkable identifiers present.,"PDV_Bless_Breton_HiddenArt_T1 (Conjuration 6%), T2 (Conjuration 9% + Illusion 9%), T3 (Conjuration 12% + Illusion 12% + MagickaRateMult 8%) must exist gated on PDV_State_BretonTradition=HiddenArt; magnitude must be conditioned on visible WitchcraftExposure cost; WitchcraftExposure Ruptured must revoke access.",PDV_BretonRewardRecords.spec.json Section emphasisRewards HiddenArt entries
BC-0335,reward_tier,Breton,Knight's Road focused 3-tier,BETA,esp,PASS,All checkable identifiers present.,"PDV_Bless_Breton_KnightsRoad_T1 (Block 5%), T2 (Block 8% + Restoration 8%), T3 (Block 12% + Restoration 10% + DamageResist 10%) must exist gated on PDV_State_BretonTradition=KnightsRoad; KnightlyVowIntegrity modifies access only (not a boon).",PDV_BretonRewardRecords.spec.json Section emphasisRewards KnightsRoad entries
BC-0338,reward_tier,Dunmer,Azura focused 3-tier,BETA,esp,PASS,All checkable identifiers present.,"PDV_Bless_Dunmer_Azura_T1 (MagickaRateMult 4%), T2 (MagickaRateMult 7% + ResistMagic 5%), T3 (MagickaRateMult 10% + ResistMagic 10%) must exist gated on active Azura Reclamation focus.",PDV_DunmerRewardRecords.spec.json Section emphasisRewards Azura entries
BC-0340,reward_tier,Dunmer,Boethiah focused 3-tier,BETA,esp,PASS,All checkable identifiers present.,"PDV_Bless_Dunmer_Boethiah_T1 (OneHanded 5%), T2 (OneHanded 8% + DamageResist 10%), T3 (OneHanded 12% + DamageResist 15%) must exist gated on active Boethiah focus.",PDV_DunmerRewardRecords.spec.json Section emphasisRewards Boethiah entries
BC-0344,reward_tier,Dunmer,Dunmer Reclamation T1 reward,BETA,data,PASS,All checkable identifiers present.,SPEL PDV_Bless_Dunmer_Reclamation_T1 must exist with MGEF PDV_MGEF_Bless_Dunmer_Reclamation_T1 granting ResistFire +3.0 (provisional); only one Reclamation focus reward active; deviation price suppresses the matching T1 when unresolved.,PDV_Phase20_RewardRecordContracts.json -- Dunmer entry
BC-0347,reward_tier,Dunmer,Mephala focused 3-tier,BETA,esp,PASS,All checkable identifiers present.,"PDV_Bless_Dunmer_Mephala_T1 (Sneak 5%), T2 (Sneak 8% + Illusion 10%), T3 (Sneak 12% + Illusion 15%) must exist gated on active Mephala focus.",PDV_DunmerRewardRecords.spec.json Section emphasisRewards Mephala entries
BC-0348,reward_tier,Dunmer,Reclamation broad T1/T2,BETA,esp,PASS,All checkable identifiers present.,"PDV_Bless_Dunmer_Reclamation_T1 (fixed, ResistMagic 5%) and PDV_Bless_Dunmer_Reclamation_T2 (ResistMagic 8% + MagickaRateMult 5%, capped Devoted) must exist granted via PATRON_STATE_BROAD.",PDV_DunmerRewardRecords.spec.json Section emphasisRewards Reclamation T1/T2
BC-0349,reward_tier,Imperial,Akatosh focused 3-tier,BETA,esp,PASS,All checkable identifiers present.,"PDV_Bless_Imperial_Akatosh_T1/T2/T3 must exist gated on active patron Akatosh; T1 MagickaRateMult 4%, T2 MagickaRateMult 7% + ResistMagic 5%, T3 MagickaRateMult 10% + ResistMagic 10%.",PDV_ImperialRewardRecords.spec.json Section emphasisRewards Akatosh entries
BC-0350,reward_tier,Imperial,Arkay focused 3-tier,BETA,esp,PASS,All checkable identifiers present.,"PDV_Bless_Imperial_Arkay_T1/T2/T3 must exist; T1 ResistDisease 5%, T2 ResistDisease 10% + HealRateMult 7%, T3 ResistDisease 12% + HealRateMult 10%.",PDV_ImperialRewardRecords.spec.json Section emphasisRewards Arkay entries
BC-0351,reward_tier,Imperial,Civic broad lane,BETA,esp,PASS,All checkable identifiers present.,"PDV_Bless_Imperial_Civic_T1 (fixed, existing property) and PDV_Bless_Imperial_Civic_T2 (new) must exist and be granted via PATRON_STATE_BROAD; broad lane capped at T2/Faithful; T2 suppressed when a focused patron is active.",PDV_ImperialRewardRecords.spec.json Section emphasisRewards Civic T1/T2
BC-0352,reward_tier,Imperial,Dibella focused 3-tier,BETA,esp,PASS,All checkable identifiers present.,"PDV_Bless_Imperial_Dibella_T1/T2/T3 must exist; T1 Speechcraft 5%, T2 Speechcraft 8% + MagickaRateMult 5%, T3 Speechcraft 12% + MagickaRateMult 8%.",PDV_ImperialRewardRecords.spec.json Section emphasisRewards Dibella entries
BC-0355,reward_tier,Imperial,Imperial civic T1 reward,BETA,data,PASS,All checkable identifiers present.,SPEL PDV_Bless_Imperial_Civic_T1 must exist with MGEF PDV_MGEF_Bless_Imperial_Civic_T1 granting SpeechcraftModifier +3.0 (provisional); must not stack with unresolved Talos-pressure penalty or private-Talos privilege.,PDV_Phase20_RewardRecordContracts.json -- Imperial entry
BC-0361,reward_tier,Imperial,Julianos focused 3-tier,BETA,esp,PASS,All checkable identifiers present.,"PDV_Bless_Imperial_Julianos_T1/T2/T3 must exist; T1 MagickaRateMult 4%, T2 MagickaRateMult 7% + ResistMagic 5%, T3 MagickaRateMult 10% + ResistMagic 10%.",PDV_ImperialRewardRecords.spec.json Section emphasisRewards Julianos entries
BC-0362,reward_tier,Imperial,Kynareth focused 3-tier,BETA,esp,PASS,All checkable identifiers present.,"PDV_Bless_Imperial_Kynareth_T1/T2/T3 must exist; T1 StaminaRateMult 4%, T2 StaminaRateMult 7% + ResistMagic 5%, T3 StaminaRateMult 10% + ResistMagic 8%.",PDV_ImperialRewardRecords.spec.json Section emphasisRewards Kynareth entries
BC-0363,reward_tier,Imperial,Mara focused 3-tier,BETA,esp,PASS,All checkable identifiers present.,"PDV_Bless_Imperial_Mara_T1/T2/T3 must exist; T1 Restoration 5%, T2 Restoration 8% + HealRateMult 7%, T3 Restoration 10% + HealRateMult 12%.",PDV_ImperialRewardRecords.spec.json Section emphasisRewards Mara entries
BC-0364,reward_tier,Imperial,Stendarr focused 3-tier,BETA,esp,PASS,All checkable identifiers present.,"PDV_Bless_Imperial_Stendarr_T1/T2/T3 must exist; T1 Block 5%, T2 Block 8% + DamageResist 10%, T3 Block 12% + DamageResist 15%.",PDV_ImperialRewardRecords.spec.json Section emphasisRewards Stendarr entries
BC-0366,reward_tier,Imperial,Talos focused 3-tier,BETA,esp,PASS,All checkable identifiers present.,"PDV_Bless_Imperial_Talos_T1/T2/T3 must exist gated on active patron Talos AND ConcordatStanding eligibility; T1 DamageResist 5%, T2 DamageResist 10% + OneHanded 8%, T3 DamageResist 12% + OneHanded 12%; compliance never scores.",PDV_ImperialRewardRecords.spec.json Section emphasisRewards Talos entries
BC-0367,reward_tier,Imperial,Zenithar focused 3-tier,BETA,esp,PASS,All checkable identifiers present.,"PDV_Bless_Imperial_Zenithar_T1/T2/T3 must exist; T1 CarryWeight 25, T2 CarryWeight 40 + Speechcraft 8%, T3 CarryWeight 55 + Speechcraft 12%.",PDV_ImperialRewardRecords.spec.json Section emphasisRewards Zenithar entries
BC-0370,reward_tier,Khajiit,Khajiit Alkosh emphasis 3-tier,BETA,esp,PASS,All checkable identifiers present.,"PDV_Bless_Khajiit_Alkosh_T1 (ResistFire 5%), T2 (ResistFire 8% + ResistMagic 5%), T3 (ResistFire 12% + ResistMagic 15%) must exist gated on Alkosh emphasis.",PDV_KhajiitRewardRecords.spec.json Section emphasisRewards Alkosh entries
BC-0372,reward_tier,Khajiit,Khajiit Azurah emphasis 3-tier,BETA,esp,PASS,All checkable identifiers present.,"PDV_Bless_Khajiit_Azurah_T1 (MagickaRateMult 4%), T2 (MagickaRateMult 7% + ResistMagic 5%), T3 (MagickaRateMult 10% + ResistMagic 10%) must exist gated on Azurah emphasis.",PDV_KhajiitRewardRecords.spec.json Section emphasisRewards Azurah entries
BC-0375,reward_tier,Khajiit,Khajiit BaanDar emphasis 3-tier,BETA,esp,PASS,All checkable identifiers present.,"PDV_Bless_Khajiit_BaanDar_T1 (DamageResist 5%), T2 (DamageResist 10% + HealRateMult 10%), T3 (DamageResist 15% + HealRateMult 15% + UnarmedDamage 10) must exist gated on BaanDar emphasis.",PDV_KhajiitRewardRecords.spec.json Section emphasisRewards BaanDar entries
BC-0376,reward_tier,Khajiit,Khajiit Khenarthi emphasis 3-tier,BETA,esp,PASS,All checkable identifiers present.,"PDV_Bless_Khajiit_Khenarthi_T1 (StaminaRateMult 4%), T2 (StaminaRateMult 7% + CarryWeight 30), T3 (StaminaRateMult 10% + CarryWeight 50 + SpeedMult 3%) must exist gated on Khenarthi emphasis.",PDV_KhajiitRewardRecords.spec.json Section emphasisRewards Khenarthi entries
BC-0378,reward_tier,Khajiit,Khajiit lunar T1 reward -- night-gated stamina and disease,BETA,data,PASS,All checkable identifiers present.,SPEL PDV_Bless_Khajiit_Lunar_T1 must exist with two night-gated MGEFs: StaminaRateMult +5 (7PM-7AM) and ResistDisease +10 (7PM-7AM); no more than one Khajiit lunar T1 active; grant owned by PDV_Phase20_RewardRecordContracts.json.,PDV_Phase20_RewardRecordContracts.json -- Khajiit entry; PDV_RaceEffectReviewLedger.md -- Khajiit T1 Baseline
BC-0379,reward_tier,Khajiit,Khajiit Rajhin emphasis 3-tier,BETA,esp,PASS,All checkable identifiers present.,"PDV_Bless_Khajiit_Rajhin_T1 (Sneak 5%), T2 (Sneak 8% + Lockpicking 10%), T3 (Sneak 12% + Lockpicking 15% + Pickpocket 15% + UnarmedDamage 10) must exist gated on Rajhin emphasis.",PDV_KhajiitRewardRecords.spec.json Section emphasisRewards Rajhin entries
BC-0384,reward_tier,Nord,Kyne focused 3-tier (Old Ways),BETA,esp,PASS,All checkable identifiers present.,"PDV_Bless_Nord_Kyne_T1 (StaminaRateMult 5%), T2 (StaminaRateMult 8% + ResistFrost 10%), T3 (StaminaRateMult 10% + ResistFrost 15%) must exist gated on OldWays + active Kyne.",PDV_NordRewardRecords.spec.json Section emphasisRewards Kyne entries
BC-0387,reward_tier,Nord,Nord Nine Divines focused per-god families (24 spells),BETA,esp,PASS,All checkable identifiers present.,"PDV_Bless_Nord_<God>_T1/T2/T3 for each of the 8 Divines (Akatosh/Mara/Arkay/Stendarr/Zenithar/Dibella/Julianos/Kynareth) must exist as Nord-keyed copies distinct from Imperial equivalents, gated on NineDivines lane + focused god piety tier.",PDV_NordRewardRecords.spec.json Section nineDivinesLane perGodRewardFamilies
BC-0388,reward_tier,Nord,Nord Old Ways broad T1/T2,BETA,esp,PASS,All checkable identifiers present.,"PDV_Bless_Nord_OldWays_T1 (fixed existing, StaminaRateMult 4%) and PDV_Bless_Nord_OldWays_T2 (new, StaminaRateMult 6% + ResistFrost 10%, capped Faithful) must exist; T2 suppressed when a focused patron is active.",PDV_NordRewardRecords.spec.json Section emphasisRewards OldWays T1/T2
BC-0389,reward_tier,Nord,Nord Old Ways T1 reward,BETA,data,PASS,All checkable identifiers present.,SPEL PDV_Bless_Nord_OldWays_T1 must exist with MGEF PDV_MGEF_Bless_Nord_OldWays_T1 granting StaminaRateMult +3.0 (provisional); suppressed during unresolved Nord vampire rupture and must not stack with Hircine/Arkay edge effects.,PDV_Phase20_RewardRecordContracts.json -- Nord entry
BC-0397,reward_tier,Nord,Shor focused 3-tier (Old Ways),BETA,esp,PASS,All checkable identifiers present.,"PDV_Bless_Nord_Shor_T1/T2/T3 must provide max Health +10/+20/+30, with T2 adding OneHanded 8 and T3 adding OneHanded 18 + TwoHanded 10 + hidden once/day last-stand save. Shor uses max Health only; no Health Regeneration effect is expected.",PDV_NordRewardRecords.spec.json Section emphasisRewards Shor entries
BC-0398,reward_tier,Nord,Stuhn focused 3-tier (Old Ways),BETA,esp,PASS,All checkable identifiers present.,"PDV_Bless_Nord_Stuhn_T1 (DamageResist 5%), T2 (DamageResist 10% + Block 8%), T3 (DamageResist 12% + Block 10% + OneHanded 8%) must exist gated on OldWays + active Stuhn.",PDV_NordRewardRecords.spec.json Section emphasisRewards Stuhn entries
BC-0399,reward_tier,Nord,Talos focused 3-tier (Old Ways and Nine Divines),BETA,esp,PASS,All checkable identifiers present.,"PDV_Bless_Nord_Talos_T1/T2/T3 must exist shared across both lanes (OldWays|NineDivines), gated on faithful defiance only; T1 DamageResist 5%, T2 DamageResist 10% + OneHanded 8%, T3 DamageResist 12% + OneHanded 12%; compliance never scores.",PDV_NordRewardRecords.spec.json Section emphasisRewards Talos entries
BC-0401,reward_tier,Nord,Tsun focused 3-tier (Old Ways),BETA,esp,PASS,All checkable identifiers present.,"PDV_Bless_Nord_Tsun_T1 (StaminaRateMult 5%), T2 (StaminaRateMult 8% + Block 10%), T3 (StaminaRateMult 10% + Block 12% + DamageResist 10%) must exist gated on OldWays + active Tsun.",PDV_NordRewardRecords.spec.json Section emphasisRewards Tsun entries
BC-0404,reward_tier,Orc,Orc City life-mode 3-tier,BETA,esp,PASS,All checkable identifiers present.,"PDV_Bless_Orc_City_T1 (Restoration 5%), T2 (Restoration 8% + Speech 8%), T3 (Restoration 10% + Speech 12% + BlockSkill 5%) must exist gated on PDV_State_OrcLifeMode=City(0) + Malacath tier; named commission/quality-labor/dignity acts only.",PDV_OrcRewardRecords.spec.json Section emphasisRewards City entries
BC-0407,reward_tier,Orc,Orc LegionExile life-mode 3-tier,BETA,esp,PASS,All checkable identifiers present.,"PDV_Bless_Orc_LegionExile_T1 (OneHanded 5%), T2 (OneHanded 8% + BlockSkill 8%), T3 (OneHanded 10% + BlockSkill 12% + StaminaRateMult 5%) must exist gated on PDV_State_OrcLifeMode=LegionExile(2) + Malacath tier; pressure-bearing service-completion acts only (Legion membership alone rejected).",PDV_OrcRewardRecords.spec.json Section emphasisRewards LegionExile entries
BC-0408,reward_tier,Orc,Orc Malacath broad T1/T2,BETA,esp,PASS,All checkable identifiers present.,"PDV_Bless_Orc_Malacath_T1 (fixed, DamageResist 4%) and PDV_Bless_Orc_Malacath_T2 (new, DamageResist 6% + HealRateMult 8%, capped Faithful) must exist; T2 suppressed when a life-mode focused family is active.",PDV_OrcRewardRecords.spec.json Section emphasisRewards Malacath T1/T2
BC-0409,reward_tier,Orc,Orc Malacath T1 conduct reward,BETA,data,PASS,All checkable identifiers present.,"SPEL PDV_Bless_Orc_Malacath_T1 must exist with MGEF PDV_MGEF_Bless_Orc_Malacath_T1 granting DamageResist +3.0 (provisional); only one Orc life-mode T1 active; City, Legion, and Stronghold variants cannot stack.",PDV_Phase20_RewardRecordContracts.json -- Orc entry
BC-0412,reward_tier,Orc,Orc Stronghold life-mode 3-tier,BETA,esp,PASS,All checkable identifiers present.,"PDV_Bless_Orc_Stronghold_T1 (Smithing 5%), T2 (Smithing 8% + HeavyArmor 8%), T3 (Smithing 10% + HeavyArmor 12% + DamageResist 5%) must exist gated on PDV_State_OrcLifeMode=Stronghold(1) + Malacath tier; quality forge acts only (raw craft count rejected).",PDV_OrcRewardRecords.spec.json Section emphasisRewards Stronghold entries
BC-0418,reward_tier,Redguard,HoonDing focused 3-tier (weekly capped),BETA,esp,PASS,All checkable identifiers present.,"PDV_Bless_Redguard_HoonDing_T1 (OneHanded 5%), T2 (OneHanded 8% + SpeedMult 3%), T3 (OneHanded 12% + SpeedMult 3%) must exist gated on active HoonDing focus AND weekly cap unconsumed; curated make-way milestones only.",PDV_RedguardRewardRecords.spec.json Section emphasisRewards HoonDing entries; Section currencyAndPace hoonDingCap
BC-0419,reward_tier,Redguard,Leki focused 3-tier,BETA,esp,PASS,All checkable identifiers present.,"PDV_Bless_Redguard_Leki_T1 (OneHanded 5%), T2 (OneHanded 8% + CriticalChance 5%), T3 (OneHanded 12% + CriticalChance 8%) must exist gated on active Leki focus with sword-singing conduct context required.",PDV_RedguardRewardRecords.spec.json Section emphasisRewards Leki entries
BC-0420,reward_tier,Redguard,Redguard ancestor spine T1 reward,BETA,data,PASS,All checkable identifiers present.,"SPEL PDV_Bless_Redguard_AncestorSpine_T1 must exist with MGEF PDV_MGEF_Bless_Redguard_AncestorSpine_T1 granting WeaponSpeedMult +3.0 (provisional); only one Redguard sect T1 active; Crown, Forebear, Ash'abah, and Far Shores variants resolve through manager state.",PDV_Phase20_RewardRecordContracts.json -- Redguard entry
BC-0421,reward_tier,Redguard,Redguard AncestorSpine broad T1/T2,BETA,esp,PASS,All checkable identifiers present.,"PDV_Bless_Redguard_AncestorSpine_T1 (fixed, ResistMagic 3%) and PDV_Bless_Redguard_AncestorSpine_T2 (new, ResistMagic 5% + DamageResist 8%, capped Faithful) must exist; T2 suppressed when a focused patron is active.",PDV_RedguardRewardRecords.spec.json Section emphasisRewards AncestorSpine T1/T2
BC-0427,reward_tier,Redguard,Tu'whacca focused 3-tier,BETA,esp,PASS,All checkable identifiers present.,"PDV_Bless_Redguard_Tuwhacca_T1 (ResistMagic 5%), T2 (ResistMagic 8% + HealRateMult 10%), T3 (ResistMagic 10% + HealRateMult 15%) must exist gated on active Tu'whacca focus.",PDV_RedguardRewardRecords.spec.json Section emphasisRewards Tuwhacca entries
BC-0439,anti_farm,ALL,Namira - corpse-feed,BETA,source,PASS,All checkable identifiers present and reachability clean.,Namira faucet act 'Feed on a corpse' (Ring of Namira Feed lesser-power) must be capped at 1/dawn; Ring must be equipped.,PDV_QuestReactionMatrix_PartD_ThinGodFaucets.csv - Namira / Feed on a corpse
BC-0444,anti_farm,ALL,Repeated act anti-farm,BETA,source,PASS,All checkable identifiers present and reachability clean.,Every signal source with a repeatable mechanic must have an anti-farm cap on the PIETY pulse (not just substrate): ritual/practice acts should be once-per-dawn-cycle; other acts must use daily caps or cooldowns as documented per race.,Memory: anti-farm-cap-requirement.md -- every signal needs anti-farm cap on the PIETY pulse
BC-0448,anti_farm,ALL,Shared broad worship cap,BETA,source,PASS,All checkable identifiers present and reachability clean.,"All broad/pre-commitment worship must be capped at Tier 2 (Faithful); Tier 3 (Devoted) must be reachable only through primary patron/path commitment for pantheon races, or appropriate deep commitment for closed-system and layered races.",Devotion_Races_Overview.md -- How Devotion Works (All Races) / Broad vs Focused worship
BC-0451,anti_farm,Argonian,Argonian dawn Hist decay floor and cadence limits,BETA,source,PASS,All checkable identifiers present and reachability clean.,"Dawn Hist decay must only trigger after three days without valid maintenance, applying -1 per dawn; non-curse floor is 20; bed-of-choice cadence requires three qualifying sleeps in a rolling 30-day window with light People decay only on missed cadence.","PDV_RaceRewardBudgetLedger.md -- Focused Pass: Argonian, Needs verifier/proof"
BC-0452,anti_farm,Argonian,Argonian Void signal anti-farm,BETA,source,PASS,All checkable identifiers present and reachability clean.,"Void/Sithis signal anti-farm must use three-signal threshold (VoidActivationSignalsRequired=3), one-shot markers per source, and ConsumeDailyRepeatMultiplier (oncePerDayKey PDV.Signal.ArgonianVoidSignal); the universal piety pulse on this route goes to PDV_Deity_Hist, not Sithis.",PDV_ArgonianRewardRecords.spec.json Section doubleRoute Void signal act
BC-0456,anti_farm,Bosmer,Green Pact positive weighting (not a compliance ledger),BETA,source,PASS,All checkable identifiers present and reachability clean.,Green Pact must be implemented as modest positive weighting only outside Old Contract; item-level Green Pact punishment must NOT be authored (tag layer deferred); Old Contract pact violation reuses existing HandleGreenPactViolation + AdjustBosmerGreenPactCompliance(-15) model.,PDV_BosmerRewardRecords.spec.json Section greenPactHandling policy; Section rejectedHooks 'broad plant detection without reliable item evidence'
BC-0465,neglect,ALL,All 16 Daedric Princes,BETA,source,PASS,All checkable identifiers present and reachability clean.,Per-Prince stigma must decay at 1 point/day via the once-per-day Phase 17 decay guards; full Notorious (100) must clear to Latent over a meaningfully long in-game span without accelerating rites.,PDV_Daedric_DecisionPacket_CAT4.md D-15.3 'Decay: slow linear abstention decay of 1 stigma/day'
BC-0467,neglect,ALL,neglect active cap,BETA,source,PASS,All checkable identifiers present and reachability clean.,At most 3 per-deity neglect effects may be active simultaneously; manager selects the lowest-piety eligible deities at dawn; broad worship suppresses all per-deity neglect effects,PDV_Architecture_v3.md Section14.4 Locked neglect defaults
BC-0468,neglect,ALL,neglect dawn ownership,BETA,source,PASS,All checkable identifiers present and reachability clean.,Neglect eligibility lives on deity records but activation must be dawn-owned by PDV__ManagerQuest; no deity may activate its own neglect effect independently,PDV_Architecture_v3.md Section14.2 Where neglect lives
BC-0469,neglect,ALL,Per-race neglect spell requirement,BETA,esp,PASS,All checkable identifiers present.,Every race must have a PDV_SPEL_Neglect_<Race> spell (or confirmed reuse for Nord) wired to PDV__ManagerQuest via a SyncNeglectSpell function; neglect must be gentle/diegetic by default; real mechanical bite only at rupture/curse posture.,PDV_RaceContractTemplate.md Section Neglect/regression model para 3; Section Per-race contract Neglect field
BC-0470,neglect,ALL,per-race neglect substrate,BETA,source,PASS,All checkable identifiers present and reachability clean.,"Race-wide neglect effects not tied to a single deity (e.g. Argonian Hist absence) must belong on the race substrate quest, not on a deity record",PDV_Architecture_v3.md Section14.3 Per-race neglect
BC-0471,neglect,Altmer,PDV_SPEL_Neglect_Altmer,BETA,esp,PASS,All checkable identifiers present.,"PDV_SPEL_Neglect_Altmer must exist wired to PDV__ManagerQuest with MGEF MagickaRateMult -4%; gentle by default; real bite only at curse/exile posture (vampire terminal/exile, werewolf hard halt).",PDV_AltmerRewardRecords.spec.json Section neglect
BC-0474,neglect,Argonian,PDV_SPEL_Neglect_ArgonianHist,BETA,esp,PASS,All checkable identifiers present.,PDV_SPEL_Neglect_ArgonianHist must exist wired to PDV__ManagerQuest with MGEF HealRateMult -5%; gentle at posture Distant; mechanical bite only at posture Silenced or Corrupted; dawn Hist decay -1/dawn only after 3 days without maintenance.,PDV_ArgonianRewardRecords.spec.json Section neglect
BC-0475,neglect,Bosmer,PDV_SPEL_Neglect_Bosmer,BETA,esp,PASS,All checkable identifiers present.,PDV_SPEL_Neglect_Bosmer must exist wired to PDV__ManagerQuest with MGEF PeakValueModifier StaminaRateMult -5; gentle by default; bite reserved for forced reckoning/Old Contract renunciation.,PDV_BosmerRewardRecords.spec.json Section neglect
BC-0477,neglect,Breton,PDV_SPEL_Neglect_Breton + creed-loss spells,BETA,esp,PASS,All checkable identifiers present.,"PDV_SPEL_Neglect_Breton (HealRateMult -5%) must exist; 4 creed-loss spells must also exist: PDV_SPEL_CreedLoss_Breton_VowIntegrity (Block -5% + Restoration -5%), PDV_SPEL_CreedLoss_Breton_ExposureRupture (Conjuration -8% + Illusion -8%), PDV_SPEL_CreedLoss_Breton_Excommunication (HealRateMult -8%), PDV_SPEL_CreedLoss_Breton_DruidicForkBetrayal (StaminaRateMult -8% + Restoration -8%).",PDV_BretonRewardRecords.spec.json Section neglect; Section creedViolationLoss entries
BC-0478,neglect,Dunmer,PDV_SPEL_Neglect_Dunmer,BETA,esp,PASS,All checkable identifiers present.,PDV_SPEL_Neglect_Dunmer must exist wired to PDV__ManagerQuest with MGEF MagickaRateMult -5%; gentle ancestor-silence texture only at posture Strained; mechanical bite only at posture Silent (curse); NO passive dawn decay on the ancestor substrate.,PDV_DunmerRewardRecords.spec.json Section neglect
BC-0480,neglect,Imperial,Concordat Enforcer secondary modifiers,BETA,source,PASS,All checkable identifiers present and reachability clean.,"At Concordat Enforcer (>+50), Arkay daily shift must be -15% and Stendarr daily shift must be -15%; at Open Defiant (<-50), Stendarr must gain +15% daily shift. These modifiers must fire in ProcessDawn.",PDV_RaceDesign_Imperial.md -- Secondary modifiers at extreme states
BC-0481,neglect,Imperial,PDV_SPEL_Neglect_Imperial,BETA,esp,PASS,All checkable identifiers present.,PDV_SPEL_Neglect_Imperial must exist wired to PDV__ManagerQuest with MGEF PDV_MGEF_Neglect_Imperial_Restoration (HealRateMult -5%); gentle by default; real bite only at rupture/curse posture.,PDV_ImperialRewardRecords.spec.json Section neglect
BC-0482,neglect,Khajiit,PDV_SPEL_Neglect_KhajiitLunar,BETA,esp,PASS,All checkable identifiers present.,PDV_SPEL_Neglect_KhajiitLunar must exist wired to PDV__ManagerQuest with MGEF StaminaRateMult -5% nightOnly; fires when lunar metric flat/below floor.,PDV_KhajiitRewardRecords.spec.json Section neglect
BC-0484,neglect,Nord,Nord broad/primary,BETA,source,PASS,All checkable identifiers present and reachability clean.,"Nord neglect must manifest as loss of contextual favors and tier decay (no harsh penalization), not active punishment; piety must drift via negative PDV.PietyToday trending from missing devotion signals.",PDV_RaceDesign_Nord.md -- Neglect Texture / Decay mechanics
BC-0486,neglect,Orc,Oath-breaking,BETA,source,PASS,All checkable identifiers present and reachability clean.,Oath-breaking (abandoning a committed quest) must generate explicit negative piety for all Orc modes; must be tracked via quest-acceptance event logging + quest-failed/abandoned detection; sustained oath-breaking must accumulate meaningfully.,PDV_RaceDesign_Orc.md -- Neglect Texture / Oath-breaking + Signal Examples
BC-0487,neglect,Orc,PDV_SPEL_Neglect_Orc,BETA,esp,PASS,All checkable identifiers present.,PDV_SPEL_Neglect_Orc must exist wired to PDV__ManagerQuest via SyncOrcNeglectSpell with MGEF DamageResist -5%; fires only after sustained absence of life-mode-appropriate act; gentle; bite reserved for code-rupture/curse.,PDV_OrcRewardRecords.spec.json Section neglect
BC-0488,neglect,Redguard,PDV_SPEL_Neglect_Redguard,BETA,esp,PASS,All checkable identifiers present.,PDV_SPEL_Neglect_Redguard must exist wired to PDV__ManagerQuest via SyncRedguardNeglectSpell with MGEF ResistMagic -3%; gentle ancestor-distance; harder bite only at curse posture or Ash'abah stigma.,PDV_RedguardRewardRecords.spec.json Section neglect
BC-0489,commitment,ALL,All 16 Daedric Princes,BETA,esp,PASS,All checkable identifiers present.,"All 16 Skyrim-present Daedric Princes (Azura, Boethiah, Clavicus Vile, Hermaeus Mora, Hircine, Malacath, Mehrunes Dagon, Meridia, Mephala, Molag Bal, Namira, Nocturnal, Peryite, Sanguine, Sheogorath, Vaermina) must exist as focusable patron paths in PDV_FLST_DaedricPaths_All; Jyggalag is explicitly excluded from 1.0 scope.","PDV_AllRaceDaedricBetaReadinessLedger.md, Daedric 20C Gap section; PDV_DaedricContent_Manifest.md Section 7 progress ledger"
BC-0490,commitment,ALL,All 16 Daedric Princes,BETA,source,PASS,All checkable identifiers present and reachability clean.,Every standard (non-curse-access) Daedric Prince path requires 3 distinct commitment signals (commitmentSignalsRequired=3) before the path becomes active and a commitment MessageBox fires.,"PDV_DaedricPrinceRecordContracts.json, commitmentSignalsRequired field; PDV_DaedricContent_Manifest.md Section 2 'Commitment gate'"
BC-0491,commitment,ALL,No-offer races require manager special-branch,BETA,source,PASS,All checkable identifiers present and reachability clean.,"No-offer races (Khajiit, Argonian, Dunmer ancestor lane) must have a manager special-branch for reward gating on substrate tier + layer state; the active-patron universally assumption must NOT be applied to these races.",PDV_Phase2_DeityRoster_and_ArchitectureRulings.md Section R7 substrate/no-offer branch; PDV_RaceContractTemplate.md Section Gate-type dimension
BC-0494,commitment,Altmer,Trinimac offer gate,BETA,source,PASS,All checkable identifiers present and reachability clean.,"Trinimac primary offer must fire only when ThalmorAlignment is 70 or above; offer evaluation must check track state before firing, mirroring Imperial Talos commitment gate pattern.",PDV_RaceDesign_Altmer.md -- Trinimac focus (requires ThalmorAlignment 70+)
BC-0495,commitment,Bosmer,Path switching gates,BETA,source,PASS,All checkable identifiers present and reachability clean.,LivingStory can be entered with one strong community/story signal; Exchange and BanditRoad require two destination-coded signals on separate in-game days within seven (unless major curated quest proves path); OldContract re-entry requires recommitment plus three Pact-positive days within seven; no auto-switch for 7 days after switching.,PDV_RaceDesign_Bosmer.md -- Path switching locks (LOCKED)
BC-0496,commitment,Breton,Hidden Art / Daedric no double-count,BETA,source,PASS,All checkable identifiers present and reachability clean.,"Hidden Art Daedric deities (Hircine, Hermaeus Mora, Namira, Nocturnal) must use the global Daedric system; the global Daedric taboo/stigma response must NOT fire on top of Hidden Art scoring; Breton social cost is carried ONLY by WitchcraftExposure.",PDV_RaceDesign_Breton.md -- Implementation acceptance criteria (Hidden Art layers on global Daedric system)
BC-0497,commitment,Dunmer,Dunmer focus gate,BETA,esp,PASS,All checkable identifiers present.,"Dunmer native focus (Azura/Boethiah/Mephala) must use shared patron-state model: PDV_GLO_PatronState for broad/primary commitment, PDV_GLO_PatronDeity for accepted focus; do NOT implement PDV_State_DunmerPath as a path enum; focus offer must use global formal-offer gate (50 persistent piety, 2 qualifying signal-days within 7).",PDV_RaceDesign_Dunmer.md -- Implementation split (LOCKED) + Focus gate (LOCKED)
BC-0498,commitment,Imperial,Talos primary offer gate,BETA,source,PASS,All checkable identifiers present and reachability clean.,Talos primary offer must be blocked when ConcordatStanding is Public Compliant or Concordat Enforcer unless a fresh costly-defiance rupture signal has been authored; accepting the offer must move the player to at least Private Defiant.,PDV_RaceDesign_Imperial.md -- Talos commitment gate (LOCKED) + Talos rupture acceptance (LOCKED)
BC-0499,commitment,Nord,Nord primary patron,BETA,esp,PASS,All checkable identifiers present.,"Accepting a Nord primary offer must store deity in PDV_GLO_PatronDeity, apply 70% piety carry-over, clear pending offer candidates, and set patron state to active primary; no competing offers fire in 1.0 while patron is active.",PDV_RaceDesign_Nord.md -- Acceptance / no-switching rule (LOCKED)
BC-0500,commitment,Redguard,Sect switching gates,BETA,source,PASS,All checkable identifiers present and reachability clean.,Crown <-> Forebear switching requires two sect-coded signals on separate in-game days within seven or a major curated quest beat; Ash'abah entry requires a major death/undead/tomb/impurity-bearing signal (not casual undead fighting); leaving Ash'abah requires Crown or Forebear reorientation plus two-day destination proof.,PDV_RaceDesign_Redguard.md -- Sect switching locks (LOCKED)
BC-0501,pacing,ALL,all gods - hard ceiling,BETA,source,PASS,All checkable identifiers present and reachability clean.,A hard ceiling of 4.3 piety/day must be enforced via DAWN_CLAMP_PER_DAY = 4.3 so a maximiser cannot exceed the 6/12/20-day ceiling calendar.,PDV_PietyPaceBalancingTable.md - Section2 The one engine change required
BC-0506,pacing,ALL,Daily piety cap shared engine,BETA,source,PASS,All checkable identifiers present and reachability clean.,"PIETY_DAILY_MAX_DELTA=4.3 and GAIN_RATE_SCALE=1.32 must be set in PDV__ManagerQuest; all faucet races must reach Devoted (~50 piety) in roughly 12 days at steady honest play without perfect play; piety tiers are Seeker=25, Devoted=50, Champion=85.",PDV_RaceContractTemplate.md Section Shared engine table; Section Reward shape tier table
BC-0508,pacing,ALL,Shared offer gate threshold,BETA,source,PASS,All checkable identifiers present and reachability clean.,"All formal patron offer races (Nord, Imperial, Breton, Dunmer, Altmer, Redguard) must use the global formal-offer gate: dawn-only evaluation, 50 persistent piety default, qualifying signal activity on 2+ separate in-game days within 7, per-deity cooldowns, no persistent offer queue.",Devotion_Races_Overview.md -- Patron commitment comes from the god; PDV_RaceDesign_Dunmer.md Focus gate (LOCKED)
BC-0513,pacing,Nord,Nord primary offer system,BETA,source,PASS,All checkable identifiers present and reachability clean.,"Primary patron offers must evaluate at dawn only, require 50 persistent piety + qualifying signal activity on 2+ separate in-game days within the last 7 days + no offer cooldown; offer the highest recent signal-strength god first.",PDV_RaceDesign_Nord.md -- Primary-offer gate (LOCKED)
BC-0517,pacing,Orc,Mode ceiling multipliers,BETA,source,PASS,All checkable identifiers present and reachability clean.,"Orc mode ceiling must be implemented as piety-per-day rate multiplier applied AFTER the dawn clamp: Stronghold x1.00, City x0.75, LegionExile x0.60 of base rate. Passive decay must NOT be mode-scaled (stays universal 0.5/day). Thresholds 25/50/85 are identical across modes.",PDV_RaceDesign_Orc.md -- Mode ceiling implementation (LOCKED)
BC-0518,substrate,Argonian,PDV_Substrate_ArgonianHist,BETA,esp,PASS,All checkable identifiers present.,PDV_Substrate_ArgonianHist must own all three visible layers (Hist/People/Void) under StorageUtil prefix PDV.Substrate.ArgonianHist.*; canonical keys: Hist/People/Void/Tier/LastHistEvent/LastPeopleEvent/LastVoidEvent/LastMaintenanceDay/SithisSignalCount/BedOfChoiceSleepCount/BedOfChoiceLastSleep.,PDV_RaceDesign_Argonian.md -- Single layered substrate (LOCKED) + Storage namespace (LOCKED)
BC-0519,substrate,Argonian,PDV_Substrate_ArgonianHist substrate boon triad,BETA,esp,PASS,All checkable identifiers present.,"PDV_Substrate_ArgonianHist must have three populated slot spells: Substrate_Always (PDV_Bless_Argonian_Substrate_Always, ResistDisease 5%), Substrate_Mid (PDV_Bless_Argonian_Substrate_Mid, HealRateMult 6% near water + ResistPoison 10%), Substrate_High (PDV_Bless_Argonian_Substrate_High, HealRateMult 9% near water + ResistDisease 15% + ResistPoison 15%).",PDV_ArgonianRewardRecords.spec.json Section substrateBoons slots
BC-0521,substrate,Dunmer,PDV_Substrate_DunmerAncestor substrate boon triad,BETA,esp,PASS,All checkable identifiers present.,"PDV_Substrate_DunmerAncestor must have three populated slot spells: Substrate_Always (PDV_Bless_Dunmer_Substrate_Always, ResistMagic 3%), Substrate_Mid (PDV_Bless_Dunmer_Substrate_Mid, MagickaRateMult 6% home/shrine + ResistMagic 6%), Substrate_High (PDV_Bless_Dunmer_Substrate_High, MagickaRateMult 9% home/shrine + ResistMagic 12% + HealRateMult 5% home/shrine); NO passive dawn decay.",PDV_DunmerRewardRecords.spec.json Section substrateBoons slots; Section decayRule 'NO passive dawn decay'
BC-0522,substrate,Khajiit,Lunar substrate (PDV_Substrate_KhajiitLunar),BETA,esp,PASS,All checkable identifiers present.,PDV_Substrate_KhajiitLunar must be always-active for all Khajiit using StorageUtil prefix PDV.Substrate.KhajiitLunar.* with keys Metric/Tier/LastEvent/LastPhase/ObservanceCount/RoadHomeCount; hybrid moon model must provide small per-phase activity bonuses plus full-cycle consistency bonus.,PDV_RaceDesign_Khajiit.md -- Substrate namespace (LOCKED) + Moon-cycle model (LOCKED)
BC-0523,substrate,Khajiit,PDV_Substrate_KhajiitLunar substrate boon triad,BETA,esp,PASS,All checkable identifiers present.,"PDV_Substrate_KhajiitLunar must have three populated slot spells: Substrate_Always (PDV_Bless_Khajiit_Substrate_Always, ResistDisease 5%), Substrate_Mid (PDV_Bless_Khajiit_Lunar_T1 07103F rehomed, night StaminaRateMult 5% + ResistDisease 15%), Substrate_High (PDV_Bless_Khajiit_Substrate_High, night StaminaRateMult 8% + ResistDisease 15% + MagickaRateMult 5%).",PDV_KhajiitRewardRecords.spec.json Section substrateBoons slots
BC-0524,substrate,Redguard,Far Shores token support spell,BETA,esp,PASS,All checkable identifiers present.,"PDV_Bless_Redguard_FarShoresToken must exist as a support spell (ResistMagic 5%, unconditional V1) with daily anti-farm cap; it is NOT a third always-on boon family; all copy must say Tu'whacca and Far Shores, never Arkay.",PDV_RedguardRewardRecords.spec.json Section farShoresToken
BC-0525,state_track,Altmer,PDV_State_AltmerCrisis,BETA,esp,PASS,All checkable identifiers present.,"PDV_State_AltmerCrisis must use values None=0/Dissonant=1/Questioning=2/Reasserting=3/ScarredResolved=4; must fire on Dragonborn declaration, Sovngarde/Tsun reality, marriage/mortal continuity, and Companions/Wuuthrad/beast fork; replaces normal Lorkhan penalty for major theological collisions.",PDV_RaceDesign_Altmer.md -- Crisis State And Resolution Closeout (LOCKED 2026-05-30)
BC-0526,state_track,Argonian,Argonian Hist substrate and posture state,BETA,esp,PASS,All checkable identifiers present.,"PDV_Substrate_ArgonianHist and PDV.Substrate.ArgonianHist.* key contract must exist; PDV_State_ArgonianHistPosture must have enum values Normal, Distant, Strained, Silenced, Corrupted; Sithis signal counter must require at least three significant signals across separate quest beats/days before full Void scoring.","PDV_RaceRewardBudgetLedger.md -- Focused Pass: Argonian, Needs verifier/proof"
BC-0527,state_track,Argonian,PDV_State_ArgonianHistPosture,BETA,esp,PASS,All checkable identifiers present.,PDV_State_ArgonianHistPosture must use Normal=0/Distant=1/Strained=2/Silenced=3/Corrupted=4; low uncursed Hist becomes Distant; active lycanthropy sets Strained; active vampirism sets at least Silenced; vampirism plus Molag Bal/domination/feeding pressure may set Corrupted.,PDV_RaceDesign_Argonian.md -- Curse posture enum (LOCKED)
BC-0528,state_track,Bosmer,Bosmer path state enum,BETA,esp,PASS,All checkable identifiers present.,"PDV_State_BosmerPath must exist with enum values OldContract, LivingStory, Exchange, BanditRoad; fallback is LivingStory; Old Contract must be separate from PactBound, GreenPactCompliance, and LapsedFromPact.","PDV_RaceRewardBudgetLedger.md -- Focused Pass: Bosmer, Needs verifier/proof"
BC-0529,state_track,Bosmer,PDV_State_BosmerPath,BETA,esp,PASS,All checkable identifiers present.,PDV_State_BosmerPath enum (OldContract=0/LivingStory=1/Exchange=2/BanditRoad=3) must exist; fallback is LivingStory; exactly one path active at a time selecting the eligible reward family.,PDV_BosmerRewardRecords.spec.json Section stateGate enum; Section baseline.stateTrack
BC-0530,state_track,Breton,Breton tradition state enum and three standing tracks,BETA,esp,PASS,All checkable identifiers present.,"PDV_State_BretonTradition must exist with enum values KnightsRoad, HiddenArt, GreenWay; KnightlyVowIntegrity, WitchcraftExposure, DruidicStanding, and PDV_State_BretonDruidicFork must all have verifiable band/state readback; normal tradition switching is blocked in 1.0.","PDV_RaceRewardBudgetLedger.md -- Focused Pass: Breton, Needs verifier/proof"
BC-0531,state_track,Breton,DruidicStanding,BETA,esp,PASS,All checkable identifiers present.,DruidicStanding must exist as a 0-100 pressure track (starts at 50); PDV_State_BretonDruidicFork must use values None=0/Druidic=1/Werewolf=2/Betrayed=3. DruidicStanding modifies access/penalty only and is not a boon track.,PDV_RaceDesign_Breton.md -- DruidicStanding + PDV_State_BretonDruidicFork lock
BC-0532,state_track,Breton,KnightlyVowIntegrity,BETA,esp,PASS,All checkable identifiers present.,"KnightlyVowIntegrity must exist as a 0-100 track (starts at 100 for Knight's Road); must degrade on Thieves Guild join (-30), Dark Brotherhood join (-40), innocent kills (-15/event), quest abandonment (-10); must suppress all Knight's Road gains below 50 and halt at 0 until restored above 25.",PDV_RaceDesign_Breton.md -- KnightlyVowIntegrity Track
BC-0533,state_track,Breton,PDV_State_BretonTradition + pressure tracks,BETA,esp,PASS,All checkable identifiers present.,"PDV_State_BretonTradition enum (KnightsRoad=0/HiddenArt=1/GreenWay=2) must resolve selecting exactly one active focused family; PDV_RepTrack_KnightlyVowIntegrity, PDV_RepTrack_WitchcraftExposure, and PDV_RepTrack_DruidicStanding must exist as pressure-only tracks (not boon tracks); PDV_State_BretonDruidicFork (None/Druidic/Werewolf/Betrayed) must exist.",PDV_BretonRewardRecords.spec.json Section stateTracks; Section overstackControl
BC-0534,state_track,Breton,WitchcraftExposure,BETA,esp,PASS,All checkable identifiers present.,"WitchcraftExposure must exist as a global 0-100 track (starts at 0) active for ALL Bretons regardless of tradition; bands Hidden/Suspected/Known/Notorious must modify daily shift (x0.9/x0.75/x1.25 respectively); raises from Daedric quests (+15), Vigilant catch (+20), Tier 2 Daedric (+10), killing Vigilant (+25).",PDV_RaceDesign_Breton.md -- WitchcraftExposure Track (LOCKED)
BC-0536,state_track,Imperial,Imperial ConcordatStanding band readback,BETA,esp,PASS,All checkable identifiers present.,"PDV_RepTrack_ConcordatStanding must have verifiable band readback including Uncommitted, Private Defiant, Open Defiant, Public Compliant, and Concordat Enforcer; Talos offer filters by standing must be wired; costly-defiance rupture moves compliant characters at least to Private Defiant on acceptance.","PDV_RaceRewardBudgetLedger.md -- Focused Pass: Imperial, Needs verifier/proof"
BC-0537,state_track,Imperial,PDV_RepTrack_ConcordatStanding,BETA,esp,PASS,All checkable identifiers present.,ConcordatStanding (PDV_RepTrack_ConcordatStanding) must exist with bands Uncommitted/PrivateDefiant/OpenDefiant/PublicCompliant/ConcordatEnforcer and must modify Talos access/offer-priority/pressure; it must NOT pay a parallel boon track.,"PDV_ImperialRewardRecords.spec.json Section baseline.stateTrack; Section budget 'ConcordatStanding modifies, not a parallel buff track'"
BC-0538,state_track,Khajiit,Khajiit focused emphasis global mirror,BETA,esp,PASS,All checkable identifiers present.,"PDV_GLO_KhajiitFocusedEmphasis must exist with enum values: None=0, Khenarthi, Azurah, BaanDar, Rajhin, Alkosh; evaluated at dawn when persistent piety is at least 50 and the leading deity has a 15-piety lead over the next Khajiit deity.","PDV_RaceRewardBudgetLedger.md -- Focused Pass: Khajiit, Needs verifier/proof"
BC-0540,state_track,Nord,Nord pantheon baseline state enum,BETA,esp,PASS,All checkable identifiers present.,"PDV_State_NordPantheonBaseline must exist with enum values OldWays and NineDivines; broad and focused suppression rules must be wired: broad below focused, accepted patron suppresses competing offers.","PDV_RaceRewardBudgetLedger.md -- Focused Pass: Nord, Needs verifier/proof"
BC-0541,state_track,Nord,PDV_State_NordPantheonBaseline,BETA,esp,PASS,All checkable identifiers present.,PDV_State_NordPantheonBaseline enum (OldWays=0/NineDivines=1) must exist; the active value must select which pantheon's gods are offer-eligible; commitment uses shared PDV_GLO_PatronState/PDV_GLO_PatronDeity.,PDV_NordRewardRecords.spec.json Section authoringPlan.baseline.stateTrack
BC-0542,state_track,Orc,Malacath - PDV_State_OrcLifeMode,BETA,source,PASS,All checkable identifiers present and reachability clean.,A PDV_State_OrcLifeMode state tracker must exist that records the active Orc life mode (Stronghold/City/Legion-Exile) at event time so the EventBus routing function can apply the correct piety multiplier.,PDV_Phase20_ExpandedSignalArchitecture.md - B5 Orc - PDV_FLST_P2_OrcMalacathSources route note
BC-0543,state_track,Orc,Orc life-mode state enum and global mirror,BETA,esp,PASS,All checkable identifiers present.,"PDV_State_OrcLifeMode and PDV_GLO_State_OrcLifeMode must exist with enum values City=0, Stronghold=1, LegionExile=2; mode switch gates must be enforced (Blood-Kin for Stronghold, pressure-bearing service for Legion/Exile, City as fallback); three-day soft-switch lockout.","PDV_RaceRewardBudgetLedger.md -- Focused Pass: Orc, Needs verifier/proof"
BC-0544,state_track,Orc,PDV_State_OrcLifeMode,BETA,esp,PASS,All checkable identifiers present.,"PDV_State_OrcLifeMode enum (City=0/Stronghold=1/LegionExile=2) must resolve; skeleton scaffold state track and global mirror PDV_GLO_OrcLifeMode must be referenced (not recreated); mode multipliers locked: Stronghold x1.00, City x0.75, LegionExile x0.60.",PDV_OrcRewardRecords.spec.json Section stateSurfaces; Section notes mode ceiling rate multipliers LOCKED
BC-0545,state_track,Redguard,PDV_State_RedguardSect,BETA,esp,PASS,All checkable identifiers present.,"PDV_State_RedguardSect enum (Crown=0/Forebear=1/AshAbah=2) must resolve with fallback Forebear; skeleton scaffold must be referenced (not recreated); sect is eligibility/filter layer, not a boon stack.",PDV_RedguardRewardRecords.spec.json Section stateTrack
BC-0546,state_track,Redguard,Redguard sect state enum,BETA,esp,PASS,All checkable identifiers present.,"PDV_State_RedguardSect must exist with enum values Crown=0, Forebear=1, AshAbah=2 and fallback Forebear; Far Shores token activation and Arkay fallback copy must say Tu'whacca; no private/home bonus ships in V1.","PDV_RaceRewardBudgetLedger.md -- Focused Pass: Redguard, Needs verifier/proof"
BC-0550,curse_daedric,ALL,Hircine,BETA,source,PASS,All checkable identifiers present and reachability clean.,"Hircine commitment slot must be a curse-onset message fired by the curse-state module on lycanthropy acquisition, not a 3-signal pact counter; no CommitmentSignalsRequired counting applies.",PDV_Daedric_DecisionPacket_CAT4.md D-16.1 'Curse-access treatment' table; D-16.3 Hircine head start
BC-0551,curse_daedric,ALL,Hircine,BETA,esp,PASS,All checkable identifiers present.,"Hircine boon, price, tier-up notifications, and per-race response rows must be authored normally (same template as standard Princes), coordinating with but not duplicating the race manifest CurseState rows.",PDV_Daedric_DecisionPacket_CAT4.md D-16.1 'Boon/price/tier-up/per-race response: authored normally'; D-16.2 coordination rule
BC-0552,curse_daedric,ALL,Hircine,BETA,source,PASS,All checkable identifiers present and reachability clean.,"Hircine exit slot must be the cure path message, not a renounce verb; the cure starts recovery and rites/authored beats complete it per D-13 mixed recovery.",PDV_Daedric_DecisionPacket_CAT4.md D-16.1 'Exit (renounce): Cure path (D-13 mixed recovery)'
BC-0553,curse_daedric,ALL,Hircine,BETA,source,PASS,All checkable identifiers present and reachability clean.,"Hircine must not double-fire with the race manifest per-race CurseState rows; the curse-onset and cure messages are owned by the curse-state module (Phase 15), not the Daedric Prince path script.",PDV_Daedric_DecisionPacket_CAT4.md D-16.2 'Coordination rule (no double-fire)'
BC-0555,curse_daedric,ALL,Molag Bal,BETA,source,PASS,All checkable identifiers present and reachability clean.,"Molag Bal commitment slot must be reframed as a curse-access commitment message fired when the player has kept vampirism through 3 available cure opportunities, not a standard 3-signal pact counter.",PDV_DaedricBatch0_D18ProofLedger.md 'Molag Bal uses curse-access commitment reframe'; PDV_Daedric_DecisionPacket_CAT4.md D-16.1
BC-0556,curse_daedric,ALL,Molag Bal,BETA,source,PASS,All checkable identifiers present and reachability clean.,"Molag Bal stigma rows must be driven by curse-state visibility (vampirism known/notorious), not by per-act stigma accrual; the path uses curse-state display rows coordinated with the race manifest.",PDV_DaedricBatch0_D18ProofLedger.md 'Molag Bal rows are display text only and must be curse-state driven'; PDV_Daedric_DecisionPacket_CAT4.md D-16.1
BC-0557,curse_daedric,ALL,Molag Bal,BETA,source,PASS,All checkable identifiers present and reachability clean.,Molag Bal must not double-fire with race manifest CurseState rows; no slot collision between PDV_Msg_Daedric_Molag_* and any race *_CurseState_* records.,PDV_DaedricBatch0_D18ProofLedger.md 'Prove no double-fire with race CurseState rows'; PDV_Daedric_DecisionPacket_CAT4.md D-16.2
BC-0558,curse_daedric,ALL,Molag Bal,BETA,esp,PASS,All checkable identifiers present.,Molag Bal exit slot (PDV_Msg_Daedric_Molag_Exit) must frame the cure path and state that the vampiric authority withdraws but the curse itself may remain; residue language required per D-15.3.,PDV_DaedricPrinceRecordContracts.json Molag Bal Msg_Exit text; PDV_Daedric_DecisionPacket_CAT4.md D-16.1 exit treatment
BC-0560,curse_daedric,Altmer,Altmer vampire exile + werewolf hard halt,BETA,esp,PASS,All checkable identifiers present.,PDV_Msg_Altmer_VampireExiledPath_Entry and PDV_Msg_Altmer_VampireExiledPath_Recognition must exist blocking full orthodox restoration while cursed; PDV_Msg_Altmer_CurseState_WerewolfHardHalt must exist halting advancement while werewolf.,PDV_AltmerRewardRecords.spec.json Section curseAndExile
BC-0562,curse_daedric,Altmer,Vampire (no restoration),BETA,source,PASS,All checkable identifiers present and reachability clean.,"Altmer vampirism must close Auri-El entirely; the live beta path is exile pressure with a scar flag and recognition message, not a restorative state-track record.",PDV_RaceDesign_Altmer.md -- Curse State Summary / Vampire; live beta implementation uses PDV.Altmer.VampireExileActive and PDV.Altmer.VampireExileScar StorageUtil keys
BC-0563,curse_daedric,Altmer,Werewolf (full halt),BETA,source,PASS,All checkable identifiers present and reachability clean.,Altmer werewolfism must halt devotion entirely -- not even Tier 1 heretical cap; no path forward in any direction; requires clean werewolf-state detection not relying on transformation animation.,PDV_RaceDesign_Altmer.md -- Curse State Summary / Werewolf
BC-0564,curse_daedric,Argonian,Argonian vampire = deep grief / Corrupted posture,BETA,source,PASS,All checkable identifiers present and reachability clean.,Argonian vampire state must set Hist posture to Corrupted; lycanthropy sets Strained; both are explicit curse postures that suppress normal Hist reward layers; the posture enum must be verifiable.,PDV_RaceEffectReviewLedger.md -- Khajiit section note cross-referencing Argonian; PDV_RaceRewardBudgetLedger.md -- Focused Pass: Argonian
BC-0574,curse_daedric,Khajiit,Khajiit ShadowDrift boundary: not triggered by ordinary night behavior,BETA,source,PASS,All checkable identifiers present and reachability clean.,"Khajiit ShadowDrift posture must only be triggered by dominant Nocturnal/shadow behavior; ordinary night travel, ordinary stealth, and ordinary moon observance must NOT set ShadowDrift.","PDV_RaceRewardBudgetLedger.md -- Focused Pass: Khajiit, Needs verifier/proof; PDV_RaceEffectReviewLedger.md -- Khajiit lunar baseline, rejected hooks"
BC-0575,curse_daedric,Khajiit,Vampire (Corrupted posture),BETA,source,PASS,All checkable identifiers present and reachability clean.,Active Khajiit vampirism must set PDV_State_KhajiitLunarPosture to Corrupted=2; lunar substrate weakened but not destroyed; caravan/community compatibility reduces sharply; Nocturnal drift increases as shadow substitute; community belonging damaged.,PDV_RaceDesign_Khajiit.md -- Vampire posture (LOCKED) + Curse State Summary
BC-0576,curse_daedric,Khajiit,Werewolf (Strained posture),BETA,source,PASS,All checkable identifiers present and reachability clean.,Active Khajiit lycanthropy must set PDV_State_KhajiitLunarPosture to Strained=1; lunar substrate mostly intact; Hircine adds a competing shape without severing identity; caravan/community belonging damaged; ShadowDrift (=3) must NOT be triggered by ordinary night travel or stealth.,PDV_RaceDesign_Khajiit.md -- Werewolf posture (LOCKED) + ShadowDrift boundary (LOCKED)
BC-0584,runtime_wiring,ALL,All 16 Daedric Princes,BETA,esp,PASS,All checkable identifiers present.,"PDV__ManagerQuest must have PDV_FLST_DaedricPaths_All wired as a FormList property, populated with all 16 Prince quest records by pdv-daedric-author.",PDV_AllRaceDaedricBetaReadinessLedger.md 'Manager FormList property: PDV__ManagerQuest.PDV_FLST_DaedricPaths_All wired by pdv-daedric-author'
BC-0585,runtime_wiring,ALL,All 16 Daedric Princes,BETA,esp,PASS,All checkable identifiers present.,"16 QASmoke live sender reference objects (PDV_REFR_Daedric_<Prince>_LiveSender_QASmoke, route-200) must exist and read back to their ACTI bases; MCM Debug 'Route all Princes' must route all 16 EventBus sender cues in one prompt.",PDV_AllRaceDaedricBetaReadinessLedger.md 'QASmoke proof senders: 16 PDV_REFR_Daedric_<Prince>_LiveSender_QASmoke route-200 refs'
BC-0586,runtime_wiring,ALL,All 16 Daedric Princes,BETA,source,PASS,All checkable identifiers present and reachability clean.,All 16 generated PDV_DaedricPath_<Prince> scripts must compile with 0 errors and 0 warnings; Hircine has pre-existing Phase 13/15 compiled script.,PDV_AllRaceDaedricBetaReadinessLedger.md 'Compiled scripts: all 15 generated non-Hircine scripts compile 0 error / 0 warning'
BC-0589,runtime_wiring,ALL,FLST P2 receiver shells - all 34 races,BETA,esp,PASS,All checkable identifiers present.,All 34 PDV_FLST_P2_* receiver shells must be wired across all ten races with PDV_Player alias properties; route entry points in PDV_PlayerEvents.psc must exist for quest-stage routing per the live P2 receiver manifest.,PDV_Phase20_ExpandedSignalArchitecture.md - Purpose / status note (34 shells wired)
BC-0591,runtime_wiring,ALL,Manager deity property wiring,BETA,esp,PASS,All checkable identifiers present.,"PDV__ManagerQuest must have wired deity properties for every new deity QUST (PDV_Akatosh, PDV_Mara, PDV_Arkay, PDV_Stendarr, PDV_Zenithar, PDV_Dibella, PDV_Julianos, PDV_Kynareth, PDV_Shor, PDV_Tsun, PDV_Stuhn, PDV_Magnus, PDV_Xarxes, PDV_Boethiah, PDV_Mephala, PDV_Malacath, PDV_Trinimac, PDV_Hist, PDV_Sithis, PDV_Tuwhacca, PDV_HoonDing, PDV_Leki) plus all reward spell properties.",PDV_Phase2_DeityRoster_and_ArchitectureRulings.md Section R4; all per-race specs Section managerDeityProperties and Section wiring sections
BC-0597,surfacing,ALL,All 16 Daedric Princes,BETA,esp,PASS,All checkable identifiers present.,"Each Daedric Prince must have a commitment MessageBox (PDV_Msg_Daedric_<Prince>_Commitment) that fires exactly once when the 3-signal commitment gate clears, with god-voice text and a body budget of 500/280 characters.",PDV_DaedricContent_Manifest.md Section 3 slot conventions; PDV_Daedric_DecisionPacket_CAT4.md D-18 item 5
BC-0598,surfacing,ALL,All 16 Daedric Princes,BETA,esp,PASS,All checkable identifiers present.,"Each Daedric Prince must have a Champion entry MessageBox (PDV_Msg_Daedric_<Prince>_ChampionEntry) that fires once on first reaching Champion tier, with god-voice text.",PDV_DaedricContent_Manifest.md Section 3 slot conventions; PDV_Daedric_DecisionPacket_CAT4.md D-18 item 4
BC-0599,surfacing,ALL,All 16 Daedric Princes,BETA,esp,PASS,All checkable identifiers present.,"Each Daedric Prince must have Seeker entry notification (PDV_Notif_Daedric_<Prince>_SeekerEntry), Devoted entry notification (PDV_Notif_Daedric_<Prince>_DevotedEntry), and lapse notification (PDV_Notif_Daedric_<Prince>_Lapse) with narrator voice at 80/60 character budget.",PDV_DaedricContent_Manifest.md Section 3 slot conventions; PDV_Daedric_DecisionPacket_CAT4.md D-18 item 4
BC-0600,surfacing,ALL,All 16 Daedric Princes,BETA,esp,PASS,All checkable identifiers present.,Each Daedric Prince must have a neglect texture notification (PDV_Notif_Daedric_<Prince>_NeglectTexture) and an exit MessageBox (PDV_Msg_Daedric_<Prince>_Exit) with residue language indicating slow stigma decay.,PDV_DaedricContent_Manifest.md Section 3 slot conventions; PDV_Daedric_DecisionPacket_CAT4.md D-18 item 7; D-15.3 residue rule
BC-0604,surfacing,ALL,All 16 Daedric Princes,BETA,data,PASS,All checkable identifiers present.,"Daedric tier labels must be Seeker / Devoted / Champion (not the Aedric Observant / Faithful / Devoted ladder) in all player-facing UI, notification text, and Survey/status display.",PDV_DaedricContent_Manifest.md Section 2 'Tiers are Seeker / Devoted / Champion'
BC-0606,surfacing,ALL,All 16 Daedric Princes,BETA,esp,PASS,All checkable identifiers present.,"Each Prince must have three stigma crossing notifications (Suspected, Known, Notorious) firing on band entry; Latent band has no notification by design.",PDV_Daedric_DecisionPacket_CAT4.md D-15.1 'Latent floor simply has no notification'; PDV_DaedricContent_Manifest.md Section 5
BC-0611,surfacing,ALL,custom-race fallback notice,BETA,source,PASS,All checkable identifiers present and reachability clean.,"When PDV_Origin defaults an unknown race to RACE_IMPERIAL, this must be surfaced as both a one-time first-load notice and an MCM/status diagnostic",PDV_Architecture_v3.md Section3.2 Architecturally deferred -- custom-race fallback
BC-0612,surfacing,ALL,diegetic UX -- D1 records and wiring,BETA,esp,PASS,All checkable identifiers present.,"PDV_DiegeticDeps and PDV_DiegeticDirector quests must be Start-Game-Enabled with SGE flags and SEQ entries; D1 records (5 IMAD, 4 SPEL/EFSH shaders, 5 SNDR, 1 MUSC, 1 MISC medallion, 1 BOOK) must be present in Devotion.esp; D1Enabled must default false until counted-transition proof passes",PDV_DiegeticUX.manifest.json d0Note and ckWriteContract sections
BC-0613,surfacing,ALL,diegetic UX -- routine favor channels,BETA,source,PASS,All checkable identifiers present and reachability clean.,"Dunmer portable shrine, Dunmer home bonus, Khajiit moon observance, and Khajiit road-home routine favor events must call NotifyDiegeticRoutineFavor with the matching reason string",PDV_DiegeticUX.manifest.json requiredSourceContracts -- PDV__ManagerQuest mustContain NotifyDiegeticRoutineFavor call sites
BC-0614,surfacing,ALL,diegetic UX -- SurfaceTransition call sites,BETA,source,PASS,All checkable identifiers present and reachability clean.,"PDV__ManagerQuest must call SurfaceTransition at tier-reach, neglect-drop, and curse-transition; PDV_DiegeticDirector.Dispatch must receive these eventClass/surfaceKey/direction/deityIndex arguments and route to IMAD/SNDR/MUSC/shader/journal diegetic channels when D1Enabled=true",PDV_DiegeticUX.manifest.json requiredSourceContracts -- PDV__ManagerQuest mustContain list
BC-0618,surfacing,ALL,MCM Developer Options gate,BETA,source,PASS,All checkable identifiers present and reachability clean.,The Status page and Debug page must be locked until the player enables Developer Options stored at StorageUtil key PDV.UI.DeveloperOptions; numeric piety must remain dev-only,PDV_Architecture_v3.md Section16.1 MCM evolution -- Status page and Debug page bullets; Section16.4
BC-0619,surfacing,ALL,MCM Player tab,BETA,source,PASS,All checkable identifiers present and reachability clean.,"The MCM Player tab must always be visible and must show thematic summary, mode, patron, standing, curse, favor, and neglect rows plus a Survey Devotion readout action without exposing numeric piety",PDV_Architecture_v3.md Section16.1 MCM evolution -- Player tab bullet
BC-0622,surfacing,ALL,notification level policy,BETA,source,PASS,All checkable identifiers present and reachability clean.,"Routine piety gain/loss and most dawn consolidations must be Quiet (no notification); tier change and neglect threshold crossing must be Medium (Notification); commitment offer, refuse-and-rupture, curse-state transition, and restoration rite completion must be Loud (MessageBox)",PDV_Architecture_v3.md Section16.2 In-world feedback -- three notification levels
BC-0624,surfacing,ALL,Prisma toast contract,BETA,source,PASS,All checkable identifiers present and reachability clean.,"Overlay toast payloads for favor, dawn, neglect, tier, and rivalry are the stable Prisma payload contract; a missing toast with otherwise correct piety math is a Prisma smoke failure, not a devotional scoring failure",PDV_Architecture_v3.md Section16.6 Prisma UI repo boundary and staging -- stable payload contract paragraph
BC-0626,surfacing,ALL,Reward conditions must match player-facing text,BETA,data,PASS,All checkable identifiers present.,"Every reward effect's conditions must match its player-facing description; if an effect is night-only, the copy must say night-only; conditions invisible to the player that contradict the copy are a bug.",PDV_RaceEffectReviewLedger.md -- Review Rules
BC-0627,surfacing,ALL,startup confirm choice flow,BETA,source,PASS,All checkable identifiers present and reachability clean.,All startup race choices must route through PDV_MSG_StartupConfirmChoice; Yes commits the pending selection; No discards it and re-shows the race choice; nothing must be committed until Yes is pressed,race-sheets/PDV_StartupChoice_Messages.md -- PDV_MSG_StartupConfirmChoice -- Flow (per race) section
BC-0629,surfacing,ALL,SurfaceTransition helper,BETA,source,PASS,All checkable identifiers present and reachability clean.,"PDV__ManagerQuest must implement a single SurfaceTransition(String eventClass, String key, String direction) helper with PDV.Surfaced.* StorageUtil one-shot guards routing all five transition classes to the correct notification level and Prisma toast",PDV_Architecture_v3.md Section16.7 Transition surfacing contract (V1) -- Shared implementation shape
BC-0631,surfacing,ALL,Survey Devotion spell,BETA,esp,PASS,All checkable identifiers present.,Survey Devotion must be implemented as PDV_SPEL_SurveyDevotion + PDV_MGEF_SurveyDevotion backed by PDV_SurveyDevotionEffect and deliver a manager-owned thematic MessageBox; it must not expose numeric piety in normal play,PDV_Architecture_v3.md Section16.2 In-world feedback -- Status spell bullet
BC-0642,surfacing,Argonian,curse transition,BETA,data,PASS,All checkable identifiers present.,"Argonian must surface vampire onset, vampire cure, werewolf onset, and werewolf cure via the curse class as Loud MessageBoxes using the corresponding PDV_Msg_Argonian_CurseState_* slots",PDV_TransitionSurfacing_CoverageMap.md Section3 curse table -- Argonian row
BC-0657,surfacing,Breton,startup tradition choice -- no fallback,BETA,source,PASS,All checkable identifiers present and reachability clean.,Breton startup tradition choice (PDV_MSG_StartupBretonChoice) must re-present until explicitly answered; there is no fallback default -- setup must not complete without a committed PDV_State_BretonTradition value,race-sheets/PDV_StartupChoice_Messages.md -- PDV_MSG_StartupBretonChoice Fallback note
BC-0667,surfacing,Imperial,emergence transition -- Champion entry,BETA,data,PASS,All checkable identifiers present.,Imperial Devoted crossing must be surfaced by per-deity Champion entry (PDV_Msg_Imperial_<Deity>_ChampionEntry) as the emergence beat,PDV_TransitionSurfacing_CoverageMap.md Section2 emergence table -- Nord/Imperial/Redguard row
BC-0678,surfacing,Nord,curse transition -- vampire/werewolf,BETA,data,PASS,All checkable identifiers present.,"Nord must surface vampire onset (PDV_Msg_Nord_CurseState_VampireOnset) and vampire cure, and werewolf onset and werewolf cure via the curse class as Loud MessageBoxes",PDV_TransitionSurfacing_CoverageMap.md Section3 curse table -- Nord row
BC-0679,surfacing,Nord,emergence transition -- Champion entry,BETA,data,PASS,All checkable identifiers present.,"Nord Devoted crossing must be surfaced by the per-deity Champion entry (PDV_Msg_Nord_<Deity>_ChampionEntry) as the emergence beat, not by a separate tier notification at Devoted",PDV_TransitionSurfacing_CoverageMap.md Section2 emergence table -- Nord/Imperial/Redguard row; Devoted/emergence reconciliation
BC-0681,surfacing,Nord,Nord vampire suppression/scar,BETA,source,PASS,All checkable identifiers present and reachability clean.,"Phase 18B Nord-specific rule: while a Nord is a vampire, formal commitment offers and contextual favors must be suppressed; cure restores access but leaves a visible scar/status note in Survey/MCM Player page",PDV_Architecture_v3.md Section16.2 Phase 18B Nord-specific rule
BC-0682,surfacing,Nord,tier transition -- N/A at Devoted (reorientation N/A),BETA,source,PASS,All checkable identifiers present and reachability clean.,Nord has no reorientation surface (path and pantheon baseline chosen at start via PDV_State_NordPantheonBaseline; patron swap deferred); no reorientation SurfaceTransition must fire for Nord,PDV_TransitionSurfacing_CoverageMap.md Section4 -- Altmer/Dunmer/Nord N/A row
BC-0687,surfacing,Orc,reorientation transition -- life-mode switch,BETA,source,PASS,All checkable identifiers present and reachability clean.,"Orc confirmed life-mode switch must fire via the reorientation class using the same per-mode entry slots as the emergence class; fire on confirmed switch only, not on intent declaration at startup",PDV_TransitionSurfacing_CoverageMap.md Section4 reorientation table -- Orc row
BC-0688,surfacing,Orc,startup life-mode choice -- intent not entitlement,BETA,source,PASS,All checkable identifiers present and reachability clean.,Orc startup life-mode choice (PDV_MSG_StartupOrcChoice) records intent; active scoring/favor lane stays at City until world confirms eligibility; Stronghold requires Blood-Kin/stronghold acceptance; LegionExile requires service/exile gate; body text must convey this to prevent player surprise,race-sheets/PDV_StartupChoice_Messages.md -- PDV_MSG_StartupOrcChoice Intent not entitlement (LOCKED) note
BC-0690,surfacing,Redguard,curse transition -- Tu'whacca vampire cure re-entry,BETA,data,PASS,All checkable identifiers present.,Redguard must surface vampire onset and cure (VampireCured_TuwhaccaReEntry) and werewolf onset and cure via the curse class as Loud MessageBoxes; the cure has a Tu'whacca-specific re-entry note,PDV_TransitionSurfacing_CoverageMap.md Section3 curse table -- Redguard row
BC-0691,surfacing,Redguard,emergence transition -- Champion entry,BETA,data,PASS,All checkable identifiers present.,Redguard Devoted crossing must be surfaced by per-deity Champion entry (PDV_Msg_Redguard_<Deity>_ChampionEntry) as the emergence beat,PDV_TransitionSurfacing_CoverageMap.md Section2 emergence table -- Nord/Imperial/Redguard row
BC-0693,surfacing,Redguard,Redguard required content rows,BETA,esp,PASS,All checkable identifiers present.,"All required content rows must exist: PDV_Notif_Redguard_Sect_Crown_Entry, PDV_Notif_Redguard_Sect_Forebear_Entry, PDV_Notif_Redguard_Sect_AshAbah_Entry, PDV_Msg_Redguard_Survey_Crown/Forebear/AshAbah, PDV_Msg_Redguard_ChampionEntry_Crown/Forebear/AshAbah, PDV_Notif_Redguard_FarShoresToken_Activate, PDV_Msg_Redguard_CurseState_VampireOnset/VampireCured_TuwhaccaReEntry/WerewolfOnset/WerewolfCured. PrivateContext is deferred because no private-context behavior ships in V1.",PDV_RedguardRewardRecords.spec.json Section requiredContentRows
BC-0694,surfacing,Redguard,reorientation transition -- sect switch,BETA,data,PASS,All checkable identifiers present.,"Redguard must surface each confirmed sect switch (Crown, Forebear, AshAbah) via the reorientation class",PDV_TransitionSurfacing_CoverageMap.md Section4 reorientation table -- Redguard row
BC-0695,surfacing,Redguard,startup sect choice -- Forebear fallback,BETA,source,PASS,All checkable identifiers present and reachability clean.,Redguard startup sect choice (PDV_MSG_StartupRedguardChoice) must default to Forebear (value 1) if sect state is ever unset or corrupt; ancestor reverence layer is always active for all sects regardless of startup choice,race-sheets/PDV_StartupChoice_Messages.md -- PDV_MSG_StartupRedguardChoice Fallback note
BC-0698,other,ALL,All 16 Daedric Princes,BETA,esp,PASS,All checkable identifiers present.,D-12 roster lock: the canonical 16-Prince roster lives in PDV_FLST_DaedricPaths_All; Jyggalag is explicitly excluded from 1.0 scope and must not be added without an explicit architecture decision.,PDV_Daedric_DecisionPacket_CAT4.md 'Roster shape: closed by D-12'; PDV_AllRaceDaedricBetaReadinessLedger.md 'Jyggalag is excluded unless later adopted explicitly'
BC-0703,other,ALL,Altmer Lorkhan economy guardrail,BETA,source,PASS,All checkable identifiers present and reachability clean.,"Ordinary existence in Skyrim must never be a penalty source for Altmer; Lorkhan pressure must use explicit RouteAltmerLorkhanPressure / HandleAltmerLorkhanPressure tags, while basic devotional upkeep trends positive through Auri-El dawn observance, study, and coherent factional acts.",PDV_Architecture_v3.md Sectionv3.84/v3.85 Altmer economy guardrail; PDV_TargetEndStates_1.0.md Altmer section
BC-0704,other,ALL,Anti-farm cap per-signal,BETA,source,PASS,All checkable identifiers present and reachability clean.,Every piety signal must carry an anti-farm cap on the PIETY pulse (not only on the substrate); ritual and practice acts must be capped once per dawn cycle.,AGENTS.md memory/anti-farm-cap-requirement.md
BC-0707,other,ALL,Broad worship Tier 2 cap,BETA,source,PASS,All checkable identifiers present and reachability clean.,Broad worship must default to Tier 2 cap for all formal-offer races in 1.0; raising this cap requires explicit playtest-backed race-author decision.,PDV_Architecture_v3.md Section12.5 (offer/broad worship defaults); Section21.4
BC-0710,other,ALL,D-12 Daedric separate operational roster,BETA,esp,PASS,All checkable identifiers present.,PDV_FLST_AllDaedricPaths and PDV_FLST_AllDeities must remain separate rosters; Daedric paths must not be merged into the Aedric roster.,PDV_Architecture_v3.md Section11.6 D-12
BC-0711,other,ALL,D-13 Mixed Daedric recovery default,BETA,source,PASS,All checkable identifiers present and reachability clean.,Cure or renounce must start Daedric path recovery; rites or authored restoration beats accelerate or complete it; instant absolution and rite-only absolution are both out of bounds as defaults.,PDV_Architecture_v3.md Section11.6 D-13
BC-0712,other,ALL,D-14 Reduced cross-Prince hostility,BETA,source,PASS,All checkable identifiers present and reachability clean.,Canonical Prince-vs-Prince hostility must use reduced rivalry math rather than full Aedric-strength cancellation or stigma-only treatment.,PDV_Architecture_v3.md Section11.6 D-14
BC-0714,other,ALL,D-16 Curse-access Daedric template,BETA,source,PASS,All checkable identifiers present and reachability clean.,Hircine and Molag Bal must use the curse-access template: commitment gate is curse acquisition not chosen pact; stigma driven by Phase 15 curse-state overlay; exit is cure path per D-13; curse-access Princes must not double-fire against race manifest CurseState rows.,PDV_Architecture_v3.md Section11.6 D-16
BC-0724,other,ALL,Fallback-as-floor capstone binding,BETA,source,PASS,All checkable identifiers present and reachability clean.,Every fiddly capstone detection must have a fallback-as-floor mechanism so that no T3 capstone is ever non-functional; all capstones are once/day and at most one cheat-death per race.,PDV_Architecture_v3.md Sectionv3.84/v3.85 addendum; references/authoring/PDV_Phase2_CapstoneSignatures.md
BC-0729,other,ALL,In-world patron switching,BETA,source,PASS,All checkable identifiers present and reachability clean.,Switching from one patron to another mid-game must be deferred to a post-1.0 explicit rupture/restoration/reorientation feature; MCM patron swap must remain dev-only for testing in 1.0.,PDV_Architecture_v3.md Section16.4 locked player-facing design rules
BC-0735,other,ALL,Native-track-as-parity piety model,BETA,source,PASS,All checkable identifiers present and reachability clean.,"Rewards must gate on each race's authentic devotional track by default; active-patron piety faucet kept only for Nord, Imperial, and Altmer as documented exceptions.",PDV_Architecture_v3.md Sectionv3.84 addendum locked design rails
BC-0737,other,ALL,No broad CAT-6 string promotion without pilot gate,BETA,data,PASS,All checkable identifiers present.,"No broad CAT-6 string promotion may occur until one low-risk non-dialogue source row is ratified, promoted, read back, displayed or accepted as readback proof, synced to the handbook, and checked against the holistic race-effect review.",references/authoring/PDV_PreBetaRaceGateLedger.md Global Stop Conditions (CAT-6)
BC-0741,other,ALL,Offer choices Renounce path,BETA,source,PASS,All checkable identifiers present and reachability clean.,Commitment offers for 1.0 must use Accept/Not Yet/Refuse only; a stronger Renounce path with distinct rupture mechanic is deferred post-1.0.,PDV_Architecture_v3.md Section12.5 offer choices
BC-0753,other,Altmer,Talos / Altmer stance,BETA,esp,PASS,All checkable identifiers present.,"Talos stance for Altmer must be HOSTILE (theological enemy), not merely FOREIGN.",PDV_Architecture_v3.md Section3.3 Contested lore items
BC-0757,other,Bosmer,Hircine / Bosmer stance,BETA,esp,PASS,All checkable identifiers present.,Hircine stance for Bosmer must be NATIVE with the lore disagreement noted in deity description text.,PDV_Architecture_v3.md Section3.3 Contested lore items
BC-0760,other,Khajiit,Khajiit no-offer exception,BETA,source,PASS,All checkable identifiers present and reachability clean.,Khajiit must remain the only race that bypasses the standard ProcessCommitmentOffers() mechanism entirely; no formal patron offer system fires for Khajiit.,PDV_Architecture_v3.md Section12.4a Khajiit emergent patron exception (LOCKED); Section21.4
BC-0761,other,Nord,Broad worship first-class lane for Nord,BETA,source,PASS,All checkable identifiers present and reachability clean.,Nord Broad Old Ways and Nord Broad Nine Divines must each count as a complete devotional lane for contextual favors; a Nord broad-worship player must not be treated as a failed patron-offer lane.,PDV_TargetEndStates_1.0.md Nord section; PDV_Architecture_v3.md Section21.4
BC-0766,signal_channel,Khajiit,Baan Dar path,BETA,source,PASS,All checkable identifiers present and reachability clean.,"Organic outnumbered-win detection must carry an adversity gate: 3+ player-attributed session kills or a 5+ level-delta victim award nothing unless player health dropped below 50% during the session, so steamroll dungeon clears stay silent.",PDV_Phase20KhajiitImplementationCosting.manifest.json organicTriggerSurfaces khajiit-baandar-outnumbered-organic
BC-0767,signal_channel,Khajiit,Alkosh path,BETA,source,PASS,All checkable identifiers present and reachability clean.,"Alkosh word-of-power dawn drip must baseline on first run (no bulk award of pre-install words), award at most 3 word nudges per dawn with remainder carried, and add emphasis weight only (no piety pulse).",PDV_Phase20KhajiitImplementationCosting.manifest.json organicTriggerSurfaces khajiit-alkosh-word-of-power-drip
BC-0768,signal_channel,Khajiit,Alkosh path,BETA,esp,PASS,All checkable identifiers present.,"Killing Paarthurnax must route the Alkosh chaos-aid negative signal for Khajiit; no positive Alkosh credit may exist for that kill, and Paarthurnax must be excluded from PDV_FLST_AlkoshNamedDragons.",PDV_Phase20KhajiitImplementationCosting.manifest.json organicTriggerSurfaces khajiit-alkosh-paarthurnax-chaos
