id,surface,race,target,requirement,tier,authority,verify_layer,check_hint,notes,cluster,status
BC-0001,signal_channel,ALL,All 16 Daedric Princes,"A generic-source silence probe (PDV_REFR_Daedric_GenericSilenceProbe_QASmoke, route-201) must exist and return silence when triggered, confirming no generic-source leakage fires a Daedric commitment signal.",BETA,"PDV_AllRaceDaedricBetaReadinessLedger.md, Evidence Baseline 'Daedric controlled sender surface'",esp,PDV_REFR_Daedric_GenericSilenceProbe_QASmoke ACTI base exists; runtime checker --source qasmoke returns silence on probe,,daedric,UNVERIFIED
BC-0002,signal_channel,ALL,Azura,Azura organic commitment signal must fire at DA01 quest stage 100 (The Black Star completion) and route through PDV_FLST_Daedric_AzuraLiveSources FormList.,BETA,"PDV_AllRaceDaedricBetaReadinessLedger.md, Evidence Baseline 'Daedric exact organic live senders'",esp,PDV_FLST_Daedric_AzuraLiveSources contains DA01 stage 100 FormKey from Skyrim.esm,,daedric,UNVERIFIED
BC-0003,signal_channel,ALL,Boethiah,Boethiah organic commitment signal must fire at DA02 quest stage 100 (Boethiah's Calling completion) and route through PDV_FLST_Daedric_BoethiahLiveSources FormList wired on PDV_PlayerEvents alias.,BETA,"PDV_AllRaceDaedricBetaReadinessLedger.md, Evidence Baseline 'Daedric exact organic live senders'; Ledger batch table 'Pilot already drafted' row",esp,PDV_FLST_Daedric_BoethiahLiveSources FormList contains Skyrim.esm DA02 quest FormKey; PDV_PlayerEvents alias script has route wired,,daedric,UNVERIFIED
BC-0004,signal_channel,ALL,Clavicus Vile,Clavicus Vile organic commitment signal must fire at DA03 quest stage 200 (A Daedra's Best Friend completion) and route through PDV_FLST_Daedric_ClavicusLiveSources FormList.,BETA,"PDV_AllRaceDaedricBetaReadinessLedger.md, Evidence Baseline 'Daedric exact organic live senders'",esp,PDV_FLST_Daedric_ClavicusLiveSources contains DA03 stage 200 FormKey,,daedric,UNVERIFIED
BC-0005,signal_channel,ALL,Hermaeus Mora,Hermaeus Mora organic commitment signal must fire at DA04 quest stage 100 (Discerning the Transmundane/Oghma Infinium completion) and route through PDV_FLST_Daedric_HermaeusLiveSources FormList.,BETA,"PDV_AllRaceDaedricBetaReadinessLedger.md, Evidence Baseline 'Daedric exact organic live senders'",esp,PDV_FLST_Daedric_HermaeusLiveSources contains DA04 stage 100 FormKey,,daedric,UNVERIFIED
BC-0006,signal_channel,ALL,Hircine,"Hircine organic commitment signal must fire at DA05 quest stage 100 (Ill Met by Moonlight completion / lycanthropy acquisition) and route through PDV_FLST_Daedric_HircineLiveSources FormList; curse-access path, no standard pact counting.",BETA,"PDV_AllRaceDaedricBetaReadinessLedger.md, Evidence Baseline 'Daedric exact organic live senders'; PDV_Daedric_DecisionPacket_CAT4.md D-16.3",esp,PDV_FLST_Daedric_HircineLiveSources contains DA05 stage 100 FormKey; no CommitmentSignalsRequired counter used,,daedric,UNVERIFIED
BC-0007,signal_channel,ALL,Malacath,Malacath organic commitment signal must fire at DA06 quest stage 200 (The Cursed Tribe completion) and route through PDV_FLST_Daedric_MalacathLiveSources FormList.,BETA,"PDV_AllRaceDaedricBetaReadinessLedger.md, Evidence Baseline 'Daedric exact organic live senders'",esp,PDV_FLST_Daedric_MalacathLiveSources contains DA06 stage 200 FormKey,,daedric,UNVERIFIED
BC-0008,signal_channel,ALL,Mehrunes Dagon,Mehrunes Dagon organic commitment signal must fire at DA07 quest stage 100 (Pieces of the Past completion) and route through PDV_FLST_Daedric_DagonLiveSources FormList.,BETA,"PDV_AllRaceDaedricBetaReadinessLedger.md, Evidence Baseline 'Daedric exact organic live senders'",esp,PDV_FLST_Daedric_DagonLiveSources contains DA07 stage 100 FormKey,,daedric,UNVERIFIED
BC-0009,signal_channel,ALL,Mephala,Mephala organic commitment signal must fire at DA08 quest stage 60 (Whispering Door/Ebony Blade threshold) and route through PDV_FLST_Daedric_MephalaLiveSources FormList.,BETA,"PDV_AllRaceDaedricBetaReadinessLedger.md, Evidence Baseline 'Daedric exact organic live senders'",esp,PDV_FLST_Daedric_MephalaLiveSources contains DA08 stage 60 FormKey,,daedric,UNVERIFIED
BC-0010,signal_channel,ALL,Meridia,Meridia organic commitment signal must fire at DA09 quest stage 500 (The Break of Dawn completion) and route through PDV_FLST_Daedric_MeridiaLiveSources FormList.,BETA,"PDV_AllRaceDaedricBetaReadinessLedger.md, Evidence Baseline 'Daedric exact organic live senders'",esp,PDV_FLST_Daedric_MeridiaLiveSources contains DA09 stage 500 FormKey,,daedric,UNVERIFIED
BC-0011,signal_channel,ALL,Molag Bal,Molag Bal organic commitment signal must fire at DA10 quest stage 200 (House of Horrors completion/vampirism threshold) and route through PDV_FLST_Daedric_MolagLiveSources FormList.,BETA,"PDV_AllRaceDaedricBetaReadinessLedger.md, Evidence Baseline 'Daedric exact organic live senders'",esp,PDV_FLST_Daedric_MolagLiveSources contains DA10 stage 200 FormKey,,daedric,UNVERIFIED
BC-0012,signal_channel,ALL,Namira,Namira organic commitment signal must fire at DA11 quest stage 100 (Taste of Death completion) and route through PDV_FLST_Daedric_NamiraLiveSources FormList.,BETA,"PDV_AllRaceDaedricBetaReadinessLedger.md, Evidence Baseline 'Daedric exact organic live senders'",esp,PDV_FLST_Daedric_NamiraLiveSources contains DA11 stage 100 FormKey,,daedric,UNVERIFIED
BC-0013,signal_channel,ALL,Nocturnal,Nocturnal organic commitment signal must fire at TG09 quest stage 200 (Thieves Guild/Nightingale oath completion) and route through PDV_FLST_Daedric_NocturnalLiveSources FormList; must not count toward Oblivion Walker.,BETA,"PDV_AllRaceDaedricBetaReadinessLedger.md, Evidence Baseline 'Daedric exact organic live senders'; PDV_Daedric_DecisionPacket_CAT4.md Batch 2 note",esp,PDV_FLST_Daedric_NocturnalLiveSources contains TG09 stage 200 FormKey,,daedric,UNVERIFIED
BC-0014,signal_channel,ALL,Peryite,Peryite organic commitment signal must fire at DA13 quest stage 100 (The Only Cure completion) and route through PDV_FLST_Daedric_PeryiteLiveSources FormList.,BETA,"PDV_AllRaceDaedricBetaReadinessLedger.md, Evidence Baseline 'Daedric exact organic live senders'",esp,PDV_FLST_Daedric_PeryiteLiveSources contains DA13 stage 100 FormKey,,daedric,UNVERIFIED
BC-0015,signal_channel,ALL,quest cross-race mutual exclusion,"Every split-outcome quest listed in the Cross-Race Mutual Exclusion Register must fire exactly one branch per character (one-shot gate keyed to the exact stage that completed, never the quest form alone). Applies to DA01, DA05, CW01A/B, DLC1VQ02, MS08, DB01/DB11, TG08B/TG09.",BETA,PDV_Phase20_ExpandedSignalArchitecture.md – Cross-Race Mutual Exclusion Register,source,Each quest in the register: per-character source marker; stage-exact routing; no double-score from both branch FormKeys.,,signals,UNVERIFIED
BC-0016,signal_channel,ALL,quest-reaction wiring – magnitude rules,"Quest-reaction magnitude must follow: milestone if matched tag is C for deity AND stage is completion/terminal; small if tag is S/m or stage is intermediate. Final delta = base(magnitude) x intensity(C/S/m). Quest swings are NOT anti-farm-gated (one-shot), but a single milestone must not exceed ~one tier-step.",BETA,PDV_QuestReactionMatrix.md – Part C1 Magnitude,source,,,signals,UNVERIFIED
BC-0017,signal_channel,ALL,quest-reaction wiring – race-stance modulation,Every quest-reaction piety pulse must be modulated by the player's race-stance toward the reacting deity: NATIVE = full gain/loss; FOREIGN/TOLERATED = dampened; TABOO/HOSTILE = approving act becomes stigma/penalty; CURSE-ACCESS = handled by curse layer only.,BETA,PDV_QuestReactionMatrix.md – Part C2 Race-stance modulation (CRITICAL),source,PDV__ManagerQuest.psc or ActionRouter stance-lookup block; must read PDV_StanceMatrix.csv and PDV_DaedricRacePrinceMatrix.csv values.,,signals,UNVERIFIED
BC-0018,signal_channel,ALL,Sanguine,Sanguine organic commitment signal must fire at DA14 quest stage 200 (A Night to Remember completion) and route through PDV_FLST_Daedric_SanguineLiveSources FormList.,BETA,"PDV_AllRaceDaedricBetaReadinessLedger.md, Evidence Baseline 'Daedric exact organic live senders'",esp,PDV_FLST_Daedric_SanguineLiveSources contains DA14 stage 200 FormKey,,daedric,UNVERIFIED
BC-0019,signal_channel,ALL,Sheogorath,Sheogorath organic commitment signal must fire at DA15 quest stage 200 (The Mind of Madness completion) and route through PDV_FLST_Daedric_SheogorathLiveSources FormList.,BETA,"PDV_AllRaceDaedricBetaReadinessLedger.md, Evidence Baseline 'Daedric exact organic live senders'",esp,PDV_FLST_Daedric_SheogorathLiveSources contains DA15 stage 200 FormKey,,daedric,UNVERIFIED
BC-0020,signal_channel,ALL,thin-god Part D supplement – artifact acquisition hooks,"Artifact-acquisition one-shot hooks must exist for thin Daedric gods: Ring of Namira (DA11), Sanguine Rose (DA14), Spellbreaker/Peryite (DA13), Skull of Corruption/Vaermina (DA16), Masque of Clavicus Vile (DA03 reunite branch); tag acquire_daedric_artifact:<self>.",BETA,PDV_QuestReactionMatrix.md – Part D method 1 – Artifact-acquisition hooks,source,Tranche1 DA01-DA16 wiring spec; each artifact must have a one-shot piety cell authored.,,signals,UNVERIFIED
BC-0021,signal_channel,ALL,thin-god Part D supplement – faction-join one-shots,"Faction-join one-shots must exist: Dark Brotherhood join → Sithis +, Arkay/Stendarr −; Thieves Guild join → Nocturnal/Rajhin +.",BETA,PDV_QuestReactionMatrix.md – Part D method 3 – Faction-join hooks,source,Check DB01 stage routing → Sithis+; TG join stage routing → Nocturnal/Rajhin+.,,signals,UNVERIFIED
BC-0022,signal_channel,ALL,Vaermina,Vaermina organic commitment signal must fire at DA16 quest stage 190 (Waking Nightmare completion) and route through PDV_FLST_Daedric_VaerminaLiveSources FormList.,BETA,"PDV_AllRaceDaedricBetaReadinessLedger.md, Evidence Baseline 'Daedric exact organic live senders'",esp,PDV_FLST_Daedric_VaerminaLiveSources contains DA16 stage 190 FormKey,,daedric,UNVERIFIED
BC-0023,signal_channel,Altmer,Auri-El,"Altmer Auri-El layer must have a daily-capped signal channel for dawn acknowledgment and continuity practice via curated dawn observance proxy or daily high-order devotion flag; single dawn credit, no wait-loop farming.",BETA,PDV_RaceSignalMatrix.csv – Altmer / Layer 1 Auri-El,source,,,signals,UNVERIFIED
BC-0024,signal_channel,Altmer,Auri-El dawn,Auri-El dawn acknowledgment must generate the live Altmer foundation signal once per dawn for Altmer origin before piety consolidation; this is Layer 1 always-active foundation.,BETA,PDV_RaceDesign_Altmer.md -- Positive income tags and hooks; live beta implementation uses Auri-El SIGNAL_DAWN_ACKNOWLEDGMENT,source,RunDawnAwardAltmerAuriElDawn; SIGNAL_DAWN_ACKNOWLEDGMENT,,race-sheets,UNVERIFIED
BC-0025,signal_channel,Altmer,College/Psijic milestones,College of Winterhold advancement and Eye of Magnus/Psijic-adjacent quest stages must generate PDV_ALT_POS_COLLEGE_PSIJIC piety (+8 to +12 per authored milestone); anti-farm on repeatables.,BETA,PDV_RaceDesign_Altmer.md — Positive income tags / PDV_ALT_POS_COLLEGE_PSIJIC,source,,,race-sheets,UNVERIFIED
BC-0026,signal_channel,Altmer,Lorkhan adjacency (penalty),"Altmer must have a penalty signal channel for Lorkhan adjacency via Talos shrine, Sovngarde, Tsun, Stormcloak, Companions, homestead/marriage/adoption tiers; named tiers only, no ambient world-presence tick.",BETA,PDV_RaceSignalMatrix.csv – Altmer / Lorkhan adjacency penalty,source,,,signals,UNVERIFIED
BC-0027,signal_channel,Altmer,Lorkhan Adjacency Penalty,"Lorkhan pressure must fire only on authored tagged triggers through RouteAltmerLorkhanPressure and HandleAltmerLorkhanPressure, with faction modifier applied and major collisions feeding PDV_State_AltmerCrisis. Ordinary ambient Altmer existence in Skyrim must not apply pressure.",BETA,PDV_RaceDesign_Altmer.md — Lorkhan Adjacency Penalty System + implementation economy lock; live beta implementation uses RouteAltmerLorkhanPressure and PDV_State_AltmerCrisis,source,RouteAltmerLorkhanPressure; HandleAltmerLorkhanPressure; PDV_State_AltmerCrisis,,race-sheets,UNVERIFIED
BC-0028,signal_channel,Altmer,Magic school milestones,Advancing an Altmer magic skill to each tier (25/50/75/100) must route the live Magnus beta signal once per skill threshold; wider Syrabane/Julianos per-skill treatment remains future design outside the current authored beta scope.,BETA,PDV_RaceDesign_Altmer.md -- Positive income tags; live beta implementation uses Magnus SIGNAL_MAGIC_MILESTONE,source,HandleAltmerMagicSkillIncrease; SIGNAL_MAGIC_MILESTONE,,race-sheets,UNVERIFIED
BC-0029,signal_channel,Altmer,Magnus / Psijic,"Altmer Magnus/Syrabane/Psijic lane must have signal channels for magical study via College/Psijic quest stages and curated tome-read proxy; quest milestones carry heavy weight, practice events throttled hard.",BETA,PDV_RaceSignalMatrix.csv – Altmer / Magnus/Syrabane/Psijic lane,source,,,signals,UNVERIFIED
BC-0030,signal_channel,Argonian,Argonian Community (Layer 2),"Community must award piety for: helping named Argonian NPCs (per NPC, cooldown), Windhelm Assemblage quest completion (extra-heavy weight), protecting Argonian NPC from violence (per event), Riften Docks interaction (per type, daily cap). Community must buffer low Hist relation in ProcessDawn piety multiplier.",BETA,PDV_RaceDesign_Argonian.md — Layer 2 Collective/Community + Tier rewards,source,,,race-sheets,UNVERIFIED
BC-0031,signal_channel,Argonian,Argonian double-route anti-farm,Each Argonian devotional act must record on the substrate (PDV_Substrate_ArgonianHist via ConsumeDailyRepeatMultiplier 0.7^n) AND send a small honest piety pulse to PDV_Deity_Hist (via ScoreRepeatableAction); these two anti-farm mechanisms must never both be applied to one magnitude on the same act.,BETA,PDV_ArgonianRewardRecords.spec.json § doubleRoute; § R8 compliance,source,Grep HandleArgonianHistMaintenance for ConsumeDailyRepeatMultiplier + ScoreRepeatableAction; confirm separate magnitude targets,,roster,UNVERIFIED
BC-0032,signal_channel,Argonian,Bed of choice anchor,"Argonian uses one chosen community anchor via PDV_SacredPlace (MaxLocations=1); cadence target is 3 qualifying sleeps at chosen bed within rolling 30 in-game days; missing cadence removes place bonus and applies light People decay, NOT a harsh punishment.",BETA,PDV_RaceDesign_Argonian.md — Bed of choice (LOCKED),source,PDV.Substrate.ArgonianHist.BedOfChoiceSleepCount + 30-day rolling check,,race-sheets,UNVERIFIED
BC-0033,signal_channel,Argonian,community / collective,Argonian must have milestone signal channels for Windhelm Assemblage and Saxhleel solidarity via Windhelm/Assemblage quests and Argonian-community support; extra-heavy weight for Assemblage.,BETA,PDV_RaceSignalMatrix.csv – Argonian / Collective/community identity / Assemblage,source,,,signals,UNVERIFIED
BC-0034,signal_channel,Argonian,Hist – maintenance,"Argonian must have repeatable signal channels for Hist maintenance via water, swamp, rest, and reflection proxies; daily cap and location variety, no simple sleep spam.",BETA,PDV_RaceSignalMatrix.csv – Argonian / Hist relation / Water/swamp/rest,source,,,signals,UNVERIFIED
BC-0035,signal_channel,Argonian,Hist – neglect decay,Argonian Hist must have a sparse neglect-decay signal: light drain from distance/neglect via low-frequency periodic check against recent Hist-maintenance signals.,BETA,PDV_RaceSignalMatrix.csv – Argonian / Hist relation / Light decay from distance,source,,,signals,UNVERIFIED
BC-0036,signal_channel,Argonian,Hist layer as Community multiplier,"In ProcessDawn, Hist relation score must be read and applied as a multiplier to community piety before consolidation; high Hist amplifies Layer 2 community piety; very low Hist removes Champion pathway until Hist stabilized above threshold.",BETA,PDV_RaceDesign_Argonian.md — Hist relation effect on gameplay + Implementation flags,source,ProcessDawn() Argonian: Hist multiplier applied to People piety before consolidation,,race-sheets,UNVERIFIED
BC-0037,signal_channel,Argonian,Hist relation maintenance,"Hist relation must decay -1/dawn if no valid maintenance signal in last 3 in-game days (floor 20 non-curse); valid signals: near-water outdoor rest, meditation/rest near water-keyword locations, wading through rivers, entering swamps/wetlands. Generic quests/combat/crafting must NOT restore Hist.",BETA,PDV_RaceDesign_Argonian.md — Hist distance rule (LOCKED) + Layer 1 Hist recovery signals,source,ProcessDawn() Hist decay: check PDV.Substrate.ArgonianHist.LastMaintenanceDay,,race-sheets,UNVERIFIED
BC-0038,signal_channel,Argonian,Sithis,"Argonian must have signal channels for Sithis acknowledgment via Dark Brotherhood membership/stages and curated death-facing quest choices; faction/state milestones only, not generic stealth or killing.",BETA,PDV_RaceSignalMatrix.csv – Argonian / Sithis acknowledgment,source,,,signals,UNVERIFIED
BC-0039,signal_channel,Argonian,Sithis activation,"Sithis Void layer requires at least 3 significant signals before full active scoring unlocks; Dark Brotherhood join counts as one major signal only; valid signals: DB milestones/contracts and curated death/void/change choices; generic stealth, murder, and ordinary killing must NOT count.",BETA,PDV_RaceDesign_Argonian.md — Sithis activation (LOCKED),source,PDV.Substrate.ArgonianHist.SithisSignalCount counter + unlock threshold,,race-sheets,UNVERIFIED
BC-0040,signal_channel,Bosmer,Baan Dar – Bandit Road,"Bosmer Bandit Road path must have signal channels for survival theft and evasive escape via escape/anti-authority/survival theft quest outcomes; quest milestones only, no petty theft loop.",BETA,PDV_RaceSignalMatrix.csv – Bosmer / The Bandit Road,source,,,signals,UNVERIFIED
BC-0041,signal_channel,Bosmer,Bandit Road (Baan Dar),"Bandit Road must award piety for: sleeping outdoors (daily cap), surviving combat while severely outnumbered (+piety), successful pickpocket from notable target (per target, cooldown), road-life acts (travel without inns, harsh conditions). Weekly-capped near-death Baan Dar Luck triggers once per in-game week.",BETA,PDV_RaceDesign_Bosmer.md — The Bandit Road tier rewards + Signal Examples,source,BaanDarLuck weekly cap flag,,race-sheets,UNVERIFIED
BC-0042,signal_channel,Bosmer,Exchange (Z'en),"Exchange path must award piety for: completing quests that redress a wrong (+piety major), honoring promises/contracts under pressure, attacking enemies who attacked allies first (defender not aggressor). Justice-facing quest choices score Z'en piety.",BETA,PDV_RaceDesign_Bosmer.md — The Exchange tier rewards + Signal Examples,source,,,race-sheets,UNVERIFIED
BC-0043,signal_channel,Bosmer,Living Story,"Living Story must award piety for helping NPCs preserve something (community/memory/life, quest-specific), nature-site visits (groves/standing stones), death-rite adjacent quests (Arkay piety), and secondary god acts from Arkay/Xarxes/Mara/Stendarr each with appropriate cadence.",BETA,PDV_RaceDesign_Bosmer.md — The Living Story tier rewards + Signal Examples,source,,,race-sheets,UNVERIFIED
BC-0044,signal_channel,Bosmer,Old Contract (GreenPactCompliance),"GreenPactCompliance meter (0-100, act-driven, no passive decay) and PactBound flag must fire ONLY when PDV_State_BosmerPath == OldContract (0); plant-based food/potions must lower GPC; meat/animal food must raise GPC; Apostate forced-reckoning timer must NOT run on LivingStory/Exchange/BanditRoad.",BETA,PDV_RaceDesign_Bosmer.md — GreenPactCompliance State Model (LOCKED) + Implementation acceptance criteria,source,GreenPactCompliance update gate: check BosmerPath == OldContract before scoring,,race-sheets,UNVERIFIED
BC-0045,signal_channel,Bosmer,Y'ffre – Living Story,"Bosmer Living Story path must have signal channels for forest attunement via specific forest sites, wilderness-rest proxies, respectful-hunt quest states; site rotation and daily cap.",BETA,PDV_RaceSignalMatrix.csv – Bosmer / The Living Story / forest attunement,source,,,signals,UNVERIFIED
BC-0046,signal_channel,Bosmer,Y'ffre – Old Contract,Bosmer Old Contract path must have signal channels for pact-compliant hunt and anti-desecration behavior via curated hunt outcome and carcass-respect quest stages; severe cap and context checks required.,BETA,PDV_RaceSignalMatrix.csv – Bosmer / The Old Contract,source,,,signals,UNVERIFIED
BC-0047,signal_channel,Bosmer,Z'en – Exchange,"Bosmer Exchange path must have signal channels for debt settling, redress, and proportional vengeance via balance-restoring resolutions; only explicit redress outcomes count, not collapsed into merchant gold gain.",BETA,PDV_RaceSignalMatrix.csv – Bosmer / The Exchange,source,,,signals,UNVERIFIED
BC-0048,signal_channel,Bosmer,Z'en – Exchange Reciprocity family (Z1: transaction),"Bosmer Exchange path must have a signal channel PDV_FavorFamily_ZenReciprocity Z1 for completed market transactions (buy/sell via BarterMenu, training, or fine/bounty-settled via Crime-Gold node); Class B +0.5, shared daily cap 1.5, per-signal cooldown ~1 game-hour; requires non-zero gold movement.",BETA,PDV_TriggerTopups_Exchange_KnightsRoad.md – A. Bosmer – The Exchange (Z'en): the Reciprocity family – Z1,source,PDV_PlayerEvents.psc RegisterForMenu handler for BarterMenu/Training Menu + gold-delta; Crime-Gold SM branch for Z1 fine-settlement.,,signals,UNVERIFIED
BC-0049,signal_channel,Bosmer,Z'en – Exchange Reciprocity family (Z2: production),"Bosmer Exchange path must have a signal channel PDV_FavorFamily_ZenReciprocity Z2 for acquiring sellable goods by own labor (ore mined, firewood chopped, ingredients/pelts gathered, item crafted) via Add-Item SM and Increase-Skill (smithing/alchemy/enchanting); gated on skill-XP gained or per-recipe cooldown to block re-temper spam.",BETA,PDV_TriggerTopups_Exchange_KnightsRoad.md – A. Bosmer – The Exchange (Z'en): the Reciprocity family – Z2,source,PDV_ActionRouter constants: PDV_FavorFamily_ZenReciprocity; Add-Item/Increase-Skill SM branches.,,signals,UNVERIFIED
BC-0050,signal_channel,Breton,Green Way (Y'ffre-adjacent),Breton Green Way must have signal channels for nature-site rite and standing-stone observance via specific outdoor locations; site rotation and cooldown required.,BETA,PDV_RaceSignalMatrix.csv – Breton / Druidic Y'ffre lane,source,,,signals,UNVERIFIED
BC-0051,signal_channel,Breton,Hidden Art (Daedric),"Breton Hidden Art lane must have signal channels for public Daedric practice via Daedric quest completion, anti-Vigilant acts, and public occult milestones; major occult acts only.",BETA,PDV_RaceSignalMatrix.csv – Breton / Witchcraft lane,source,,,signals,UNVERIFIED
BC-0052,signal_channel,Breton,Knight's Road – Justice family (K1: defend the road),"Breton Knight's Road must have a signal channel PDV_FavorFamily_KnightJustice K1 for defeating a predatory-faction enemy (BanditFaction, ForswornFaction) WITHOUT a stealth-kill opener (isSneakAttack false / player.IsSneaking() false at kill); Class B +0.5, daily cap 1.5.",BETA,PDV_TriggerTopups_Exchange_KnightsRoad.md – B. Breton – Knight's Road: the Justice family – K1,source,Kill-Actor SM; victim faction in predatory set; sneak-attack flag check at kill event.,,signals,UNVERIFIED
BC-0053,signal_channel,Breton,Knight's Road – Justice family (K2: charity/aid),Breton Knight's Road must have bonus topper signal K2 for charity and aid (curated vanilla beggar-dialogue Adjust; quest-resolution Adjust on no-reward favors); shares the 1.5/day cap.,FUTURE,PDV_TriggerTopups_Exchange_KnightsRoad.md – B. Breton – Knight's Road: the Justice family – K2,source,,"Sparse; broad-blends to Mara if also worshipped. Flavor topper, not the floor. [auto-demoted: matches explicit descope]",signals,UNVERIFIED
BC-0054,signal_channel,Breton,Knight's Road – KnightlyVowIntegrity,"Breton Knight's Road must have a neglect/degradation channel for oath-breaking via Thieves Guild / Dark Brotherhood membership and selected crime/innocent-kill proxies; membership and major crimes, not petty theft spam.",BETA,PDV_RaceSignalMatrix.csv – Breton / Knightly vow integrity,source,,,signals,UNVERIFIED
BC-0055,signal_channel,Breton,Knight's Road (Akatosh/Stendarr/Mara),Breton Knight's Road must have signal channels for protective justice via quest completion with merciful/helpful outcomes; only significant aid events count.,BETA,PDV_RaceSignalMatrix.csv – Breton / Imperial Divines/knightly lane,source,,,signals,UNVERIFIED
BC-0056,signal_channel,Breton,Standing stones (Green Way),"All 13 Skyrim standing stone activators must generate one-time Y'ffre-adjacent Green Way piety for Green Way Bretons (finite pool, rich early-game signal); Solstheim standing stones may provide optional later support.",BETA,PDV_RaceDesign_Breton.md — Green Way: strong 1.0 hooks (Doomstone activator FormIDs),esp,DoomstoneApprentice through DoomstoneWarrior FormIDs: OnActivate ScoreAction for BretonGreenWay,,race-sheets,UNVERIFIED
BC-0057,signal_channel,Breton,WitchcraftExposure decay rule,"WitchcraftExposure visible decay can return to Hidden (0) through time without visible acts (-1/day passive) and public Divine cover (-5, at most once per 7 days, requires no major occult signal for 3 days); major act HISTORY must remain for debug and future authored pressure even at Hidden.",BETA,PDV_RaceDesign_Breton.md — Approved 1.0 lock additions (WitchcraftExposure visible decay),source,WitchcraftExposure decay logic + major-act-history flag in ProcessDawn,,race-sheets,UNVERIFIED
BC-0058,signal_channel,Dunmer,ancestor layer,"Dunmer ancestor layer must have a daily-capped signal channel for ash-prayer and shrine maintenance (portable shrine interaction proxy, dawn/evening ritual flag); max one morning and one evening credit per day.",BETA,PDV_RaceSignalMatrix.csv – Dunmer / Ancestor layer / ash-prayer,source,,,signals,UNVERIFIED
BC-0059,signal_channel,Dunmer,ancestor layer – community,"Dunmer must have signal channels for Grey Quarter solidarity via Grey Quarter quests, refugee aid, and Dunmer protection/community support; distinct quest outcomes only.",BETA,PDV_RaceSignalMatrix.csv – Dunmer / Ancestor layer / Grey Quarter solidarity,source,,,signals,UNVERIFIED
BC-0060,signal_channel,Dunmer,Azura,Dunmer Azura layer must have signal channels for twilight threshold and Azura's Star quest stages; major threshold acts only.,BETA,PDV_RaceSignalMatrix.csv – Dunmer / Azura layer,source,,,signals,UNVERIFIED
BC-0061,signal_channel,Dunmer,Azura focus,"Azura focus must award piety for: threshold kept (dawn/dusk observance, quest chapter entries), painful truth revealed (Black Star outcome, betrayal exposed, prophetic revelation), exile endured without dissolving, changed body witnessed (vampire/werewolf cure), and star/twilight rite (Azura shrine, artifact).",BETA,PDV_RaceDesign_Dunmer.md — Contextual Favor Table / Azura focus lanes,source,,,race-sheets,UNVERIFIED
BC-0062,signal_channel,Dunmer,Boethiah,Dunmer Boethiah layer must have signal channels for Boethiah's Calling and explicit overthrow/trial resolutions; named milestones only.,BETA,PDV_RaceSignalMatrix.csv – Dunmer / Boethiah layer,source,,,signals,UNVERIFIED
BC-0063,signal_channel,Dunmer,Boethiah focus,"Boethiah focus must award piety for: trial survived (rival-strength/boss kills), false authority overthrown (Boethiah's Calling, corrupt authority removed), betrayal-as-test endured, Chimeric self-authorship (defeat Thalmor/Altmer rival in meaningful context), conspiracy moved cleanly. NOT from random betrayal or generic violence.",BETA,PDV_RaceDesign_Dunmer.md — Contextual Favor Table / Boethiah focus lanes + Boethiah favor boundary (LOCKED),source,,,race-sheets,UNVERIFIED
BC-0064,signal_channel,Dunmer,Dunmer shared Layer 1+2,"Pre-focus Dunmer must award piety for: ash-prayer/portable shrine maintained in exile (daily), ancestors witnessing honorable victory (rival-strength enemy, no sneak opener, daily cap), diaspora solidarity (Grey Quarter/refugee/Dunmer NPC aid), Reclamation acknowledgment (Good Daedra shrine/quest), dead/family obligations proxy.",BETA,PDV_RaceDesign_Dunmer.md — Contextual Favor Table (shared Ancestors + Good Daedra lanes),source,,,race-sheets,UNVERIFIED
BC-0065,signal_channel,Dunmer,Mephala,Dunmer Mephala layer must have signal channels for secret-keeping and hidden-community protection via hidden-network quest choices and The Whispering Door; distinct secret-network resolutions only.,BETA,PDV_RaceSignalMatrix.csv – Dunmer / Mephala layer,source,,,signals,UNVERIFIED
BC-0066,signal_channel,Dunmer,Mephala focus,"Mephala focus must award piety for: hidden community protected (Grey Quarter/Thieves Guild network), secret kept with consequence (discretion preserving obligation), lethal secret answered (Ebony Blade/Whispering Door, targeted assassination), obligation web maintained (TG advancement, fence/network use), necessary lie held in balance. NOT from random murder, casual theft, or convenient lying.",BETA,PDV_RaceDesign_Dunmer.md — Contextual Favor Table / Mephala focus lanes + Mephala favor boundary (LOCKED),source,,,race-sheets,UNVERIFIED
BC-0067,signal_channel,Imperial,Arkay,Imperial must have signal channels for burial order and anti-necromancy via Hall of the Dead and anti-necromancer quest stages; quest milestones only.,BETA,PDV_RaceSignalMatrix.csv – Imperial / Arkay lane,source,,,signals,UNVERIFIED
BC-0068,signal_channel,Imperial,Broad Nine Divines,"Imperial broad Nine Divines must award piety for mercy/restraint under civic pressure, burial duty/death-order maintenance, lawful order/public service, honest work/civic exchange, and public/private Talos pressure — each via curated hooks with anti-farm caps.",BETA,PDV_RaceDesign_Imperial.md — Broad Nine Divines contextual favor table,source,,,race-sheets,UNVERIFIED
BC-0069,signal_channel,Imperial,broad Nine Divines (civic),"Imperial broad civic Divine field must have signal channels for Legion membership, city civic quests, and public shrine use; state-based, not repeat shrine spam.",BETA,PDV_RaceSignalMatrix.csv – Imperial / Broad civic Divine field,source,,,signals,UNVERIFIED
BC-0070,signal_channel,Imperial,Concordat compliance (Talos penalty),"Imperial Concordat compliance lane must have signal channels for reporting/enabling Talos suppression via Legion/Thalmor-aligned resolutions; state changes only, feeding ConcordatStanding.",BETA,PDV_RaceSignalMatrix.csv – Imperial / Concordat compliance lane,source,,,signals,UNVERIFIED
BC-0071,signal_channel,Imperial,ConcordatStanding actions,"Each authored action must update ConcordatStanding by documented points: hidden Talos shrine -15, help worshipper escape -15, kill Thalmor unprovoked -10, Stormcloaks -20, refuse to report -5, publicly observe ban +5, report worshipper +15, attack worshipper +15, Imperial Legion +10, escort Thalmor prisoner +10.",BETA,PDV_RaceDesign_Imperial.md — ConcordatStanding Track action table,source,ConcordatStanding point-update calls in ScoreAction / OnStageSet handlers,,race-sheets,UNVERIFIED
BC-0072,signal_channel,Imperial,Imperial civic piety faucet,Imperial must have a working active-patron piety faucet (IsFirstTierRaceRewardEligible gating) yielding ~12 days cold-start to Devoted at steady honest civic play; qualifying civic signals award real piety via AwardCuratedSignal routes (routes 110-113).,BETA,PDV_ImperialRewardRecords.spec.json § notes TARGET PACE; § authoringPlan.verify QASmoke routes 110-113,runtime-status,QASmoke routes 110-113 per PDV_Phase20ImperialImplementationCosting.manifest.json,,roster,UNVERIFIED
BC-0073,signal_channel,Imperial,Stendarr,"Imperial must have signal channels for mercy-over-persecution via quest resolutions that spare, protect, or relieve persecution pressure; distinct resolutions only.",BETA,PDV_RaceSignalMatrix.csv – Imperial / Stendarr lane,source,,,signals,UNVERIFIED
BC-0074,signal_channel,Imperial,Talos (private defiance),"Imperial must have signal channels for hidden Talos shrine use, worshipper-protection quest choices, and anti-Thalmor resolutions; major acts only, no farmable shrine loop.",BETA,PDV_RaceSignalMatrix.csv – Imperial / Talos defiance lane,source,,,signals,UNVERIFIED
BC-0075,signal_channel,Khajiit,Alkosh,"Khajiit Alkosh focus must have signal channels for dragon-order and anti-chaos acts via main quest dragon milestones; milestone-only, not an ordinary combat path.",BETA,PDV_RaceSignalMatrix.csv – Khajiit / Alkosh focus,source,,,signals,UNVERIFIED
BC-0076,signal_channel,Khajiit,Alkosh path,"Alkosh emphasis must award piety for: named dragon kills (per dragon, natural scarcity is anti-farm); main quest dragon-facing beats; anti-chaos/order-keeping quest stages. Random encounter dragons score less than named/cosmic ones.",BETA,PDV_RaceDesign_Khajiit.md — Signal Examples (Alkosh) + Implementation notes (named vs random dragon),source,Alkosh ScoreAction: ActorBase/keyword check for named dragon,,race-sheets,UNVERIFIED
BC-0077,signal_channel,Khajiit,Azurah,"Khajiit Azurah focus must have signal channels for twilight threshold and Azura's Star content; quest milestone only, no generic magic drift substitute.",BETA,PDV_RaceSignalMatrix.csv – Khajiit / Azurah focus,source,,,signals,UNVERIFIED
BC-0078,signal_channel,Khajiit,Azurah path,"Azurah emphasis must award piety for: dawn/dusk observance outdoors (daily cap, 2x), Azurah's Star quest (one-time maximum), major dungeon entry/major quest threshold (per threshold, minor piety + flavor), post-crisis rest after vampire/werewolf cure.",BETA,PDV_RaceDesign_Khajiit.md — Signal Examples (Azurah) + Contextual Favor table,source,,,race-sheets,UNVERIFIED
BC-0079,signal_channel,Khajiit,Baan Dar,"Khajiit Baan Dar focus must have signal channels for pariah survival and clever reversals via exile-mercy quests, outsider aid, evasive success; distinct outcomes only, not collapsed into generic crime value.",BETA,PDV_RaceSignalMatrix.csv – Khajiit / Baan Dar focus,source,,,signals,UNVERIFIED
BC-0080,signal_channel,Khajiit,Baan Dar path,"Baan Dar emphasis must award piety for: near-death combat survival (<10% health, win or escape — weekly cap once per week); exile/outsider NPC aid; survival combat while severely outnumbered (3+ enemies or higher-level); clever-reversal quest choices outside city walls.",BETA,PDV_RaceDesign_Khajiit.md — Signal Examples (Baan Dar) + Tier 3 Champion,source,BaanDarLuck weekly cap StorageUtil key,,race-sheets,UNVERIFIED
BC-0081,signal_channel,Khajiit,Caravan commerce anti-farm,"Buying or selling with Khajiit caravan merchants (Ma'dran, Ri'saad, Ahkari, Khaara) must use a daily cap per caravan encounter; NPC schedules must be accounted for (signal fires per caravan encounter, not per dialogue line).",FUTURE,PDV_RaceDesign_Khajiit.md — Signal Examples / caravan commerce + Implementation flags,source,KhajiitCaravan ScoreAction: daily-cap per caravan NPC,[auto-demoted: matches explicit descope],race-sheets,UNVERIFIED
BC-0082,signal_channel,Khajiit,Khajiit travel anti-fast-travel,Khajiit road-travel piety (on-foot travel between major areas) must NOT fire on fast travel; require elapsed-time-since-last-location-change or explicit travel-on-foot detection via location change events over time; daily cap per travel leg.,BETA,PDV_RaceDesign_Khajiit.md — Implementation flags / Fast travel bypass,source,,,race-sheets,UNVERIFIED
BC-0083,signal_channel,Khajiit,Khenarthi,Khajiit Khenarthi focus must have signal channels for merciful guidance and open-sky travel via travel/rescue/mercy quest resolutions; quest milestones plus capped travel-family support.,BETA,PDV_RaceSignalMatrix.csv – Khajiit / Khenarthi focus,source,,,signals,UNVERIFIED
BC-0084,signal_channel,Khajiit,Khenarthi path,"Khenarthi emphasis must award piety for: outdoor sleep (daily cap), on-foot travel between major areas (not fast travel, daily cap per leg), caravan NPC interaction/trade (Ma'dran/Ri'saad/Ahkari/Khaara — per encounter cooldown), road-home circuit cycling between 2-3 designated anchors.",BETA,PDV_RaceDesign_Khajiit.md — Signal Examples (Khenarthi/substrate) + Road-home cadence (LOCKED),source,,,race-sheets,UNVERIFIED
BC-0085,signal_channel,Khajiit,lunar substrate – road life,"Khajiit lunar substrate must have a signal channel for open-road exile life via outdoor sleep, nighttime travel, holdless-road life proxies; per-day cap plus location variety requirement.",BETA,PDV_RaceSignalMatrix.csv – Khajiit / Layer 1 lunar substrate / Open-road exile life,source,,,signals,UNVERIFIED
BC-0086,signal_channel,Khajiit,lunar substrate (Riddle'Thar),Khajiit lunar substrate must have a daily-capped signal channel for moon observance under visible sky via curated dawn/dusk/night observance flag or outdoor-sky location proxy; max 1-2 lunar observances per day.,BETA,PDV_RaceSignalMatrix.csv – Khajiit / Layer 1 lunar substrate / Moon observance,source,,,signals,UNVERIFIED
BC-0087,signal_channel,Khajiit,Rajhin,"Khajiit Rajhin focus must have signal channels for artful theft and name-making via Thieves Guild milestones, elegant theft quests; quest-driven and style-gated, no petty theft farming.",BETA,PDV_RaceSignalMatrix.csv – Khajiit / Rajhin focus,source,,,signals,UNVERIFIED
BC-0088,signal_channel,Khajiit,Rajhin path,"Rajhin emphasis must award piety for: elegant theft from notable targets (high-value or story-important, undetected, per target cooldown); Thieves Guild stages; story-worthy stolen items. Petty theft must NOT trigger piety spam.",BETA,PDV_RaceDesign_Khajiit.md — Signal Examples (Rajhin) + in-game hook cross-check,source,Rajhin ScoreAction: notable-target filter,,race-sheets,UNVERIFIED
BC-0089,signal_channel,Nord,Broad Nine Divines,"Broad Nine Divines must award piety for Kynareth's road grace, household/mercy duty, proper death/anti-necromancy, honest work/learned craft, and Talos pressure inside the Nine — each with daily cap or cooldown.",BETA,PDV_RaceDesign_Nord.md — Broad Nine Divines contextual favor table,source,PDV__ManagerQuest ScoreAction entries for NordBroadNineDivines lanes,,race-sheets,UNVERIFIED
BC-0090,signal_channel,Nord,Broad Old Ways,"Broad Old Ways must award piety for sky-road endurance (outdoor sleep/wilderness travel), honorable ordeal, hearth and hold defense, death-right/ancestor-quiet acts, and hidden Talos defiance — each with a daily or cooldown anti-farm cap.",BETA,PDV_RaceDesign_Nord.md — Broad Old Ways contextual favor table,source,PDV__ManagerQuest ScoreAction entries for NordBroadOldWays lanes,,race-sheets,UNVERIFIED
BC-0091,signal_channel,Nord,Kyne,Nord Kyne lane must have a signal channel for open-sky / outdoor rest with per-day cap and suppression of immediate repeats.,BETA,PDV_RaceSignalMatrix.csv – Nord / Kyne/Kynareth lane,source,,,signals,UNVERIFIED
BC-0092,signal_channel,Nord,Kyne / Akatosh,Nord must have signal channels for Greybeard and Thu'um milestones (main quest + Greybeards quest stages); ordinary shout spam must not stack here.,BETA,PDV_RaceSignalMatrix.csv – Nord / Kyne/Akatosh/dragon-order contact,source,,,signals,UNVERIFIED
BC-0093,signal_channel,Nord,Kyne / Shor / Tsun / Stuhn / Talos (Broad Old Ways),"Nord broad Old Ways path must have a signal channel for honorable hostile combat (Kill Actor hostile humanoid classification routed through ActionRouter), daily-capped.",BETA,PDV_RaceSignalMatrix.csv – Nord / Broad Old Ways / Nine Divines,source,"ActionRouter kill-event handler, hostile classification gate, daily clamp.",,signals,UNVERIFIED
BC-0094,signal_channel,Nord,Kyne/Kynareth,"Focused Kyne/Kynareth context has live support/favor routing through the Nord sky-road contextual favor path, but the original piety-award wording remains a separate source-authoring question.",BETA,PDV_RaceDesign_Nord.md — Focused Kyne contextual favor table; live support route is RouteNordKyneTalosContext,source,RouteNordKyneTalosContext; HandleNordKyneTalosContext; PDV_SPEL_Favor_NordBroadNineDivines_KynarethRoadGrace,,race-sheets,UNVERIFIED
BC-0095,signal_channel,Nord,Mara,"Nord Mara / hearth lane must have signal channels for marriage quest state, home ownership, and major hold/community restoration stages; one reward per distinct milestone.",BETA,PDV_RaceSignalMatrix.csv – Nord / Mara/hearth lane,source,,,signals,UNVERIFIED
BC-0096,signal_channel,Nord,Shor / Tsun / Stuhn,"Nord must have signal channels for warrior-society and honorable-trial content via Companions membership, Sovngarde/Tsun stages, and explicit trial resolutions; named milestones only.",BETA,PDV_RaceSignalMatrix.csv – Nord / Shor/Tsun/Stuhn lane,source,,,signals,UNVERIFIED
BC-0097,signal_channel,Nord,Talos,"Nord Talos lane must have signal channels for Talos-ban defiance via Civil War stages, Thalmor resistance quests, and shrine concealment/protection flags; one-time per major act.",BETA,PDV_RaceSignalMatrix.csv – Nord / Talos/Ysmir lane,source,,,signals,UNVERIFIED
BC-0098,signal_channel,Nord,Talos/Ysmir ConcordatStanding-equivalent,"Nord Talos defiance must use curated authored signals (shrine activation, hiding worshippers, Thalmor questline beats) with per-act or cooldown cadence — not generic anti-Thalmor violence; costly-faithful signal only triggers Noted/Marked favor.",BETA,PDV_RaceDesign_Nord.md — Talos pressure rule + Signal Examples,source,NordTalosDefiance ScoreAction rows,,race-sheets,UNVERIFIED
BC-0099,signal_channel,Orc,City Orc,"City mode must award piety for: quality labor without recognition (named craft/commission, quality threshold), dignity under mixed-society pressure (curated hostile/dismissive NPC quest outcome only — no ambient persuasion), Orc solidarity outside the hold (named Orc NPC aid), self-made community (PDV_SacredPlace + investment events).",BETA,PDV_RaceDesign_Orc.md — Contextual Favor Table / City Orc lanes,source,,City dignity is curated-hook only; generic persuasion does NOT trigger favor,race-sheets,UNVERIFIED
BC-0100,signal_channel,Orc,Forge quality signal,Orc smithing piety must require a quality threshold (Fine or better tempering recommended) and context (stronghold/workplace for Stronghold mode); raw crafting count must NEVER trigger favor; daily caps apply.,BETA,PDV_RaceDesign_Orc.md — Contextual Favor Table review locks + Quality crafting signal implementation,source,ItemCrafted/tempering event handler: quality filter + mode context check,,race-sheets,UNVERIFIED
BC-0101,signal_channel,Orc,Legion/Exile Orc,"LegionExile mode must award piety for: contract completed under pressure (Civil War/faction quest stage, completed pressure-bearing service — membership alone is context not trigger), endurance carried privately (long quest/dungeon run, daily cap, overextension gets only tiny flavor), discipline without self-erasure (curated milestones only), exile's burden answered (PDV_SacredPlace self-made community).",BETA,PDV_RaceDesign_Orc.md — Contextual Favor Table / Legion/Service/Exile lanes,source,,,race-sheets,UNVERIFIED
BC-0102,signal_channel,Orc,Malacath – Blood-Kin / mode transition,"Orc must have a milestone signal channel for Blood-Kin and stronghold acceptance via The Cursed Tribe, Blood-Kin state, and stronghold aid milestones; milestone-only.",BETA,PDV_RaceSignalMatrix.csv – Orc / Mode transition,source,,,signals,UNVERIFIED
BC-0103,signal_channel,Orc,Malacath – forge,"Orc Stronghold mode must have a signal channel for forge excellence and communal provision via smithing-quality proxy or curated stronghold/provision quests; daily cap, quality threshold, community context required.",BETA,PDV_RaceSignalMatrix.csv – Orc / Stronghold mode / Forge excellence,source,,,signals,UNVERIFIED
BC-0104,signal_channel,Orc,Malacath – oath/strength,"Orc must have signal channels for oath-keeping, challenge, and proven strength via quest resolutions involving challenge, consequence, and honorable endurance; distinct major tests only.",BETA,PDV_RaceSignalMatrix.csv – Orc / Stronghold/general Malacath code,source,,,signals,UNVERIFIED
BC-0105,signal_channel,Orc,Stronghold Orc,"Stronghold mode must award piety for: Blood-Kin/stronghold crisis (Marked for major crisis resolution), forge excellence serving the hold (quality/value threshold, daily cap), communal provision/oath kept (stronghold NPC aid, curated quest stages), worthy challenge witnessed (boss/higher-level enemy kill, Quiet default).",BETA,PDV_RaceDesign_Orc.md — Contextual Favor Table / Stronghold lanes,source,,,race-sheets,UNVERIFIED
BC-0106,signal_channel,Redguard,Alik'r quest (MS08),"MS08 (In My Time Of Need, Skyrim.esm:01CF25) stage 201 must fire as Crown/Hammerfell justice/ancestor-duty positive signal; stage 200 must fire as Forebear/exile-protection/anti-Alik'r positive signal. One-time sect identity signal.",BETA,PDV_RaceDesign_Redguard.md — Alik'r / Hammerfell diaspora choice hook (LOCKED),esp,MS08 stages 200 and 201 — OnStageSet handlers,,race-sheets,UNVERIFIED
BC-0107,signal_channel,Redguard,Ancestor reverence layer,"Ancestor reverence layer must be always active for all Redguards; strongest in death/tomb/funerary contexts and undead encounters; Crown=Strong, Forebear=Moderate, AshAbah=Very Strong; generates small consistent piety from death-adjacent content across all sects.",BETA,PDV_RaceDesign_Redguard.md — Ancestor Reverence Layer (Always Active),source,,,race-sheets,UNVERIFIED
BC-0108,signal_channel,Redguard,Ash'abah broad worship,"Ash'abah must award piety for: undead-cleansing obligation (draugr dungeon clear per site/boss, Noted), Hall and burial duty (Hall of Dead quest, Tu'whacca devotional surface, Noted), impurity borne for others (clearing death content others avoid — Noted/Marked if costly), hard passage through the unclean (major draugr tomb under difficult conditions — Marked, naturally scarce).",BETA,PDV_RaceDesign_Redguard.md — Ash'abah Broad Worship contextual favor table,source,,,race-sheets,UNVERIFIED
BC-0109,signal_channel,Redguard,Ash'abah burden,"Redguard Ash'abah path must have a neglect/burden signal channel for funerary duty at social cost using sect state plus distinct duty milestones; state-based, not repeatable gain loop.",BETA,PDV_RaceSignalMatrix.csv – Redguard / Ash'abah burden lane,source,,,signals,UNVERIFIED
BC-0110,signal_channel,Redguard,Crown / Forebear sect identity,"Redguard must have signal channels for Crown vs Forebear sect identity via Alik'r, diaspora honor-claim, and public Redguard dignity resolutions; distinct identity-defining outcomes only.",BETA,PDV_RaceSignalMatrix.csv – Redguard / Sect identity,source,,,signals,UNVERIFIED
BC-0111,signal_channel,Redguard,Crown broad worship,"Crown must award piety for: sacred martial bearing (Story Manager kill + one-handed + no sneak/follower assist, Quiet), tomb respect/ancestor presence (major draugr tomb entry/clear, Hall of Dead quest, Tu'whacca surface — Noted), Yokudan form maintained in foreign spaces (curated authored choices — Noted), make-way through honorable adversity (outnumbered/overleveled win — Marked, rare).",BETA,PDV_RaceDesign_Redguard.md — Crown Broad Worship contextual favor table,source,,,race-sheets,UNVERIFIED
BC-0112,signal_channel,Redguard,Forebear broad worship,"Forebear must award piety for: road passage/adaptation (long on-foot travel without fast travel — Noted), honored contract/mixed-society work (mercenary/delivery/trade quest completion with honest completion — Quiet/Noted), make-way under pressure (outnumbered win, difficult escape — Quiet/Marked if major), respectful bridge without surrender (Forebear-appropriate Imperial-parallel use — Noted).",BETA,PDV_RaceDesign_Redguard.md — Forebear Broad Worship contextual favor table,source,,,race-sheets,UNVERIFIED
BC-0113,signal_channel,Redguard,Forebear travel anti-fast-travel,Forebear road passage piety must NOT fire on fast travel; must use location-change time tracking or explicit travel event; reject OnPlayerFastTravelEnd as a positive trigger; daily cap applies.,BETA,PDV_RaceDesign_Redguard.md — Build-facing hook table / Forebear road passage,source,Travel signal: OnLocationChange + elapsed-time check vs fast-travel rejection,,race-sheets,UNVERIFIED
BC-0114,signal_channel,Redguard,HoonDing,"Redguard must have signal channels for impossible-odds / path-making breakthrough via major breakthrough or against-all-odds resolutions; rare milestone only, narrow and dramatic.",BETA,PDV_RaceSignalMatrix.csv – Redguard / HoonDing lane,source,,,signals,UNVERIFIED
BC-0115,signal_channel,Redguard,HoonDing make-way (Forebear/Crown),"HoonDing make-way must require genuinely difficult situations: curated major quest milestones, dragons/named bosses, or severely outnumbered/outleveled combat (3+ enemies or 5+ level gap). Weekly cap applies if combat-odds detection is used. Must NOT fire from routine combat.",BETA,PDV_RaceDesign_Redguard.md — Build-facing hook table / HoonDing make-way,source,HoonDing ScoreAction: outnumbered threshold + level gap + weekly cap,,race-sheets,UNVERIFIED
BC-0116,signal_channel,Redguard,Leki (culture credits Onsi),Redguard must have signal channels for blade discipline and honorable martial resolutions via curated honor signals; no generic combat farming.,BETA,PDV_RaceSignalMatrix.csv – Redguard / Leki/Onsi lane,source,,,signals,UNVERIFIED
BC-0117,signal_channel,Redguard,Tu'whacca / ancestor layer,"Redguard ancestor/Tu'whacca layer must have signal channels for undead cleansing, tomb duty, and burial order via Hall of the Dead, anti-necromancer, and tomb/undead quest stages; named duties only.",BETA,PDV_RaceSignalMatrix.csv – Redguard / Ancestor layer + Tu'whacca,source,,,signals,UNVERIFIED
BC-0118,signal_channel,Redguard,Tu'whacca devotional surface,Tu'whacca devotional surface must be a permanent portable Far Shores token texture (not simply Arkay shrine use); V1 ships as the routed Far Shores token proof surface with daily-capped piety/support credit and no private/home bonus condition; Arkay shrines are fallback death-infrastructure proxy only - must NOT present as worshipping Arkay directly.,BETA,PDV_RaceDesign_Redguard.md - Tu'whacca devotional surface (LOCKED FOR 1.0),source,PDV_ACTI_RedguardFarShoresTokenSignal / PDV_REFR_RedguardFarShoresTokenSignal route 83 + PDV.Redguard.FarShoresToken storage proof,,race-sheets,UNVERIFIED
BC-0119,part_b_profile,ALL,Akatosh,"Part B profile for Akatosh must exist with approve: serve_empire_order(S), keep_oath(S), uphold_law_justice(m), disciplined_study(m); disapprove: break_oath_betray(S), sow_chaos_madness(S), serve_a_daedra:*(m).",BETA,PDV_QuestReactionMatrix.md – Part B Aedric/Divines – Akatosh,data,Check wiring spec or router constants for Akatosh profile tags.,,signals,UNVERIFIED
BC-0120,part_b_profile,ALL,Arkay,"Part B profile for Arkay must exist with approve: honor_the_dead(C), slay_undead(C), cure_undeath(S); disapprove: necromancy(C), desecrate_the_dead(C), embrace_vampirism(S), ritual_sacrifice(m).",BETA,PDV_QuestReactionMatrix.md – Part B Aedric/Divines – Arkay,data,,,signals,UNVERIFIED
BC-0121,part_b_profile,ALL,Boethiah,"Part B-2 profile for Boethiah must exist with approve: prove_by_struggle(C), murder_treacherous(S), deceit(S), honorable_duel(S), ritual_sacrifice(S), break_oath_betray(m); disapprove: cowardice(C).",BETA,PDV_QuestReactionMatrix.md – Part B-2 Daedric Princes – Boethiah,data,,,signals,UNVERIFIED
BC-0122,part_b_profile,ALL,Boethiah,"Boethiah must use stigmaClass=Standard (1.0x base accrual) with per-race stigmaMod values: Nord/Imperial/Breton/Bosmer=1.25, Altmer/Orc=1.5, Dunmer=0 (native), Khajiit=0 (native-legible), Argonian/Redguard=1.0.",BETA,PDV_DaedricPrinceRecordContracts.json Boethiah stigmaClass/stigmaModByRace; PDV_Daedric_DecisionPacket_CAT4.md D-15.2,source,PDV_DaedricPath_Boethiah script stigmaModByRace array matches JSON values; stigmaClass=Standard in records,,daedric,UNVERIFIED
BC-0123,part_b_profile,ALL,Clavicus Vile,"Part B-2 profile for Clavicus Vile must exist with approve: serve_a_daedra:clavicus(C), deceit(S); no disapprove.",BETA,PDV_QuestReactionMatrix.md – Part B-2 Daedric Princes – Clavicus Vile,data,,,signals,UNVERIFIED
BC-0124,part_b_profile,ALL,Dibella,"Part B profile for Dibella must exist with approve: aesthetic_devotion(C), heal_comfort(S), charity(m), marriage_family(m); disapprove: kill_the_helpless(m). She is quest-thin by design; core signal carried by adornment faucet + Agent-of-Dibella + shrine layers.",BETA,PDV_QuestReactionMatrix.md – Part B Aedric/Divines – Dibella,data,,aesthetic_devotion tag added 2026-06-08.,signals,UNVERIFIED
BC-0125,part_b_profile,ALL,Hermaeus Mora,"Part B-2 profile for Hermaeus Mora must exist with approve: forbidden_knowledge(C), disciplined_study(S), keep_secret(m); no disapprove entries.",BETA,PDV_QuestReactionMatrix.md – Part B-2 Daedric Princes – Hermaeus Mora,data,,,signals,UNVERIFIED
BC-0126,part_b_profile,ALL,Hircine,"Part B-2 profile for Hircine must exist with approve: the_hunt(C), embrace_lycanthropy(C), kill_honorable_combat(S), honor_the_wild(m); disapprove: cure_undeath(S). Curse-access path.",BETA,PDV_QuestReactionMatrix.md – Part B-2 Daedric Princes – Hircine,data,,,signals,UNVERIFIED
BC-0127,part_b_profile,ALL,Julianos,"Part B profile for Julianos must exist with approve: disciplined_study(C), uphold_law_justice(S), forbidden_knowledge(m); disapprove: sow_chaos_madness(S), reckless_magic(S).",BETA,PDV_QuestReactionMatrix.md – Part B Aedric/Divines – Julianos,data,,,signals,UNVERIFIED
BC-0128,part_b_profile,ALL,Kynareth,"Part B profile for Kynareth must exist with approve: honor_the_wild(C), protect_the_weak(m), heal_comfort(m); disapprove: defile_nature(C), necromancy(m).",BETA,PDV_QuestReactionMatrix.md – Part B Aedric/Divines – Kynareth,data,,,signals,UNVERIFIED
BC-0129,part_b_profile,ALL,Mara,"Part B profile for Mara must exist with approve: heal_comfort(C), charity(C), marriage_family(C), mercy_spare(S), protect_the_weak(m); disapprove: murder_treacherous(m), ritual_sacrifice(S), kill_the_helpless(m).",BETA,PDV_QuestReactionMatrix.md – Part B Aedric/Divines – Mara,data,,,signals,UNVERIFIED
BC-0130,part_b_profile,ALL,Mehrunes Dagon,"Part B-2 profile for Mehrunes Dagon must exist with approve: sow_chaos_madness(C), kill_honorable_combat(m), murder_treacherous(m); disapprove: serve_empire_order(S), keep_oath(m).",BETA,PDV_QuestReactionMatrix.md – Part B-2 Daedric Princes – Mehrunes Dagon,data,,,signals,UNVERIFIED
BC-0131,part_b_profile,ALL,Mehrunes Dagon,Mehrunes Dagon must use stigmaClass=High-rupture (about 1.5x base accrual) and reach Notorious fastest; Imperial hostility must be flagged stronger than generic Taboo due to Oblivion Crisis memory.,BETA,PDV_Daedric_DecisionPacket_CAT4.md D-15.2 High-rupture class; PDV_DaedricRacePrinceMatrix.csv Dagon Imperial cell Notes,source,PDV_DaedricPath_Dagon stigmaClass=High-rupture; Imperial statesByRace=Hostile with high stigmaMod,,daedric,UNVERIFIED
BC-0132,part_b_profile,ALL,Mephala,"Part B-2 profile for Mephala must exist with approve: deceit(C), keep_secret(C), assassination_contract(S), theft_burglary(S), murder_treacherous(S); disapprove: expose_betray_secret(S).",BETA,PDV_QuestReactionMatrix.md – Part B-2 Daedric Princes – Mephala,data,,,signals,UNVERIFIED
BC-0133,part_b_profile,ALL,Meridia,"Part B-2 profile for Meridia must exist with approve: slay_undead(C), cure_undeath(S), destroy_reject_daedra:molagbal(m); disapprove: necromancy(C), desecrate_the_dead(S), embrace_vampirism(S).",BETA,PDV_QuestReactionMatrix.md – Part B-2 Daedric Princes – Meridia,data,,,signals,UNVERIFIED
BC-0134,part_b_profile,ALL,Meridia,Meridia must use stigmaClass=Tolerated (about 0.5x base accrual); Notorious band crossing is rare-edge only for tolerant races (Nord/Imperial/Breton/Redguard stigmaMod=0.5); Suspected and Known crossings must be authored.,BETA,PDV_Daedric_DecisionPacket_CAT4.md D-15.2 Tolerated class; PDV_DaedricPrinceRecordContracts.json Meridia stigmaClass=Tolerated,source,Meridia stigmaMod values for Nord/Imperial/Breton/Redguard=0.5; stigmaClass=Tolerated,,daedric,UNVERIFIED
BC-0135,part_b_profile,ALL,Molag Bal,"Part B-2 profile for Molag Bal must exist with approve: embrace_vampirism(C), kill_the_helpless(C), murder_treacherous(S), ritual_sacrifice(S); disapprove: mercy_spare(S), protect_the_weak(m). Curse-access path.",BETA,PDV_QuestReactionMatrix.md – Part B-2 Daedric Princes – Molag Bal,data,,,signals,UNVERIFIED
BC-0136,part_b_profile,ALL,Molag Bal,"Molag Bal must use stigmaClass=Curse-access; stigma accrual is driven by curse-state visibility, not per-act accrual; the High-rupture social weight reflects the curse being known.",BETA,PDV_DaedricPrinceRecordContracts.json Molag Bal stigmaClass=Curse-access; PDV_Daedric_DecisionPacket_CAT4.md D-16.1,source,PDV_DaedricPath_Molag stigmaClass=Curse-access; no per-devotional-act stigma increment; stigma driven by curse-state band,,daedric,UNVERIFIED
BC-0137,part_b_profile,ALL,Namira,"Part B-2 profile for Namira must exist with approve: cannibalism(C), desecrate_the_dead(S); no disapprove. Thin – supplemented by Part D faucets.",BETA,PDV_QuestReactionMatrix.md – Part B-2 Daedric Princes – Namira,data,,,signals,UNVERIFIED
BC-0138,part_b_profile,ALL,Nocturnal,"Part B-2 profile for Nocturnal must exist with approve: theft_burglary(C), keep_secret(S), deceit(m); disapprove: expose_betray_secret(m).",BETA,PDV_QuestReactionMatrix.md – Part B-2 Daedric Princes – Nocturnal,data,,,signals,UNVERIFIED
BC-0139,part_b_profile,ALL,Peryite,"Part B-2 profile for Peryite must exist with approve: spread_order_pestilence(C), serve_empire_order(m); disapprove: sow_chaos_madness(S). Thin – supplemented by Part D faucets.",BETA,PDV_QuestReactionMatrix.md – Part B-2 Daedric Princes – Peryite,data,,,signals,UNVERIFIED
BC-0140,part_b_profile,ALL,Sanguine,Part B-2 profile for Sanguine must exist with approve: revel_indulge(C); no disapprove. Thin – supplemented by Part D faucets.,BETA,PDV_QuestReactionMatrix.md – Part B-2 Daedric Princes – Sanguine,data,,,signals,UNVERIFIED
BC-0141,part_b_profile,ALL,Sheogorath,"Part B-2 profile for Sheogorath must exist with approve: sow_chaos_madness(C), reckless_magic(m), revel_indulge(m); disapprove: serve_empire_order(m), uphold_law_justice(m).",BETA,PDV_QuestReactionMatrix.md – Part B-2 Daedric Princes – Sheogorath,data,,,signals,UNVERIFIED
BC-0142,part_b_profile,ALL,Stendarr,"Part B profile for Stendarr must exist with approve: mercy_spare(C), protect_the_weak(C), slay_undead(S), destroy_reject_daedra:*(S), uphold_law_justice(S), charity(m); disapprove: kill_the_helpless(C), murder_treacherous(S), serve_a_daedra:*(S), ritual_sacrifice(S).",BETA,PDV_QuestReactionMatrix.md – Part B Aedric/Divines – Stendarr,data,,,signals,UNVERIFIED
BC-0143,part_b_profile,ALL,Survey/status — no exclusive-path ambiguity,Survey/status readout must not imply multiple exclusive paths are simultaneously active,BETA,PDV_PreBetaRaceAcceptanceRubric.md §4 Survey And Status Legibility — Fail examples (third bullet),source,Survey MessageBox logic: conditional branches ensure only one path/sect/mode description is displayed when paths are mutually exclusive,,surfacing,UNVERIFIED
BC-0144,part_b_profile,ALL,Survey/status curse and stigma visibility,"Curse, scar, Daedric, or stigma pressure must appear in Survey/status readout when relevant and must not silently replace native identity",BETA,PDV_PreBetaRaceAcceptanceRubric.md §4 Survey And Status Legibility — Pass requires (fourth bullet),source,Survey text branches in PDV_SurveyDevotionEffect.psc or PDV__ManagerQuest show curse/scar/stigma when CurseState != CURSE_NONE,,surfacing,UNVERIFIED
BC-0145,part_b_profile,ALL,Survey/status legibility — expected and edge builds,Survey/status must remain legible in both the expected build and the edge build for every race (e.g. Altmer expected: scholar/mage; edge: Exiled vampire or Talos pressure run),BETA,PDV_PreBetaRaceAcceptanceRubric.md §8 Expected And Edge Builds — Pass requires (third bullet),runtime-status,Manual evidence note must confirm Survey text is legible in both builds per rubric artifact,,surfacing,UNVERIFIED
BC-0146,part_b_profile,ALL,Survey/status legibility — fiction language,"Survey Devotion and the MCM Player page must name the race-specific state in fiction-facing language without route IDs, internal counters, or debug labels; a player must be able to answer what changed, why it changed, and what to try next",BETA,PDV_PreBetaRaceAcceptanceRubric.md §4 Survey And Status Legibility — Pass requires,source,"Survey MessageBox strings for each race: no StorageUtil keys, no route IDs, no PDV.Piety numeric values in default text",,surfacing,UNVERIFIED
BC-0147,part_b_profile,ALL,Talos,"Part B profile for Talos must exist with approve: defy_tyranny_talos(C), kill_honorable_combat(S), prove_by_struggle(S), protect_the_weak(m), honorable_duel(m); disapprove: cowardice(S). FILTERED for Imperials by ConcordatStanding; compliance/submission never scores gain.",BETA,PDV_QuestReactionMatrix.md – Part B Aedric/Divines – Talos,data,,,signals,UNVERIFIED
BC-0148,part_b_profile,ALL,Vaermina,"Part B-2 profile for Vaermina must exist with approve: forbidden_knowledge(m), murder_treacherous(m), serve_a_daedra:vaermina(C); no disapprove.",BETA,PDV_QuestReactionMatrix.md – Part B-2 Daedric Princes – Vaermina,data,,,signals,UNVERIFIED
BC-0149,part_b_profile,ALL,Zenithar,"Part B profile for Zenithar must exist with approve: honest_labor_trade(C), master_craft_forge(S), uphold_law_justice(m); disapprove: theft_burglary(S), exploit_cheat(C).",BETA,PDV_QuestReactionMatrix.md – Part B Aedric/Divines – Zenithar,data,,,signals,UNVERIFIED
BC-0150,part_b_profile,Altmer,Auri-El,"Part B profile for Auri-El must exist with approve: disciplined_study(S), honor_the_dead(m), prove_by_struggle(m), uphold_law_justice(m); disapprove: serve_a_daedra:*(S), sow_chaos_madness(m).",BETA,PDV_QuestReactionMatrix.md – Part B Altmer – Auri-El,data,,,signals,UNVERIFIED
BC-0151,part_b_profile,Altmer,Magnus,"Part B profile for Magnus must exist with approve: disciplined_study(C), forbidden_knowledge(m); disapprove: reckless_magic(C), sow_chaos_madness(m).",BETA,PDV_QuestReactionMatrix.md – Part B Altmer – Magnus,data,,,signals,UNVERIFIED
BC-0152,part_b_profile,Altmer,Survey/status — Exiled vampire path legibility,"When Altmer curse state is CURSE_VAMPIRE the Exiled Altmer micro-path must be legible in Survey/status (showing redirected micro-path active, Tier 1 cap, self-reconstruction framing) and must not show Aedric devotion as active",BETA,PDV_Architecture_v3.md §13.5 Altmer vampire micro-path (LOCKED),runtime-status,Survey text for Altmer + CURSE_VAMPIRE shows Exiled path framing and hides Aedric devotion progress,,surfacing,UNVERIFIED
BC-0153,part_b_profile,Altmer,Syrabane focus,"Syrabane focus available to Psijic or Divine Body: ward spells absorb 15% more; after protective spell cast, next non-protection spell cost -10%; magic-using enemies deal 15% less at Champion; College/magical-institution recognition privilege.",BETA,PDV_RaceDesign_Altmer.md — Tier 3 Devoted / Syrabane focus,source,,,race-sheets,UNVERIFIED
BC-0154,part_b_profile,Altmer,Trinimac,"Part B profile for Trinimac must exist with approve: kill_honorable_combat(S), keep_oath(S), defend_kin_home(m); disapprove: serve_a_daedra:boethiah(C), break_oath_betray(S).",BETA,PDV_QuestReactionMatrix.md – Part B Altmer – Trinimac,data,,,signals,UNVERIFIED
BC-0155,part_b_profile,Altmer,Xarxes,"Part B profile for Xarxes must exist with approve: disciplined_study(S), honor_the_dead(C), keep_secret(m); disapprove: desecrate_the_dead(S), sow_chaos_madness(m).",BETA,PDV_QuestReactionMatrix.md – Part B Altmer – Xarxes,data,,,signals,UNVERIFIED
BC-0156,part_b_profile,Altmer,Xarxes focus,"Xarxes focus available to Psijic or Divine Body factions: lockpicking and Alteration +5%; after completing ancestry/family/record/genealogy quest, 24h magic cost reduction; reading rare tomes generates strong piety; Knowledge of Altmeri heritage generates strongest scoring.",BETA,PDV_RaceDesign_Altmer.md — Tier 3 Devoted / Xarxes focus,source,,,race-sheets,UNVERIFIED
BC-0157,part_b_profile,Argonian,Hist,"Part B profile for Hist must exist with approve: defend_kin_home(C), honor_the_wild(S), honor_the_dead(m); disapprove: defile_nature(S), break_oath_betray(m).",BETA,PDV_QuestReactionMatrix.md – Part B Argonian – Hist,data,,,signals,UNVERIFIED
BC-0158,part_b_profile,Argonian,Sithis,"Part B profile for Sithis must exist with approve: assassination_contract(C), murder_treacherous(S); disapprove: cowardice(m). High-threshold tertiary.",BETA,PDV_QuestReactionMatrix.md – Part B Argonian – Sithis,data,,,signals,UNVERIFIED
BC-0159,part_b_profile,Argonian,Tier B enrichment (deferred custom ritual hooks),"Custom Argonian ritual hooks (meditation at specific locations, ritual behavior) are deferred to post-launch enrichment; vanilla core must be built and assessed first; do not build custom content infrastructure in 1.0.",FUTURE,PDV_RaceDesign_Argonian.md — Implementation flags / Tier B enrichment,data,,Explicitly deferred — not a BETA requirement,race-sheets,UNVERIFIED
BC-0160,part_b_profile,Bosmer,Baan Dar,"Part B profile for Baan Dar must exist with approve: deceit(C), theft_burglary(S), prove_by_struggle(m); disapprove: kill_the_helpless(m).",BETA,PDV_QuestReactionMatrix.md – Part B Bosmer – Baan Dar,data,,,signals,UNVERIFIED
BC-0161,part_b_profile,Bosmer,BosmerPath,"PDV_State_BosmerPath must use OldContract=0/LivingStory=1/Exchange=2/BanditRoad=3; first-run setup requires explicit choice; if unset or corrupt must resolve to LivingStory, never to an unset/limbo state.",BETA,PDV_RaceDesign_Bosmer.md — Path implementation locks (LOCKED) + Implementation acceptance criteria,esp,PDV_State_BosmerPath global + setup + corruption fallback,,race-sheets,UNVERIFIED
BC-0162,part_b_profile,Bosmer,Y'ffre,"Part B profile for Y'ffre must exist with approve: green_pact(C), honor_the_wild(S), the_hunt(S), defend_kin_home(m); disapprove: defile_nature(C), green_pact(C as violation).",BETA,PDV_QuestReactionMatrix.md – Part B Bosmer – Y'ffre,data,,,signals,UNVERIFIED
BC-0163,part_b_profile,Bosmer,Z'en,"Part B profile for Z'en must exist with approve: honest_labor_trade(C), uphold_law_justice(S), keep_oath(m); disapprove: exploit_cheat(S), break_oath_betray(m).",BETA,PDV_QuestReactionMatrix.md – Part B Bosmer – Z'en,data,,,signals,UNVERIFIED
BC-0164,part_b_profile,Breton,Vigilant pressure extension (WitchcraftExposure),"A light Vigilant pressure encounter inspired by the disabled Daedric-artifact confrontation is OPTIONAL for 1.0: if built, gate behind Known or Notorious, require recent major occult signal, use long cooldowns, one-shot pressure only. Do not use vanilla crime-gold bounty for WitchcraftExposure.",FUTURE,PDV_RaceDesign_Breton.md — Hidden Art: strong 1.0 hooks (Vigilant pressure extension note),source,,Optional post-lock extension; not required for BETA bar,race-sheets,UNVERIFIED
BC-0165,part_b_profile,Dunmer,Infrastructure ceiling — no impossible-task decay,"Dunmer must NOT suffer passive devotion decay from absence of proper burial rites, ancestral tomb visits, or full House shrine maintenance (impossible in Skyrim); only achievable acts that player fails to perform generate decay.",BETA,PDV_RaceDesign_Dunmer.md — Infrastructure ceiling (LOCKED),source,Dunmer ProcessDawn: verify no decay from missing tomb/shrine infrastructure,,race-sheets,UNVERIFIED
BC-0166,part_b_profile,Dunmer,Tribunal Memory flavor,All Dunmer must carry Tribunal Memory as flavor only (no mechanical weight): occasional notification text referencing Vivec/Sotha Sil/Almalexia on certain devotional acts. Not a separate path or scoring system.,BETA,PDV_RaceDesign_Dunmer.md — Tribunal Memory (LOCKED),source,Dunmer notification strings referencing Tribunal figures on relevant trigger events,,race-sheets,UNVERIFIED
BC-0167,part_b_profile,Khajiit,Alkosh,"Part B profile for Alkosh must exist with approve: kill_honorable_combat(S), serve_empire_order(m), uphold_law_justice(m); disapprove: sow_chaos_madness(C).",BETA,PDV_QuestReactionMatrix.md – Part B Khajiit – Alkosh,data,,,signals,UNVERIFIED
BC-0168,part_b_profile,Khajiit,Azurah / Azura,"Part B profile for Azurah/Azura must exist with approve: disciplined_study(m), destroy_reject_daedra:molagbal(S), honor_the_dead(m); disapprove: desecrate_the_dead(m), serve_a_daedra:molagbal(S).",BETA,PDV_QuestReactionMatrix.md – Part B Khajiit – Azurah/Azura,data,,,signals,UNVERIFIED
BC-0169,part_b_profile,Khajiit,Khajiit moon source fallback: abstract 28-day cycle,"Khajiit lunar substrate must use real Masser/Secunda moon source when the detection is proven; if brittle, must fall back to an abstract 28-day fallback cycle; fallback must be built as guaranteed baseline per fallback-as-floor rule.",BETA,"PDV_RaceRewardBudgetLedger.md — Focused Pass: Khajiit, Needs verifier/proof",source,PDV_Substrate_KhajiitLunar moon source implementation; detect if real moon API is reliable before removing fallback,,rewards,UNVERIFIED
BC-0170,part_b_profile,Khajiit,Khenarthi,"Part B profile for Khenarthi must exist with approve: protect_the_weak(S), honor_the_wild(m), honor_the_dead(m); disapprove: kill_the_helpless(m). honor_the_dead added 2026-06-10 to repair missing death-guide aspect.",BETA,PDV_QuestReactionMatrix.md – Part B Khajiit – Khenarthi,data,,honor_the_dead was lore-real but unprofiled before 2026-06-10 fix.,signals,UNVERIFIED
BC-0171,part_b_profile,Khajiit,Moon phase fallback,"1.0 must use real Skyrim Masser/Secunda state if implementation-proven reliable; if hook is brittle, must use abstract 28-day fallback cycle. Must not depend on fragile visual/moon API assumptions. Full-moon amplifier fires once per full moon cycle for all substrate outdoor acts.",BETA,PDV_RaceDesign_Khajiit.md — Moon phase source (LOCKED),source,MoonPhase detection or GameDaysPassed % 28 fallback in substrate tick,,race-sheets,UNVERIFIED
BC-0172,part_b_profile,Khajiit,Rajhin,"Part B profile for Rajhin must exist with approve: theft_burglary(C), deceit(S); disapprove: kill_the_helpless(m).",BETA,PDV_QuestReactionMatrix.md – Part B Khajiit – Rajhin,data,,,signals,UNVERIFIED
BC-0173,part_b_profile,Nord,Kyne,"Part B profile for Kyne must exist with approve: the_hunt(C), honor_the_wild(S), kill_honorable_combat(S), prove_by_struggle(S), defend_kin_home(m), mercy_spare(m); disapprove: defile_nature(C), kill_the_helpless(m). Profile added 2026-06-10 to fix paired-deity equity gap.",BETA,PDV_QuestReactionMatrix.md – Part B Nord Old Ways – Kyne,data,,"Profile was previously missing from Part B, causing every tranche pass to skip her.",signals,UNVERIFIED
BC-0174,part_b_profile,Nord,Shor,"Part B profile for Shor must exist with approve: kill_honorable_combat(C), prove_by_struggle(S), honor_the_dead(m), defend_kin_home(S); disapprove: cowardice(C), murder_treacherous(S), kill_the_helpless(m).",BETA,PDV_QuestReactionMatrix.md – Part B Nord Old Ways – Shor,data,,,signals,UNVERIFIED
BC-0175,part_b_profile,Nord,Stuhn,"Part B profile for Stuhn must exist with approve: mercy_spare(C), keep_oath(S), protect_the_weak(S), uphold_law_justice(m); disapprove: kill_the_helpless(C), break_oath_betray(S).",BETA,PDV_QuestReactionMatrix.md – Part B Nord Old Ways – Stuhn,data,,,signals,UNVERIFIED
BC-0176,part_b_profile,Nord,Survey/status — Nord vampire scar note,"After a Nord cures vampirism, Survey Devotion and MCM Player page must show a visible scar/status note indicating prior vampire suppression even after cure restores commitment offer access",BETA,PDV_Architecture_v3.md §16.2 Phase 18B Nord-specific rule,runtime-status,Survey text branch for Nord + cured vampire (scar flag set) shows scar note; Phase 18 runtime matrix covers this case,,surfacing,UNVERIFIED
BC-0177,part_b_profile,Nord,Tsun,"Part B profile for Tsun must exist with approve: prove_by_struggle(C), kill_honorable_combat(S), protect_the_weak(m); disapprove: cowardice(C).",BETA,PDV_QuestReactionMatrix.md – Part B Nord Old Ways – Tsun,data,,,signals,UNVERIFIED
BC-0178,part_b_profile,Orc,Malacath,"Part B profile for Malacath must exist with approve: keep_oath(C), master_craft_forge(S), kill_honorable_combat(S), defend_kin_home(S), prove_by_struggle(m); disapprove: break_oath_betray(C), cowardice(S), deceit(m).",BETA,PDV_QuestReactionMatrix.md – Part B Orc – Malacath,data,,,signals,UNVERIFIED
BC-0179,part_b_profile,Orc,Trinimac (non-standard),Trinimac must NOT be implemented as a normal player-selectable Orc path in 4E 201; may be available as a rare exceptional ideological pressure or fringe alternative only; it is not a core Orc lane in 1.0.,FUTURE,PDV_RaceDesign_Orc.md — Trinimac (LOCKED as non-standard),data,,"This is a guardrail not to implement, not a BETA requirement to build",race-sheets,UNVERIFIED
BC-0180,part_b_profile,Redguard,Ash'abah social stigma content,Ash'abah social stigma (Redguard NPC reaction lines + status text conditioned on Ash'abah state) may ship as a light authored layer for 1.0 if custom dialogue is in scope; must NOT use service penalties; full dynamic social treatment is post-1.0.,FUTURE,PDV_RaceDesign_Redguard.md — Build-facing hook table / Ash'abah social stigma,source,,Weak vanilla feasibility; custom content required; deferred if not in scope,race-sheets,UNVERIFIED
BC-0181,part_b_profile,Redguard,HoonDing,"Part B profile for HoonDing must exist with approve: prove_by_struggle(C), defend_kin_home(S), kill_honorable_combat(m); disapprove: cowardice(S). Thin – rare/milestone only.",BETA,PDV_QuestReactionMatrix.md – Part B Redguard – HoonDing,data,,,signals,UNVERIFIED
BC-0182,part_b_profile,Redguard,Leki,"Part B profile for Leki must exist with approve: honorable_duel(C), kill_honorable_combat(S); disapprove: murder_treacherous(S), cowardice(m). Thin – carried by acts.",BETA,PDV_QuestReactionMatrix.md – Part B Redguard – Leki,data,,,signals,UNVERIFIED
BC-0183,part_b_profile,Redguard,Tu'whacca,"Part B profile for Tu'whacca must exist with approve: honor_the_dead(C), slay_undead(S), cure_undeath(m); disapprove: necromancy(C), desecrate_the_dead(S). Tu'whacca is Arkay-adjacent but NOT Arkay.",BETA,PDV_QuestReactionMatrix.md – Part B Redguard – Tu'whacca,data,,,signals,UNVERIFIED
BC-0184,name_resolution,Khajiit,Azura,Azura/Azurah name resolution: Khajiit players must encounter the name Azurah in Khajiit-relevant display text and per-race response framing to match cultural naming conventions.,BETA,PDV_DaedricRacePrinceMatrix.csv Prince column 'Azura / Azurah'; PDV_DaedricContent_Manifest.md Section 7.1 'Azurah' framing note,data,Race manifest Khajiit Azurah section uses 'Azurah'; no Khajiit-facing message uses the non-Khajiit name form exclusively,,daedric,UNVERIFIED
BC-0185,name_resolution,Khajiit,Boethiah,Boethiah/Boethra name resolution: PDV_Msg_Daedric_Boethiah_Response_Khajiit must use the name 'Boethra' as the Khajiit cultural reading.,BETA,PDV_DaedricRacePrinceMatrix.csv Prince column 'Boethiah / Boethra'; PDV_DaedricPrinceRecordContracts.json Boethiah Msg_Response_Khajiit,esp,MSG PDV_Msg_Daedric_Boethiah_Response_Khajiit body text contains 'Boethra',,daedric,UNVERIFIED
BC-0186,name_resolution,Khajiit,Mephala,Mephala/Mafala name resolution: PDV_Msg_Daedric_Mephala_Response_Khajiit must use the name 'Mafala' as the Khajiit cultural reading.,BETA,PDV_DaedricRacePrinceMatrix.csv Prince column 'Mephala / Mafala'; PDV_DaedricContent_Manifest.md Section 7.2 Khajiit response note,esp,MSG PDV_Msg_Daedric_Mephala_Response_Khajiit body text contains 'Mafala',,daedric,UNVERIFIED
BC-0187,name_resolution,Khajiit,Namira,Namira/Namiira name resolution: PDV_Msg_Daedric_Namira_Response_Khajiit must use 'Namiira' as the Khajiit cultural reading.,BETA,PDV_DaedricRacePrinceMatrix.csv Prince column 'Namira / Namiira',esp,MSG PDV_Msg_Daedric_Namira_Response_Khajiit body text contains 'Namiira',,daedric,UNVERIFIED
BC-0188,name_resolution,Khajiit,Sanguine,Sanguine/Sangiin name resolution: PDV_Msg_Daedric_Sanguine_Response_Khajiit must use 'Sangiin' as the Khajiit cultural reading.,BETA,PDV_DaedricRacePrinceMatrix.csv Prince column 'Sanguine / Sangiin',esp,MSG PDV_Msg_Daedric_Sanguine_Response_Khajiit body text contains 'Sangiin',,daedric,UNVERIFIED
BC-0189,name_resolution,Orc,Malacath,Malacath/Mauloch name resolution: Orc-facing race manifest content must use 'Mauloch' as the Orcish name form; Daedric path per-race response for non-Orc races may use 'Malacath'.,BETA,PDV_DaedricRacePrinceMatrix.csv Prince column 'Malacath / Mauloch',data,Race manifest Orc Malacath section uses 'Mauloch'; non-Orc response rows use 'Malacath',,daedric,UNVERIFIED
BC-0190,stance,ALL,All 16 Daedric Princes,"Each Daedric Prince must have per-race response MessageBoxes (PDV_Msg_Daedric_<Prince>_Response_<Race>) for every non-native race, and native-integrated races must have an explicit no-row routing note pointing to the race manifest.",BETA,PDV_DaedricContent_Manifest.md Section 2 'Per-race response'; PDV_Daedric_DecisionPacket_CAT4.md D-18 items 8-9,esp,MSG PDV_Msg_Daedric_<Prince>_Response_<Race> present for all non-native races; native overrides for Dunmer Azura/Boethiah/Mephala; Khajiit Azura; Orc Malacath,,daedric,UNVERIFIED
BC-0191,stance,ALL,Clavicus Vile,Clavicus Vile price descriptions must keep the bargain-backlash cost visible; the path must be distinct from Sanguine (excess) and Nocturnal (shadow oath) despite temptation overlap.,BETA,PDV_DaedricContent_Manifest.md Section 7.9 'Clavicus Vile must keep the bargain price visible in the price descriptions',esp,SPEL PDV_Price_Daedric_Clavicus_* playerFacingText explicitly references bargain-backlash,,daedric,UNVERIFIED
BC-0192,stance,ALL,Peryite,"Peryite must be kept narrow and quest-anchored; per-race responses for all ten races must be authored at Foreign or Taboo (no race has Native/Legible) and framed around affliction/low-order submission, not broad cult.",BETA,PDV_DaedricRacePrinceMatrix.csv Peryite Notes 'Good example of a Prince likely kept narrow and quest-anchored'; all races Foreign/Taboo,esp,MSG PDV_Msg_Daedric_Peryite_Response_* all present for all 10 races; statesByRace all Foreign or Taboo; no Native entry,,daedric,UNVERIFIED
BC-0193,stance,ALL,Sheogorath,Sheogorath must be kept distinct from Sanguine and Rajhin/Baan Dar trickster energy; per-race responses must not conflate madness with benign tricksterism.,BETA,PDV_DaedricRacePrinceMatrix.csv Sheogorath Notes 'Keep distinct from Sanguine and Rajhin-style trickster energy',esp,MSG PDV_Msg_Daedric_Sheogorath_Response_* all present; none use trickster framing that overlaps Sanguine/Rajhin,,daedric,UNVERIFIED
BC-0194,stance,Altmer,Altmer Daedric Consort rule,"Consort with Daedra (accept a Daedric quest) must fire -25 ThalmørAlignment (breaks oldest Altmer religious law); at Low alignment (Heterodox 0-30), Daedra worship risks exposure; this is a ThalmorAlignment shift only, not a separate piety penalty.",BETA,PDV_RaceDesign_Altmer.md — ThalmørAlignment Track action table,source,,,race-sheets,UNVERIFIED
BC-0195,stance,Altmer,Boethiah,"Altmer-Boethiah hostility is load-bearing: PDV_Msg_Daedric_Boethiah_Response_Altmer must frame the path as severe rupture (Trinimac betrayer narrative), with exit difficulty 3 and stigmaMod 1.5.",BETA,PDV_DaedricRacePrinceMatrix.csv Boethiah notes 'Hostility for Altmer and Orc is load-bearing'; PDV_DaedricPrinceRecordContracts.json Boethiah statesByRace Altmer=Hostile,esp,MSG PDV_Msg_Daedric_Boethiah_Response_Altmer present; exitDifficultyByRace[Altmer]=3; stigmaModByRace[Altmer]=1.5,,daedric,UNVERIFIED
BC-0196,stance,Altmer,Hircine,"Altmer-Hircine must be framed as Hostile ('beast regression opposes Apotheosis, almost no positive lane; cure only'); no positive route exists for Altmer on the Hircine path.",BETA,PDV_DaedricRacePrinceMatrix.csv Hircine Altmer='Hostile',esp,MSG PDV_Msg_Daedric_Hircine_Response_Altmer present; statesByRace[Altmer]=Hostile; text references Apotheosis opposition,,daedric,UNVERIFIED
BC-0197,stance,Altmer,ThalmorAlignment,"ThalmørAlignment must exist as a 0-100 track using PDV_ReputationTrack; starting values: Thalmor Orthodox=75, Divine Body=50, Psijic Tradition=25; bands Low (Heterodox, 0-30), Mid (Orthodox Moderate, 31-69), High (Thalmor Devout, 70-100) with documented signal multipliers.",BETA,PDV_RaceDesign_Altmer.md — ThalmørAlignment Track,esp,PDV_RepTrack_ThalmorAlignment StorageUtil key,,race-sheets,UNVERIFIED
BC-0198,stance,Argonian,Molag Bal,"Argonian-Molag Bal must be framed as Curse with the Hist-grief and Sithis-pressure dual note; the text must clarify that Sithis pressure does not justify the curse, only marks its gravity.",BETA,PDV_DaedricRacePrinceMatrix.csv Molag Bal Argonian='Curse'; PDV_DaedricPrinceRecordContracts.json Msg_Response_Argonian text,esp,MSG PDV_Msg_Daedric_Molag_Response_Argonian present; text references Hist grieved + Sithis pressure clarification,,daedric,UNVERIFIED
BC-0199,stance,Bosmer,Nocturnal,Bosmer-Nocturnal must be framed as Legible with Baan Dar as the native trickster core; PDV_Msg_Daedric_Nocturnal_Response_Bosmer must distinguish Baan Dar (native) from Nocturnal and note oath release as the exit.,BETA,PDV_DaedricRacePrinceMatrix.csv Nocturnal Bosmer cell; Notes 'Keep Rajhin and Baan Dar distinct from Nocturnal',esp,MSG PDV_Msg_Daedric_Nocturnal_Response_Bosmer present; text names Baan Dar as native lane vs Nocturnal as external,,daedric,UNVERIFIED
BC-0200,stance,Breton,BretonTradition,"PDV_State_BretonTradition must require an explicit choice (KnightsRoad=0, HiddenArt=1, GreenWay=2) with no silent fallback; setup must re-present until answered; tradition switching is not available in 1.0.",BETA,PDV_RaceDesign_Breton.md — Worship Structure / Implementation acceptance criteria,esp,PDV_State_BretonTradition global + setup quest,,race-sheets,UNVERIFIED
BC-0201,stance,Dunmer,Azura,Dunmer Azura path must route through the race manifest (native-integration override); no PDV_Msg_Daedric_Azura_Response_Dunmer row should exist in the Daedric path.,BETA,PDV_DaedricContent_Manifest.md Section 7.1; PDV_DaedricRacePrinceMatrix.csv Azura/Dunmer='Native',esp,No MSG record PDV_Msg_Daedric_Azura_Response_Dunmer; Dunmer Azura boon rows in race manifest instead,,daedric,UNVERIFIED
BC-0202,stance,Dunmer,Boethiah,Dunmer Boethiah path must route through the race manifest (Reclamation native-integration); no PDV_Msg_Daedric_Boethiah_Response_Dunmer row should exist in the Daedric path.,BETA,PDV_DaedricContent_Manifest.md Section 6.8; PDV_DaedricRacePrinceMatrix.csv Boethiah/Dunmer='Native',esp,No MSG PDV_Msg_Daedric_Boethiah_Response_Dunmer; Dunmer Boethiah rows in race manifest,,daedric,UNVERIFIED
BC-0203,stance,Dunmer,Dunmer Daedric deviation rule,"Non-Reclamation Daedric commitments by Dunmer (Malacath, Mehrunes Dagon, Molag Bal, etc.) must use the global Daedric path system only, presented as deviation/trial/pact/taboo; Aedric patron commitment is not a Dunmer 1.0 path; ancestor substrate remains present unless curse/posture state interrupts it.",BETA,PDV_RaceDesign_Dunmer.md — Daedric deviation rule (LOCKED),source,PDV_DaedricRacePrinceMatrix.csv Dunmer row — Legible stances for HiddenArt deities,,race-sheets,UNVERIFIED
BC-0204,stance,Dunmer,Mephala,Dunmer Mephala path must route through the race manifest (Reclamation native-integration); no PDV_Msg_Daedric_Mephala_Response_Dunmer row should exist in the Daedric path.,BETA,PDV_DaedricContent_Manifest.md Section 7.2; PDV_DaedricRacePrinceMatrix.csv Mephala/Dunmer='Native',esp,No MSG PDV_Msg_Daedric_Mephala_Response_Dunmer; Dunmer Mephala rows in race manifest,,daedric,UNVERIFIED
BC-0205,stance,Imperial,ConcordatStanding,"PDV_RepTrack_ConcordatStanding must exist as a -100 to +100 track with five bands: Open Defiant, Private Defiant, Uncommitted, Public Compliant, Concordat Enforcer; Talos piety multipliers must apply per band (x1.5/x1.25/x1.0/x0.75/x0.5).",BETA,PDV_RaceDesign_Imperial.md — ConcordatStanding Track,esp,PDV_RepTrack_ConcordatStanding StorageUtil key,,race-sheets,UNVERIFIED
BC-0206,stance,Imperial,Mehrunes Dagon,Imperial-Mehrunes Dagon must be flagged as Hostile (not merely Taboo) due to Oblivion Crisis memory; PDV_Msg_Daedric_Dagon_Response_Imperial must reference this explicitly.,BETA,PDV_DaedricRacePrinceMatrix.csv Dagon Notes 'Imperial hostility is stronger than generic taboo because of Oblivion memory'; statesByRace Imperial=Hostile,esp,MSG PDV_Msg_Daedric_Dagon_Response_Imperial present; statesByRace[Imperial]=Hostile; text references Oblivion Crisis,,daedric,UNVERIFIED
BC-0207,stance,Khajiit,Azura,Khajiit Azura/Azurah path must route through the race manifest (native-integration override); no PDV_Msg_Daedric_Azura_Response_Khajiit row should exist in the Daedric path.,BETA,PDV_DaedricContent_Manifest.md Section 7.1; PDV_DaedricRacePrinceMatrix.csv Azura/Khajiit='Native',esp,No MSG PDV_Msg_Daedric_Azura_Response_Khajiit; Khajiit Azurah treatment in race manifest,,daedric,UNVERIFIED
BC-0208,stance,Khajiit,Hermaeus Mora,"Khajiit-Hermaeus Mora (Hermorah) must be framed as Legible but not a baseline lunar replacement; the global path must not overwrite the lunar substrate, and exit must be quiet withdrawal or native reframing.",BETA,PDV_DaedricRacePrinceMatrix.csv Hermaeus Mora Notes 'Khajiit legibility does not mean baseline replacement of lunar order'; Khajiit cell='Legible',esp,MSG PDV_Msg_Daedric_Hermaeus_Response_Khajiit present; text explicitly limits Hermorah to legibility without displacing lunar substrate,,daedric,UNVERIFIED
BC-0209,stance,Khajiit,Mephala,"Khajiit-Mephala must be framed as Legible (Mafala-named but not a lunar lane); PDV_Msg_Daedric_Mephala_Response_Khajiit must exist as a global response row, not a native override.",BETA,PDV_DaedricRacePrinceMatrix.csv Mephala/Khajiit='Legible'; PDV_DaedricContent_Manifest.md Section 7.2 note,esp,MSG PDV_Msg_Daedric_Mephala_Response_Khajiit present; statesByRace[Khajiit]=Legible,,daedric,UNVERIFIED
BC-0210,stance,Khajiit,Namira,"Khajiit-Namira must be framed as Legible (Namiira dark-pressure reading) but explicitly remain dark-pressure rather than baseline devotion; the path must use withdrawal/cleanse exit, not native-override.",BETA,"PDV_DaedricRacePrinceMatrix.csv Namira Notes 'Khajiit legibility should remain dark-pressure, not baseline devotion'; Khajiit cell='Legible'",esp,MSG PDV_Msg_Daedric_Namira_Response_Khajiit present; text frames Namiira as dark pressure not native path,,daedric,UNVERIFIED
BC-0211,stance,Khajiit,Nocturnal,Khajiit-Nocturnal must be framed as Taboo with Rajhin as the native trickster lane; PDV_Msg_Daedric_Nocturnal_Response_Khajiit must distinguish Rajhin (native) from Nocturnal (external pressure) and frame oath release as the exit.,BETA,PDV_DaedricRacePrinceMatrix.csv Nocturnal Khajiit cell; Notes 'Keep Rajhin and Baan Dar distinct from Nocturnal',esp,MSG PDV_Msg_Daedric_Nocturnal_Response_Khajiit present; text distinguishes Rajhin from Nocturnal,,daedric,UNVERIFIED
BC-0212,stance,Khajiit,Sanguine,"Khajiit-Sanguine must be framed as Legible (Sangiin dark-pressure reading) but not a core path; exit must be withdrawal or cleanse, not native-override.",BETA,PDV_DaedricRacePrinceMatrix.csv Sanguine Khajiit='Legible',esp,MSG PDV_Msg_Daedric_Sanguine_Response_Khajiit present; statesByRace[Khajiit]=Legible; text distinguishes Sangiin from lunar native path,,daedric,UNVERIFIED
BC-0213,stance,Khajiit,Automatic focused patron emergence,PDV_State_KhajiitFocusedEmphasis must use None=0/Khenarthi=1/Azurah=2/BaanDar=3/Rajhin=4/Alkosh=5; focus activates after both weight and piety updates when one deity has 25+ focus weight and a 15+ lead plus actual piety 25+; no formal offer or confirmation choice fires; first focus is announced once and later qualifying leaders replace it without resetting to broad.,BETA,PDV_RaceDesign_Khajiit.md — 2026-08-06 Lunar and Champion Rebalance,source+esp,"PDV_State_KhajiitFocusedEmphasis mirror; evaluation ordering; five emergence Messages; toast and Book entries",,race-sheets,UNVERIFIED
BC-0214,stance,Nord,Nord Pantheon Baseline,PDV_State_NordPantheonBaseline must exist with OldWays=0 and NineDivines=1; setup must require an explicit player choice between pantheons before any patron scoring fires.,BETA,PDV_RaceDesign_Nord.md — Worship Structure / Implementation split (LOCKED),esp,PDV_State_NordPantheonBaseline global + setup dialogue,,race-sheets,UNVERIFIED
BC-0215,stance,Orc,Boethiah,"Orc-Boethiah hostility is load-bearing: PDV_Msg_Daedric_Boethiah_Response_Orc must frame the path as hard rupture (Trinimac-to-Malacath narrative), with exit difficulty 3 and stigmaMod 1.5.",BETA,PDV_DaedricRacePrinceMatrix.csv Boethiah notes 'Hostility for Altmer and Orc is load-bearing'; PDV_DaedricPrinceRecordContracts.json Boethiah statesByRace Orc=Hostile,esp,MSG PDV_Msg_Daedric_Boethiah_Response_Orc present; exitDifficultyByRace[Orc]=3; stigmaModByRace[Orc]=1.5,,daedric,UNVERIFIED
BC-0216,stance,Orc,Malacath,Orc Malacath path must route through the race manifest (native-integration); no PDV_Msg_Daedric_Malacath_Response_Orc row should exist in the Daedric path.,BETA,PDV_DaedricContent_Manifest.md Section 7.3; PDV_DaedricRacePrinceMatrix.csv Malacath/Orc='Native',esp,No MSG PDV_Msg_Daedric_Malacath_Response_Orc; Orc Malacath rows in race manifest,,daedric,UNVERIFIED
BC-0217,stance,Orc,OrcLifeMode,PDV_State_OrcLifeMode must use City=0/Stronghold=1/LegionExile=2 with exactly one active scoring/favor lane; City is the default bridge state; Stronghold requires Blood-Kin + active stronghold conduct; LegionExile requires explicit service/exile commitment; location or faction membership alone does NOT switch mode.,BETA,PDV_RaceDesign_Orc.md — Life-mode implementation rule (LOCKED),esp,PDV_State_OrcLifeMode global + PDV_GLO_State_OrcLifeMode,,race-sheets,UNVERIFIED
BC-0218,stance,Redguard,Forebear Arkay-parallel overlap,"Forebear Redguards may score piety through Arkay/Akatosh/Zenithar/Stendarr/Dibella/Julianos as Yokudan interpretive parallels; Yokudan names must remain primary in gameplay; Imperial-parallel scoring must flow through the Yokudan framework, not directly through those Divines.",BETA,PDV_RaceDesign_Redguard.md — Forebear interpretive overlap (LOCKED),source,,,race-sheets,UNVERIFIED
BC-0219,stance,Redguard,Malacath,Redguard-Malacath must be framed as Hostile (Malooc cautionary-enemy-god narrative); PDV_Msg_Daedric_Malacath_Response_Redguard must reference this explicitly.,BETA,PDV_DaedricRacePrinceMatrix.csv Malacath notes 'Orc-native exception; Redguard hostility is explicitly preserved'; PDV_DaedricPrinceRecordContracts.json Malacath statesByRace Redguard=Hostile,esp,MSG PDV_Msg_Daedric_Malacath_Response_Redguard present; statesByRace[Redguard]=Hostile,,daedric,UNVERIFIED
BC-0220,stance,Redguard,Mehrunes Dagon,"Redguard-Mehrunes Dagon must be framed as Hostile; severe rupture only, not standard Taboo.",BETA,PDV_DaedricRacePrinceMatrix.csv Dagon Redguard='Hostile',esp,MSG PDV_Msg_Daedric_Dagon_Response_Redguard present; statesByRace[Redguard]=Hostile,,daedric,UNVERIFIED
BC-0221,stance,Redguard,RedguardSect,PDV_State_RedguardSect must use Crown=0/Forebear=1/AshAbah=2; first-run setup requires explicit sect choice; if unset or corrupt must fall back to Forebear; sect state is separate from broad/focused commitment.,BETA,PDV_RaceDesign_Redguard.md — Implementation locks (LOCKED),esp,PDV_State_RedguardSect global + setup dialogue,,race-sheets,UNVERIFIED
BC-0222,record_flag,ALL,All 16 Daedric Princes,Every PDV_DaedricPath_<Prince> QUST record must have the SGE (Start Game Enabled) flag set and a matching SEQ entry; omitting SGE caused BaanDar to ship broken.,BETA,MEMORY.md 'Deity quest SGE+SEQ requirement'; PDV_AllRaceDaedricBetaReadinessLedger.md 'Strict Phase 20 verifier after SEQ refresh: PASS=2841',esp,Each PDV_DaedricPath_<Prince> QUST has DNAM flag bit SGE=1 and appears in Devotion.seq,,daedric,UNVERIFIED
BC-0223,record_flag,ALL,All 16 Daedric Princes,PDV_GLO_Daedric_<Prince>_Stigma global record must exist for every Prince and be wired as the StigmaGlobal property on the corresponding PDV_DaedricPath_<Prince> script.,BETA,PDV_DaedricPrinceRecordContracts.json stigmaGlobalEditorId field (present for all 16 Princes); PDV_Daedric_DecisionPacket_CAT4.md D-15.1,esp,GLOB PDV_GLO_Daedric_<Prince>_Stigma exists for all 16 Princes; script property StigmaGlobal bound in VMAD,,daedric,UNVERIFIED
BC-0224,record_flag,ALL,All 16 Daedric Princes,PDV_GLO_DaedricExposure derived global must be maintained as the max of all active per-Prince stigma values and keyed to broad social-reaction conditions.,BETA,PDV_Daedric_DecisionPacket_CAT4.md D-15.1 'PDV_GLO_DaedricExposure = max(active path stigma)',esp,GLOB PDV_GLO_DaedricExposure exists; manager script updates it as max of active Prince stigma values on each stigma change,,daedric,UNVERIFIED
BC-0225,record_flag,ALL,Broad lane state (PATRON_STATE_BROAD),"Broad lane worship must be implemented as PATRON_STATE_BROAD state-driven reward logic, resolved through the shared first-tier reward runtime rather than aggregate broad deity records.",BETA,PDV_Phase2_DeityRoster_and_ArchitectureRulings.md § R1,source,SyncFirstTierRaceRewardRuntime,,roster,UNVERIFIED
BC-0226,record_flag,ALL,Broad T1 reward spell editorIds,"Each race's broad T1 spell must use the exact fixed editorId declared in R2: PDV_Bless_Imperial_Civic_T1, PDV_Bless_Argonian_Hist_T1, PDV_Bless_Bosmer_Yffre_T1, PDV_Bless_Breton_Tradition_T1, PDV_Bless_Dunmer_Reclamation_T1, PDV_Bless_Imperial_Civic_T1, PDV_Bless_Khajiit_Lunar_T1 (rehomed), PDV_Bless_Nord_OldWays_T1, PDV_Bless_Orc_Malacath_T1, PDV_Bless_Redguard_AncestorSpine_T1.",BETA,PDV_Phase2_DeityRoster_and_ArchitectureRulings.md § R2 table,esp,housecarl read each SPEL by editorId; confirm it exists and is wired to the fixed manager property,,roster,UNVERIFIED
BC-0227,record_flag,ALL,Daedric forks (R6),"Breton Hidden Art Daedric forks, Dunmer non-Reclamation deviations, Nord Hircine, and Green Way werewolf/Daedric forks must route through the existing Phase 20C Daedric Prince system; no new Daedric Prince deity records may be created by Phase 2 race specs.",BETA,PDV_Phase2_DeityRoster_and_ArchitectureRulings.md § R6,esp,PDV_DaedricPath_Hircine and PDV_FLST_DaedricPaths_All are the live Phase 20C route surface; Phase 2 race specs must not create separate Daedric deity records.,,roster,UNVERIFIED
BC-0228,record_flag,ALL,Focusable-only deity records (R5),Only patrons the player can commit to as a primary focus get deity QUST records; broad-lane-only pantheon flavor gods must NOT receive deity records in V1.,BETA,PDV_Phase2_DeityRoster_and_ArchitectureRulings.md § R5,esp,Verify no deity QUSTs exist for Ruptga/Satakal/Tava/Onsi/Sep or other broad-only flavor gods,,roster,UNVERIFIED
BC-0229,record_flag,ALL,PDV_Deity_* (all new Phase 2 deity QUSTs),"Every new PDV_Deity_* QUST record must have the Start-Game-Enabled (SGE) flag set and a SEQ entry (pdv_refresh_seq pass); the EnsureQuest author helper omits SGE, as confirmed by BaanDar shipping broken.",BETA,PDV_Phase2_DeityRoster_and_ArchitectureRulings.md § 'Each new deity QUST needs the SGE flag + a pdv_refresh_seq pass'; PDV_ImperialRewardRecords.spec.json § deityQuestStructure CRITICAL note; PDV_ArgonianRewardRecords.spec.json § deityQuestStructure; PDV_NordRewardRecords.spec.json § recordCreation,esp,housecarl readback on each new PDV_Deity_* FormID; check SGE flag and SEQ record presence,,roster,UNVERIFIED
BC-0230,record_flag,ALL,PDV_Deity_* QUST SGE+SEQ requirement,Every PDV_Deity_* QUST record must have the SGE (Start Game Enabled) flag set AND an SEQ entry; EnsureQuest author helper omits the SGE flag — all deity quests must be audited to confirm SGE flag is manually set.,BETA,Memory: deity-quest-sge-seq-requirement.md — every PDV_Deity_* QUST needs SGE flag + SEQ entry,esp,xEdit: filter PDV_Deity_* QUST records for QUST flags bitmask SGE + SEQ file presence,,race-sheets,UNVERIFIED
BC-0231,record_flag,ALL,PDV_FLST_AllDeities (017E47),PDV_FLST_AllDeities must include all focusable deity QUSTs and must remain bounded to ~32 entries (dawn-iteration safe); no deity record must be added more than once.,BETA,PDV_Phase2_DeityRoster_and_ArchitectureRulings.md § R4; § 'Net new Phase 2 deities: ~22. Resulting PDV_FLST_AllDeities size: ~32',esp,housecarl read FormList 017E47; count items; verify no duplicates,,roster,UNVERIFIED
BC-0232,record_flag,ALL,Shared deity records (R4),A deity worshipped by multiple races must be ONE QUST created once by its owner race (create:true) and referenced by reuse races (create:false) with their stance field added via --reconcile-shared-deity; no ownership collision or orphan reuse is permitted.,BETA,PDV_Phase2_DeityRoster_and_ArchitectureRulings.md § R4,esp,"For each shared deity, verify single QUST in ESP with multiple Stance_<Race> fields populated",,roster,UNVERIFIED
BC-0233,record_flag,ALL,T1 reward records authored and manager-wired status,All ten T1 SPEL/MGEF records must show implementationStatus = records-authored-manager-wired-pending-runtime-proof; no race may advance to higher tiers while its T1 status remains pending.,BETA,PDV_Phase20_RewardRecordContracts.json — implementationStatus field per race entry,esp,Check all ten race entries in PDV_Phase20_RewardRecordContracts.json for implementationStatus; cross-check ESP SPEL/MGEF existence,,rewards,UNVERIFIED
BC-0234,record_flag,Altmer,PDV_Deity_AuriEl stance reconciliation,PDV_Deity_AuriEl (03DE88) must have Stance_Altmer=NATIVE added via --reconcile-shared-deity; do NOT recreate; existing deityIndex preserved.,BETA,PDV_AltmerRewardRecords.spec.json § deityQuests AuriEl; § rulingCompliance R4,esp,,,roster,UNVERIFIED
BC-0235,record_flag,Altmer,PDV_Deity_Magnus,"PDV_Deity_Magnus QUST must exist with create:true (Altmer owner), Stance_Altmer=NATIVE, DeityName='Magnus', next-available DeityIndex, SGE flag, SEQ entry, FLST membership.",BETA,PDV_AltmerRewardRecords.spec.json § deityQuests PDV_Deity_Magnus,esp,,,roster,UNVERIFIED
BC-0236,record_flag,Altmer,PDV_Deity_Trinimac stance reconciliation,"PDV_Deity_Trinimac (owned by Orc) must have Stance_Altmer=0 (NATIVE) so an Altmer player scores his day-to-day table. He DOES carry a full Altmer reward family: PDV_Bless_Altmer_Trinimac_T1/T2/T3.",BETA,PDV_AltmerRewardRecords.spec.json § deityQuests Trinimac entry; PDV_OrcRewardRecords.spec.json § sharedDeityReconciliation,esp,housecarl read PDV_Deity_Trinimac (071127:Devotion.esp) Stance_Altmer=0 (NATIVE),"Corrected 2026-08-02 by readback. Row previously asserted Stance_Altmer=PRESSURE and 'NO reward family for Altmer in V1'; both false. PDV_DeityBase defines only NATIVE=0/FOREIGN=1/TABOO=2/HOSTILE=3 -- there is no PRESSURE stance -- so the row could never pass as written and anyone following its old check_hint literally would 'fix' a correct record into a real defect. 'Pressure' describes the design posture (sparse curated signals) not a stance enum value. Reward family confirmed in ESP: 07164E/071651/071654 wired at PDV__ManagerQuest:15499 SyncAltmerRewardFamily.",roster,PASS
BC-0237,record_flag,Altmer,PDV_Deity_Xarxes,"PDV_Deity_Xarxes QUST must exist with create:true (Altmer owner), Stance_Altmer=NATIVE, DeityName='Xarxes', next-available DeityIndex, SGE flag, SEQ entry, FLST membership.",BETA,PDV_AltmerRewardRecords.spec.json § deityQuests PDV_Deity_Xarxes,esp,,,roster,UNVERIFIED
BC-0238,record_flag,Argonian,PDV_Deity_Hist,"PDV_Deity_Hist QUST must exist with create:true (Argonian owner), Stance_Argonian=NATIVE, DeityName='The Hist', next-available DeityIndex, SGE flag, SEQ entry, FLST membership.",BETA,PDV_ArgonianRewardRecords.spec.json § deityQuests PDV_Deity_Hist entry,esp,"housecarl read PDV_Deity_Hist; verify DeityName='The Hist', Stance_Argonian=0, SGE, SEQ, FLST 017E47",,roster,UNVERIFIED
BC-0239,record_flag,Argonian,PDV_Deity_Sithis,"PDV_Deity_Sithis QUST must exist with create:true (Argonian owner), Stance_Argonian=NATIVE, DeityName='Sithis', next-available DeityIndex, SGE flag, SEQ entry, FLST membership; scored only after IsVoidFullyActive() (>=3 Void signals).",BETA,PDV_ArgonianRewardRecords.spec.json § deityQuests PDV_Deity_Sithis entry,esp,housecarl read PDV_Deity_Sithis; confirm Void activation gate in manager logic,,roster,UNVERIFIED
BC-0240,record_flag,Bosmer,PDV_Deity_BaanDar Bosmer stance reconciliation,PDV_Deity_BaanDar (06FA1C) must have Stance_Bosmer=TOLERATED added via --reconcile-shared-deity; do NOT recreate; do NOT re-add to FLST 017E47.,BETA,PDV_BosmerRewardRecords.spec.json § deityQuests BaanDar entry; § ownsNoNewDeities,esp,housecarl read PDV_Deity_BaanDar; Stance_Bosmer must be TOLERATED (not NATIVE),,roster,UNVERIFIED
BC-0241,record_flag,Breton,Breton reuses Imperial Divines (no new deity QUSTs),Breton creates ZERO new deity QUSTs; Akatosh/Stendarr/Arkay/Mara/Julianos/Kynareth must have Stance_Breton=NATIVE added via --reconcile-shared-deity after the Imperial spec has run; FLST 017E47 must not gain any Breton additions.,BETA,PDV_BretonRewardRecords.spec.json § deityQuests all entries create:false; § authoringPlan noDeityQuestStructureNeeded; § wiring 'Do not add anything to FLST',esp,Confirm FLST 017E47 item count unchanged after Breton authoring run; each reused deity has Stance_Breton=0,,roster,UNVERIFIED
BC-0242,record_flag,Dunmer,PDV_Deity_Azura Dunmer stance reconciliation,"PDV_Deity_Azura (Khajiit-created Phase 1) must have Stance_Dunmer=NATIVE added via --reconcile-shared-deity; do NOT recreate, do NOT reassign its deityIndex (preserved from Khajiit: 40).",BETA,PDV_DunmerRewardRecords.spec.json § deityQuests Azura reuse entry,esp,housecarl read PDV_Deity_Azura; DeityIndex must remain 40; Stance_Dunmer=0 added,,roster,UNVERIFIED
BC-0243,record_flag,Dunmer,PDV_Deity_Boethiah,"PDV_Deity_Boethiah QUST must exist with create:true (Dunmer owner), Stance_Dunmer=NATIVE, DeityName='Boethiah', next-available DeityIndex, SGE flag, SEQ entry, FLST membership.",BETA,PDV_DunmerRewardRecords.spec.json § deityQuests Boethiah entry,esp,,,roster,UNVERIFIED
BC-0244,record_flag,Dunmer,PDV_Deity_Mephala,"PDV_Deity_Mephala QUST must exist with create:true (Dunmer owner), Stance_Dunmer=NATIVE, DeityName='Mephala', next-available DeityIndex, SGE flag, SEQ entry, FLST membership.",BETA,PDV_DunmerRewardRecords.spec.json § deityQuests Mephala entry,esp,,,roster,UNVERIFIED
BC-0245,record_flag,Imperial,PDV_Deity_Akatosh,"PDV_Deity_Akatosh QUST must exist with create:true (Imperial owner), Stance_Imperial=NATIVE, DeityName='Akatosh', next-available DeityIndex, SGE flag, SEQ entry, and membership in PDV_FLST_AllDeities.",BETA,PDV_ImperialRewardRecords.spec.json § deityQuests; PDV_Phase2_DeityRoster_and_ArchitectureRulings.md § roster table,esp,"housecarl read PDV_Deity_Akatosh; check VMAD DeityName='Akatosh', Stance_Imperial=0, SGE, SEQ, FLST membership",,roster,UNVERIFIED
BC-0246,record_flag,Imperial,PDV_Deity_Arkay,"PDV_Deity_Arkay QUST must exist with create:true (Imperial owner), Stance_Imperial=NATIVE, DeityName='Arkay', next-available DeityIndex, SGE flag, SEQ entry, and FLST membership; shared with Nord, Breton, and Redguard fallback infrastructure.",BETA,PDV_ImperialRewardRecords.spec.json § deityQuests,esp,"housecarl read PDV_Deity_Arkay; check Stance_Imperial, Stance_Nord, Stance_Breton, and Stance_Redguard populated after all reconcile passes",,roster,UNVERIFIED
BC-0247,record_flag,Imperial,PDV_Deity_Dibella,"PDV_Deity_Dibella QUST must exist with create:true (Imperial owner), Stance_Imperial=NATIVE, next-available DeityIndex, SGE flag, SEQ entry, FLST membership.",BETA,PDV_ImperialRewardRecords.spec.json § deityQuests,esp,housecarl read PDV_Deity_Dibella,,roster,UNVERIFIED
BC-0248,record_flag,Imperial,PDV_Deity_Julianos,"PDV_Deity_Julianos QUST must exist with create:true (Imperial owner), Stance_Imperial=NATIVE, next-available DeityIndex, SGE flag, SEQ entry, FLST membership; shared with Breton Hidden Art.",BETA,PDV_ImperialRewardRecords.spec.json § deityQuests,esp,housecarl read PDV_Deity_Julianos; check Stance_Breton after Breton reconcile pass,,roster,UNVERIFIED
BC-0249,record_flag,Imperial,PDV_Deity_Kynareth,"PDV_Deity_Kynareth QUST must exist with create:true (Imperial owner), Stance_Imperial=NATIVE, next-available DeityIndex, SGE flag, SEQ entry, FLST membership; distinct from PDV_Deity_Kyne (Nord); shared with Breton Green Way and Bosmer tolerated.",BETA,PDV_ImperialRewardRecords.spec.json § deityQuests; § baseline note 'distinct from Kyne',esp,Confirm PDV_Deity_Kynareth (Imperial-created) and PDV_Deity_Kyne (0120B6) are distinct QUSTs,,roster,UNVERIFIED
BC-0250,record_flag,Imperial,PDV_Deity_Mara,"PDV_Deity_Mara QUST must exist with create:true (Imperial owner), Stance_Imperial=NATIVE, DeityName='Mara', next-available DeityIndex, SGE flag, SEQ entry, and FLST membership.",BETA,PDV_ImperialRewardRecords.spec.json § deityQuests,esp,housecarl read PDV_Deity_Mara; verify same structure as Akatosh,,roster,UNVERIFIED
BC-0251,record_flag,Imperial,PDV_Deity_Stendarr,"PDV_Deity_Stendarr QUST must exist with create:true (Imperial owner), Stance_Imperial=NATIVE, next-available DeityIndex, SGE flag, SEQ entry, FLST membership; Breton reconciles Stance_Breton=NATIVE later.",BETA,PDV_ImperialRewardRecords.spec.json § deityQuests,esp,housecarl read PDV_Deity_Stendarr,,roster,UNVERIFIED
BC-0252,record_flag,Imperial,PDV_Deity_Talos (reuse),PDV_Deity_Talos (03DE87) must be referenced only (create:false) by the Imperial spec; Imperial must wire it as a focused patron filtered by ConcordatStanding eligibility; compliance never scores Talos piety.,BETA,PDV_ImperialRewardRecords.spec.json § deityQuests Talos entry; § wiring ConcordatStanding,esp,Verify PDV_Deity_Talos FormID 03DE87 unchanged; check ConcordatStanding filter in manager Talos reward props,,roster,UNVERIFIED
BC-0253,record_flag,Imperial,PDV_Deity_Zenithar,"PDV_Deity_Zenithar QUST must exist with create:true (Imperial owner), Stance_Imperial=NATIVE, next-available DeityIndex, SGE flag, SEQ entry, FLST membership; distinct from PDV_Deity_Zen (Bosmer).",BETA,PDV_ImperialRewardRecords.spec.json § deityQuests,esp,Confirm PDV_Deity_Zenithar and PDV_Deity_Zen are distinct QUSTs with separate FormIDs,,roster,UNVERIFIED
BC-0254,record_flag,Khajiit,Khajiit Phase 1 deity QUSTs (Azura/Khenarthi/Rajhin/Alkosh),"PDV_Deity_Azura (index 40), PDV_Deity_Khenarthi (index 41), PDV_Deity_Rajhin (index 42), PDV_Deity_Alkosh (index 43) must exist with SGE flag, SEQ entry, Stance_Khajiit=NATIVE, and FLST 017E47 membership; indices 40-43 must be preserved across all Phase 2 authoring runs.",BETA,PDV_KhajiitRewardRecords.spec.json § deityQuests; § authoringPlan assignedDeityIndex,esp,"housecarl read PDV_Deity_Azura DeityIndex=40, Khenarthi=41, Rajhin=42, Alkosh=43; FLST 017E47 includes all four",,roster,UNVERIFIED
BC-0255,record_flag,Nord,Imperial Divine stance reconciliation for Nord,The 8 Imperial-owned Divines (Akatosh/Mara/Arkay/Stendarr/Zenithar/Dibella/Julianos/Kynareth) must have Stance_Nord=NATIVE added via --reconcile-shared-deity; do NOT recreate or re-add to FLST.,BETA,PDV_NordRewardRecords.spec.json § deityReuse; § authoringPlan deityReuse,esp,housecarl read each Imperial Divine QUST; check Stance_Nord populated after Nord reconcile pass,,roster,UNVERIFIED
BC-0256,record_flag,Nord,PDV_Deity_Shor,"PDV_Deity_Shor QUST must exist with create:true (Nord owner), Stance_Nord=NATIVE, DeityName='Shor', next-available DeityIndex, SGE flag, SEQ entry, FLST membership; Old Ways lane focusable patron.",BETA,PDV_NordRewardRecords.spec.json § deityQuests PDV_Deity_Shor entry; PDV_Phase2_DeityRoster_and_ArchitectureRulings.md § roster,esp,"housecarl read PDV_Deity_Shor; FormVersion 44, SGE, SEQ, Stance_Nord=0",,roster,UNVERIFIED
BC-0257,record_flag,Nord,PDV_Deity_Stuhn,"PDV_Deity_Stuhn QUST must exist with create:true (Nord owner), Stance_Nord=NATIVE, DeityName='Stuhn', next-available DeityIndex, SGE flag, SEQ entry, FLST membership; Old Ways lane focusable patron.",BETA,PDV_NordRewardRecords.spec.json § deityQuests PDV_Deity_Stuhn entry,esp,,,roster,UNVERIFIED
BC-0258,record_flag,Nord,PDV_Deity_Tsun,"PDV_Deity_Tsun QUST must exist with create:true (Nord owner), Stance_Nord=NATIVE, DeityName='Tsun', next-available DeityIndex, SGE flag, SEQ entry, FLST membership; Old Ways lane focusable patron.",BETA,PDV_NordRewardRecords.spec.json § deityQuests PDV_Deity_Tsun entry,esp,,,roster,UNVERIFIED
BC-0259,record_flag,Orc,PDV_Deity_Malacath,"PDV_Deity_Malacath QUST must exist with create:true (Orc owner), Stance_Orc=NATIVE, DeityName='Malacath', next-available DeityIndex, SGE flag, SEQ entry, FLST membership; the one Orc religious spine.",BETA,PDV_OrcRewardRecords.spec.json § deityQuests PDV_Deity_Malacath entry,esp,,,roster,UNVERIFIED
BC-0260,record_flag,Orc,PDV_Deity_Trinimac,"PDV_Deity_Trinimac QUST must exist with create:true (Orc owner), Stance_Orc=pressure, Stance_Altmer=pressure, next-available DeityIndex, SGE flag, SEQ entry, FLST membership; rare ideological pressure only, grants NO always-on boon family in V1.",BETA,PDV_OrcRewardRecords.spec.json § deityQuests PDV_Deity_Trinimac entry; § ownsNewDeities,esp,housecarl read PDV_Deity_Trinimac; confirm no reward spell properties attached,,roster,UNVERIFIED
BC-0261,record_flag,Redguard,PDV_Deity_Arkay Redguard stance reconciliation (infra only),PDV_Deity_Arkay (Imperial-owned) must have Stance_Redguard added via --reconcile-shared-deity as fallback death-rite infrastructure only; Redguard worship piety must NOT route to Arkay; Survey/copy must say Tu'whacca.,BETA,PDV_RedguardRewardRecords.spec.json § reusedDeities Arkay entry,esp,Confirm no manager Arkay piety grant for Redguard origin; grep RouteDunmerAsh/RouteRedguardAshAbahDeathDuty target deity,,roster,UNVERIFIED
BC-0262,record_flag,Redguard,PDV_Deity_HoonDing,"PDV_Deity_HoonDing QUST must exist with create:true (Redguard owner), Stance_Redguard=NATIVE, DeityName='HoonDing', next-available DeityIndex, SGE flag, SEQ entry, FLST membership; rewards carry weekly cap (one per 7 in-game days); generic combat never scores.",BETA,PDV_RedguardRewardRecords.spec.json § deityQuests HoonDing entry,esp,,,roster,UNVERIFIED
BC-0263,record_flag,Redguard,PDV_Deity_Leki,"PDV_Deity_Leki QUST must exist with create:true (Redguard owner), Stance_Redguard=NATIVE, DeityName='Leki', next-available DeityIndex, SGE flag, SEQ entry, FLST membership; rewards require sword-singing conduct/context; generic combat never scores.",BETA,PDV_RedguardRewardRecords.spec.json § deityQuests Leki entry,esp,,,roster,UNVERIFIED
BC-0264,record_flag,Redguard,PDV_Deity_Tuwhacca,"PDV_Deity_Tuwhacca QUST must exist with create:true (Redguard owner), Stance_Redguard=NATIVE, DeityName='Tu'whacca', next-available DeityIndex, SGE flag, SEQ entry, FLST membership; all worship/Survey copy must say Tu'whacca, never Arkay.",BETA,PDV_RedguardRewardRecords.spec.json § deityQuests Tuwhacca entry; § farShoresToken designNote,esp,,,roster,UNVERIFIED
BC-0265,reward_tier,ALL,<=2 always-on loud boon families ceiling,No race may have more than two meaningful always-on boon families active simultaneously; foreground patron/path/mode must remain the loudest steady reward layer.,BETA,"PDV_RaceRewardBudgetLedger.md — Budget Rules section, rules 1 and 3",runtime-status,Stack snapshot gates in PDV_Phase20_NoInGameProof_Gates.json; check allowed loud layers per race,,rewards,UNVERIFIED
BC-0266,reward_tier,ALL,All 16 Daedric Princes,"Every Daedric Prince path must have exactly 3 price SPELs (Seeker/Devoted/Champion) paired to their corresponding boon SPELs, with matching MGEF records and player-facing price description text.",BETA,PDV_DaedricContent_Manifest.md Section 2 'Boon/price/stigma triple'; PDV_Daedric_DecisionPacket_CAT4.md D-18 item 3,esp,For each Prince: SPEL PDV_Price_Daedric_<Prince>_{Seeker|Devoted|Champion} and MGEF PDV_MGEF_Price_Daedric_<Prince>_{Seeker|Devoted|Champion} all present; playerFacingText non-empty,,daedric,UNVERIFIED
BC-0267,reward_tier,ALL,All races T1 baseline,"SPEL PDV_Bless_<Race>_*_T1 and MGEF PDV_MGEF_Bless_<Race>_*_T1 records must exist, each carry at least one MGEF, and every MGEF description must be ASCII-safe for all ten races (Altmer, Argonian, Bosmer, Breton, Dunmer, Imperial, Khajiit, Nord, Orc, Redguard).",BETA,PDV_Phase20_RewardRecordContracts.json — schema/status field; per-race recordReadbackAssertion fields,data,"EditorIDs: PDV_Bless_Altmer_Orthodox_T1, PDV_Bless_Argonian_Hist_T1, PDV_Bless_Bosmer_Yffre_T1, PDV_Bless_Breton_Tradition_T1, PDV_Bless_Dunmer_Reclamation_T1, PDV_Bless_Imperial_Civic_T1, PDV_Bless_Khajiit_Lunar_T1, PDV_Bless_Nord_OldWays_T1, PDV_Bless_Orc_Malacath_T1, PDV_Bless_Redguard_AncestorSpine_T1",,rewards,UNVERIFIED
BC-0268,reward_tier,ALL,All races T1 manager wiring,PDV__ManagerQuest must be the sole grant/removal owner for all T1 race reward SPELs; no event-time grant is permitted; grants must occur only at dawn consolidation after smoke passes.,BETA,"PDV_Phase20_RewardRecordContracts.json — grantOwner, grantGate fields",source,PDV__ManagerQuest dawn/state logic; search for AddSpell/RemoveSpell calls for PDV_Bless_* outside dawn handler,,rewards,UNVERIFIED
BC-0269,reward_tier,ALL,Azura,"Azura must have authored and CAT-6-promoted boon SPELs at Seeker (ResistMagic +5), Devoted (MagickaRateMult +8), and Champion (MagickaRateMult +12) tiers with matching MGEF records.",FUTURE,"PDV_DaedricPrinceRecordContracts.json, Azura boons array; PDV_DaedricContent_Manifest.md Section 7.1",esp,SPEL PDV_Bless_Daedric_Azura_{Seeker|Devoted|Champion} present with correct actorValue/magnitude,[auto-demoted: matches explicit descope],daedric,UNVERIFIED
BC-0270,reward_tier,ALL,Balance invariants (R8),Each race must have at most 2 always-on boon families; broad must be weaker than focused; no single act may use both ScoreRepeatableAction and ConsumeDailyRepeatMultiplier; per-tier magnitude ceiling is ~12%; creed-violation loss is medium/major only; player-facing text is ASCII-only using valid Skyrim ActorValue names.,BETA,PDV_Phase2_DeityRoster_and_ArchitectureRulings.md § R8,source,"pdv_verify --strict-phase20-race-costing: check boon family count, broad<focused magnitudes, no double anti-farm per act, magnitude<=12, creed-loss entries",,roster,UNVERIFIED
BC-0271,reward_tier,ALL,Boethiah,"Boethiah must have authored and CAT-6-promoted boon SPELs at Seeker (PDV_Bless_Daedric_Boethiah_Seeker), Devoted (PDV_Bless_Daedric_Boethiah_Devoted), and Champion (PDV_Bless_Daedric_Boethiah_Champion) tiers with matching MGEF records.",FUTURE,"PDV_DaedricPrinceRecordContracts.json, Boethiah boons array; PDV_DaedricContent_Manifest.md Section 6.2",esp,SPEL PDV_Bless_Daedric_Boethiah_{Seeker|Devoted|Champion} and MGEF PDV_MGEF_Bless_Daedric_Boethiah_{Seeker|Devoted|Champion} all present in ESP,[auto-demoted: matches explicit descope],daedric,UNVERIFIED
BC-0272,reward_tier,ALL,Boethiah,"Boethiah price SPELs must apply Speechcraft penalties at Seeker (-3), Devoted (-5), and Champion (-8) as the social/trust-damage price.",BETA,"PDV_DaedricPrinceRecordContracts.json, Boethiah prices array",esp,MGEF PDV_MGEF_Price_Daedric_Boethiah_* have actorValue=Speechcraft with correct negative magnitudes,,daedric,UNVERIFIED
BC-0273,reward_tier,ALL,Capstone cheat-death: once per day StorageUtil key,Every killing-blow/low-HP save across all capstone signatures must use a once-per-day StorageUtil daily key; no cheat-death may fire more than once per in-game day.,BETA,"PDV_Phase2_CapstoneSignatures.md — LOCKED implementation rules, rule 1",source,StorageUtil SetIntValue with a PDV.CheatDeath.* daily key; check at dawn for key reset,,rewards,UNVERIFIED
BC-0274,reward_tier,ALL,Capstone signatures are additive on top of T3 stat lines,T3 Champion abilities must carry both the stat lines (~12% magnitudes) AND the scripted signature; signatures are additive on top of tier buffs; stat half stays capped; special effect lives in the qualitative signature.,BETA,PDV_Phase2_CapstoneSignatures.md — Structure (binding) section,data,Each T3 SPEL/MGEF set must have both a plain-stat MGEF component and a scripted-signature component,,rewards,UNVERIFIED
BC-0275,reward_tier,ALL,Capstone stat magnitudes: ~12% ceiling rule,"All capstone stat lines must stay at or below approximately 12% combat-stat magnitudes (per Decision-2 ceiling); deliberate exceptions (Alkosh ResistMagic 15, Baan Dar Unarmed 10, Rajhin Unarmed 10) are explicitly documented and must not be replicated without documenting a new exception.",BETA,PDV_Phase2_CapstoneSignatures.md — Structure (binding) section; Khajiit LOCKED section stat tweaks note,data,,,rewards,UNVERIFIED
BC-0276,reward_tier,ALL,Contextual favor one-active cap,At most one active contextual favor family may be active per player at any time; this cap applies across all races.,BETA,PDV_RaceRewardBudgetLedger.md — Budget Rules section; PDV_RaceEffectReviewLedger.md — Khajiit T1 Baseline stack cap,source,Manager contextual favor grant logic; PDV_Phase20_NoInGameProof_Gates.json contextual-favor caps,,rewards,UNVERIFIED
BC-0277,reward_tier,ALL,Curse/Daedric native architecture visibility rule,"A curse or Daedric path must not silently replace native race architecture; native architecture remains visible and the curse path carries price, stigma, exit, and residue.",BETA,"PDV_RaceRewardBudgetLedger.md — Budget Rules section, rule 8; Cross-Race Balance Flags — Curse path overwrite",source,,,rewards,UNVERIFIED
BC-0278,reward_tier,ALL,Fallback-as-floor binding rule for all fiddly capstone detections,"For every capstone signature flagged fiddly (marked with a warning), the robust fallback must be built as the guaranteed baseline and the precise detection layers on top; if precise detection fails to fire, effect silently degrades to fallback; no capstone may end up non-functional because a detection did not fire.",BETA,"PDV_Phase2_CapstoneSignatures.md — LOCKED implementation rules, rule 3",source,"All signatures flagged with fiddly warnings in the DRAFT section: Boethiah (live target-marking), Mephala (Illusion level-cap), Kyne (power-attack-stamina perk), Shor (honorable detection), Tsun (stamina-floor), Stuhn (surrender detection), HoonDing (cone), Leki (crowd-count), Rajhin (pickpocket-success)",,rewards,UNVERIFIED
BC-0279,reward_tier,ALL,Focused 3-tier reward naming,"All focused patron reward spells must follow the naming convention PDV_Bless_<Race>_<Patron>_T1/T2/T3; grant logic must mirror SyncKhajiitEmphasisRewards with one active focus, T1>=Seeker(25), T2>=Devoted(50), T3>=Champion(85).",BETA,PDV_Phase2_DeityRoster_and_ArchitectureRulings.md § R3,source,grep PDV_Bless_ across ESP; verify naming pattern and manager SyncEmphasisFamily/SyncEmphasisRewards call per race,,roster,UNVERIFIED
BC-0280,reward_tier,ALL,Global one-active-reward stack rule,Only one first-tier race reward may be active per player origin lane at a time; stale first-tier rewards must be removed before adding another; no stacking with a higher tier of the same lane.,BETA,PDV_Phase20_RewardRecordContracts.json — globalStackRule field,source,Manager dawn consolidation: verify RemoveSpell before AddSpell for same-lane T1 records,,rewards,UNVERIFIED
BC-0281,reward_tier,ALL,Mephala,"Mephala must have authored and CAT-6-promoted boon SPELs at Seeker (Sneak +5), Devoted (Pickpocket +8), and Champion (Pickpocket +12) tiers.",FUTURE,"PDV_DaedricPrinceRecordContracts.json, Mephala boons array; PDV_DaedricContent_Manifest.md Section 7.2",esp,SPEL PDV_Bless_Daedric_Mephala_{Seeker|Devoted|Champion} present in ESP,[auto-demoted: matches explicit descope],daedric,UNVERIFIED
BC-0282,reward_tier,ALL,Meridia,"Meridia must have authored and CAT-6-promoted boon SPELs at Seeker (Restoration +5), Devoted (ResistDisease +8), and Champion (ResistDisease +12) tiers with tolerated stigma class (PDV_GLO_Daedric_Meridia_Stigma).",FUTURE,"PDV_DaedricPrinceRecordContracts.json, Meridia boons/stigmaClass; PDV_DaedricContent_Manifest.md Section 7.4",esp,SPEL PDV_Bless_Daedric_Meridia_* present; stigmaClass=Tolerated reflected in low base accrual rate,[auto-demoted: matches explicit descope],daedric,UNVERIFIED
BC-0283,reward_tier,ALL,Molag Bal,"Molag Bal must have authored and CAT-6-promoted boon SPELs at Seeker (Speechcraft +5), Devoted (Illusion +8), and Champion (Illusion +12) tiers; stigmaClass must be Curse-access, not Standard.",FUTURE,"PDV_DaedricPrinceRecordContracts.json, Molag Bal boons/stigmaClass; PDV_DaedricContent_Manifest.md Section 7.15",esp,SPEL PDV_Bless_Daedric_Molag_* present; PDV_GLO_Daedric_Molag_Stigma exists with curse-access behavior,[auto-demoted: matches explicit descope],daedric,UNVERIFIED
BC-0284,reward_tier,ALL,One active capstone at a time (one-active-emphasis/path/patron rule),Only one capstone signature may be active per character at any time due to the one-active-emphasis/path/patron rule; switching focus/path/life-mode must remove the prior capstone before granting a new one.,BETA,PDV_Phase2_CapstoneSignatures.md — Structure (binding) section,source,,,rewards,UNVERIFIED
BC-0285,reward_tier,ALL,One save per race rule,"Each race's capstone set carries at most one cheat-death/low-HP save; Argonian People's once/day ally-targeting proc is excluded from this count (targets ally, not player); the race-to-save mapping is binding and cannot be violated by adding new capstones.",BETA,"PDV_Phase2_CapstoneSignatures.md — LOCKED implementation rules, rule 2",source,,"Saves: Imperial=Akatosh, Altmer=Auri-El, Redguard=Tu'whacca, Nord=Shor, Orc=Legion, Argonian=Void, Khajiit=Baan Dar, Bosmer=Bandit Road",rewards,UNVERIFIED
BC-0286,reward_tier,ALL,Reward surfacing boundary (non-voiced V1),"Reward text must surface only through spell/effect descriptions, Survey/status, notifications, message boxes, MCM, books/notes, shrine/service gates, or Prisma; no voiced dialogue in V1.",FUTURE,PDV_Phase20_RewardRecordContracts.json — dialogueBoundary field,data,,Voiced dialogue is FUTURE (1.0 V2 pass) [auto-demoted: matches explicit descope],rewards,UNVERIFIED
BC-0287,reward_tier,ALL,T2 and T3 reward records gate,"Reward tuning or tier expansion beyond the current all-race T1 contract is blocked until each race has a completed row in PDV_RaceEffectReviewLedger.md naming floor effect family, ceiling effect family, magnitude range, conditions, grant/removal owner, stack cap, Survey copy, rejected hooks, curse/Daedric interaction, and manual feel note.",FUTURE,PDV_RaceEffectReviewLedger.md — Holistic Review Hook section and Review Rules,data,,T2/T3 records are future-tier until each race's completed ledger row exists and runtime/manual proof is done,rewards,UNVERIFIED
BC-0288,reward_tier,ALL,Vaermina,"Vaermina must have authored and CAT-6-promoted boon SPELs at Seeker (Illusion +5), Devoted (Sneak +8), and Champion (Sneak +12) tiers.",FUTURE,"PDV_DaedricPrinceRecordContracts.json, Vaermina boons array",esp,SPEL PDV_Bless_Daedric_Vaermina_{Seeker|Devoted|Champion} present in ESP,[auto-demoted: matches explicit descope],daedric,UNVERIFIED
BC-0289,reward_tier,Altmer,Altmer Orthodox broad T1/T2,"PDV_Bless_Altmer_Orthodox_T1 (fixed, MagickaRateMult 4%) and PDV_Bless_Altmer_Orthodox_T2 (new, MagickaRateMult 7% + ResistMagic 5%, capped Faithful) must exist; T2 suppressed when a patron is focused.",BETA,PDV_AltmerRewardRecords.spec.json § broadState rewards,esp,,,roster,UNVERIFIED
BC-0290,reward_tier,Altmer,Altmer reward ceiling: no third steady stack,Altmer reward ceiling is Auri-El foundation plus one secondary focus plus one active contextual favor family; ThalmorAlignment may modify or unlock but must not add a third steady boon stack.,BETA,"PDV_RaceRewardBudgetLedger.md — Focused Pass: Altmer, Reward ceiling; PDV_RaceEffectReviewLedger.md — Altmer coherence baseline row",runtime-status,,,rewards,UNVERIFIED
BC-0291,reward_tier,Altmer,Altmer reward floor: net-positive without perfect play,"Basic dawn practice, study, magic milestones, and coherent behavior must keep a non-edge Altmer player net-positive without perfect play; positive income from dawn/study/magic milestones must trend higher than ordinary pressure.",BETA,"PDV_RaceRewardBudgetLedger.md — Focused Pass: Altmer, Reward floor",runtime-status,,,rewards,UNVERIFIED
BC-0292,reward_tier,Altmer,Auri-El Champion,Auri-El Tier 3: magic regenerates 25% faster in non-combat; Auri-El shrine gives maximum blessing; at dawn: magic cost -15% until midday. Lorkhan Adjacency Penalty fires normally at Champion — reaching Champion while absorbing penalties is the statement.,BETA,PDV_RaceDesign_Altmer.md — Tier 3 Devoted / Auri-El focus,source,,,race-sheets,UNVERIFIED
BC-0293,reward_tier,Altmer,Auri-El focused 3-tier,"PDV_Bless_Altmer_AuriEl_T1 (MagickaRateMult 5%), T2 (MagickaRateMult 8% + ResistMagic 6%), T3 (MagickaRateMult 12% + ResistMagic 10%) must exist gated on active Auri-El focus.",BETA,PDV_AltmerRewardRecords.spec.json § emphasisRewards AuriEl entries,esp,,,roster,UNVERIFIED
BC-0294,reward_tier,Altmer,Auri-El T1 steadiness reward,SPEL PDV_Bless_Altmer_Orthodox_T1 must exist with MGEF PDV_MGEF_Bless_Altmer_Orthodox_T1 granting MagickaRateMult +3.0 (provisional); suppressed while Altmer curse/crisis penalty is active unless manager explicitly resolves precedence.,BETA,PDV_Phase20_RewardRecordContracts.json — Altmer entry; PDV_RaceEffectReviewLedger.md — Altmer coherence baseline row,data,SPEL PDV_Bless_Altmer_Orthodox_T1; MGEF actorValue=MagickaRateMult mag=3.0,,rewards,UNVERIFIED
BC-0295,reward_tier,Altmer,Auri-El T3 capstone signature — Ascendant Light,"Altmer Auri-El T3 Champion ability must carry both stat lines and the Ascendant Light scripted signature: luminous cheat-death (ward + heal + brief slow-time + coherence resolve), once per day; fallback drops slow-time but still fires ward+heal.",BETA,"PDV_Phase2_CapstoneSignatures.md — Altmer section (DRAFT, pending talk-through)",source,Once-per-day StorageUtil daily key; fallback = drop slow-time variant; see mechanism M4/M6-variant,Listed as DRAFT pending talk-through but fallback-as-floor rule makes the fallback binding for Phase B,rewards,UNVERIFIED
BC-0296,reward_tier,Altmer,Magnus Champion,"Magnus Tier 3: magic regen 20% faster non-combat; College gives maximum recognition privilege; after magic skill milestone (25/50/75/100), that school costs 10% less for 24h; Alteration and Illusion cost -10% permanently at Champion.",BETA,PDV_RaceDesign_Altmer.md — Tier 3 Devoted / Magnus focus,source,,,race-sheets,UNVERIFIED
BC-0297,reward_tier,Altmer,Magnus focused 3-tier,"PDV_Bless_Altmer_Magnus_T1 (Alteration 5%), T2 (Alteration 8% + MagickaRateMult 6%), T3 (Alteration 12% + MagickaRateMult 9%) must exist gated on active Magnus focus.",BETA,PDV_AltmerRewardRecords.spec.json § emphasisRewards Magnus entries,esp,,,roster,UNVERIFIED
BC-0298,reward_tier,Altmer,Magnus T3 capstone — The Architect's Aperture,Altmer Magnus T3 must carry daytime/outdoors magicka surge + disciplined-school cost reduction + foresight magic-ward proc (M9 daytime-inverse); fallback is already confirmed buildable.,BETA,PDV_Phase2_CapstoneSignatures.md — Altmer section (DRAFT),source,,DRAFT pending talk-through,rewards,UNVERIFIED
BC-0299,reward_tier,Altmer,Xarxes focused 3-tier,"PDV_Bless_Altmer_Xarxes_T1 (Restoration 5%), T2 (Restoration 8% + MagickaRateMult 6%), T3 (Restoration 12% + MagickaRateMult 9%) must exist gated on active Xarxes focus.",BETA,PDV_AltmerRewardRecords.spec.json § emphasisRewards Xarxes entries,esp,,,roster,UNVERIFIED
BC-0300,reward_tier,Altmer,Xarxes T3 capstone — The Long Ledger,Altmer Xarxes T3 must carry stacking/decaying coherence buff (ResistMagic + MagickaRate) from study/record acts plus once/day recorded self-restoration; fallback decays per dawn if study-hook is unreliable.,BETA,PDV_Phase2_CapstoneSignatures.md — Altmer section (DRAFT),source,,DRAFT pending talk-through,rewards,UNVERIFIED
BC-0301,reward_tier,Argonian,Argonian People T3 capstone — Pillar of the Saxhleel,Argonian People T3 must carry ally-projected heal/disease aura plus once/day ward+rally when an ally reaches low HP (M3-variant + M4 retarget); fallback targets single follower only.,BETA,PDV_Phase2_CapstoneSignatures.md — Argonian section (DRAFT),source,,DRAFT pending talk-through; once/day ally proc NOT counted as player cheat-death per locked rule,rewards,UNVERIFIED
BC-0302,reward_tier,Argonian,"Argonian reward ceiling: Hist + one emphasis, Sithis not default",Argonian reward ceiling is Hist substrate plus one strongest active emphasis (People or Void/Sithis); Void may stabilize but must not replace Hist or become the best generic stealth/combat path.,BETA,"PDV_RaceRewardBudgetLedger.md — Focused Pass: Argonian, Reward ceiling",runtime-status,,,rewards,UNVERIFIED
BC-0303,reward_tier,Argonian,Argonian reward floor: non-assassin Hist/People viability,"A normal non-assassin Argonian must maintain identity through water/rest/reflection, bed of choice, and community aid without Dark Brotherhood content; Hist/People rewards must be visible before Void expansion.",BETA,"PDV_RaceRewardBudgetLedger.md — Focused Pass: Argonian, Reward floor; Immediate Work Queue item 2",runtime-status,,,rewards,UNVERIFIED
BC-0304,reward_tier,Argonian,Argonian Sithis/Void T3 capstone — The Fearless Nothing + primal unarmed,"Argonian Sithis/Void T3 must carry fear/flee immunity + cheat-death Void-slip (M6, once per day) + Unarmed +10; fear-immunity fallback is once-per-combat auto-dispel; this is the canonical primal-unarmed build home.",BETA,PDV_Phase2_CapstoneSignatures.md — Argonian section (DRAFT),source,,DRAFT pending talk-through; one cheat-death max per race rule applies (Void),rewards,UNVERIFIED
BC-0305,reward_tier,Argonian,Community Champion,"Saxhleel Bond: helping Argonians gives doubled piety at Devoted; friendly Argonian follower/story NPC present gives +8 armor rating; maximum recognition at Windhelm Assemblage and Riften Docks (special dialogue, community-elder access).",FUTURE,PDV_RaceDesign_Argonian.md — Tier 3 / Community Champion,source,,[auto-demoted: matches explicit descope],race-sheets,UNVERIFIED
BC-0306,reward_tier,Argonian,Hist broad-substrate support T1/T2/Signature,"PDV_Bless_Argonian_Hist_T1 (HealRateMult 5%), PDV_Bless_Argonian_Hist_T2 (HealRateMult 8% + ResistDisease 8%, capped Faithful), and PDV_Bless_Argonian_Hist_Signature (HealRateMult 10% + ResistPoison 10%, at piety 75) must exist.",BETA,PDV_ArgonianRewardRecords.spec.json § emphasisRewards Hist entries,esp,,,roster,UNVERIFIED
BC-0307,reward_tier,Argonian,Hist Champion,"Hist-Touched: in wetland/water/underground-water environments: damage resist 10%, +15 sneak (reduced detection threshold), +3% attack speed. Water environments are safer (cold/hostile weather near water mitigated).",BETA,PDV_RaceDesign_Argonian.md — Tier 3 / Hist Champion,source,,,race-sheets,UNVERIFIED
BC-0308,reward_tier,Argonian,Hist T1 memory reward,SPEL PDV_Bless_Argonian_Hist_T1 must exist with MGEF PDV_MGEF_Bless_Argonian_Hist_T1 granting HealRateMult +3.0 (provisional); must not stack with Sithis-only edge rewards.,BETA,PDV_Phase20_RewardRecordContracts.json — Argonian entry,data,SPEL PDV_Bless_Argonian_Hist_T1; MGEF actorValue=HealRateMult mag=3.0,,rewards,UNVERIFIED
BC-0309,reward_tier,Argonian,People focused 3-tier,"PDV_Bless_Argonian_People_T1 (ResistDisease 5%), PDV_Bless_Argonian_People_T2 (ResistDisease 8% + HealRateMult 5%), PDV_Bless_Argonian_People_T3 (ResistDisease 12% + HealRateMult 8%) must exist gated on People emphasis.",BETA,PDV_ArgonianRewardRecords.spec.json § emphasisRewards People entries,esp,,,roster,UNVERIFIED
BC-0310,reward_tier,Argonian,Sithis Champion,Void-Held: near death (<20% health) +50 stamina regen burst 10 seconds; Dark Brotherhood maximum recognition; after DB contract +10% movement speed +15 sneak for 60 seconds. DB completion generates strongest single piety events for Argonian.,BETA,PDV_RaceDesign_Argonian.md — Tier 3 / Sithis Champion,source,,,race-sheets,UNVERIFIED
BC-0311,reward_tier,Argonian,Sithis high-threshold tertiary T1/T2,PDV_Bless_Argonian_Sithis_T1 (Sneak 4%) and PDV_Bless_Argonian_Sithis_T2 (Sneak 6% + ResistPoison 5% + UnarmedDamage 10) must exist gated behind IsVoidFullyActive() (>=3 Void signals); magnitudes must stay below the People T3 ceiling.,BETA,PDV_ArgonianRewardRecords.spec.json § emphasisRewards Sithis entries; § emphasisLayerDesignNote,esp,,,roster,UNVERIFIED
BC-0312,reward_tier,Bosmer,Bandit Road path 3-tier,"PDV_Bless_Bosmer_BanditRoad_T1 (DamageResist 5%), T2 (DamageResist 10% + HealRateMult 10%), T3 (DamageResist 12% + HealRateMult 15% + Sneak 10%) must exist gated on PDV_State_BosmerPath=BanditRoad.",BETA,PDV_BosmerRewardRecords.spec.json § emphasisRewards BanditRoad entries,esp,,,roster,UNVERIFIED
BC-0313,reward_tier,Bosmer,Bandit Road Tier 3,"Baan Dar's Luck: once per in-game week, surviving near-death (<10% health and winning or escaping fatal encounter) gives 24h minor stat bonus pulse. Outside city walls generates slightly stronger piety than inside. Pariah solidarity piety strong.",BETA,PDV_RaceDesign_Bosmer.md — The Bandit Road Tier 3,source,BaanDarLuck: weekly cap tracking in StorageUtil,,race-sheets,UNVERIFIED
BC-0314,reward_tier,Bosmer,Bosmer Bandit Road T3 — Baan Dar's Luck (LOCKED),"Bosmer Bandit Road T3 must carry: (1) passive stat Armor +12, HealRateMult +15, Sneak +10; (2) sleeping rough sharpens next-day stealth (M7); (3) every few days a killing blow is survived — vanish briefly + attacker staggers + lingering luck streak (M6, once per day).",BETA,"PDV_Phase2_CapstoneSignatures.md — Bosmer LOCKED section, Bandit Road",source,"Mechanisms M6, M7; M6 = scripted OnHit lethal-check + multi-day cooldown; Bandit Road carries the Bosmer cheat-death",,rewards,UNVERIFIED
BC-0315,reward_tier,Bosmer,Bosmer Exchange T3 — Z'en's Reckoning (LOCKED),"Bosmer Exchange T3 must carry: (1) passive stat Speech +12, CarryWeight +50, DamageResist +8; (2) ledger repay — portion of damage taken added to next strike vs that enemy + bonus vs already-hostile targets (M5).",BETA,"PDV_Phase2_CapstoneSignatures.md — Bosmer LOCKED section, The Exchange",source,Mechanism M5: scripted OnHit ledger + perk attack-damage entry,,rewards,UNVERIFIED
BC-0316,reward_tier,Bosmer,Bosmer Living Story T3 — Story-Keeper (LOCKED),"Bosmer Living Story T3 must carry: (1) passive stat Speech +12, HealRateMult +15, MagickaRateMult +5; (2) warmer disposition/prices + heal-rate boost while traveling with a companion (M3); (3) proactive once/day rally + minor ward to nearby allies (M4 rally, NOT a low-HP save).",BETA,"PDV_Phase2_CapstoneSignatures.md — Bosmer LOCKED section, Living Story",source,"Mechanism M3, M4 rally variant; re-flavored 2026-06-07 off 10%-HP save; one save per race on Bandit Road",,rewards,UNVERIFIED
BC-0317,reward_tier,Bosmer,Bosmer Old Contract T3 — Keeper of the Pact (LOCKED),"Bosmer Old Contract T3 must carry: (1) passive stat Archery +12, Sneak +12, ResistPoison +10; (2) beasts won't attack unprovoked + once/day beast ally call (M1); (3) per-kill stacking all-weapon damage surge + small speed, 5 stacks/30s window, small stamina restore capped to 5 kills/30s (M2).",BETA,"PDV_Phase2_CapstoneSignatures.md — Bosmer LOCKED section, Old Contract",source,"Mechanisms M1, M2; 30s window cap enforced by script",,rewards,UNVERIFIED
BC-0318,reward_tier,Bosmer,Bosmer one-save-per-race rule: Bandit Road holds the save,Only Bosmer Bandit Road (M6 cheat-death) may carry the player-saving low-HP kill refusal; Living Story must use the proactive rally (not a low-HP save); no other Bosmer capstone may add a second cheat-death.,BETA,"PDV_Phase2_CapstoneSignatures.md — LOCKED implementation rules, rule 2",source,,,rewards,UNVERIFIED
BC-0319,reward_tier,Bosmer,Bosmer Y'ffre broad T1/T2,"PDV_Bless_Bosmer_Yffre_T1 (fixed existing, StaminaRateMult 4%) and PDV_Bless_Bosmer_Yffre_T2 (new, StaminaRateMult 6% + Sneak 8%, capped Faithful) must exist; T2 suppressed when a path is committed.",BETA,PDV_BosmerRewardRecords.spec.json § emphasisRewards Yffre T1/T2,esp,,,roster,UNVERIFIED
BC-0320,reward_tier,Bosmer,Exchange path 3-tier,"PDV_Bless_Bosmer_Exchange_T1 (Speechcraft 5%), T2 (Speechcraft 8% + CarryWeight 30), T3 (Speechcraft 12% + CarryWeight 50 + DamageResist 8%) must exist gated on PDV_State_BosmerPath=Exchange.",BETA,PDV_BosmerRewardRecords.spec.json § emphasisRewards Exchange entries,esp,,,roster,UNVERIFIED
BC-0321,reward_tier,Bosmer,Exchange Tier 3,Balance Restored: completing debt-settling/vengeance/justice quest awards 24h +15% XP gain in one relevant skill; proportionate kill gives minor stamina regen per kill; honest commerce gives brief speech boost; Z'en recognition dialogue in merchant and justice contexts.,FUTURE,PDV_RaceDesign_Bosmer.md — The Exchange Tier 3,source,,[auto-demoted: matches explicit descope],race-sheets,UNVERIFIED
BC-0322,reward_tier,Bosmer,Living Story path 3-tier,"PDV_Bless_Bosmer_LivingStory_T1 (Speechcraft 5%), T2 (Speechcraft 8% + HealRateMult 10%), T3 (Speechcraft 12% + HealRateMult 15% + MagickaRateMult 5%) must exist gated on PDV_State_BosmerPath=LivingStory.",BETA,PDV_BosmerRewardRecords.spec.json § emphasisRewards LivingStory entries,esp,,,roster,UNVERIFIED
BC-0323,reward_tier,Bosmer,Living Story Tier 3,"Storyteller's Weight: special Tier 3 privilege dialogue at memory/history/community nodes; after quest preserving something, brief all-skills minor boost 24h; speech +10% cumulative; community-restoration quests double piety; nature sites give stronger piety.",FUTURE,PDV_RaceDesign_Bosmer.md — Living Story Tier 3,source,,[auto-demoted: matches explicit descope],race-sheets,UNVERIFIED
BC-0324,reward_tier,Bosmer,Old Contract path 3-tier,"PDV_Bless_Bosmer_OldContract_T1 (Marksman 5%), T2 (Marksman 8% + Sneak 10%), T3 (Marksman 12% + Sneak 12% + ResistPoison 10%) must exist gated on PDV_State_BosmerPath=OldContract.",BETA,PDV_BosmerRewardRecords.spec.json § emphasisRewards OldContract entries,esp,,,roster,UNVERIFIED
BC-0325,reward_tier,Bosmer,Old Contract Tier 3,Y'ffre Mark: archery damage +8% cumulative in outdoor/forest; animals never flee; first-arrow hunting bonus damage; hunting kills give chance at extra pelts/meat. GPC must be 50+ (Observant band) maintained. This is the highest Bosmer ceiling.,BETA,PDV_RaceDesign_Bosmer.md — Old Contract Tier 3,source,,,race-sheets,UNVERIFIED
BC-0326,reward_tier,Bosmer,Y'ffre T1 living story reward,SPEL PDV_Bless_Bosmer_Yffre_T1 must exist with MGEF PDV_MGEF_Bless_Bosmer_Yffre_T1 granting StaminaRateMult +3.0 (provisional); suppressed when Baan Dar or Z'en lane is selected.,BETA,PDV_Phase20_RewardRecordContracts.json — Bosmer entry,data,SPEL PDV_Bless_Bosmer_Yffre_T1; MGEF actorValue=StaminaRateMult mag=3.0; stackCapRule,,rewards,UNVERIFIED
BC-0327,reward_tier,Breton,Breton capstone signatures reused from Nine Divines/Kynareth pool,Breton T3 capstone must reuse the focused god's signature from the Nine Divines/Kynareth pool — Knight's Road gets Stendarr/Mara/Arkay/Julianos; Green Way gets Kynareth (+Hircine fork via 20C); Hidden Art gets Daedric via 20C + Julianos (lawful); no distinct Breton capstone is authored.,BETA,PDV_Phase2_CapstoneSignatures.md — Breton section,source,,,rewards,UNVERIFIED
BC-0328,reward_tier,Breton,Breton reward ceiling: one tradition spine + one focused patron,Breton reward ceiling is one tradition spine plus one focused patron within it; cross-track pressure may modify or penalize but must not add extra always-on boon families.,BETA,"PDV_RaceRewardBudgetLedger.md — Focused Pass: Breton, Reward ceiling",runtime-status,,,rewards,UNVERIFIED
BC-0329,reward_tier,Breton,Breton Tradition broad T1/T2,"PDV_Bless_Breton_Tradition_T1 (fixed, HealRateMult 4%) and PDV_Bless_Breton_Tradition_T2 (new, HealRateMult 6% + ResistMagic 5%, capped Faithful) must exist; broad T2 is the same for all three traditions.",BETA,PDV_BretonRewardRecords.spec.json § emphasisRewards Tradition T1/T2,esp,,,roster,UNVERIFIED
BC-0330,reward_tier,Breton,Breton tradition T1 reward,SPEL PDV_Bless_Breton_Tradition_T1 must exist with MGEF PDV_MGEF_Bless_Breton_Tradition_T1 granting ResistMagic +3.0 (provisional); only current Breton tradition T1 may be active; stale tradition effects removed on state change.,BETA,PDV_Phase20_RewardRecordContracts.json — Breton entry,data,SPEL PDV_Bless_Breton_Tradition_T1; stackCapRule: remove stale on tradition state change,,rewards,UNVERIFIED
BC-0331,reward_tier,Breton,Green Way focused 3-tier,"PDV_Bless_Breton_GreenWay_T1 (StaminaRateMult 4%), T2 (StaminaRateMult 7% + Restoration 8%), T3 (StaminaRateMult 10% + Restoration 10% + HealRateMult 10%) must exist gated on PDV_State_BretonTradition=GreenWay; werewolf fork routes through Phase 20C Daedric system.",BETA,PDV_BretonRewardRecords.spec.json § emphasisRewards GreenWay entries,esp,,,roster,UNVERIFIED
BC-0332,reward_tier,Breton,Green Way Tier 3,"Y'ffre Champion: forest armor +10, hunting-shot bonus damage, nature-site quests double piety; werewolf fork if Green accepted: animals don't attack in beast form. Magnus Champion: spell cost -10% all schools, Alteration -15%. Phynaster Champion: resist magic 15% cumulative.",BETA,PDV_RaceDesign_Breton.md — Tier 3 Devoted / Green Way,source,,,race-sheets,UNVERIFIED
BC-0333,reward_tier,Breton,Hidden Art focused 3-tier,"PDV_Bless_Breton_HiddenArt_T1 (Conjuration 6%), T2 (Conjuration 9% + Illusion 9%), T3 (Conjuration 12% + Illusion 12% + MagickaRateMult 8%) must exist gated on PDV_State_BretonTradition=HiddenArt; magnitude must be conditioned on visible WitchcraftExposure cost; WitchcraftExposure Ruptured must revoke access.",BETA,PDV_BretonRewardRecords.spec.json § emphasisRewards HiddenArt entries,esp,Confirm WitchcraftExposure Ruptured revokes HiddenArt reward grant in manager logic,,roster,UNVERIFIED
BC-0334,reward_tier,Breton,Hidden Art Tier 3,"Hermaeus Mora Champion: +10%/+20% XP in Alteration/Conjuration/Illusion (Hidden vs Notorious). Hircine Champion: beast form extended, hunting piety stronger. Nocturnal Champion: sneak attack +15%, post-theft near-invisibility window. Namira Champion: degraded condition survival, hunger penalties lower.",BETA,PDV_RaceDesign_Breton.md — Tier 3 Devoted / Hidden Art,source,,,race-sheets,UNVERIFIED
BC-0335,reward_tier,Breton,Knight's Road focused 3-tier,"PDV_Bless_Breton_KnightsRoad_T1 (Block 5%), T2 (Block 8% + Restoration 8%), T3 (Block 12% + Restoration 10% + DamageResist 10%) must exist gated on PDV_State_BretonTradition=KnightsRoad; KnightlyVowIntegrity modifies access only (not a boon).",BETA,PDV_BretonRewardRecords.spec.json § emphasisRewards KnightsRoad entries,esp,,,roster,UNVERIFIED
BC-0336,reward_tier,Breton,Knight's Road Tier 3,"Stendarr Champion: Knight's Aegis — damage resist 15% when actively protecting someone in combat. Akatosh Champion: unbroken devotion streaks (14+ days, Integrity 75+) give +15% skill XP. Mara Champion: after helping family/community next rest heals to full; companion healing bonus.",BETA,PDV_RaceDesign_Breton.md — Tier 3 Devoted / Knight's Road,source,,,race-sheets,UNVERIFIED
BC-0337,reward_tier,Dunmer,Azura Champion,Azura Tier 3: amplified dawn-blessing (fire + magic resistance 20% combined from dawn until noon); star-born favor (nighttime magic cost -10%); Azura's Star responds differently at Tier 3; truth-revealing choices and transformation arcs generate piety.,BETA,PDV_RaceDesign_Dunmer.md — Tier 3 Devoted / Azura focus,source,,,race-sheets,UNVERIFIED
BC-0338,reward_tier,Dunmer,Azura focused 3-tier,"PDV_Bless_Dunmer_Azura_T1 (MagickaRateMult 4%), T2 (MagickaRateMult 7% + ResistMagic 5%), T3 (MagickaRateMult 10% + ResistMagic 10%) must exist gated on active Azura Reclamation focus.",BETA,PDV_DunmerRewardRecords.spec.json § emphasisRewards Azura entries,esp,,,roster,UNVERIFIED
BC-0339,reward_tier,Dunmer,Boethiah Champion,"Boethiah Tier 3: after defeating significant enemy (quest boss/named/considerably higher level), 24h carry weight +25 and minor power attack stamina reduction; combat vs Altmer generates extra piety.",BETA,PDV_RaceDesign_Dunmer.md — Tier 3 Devoted / Boethiah focus,source,,,race-sheets,UNVERIFIED
BC-0340,reward_tier,Dunmer,Boethiah focused 3-tier,"PDV_Bless_Dunmer_Boethiah_T1 (OneHanded 5%), T2 (OneHanded 8% + DamageResist 10%), T3 (OneHanded 12% + DamageResist 15%) must exist gated on active Boethiah focus.",BETA,PDV_DunmerRewardRecords.spec.json § emphasisRewards Boethiah entries,esp,,,roster,UNVERIFIED
BC-0341,reward_tier,Dunmer,Dunmer Azura T3 — The Moonshadow Warden,Dunmer Azura T3 must carry dusk/dawn detect-life + magicka surge + foresight ward that also steadies allies (M9 + ally-steady); buildable per spec.,BETA,PDV_Phase2_CapstoneSignatures.md — Dunmer section (DRAFT),source,,DRAFT pending talk-through,rewards,UNVERIFIED
BC-0342,reward_tier,Dunmer,Dunmer Boethiah T3 — The Duel of the Worthy,Dunmer Boethiah T3 must carry bonus vs strongest foe + felling it rallies you + cows weaker bystanders (champion-duel); fiddly detection uses live target-marking; fallback trigger is kill-higher-level target; fallback must be the guaranteed baseline.,BETA,"PDV_Phase2_CapstoneSignatures.md — Dunmer section (DRAFT); LOCKED implementation rules, rule 3",source,Fiddly: live target-marking. Fallback: kill-higher-level trigger. Fallback-as-floor is binding.,,rewards,UNVERIFIED
BC-0343,reward_tier,Dunmer,Dunmer Mephala T3 — The Spinner's Web,Dunmer Mephala T3 must carry web-sense detect-life + sneak-attack fade (M10) + fray nearby foes (Illusion); Illusion level-cap is fiddly; fallback is stagger; fallback must be guaranteed baseline.,BETA,"PDV_Phase2_CapstoneSignatures.md — Dunmer section (DRAFT); LOCKED implementation rules, rule 3",source,Fiddly: Illusion level-cap. Fallback: stagger. Fallback-as-floor is binding.,,rewards,UNVERIFIED
BC-0344,reward_tier,Dunmer,Dunmer Reclamation T1 reward,SPEL PDV_Bless_Dunmer_Reclamation_T1 must exist with MGEF PDV_MGEF_Bless_Dunmer_Reclamation_T1 granting ResistFire +3.0 (provisional); only one Reclamation focus reward active; deviation price suppresses the matching T1 when unresolved.,BETA,PDV_Phase20_RewardRecordContracts.json — Dunmer entry,data,SPEL PDV_Bless_Dunmer_Reclamation_T1; MGEF actorValue=ResistFire mag=3.0,,rewards,UNVERIFIED
BC-0345,reward_tier,Dunmer,Dunmer reward ceiling: ancestor substrate + one Reclamation foreground,Dunmer reward ceiling is ancestor substrate plus one Reclamation foreground focus; other Good Daedra may remain background at reduced weight but must not create three simultaneous focus packages.,BETA,"PDV_RaceRewardBudgetLedger.md — Focused Pass: Dunmer, Reward ceiling",runtime-status,,,rewards,UNVERIFIED
BC-0346,reward_tier,Dunmer,Mephala Champion,Mephala Tier 3: Thieves Guild membership generates strong piety; protecting Dunmer refugee communities (Grey Quarter) generates maximum piety; information-adjacent acts give 5% bonus gold; poison resistance 20%; special dialogue access in hidden/exile Dunmer communities.,FUTURE,PDV_RaceDesign_Dunmer.md — Tier 3 Devoted / Mephala focus,source,,[auto-demoted: matches explicit descope],race-sheets,UNVERIFIED
BC-0347,reward_tier,Dunmer,Mephala focused 3-tier,"PDV_Bless_Dunmer_Mephala_T1 (Sneak 5%), T2 (Sneak 8% + Illusion 10%), T3 (Sneak 12% + Illusion 15%) must exist gated on active Mephala focus.",BETA,PDV_DunmerRewardRecords.spec.json § emphasisRewards Mephala entries,esp,,,roster,UNVERIFIED
BC-0348,reward_tier,Dunmer,Reclamation broad T1/T2,"PDV_Bless_Dunmer_Reclamation_T1 (fixed, ResistMagic 5%) and PDV_Bless_Dunmer_Reclamation_T2 (ResistMagic 8% + MagickaRateMult 5%, capped Devoted) must exist granted via PATRON_STATE_BROAD.",BETA,PDV_DunmerRewardRecords.spec.json § emphasisRewards Reclamation T1/T2,esp,,,roster,UNVERIFIED
BC-0349,reward_tier,Imperial,Akatosh focused 3-tier,"PDV_Bless_Imperial_Akatosh_T1/T2/T3 must exist gated on active patron Akatosh; T1 MagickaRateMult 4%, T2 MagickaRateMult 7% + ResistMagic 5%, T3 MagickaRateMult 10% + ResistMagic 10%.",BETA,PDV_ImperialRewardRecords.spec.json § emphasisRewards Akatosh entries,esp,housecarl read PDV_Bless_Imperial_Akatosh_T1/T2/T3 MGEF magnitudes,,roster,UNVERIFIED
BC-0350,reward_tier,Imperial,Arkay focused 3-tier,"PDV_Bless_Imperial_Arkay_T1/T2/T3 must exist; T1 ResistDisease 5%, T2 ResistDisease 10% + HealRateMult 7%, T3 ResistDisease 12% + HealRateMult 10%.",BETA,PDV_ImperialRewardRecords.spec.json § emphasisRewards Arkay entries,esp,,,roster,UNVERIFIED
BC-0351,reward_tier,Imperial,Civic broad lane,"PDV_Bless_Imperial_Civic_T1 (fixed, existing property) and PDV_Bless_Imperial_Civic_T2 (new) must exist and be granted via PATRON_STATE_BROAD; broad lane capped at T2/Faithful; T2 suppressed when a focused patron is active.",BETA,PDV_ImperialRewardRecords.spec.json § emphasisRewards Civic T1/T2,esp,housecarl read PDV_Bless_Imperial_Civic_T1 (HealRateMult 4%) and PDV_Bless_Imperial_Civic_T2 (HealRateMult 7% + ResistDisease 10%),,roster,UNVERIFIED
BC-0352,reward_tier,Imperial,Dibella focused 3-tier,"PDV_Bless_Imperial_Dibella_T1/T2/T3 must exist; T1 Speechcraft 5%, T2 Speechcraft 8% + MagickaRateMult 5%, T3 Speechcraft 12% + MagickaRateMult 8%.",BETA,PDV_ImperialRewardRecords.spec.json § emphasisRewards Dibella entries,esp,,,roster,UNVERIFIED
BC-0353,reward_tier,Imperial,Imperial Akatosh T3 — Endurance of the Covenant,Imperial Akatosh T3 must carry multi-day cheat-death (killing blow refused + brief ward + slow-time temporal stand); fallback drops slow-time but still fires; once per day; Imperial carries the Akatosh cheat-death (one per race).,BETA,PDV_Phase2_CapstoneSignatures.md — Imperial section (DRAFT); LOCKED rules 1 and 2,source,,DRAFT pending talk-through,rewards,UNVERIFIED
BC-0354,reward_tier,Imperial,Imperial Arkay T3 — Ward of the Cycle,Imperial Arkay T3 must carry bonus damage + turn vs undead + heal pulse on undead death + necro ward (perk-vs-undead + kill-heal); fallback is flat ward; reused by Breton Knight's Road.,BETA,PDV_Phase2_CapstoneSignatures.md — Imperial/Nine Divines section (DRAFT),source,,,rewards,UNVERIFIED
BC-0355,reward_tier,Imperial,Imperial civic T1 reward,SPEL PDV_Bless_Imperial_Civic_T1 must exist with MGEF PDV_MGEF_Bless_Imperial_Civic_T1 granting SpeechcraftModifier +3.0 (provisional); must not stack with unresolved Talos-pressure penalty or private-Talos privilege.,BETA,PDV_Phase20_RewardRecordContracts.json — Imperial entry,data,SPEL PDV_Bless_Imperial_Civic_T1; MGEF actorValue=SpeechcraftModifier mag=3.0,,rewards,UNVERIFIED
BC-0356,reward_tier,Imperial,Imperial Mara T3 — Compassion of the Mother,Imperial Mara T3 must carry self-heal echo as HoT to nearby allies + companion heal/disposition boost (M3 + heal-echo); fallback triggers on ally low-HP; this signature is reused by Breton Knight's Road.,BETA,PDV_Phase2_CapstoneSignatures.md — Imperial/Nine Divines section (DRAFT),source,,,rewards,UNVERIFIED
BC-0357,reward_tier,Imperial,Imperial reward ceiling: broad + one focused; ConcordatStanding is pressure not buff,"Imperial reward ceiling is broad Nine Divines plus one focused primary; ConcordatStanding modifies access, offer priority, and pressure but must not be a parallel always-on buff track.",BETA,"PDV_RaceRewardBudgetLedger.md — Focused Pass: Imperial, Reward ceiling",runtime-status,,,rewards,UNVERIFIED
BC-0358,reward_tier,Imperial,Imperial Stendarr T3 — Bulwark of Mercy,Imperial Stendarr T3 must carry guardian aura (nearby allies gain armor) + bonus vs daedra/undead + block-reactive stagger; fallback drops block-stagger; reused by Breton Knight's Road.,BETA,PDV_Phase2_CapstoneSignatures.md — Imperial/Nine Divines section (DRAFT),source,,,rewards,UNVERIFIED
BC-0359,reward_tier,Imperial,Imperial Talos T3 — Triumph of Faithful Defiance,"Imperial Talos T3 must carry stacking conquest momentum on kills + bonus vs great foes, gated/scaled by ConcordatStanding defiance (M2 + perk); reused by Nord Talos.",BETA,PDV_Phase2_CapstoneSignatures.md — Imperial/Nine Divines section (DRAFT),source,Mechanism M2; must be conditioned on ConcordatStanding defiance level,,rewards,UNVERIFIED
BC-0360,reward_tier,Imperial,Imperial Zenithar T3 — Prosperity of Fair Dealing,Imperial Zenithar T3 must carry first good trade/craft of each day yielding a gold rebate + focus buff + better barter; once per day economic trigger; buildable.,BETA,PDV_Phase2_CapstoneSignatures.md — Imperial/Nine Divines section (DRAFT),source,,,rewards,UNVERIFIED
BC-0361,reward_tier,Imperial,Julianos focused 3-tier,"PDV_Bless_Imperial_Julianos_T1/T2/T3 must exist; T1 MagickaRateMult 4%, T2 MagickaRateMult 7% + ResistMagic 5%, T3 MagickaRateMult 10% + ResistMagic 10%.",BETA,PDV_ImperialRewardRecords.spec.json § emphasisRewards Julianos entries,esp,,,roster,UNVERIFIED
BC-0362,reward_tier,Imperial,Kynareth focused 3-tier,"PDV_Bless_Imperial_Kynareth_T1/T2/T3 must exist; T1 StaminaRateMult 4%, T2 StaminaRateMult 7% + ResistMagic 5%, T3 StaminaRateMult 10% + ResistMagic 8%.",BETA,PDV_ImperialRewardRecords.spec.json § emphasisRewards Kynareth entries,esp,,,roster,UNVERIFIED
BC-0363,reward_tier,Imperial,Mara focused 3-tier,"PDV_Bless_Imperial_Mara_T1/T2/T3 must exist; T1 Restoration 5%, T2 Restoration 8% + HealRateMult 7%, T3 Restoration 10% + HealRateMult 12%.",BETA,PDV_ImperialRewardRecords.spec.json § emphasisRewards Mara entries,esp,,,roster,UNVERIFIED
BC-0364,reward_tier,Imperial,Stendarr focused 3-tier,"PDV_Bless_Imperial_Stendarr_T1/T2/T3 must exist; T1 Block 5%, T2 Block 8% + DamageResist 10%, T3 Block 12% + DamageResist 15%.",BETA,PDV_ImperialRewardRecords.spec.json § emphasisRewards Stendarr entries,esp,,,roster,UNVERIFIED
BC-0365,reward_tier,Imperial,Talos (Imperial focused),"Tier 3: shout recharge +15% total; in Stormcloak zones or after major defiance acts, brief stamina/health regen surge; at Open Defiant, Thalmor encounters trigger known-defier dialogue flag; defiant worship at hidden shrines generates maximum piety.",FUTURE,PDV_RaceDesign_Imperial.md — Tier 3 Devoted / Talos,source,,[auto-demoted: matches explicit descope],race-sheets,UNVERIFIED
BC-0366,reward_tier,Imperial,Talos focused 3-tier,"PDV_Bless_Imperial_Talos_T1/T2/T3 must exist gated on active patron Talos AND ConcordatStanding eligibility; T1 DamageResist 5%, T2 DamageResist 10% + OneHanded 8%, T3 DamageResist 12% + OneHanded 12%; compliance never scores.",BETA,PDV_ImperialRewardRecords.spec.json § emphasisRewards Talos entries,esp,,,roster,UNVERIFIED
BC-0367,reward_tier,Imperial,Zenithar focused 3-tier,"PDV_Bless_Imperial_Zenithar_T1/T2/T3 must exist; T1 CarryWeight 25, T2 CarryWeight 40 + Speechcraft 8%, T3 CarryWeight 55 + Speechcraft 12%.",BETA,PDV_ImperialRewardRecords.spec.json § emphasisRewards Zenithar entries,esp,,,roster,UNVERIFIED
BC-0368,reward_tier,Khajiit,Alkosh Champion,"Rarest Champion: defeating named dragon gives 48h blessing pulse (resist fire 15%, minor health regen in combat); named dragon fights generate exceptional piety; anti-chaos/order-keeping quest choices generate strong piety.",BETA,PDV_RaceDesign_Khajiit.md — Alkosh Champion,source,,"High threshold by design — requires sustained dragon-facing, anti-chaos playstyle",race-sheets,UNVERIFIED
BC-0369,reward_tier,Khajiit,Azurah Champion,Starwalker: at dawn/dusk specifically magic cost -15% for twilight window; magic cost -10% baseline at night; Azurah's Star gives maximum recognition privilege at Tier 3 (special piety); threshold-awareness flavor layer fires at major transitions.,BETA,PDV_RaceDesign_Khajiit.md — Azurah Champion,source,,,race-sheets,UNVERIFIED
BC-0370,reward_tier,Khajiit,Khajiit Alkosh emphasis 3-tier,"PDV_Bless_Khajiit_Alkosh_T1 (ResistFire 5%), T2 (ResistFire 8% + ResistMagic 5%), T3 (ResistFire 12% + ResistMagic 15%) must exist gated on Alkosh emphasis.",BETA,PDV_KhajiitRewardRecords.spec.json § emphasisRewards Alkosh entries,esp,,T3 ResistMagic 15% is above ~12% ceiling; flag for balance audit,roster,UNVERIFIED
BC-0371,reward_tier,Khajiit,Khajiit Alkosh T3 — Alkosh's Roar (LOCKED) + capstone magnitude exception,"Khajiit Alkosh T3 must carry passive stat Fire Resist +12, Magic Resist +15 (deliberate capstone exception above ~12% universal ceiling), plus scripted signature M11: bonus damage + breath resistance vs dragons/great chaotic foes; once a day the Roar staggers and slows nearby enemies.",BETA,"PDV_Phase2_CapstoneSignatures.md — Khajiit LOCKED section, Alkosh",source,Mechanism M11; ResistMagic 15 is a documented exception to the ~12% ceiling; confirm the stat tweak from shipped records (was 8),,rewards,UNVERIFIED
BC-0372,reward_tier,Khajiit,Khajiit Azurah emphasis 3-tier,"PDV_Bless_Khajiit_Azurah_T1 (MagickaRateMult 4%), T2 (MagickaRateMult 7% + ResistMagic 5%), T3 (MagickaRateMult 10% + ResistMagic 10%) must exist gated on Azurah emphasis.",BETA,PDV_KhajiitRewardRecords.spec.json § emphasisRewards Azurah entries,esp,,,roster,UNVERIFIED
BC-0373,reward_tier,Khajiit,Khajiit Azurah T3 — Azurah's Sight (LOCKED),"Khajiit Azurah T3 must carry passive stat Magicka +10%, Magic Resist +10%, plus scripted signature M9: at night magicka surges + detect-life aura; once in a while Azurah's foresight triggers a magic-ward proc vs a spell that would hit player.",BETA,"PDV_Phase2_CapstoneSignatures.md — Khajiit LOCKED section, Azurah",source,Mechanism M9; night-conditioned regen + Detect Life + scripted ward,,rewards,UNVERIFIED
BC-0374,reward_tier,Khajiit,Khajiit Baan Dar T3 — Baan Dar's Luck (LOCKED),"Khajiit Baan Dar T3 must carry passive stat Armor +15, HealRate +15%, Unarmed +10, plus scripted signature M6: every few days a killing blow is survived — player vanishes briefly + attacker staggers + lingering luck streak (once per day); once-per-day StorageUtil daily key required.",BETA,"PDV_Phase2_CapstoneSignatures.md — Khajiit LOCKED section, Baan Dar",source,Mechanism M6 shared with Bosmer Bandit Road; Unarmed +10 is Khajiit clawed-build exception; Baan Dar carries the Khajiit cheat-death,,rewards,UNVERIFIED
BC-0375,reward_tier,Khajiit,Khajiit BaanDar emphasis 3-tier,"PDV_Bless_Khajiit_BaanDar_T1 (DamageResist 5%), T2 (DamageResist 10% + HealRateMult 10%), T3 (DamageResist 15% + HealRateMult 15% + UnarmedDamage 10) must exist gated on BaanDar emphasis.",BETA,PDV_KhajiitRewardRecords.spec.json § emphasisRewards BaanDar entries,esp,,T3 magnitudes 15% are above the ~12% general ceiling; the spec documents these values; flag for balance audit,roster,UNVERIFIED
BC-0376,reward_tier,Khajiit,Khajiit Khenarthi emphasis 3-tier,"PDV_Bless_Khajiit_Khenarthi_T1 (StaminaRateMult 4%), T2 (StaminaRateMult 7% + CarryWeight 30), T3 (StaminaRateMult 10% + CarryWeight 50 + SpeedMult 3%) must exist gated on Khenarthi emphasis.",BETA,PDV_KhajiitRewardRecords.spec.json § emphasisRewards Khenarthi entries,esp,,,roster,UNVERIFIED
BC-0377,reward_tier,Khajiit,Khajiit Khenarthi T3 — Khenarthi's Wind (LOCKED),"Khajiit Khenarthi T3 must carry passive stat Stamina +10%, Carry +50, Speed +3, plus scripted signature M8: sprinting costs little/no stamina + out-of-combat travel-speed ramp that increases the longer player moves uninterrupted and bleeds off in combat/at rest.",BETA,"PDV_Phase2_CapstoneSignatures.md — Khajiit LOCKED section, Khenarthi",source,Mechanism M8; stat tweaks vs shipped records per note in LOCKED section,,rewards,UNVERIFIED
BC-0378,reward_tier,Khajiit,Khajiit lunar T1 reward — night-gated stamina and disease,SPEL PDV_Bless_Khajiit_Lunar_T1 must exist with two night-gated MGEFs: StaminaRateMult +5 (7PM–7AM) and ResistDisease +10 (7PM–7AM); no more than one Khajiit lunar T1 active; grant owned by PDV_Phase20_RewardRecordContracts.json.,BETA,PDV_Phase20_RewardRecordContracts.json — Khajiit entry; PDV_RaceEffectReviewLedger.md — Khajiit T1 Baseline,data,"SPEL PDV_Bless_Khajiit_Lunar_T1; MGEFs PDV_MGEF_Bless_Khajiit_Lunar_T1_StaminaRegen + PDV_MGEF_Bless_Khajiit_Lunar_T1_DiseaseResist; both nightOnly=true, condition 7PM-7AM",,rewards,UNVERIFIED
BC-0379,reward_tier,Khajiit,Khajiit Rajhin emphasis 3-tier,"PDV_Bless_Khajiit_Rajhin_T1 (Sneak 5%), T2 (Sneak 8% + Lockpicking 10%), T3 (Sneak 12% + Lockpicking 15% + Pickpocket 15% + UnarmedDamage 10) must exist gated on Rajhin emphasis.",BETA,PDV_KhajiitRewardRecords.spec.json § emphasisRewards Rajhin entries,esp,,,roster,UNVERIFIED
BC-0380,reward_tier,Khajiit,Khajiit Rajhin T3 — Rajhin's Shadow (LOCKED),"Khajiit Rajhin T3 must carry passive stat Sneak +12, Lockpicking +15, Pickpocket +15, Unarmed +10, plus scripted signature M10: successful steal/sneak-attack briefly fades player + shadows cloak (sneak muffle); fallback trigger is sneak attack if pickpocket-success detection is unreliable; fallback must be guaranteed baseline.",BETA,"PDV_Phase2_CapstoneSignatures.md — Khajiit LOCKED section, Rajhin; LOCKED rules rule 3",source,Mechanism M10; fiddly: pickpocket-success detection; fallback: sneak attack trigger; fallback-as-floor binding,,rewards,UNVERIFIED
BC-0381,reward_tier,Khajiit,"Khajiit reward ceiling: lunar + one emphasis + one favor, no third loud stack",Khajiit reward ceiling is strong lunar substrate plus one focused emphasis plus the global one-active contextual favor cap; phase bonuses must be small and never stack into a third loud steady package.,BETA,"PDV_RaceRewardBudgetLedger.md — Focused Pass: Khajiit, Reward ceiling; PDV_RaceEffectReviewLedger.md — Khajiit lunar baseline row",runtime-status,,,rewards,UNVERIFIED
BC-0382,reward_tier,Khajiit,Khajiit reward floor: viable at Faithful without forced focus or phase scheduling,"A Khajiit living broadly on road, sky, and community must remain viable at Faithful without forcing a focused emphasis or tracking every moon phase; broad lunar worship is a complete valid state.",BETA,"PDV_RaceRewardBudgetLedger.md — Focused Pass: Khajiit, Reward floor",runtime-status,,,rewards,UNVERIFIED
BC-0383,reward_tier,Khajiit,Khenarthi Champion,Wind-Caller: sprint stamina drain -15% cumulative (Tier 1 + Devoted) outdoors; storms negate exposure/cold outdoors (Survival Mode); outdoor sleep restores both health and stamina; open-road travel between holds generates ambient piety; helping stranded/lost NPC = strong Khenarthi piety.,BETA,PDV_RaceDesign_Khajiit.md — Khenarthi Champion,source,,,race-sheets,UNVERIFIED
BC-0384,reward_tier,Nord,Kyne focused 3-tier (Old Ways),"PDV_Bless_Nord_Kyne_T1 (StaminaRateMult 5%), T2 (StaminaRateMult 8% + ResistFrost 10%), T3 (StaminaRateMult 10% + ResistFrost 15%) must exist gated on OldWays + active Kyne.",BETA,PDV_NordRewardRecords.spec.json § emphasisRewards Kyne entries,esp,,,roster,UNVERIFIED
BC-0385,reward_tier,Nord,Kyne/Kynareth,Tier 1: minor cold/storm resistance 10%. Tier 2: outdoor sleep fully restores stamina; animals neutral unless attacked; hawks circle before ambushes. Tier 3: storm/rain power attack stamina -10%; outdoor sleep no exposure penalty; Kyne's Breath arrow/shout range bonus.,BETA,PDV_RaceDesign_Nord.md — Tier Rewards (Kyne/Kynareth rows),source,Blessing effect scripts/spells for NordKyne tiers,,race-sheets,UNVERIFIED
BC-0386,reward_tier,Nord,Nord Kyne T3 — The Storm Answers,Nord Kyne T3 must carry beasts-won't-attack + outdoors-in-storm power-attack stamina relief + Shout recharge (M1 + weather-poll); power-attack-stamina needs a perk (fiddly); fallback is outdoor-only variant; fallback must be guaranteed baseline.,BETA,PDV_Phase2_CapstoneSignatures.md — Nord section (DRAFT); LOCKED rules rule 3,source,Mechanism M1 + weather-poll; fiddly: power-attack-stamina perk; fallback: outdoor-only. Nord R5 rework required (see Shor/Tsun/Stuhn note),,rewards,UNVERIFIED
BC-0387,reward_tier,Nord,Nord Nine Divines focused per-god families (24 spells),"PDV_Bless_Nord_<God>_T1/T2/T3 for each of the 8 Divines (Akatosh/Mara/Arkay/Stendarr/Zenithar/Dibella/Julianos/Kynareth) must exist as Nord-keyed copies distinct from Imperial equivalents, gated on NineDivines lane + focused god piety tier.",BETA,PDV_NordRewardRecords.spec.json § nineDivinesLane perGodRewardFamilies,esp,,24 total spells; themes locked; full stat authoring deferred to Nine Divines authoring slice per spec,roster,UNVERIFIED
BC-0388,reward_tier,Nord,Nord Old Ways broad T1/T2,"PDV_Bless_Nord_OldWays_T1 (fixed existing, StaminaRateMult 4%) and PDV_Bless_Nord_OldWays_T2 (new, StaminaRateMult 6% + ResistFrost 10%, capped Faithful) must exist; T2 suppressed when a focused patron is active.",BETA,PDV_NordRewardRecords.spec.json § emphasisRewards OldWays T1/T2,esp,,,roster,UNVERIFIED
BC-0389,reward_tier,Nord,Nord Old Ways T1 reward,SPEL PDV_Bless_Nord_OldWays_T1 must exist with MGEF PDV_MGEF_Bless_Nord_OldWays_T1 granting StaminaRateMult +3.0 (provisional); suppressed during unresolved Nord vampire rupture and must not stack with Hircine/Arkay edge effects.,BETA,PDV_Phase20_RewardRecordContracts.json — Nord entry,data,SPEL PDV_Bless_Nord_OldWays_T1; MGEF actorValue=StaminaRateMult mag=3.0,,rewards,UNVERIFIED
BC-0390,reward_tier,Nord,Nord reward ceiling: broad stays below focused patron,Nord broad blended favors at Faithful must stay softer than Devoted patron benefits; Kyne/Talos/Hircine/broad layers must not stack into a universal best build.,BETA,"PDV_RaceRewardBudgetLedger.md — Focused Pass: Nord, Reward ceiling",runtime-status,,,rewards,UNVERIFIED
BC-0391,reward_tier,Nord,Nord Shor T3 — Sovngarde Looks Back,"Nord Shor T3 must carry honorable-kill-heals-player (level-scaled) + near-death last-stand surge; honorable detection is fiddly (reject sneak/bash, per-30s cap); fallback must be guaranteed baseline; one save per race assigned to Shor.",BETA,PDV_Phase2_CapstoneSignatures.md — Nord section (DRAFT); LOCKED rules rules 2-3,source,,DRAFT; requires Nord spec R5 rework (Shor becomes new focusable deity = new QUST + 3 T1/T2/T3 records),rewards,UNVERIFIED
BC-0392,reward_tier,Nord,"Nord spec R5 rework: Shor, Tsun, Stuhn new focusable deities","Nord spec R5 must create 3 new deity QUSTs (Shor, Tsun, Stuhn) each with 3 new T1/T2/T3 reward records, plus the corresponding Nord spec rework; existing capstone signatures for these deities are DRAFT pending this rework.",FUTURE,PDV_Phase2_CapstoneSignatures.md — Nord section note (Flag 2 Nord R5 drift),data,,Flagged for talk-through; blocking only if Shor/Tsun/Stuhn are committed as focusable; 1.0 texture,rewards,UNVERIFIED
BC-0393,reward_tier,Nord,"Nord Stuhn T3 — Just Spoils, Honored Bonds",Nord Stuhn T3 must carry sparing/freeing a captive granting ally-defense + armor shield (M4 rally) + bonus vs captor-tagged foes; no surrender detection — fallback is authored quest-stage trigger; fallback must be guaranteed baseline.,BETA,PDV_Phase2_CapstoneSignatures.md — Nord section (DRAFT); LOCKED rules rule 3,source,,DRAFT; requires Nord spec R5 rework (Stuhn new QUST + records),rewards,UNVERIFIED
BC-0394,reward_tier,Nord,Nord Talos T3 reused from Imperial,Nord Talos T3 reuses the Imperial Talos signature (M2 stacking conquest momentum gated on ConcordatStanding defiance); no separate Nord Talos record should duplicate this.,BETA,PDV_Phase2_CapstoneSignatures.md — Imperial section note (Talos reused by Nord),source,,,rewards,UNVERIFIED
BC-0395,reward_tier,Nord,Nord Tsun T3 — The Shield-Thane's Trial,Nord Tsun T3 must carry surviving a severe-disadvantage fight granting a 24h stamina-endurance vigil (combat-threat sample); stamina-floor detection is fiddly; fallback is strong StaminaRate buff; fallback must be guaranteed baseline.,BETA,PDV_Phase2_CapstoneSignatures.md — Nord section (DRAFT); LOCKED rules rule 3,source,,DRAFT; requires Nord spec R5 rework (Tsun new QUST + records),rewards,UNVERIFIED
BC-0396,reward_tier,Nord,Shor,Tier 1: minor stamina regen when outnumbered in melee. Tier 2: honorable kills restore small health; Companions quest content scores double. Tier 3: honorable kills restore health proportional to enemy strength; near-death (<20% health) in honorable combat triggers stamina restoration.,BETA,PDV_RaceDesign_Nord.md — Tier Rewards (Shor rows),source,,,race-sheets,UNVERIFIED
BC-0397,reward_tier,Nord,Shor focused 3-tier (Old Ways),"PDV_Bless_Nord_Shor_T1/T2/T3 must provide max Health +10/+20/+30, with T2 adding OneHanded 8 and T3 adding OneHanded 18 + TwoHanded 10 + hidden once/day last-stand save. Shor uses max Health only; no Health Regeneration effect is expected.",BETA,PDV_NordRewardRecords.spec.json § emphasisRewards Shor entries,esp,,,roster,UNVERIFIED
BC-0398,reward_tier,Nord,Stuhn focused 3-tier (Old Ways),"PDV_Bless_Nord_Stuhn_T1 (DamageResist 5%), T2 (DamageResist 10% + Block 8%), T3 (DamageResist 12% + Block 10% + OneHanded 8%) must exist gated on OldWays + active Stuhn.",BETA,PDV_NordRewardRecords.spec.json § emphasisRewards Stuhn entries,esp,,,roster,UNVERIFIED
BC-0399,reward_tier,Nord,Talos focused 3-tier (Old Ways and Nine Divines),"PDV_Bless_Nord_Talos_T1/T2/T3 must exist shared across both lanes (OldWays|NineDivines), gated on faithful defiance only; T1 DamageResist 5%, T2 DamageResist 10% + OneHanded 8%, T3 DamageResist 12% + OneHanded 12%; compliance never scores.",BETA,PDV_NordRewardRecords.spec.json § emphasisRewards Talos entries,esp,,,roster,UNVERIFIED
BC-0400,reward_tier,Nord,Talos/Ysmir,Tier 1: shout recharge +5%. Tier 2: shout +10% total; Thu'um in civil war scores piety; hostile Thalmor encounters generate devotion. Tier 3: shout +15% total; Stormcloak/Thalmor-defiance areas give stamina/health regen surge; Thalmor may flag player as known defier.,BETA,PDV_RaceDesign_Nord.md — Tier Rewards (Talos/Ysmir rows),source,Blessing effect scripts for NordTalos tiers,,race-sheets,UNVERIFIED
BC-0401,reward_tier,Nord,Tsun focused 3-tier (Old Ways),"PDV_Bless_Nord_Tsun_T1 (StaminaRateMult 5%), T2 (StaminaRateMult 8% + Block 10%), T3 (StaminaRateMult 10% + Block 12% + DamageResist 10%) must exist gated on OldWays + active Tsun.",BETA,PDV_NordRewardRecords.spec.json § emphasisRewards Tsun entries,esp,,,roster,UNVERIFIED
BC-0402,reward_tier,Orc,City Orc Champion,"City Champion: quality work ALWAYS hits maximum achievable at current smithing skill (no RNG on tempering); brief resolve bonus after dignity-under-pressure encounter response; Malacath's private acknowledgment (no shaman or stronghold, just internal recognition flavor).",BETA,PDV_RaceDesign_Orc.md — Tier 3 / City Orc Champion,source,,,race-sheets,UNVERIFIED
BC-0403,reward_tier,Orc,Legion/Exile Champion,"Legion/Exile Champion: after completing significant contract/faction service quest under difficult conditions, brief combat resolve fires (+5 health/sec for full duration of next encounter); carry weight +15; after fully honest completed difficult contract, brief rest quality improvement.",BETA,PDV_RaceDesign_Orc.md — Tier 3 / Legion/Exile Orc Champion,source,,,race-sheets,UNVERIFIED
BC-0404,reward_tier,Orc,Orc City life-mode 3-tier,"PDV_Bless_Orc_City_T1 (Speech 5), T2 (Speech 13 + Restoration 8), T3 (Speech 23 + Restoration 20 + Block 5 + DamageResist 50) must exist gated on PDV_State_OrcLifeMode=City(0) + Malacath tier; named commission/quality-labor/dignity acts only. Speech leads from T1 (2026-07-16 swap).",BETA,PDV_OrcRewardRecords.spec.json § emphasisRewards City entries,esp,,,roster,UNVERIFIED
BC-0405,reward_tier,Orc,Orc City T3 — Unbroken Alone,Orc City T3 must carry scaling resist + block the longer the player fights alone/outnumbered (M2-cadence on defense); fallback is binary no-ally buff; buildable.,BETA,"PDV_Phase2_CapstoneSignatures.md — Orc section (DRAFT), City",source,,,rewards,UNVERIFIED
BC-0406,reward_tier,Orc,Orc Legion/Exile T3 — Hold the Line,Orc Legion/Exile T3 must carry low-HP stand-fast (resist + stamina + stagger-immunity) + rally allies (M4 + poise rider); fallback drops poise; Legion/Exile carries the Orc cheat-death equivalent; once per day.,BETA,"PDV_Phase2_CapstoneSignatures.md — Orc section (DRAFT), Legion/Exile; LOCKED rules rule 2",source,,,rewards,UNVERIFIED
BC-0407,reward_tier,Orc,Orc LegionExile life-mode 3-tier,"PDV_Bless_Orc_LegionExile_T1 (OneHanded 5%), T2 (OneHanded 8% + BlockSkill 8%), T3 (OneHanded 10% + BlockSkill 12% + StaminaRateMult 5%) must exist gated on PDV_State_OrcLifeMode=LegionExile(2) + Malacath tier; pressure-bearing service-completion acts only (Legion membership alone rejected).",BETA,PDV_OrcRewardRecords.spec.json § emphasisRewards LegionExile entries,esp,,,roster,UNVERIFIED
BC-0408,reward_tier,Orc,Orc Malacath broad T1/T2,"PDV_Bless_Orc_Malacath_T1 (fixed, DamageResist 4%) and PDV_Bless_Orc_Malacath_T2 (new, DamageResist 6% + HealRateMult 8%, capped Faithful) must exist; T2 suppressed when a life-mode focused family is active.",BETA,PDV_OrcRewardRecords.spec.json § emphasisRewards Malacath T1/T2,esp,,,roster,UNVERIFIED
BC-0409,reward_tier,Orc,Orc Malacath T1 conduct reward,"SPEL PDV_Bless_Orc_Malacath_T1 must exist with MGEF PDV_MGEF_Bless_Orc_Malacath_T1 granting DamageResist +3.0 (provisional); only one Orc life-mode T1 active; City, Legion, and Stronghold variants cannot stack.",BETA,PDV_Phase20_RewardRecordContracts.json — Orc entry,data,SPEL PDV_Bless_Orc_Malacath_T1; MGEF actorValue=DamageResist mag=3.0,,rewards,UNVERIFIED
BC-0410,reward_tier,Orc,Orc reward ceiling: Stronghold highest; City/Legion no second substrate,Orc Stronghold may have the most stable rewards; City and Legion/Exile may have sharper situational moments but must not add a second persistent substrate; exactly one active life-mode lane at a time with a three-day soft-switch lockout.,BETA,"PDV_RaceRewardBudgetLedger.md — Focused Pass: Orc, Reward ceiling; PDV_RaceEffectReviewLedger.md — Orc life-mode baseline",runtime-status,,,rewards,UNVERIFIED
BC-0411,reward_tier,Orc,Orc reward floor: City/Legion viable without Blood-Kin,"A City or Legion/Exile Orc must have reliable dignity, service, quality labor, and self-made community payoff without needing Blood-Kin or Stronghold infrastructure.",BETA,"PDV_RaceRewardBudgetLedger.md — Focused Pass: Orc, Reward floor",runtime-status,,,rewards,UNVERIFIED
BC-0412,reward_tier,Orc,Orc Stronghold life-mode 3-tier,"PDV_Bless_Orc_Stronghold_T1 (Smithing 5), T2 (Smithing 13 + TwoHanded 8), T3 (Smithing 23 + TwoHanded 20 + DamageResist 50) must exist gated on PDV_State_OrcLifeMode=Stronghold(1) + Malacath tier; quality forge acts only (raw craft count rejected). TwoHanded replaced HeavyArmor (2026-07-16 swap).",BETA,PDV_OrcRewardRecords.spec.json § emphasisRewards Stronghold entries,esp,,,roster,UNVERIFIED
BC-0413,reward_tier,Orc,Orc Stronghold T3 — Blood-Kin of the Forge,"Orc Stronghold T3 must carry guardian kin-aura: while followers/blood-kin are near, both player and they gain damage resistance + player power attacks stagger; the more kin present the stronger; NO low-HP trigger; one-active life-mode rule applies.",BETA,"PDV_Phase2_CapstoneSignatures.md — Orc section (DRAFT), Stronghold",source,Re-flavored 2026-06-07 off cheat-death; Legion/Exile holds the Orc save,,rewards,UNVERIFIED
BC-0414,reward_tier,Orc,Stronghold Champion,"Stronghold Champion: forge-crafted weapons deal 5% more damage only in player's hands; once per day combat fury below 15% health fires (stamina restored to full, -25% power attack stamina cost for 30 seconds); quality crafting output improves; stronghold NPCs maximum recognition beyond Blood-Kin.",BETA,PDV_RaceDesign_Orc.md — Tier 3 / Stronghold Orc Champion,source,,,race-sheets,UNVERIFIED
BC-0415,reward_tier,Redguard,Ash'abah Champion,"Tu'whacca Champion (Ash'abah): after draugr boss/Hall of Dead/necromancer operation completion, 48h Tu'whacca blessing fires (+5 health/stamina/magicka regen per hour); tomb sites give ancestor-presence flavor notification; Hall of Dead NPCs give recognition privilege/special dialogue/free services; undead damage resist 25% cumulative.",FUTURE,PDV_RaceDesign_Redguard.md — Tier 3 Ash'abah / Tu'whacca Champion,source,,[auto-demoted: matches explicit descope],race-sheets,UNVERIFIED
BC-0416,reward_tier,Redguard,Crown Tier 3,"Tu'whacca Champion: 24h undead damage resist 20% after death-rites quest/draugr boss; ancestor presence flavor at tomb sites; Hall of Dead maximum recognition. Leki Champion: one-handed damage +8% cumulative (Tier 1 + Devoted); power-attack stamina recovery in sword-discipline combat. Crown dressing of the pan-sect roster; no Satakal/Ruptga champions exist (lore baseline 2026-08-26).",BETA,PDV_RaceDesign_Redguard.md — Tier 3 (pan-sect focusable gods),source,,,race-sheets,UNVERIFIED
BC-0417,reward_tier,Redguard,Forebear Tier 3,"HoonDing Champion: once per in-game week, winning genuinely impossible-odds battle fires 24h combat stat bonus pulse; Forebear dressing frames it as the way made through a mixed society. No Tava champion exists -- road copy credits Tava as culture voice only (lore baseline 2026-08-26).",BETA,PDV_RaceDesign_Redguard.md — Tier 3 (pan-sect focusable gods),source,,,race-sheets,UNVERIFIED
BC-0418,reward_tier,Redguard,HoonDing focused 3-tier (weekly capped),"PDV_Bless_Redguard_HoonDing_T1 (OneHanded 5%), T2 (OneHanded 8% + SpeedMult 3%), T3 (OneHanded 12% + SpeedMult 3%) must exist gated on active HoonDing focus AND weekly cap unconsumed; curated make-way milestones only.",BETA,PDV_RedguardRewardRecords.spec.json § emphasisRewards HoonDing entries; § currencyAndPace hoonDingCap,esp,,,roster,UNVERIFIED
BC-0419,reward_tier,Redguard,Leki focused 3-tier,"PDV_Bless_Redguard_Leki_T1 (OneHanded 5%), T2 (OneHanded 8% + CriticalChance 5%), T3 (OneHanded 12% + CriticalChance 8%) must exist gated on active Leki focus with sword-singing conduct context required.",BETA,PDV_RedguardRewardRecords.spec.json § emphasisRewards Leki entries,esp,,,roster,UNVERIFIED
BC-0420,reward_tier,Redguard,Redguard ancestor spine T1 reward,"SPEL PDV_Bless_Redguard_AncestorSpine_T1 must exist with MGEF PDV_MGEF_Bless_Redguard_AncestorSpine_T1 granting WeaponSpeedMult +3.0 (provisional); only one Redguard sect T1 active; Crown, Forebear, Ash'abah, and Far Shores variants resolve through manager state.",BETA,PDV_Phase20_RewardRecordContracts.json — Redguard entry,data,SPEL PDV_Bless_Redguard_AncestorSpine_T1; MGEF actorValue=WeaponSpeedMult mag=3.0,,rewards,UNVERIFIED
BC-0421,reward_tier,Redguard,Redguard AncestorSpine broad T1/T2,"PDV_Bless_Redguard_AncestorSpine_T1 (fixed, ResistMagic 3%) and PDV_Bless_Redguard_AncestorSpine_T2 (new, ResistMagic 5% + DamageResist 8%, capped Faithful) must exist; T2 suppressed when a focused patron is active.",BETA,PDV_RedguardRewardRecords.spec.json § emphasisRewards AncestorSpine T1/T2,esp,,,roster,UNVERIFIED
BC-0422,reward_tier,Redguard,Redguard HoonDing T3 — The Way Is Made,Redguard HoonDing T3 must carry weekly-capped forward breakthrough — knockback/stagger enemies in path + brief unstoppable advance (M11-cousin knockback); cone is fiddly; fallback is radial; fallback must be guaranteed baseline.,BETA,PDV_Phase2_CapstoneSignatures.md — Redguard section (DRAFT); LOCKED rules rule 3,source,Fiddly: cone geometry. Fallback: radial area. Fallback-as-floor binding. Weekly cap required.,,rewards,UNVERIFIED
BC-0423,reward_tier,Redguard,Redguard Leki T3 — The Ephemeral Feint,Redguard Leki T3 must carry single-foe duel crit bonus (fades when mobbed) + feint riposte after a 1H power/crit (M5-ledger + single-foe); crowd-count is fiddly; fallback is engage-flag; fallback must be guaranteed baseline.,BETA,PDV_Phase2_CapstoneSignatures.md — Redguard section (DRAFT); LOCKED rules rule 3,source,Fiddly: crowd-count detection. Fallback: engage-flag. Fallback-as-floor binding.,,rewards,UNVERIFIED
BC-0424,reward_tier,Redguard,Redguard reward ceiling: sect Faithful + Devoted requires focused primary,Redguard broad sect worship reaches Faithful; Devoted requires focused primary commitment; ancestor reverence and Far Shores token support only and must not create a third always-on boon family.,BETA,"PDV_RaceRewardBudgetLedger.md — Focused Pass: Redguard, Reward ceiling",runtime-status,,,rewards,UNVERIFIED
BC-0425,reward_tier,Redguard,Redguard reward floor: non-Ash'abah viable without undead farming,"A non-Ash'abah Redguard must get satisfying Crown or Forebear play through form, road, contract, martial conduct, and sect-specific recognition without farming undead.",BETA,"PDV_RaceRewardBudgetLedger.md — Focused Pass: Redguard, Reward floor",runtime-status,,,rewards,UNVERIFIED
BC-0426,reward_tier,Redguard,Redguard Tu'whacca T3 — Keeper of the Far Shores,"Redguard Tu'whacca T3 must carry ward/turn vs the restless dead + once/day Far-Shores cheat-death (perk-vs-undead + M4 no-rally variant); copy must say Tu'whacca, never Arkay; Tu'whacca holds the Redguard cheat-death.",BETA,PDV_Phase2_CapstoneSignatures.md — Redguard section (DRAFT); LOCKED rules rules 1-2,source,Copy must say Tu'whacca not Arkay; once/day StorageUtil daily key,,rewards,UNVERIFIED
BC-0427,reward_tier,Redguard,Tu'whacca focused 3-tier,"PDV_Bless_Redguard_Tuwhacca_T1 (ResistMagic 5%), T2 (ResistMagic 8% + HealRateMult 10%), T3 (ResistMagic 10% + HealRateMult 15%) must exist gated on active Tu'whacca focus.",BETA,PDV_RedguardRewardRecords.spec.json § emphasisRewards Tuwhacca entries,esp,,,roster,UNVERIFIED
BC-0428,anti_farm,ALL,Clavicus Vile – favorable bargain,"Clavicus Vile faucet act 'Win a favorable bargain (quest persuade)' must be capped at 1/dawn; must hook specific curated quest persuade-success INFOs, not generic events.",BETA,PDV_QuestReactionMatrix_PartD_ThinGodFaucets.csv – Clavicus Vile / Win a favorable bargain,source,,,signals,UNVERIFIED
BC-0429,anti_farm,ALL,Clavicus Vile – Masque,Clavicus Vile faucet act 'Wear the Masque' (OnObjectEquipped of Masque of Clavicus Vile) must be capped at 1/dawn.,BETA,PDV_QuestReactionMatrix_PartD_ThinGodFaucets.csv – Clavicus Vile / Wear the Masque,source,,,signals,UNVERIFIED
BC-0430,anti_farm,ALL,Creed-violation loss medium/major constraint,"Every race's creed-violation loss acts must be medium/major severity only (no petty/ambient penalties); loss deltas must be applied only to negative AwardCuratedSignal calls triggered by authored/curated beats, never ambient events.",BETA,PDV_RaceContractTemplate.md § Creed-violation loss; PDV_Phase2_DeityRoster_and_ArchitectureRulings.md § R8 'creed-violation loss medium/major only',source,Grep AwardCuratedSignal with negative delta per race; confirm each has authored-beat anti-farm guard,,roster,UNVERIFIED
BC-0431,anti_farm,ALL,Dibella – adornment,Dibella faucet act 'Adorn in fine apparel' (OnObjectEquipped of curated fine-apparel/circlet/jewelry FormList) must be capped at 1/dawn.,BETA,PDV_QuestReactionMatrix_PartD_ThinGodFaucets.csv – Dibella / Adorn in fine apparel,source,,,signals,UNVERIFIED
BC-0432,anti_farm,ALL,Dibella – alms,"Dibella faucet act 'Give alms to a beggar' (vanilla Gift of Charity MGEF) must be capped at 1/dawn; vanilla self-gates to once/4 in-game hours, PDV 1/dawn cap sits on top. Shares charity cap with Mara.",BETA,PDV_QuestReactionMatrix_PartD_ThinGodFaucets.csv – Dibella / Give alms to a beggar,source,,,signals,UNVERIFIED
BC-0433,anti_farm,ALL,Dibella – marriage,Dibella faucet act 'Marry/court' (PlayerMarried event or marriage-quest completion) must be capped at 1/ever (one-shot per character).,BETA,PDV_QuestReactionMatrix_PartD_ThinGodFaucets.csv – Dibella / Marry/court,source,,,signals,UNVERIFIED
BC-0434,anti_farm,ALL,Hermaeus Mora,Hermaeus Mora commitment signals must be Black Book/Apocrypha-anchored; Khajiit legibility (Hermorah cultural recognition) must not lower the commitment threshold or replace lunar substrate baseline.,BETA,PDV_DaedricRacePrinceMatrix.csv Hermaeus Mora Notes 'Khajiit legibility does not mean baseline replacement of lunar order',source,Hermaeus Mora commitment signal source is DA04 stage 100 / Black Book acceptance; no race-specific threshold reduction for Khajiit,,daedric,UNVERIFIED
BC-0435,anti_farm,ALL,Hermaeus Mora – Black Books,Hermaeus Mora faucet act 'Read a Black Book' must be capped at 1/book (one-shot per distinct Black Book formKey per character); must not double-fire with any BookRead quest-stage receiver (pick one owner per the exclusion audit).,BETA,PDV_QuestReactionMatrix_PartD_ThinGodFaucets.csv – Hermaeus Mora / Read a Black Book,source,Verify PDV_Phase20_QuestStageExclusionAudit entry for Black Book formKeys — single owner rule.,,signals,UNVERIFIED
BC-0436,anti_farm,ALL,Hermaeus Mora – rare tomes,Hermaeus Mora faucet act 'Study rare/forbidden tomes' (OnRead of curated rare-lore FormList) must be capped at 1/dawn.,BETA,PDV_QuestReactionMatrix_PartD_ThinGodFaucets.csv – Hermaeus Mora / Study rare/forbidden tomes,source,,,signals,UNVERIFIED
BC-0437,anti_farm,ALL,Mephala,"Mephala must not be flattened into generic stealth behavior; commitment signals must be web-building/betrayal-threshold events, not generic sneak or lockpick acts.",BETA,PDV_DaedricRacePrinceMatrix.csv Mephala Notes 'Do not flatten Mephala into generic stealth behavior',source,Mephala commitment signal source is DA08 stage 60 / Ebony Blade threshold; no generic sneak skill-use hook,,daedric,UNVERIFIED
BC-0438,anti_farm,ALL,Meridia,Meridia commitment signals must be anchored to The Break of Dawn quest outcome and Dawnbreaker service; generic undead kills must not function as a devotion faucet before or after commitment gate.,BETA,PDV_DaedricBatch0_D18ProofLedger.md 'Prove tolerated stigma behavior and prevent generic undead farming before any promotion'; PDV_DaedricRacePrinceMatrix.csv Meridia VanillaHookPriority,source,"Meridia commitment signal source is DA09 stage 500, not generic actor kill events",,daedric,UNVERIFIED
BC-0439,anti_farm,ALL,Namira – corpse-feed,Namira faucet act 'Feed on a corpse' (Ring of Namira Feed lesser-power) must be capped at 1/dawn; Ring must be equipped.,BETA,PDV_QuestReactionMatrix_PartD_ThinGodFaucets.csv – Namira / Feed on a corpse,source,PDV__ManagerQuest.psc or faucet handler: Namira cannibalism cap = 1/dawn.,,signals,UNVERIFIED
BC-0440,anti_farm,ALL,Namira – eat human flesh,Namira faucet act 'Eat Human Flesh' (OnObjectEquipped of vanilla HumanFlesh/heart FormList) must be capped at 1/dawn and must share the cannibalism cap with corpse-feed (no double-banking).,BETA,PDV_QuestReactionMatrix_PartD_ThinGodFaucets.csv – Namira / Eat Human Flesh,source,,,signals,UNVERIFIED
BC-0441,anti_farm,ALL,Nocturnal,Nocturnal commitment must distinguish Rajhin and Baan Dar (native Khajiit/Bosmer trickster lanes) from Nocturnal; Nocturnal commitment via TG09 must not route through or credit native trickster behaviors.,BETA,PDV_DaedricRacePrinceMatrix.csv Nocturnal Notes 'Keep Rajhin and Baan Dar distinct from Nocturnal',source,No signal event shared between Nocturnal commitment source and any native trickster path signal; Nocturnal source is TG09 only,,daedric,UNVERIFIED
BC-0442,anti_farm,ALL,Peryite – disease,Peryite faucet act 'Bear an untreated disease' (player afflicted-state poll) must be capped at 1/dawn; curing disease must NOT score for Peryite.,BETA,PDV_QuestReactionMatrix_PartD_ThinGodFaucets.csv – Peryite / Bear an untreated disease,source,,,signals,UNVERIFIED
BC-0443,anti_farm,ALL,Peryite – Spellbreaker,Peryite faucet act 'Ward with Spellbreaker' (Block event while Spellbreaker is equipped) must be capped at 1/dawn.,BETA,PDV_QuestReactionMatrix_PartD_ThinGodFaucets.csv – Peryite / Ward with Spellbreaker,source,,,signals,UNVERIFIED
BC-0444,anti_farm,ALL,Repeated act anti-farm,Every signal source with a repeatable mechanic must have an anti-farm cap on the PIETY pulse (not just substrate): ritual/practice acts should be once-per-dawn-cycle; other acts must use daily caps or cooldowns as documented per race.,BETA,Memory: anti-farm-cap-requirement.md — every signal needs anti-farm cap on the PIETY pulse,source,ScoreAction implementations: check daily-cap or cooldown flag per signal,,race-sheets,UNVERIFIED
BC-0445,anti_farm,ALL,Sanguine,Sanguine commitment signals must not be generic tavern-visit or drink events; the path must be intentionally unreliable and not become a routine faucet through ordinary indulgence behavior.,BETA,"PDV_DaedricRacePrinceMatrix.csv Sanguine Notes 'Important to keep from becoming generic go to tavern, gain devotion'",source,"Sanguine commitment signal source is DA14 stage 200, not generic drink/tavern events",,daedric,UNVERIFIED
BC-0446,anti_farm,ALL,Sanguine – drink alcohol,Sanguine faucet act 'Drink alcohol' (OnObjectEquipped of curated alcohol ALCH FormList) must be capped at 1/dawn.,BETA,PDV_QuestReactionMatrix_PartD_ThinGodFaucets.csv – Sanguine / Drink alcohol,source,,,signals,UNVERIFIED
BC-0447,anti_farm,ALL,Sanguine – Sanguine Rose,Sanguine faucet act 'Summon with the Sanguine Rose' (OnSpellCast/staff-fire) must be capped at 1/dawn.,BETA,PDV_QuestReactionMatrix_PartD_ThinGodFaucets.csv – Sanguine / Summon with the Sanguine Rose,source,,,signals,UNVERIFIED
BC-0448,anti_farm,ALL,Shared broad worship cap,"All broad/pre-commitment worship must be capped at Tier 2 (Faithful); Tier 3 (Devoted) must be reachable only through primary patron/path commitment for pantheon races, or appropriate deep commitment for closed-system and layered races.",BETA,Devotion_Races_Overview.md — How Devotion Works (All Races) / Broad vs Focused worship,source,ProcessDawn() tier-cap check: broad worship cannot push above tier 2,,race-sheets,UNVERIFIED
BC-0449,anti_farm,ALL,Vaermina,"Vaermina commitment signals must be quest/threshold-anchored (Waking Nightmare, Skull of Corruption); ordinary sleep must not be a devotion source faucet.",BETA,PDV_DaedricBatch0_D18ProofLedger.md Vaermina row 'Keep hooks quest/threshold anchored so ordinary sleep is not a source faucet',source,Vaermina signal source is DA16 stage 190 / Skull of Corruption quest outcome; no sleep-event hook registered as a commitment signal,,daedric,UNVERIFIED
BC-0450,anti_farm,ALL,Vaermina – Skull of Corruption,Vaermina faucet act 'Harvest dreams (Skull of Corruption)' (OnSpellCast of the Skull) must be capped at 1/dawn.,BETA,PDV_QuestReactionMatrix_PartD_ThinGodFaucets.csv – Vaermina / Harvest dreams,source,,,signals,UNVERIFIED
BC-0451,anti_farm,Argonian,Argonian dawn Hist decay floor and cadence limits,"Dawn Hist decay must only trigger after three days without valid maintenance, applying -1 per dawn; non-curse floor is 20; bed-of-choice cadence requires three qualifying sleeps in a rolling 30-day window with light People decay only on missed cadence.",BETA,"PDV_RaceRewardBudgetLedger.md — Focused Pass: Argonian, Needs verifier/proof",source,PDV_Substrate_ArgonianHist dawn decay handler; PDV.Substrate.ArgonianHist.* keys,,rewards,UNVERIFIED
BC-0452,anti_farm,Argonian,Argonian Void signal anti-farm,"Void/Sithis signal anti-farm must use three-signal threshold (VoidActivationSignalsRequired=3), one-shot markers per source, and ConsumeDailyRepeatMultiplier (oncePerDayKey PDV.Signal.ArgonianVoidSignal); the universal piety pulse on this route goes to PDV_Deity_Hist, not Sithis.",BETA,PDV_ArgonianRewardRecords.spec.json § doubleRoute Void signal act,source,Grep HandleArgonianVoidSignal; confirm Hist pulse not Sithis pulse; VoidActivationSignalsRequired=3,,roster,UNVERIFIED
BC-0453,anti_farm,Bosmer,Bandit Road reversal seven-day cooldown,Bosmer Bandit Road luck reversal carries a seven-day cooldown; no repeating the reversal in rapid succession.,BETA,"PDV_RaceEffectReviewLedger.md — Bosmer active-path baseline, conditions and cadence",source,,,rewards,UNVERIFIED
BC-0454,anti_farm,Bosmer,Bosmer path switching destination-gated,Bosmer path switching must be destination-gated: Living Story requires one strong signal; Exchange/BanditRoad require two signal days in seven; Old Contract requires three Pact-positive days and one re-entry cycle.,BETA,"PDV_RaceRewardBudgetLedger.md — Focused Pass: Bosmer, Needs verifier/proof",source,,,rewards,UNVERIFIED
BC-0455,anti_farm,Bosmer,GPC consumption tracking,"GreenPactCompliance must own a keyword/tag system for plant-based consumables; base/DLC plant food must have curated FormList coverage for GPC negative scoring, while plant potions, ingredients, and wood/lumber surfaces remain expanded-tag work.",BETA,PDV_RaceDesign_Bosmer.md - Implementation flags / GreenPactCompliance tagging,data,"PDV_FLST_GreenPact_PlantFoods contains the 25 Authoria/Requiem baseline plant-food FormKeys; expanded tags remain future",,race-sheets,READBACK-PARTIAL
BC-0456,anti_farm,Bosmer,Green Pact positive weighting (not a compliance ledger),"Green Pact must be implemented as modest positive weighting outside Old Contract; item-level Green Pact punishment must stay OldContract-gated and curated, with no broad plant detection; Old Contract pact violation reuses existing HandleGreenPactViolation + AdjustBosmerGreenPactCompliance(-15) model.",BETA,PDV_BosmerRewardRecords.spec.json greenPactHandling policy; rejectedHooks broad plant detection without reliable item evidence,source,"Grep AdjustBosmerGreenPactCompliance; confirm OldContract-only gate; check PDV_FLST_GreenPact_PlantFoods baseline",,roster,READBACK-PARTIAL
BC-0457,anti_farm,Bosmer,Z'en – Reciprocity family shared cap,Z1 and Z2 signals for Bosmer Exchange must share a single PDV_FavorFamily_ZenReciprocity daily cap of 1.5; together they must not exceed one default day's contribution without allowing either to be farmed independently.,BETA,PDV_TriggerTopups_Exchange_KnightsRoad.md – A. Bosmer – Anti-farm,source,Family keyword PDV_FavorFamily_ZenReciprocity daily cap = 1.5.,,signals,UNVERIFIED
BC-0458,anti_farm,Breton,Knight's Road – Justice family shared cap,"Knight's Road Justice family K1 and K2 signals must share PDV_FavorFamily_KnightJustice daily cap of 1.5; sneak-kills excluded from scoring to block stealth-archer farming; predatory-faction gate blocks scoring innocents, guards, or animals.",BETA,PDV_TriggerTopups_Exchange_KnightsRoad.md – B. Breton – Anti-farm,source,Family keyword PDV_FavorFamily_KnightJustice daily cap = 1.5; sneak-kill exclusion logic.,,signals,UNVERIFIED
BC-0459,anti_farm,Khajiit,Road-home circuit,Road-home piety must require cycling between 2-3 player-designated rest anchors over time; repeating the same camp/bed/outdoor rest does NOT count as road-home cadence; the devotional act is the circuit.,BETA,PDV_RaceDesign_Khajiit.md — Road-home cadence (LOCKED),source,PDV.Substrate.KhajiitLunar.RoadHomeCount + anchor cycling validation,,race-sheets,UNVERIFIED
BC-0460,anti_farm,Khajiit,Road-home circuit must require 2-3 anchor cycling,"Khajiit road-home reward must require a real 2-3 point circuit with cycling validation; repeating one convenient camp, bed, or outdoor sleep must not award road-home credit.",BETA,"PDV_RaceRewardBudgetLedger.md — Focused Pass: Khajiit, Change; PDV_RaceEffectReviewLedger.md — Khajiit lunar baseline, rejected hooks",source,PDV.Substrate.KhajiitLunar.* road-home circuit keys; cycling validation; no credit for repeat single location,,rewards,UNVERIFIED
BC-0461,anti_farm,Nord,Nord dawn-only offer gate with cooldown,"Nord patron offers must be gated to dawn only: piety threshold, two signal days in seven, pantheon eligibility, cooldown, and one offer maximum must all be enforced.",BETA,"PDV_RaceRewardBudgetLedger.md — Focused Pass: Nord, Needs verifier/proof",source,,,rewards,UNVERIFIED
BC-0462,anti_farm,Orc,Orc forge quality/context gate,"Orc forge/craft rewards must require quality, value, context, or commission; raw crafting count must never become the Orc piety loop; day caps or major-beat requirements must be enforced.",BETA,"PDV_RaceRewardBudgetLedger.md — Focused Pass: Orc, Change; PDV_RaceEffectReviewLedger.md — Orc life-mode baseline, rejected hooks",source,,,rewards,UNVERIFIED
BC-0463,anti_farm,Redguard,HoonDing weekly cap enforced,HoonDing activation must be weekly-capped; only curated major milestones/named bosses or proof-tested odds detection may trigger it; generic combat is rejected.,BETA,"PDV_RaceRewardBudgetLedger.md — Focused Pass: Redguard, Needs verifier/proof",source,"StorageUtil weekly key for HoonDing; rejected: generic combat, fast travel, generic gold",,rewards,UNVERIFIED
BC-0464,anti_farm,Redguard,Redguard sect switching gates,"Crown/Forebear sect switching requires two sect-coded signal days in seven; Ash'abah requires a major death, undead, tomb, funerary, or impurity burden signal; generic undead spam and fast travel are rejected.",BETA,"PDV_RaceRewardBudgetLedger.md — Focused Pass: Redguard, Needs verifier/proof",source,,,rewards,UNVERIFIED
BC-0465,neglect,ALL,All 16 Daedric Princes,Per-Prince stigma must decay at 1 point/day via the once-per-day Phase 17 decay guards; full Notorious (100) must clear to Latent over a meaningfully long in-game span without accelerating rites.,BETA,PDV_Daedric_DecisionPacket_CAT4.md D-15.3 'Decay: slow linear abstention decay of 1 stigma/day',source,PDV__ManagerQuest or DaedricPathBase decay handler decrements PDV.Daedric.<Prince>.Stigma by 1 once per dawn cycle; no same-day double-tick,,daedric,UNVERIFIED
BC-0466,neglect,ALL,All 16 Daedric Princes,"When a path first reaches Champion tier, a one-way WasChampion flag (PDV.Daedric.<Prince>.WasChampion=true) must be set and must not be cleared by stigma decay, cure, or rites.",BETA,PDV_Daedric_DecisionPacket_CAT4.md D-15.3 'Residue: WasChampion one-way dialogue flag',source,StorageUtil.SetIntValue key 'PDV.Daedric.<Prince>.WasChampion' set to 1 on Champion entry; no code path clears it,,daedric,UNVERIFIED
BC-0467,neglect,ALL,neglect active cap,At most 3 per-deity neglect effects may be active simultaneously; manager selects the lowest-piety eligible deities at dawn; broad worship suppresses all per-deity neglect effects,BETA,PDV_Architecture_v3.md §14.4 Locked neglect defaults,source,PDV__ManagerQuest.psc RunDawnApplySpellAndNeglectLayers: NEGLECT_ACTIVE_CAP = 3; broad worship check clears all neglect flags,,surfacing,UNVERIFIED
BC-0468,neglect,ALL,neglect dawn ownership,Neglect eligibility lives on deity records but activation must be dawn-owned by PDV__ManagerQuest; no deity may activate its own neglect effect independently,BETA,PDV_Architecture_v3.md §14.2 Where neglect lives,source,No PDV_DeityBase.psc or concrete deity script calls AddSpell/ApplySpell for its own NeglectEffect; only PDV__ManagerQuest.RunDawnApplySpellAndNeglectLayers does,,surfacing,UNVERIFIED
BC-0469,neglect,ALL,Per-race neglect spell requirement,Every race must have a PDV_SPEL_Neglect_<Race> spell (or confirmed reuse for Nord) wired to PDV__ManagerQuest via a SyncNeglectSpell function; neglect must be gentle/diegetic by default; real mechanical bite only at rupture/curse posture.,BETA,PDV_RaceContractTemplate.md § Neglect/regression model para 3; § Per-race contract Neglect field,esp,"Verify PDV_SPEL_Neglect_Imperial, ArgonianHist, Altmer, Dunmer, Bosmer, Orc, Redguard, Breton exist; Nord reuses Kyne",,roster,UNVERIFIED
BC-0470,neglect,ALL,per-race neglect substrate,"Race-wide neglect effects not tied to a single deity (e.g. Argonian Hist absence) must belong on the race substrate quest, not on a deity record",BETA,PDV_Architecture_v3.md §14.3 Per-race neglect,source,"Argonian (and any other race with race-wide neglect) has NeglectEffect on the substrate quest script, not on PDV_DeityBase",,surfacing,UNVERIFIED
BC-0471,neglect,Altmer,PDV_SPEL_Neglect_Altmer,"PDV_SPEL_Neglect_Altmer must exist wired to PDV__ManagerQuest with MGEF MagickaRateMult -4%; gentle by default; real bite only at curse/exile posture (vampire terminal/exile, werewolf hard halt).",BETA,PDV_AltmerRewardRecords.spec.json § neglect,esp,,,roster,UNVERIFIED
BC-0472,neglect,Argonian,Hist – vampire rupture,"Argonian vampire state must register as a neglect/rupture state for Hist with the deepest penalty in the mod; single state, no stacking.",BETA,PDV_RaceSignalMatrix.csv – Argonian / Hist relation under pressure / Vampire rupture,source,,,signals,UNVERIFIED
BC-0473,neglect,Argonian,Hist – werewolf strain,"Argonian werewolf state must register as a Hist-strain neglect state (milder than vampirism, mostly neutral to Sithis); single state, no stacking.",BETA,PDV_RaceSignalMatrix.csv – Argonian / Hist relation under strain / Werewolf strain,source,,,signals,UNVERIFIED
BC-0474,neglect,Argonian,PDV_SPEL_Neglect_ArgonianHist,PDV_SPEL_Neglect_ArgonianHist must exist wired to PDV__ManagerQuest with MGEF HealRateMult -5%; gentle at posture Distant; mechanical bite only at posture Silenced or Corrupted; dawn Hist decay -1/dawn only after 3 days without maintenance.,BETA,PDV_ArgonianRewardRecords.spec.json § neglect,esp,,,roster,UNVERIFIED
BC-0475,neglect,Bosmer,PDV_SPEL_Neglect_Bosmer,PDV_SPEL_Neglect_Bosmer must exist wired to PDV__ManagerQuest with MGEF PeakValueModifier StaminaRateMult -5; gentle by default; bite reserved for forced reckoning/Old Contract renunciation.,BETA,PDV_BosmerRewardRecords.spec.json § neglect,esp,,,roster,UNVERIFIED
BC-0476,neglect,Breton,KnightlyVowIntegrity – degradation,Breton Knight's Road KnightlyVowIntegrity must degrade on Thieves-Guild/Dark-Brotherhood membership and selected crime/innocent-kill proxies; negative side is unchanged by the Justice family top-up.,BETA,PDV_TriggerTopups_Exchange_KnightsRoad.md – B. Breton – Negative side unchanged,source,,,signals,UNVERIFIED
BC-0477,neglect,Breton,PDV_SPEL_Neglect_Breton + creed-loss spells,"PDV_SPEL_Neglect_Breton (HealRateMult -5%) must exist; 4 creed-loss spells must also exist: PDV_SPEL_CreedLoss_Breton_VowIntegrity (Block -5% + Restoration -5%), PDV_SPEL_CreedLoss_Breton_ExposureRupture (Conjuration -8% + Illusion -8%), PDV_SPEL_CreedLoss_Breton_Excommunication (HealRateMult -8%), PDV_SPEL_CreedLoss_Breton_DruidicForkBetrayal (StaminaRateMult -8% + Restoration -8%).",BETA,PDV_BretonRewardRecords.spec.json § neglect; § creedViolationLoss entries,esp,,,roster,UNVERIFIED
BC-0478,neglect,Dunmer,PDV_SPEL_Neglect_Dunmer,PDV_SPEL_Neglect_Dunmer must exist wired to PDV__ManagerQuest with MGEF MagickaRateMult -5%; gentle ancestor-silence texture only at posture Strained; mechanical bite only at posture Silent (curse); NO passive dawn decay on the ancestor substrate.,BETA,PDV_DunmerRewardRecords.spec.json § neglect,esp,,,roster,UNVERIFIED
BC-0479,neglect,Imperial,Concordat Enforcer corrodes Arkay/Stendarr,"The Concordat Enforcer ConcordatStanding band must apply corrosion to Arkay and Stendarr rewards until mercy, prisoner protection, burial restoration, or anti-necromancer duty repair signals are received.",BETA,"PDV_RaceEffectReviewLedger.md — Imperial broad lane row, grant/removal owner",source,ConcordatStanding = Concordat Enforcer state triggers repair-gate check in dawn pass,,rewards,UNVERIFIED
BC-0480,neglect,Imperial,Concordat Enforcer secondary modifiers,"At Concordat Enforcer (>+50), Arkay daily shift must be -15% and Stendarr daily shift must be -15%; at Open Defiant (<-50), Stendarr must gain +15% daily shift. These modifiers must fire in ProcessDawn.",BETA,PDV_RaceDesign_Imperial.md — Secondary modifiers at extreme states,source,ProcessDawn() Imperial extreme-state modifier pipeline,,race-sheets,UNVERIFIED
BC-0481,neglect,Imperial,PDV_SPEL_Neglect_Imperial,PDV_SPEL_Neglect_Imperial must exist wired to PDV__ManagerQuest with MGEF PDV_MGEF_Neglect_Imperial_Restoration (HealRateMult -5%); gentle by default; real bite only at rupture/curse posture.,BETA,PDV_ImperialRewardRecords.spec.json § neglect,esp,housecarl read PDV_SPEL_Neglect_Imperial; check MGEF HealRateMult magnitude -5.0,,roster,UNVERIFIED
BC-0482,neglect,Khajiit,PDV_SPEL_Neglect_KhajiitLunar,PDV_SPEL_Neglect_KhajiitLunar must exist wired to PDV__ManagerQuest with MGEF StaminaRateMult -5% nightOnly; fires when lunar metric flat/below floor.,BETA,PDV_KhajiitRewardRecords.spec.json § neglect,esp,,,roster,UNVERIFIED
BC-0483,neglect,Nord,Nord broad/focused reward suppression,Broad Nord worship rewards must be capped below focused patron rewards; an accepted focused patron must suppress competing offers; broad blended favors must stay softer and not inherit individual patron boons.,BETA,PDV_RaceEffectReviewLedger.md — Nord broad lane completed row; PDV_RaceRewardBudgetLedger.md — Focused Pass: Nord,source,,,rewards,UNVERIFIED
BC-0484,neglect,Nord,Nord broad/primary,"Nord neglect must manifest as loss of contextual favors and tier decay (no harsh penalization), not active punishment; piety must drift via negative PDV.PietyToday trending from missing devotion signals.",BETA,PDV_RaceDesign_Nord.md — Neglect Texture / Decay mechanics,source,ProcessDawn() decay pipeline for Nord,,race-sheets,UNVERIFIED
BC-0485,neglect,Nord,PDV_SPEL_Neglect_Kyne (reused),PDV_SPEL_Neglect_Kyne (existing wired neglect spell) must be reused for Nord; no new Nord neglect spell must be created for Shor/Tsun/Stuhn or the Nine Divines lane.,BETA,PDV_NordRewardRecords.spec.json § neglect designNote,esp,Confirm PDV_SPEL_Neglect_Kyne unchanged; grep for PDV_SPEL_Neglect_Nord (expect absent),,roster,UNVERIFIED
BC-0486,neglect,Orc,Oath-breaking,Oath-breaking (abandoning a committed quest) must generate explicit negative piety for all Orc modes; must be tracked via quest-acceptance event logging + quest-failed/abandoned detection; sustained oath-breaking must accumulate meaningfully.,BETA,PDV_RaceDesign_Orc.md — Neglect Texture / Oath-breaking + Signal Examples,source,Quest accept tracking + failed-stage negative piety in ProcessDawn,,race-sheets,UNVERIFIED
BC-0487,neglect,Orc,PDV_SPEL_Neglect_Orc,PDV_SPEL_Neglect_Orc must exist wired to PDV__ManagerQuest via SyncOrcNeglectSpell with MGEF DamageResist -5%; fires only after sustained absence of life-mode-appropriate act; gentle; bite reserved for code-rupture/curse.,BETA,PDV_OrcRewardRecords.spec.json § neglect,esp,,,roster,UNVERIFIED
BC-0488,neglect,Redguard,PDV_SPEL_Neglect_Redguard,PDV_SPEL_Neglect_Redguard must exist wired to PDV__ManagerQuest via SyncRedguardNeglectSpell with MGEF ResistMagic -3%; gentle ancestor-distance; harder bite only at curse posture or Ash'abah stigma.,BETA,PDV_RedguardRewardRecords.spec.json § neglect,esp,,,roster,UNVERIFIED
BC-0489,commitment,ALL,All 16 Daedric Princes,"All 16 Skyrim-present Daedric Princes (Azura, Boethiah, Clavicus Vile, Hermaeus Mora, Hircine, Malacath, Mehrunes Dagon, Meridia, Mephala, Molag Bal, Namira, Nocturnal, Peryite, Sanguine, Sheogorath, Vaermina) must exist as focusable patron paths in PDV_FLST_DaedricPaths_All; Jyggalag is explicitly excluded from 1.0 scope.",BETA,"PDV_AllRaceDaedricBetaReadinessLedger.md, Daedric 20C Gap section; PDV_DaedricContent_Manifest.md Section 7 progress ledger",esp,PDV_FLST_DaedricPaths_All must contain exactly 16 Prince path records; PDV_FLST_DaedricPaths_DevOnly complement exists,CAT-6 records authored/readback PASS=16 per ledger 2026-06-07; runtime display proof still PENDING=16,daedric,UNVERIFIED
BC-0490,commitment,ALL,All 16 Daedric Princes,Every standard (non-curse-access) Daedric Prince path requires 3 distinct commitment signals (commitmentSignalsRequired=3) before the path becomes active and a commitment MessageBox fires.,BETA,"PDV_DaedricPrinceRecordContracts.json, commitmentSignalsRequired field; PDV_DaedricContent_Manifest.md Section 2 'Commitment gate'",source,Each PDV_DaedricPath_<Prince> script must check a commitment counter reaching 3 before firing PDV_Msg_Daedric_<Prince>_Commitment,,daedric,UNVERIFIED
BC-0491,commitment,ALL,No-offer races require manager special-branch,"No-offer races (Khajiit, Argonian, Dunmer ancestor lane) must have a manager special-branch for reward gating on substrate tier + layer state; the active-patron universally assumption must NOT be applied to these races.",BETA,PDV_Phase2_DeityRoster_and_ArchitectureRulings.md § R7 substrate/no-offer branch; PDV_RaceContractTemplate.md § Gate-type dimension,source,Grep SyncKhajiitEmphasisRewards or equivalent no-offer branch in PDV__ManagerQuest.psc; confirm Argonian/Dunmer ancestor branch present,,roster,UNVERIFIED
BC-0492,commitment,ALL,Privilege and recognition count as reward wealth,"Privileges and NPC recognition count as reward wealth even when they do not alter actor values; a race with high friction may need richer recognition, not larger stats, before being considered balanced.",BETA,"PDV_RaceRewardBudgetLedger.md — Budget Rules section, rules 5 and 6",runtime-status,,,rewards,UNVERIFIED
BC-0493,commitment,ALL,Removal/suppression story for every steady reward,Every steady (persistent) reward must have a documented removal or suppression story before it can be granted by manager logic; a steady reward without a removal path must not ship.,BETA,PDV_RaceEffectReviewLedger.md — Review Rules,source,,,rewards,UNVERIFIED
BC-0494,commitment,Altmer,Trinimac offer gate,"Trinimac primary offer must fire only when ThalmørAlignment is 70 or above; offer evaluation must check track state before firing, mirroring Imperial Talos commitment gate pattern.",BETA,PDV_RaceDesign_Altmer.md — Trinimac focus (requires ThalmørAlignment 70+),source,ProcessDawn() Trinimac offer gate with ThalmorAlignment check,,race-sheets,UNVERIFIED
BC-0495,commitment,Bosmer,Path switching gates,LivingStory can be entered with one strong community/story signal; Exchange and BanditRoad require two destination-coded signals on separate in-game days within seven (unless major curated quest proves path); OldContract re-entry requires recommitment plus three Pact-positive days within seven; no auto-switch for 7 days after switching.,BETA,PDV_RaceDesign_Bosmer.md — Path switching locks (LOCKED),source,BosmerPath switch gate logic in ProcessDawn,,race-sheets,UNVERIFIED
BC-0496,commitment,Breton,Hidden Art / Daedric no double-count,"Hidden Art Daedric deities (Hircine, Hermaeus Mora, Namira, Nocturnal) must use the global Daedric system; the global Daedric taboo/stigma response must NOT fire on top of Hidden Art scoring; Breton social cost is carried ONLY by WitchcraftExposure.",BETA,PDV_RaceDesign_Breton.md — Implementation acceptance criteria (Hidden Art layers on global Daedric system),source,Daedric stigma gate checking PDV_State_BretonTradition == HiddenArt,,race-sheets,UNVERIFIED
BC-0497,commitment,Dunmer,Dunmer focus gate,"Dunmer native focus (Azura/Boethiah/Mephala) must use shared patron-state model: PDV_GLO_PatronState for broad/primary commitment, PDV_GLO_PatronDeity for accepted focus; do NOT implement PDV_State_DunmerPath as a path enum; focus offer must use global formal-offer gate (50 persistent piety, 2 qualifying signal-days within 7).",BETA,PDV_RaceDesign_Dunmer.md — Implementation split (LOCKED) + Focus gate (LOCKED),esp,PDV_GLO_PatronState + PDV_GLO_PatronDeity for Dunmer,,race-sheets,UNVERIFIED
BC-0498,commitment,Imperial,Talos primary offer gate,Talos primary offer must be blocked when ConcordatStanding is Public Compliant or Concordat Enforcer unless a fresh costly-defiance rupture signal has been authored; accepting the offer must move the player to at least Private Defiant.,BETA,PDV_RaceDesign_Imperial.md — Talos commitment gate (LOCKED) + Talos rupture acceptance (LOCKED),source,ProcessDawn() Talos offer eligibility check for Imperial,,race-sheets,UNVERIFIED
BC-0499,commitment,Nord,Nord primary patron,"Accepting a Nord primary offer must store deity in PDV_GLO_PatronDeity, apply 70% piety carry-over, clear pending offer candidates, and set patron state to active primary; no competing offers fire in 1.0 while patron is active.",BETA,PDV_RaceDesign_Nord.md — Acceptance / no-switching rule (LOCKED),esp,"PDV_GLO_PatronState, PDV_GLO_PatronDeity globals",,race-sheets,UNVERIFIED
BC-0500,commitment,Redguard,Sect switching gates,Crown <-> Forebear switching requires two sect-coded signals on separate in-game days within seven or a major curated quest beat; Ash'abah entry requires a major death/undead/tomb/impurity-bearing signal (not casual undead fighting); leaving Ash'abah requires Crown or Forebear reorientation plus two-day destination proof.,BETA,PDV_RaceDesign_Redguard.md — Sect switching locks (LOCKED),source,ProcessDawn() Redguard sect switch evaluation,,race-sheets,UNVERIFIED
BC-0501,pacing,ALL,all gods – hard ceiling,A hard ceiling of 4.3 piety/day must be enforced via DAWN_CLAMP_PER_DAY = 4.3 so a maximiser cannot exceed the 6/12/20-day ceiling calendar.,BETA,PDV_PietyPaceBalancingTable.md – §2 The one engine change required,source,Grep PDV__ManagerQuest.psc or balancing constants for DAWN_CLAMP_PER_DAY; must equal 4.3 not 5.0.,,signals,UNVERIFIED
BC-0502,pacing,ALL,all gods (default),Every deity whose path a beta player can commit to must afford ~3.3 piety/day effective gain (floor ~+1.3/day Class A devotion + one qualifying favor ~+2.0 Class C) for a player engaging at normal play cadence (1-2 qualifying acts/day).,BETA,PDV_SignalDensityAudit.md – Headline / Verdict table,data,Verify every race/path row in the Verdict table shows 'On-calendar' or one of the three sanctioned-slow categories.,3.3/day is pre-GAIN_RATE_SCALE raw figure; ×1.32 scale in ProcessDawn lifts effective daily rate. See PDV_TriggerTopups_Exchange_KnightsRoad.md scale note.,signals,UNVERIFIED
BC-0503,pacing,ALL,Authoring order constraint,Imperial spec must author before Nord/Breton/Redguard (owns the 8 Divines + Arkay); Orc must author before Altmer (owns Trinimac); Khajiit pilot indices 40-43 must be preserved across all subsequent runs.,BETA,PDV_Phase2_DeityRoster_and_ArchitectureRulings.md § Authoring order; PDV_NordRewardRecords.spec.json § authoringPlan authoringOrder,data,Check tool run logs for order; verify no index collision in ESP after all Phase 2 runs,,roster,UNVERIFIED
BC-0504,pacing,ALL,Broad rewards softer than focused patron rewards at every tier,Broad-worship rewards must be strictly softer than focused patron Devoted benefits at every tier; magnitude convention: broad floor minimal; broad ceiling caps at Faithful roughly 50-70% of equivalent focused-patron Devoted value.,BETA,"PDV_RaceEffectReviewLedger.md — Completed Race Rows intro paragraph, magnitude convention",runtime-status,,,rewards,UNVERIFIED
BC-0505,pacing,ALL,Daedric paths – rite cadence,Daedric devotion paths use multi-day authored rites (e.g. Hircine: one rite on each of 3 separate in-game days = Seeker); same-day repeats are anti-farm-scaled. These deliberately do not sit on the 3.3/day calendar and must not be balanced against it.,BETA,"PDV_SignalDensityAudit.md – Daedric paths — rite cadence, not daily accrual",data,,Third sanctioned exception per the audit's three sanctioned exceptions.,signals,UNVERIFIED
BC-0506,pacing,ALL,Daily piety cap shared engine,"PIETY_DAILY_MAX_DELTA=4.3 and GAIN_RATE_SCALE=1.32 must be set in PDV__ManagerQuest; all faucet races must reach Devoted (~50 piety) in roughly 12 days at steady honest play without perfect play; piety tiers are Seeker=25, Devoted=50, Champion=85.",BETA,PDV_RaceContractTemplate.md § Shared engine table; § Reward shape tier table,source,grep PIETY_DAILY_MAX_DELTA GAIN_RATE_SCALE in PDV__ManagerQuest.psc,,roster,UNVERIFIED
BC-0507,pacing,ALL,Persistent substrates express identity not power,"Persistent substrates must mostly express identity, maintenance, recovery, environmental fit, or utility; they must not become strong standalone boon engines independent of the foreground patron/path/mode layer.",BETA,"PDV_RaceRewardBudgetLedger.md — Budget Rules section, rule 2",runtime-status,,,rewards,UNVERIFIED
BC-0508,pacing,ALL,Shared offer gate threshold,"All formal patron offer races (Nord, Imperial, Breton, Dunmer, Altmer, Redguard) must use the global formal-offer gate: dawn-only evaluation, 50 persistent piety default, qualifying signal activity on 2+ separate in-game days within 7, per-deity cooldowns, no persistent offer queue.",BETA,Devotion_Races_Overview.md — Patron commitment comes from the god; PDV_RaceDesign_Dunmer.md Focus gate (LOCKED),source,ProcessDawn() offer gate shared across racial implementations,,race-sheets,UNVERIFIED
BC-0509,pacing,ALL,T1 magnitudes are provisional pending holistic review,All T1 reward magnitudes are provisional and may only be changed after the affected race has a completed holistic row in PDV_RaceEffectReviewLedger.md and runtime/manual proof in the manual evidence ledger.,BETA,PDV_RaceEffectReviewLedger.md — Review Rules,data,,,rewards,UNVERIFIED
BC-0510,pacing,Argonian,Hist – leaky floor,"Argonian Hist decays −1/dawn after 3 maintenance-free days with floor 20; this is the sanctioned-slow exception (leaky floor, not a multiplier). With diligent water/rest maintenance, Argonian climbs near-default; neglect stalls the climb.",BETA,PDV_SignalDensityAudit.md – Argonian — leaky Hist floor (not a multiplier),source,"Check Hist decay logic: -1/dawn after 3-day gap, floor 20.",,signals,UNVERIFIED
BC-0511,pacing,Bosmer,Old Contract forced reckoning,Three consecutive in-game days at Apostate GPC (0-19) must fire a Y'ffre confrontation scene (re-commit or renounce choice); second renunciation permanently freezes Y'ffre ledger and disables Old Contract toggle; re-entry permitted exactly once with GPC initialized at 20.,BETA,PDV_RaceDesign_Bosmer.md — GreenPactCompliance State Model (LOCKED) — Forced reckoning,source,Apostate day-counter + reckoning dialogue quest,,race-sheets,UNVERIFIED
BC-0512,pacing,Imperial,Talos path,Imperial Talos path is sanctioned-slow by design (rare costly-defiance acts); this is deliberate and not a density gap to fix.,BETA,PDV_SignalDensityAudit.md – Verdict table row: Imperial → Talos path,data,,Not a gap; politically expensive by design. Feeds ConcordatStanding gate.,signals,UNVERIFIED
BC-0513,pacing,Nord,Nord primary offer system,"Primary patron offers must evaluate at dawn only, require 50 persistent piety + qualifying signal activity on 2+ separate in-game days within the last 7 days + no offer cooldown; offer the highest recent signal-strength god first.",BETA,PDV_RaceDesign_Nord.md — Primary-offer gate (LOCKED),source,ProcessDawn() offer evaluation logic for Nord,,race-sheets,UNVERIFIED
BC-0514,pacing,Orc,Malacath – City mode,"Orc City mode accrues at 0.75 × base (2.5/day effective), yielding default Observant/Faithful/Devoted at day 10/20/34 – sanctioned-slow by design.",BETA,PDV_SignalDensityAudit.md – Orc life-mode multipliers (now pinned down),data,Check Orc mode multiplier constant for City = 0.75.,,signals,UNVERIFIED
BC-0515,pacing,Orc,Malacath – Legion/Exile mode,"Orc Legion/Exile mode accrues at 0.60 × base (2.0/day effective), yielding default Observant/Faithful/Devoted at day 13/25/43 – the deliberately hardest climb in the mod.",BETA,PDV_SignalDensityAudit.md – Orc life-mode multipliers (now pinned down),data,Check Orc mode multiplier constant for Legion/Exile = 0.60.,,signals,UNVERIFIED
BC-0516,pacing,Orc,Malacath – Stronghold mode,"Orc Stronghold mode accrues at 1.00 × base (3.3/day), yielding default Observant/Faithful/Devoted at day 8/15/26 with no prayer floor.",BETA,PDV_SignalDensityAudit.md – Orc life-mode multipliers (now pinned down),data,Check Orc mode multiplier constant for Stronghold = 1.00.,,signals,UNVERIFIED
BC-0517,pacing,Orc,Mode ceiling multipliers,"Orc mode ceiling must be implemented as piety-per-day rate multiplier applied AFTER the dawn clamp: Stronghold x1.00, City x0.75, LegionExile x0.60 of base rate. Passive decay must NOT be mode-scaled (stays universal 0.5/day). Thresholds 25/50/85 are identical across modes.",BETA,PDV_RaceDesign_Orc.md — Mode ceiling implementation (LOCKED),source,ORC_RATE_MULT_STRONGHOLD/CITY/LEGIONEXILE constants in ProcessDawn,,race-sheets,UNVERIFIED
BC-0518,substrate,Argonian,PDV_Substrate_ArgonianHist,PDV_Substrate_ArgonianHist must own all three visible layers (Hist/People/Void) under StorageUtil prefix PDV.Substrate.ArgonianHist.*; canonical keys: Hist/People/Void/Tier/LastHistEvent/LastPeopleEvent/LastVoidEvent/LastMaintenanceDay/SithisSignalCount/BedOfChoiceSleepCount/BedOfChoiceLastSleep.,BETA,PDV_RaceDesign_Argonian.md — Single layered substrate (LOCKED) + Storage namespace (LOCKED),esp,PDV.Substrate.ArgonianHist.* StorageUtil keys,,race-sheets,UNVERIFIED
BC-0519,substrate,Argonian,PDV_Substrate_ArgonianHist substrate boon triad,"PDV_Substrate_ArgonianHist must have three populated slot spells: Substrate_Always (PDV_Bless_Argonian_Substrate_Always, ResistDisease 5%), Substrate_Mid (PDV_Bless_Argonian_Substrate_Mid, HealRateMult 6% near water + ResistPoison 10%), Substrate_High (PDV_Bless_Argonian_Substrate_High, HealRateMult 9% near water + ResistDisease 15% + ResistPoison 15%).",BETA,PDV_ArgonianRewardRecords.spec.json § substrateBoons slots,esp,housecarl read PDV_Substrate_ArgonianHist substrate slot properties; confirm spell editorIds and magnitudes,,roster,UNVERIFIED
BC-0520,substrate,Dunmer,Ancestor ash-prayer (PDV_Substrate_DunmerAncestor),PDV_Substrate_DunmerAncestor must be always-active for all Dunmer with keys Metric/Tier/LastEvent/PrayerCount/HomeCount/Posture; PDV_State_DunmerAncestorPosture uses Normal=0/Strained=1/Silent=2/RestoredScarred=3; no passive decay — portable shrine assumed maintained.,BETA,PDV_RaceDesign_Dunmer.md — Ancestor substrate implementation (LOCKED) + Ancestor posture enum (LOCKED),esp,PDV.Substrate.DunmerAncestor.* StorageUtil keys,,race-sheets,UNVERIFIED
BC-0521,substrate,Dunmer,PDV_Substrate_DunmerAncestor substrate boon triad,"PDV_Substrate_DunmerAncestor must have three populated slot spells: Substrate_Always (PDV_Bless_Dunmer_Substrate_Always, ResistMagic 3%), Substrate_Mid (PDV_Bless_Dunmer_Substrate_Mid, MagickaRateMult 6% home/shrine + ResistMagic 6%), Substrate_High (PDV_Bless_Dunmer_Substrate_High, MagickaRateMult 9% home/shrine + ResistMagic 12% + HealRateMult 5% home/shrine); NO passive dawn decay.",BETA,PDV_DunmerRewardRecords.spec.json § substrateBoons slots; § decayRule 'NO passive dawn decay',esp,,,roster,UNVERIFIED
BC-0522,substrate,Khajiit,Lunar substrate (PDV_Substrate_KhajiitLunar),PDV_Substrate_KhajiitLunar must be always-active for all Khajiit using StorageUtil prefix PDV.Substrate.KhajiitLunar.* with keys Metric/Tier/LastEvent/LastPhase/ObservanceCount/RoadHomeCount; hybrid moon model must provide small per-phase activity bonuses plus full-cycle consistency bonus.,BETA,PDV_RaceDesign_Khajiit.md — Substrate namespace (LOCKED) + Moon-cycle model (LOCKED),esp,PDV.Substrate.KhajiitLunar.* StorageUtil keys,,race-sheets,UNVERIFIED
BC-0523,substrate,Khajiit,PDV_Substrate_KhajiitLunar substrate boon triad,"PDV_Substrate_KhajiitLunar must have three populated slot spells: Substrate_Always (PDV_Bless_Khajiit_Substrate_Always, ResistDisease 5%), Substrate_Mid (PDV_Bless_Khajiit_Lunar_T1 07103F rehomed, night StaminaRateMult 5% + ResistDisease 15%), Substrate_High (PDV_Bless_Khajiit_Substrate_High, night StaminaRateMult 8% + ResistDisease 15% + MagickaRateMult 5%).",BETA,PDV_KhajiitRewardRecords.spec.json § substrateBoons slots,esp,"housecarl read PDV_Substrate_KhajiitLunar Substrate_Mid; confirm it points to 07103F (existing record, rehomed)",,roster,UNVERIFIED
BC-0524,substrate,Redguard,Far Shores token support spell,"PDV_Bless_Redguard_FarShoresToken must exist as a support spell (ResistMagic 5%, unconditional V1) with daily anti-farm cap; it is NOT a third always-on boon family; all copy must say Tu'whacca and Far Shores, never Arkay.",BETA,PDV_RedguardRewardRecords.spec.json § farShoresToken,esp,,,roster,UNVERIFIED
BC-0525,state_track,Altmer,PDV_State_AltmerCrisis,"PDV_State_AltmerCrisis must use values None=0/Dissonant=1/Questioning=2/Reasserting=3/ScarredResolved=4; must fire on Dragonborn declaration, Sovngarde/Tsun reality, marriage/mortal continuity, and Companions/Wuuthrad/beast fork; replaces normal Lorkhan penalty for major theological collisions.",BETA,PDV_RaceDesign_Altmer.md — Crisis State And Resolution Closeout (LOCKED 2026-05-30),esp,PDV_State_AltmerCrisis global + crisis trigger handlers,,race-sheets,UNVERIFIED
BC-0526,state_track,Argonian,Argonian Hist substrate and posture state,"PDV_Substrate_ArgonianHist and PDV.Substrate.ArgonianHist.* key contract must exist; PDV_State_ArgonianHistPosture must have enum values Normal, Distant, Strained, Silenced, Corrupted; Sithis signal counter must require at least three significant signals across separate quest beats/days before full Void scoring.",BETA,"PDV_RaceRewardBudgetLedger.md — Focused Pass: Argonian, Needs verifier/proof",esp,StorageUtil keys PDV.Substrate.ArgonianHist.*; Sithis counter threshold = 3 separate signals,,rewards,UNVERIFIED
BC-0527,state_track,Argonian,PDV_State_ArgonianHistPosture,PDV_State_ArgonianHistPosture must use Normal=0/Distant=1/Strained=2/Silenced=3/Corrupted=4; low uncursed Hist becomes Distant; active lycanthropy sets Strained; active vampirism sets at least Silenced; vampirism plus Molag Bal/domination/feeding pressure may set Corrupted.,BETA,PDV_RaceDesign_Argonian.md — Curse posture enum (LOCKED),esp,PDV_State_ArgonianHistPosture global,,race-sheets,UNVERIFIED
BC-0528,state_track,Bosmer,Bosmer path state enum,"PDV_State_BosmerPath must exist with enum values OldContract, LivingStory, Exchange, BanditRoad; fallback is LivingStory; Old Contract must be separate from PactBound, GreenPactCompliance, and LapsedFromPact.",BETA,"PDV_RaceRewardBudgetLedger.md — Focused Pass: Bosmer, Needs verifier/proof",esp,StorageUtil key PDV_State_BosmerPath,,rewards,UNVERIFIED
BC-0529,state_track,Bosmer,PDV_State_BosmerPath,PDV_State_BosmerPath enum (OldContract=0/LivingStory=1/Exchange=2/BanditRoad=3) must exist; fallback is LivingStory; exactly one path active at a time selecting the eligible reward family.,BETA,PDV_BosmerRewardRecords.spec.json § stateGate enum; § baseline.stateTrack,esp,,,roster,UNVERIFIED
BC-0530,state_track,Breton,Breton tradition state enum and three standing tracks,"PDV_State_BretonTradition must exist with enum values KnightsRoad, HiddenArt, GreenWay; KnightlyVowIntegrity, WitchcraftExposure, DruidicStanding, and PDV_State_BretonDruidicFork must all have verifiable band/state readback; normal tradition switching is blocked in 1.0.",BETA,"PDV_RaceRewardBudgetLedger.md — Focused Pass: Breton, Needs verifier/proof",esp,"StorageUtil keys for PDV_State_BretonTradition, KnightlyVowIntegrity, WitchcraftExposure, DruidicStanding, BretonDruidicFork",,rewards,UNVERIFIED
BC-0531,state_track,Breton,DruidicStanding,"DruidicStanding must exist as a 0-100 pressure track (starts at 50); PDV_State_BretonDruidicFork must use values None=0/Druidic=1/Werewolf=2/Betrayed=3. DruidicStanding modifies access/penalty only and is not a boon track.",BETA,PDV_RaceDesign_Breton.md — DruidicStanding + PDV_State_BretonDruidicFork lock,esp,PDV_RepTrack_DruidicStanding + PDV_State_BretonDruidicFork StorageUtil keys,,race-sheets,UNVERIFIED
BC-0532,state_track,Breton,KnightlyVowIntegrity,"KnightlyVowIntegrity must exist as a 0-100 track (starts at 100 for Knight's Road); must degrade on Thieves Guild join (-30), Dark Brotherhood join (-40), innocent kills (-15/event), quest abandonment (-10); must suppress all Knight's Road gains below 50 and halt at 0 until restored above 25.",BETA,PDV_RaceDesign_Breton.md — KnightlyVowIntegrity Track,esp,PDV_RepTrack_KnightlyVowIntegrity StorageUtil key,,race-sheets,UNVERIFIED
BC-0533,state_track,Breton,PDV_State_BretonTradition + pressure tracks,"PDV_State_BretonTradition enum (KnightsRoad=0/HiddenArt=1/GreenWay=2) must resolve selecting exactly one active focused family; PDV_RepTrack_KnightlyVowIntegrity, PDV_RepTrack_WitchcraftExposure, and PDV_RepTrack_DruidicStanding must exist as pressure-only tracks (not boon tracks); PDV_State_BretonDruidicFork (None/Druidic/Werewolf/Betrayed) must exist.",BETA,PDV_BretonRewardRecords.spec.json § stateTracks; § overstackControl,esp,housecarl read each rep-track; confirm no boon grant tied to them,,roster,UNVERIFIED
BC-0534,state_track,Breton,WitchcraftExposure,"WitchcraftExposure must exist as a global 0-100 track (starts at 0) active for ALL Bretons regardless of tradition; bands Hidden/Suspected/Known/Notorious must modify daily shift (x0.9/x0.75/x1.25 respectively); raises from Daedric quests (+15), Vigilant catch (+20), Tier 2 Daedric (+10), killing Vigilant (+25).",BETA,PDV_RaceDesign_Breton.md — WitchcraftExposure Track (LOCKED),esp,PDV_RepTrack_WitchcraftExposure StorageUtil key,,race-sheets,UNVERIFIED
BC-0535,state_track,Dunmer,Dunmer ancestor substrate and posture state,"PDV_Substrate_DunmerAncestor and PDV.Substrate.DunmerAncestor.* key contract must exist; PDV_State_DunmerAncestorPosture must have enum values Normal, Strained, Silent, RestoredScarred; no passive decay; focus uses shared patron state not a Dunmer path enum.",BETA,"PDV_RaceRewardBudgetLedger.md — Focused Pass: Dunmer, Needs verifier/proof; PDV_RaceEffectReviewLedger.md — Dunmer baseline",esp,StorageUtil keys PDV.Substrate.DunmerAncestor.*; posture key PDV_State_DunmerAncestorPosture,,rewards,UNVERIFIED
BC-0536,state_track,Imperial,Imperial ConcordatStanding band readback,"PDV_RepTrack_ConcordatStanding must have verifiable band readback including Uncommitted, Private Defiant, Open Defiant, Public Compliant, and Concordat Enforcer; Talos offer filters by standing must be wired; costly-defiance rupture moves compliant characters at least to Private Defiant on acceptance.",BETA,"PDV_RaceRewardBudgetLedger.md — Focused Pass: Imperial, Needs verifier/proof",esp,StorageUtil key PDV_RepTrack_ConcordatStanding; 5-band enum,,rewards,UNVERIFIED
BC-0537,state_track,Imperial,PDV_RepTrack_ConcordatStanding,ConcordatStanding (PDV_RepTrack_ConcordatStanding) must exist with bands Uncommitted/PrivateDefiant/OpenDefiant/PublicCompliant/ConcordatEnforcer and must modify Talos access/offer-priority/pressure; it must NOT pay a parallel boon track.,BETA,"PDV_ImperialRewardRecords.spec.json § baseline.stateTrack; § budget 'ConcordatStanding modifies, not a parallel buff track'",esp,housecarl read PDV_RepTrack_ConcordatStanding; confirm bands; grep manager for ConcordatStanding boon grant (expect none),,roster,UNVERIFIED
BC-0538,state_track,Khajiit,Khajiit focused emphasis global mirror,"PDV_GLO_KhajiitFocusedEmphasis must exist with enum values: None=0, Khenarthi, Azurah, BaanDar, Rajhin, Alkosh; evaluated at dawn when persistent piety is at least 50 and the leading deity has a 15-piety lead over the next Khajiit deity.",BETA,"PDV_RaceRewardBudgetLedger.md — Focused Pass: Khajiit, Needs verifier/proof",esp,Global EDId PDV_GLO_KhajiitFocusedEmphasis; enum values 0-5,,rewards,UNVERIFIED
BC-0539,state_track,Khajiit,"patron-emergence (silent, no formal offer)",Khajiit patron emergence must be silent – no formal offer fires; patron emerges through behavior. The lunar substrate is always active without a setup choice.,BETA,PDV_Phase20_ExpandedSignalArchitecture.md – B4 Khajiit – Theological context,source,,,signals,UNVERIFIED
BC-0540,state_track,Nord,Nord pantheon baseline state enum,"PDV_State_NordPantheonBaseline must exist with enum values OldWays and NineDivines; broad and focused suppression rules must be wired: broad below focused, accepted patron suppresses competing offers.",BETA,"PDV_RaceRewardBudgetLedger.md — Focused Pass: Nord, Needs verifier/proof",esp,StorageUtil key PDV_State_NordPantheonBaseline; enum 0=OldWays 1=NineDivines,,rewards,UNVERIFIED
BC-0541,state_track,Nord,PDV_State_NordPantheonBaseline,PDV_State_NordPantheonBaseline enum (OldWays=0/NineDivines=1) must exist; the active value must select which pantheon's gods are offer-eligible; commitment uses shared PDV_GLO_PatronState/PDV_GLO_PatronDeity.,BETA,PDV_NordRewardRecords.spec.json § authoringPlan.baseline.stateTrack,esp,housecarl read PDV_State_NordPantheonBaseline; confirm enum values,,roster,UNVERIFIED
BC-0542,state_track,Orc,Malacath – PDV_State_OrcLifeMode,A PDV_State_OrcLifeMode state tracker must exist that records the active Orc life mode (Stronghold/City/Legion-Exile) at event time so the EventBus routing function can apply the correct piety multiplier.,BETA,PDV_Phase20_ExpandedSignalArchitecture.md – B5 Orc – PDV_FLST_P2_OrcMalacathSources route note,source,PDV_Player alias or global: PDV_State_OrcLifeMode property wired.,,signals,UNVERIFIED
BC-0543,state_track,Orc,Orc life-mode state enum and global mirror,"PDV_State_OrcLifeMode and PDV_GLO_State_OrcLifeMode must exist with enum values City=0, Stronghold=1, LegionExile=2; mode switch gates must be enforced (Blood-Kin for Stronghold, pressure-bearing service for Legion/Exile, City as fallback); three-day soft-switch lockout.",BETA,"PDV_RaceRewardBudgetLedger.md — Focused Pass: Orc, Needs verifier/proof",esp,GLOB PDV_GLO_State_OrcLifeMode; StorageUtil OrcLifeMode keys,,rewards,UNVERIFIED
BC-0544,state_track,Orc,PDV_State_OrcLifeMode,"PDV_State_OrcLifeMode enum (City=0/Stronghold=1/LegionExile=2) must resolve; skeleton scaffold state track and global mirror PDV_GLO_OrcLifeMode must be referenced (not recreated); mode multipliers locked: Stronghold x1.00, City x0.75, LegionExile x0.60.",BETA,PDV_OrcRewardRecords.spec.json § stateSurfaces; § notes mode ceiling rate multipliers LOCKED,esp,,,roster,UNVERIFIED
BC-0545,state_track,Redguard,PDV_State_RedguardSect,"PDV_State_RedguardSect enum (Crown=0/Forebear=1/AshAbah=2) must resolve with fallback Forebear; skeleton scaffold must be referenced (not recreated); sect is eligibility/filter layer, not a boon stack.",BETA,PDV_RedguardRewardRecords.spec.json § stateTrack,esp,,,roster,UNVERIFIED
BC-0546,state_track,Redguard,Redguard sect state enum,"PDV_State_RedguardSect must exist with enum values Crown=0, Forebear=1, AshAbah=2 and fallback Forebear; Far Shores token activation and Arkay fallback copy must say Tu'whacca; no private/home bonus ships in V1.",BETA,"PDV_RaceRewardBudgetLedger.md — Focused Pass: Redguard, Needs verifier/proof",esp,StorageUtil key PDV_State_RedguardSect; fallback = 1 (Forebear),,rewards,UNVERIFIED
BC-0547,curse_daedric,ALL,Daedric price axis disjoint from boon axis,No Daedric price axis may equal any of that Prince's boon axes at any tier; every price effect's actorValue must be disjoint from that Prince's boon actorValues; this invariant is enforced in pdv_generate_daedric_contract.mjs.,BETA,PDV_RaceEffectReviewLedger.md — Daedric Price-Axis Retune section,source,PRINCE_META[stem].price actorValues must not appear in PRINCE_META[stem].boons[].effects[].actorValue; run: pdv_generate_daedric_contract.mjs --check,,rewards,UNVERIFIED
BC-0548,curse_daedric,ALL,Daedric price must impose genuine net cost,Daedric price spells must impose a genuine net cost unlike Aedra blessings; the price effect must not be a strictly smaller version of the same boon axis (which would net positive).,BETA,PDV_RaceEffectReviewLedger.md — Daedric Price-Axis Retune section,data,,,rewards,UNVERIFIED
BC-0549,curse_daedric,ALL,Daedric price spread cap ~3 per axis,"Daedric price axes must be spread across Prince-specific attributes with a cap of approximately 3 axes, so each Prince's cost feels distinctive and not a shared generic tax.",BETA,PDV_RaceEffectReviewLedger.md — Daedric Price-Axis Retune section,data,,,rewards,UNVERIFIED
BC-0550,curse_daedric,ALL,Hircine,"Hircine commitment slot must be a curse-onset message fired by the curse-state module on lycanthropy acquisition, not a 3-signal pact counter; no CommitmentSignalsRequired counting applies.",BETA,PDV_Daedric_DecisionPacket_CAT4.md D-16.1 'Curse-access treatment' table; D-16.3 Hircine head start,source,PDV_DaedricPath_Hircine script has no commitmentSignalsRequired counter; curse-onset fires via Phase 15 curse-state module,,daedric,UNVERIFIED
BC-0551,curse_daedric,ALL,Hircine,"Hircine boon, price, tier-up notifications, and per-race response rows must be authored normally (same template as standard Princes), coordinating with but not duplicating the race manifest CurseState rows.",BETA,PDV_Daedric_DecisionPacket_CAT4.md D-16.1 'Boon/price/tier-up/per-race response: authored normally'; D-16.2 coordination rule,esp,SPEL PDV_Bless_Daedric_Hircine_* and PDV_Price_Daedric_Hircine_* all present; no slot collision with race *_CurseState_* rows,,daedric,UNVERIFIED
BC-0552,curse_daedric,ALL,Hircine,"Hircine exit slot must be the cure path message, not a renounce verb; the cure starts recovery and rites/authored beats complete it per D-13 mixed recovery.",BETA,PDV_Daedric_DecisionPacket_CAT4.md D-16.1 'Exit (renounce): Cure path (D-13 mixed recovery)',source,"PDV_Msg_Daedric_Hircine_Exit text frames cure/recovery, not renunciation; no 'renounce' verb",,daedric,UNVERIFIED
BC-0553,curse_daedric,ALL,Hircine,"Hircine must not double-fire with the race manifest per-race CurseState rows; the curse-onset and cure messages are owned by the curse-state module (Phase 15), not the Daedric Prince path script.",BETA,PDV_Daedric_DecisionPacket_CAT4.md D-16.2 'Coordination rule (no double-fire)',source,No slot PDV_Msg_Daedric_Hircine_* duplicates a race *_CurseState_* record; verifier checks no slot collision,,daedric,UNVERIFIED
BC-0554,curse_daedric,ALL,Hircine – lycanthropy,"Hircine curse-access path: embrace_lycanthropy(C) approving act is the curse itself; must be handled by the curse layer, not normal piety gain. Ongoing beast-blood state must not be a repeated passive gain loop.",BETA,PDV_QuestReactionMatrix.md – Part C2 CURSE-ACCESS; PDV_RaceSignalMatrix.csv – Orc/Breton curse pressure,source,,,signals,UNVERIFIED
BC-0555,curse_daedric,ALL,Molag Bal,"Molag Bal commitment slot must be reframed as a curse-access commitment message fired when the player has kept vampirism through 3 available cure opportunities, not a standard 3-signal pact counter.",BETA,PDV_DaedricBatch0_D18ProofLedger.md 'Molag Bal uses curse-access commitment reframe'; PDV_Daedric_DecisionPacket_CAT4.md D-16.1,source,"PDV_DaedricPath_Molag script uses vampirism-based trigger, not commitmentSignalsRequired counter",,daedric,UNVERIFIED
BC-0556,curse_daedric,ALL,Molag Bal,"Molag Bal stigma rows must be driven by curse-state visibility (vampirism known/notorious), not by per-act stigma accrual; the path uses curse-state display rows coordinated with the race manifest.",BETA,PDV_DaedricBatch0_D18ProofLedger.md 'Molag Bal rows are display text only and must be curse-state driven'; PDV_Daedric_DecisionPacket_CAT4.md D-16.1,source,No per-act stigma increment calls in PDV_DaedricPath_Molag; stigma notifications keyed off curse-state band,,daedric,UNVERIFIED
BC-0557,curse_daedric,ALL,Molag Bal,Molag Bal must not double-fire with race manifest CurseState rows; no slot collision between PDV_Msg_Daedric_Molag_* and any race *_CurseState_* records.,BETA,PDV_DaedricBatch0_D18ProofLedger.md 'Prove no double-fire with race CurseState rows'; PDV_Daedric_DecisionPacket_CAT4.md D-16.2,source,pdv_content_verify.mjs reports no slot collision; runtime checker --source qasmoke shows no duplicate message fire,,daedric,UNVERIFIED
BC-0558,curse_daedric,ALL,Molag Bal,Molag Bal exit slot (PDV_Msg_Daedric_Molag_Exit) must frame the cure path and state that the vampiric authority withdraws but the curse itself may remain; residue language required per D-15.3.,BETA,PDV_DaedricPrinceRecordContracts.json Molag Bal Msg_Exit text; PDV_Daedric_DecisionPacket_CAT4.md D-16.1 exit treatment,esp,"MSG PDV_Msg_Daedric_Molag_Exit present, messageBox=true; text distinguishes Prince favor withdrawal from curse removal",,daedric,UNVERIFIED
BC-0559,curse_daedric,ALL,Molag Bal – vampirism,Molag Bal curse-access path: embrace_vampirism(C) approving act is the curse itself; handled by the curse layer only. Argonian vampire state must register as a Hist grief-rupture (deepest grief state in the mod).,BETA,PDV_QuestReactionMatrix.md – Part C2 CURSE-ACCESS; PDV_RaceSignalMatrix.csv – Argonian / Hist under pressure,source,,,signals,UNVERIFIED
BC-0560,curse_daedric,Altmer,Altmer vampire exile + werewolf hard halt,PDV_Msg_Altmer_VampireExiledPath_Entry and PDV_Msg_Altmer_VampireExiledPath_Recognition must exist blocking full orthodox restoration while cursed; PDV_Msg_Altmer_CurseState_WerewolfHardHalt must exist halting advancement while werewolf.,BETA,PDV_AltmerRewardRecords.spec.json § curseAndExile,esp,housecarl read each message record by editorId,,roster,UNVERIFIED
BC-0561,curse_daedric,Altmer,Altmer vampire terminal/exile-limited and werewolf hard halt,Cursed Altmer vampire must be clearly terminal or exile-limited — not fully restored orthodoxy; werewolf invokes a hard halt to devotion; these curse states must have wired message/surface records and suppress the positive Auri-El reward lane.,BETA,"PDV_RaceRewardBudgetLedger.md — Focused Pass: Altmer, Post-1.0 and Reward ceiling; PDV_RaceEffectReviewLedger.md — Altmer coherence baseline row, curse/Daedric",source,,,rewards,UNVERIFIED
BC-0562,curse_daedric,Altmer,Vampire (no restoration),"Altmer vampirism must close Auri-El entirely; the live beta path is exile pressure with a scar flag and recognition message, not a restorative state-track record.",BETA,PDV_RaceDesign_Altmer.md — Curse State Summary / Vampire; live beta implementation uses PDV.Altmer.VampireExileActive and PDV.Altmer.VampireExileScar StorageUtil keys,source,ApplyAltmerCurseHandlers,,race-sheets,UNVERIFIED
BC-0563,curse_daedric,Altmer,Werewolf (full halt),Altmer werewolfism must halt devotion entirely — not even Tier 1 heretical cap; no path forward in any direction; requires clean werewolf-state detection not relying on transformation animation.,BETA,PDV_RaceDesign_Altmer.md — Curse State Summary / Werewolf,source,PDV werewolf state flag check for Altmer in ProcessDawn,,race-sheets,UNVERIFIED
BC-0564,curse_daedric,Argonian,Argonian vampire = deep grief / Corrupted posture,Argonian vampire state must set Hist posture to Corrupted; lycanthropy sets Strained; both are explicit curse postures that suppress normal Hist reward layers; the posture enum must be verifiable.,BETA,PDV_RaceEffectReviewLedger.md — Khajiit section note cross-referencing Argonian; PDV_RaceRewardBudgetLedger.md — Focused Pass: Argonian,source,"PDV_State_ArgonianHistPosture enum: Normal, Distant, Strained, Silenced, Corrupted",,rewards,UNVERIFIED
BC-0565,curse_daedric,Argonian,Vampire (all layers compromised),"Argonian vampirism must compromise all three layers simultaneously: Hist relation collapses toward silence/corruption, community belonging damaged (vampirism makes belonging dangerous), Sithis becomes more available but not automatically good. Explicit notification must surface (not just mechanical silence).",BETA,PDV_RaceDesign_Argonian.md — Curse State Summary / Vampire + Implementation flags,source,,,race-sheets,UNVERIFIED
BC-0566,curse_daedric,Argonian,Werewolf (Strained),Argonian werewolfism must set HistPosture to Strained; Hist relation strained but not collapsed; community can still recognize player (less destructive than vampirism); mostly neutral to Sithis; Argonian theology has more room for shape-complexity — not theologically annihilating.,BETA,PDV_RaceDesign_Argonian.md — Curse State Summary / Werewolf + Curse split (LOCKED),source,,,race-sheets,UNVERIFIED
BC-0567,curse_daedric,Breton,Green Way Druidic Trial,"First werewolf transformation for a Green Way Breton must fire a one-time Druidic Trial dialogue: 'beast serves the Green' resumes Y'ffre at full rate (Hircine unavailable) vs 'Hircine's gift' (Druidic fork betrayal pressure begins, Hircine drift starts, WitchcraftExposure rises).",FUTURE,PDV_RaceDesign_Breton.md — Druidic Trial details (Green Way + Werewolf only),source,PDV_State_BretonDruidicFork + Druidic Trial quest/dialogue,[auto-demoted: matches explicit descope],race-sheets,UNVERIFIED
BC-0568,curse_daedric,Breton,Hidden Art Vampire,Hidden Art Breton vampire must retain partial Volkihar/witch-mother acceptance; Daedric patron (Molag Bal adjacent) must remain accessible; no positive Daedra scoring halt.,BETA,PDV_RaceDesign_Breton.md — Curse State Summary / Vampire / Hidden Art,source,,,race-sheets,UNVERIFIED
BC-0569,curse_daedric,Breton,Knight's Road Vampire,Vampire state for Knight's Road Breton must lose Nine Divines and knightly oaths — no positive substitute available; KnightlyVowIntegrity must degrade on transformation.,BETA,PDV_RaceDesign_Breton.md — Curse State Summary / Vampire / Knight's Road,source,,,race-sheets,UNVERIFIED
BC-0570,curse_daedric,Dunmer,Dunmer ancestor silence / RestoredScarred posture on vampire cure,Dunmer ancestor posture must include RestoredScarred state for vampire cure/restoration; ancestor substrate must not passively decay in Skyrim; deviation prices route through global Daedric system.,BETA,"PDV_RaceEffectReviewLedger.md — Dunmer layered baseline row, curse/Daedric; PDV_RaceRewardBudgetLedger.md — Focused Pass: Dunmer",source,"PDV_State_DunmerAncestorPosture enum: Normal, Strained, Silent, RestoredScarred",,rewards,UNVERIFIED
BC-0571,curse_daedric,Dunmer,Vampire,"Dunmer vampirism must set ash-prayer to SILENT (Layer 1 events weighted at zero); Layer 2 Good Daedra path weight increases (Boethiah and Mephala fully reachable; Molag Bal available as new primary via Daedric system); on cure, ash-prayer restores with permanent piety/tier scar.",BETA,PDV_RaceDesign_Dunmer.md — Curse State Summary / Vampire + PDV_State_DunmerAncestorPosture,source,DunmerAncestorPosture == Silent during vampirism; restoration on cure sets RestoredScarred,,race-sheets,UNVERIFIED
BC-0572,curse_daedric,Dunmer,Werewolf,Dunmer werewolfism must set ancestor posture to Strained: Layer 1 events continue at 50% weight; Layer 2 continues at 75%; no alternative path opens. Telvanni exception: Telvanni-associated acts in log reduce werewolf penalty slightly (minor weight modifier only).,BETA,PDV_RaceDesign_Dunmer.md — Curse State Summary / Werewolf,source,,,race-sheets,UNVERIFIED
BC-0573,curse_daedric,Imperial,Vampire,"Imperial vampirism must halt Divine devotion entirely (not reduce — halt); ConcordatStanding no longer matters religiously; on cure, Divine devotion resumes at a lowered starting floor with one-time state tracking, no full restoration.",BETA,PDV_RaceDesign_Imperial.md — Curse State Summary / Vampire,source,PDV_State_ImperialVampireHistory flag,,race-sheets,UNVERIFIED
BC-0574,curse_daedric,Khajiit,Khajiit ShadowDrift boundary: not triggered by ordinary night behavior,"Khajiit ShadowDrift posture must only be triggered by dominant Nocturnal/shadow behavior; ordinary night travel, ordinary stealth, and ordinary moon observance must NOT set ShadowDrift.",BETA,"PDV_RaceRewardBudgetLedger.md — Focused Pass: Khajiit, Needs verifier/proof; PDV_RaceEffectReviewLedger.md — Khajiit lunar baseline, rejected hooks",source,"PDV_State_KhajiitLunarPosture enum values: Normal, Strained, Corrupted, ShadowDrift; rejected triggers tested",,rewards,UNVERIFIED
BC-0575,curse_daedric,Khajiit,Vampire (Corrupted posture),Active Khajiit vampirism must set PDV_State_KhajiitLunarPosture to Corrupted=2; lunar substrate weakened but not destroyed; caravan/community compatibility reduces sharply; Nocturnal drift increases as shadow substitute; community belonging damaged.,BETA,PDV_RaceDesign_Khajiit.md — Vampire posture (LOCKED) + Curse State Summary,source,KhajiitLunarPosture == Corrupted on vampirism activation,,race-sheets,UNVERIFIED
BC-0576,curse_daedric,Khajiit,Werewolf (Strained posture),Active Khajiit lycanthropy must set PDV_State_KhajiitLunarPosture to Strained=1; lunar substrate mostly intact; Hircine adds a competing shape without severing identity; caravan/community belonging damaged; ShadowDrift (=3) must NOT be triggered by ordinary night travel or stealth.,BETA,PDV_RaceDesign_Khajiit.md — Werewolf posture (LOCKED) + ShadowDrift boundary (LOCKED),source,,,race-sheets,UNVERIFIED
BC-0577,curse_daedric,Nord,Hircine,Werewolf state must open Hircine pressure path with Sovngarde vs Hunting Grounds tension; Shor/Tsun/Stuhn piety gain reduced while transformed or in active Companions werewolf arc; cure/renounce starts readable hunt-residue recovery.,BETA,PDV_RaceDesign_Nord.md — Curse State Summary / Phase 13 lock (LOCKED),source,PDV_State_NordCurse or CurseState tracking + Hircine path,,race-sheets,UNVERIFIED
BC-0578,curse_daedric,Nord,Nord Hircine is a focused Daedric lane not a broad booster,Hircine is the first full Nord Daedric path and must remain a separate focused Daedric lane; it must not auto-stack with Nord Old Ways T1 or be treated as a broad Pantheon booster; vampire rupture suppresses broad favors.,BETA,"PDV_Phase20_RewardRecordContracts.json — Nord entry, daedricInteraction; PDV_RaceEffectReviewLedger.md — Nord broad lane row",source,,,rewards,UNVERIFIED
BC-0579,curse_daedric,Nord,Vampire path,"Active vampirism must sever Sovngarde afterlife claim: Shor/Tsun path weight significantly reduced; Kyne, Mara, Arkay all weakened; cure restores access but leaves permanent scar (reduced ceiling) on Sovngarde path.",BETA,PDV_RaceDesign_Nord.md — Curse State Summary / Vampire,source,,,race-sheets,UNVERIFIED
BC-0580,curse_daedric,Orc,Vampire,Orc vampirism must result in near-total collapse of normal Orc belonging; exile from stronghold acceptance; Malacath devotion becomes hollow or nonfunctional; no real positive Orc theological replacement.,BETA,PDV_RaceDesign_Orc.md — Curse State Summary / Vampire,source,,,race-sheets,UNVERIFIED
BC-0581,curse_daedric,Orc,Werewolf (conditional),Orc werewolfism must allow conditional acceptance depending on proven strength and control; Malacath judges the beast by same criteria as the Orc (forge/oath/community); still readable through Malacath's code; not a free positive buff — requires demonstrated strength/discipline.,BETA,PDV_RaceDesign_Orc.md — Curse State Summary / Werewolf,source,,,race-sheets,UNVERIFIED
BC-0582,curse_daedric,Redguard,Vampire (near-total collapse),"Redguard vampirism must cause near-total collapse of Yokudan devotion across all sects; no meaningful positive Yokudan substitute; on cure, restoration must flow through Tu'whacca FIRST (proper mortality re-entry sequence) before any specific primary god rededication can resume.",BETA,PDV_RaceDesign_Redguard.md — Curse State Summary / Vampire + Vampire recovery note,source,RedguardVampireCure restoration arc: Tu'whacca portal-of-re-entry state,,race-sheets,UNVERIFIED
BC-0583,curse_daedric,Redguard,Werewolf (strained),Redguard werewolfism must leave sect/god structure accessible but strained; no true Hircine-integrated Redguard path opens; favor and interpretation strained but not severed; condition is theologically homeless rather than positively integrated.,BETA,PDV_RaceDesign_Redguard.md — Curse State Summary / Werewolf,source,,,race-sheets,UNVERIFIED
BC-0584,runtime_wiring,ALL,All 16 Daedric Princes,"PDV__ManagerQuest must have PDV_FLST_DaedricPaths_All wired as a FormList property, populated with all 16 Prince quest records by pdv-daedric-author.",BETA,PDV_AllRaceDaedricBetaReadinessLedger.md 'Manager FormList property: PDV__ManagerQuest.PDV_FLST_DaedricPaths_All wired by pdv-daedric-author',esp,PDV__ManagerQuest VMAD has property PDV_FLST_DaedricPaths_All bound to correct FLST containing 16 QUST FormIDs,,daedric,UNVERIFIED
BC-0585,runtime_wiring,ALL,All 16 Daedric Princes,"16 QASmoke live sender reference objects (PDV_REFR_Daedric_<Prince>_LiveSender_QASmoke, route-200) must exist and read back to their ACTI bases; MCM Debug 'Route all Princes' must route all 16 EventBus sender cues in one prompt.",BETA,PDV_AllRaceDaedricBetaReadinessLedger.md 'QASmoke proof senders: 16 PDV_REFR_Daedric_<Prince>_LiveSender_QASmoke route-200 refs',esp,Each PDV_REFR_Daedric_<Prince>_LiveSender_QASmoke REFR exists and NAME points to correct ACTI base; MCM page exposes Route-all sender,,daedric,UNVERIFIED
BC-0586,runtime_wiring,ALL,All 16 Daedric Princes,All 16 generated PDV_DaedricPath_<Prince> scripts must compile with 0 errors and 0 warnings; Hircine has pre-existing Phase 13/15 compiled script.,BETA,PDV_AllRaceDaedricBetaReadinessLedger.md 'Compiled scripts: all 15 generated non-Hircine scripts compile 0 error / 0 warning',source,PapyrusCompiler output for all 16 PDV_DaedricPath_<Prince>.psc shows 0 errors / 0 warnings,,daedric,UNVERIFIED
BC-0587,runtime_wiring,ALL,All 16 Daedric Princes,PDV_DaedricRuntimeEvidenceLedger.json must record runtime evidence for each Prince; pdv_daedric_beta_gate.mjs must pass (not PENDING=16) before any Prince is claimed beta-display ready.,BETA,PDV_AllRaceDaedricBetaReadinessLedger.md 'Daedric beta-display gate: tools/pdv_daedric_beta_gate.mjs currently fails closed at PENDING=16',runtime-status,node tools/pdv_daedric_beta_gate.mjs shows PENDING=0; PDV_DaedricRuntimeEvidenceLedger.json has no pending entries,,daedric,UNVERIFIED
BC-0588,runtime_wiring,ALL,Boethiah,Boethiah native Dunmer route must not create a duplicate Daedric response when a Dunmer player completes DA02; the native-integration override must suppress the global Daedric response row.,BETA,PDV_DaedricBatch0_D18ProofLedger.md 'Prove native override does not create duplicate Daedric response',runtime-status,Dunmer DA02 stage 100 activation does not fire PDV_Msg_Daedric_Boethiah_Response_Dunmer; race manifest Dunmer Boethiah message fires instead,,daedric,UNVERIFIED
BC-0589,runtime_wiring,ALL,FLST P2 receiver shells – all 34 races,All 34 PDV_FLST_P2_* receiver shells must be wired across all ten races with PDV_Player alias properties; route entry points in PDV_PlayerEvents.psc must exist for quest-stage routing per the live P2 receiver manifest.,BETA,PDV_Phase20_ExpandedSignalArchitecture.md – Purpose / status note (34 shells wired),esp,PDV_Phase20_P2ImmersiveReceivers.manifest.json – 34 PDV_FLST_P2_* shells; PDV_Player alias must carry all properties.,,signals,UNVERIFIED
BC-0590,runtime_wiring,ALL,Hircine,Hircine content-surface proof must pass without double-firing curse-state rows from Phase 13/15 mechanics; per-race response messages must fire on lycanthropy acquisition without duplicating race manifest CurseState notifications.,BETA,PDV_AllRaceDaedricBetaReadinessLedger.md Batch 3 'Hircine content-surface proof without double-firing curse-state rows',runtime-status,In-game lycanthropy acquisition shows Hircine per-race response but not duplicate CurseState row; log confirms single fire per transition,,daedric,UNVERIFIED
BC-0591,runtime_wiring,ALL,Manager deity property wiring,"PDV__ManagerQuest must have wired deity properties for every new deity QUST (PDV_Akatosh, PDV_Mara, PDV_Arkay, PDV_Stendarr, PDV_Zenithar, PDV_Dibella, PDV_Julianos, PDV_Kynareth, PDV_Shor, PDV_Tsun, PDV_Stuhn, PDV_Magnus, PDV_Xarxes, PDV_Boethiah, PDV_Mephala, PDV_Malacath, PDV_Trinimac, PDV_Hist, PDV_Sithis, PDV_Tuwhacca, PDV_HoonDing, PDV_Leki) plus all reward spell properties.",BETA,PDV_Phase2_DeityRoster_and_ArchitectureRulings.md § R4; all per-race specs § managerDeityProperties and § wiring sections,esp,housecarl read PDV__ManagerQuest; verify all deity + reward spell VMAD property slots resolve,,roster,UNVERIFIED
BC-0592,runtime_wiring,ALL,Molag Bal,Molag Bal curse-state no-double-fire must be verified in controlled proof: acquiring vampirism fires the curse-onset message exactly once without triggering a redundant race CurseState notification.,BETA,PDV_AllRaceDaedricBetaReadinessLedger.md Batch 0 'Molag Bal curse-state no-double-fire proof',runtime-status,QASmoke activation of Molag Bal vampirism path shows single commitment-onset message in log; pdv_daedric_runtime_check --source qasmoke PASS,,daedric,UNVERIFIED
BC-0593,runtime_wiring,ALL,PDV_FavorFamily_KnightJustice – router registration,PDV_FavorFamily_KnightJustice family keyword must be registered in the PDV_ActionRouter constants block; Kill-Actor victim-faction + sneak-flag branch must be wired in PDV_PlayerEvents.psc.,BETA,PDV_TriggerTopups_Exchange_KnightsRoad.md – Integration (per Architecture:287),esp,Grep PDV_ActionRouter for KnightJustice; check Kill-Actor SM handler for faction + sneak-flag gates.,,signals,UNVERIFIED
BC-0594,runtime_wiring,ALL,PDV_FavorFamily_ZenReciprocity – router registration,PDV_FavorFamily_ZenReciprocity family keyword must be registered in the PDV_ActionRouter constants block; Add-Item/Increase-Skill SM branch and menu-event handler on PDV_PlayerEvents alias must be wired per the integration spec.,BETA,PDV_TriggerTopups_Exchange_KnightsRoad.md – Integration (per Architecture:287),esp,Grep PDV_ActionRouter for ZenReciprocity; check PDV_PlayerEvents.psc for RegisterForMenu handler.,,signals,UNVERIFIED
BC-0595,runtime_wiring,ALL,Peryite,Peryite tolerated-class display behavior (Notorious as rare-edge) must be proved before promotion; tolerated stigma weight must behave distinctly from Standard class.,BETA,PDV_AllRaceDaedricBetaReadinessLedger.md Batch 3 'Run Peryite tolerated-class display proof',runtime-status,In-game QASmoke for Peryite shows stigma reaching Suspected/Known but not easily reaching Notorious,,daedric,UNVERIFIED
BC-0596,runtime_wiring,ALL,ProcessDawn auto-trigger,"ProcessDawn must auto-fire on day rollover in OnUpdate 1s tick (not requiring manual player action); proven happy-path: 2026-06-08 runtime test (Tu'whacca 24->27.96, tier->Seeker, single auto-fire). Pending edges: midnight-not-06:00, multi-day-skip-fires-once.",BETA,Memory: ProcessDawn auto trigger — RESOLVED + RUNTIME-PROVEN 2026-06-08,runtime-status,PDV__ManagerQuest OnUpdate handler; Papyrus.0.log for auto-fire evidence,,race-sheets,UNVERIFIED
BC-0597,surfacing,ALL,All 16 Daedric Princes,"Each Daedric Prince must have a commitment MessageBox (PDV_Msg_Daedric_<Prince>_Commitment) that fires exactly once when the 3-signal commitment gate clears, with god-voice text and a body budget of 500/280 characters.",BETA,PDV_DaedricContent_Manifest.md Section 3 slot conventions; PDV_Daedric_DecisionPacket_CAT4.md D-18 item 5,esp,"MSG PDV_Msg_Daedric_<Prince>_Commitment exists, messageBox=true, fires once on commitment gate clear; verify pdv_content_verify green",,daedric,UNVERIFIED
BC-0598,surfacing,ALL,All 16 Daedric Princes,"Each Daedric Prince must have a Champion entry MessageBox (PDV_Msg_Daedric_<Prince>_ChampionEntry) that fires once on first reaching Champion tier, with god-voice text.",BETA,PDV_DaedricContent_Manifest.md Section 3 slot conventions; PDV_Daedric_DecisionPacket_CAT4.md D-18 item 4,esp,"MSG PDV_Msg_Daedric_<Prince>_ChampionEntry exists, messageBox=true, one-time on first Champion",,daedric,UNVERIFIED
BC-0599,surfacing,ALL,All 16 Daedric Princes,"Each Daedric Prince must have Seeker entry notification (PDV_Notif_Daedric_<Prince>_SeekerEntry), Devoted entry notification (PDV_Notif_Daedric_<Prince>_DevotedEntry), and lapse notification (PDV_Notif_Daedric_<Prince>_Lapse) with narrator voice at 80/60 character budget.",BETA,PDV_DaedricContent_Manifest.md Section 3 slot conventions; PDV_Daedric_DecisionPacket_CAT4.md D-18 item 4,esp,"MSG PDV_Notif_Daedric_<Prince>_{SeekerEntry|DevotedEntry|Lapse} all present, messageBox=false",,daedric,UNVERIFIED
BC-0600,surfacing,ALL,All 16 Daedric Princes,Each Daedric Prince must have a neglect texture notification (PDV_Notif_Daedric_<Prince>_NeglectTexture) and an exit MessageBox (PDV_Msg_Daedric_<Prince>_Exit) with residue language indicating slow stigma decay.,BETA,PDV_DaedricContent_Manifest.md Section 3 slot conventions; PDV_Daedric_DecisionPacket_CAT4.md D-18 item 7; D-15.3 residue rule,esp,MSG PDV_Notif_Daedric_<Prince>_NeglectTexture and PDV_Msg_Daedric_<Prince>_Exit present; Exit copy references slow decay,,daedric,UNVERIFIED
BC-0601,surfacing,ALL,All 16 Daedric Princes,"pdv_content_verify.mjs must pass FAIL=0, WARN=0 after any Daedric content change; ASCII rules, per-Surface budgets, slot-ID uniqueness, voice matrix, source citations, and non-empty prose are all enforced.",BETA,"PDV_Daedric_DecisionPacket_CAT4.md D-18 item 11; PDV_DaedricBatch0_D18ProofLedger.md 'Content verifier: FAIL=0, WARN=0'",data,"node tools/pdv_content_verify.mjs returns FAIL=0, WARN=0; reward readback audit PASS>=1268",,daedric,UNVERIFIED
BC-0602,surfacing,ALL,All 16 Daedric Princes,"Each Prince must have a per-Prince firing-density sanity paragraph: Marked events <1 per 2h, Noted events <2 per h; passive SPEL boon/price descriptions produce no fire events.",BETA,PDV_Daedric_DecisionPacket_CAT4.md D-18 item 12; PDV_DaedricContent_Manifest.md Section 6.9 template,data,Firing-density sanity paragraph present in each Prince's manifest section; no ambient-accumulation signal hooks registered,,daedric,UNVERIFIED
BC-0603,surfacing,ALL,All 16 Daedric Princes,Each Prince path must produce a legible stack snapshot when a race build plus Daedric edge build are both active: combined boon/price buffs must remain capped and not overflow the expected range.,BETA,PDV_AllRaceDaedricBetaReadinessLedger.md Per-Prince Acceptance Checklist item 12,runtime-status,In-game stack snapshot with race deity boon + Daedric Champion boon active shows combined effect within expected range; documented in PDV_DaedricRuntimeEvidenceLedger.json,,daedric,UNVERIFIED
BC-0604,surfacing,ALL,All 16 Daedric Princes,"Daedric tier labels must be Seeker / Devoted / Champion (not the Aedric Observant / Faithful / Devoted ladder) in all player-facing UI, notification text, and Survey/status display.",BETA,PDV_DaedricContent_Manifest.md Section 2 'Tiers are Seeker / Devoted / Champion',data,All PDV_Notif_Daedric_<Prince>_SeekerEntry and DevotedEntry notifications use correct tier labels; pdv_content_verify checks tier vocabulary,,daedric,UNVERIFIED
BC-0605,surfacing,ALL,All 16 Daedric Princes,Stigma bands must use the four-band WitchcraftExposure shape (Latent 0-25/Suspected 26-50/Known 51-75/Notorious 76-100) with per-Prince storage key PDV.Daedric.<Prince>.Stigma in StorageUtil.,BETA,PDV_Daedric_DecisionPacket_CAT4.md D-15.1 band thresholds; PDV_DaedricContent_Manifest.md Section 5,source,StorageUtil keys PDV.Daedric.<Prince>.Stigma present for all 16 Princes; threshold checks in script use 25/50/75/100 band boundaries,,daedric,UNVERIFIED
BC-0606,surfacing,ALL,All 16 Daedric Princes,"Each Prince must have three stigma crossing notifications (Suspected, Known, Notorious) firing on band entry; Latent band has no notification by design.",BETA,PDV_Daedric_DecisionPacket_CAT4.md D-15.1 'Latent floor simply has no notification'; PDV_DaedricContent_Manifest.md Section 5,esp,MSG PDV_Notif_Daedric_<Prince>_Stigma_{Suspected|Known|Notorious} present for all 16 Princes; no Latent-band notification record,,daedric,UNVERIFIED
BC-0607,surfacing,ALL,All 16 Daedric Princes,Each Prince path must surface correctly in the Survey/status display alongside the expected race deity build; the combined stack must show correct Daedric Prince tier and not show stale state.,BETA,PDV_AllRaceDaedricBetaReadinessLedger.md Per-Prince Acceptance Checklist item 12; per-race manual evidence gap column 'Survey/status',runtime-status,In-game Survey/status panel shows correct Daedric Prince tier for active paths; no stale Seeker state after advancing to Devoted,,daedric,UNVERIFIED
BC-0608,surfacing,ALL,ASCII text rule,"All player-facing strings in MCM, dialogue, notifications, books, and message boxes must be ASCII only — no curly quotes, em dashes, ellipses, bullets, or multibyte punctuation",FUTURE,PDV_Architecture_v3.md §2 Invariants §6 Player-facing strings are ASCII; §25.7,data,Scan all FULL strings in Devotion.esp MESG/INFO/BOOK records for non-ASCII codepoints (bytes > 0x7F),[auto-demoted: matches explicit descope],surfacing,UNVERIFIED
BC-0609,surfacing,ALL,copy promotion to ESP records,Per-race manifest rows for all five transition classes must be promoted to ESP records in Devotion.esp before a race can pass the pre-beta rubric; draft-in-manifest rows are not sufficient,BETA,PDV_TransitionSurfacing_CoverageMap.md §What still needs doing — item 3,esp,Every MESG EditorID listed in PDV_TransitionSurfacing_CoverageMap.md must exist in Devotion.esp,,surfacing,UNVERIFIED
BC-0610,surfacing,ALL,curse transition,Curse onset and curse cure must each surface as a Loud MessageBox via the curse transition class; curing a curse clears the onset guard and arms the cure beat; onset must not double-fire against race CurseState rows,BETA,PDV_Architecture_v3.md §16.7 curse row; §13.7; PDV_TransitionSurfacing_CoverageMap.md §3,source,"SurfaceTransition with eventClass=curse, key=vampire|werewolf, direction=onset|cure; guard inversion on cure",,surfacing,UNVERIFIED
BC-0611,surfacing,ALL,custom-race fallback notice,"When PDV_Origin defaults an unknown race to RACE_IMPERIAL, this must be surfaced as both a one-time first-load notice and an MCM/status diagnostic",BETA,PDV_Architecture_v3.md §3.2 Architecturally deferred — custom-race fallback,source,PDV_Origin.psc or PDV__ManagerQuest.psc: one-time fallback notification on unknown race + MCM status row,,surfacing,UNVERIFIED
BC-0612,surfacing,ALL,diegetic UX — D1 records and wiring,"PDV_DiegeticDeps and PDV_DiegeticDirector quests must be Start-Game-Enabled with SGE flags and SEQ entries; D1 records (5 IMAD, 4 SPEL/EFSH shaders, 5 SNDR, 1 MUSC, 1 MISC medallion, 1 BOOK) must be present in Devotion.esp; D1Enabled must default false until counted-transition proof passes",BETA,PDV_DiegeticUX.manifest.json d0Note and ckWriteContract sections,esp,pdv_diegetic_ux_check.mjs 0 FAIL; SEQ includes both PDV_DiegeticDeps and PDV_DiegeticDirector; D1Enabled property=false,,surfacing,UNVERIFIED
BC-0613,surfacing,ALL,diegetic UX — routine favor channels,"Dunmer portable shrine, Dunmer home bonus, Khajiit moon observance, and Khajiit road-home routine favor events must call NotifyDiegeticRoutineFavor with the matching reason string",BETA,PDV_DiegeticUX.manifest.json requiredSourceContracts — PDV__ManagerQuest mustContain NotifyDiegeticRoutineFavor call sites,source,"PDV__ManagerQuest.psc: four NotifyDiegeticRoutineFavor calls present with dunmer_portable_shrine, dunmer_home_bonus, khajiit_moon_observance, khajiit_road_home keys",,surfacing,UNVERIFIED
BC-0614,surfacing,ALL,diegetic UX — SurfaceTransition call sites,"PDV__ManagerQuest must call SurfaceTransition at tier-reach, neglect-drop, and curse-transition; PDV_DiegeticDirector.Dispatch must receive these eventClass/surfaceKey/direction/deityIndex arguments and route to IMAD/SNDR/MUSC/shader/journal diegetic channels when D1Enabled=true",BETA,PDV_DiegeticUX.manifest.json requiredSourceContracts — PDV__ManagerQuest mustContain list,source,"PDV__ManagerQuest.psc: SurfaceTransition(tier, ...), SurfaceTransition(neglect, ...), SurfaceCurseTransitionDiegetic(...) call sites present with matching Dispatch forwarding",,surfacing,UNVERIFIED
BC-0615,surfacing,ALL,emergence transition,First domination of a focused patron or emphasis must fire as a Loud MessageBox (emergence class) with a Prisma tier toast; races that route Devoted through per-deity Champion entry must not also fire a tier notification at Devoted,BETA,PDV_Architecture_v3.md §16.7 emergence row; PDV_TransitionSurfacing_CoverageMap.md §2 and Devoted/emergence reconciliation,source,SurfaceTransition with eventClass=emergence; per-deity Champion entry used for Altmer/Dunmer/Imperial/Nord/Redguard Devoted beat,,surfacing,UNVERIFIED
BC-0616,surfacing,ALL,High-friction lanes require compensating diegetic support before beta,"Any race lane with high friction must have compensating diegetic support — status, interpretation, ritual recovery, NPC recognition, or scar text — before bigger numbers can be promoted.",BETA,"PDV_RaceRewardBudgetLedger.md — Immersion Budget Rules, rule 3",runtime-status,,,rewards,UNVERIFIED
BC-0617,surfacing,ALL,Immersion budget: every reward must answer why this race reads it as religious,Every reward must answer: 'Why would this race read this as religious?' Mechanically convenient triggers that are culturally opaque must not be promoted to active reward hooks.,BETA,"PDV_RaceRewardBudgetLedger.md — Immersion Budget Rules, rules 1 and 4",runtime-status,,,rewards,UNVERIFIED
BC-0618,surfacing,ALL,MCM Developer Options gate,The Status page and Debug page must be locked until the player enables Developer Options stored at StorageUtil key PDV.UI.DeveloperOptions; numeric piety must remain dev-only,BETA,PDV_Architecture_v3.md §16.1 MCM evolution — Status page and Debug page bullets; §16.4,source,StorageUtil key PDV.UI.DeveloperOptions gates status/debug tab visibility in PDV_MCM.psc,,surfacing,UNVERIFIED
BC-0619,surfacing,ALL,MCM Player tab,"The MCM Player tab must always be visible and must show thematic summary, mode, patron, standing, curse, favor, and neglect rows plus a Survey Devotion readout action without exposing numeric piety",BETA,PDV_Architecture_v3.md §16.1 MCM evolution — Player tab bullet,source,PDV_MCM.psc Player page script; verify no numeric piety field rendered by default,,surfacing,UNVERIFIED
BC-0620,surfacing,ALL,neglect transition,"A neglect notification must fire once per tier-drop per deity using Medium Notification with a Prisma neglect toast, and must not re-fire until the player recovers a tier for that deity; recovery re-arms the one-shot",BETA,PDV_Architecture_v3.md §16.7 neglect row and neglect firing cadence; PDV_TransitionSurfacing_CoverageMap.md §5,source,SurfaceTransition called with eventClass=neglect; guard cleared on tier recovery,,surfacing,UNVERIFIED
BC-0621,surfacing,ALL,Nocturnal,"Nocturnal commitment hook via Thieves Guild/Nightingale chain must surface correctly in beta proof; the Thieves Guild/Nightingale oath surface must be specifically proved, not just TG09 stage 200 readback.",BETA,PDV_AllRaceDaedricBetaReadinessLedger.md Batch 2 'Nocturnal must still prove Thieves Guild/Nightingale oath surface',runtime-status,In-game Nightingale oath completion (TG09 stage 200) fires PDV commitment signal and shows commitment MessageBox,,daedric,UNVERIFIED
BC-0622,surfacing,ALL,notification level policy,"Routine piety gain/loss and most dawn consolidations must be Quiet (no notification); tier change and neglect threshold crossing must be Medium (Notification); commitment offer, refuse-and-rupture, curse-state transition, and restoration rite completion must be Loud (MessageBox)",BETA,PDV_Architecture_v3.md §16.2 In-world feedback — three notification levels,source,Audit PDV__ManagerQuest.psc for Notification() vs MessageBox() call sites against event class table,,surfacing,UNVERIFIED
BC-0623,surfacing,ALL,Ordinary-session immersion loop per race,"Each race must have at least one maintenance, recognition, recovery, or status loop that is not combat-only and is accessible during a normal play session.",BETA,"PDV_RaceRewardBudgetLedger.md — Immersion Budget Rules, rule 5",runtime-status,,,rewards,UNVERIFIED
BC-0624,surfacing,ALL,Prisma toast contract,"Overlay toast payloads for favor, dawn, neglect, tier, and rivalry are the stable Prisma payload contract; a missing toast with otherwise correct piety math is a Prisma smoke failure, not a devotional scoring failure",BETA,PDV_Architecture_v3.md §16.6 Prisma UI repo boundary and staging — stable payload contract paragraph,source,PDV_PrismaBridge.SendOverlayJson() called for each of the five toast classes,,surfacing,UNVERIFIED
BC-0625,surfacing,ALL,reorientation transition,"A confirmed sect/mode/tradition/path/standing switch must fire as a Medium (or Loud for major theological reorientations) notification via the reorientation class; must fire on confirmed switch only, not on intent declaration",BETA,PDV_Architecture_v3.md §16.7 reorientation row; PDV_TransitionSurfacing_CoverageMap.md §4,source,"SurfaceTransition with eventClass=reorientation fired only after state variable commit, not on pending write",,surfacing,UNVERIFIED
BC-0626,surfacing,ALL,Reward conditions must match player-facing text,"Every reward effect's conditions must match its player-facing description; if an effect is night-only, the copy must say night-only; conditions invisible to the player that contradict the copy are a bug.",BETA,PDV_RaceEffectReviewLedger.md — Review Rules,data,PDV_MGEF_Bless_Khajiit_Lunar_T1_StaminaRegen nightOnly=true must say night-only in description,,rewards,UNVERIFIED
BC-0627,surfacing,ALL,startup confirm choice flow,All startup race choices must route through PDV_MSG_StartupConfirmChoice; Yes commits the pending selection; No discards it and re-shows the race choice; nothing must be committed until Yes is pressed,BETA,race-sheets/PDV_StartupChoice_Messages.md — PDV_MSG_StartupConfirmChoice — Flow (per race) section,source,Startup script: pending state variable written before confirm dialog; committed only on Yes button,,surfacing,UNVERIFIED
BC-0628,surfacing,ALL,SurfaceTransition guard namespace,One-shot guards for all five transition classes must live under the PDV.Surfaced.* StorageUtil namespace and must be save-persistent; opposite-direction transitions must clear the guard they re-enable,BETA,PDV_Architecture_v3.md §16.7 — guard-key convention paragraph; PDV_TransitionSurfacing_CoverageMap.md guard-key convention,source,StorageUtil keys matching PDV.Surfaced.<class>.<key>.<direction> used in SurfaceTransition; no in-memory-only guard,,surfacing,UNVERIFIED
BC-0629,surfacing,ALL,SurfaceTransition helper,"PDV__ManagerQuest must implement a single SurfaceTransition(String eventClass, String key, String direction) helper with PDV.Surfaced.* StorageUtil one-shot guards routing all five transition classes to the correct notification level and Prisma toast",BETA,PDV_Architecture_v3.md §16.7 Transition surfacing contract (V1) — Shared implementation shape,source,PDV__ManagerQuest.psc must contain Function SurfaceTransition and StorageUtil.SetIntValue guard under PDV.Surfaced.*,,surfacing,UNVERIFIED
BC-0630,surfacing,ALL,Surfacing must be quiet unless event is exceptional,Reward surfacing notifications must be quiet unless the event is exceptional; constant notifications weaken immersion even when the hook is valid.,BETA,"PDV_RaceRewardBudgetLedger.md — Immersion Budget Rules, rule 6",data,,,rewards,UNVERIFIED
BC-0631,surfacing,ALL,Survey Devotion spell,Survey Devotion must be implemented as PDV_SPEL_SurveyDevotion + PDV_MGEF_SurveyDevotion backed by PDV_SurveyDevotionEffect and deliver a manager-owned thematic MessageBox; it must not expose numeric piety in normal play,BETA,PDV_Architecture_v3.md §16.2 In-world feedback — Status spell bullet,esp,PDV_SPEL_SurveyDevotion and PDV_MGEF_SurveyDevotion exist in Devotion.esp; PDV_SurveyDevotionEffect.psc present,,surfacing,UNVERIFIED
BC-0632,surfacing,ALL,Survey/MCM effect copy must be fiction-facing not debug,Survey/MCM copy must explain the active reward state in fiction-facing terms without turning effect mechanics into debug counters; no raw piety numbers in player-facing reward text.,BETA,"PDV_RaceEffectReviewLedger.md — Review Rules; PDV_RaceRewardBudgetLedger.md — Immersion Budget Rules, rule 6",data,,,rewards,UNVERIFIED
BC-0633,surfacing,ALL,tier transition,"Tier-up notifications (Observant and Faithful broad-worship milestones) must fire once per direction per save as Medium Notifications with a Prisma tier toast; Devoted crossing is surfaced by the emergence class only, not tier, to prevent double-fire",BETA,PDV_Architecture_v3.md §16.7 table row tier; PDV_TransitionSurfacing_CoverageMap.md §1 and Devoted/emergence reconciliation,source,SurfaceTransition called with eventClass=tier and key=broad at Observant/Faithful only; no tier call at Devoted,,surfacing,UNVERIFIED
BC-0634,surfacing,ALL,Tier transition notifications,"Player-facing notifications must fire at tier threshold changes (Observant/Faithful/Devoted), patron offer/acceptance, track threshold changes, curse/fork choices, restoration state changes, and Champion moments. Routine score movement stays silent.",BETA,Devotion_Races_Overview.md — Reading the Race Sheets / notification shape; PDV_RaceDesign_Breton.md — Global gameplay rules (notifications),source,Notification string IDs e.g. PDV_Notif_*_Tier* + PDV_Notif_*_ChampionMoment,,race-sheets,UNVERIFIED
BC-0635,surfacing,ALL,V1 recognition surface (Survey/status text),Every race must expose a Champion Survey/status text as the V1 recognition surface at T3; voiced NPC recognition lines are V2-deferred per PDV_RecognitionDialogueScalePacket.md for all races.,FUTURE,PDV_RaceContractTemplate.md § Surfacing; PDV_ImperialRewardRecords.spec.json § v1RecognitionSurface; all per-race specs § v1RecognitionSurface,runtime-status,In-game Survey command at Champion piety for each race; verify Champion text fires,[auto-demoted: matches explicit descope],roster,UNVERIFIED
BC-0636,surfacing,Altmer,curse transition — terminal vampire / werewolf halt,Altmer vampire onset must surface PDV_Msg_Altmer_CurseState_VampireOnset (terminal) plus optional PDV_Msg_Altmer_VampireExiledPath_Entry/Recognition; vampire cure is N/A by design (terminal path); werewolf onset must surface PDV_Msg_Altmer_CurseState_WerewolfHardHalt; werewolf cure is N/A by design (halt),BETA,PDV_TransitionSurfacing_CoverageMap.md §3 curse table — Altmer row,data,MESG records PDV_Msg_Altmer_CurseState_VampireOnset and PDV_Msg_Altmer_CurseState_WerewolfHardHalt exist; no cure beat wired,,surfacing,UNVERIFIED
BC-0637,surfacing,Altmer,emergence transition — focus devoted,Altmer Devoted crossing must fire as the emergence class using PDV_Notif_Altmer_Focus_DevotedEntry as a Loud MessageBox,BETA,PDV_TransitionSurfacing_CoverageMap.md §2 emergence table — Altmer row,data,MESG record PDV_Notif_Altmer_Focus_DevotedEntry exists,,surfacing,UNVERIFIED
BC-0638,surfacing,Altmer,Lorkhan obviousness rule,"If a player would not reasonably understand the theological meaning, must NOT penalize silently; either reject the signal or surface a first-time Altmer-interpretation notification (e.g. 'You feel the old dissonance: this rite honors the mortal world Lorkhan made').",BETA,PDV_RaceDesign_Altmer.md — Obviousness rule,source,First-time Lorkhan penalty notification flag per signal type,,race-sheets,UNVERIFIED
BC-0639,surfacing,Altmer,neglect transition,"Altmer must surface neglect tier-drop lapses (PDV_Notif_Altmer_Pantheon_ObservantLapse, FaithfulLapse, Focus_DevotedLapse) and thematic texture rows (OrthodoxyDrift, CultivationFading, AuriElDistant) once per tier-drop with recovery re-arm",BETA,PDV_TransitionSurfacing_CoverageMap.md §5 neglect table — Altmer row,data,"MESG records PDV_Notif_Altmer_Pantheon_ObservantLapse, FaithfulLapse, Focus_DevotedLapse plus NeglectTexture rows exist",,surfacing,UNVERIFIED
BC-0640,surfacing,Altmer,reorientation — N/A,Altmer has no reorientation surface (pantheon/path chosen at start and locked; patron swap deferred past 1.0); wiring must have no reorientation SurfaceTransition call for Altmer,BETA,PDV_TransitionSurfacing_CoverageMap.md §4 — Altmer/Dunmer/Nord N/A row,source,"No SurfaceTransition(reorientation, ...) called for OriginRace=RACE_ALTMER",N/A cell — confirm absence rather than presence,surfacing,UNVERIFIED
BC-0641,surfacing,Altmer,tier transition — Observant/Faithful,Altmer must surface Observant and Faithful broad-worship tier milestones as Medium Notifications using PDV_Notif_Altmer_Pantheon_ObservantEntry and PDV_Notif_Altmer_Pantheon_FaithfulEntry,BETA,PDV_TransitionSurfacing_CoverageMap.md §1 tier table — Altmer row,data,MESG records PDV_Notif_Altmer_Pantheon_ObservantEntry and PDV_Notif_Altmer_Pantheon_FaithfulEntry exist,,surfacing,UNVERIFIED
BC-0642,surfacing,Argonian,curse transition,"Argonian must surface vampire onset, vampire cure, werewolf onset, and werewolf cure via the curse class as Loud MessageBoxes using the corresponding PDV_Msg_Argonian_CurseState_* slots",BETA,PDV_TransitionSurfacing_CoverageMap.md §3 curse table — Argonian row,data,"MESG records PDV_Msg_Argonian_CurseState_VampireOnset, VampireCured, WerewolfOnset, WerewolfCured exist",,surfacing,UNVERIFIED
BC-0643,surfacing,Argonian,emergence transition — N/A,Argonian has no single patron to emerge (three always-on Hist/People/Void layers); no emergence SurfaceTransition must fire for Argonian,BETA,PDV_TransitionSurfacing_CoverageMap.md §2 emergence table — Argonian N/A,source,"No SurfaceTransition(emergence, ...) called for OriginRace=RACE_ARGONIAN",N/A cell — confirmed by design; Sithis-activation invisibility gap closed by §16.7 per PDV_RaceDesign_Argonian.md:139 reference,surfacing,UNVERIFIED
BC-0644,surfacing,Argonian,neglect transition,"Argonian must surface neglect tier-drop lapses (Observant_Lapse, Faithful_Lapse, Devoted_Lapse) and thematic texture rows (HistThinning_NeglectTexture, PeopleIsolation_NeglectTexture, VoidDormancy_NeglectTexture) once per tier-drop with recovery re-arm",BETA,PDV_TransitionSurfacing_CoverageMap.md §5 neglect table — Argonian row,data,"MESG records PDV_Notif_Argonian_Observant_Lapse, Faithful_Lapse, Devoted_Lapse plus three NeglectTexture rows exist",,surfacing,UNVERIFIED
BC-0645,surfacing,Argonian,reorientation — N/A,Argonian has no player-chosen reorientation surface (Hist posture changes are driven by curse/neglect and already covered by those classes); no reorientation SurfaceTransition must fire for Argonian,BETA,PDV_TransitionSurfacing_CoverageMap.md §4 — Argonian N/A row,source,"No SurfaceTransition(reorientation, ...) for OriginRace=RACE_ARGONIAN",,surfacing,UNVERIFIED
BC-0646,surfacing,Argonian,tier transition — Observant/Faithful,Argonian must surface Observant and Faithful broad-worship tier milestones as Medium Notifications using PDV_Notif_Argonian_Observant_Entry and PDV_Notif_Argonian_Faithful_Entry,BETA,PDV_TransitionSurfacing_CoverageMap.md §1 tier table — Argonian row,data,MESG records PDV_Notif_Argonian_Observant_Entry and PDV_Notif_Argonian_Faithful_Entry exist,,surfacing,UNVERIFIED
BC-0647,surfacing,Bosmer,curse transition,"Bosmer must surface vampire onset, vampire cure, werewolf onset, and werewolf cure via the curse class as Loud MessageBoxes",BETA,PDV_TransitionSurfacing_CoverageMap.md §3 curse table — Bosmer row,data,"MESG records PDV_Msg_Bosmer_CurseState_VampireOnset, VampireCured, WerewolfOnset, WerewolfCured exist",,surfacing,UNVERIFIED
BC-0648,surfacing,Bosmer,emergence transition — N/A,"Bosmer has no emergence surface per the coverage matrix; path changes are reorientation events, not emergence; no emergence SurfaceTransition must fire for Bosmer",BETA,PDV_TransitionSurfacing_CoverageMap.md §2 emergence table — Bosmer N/A,source,"No SurfaceTransition(emergence, ...) for OriginRace=RACE_BOSMER",,surfacing,UNVERIFIED
BC-0649,surfacing,Bosmer,neglect transition,"Bosmer must surface neglect tier-drop lapses (Observant_Lapse, Faithful_Lapse, Devoted_Lapse, GreenPact_Lapse) and per-path texture rows ({OldContract,LivingStory,Exchange,BanditRoad}_NeglectTexture) once per tier-drop with recovery re-arm",BETA,PDV_TransitionSurfacing_CoverageMap.md §5 neglect table — Bosmer row,data,MESG records for Bosmer Observant/Faithful/Devoted/GreenPact lapses plus four path NeglectTexture rows exist,,surfacing,UNVERIFIED
BC-0650,surfacing,Bosmer,reorientation transition — path switch,"Bosmer must surface each confirmed path switch (OldContract, LivingStory, Exchange, BanditRoad) via the reorientation class as Medium or Loud MessageBoxes on the confirmed switch only",BETA,PDV_TransitionSurfacing_CoverageMap.md §4 reorientation table — Bosmer row,data,"MESG records PDV_Notif_Bosmer_Path_{OldContract,LivingStory,Exchange,BanditRoad}_Entry exist",,surfacing,UNVERIFIED
BC-0651,surfacing,Bosmer,tier transition — Observant/Faithful,Bosmer must surface Observant and Faithful broad-worship tier milestones as Medium Notifications using PDV_Notif_Bosmer_Observant_Entry and PDV_Notif_Bosmer_Faithful_Entry,BETA,PDV_TransitionSurfacing_CoverageMap.md §1 tier table — Bosmer row,data,MESG records PDV_Notif_Bosmer_Observant_Entry and PDV_Notif_Bosmer_Faithful_Entry exist,,surfacing,UNVERIFIED
BC-0652,surfacing,Breton,Book-read signals,"Reading Hidden Art texts (Herbane's Bestiary: Hagravens, The Madmen of the Reach, Anise's Letter) must each generate one-time approved occult piety with notifications PDV_Notif_Breton_FavorNoted_HiddenArt_BookRead_*.",BETA,PDV_RaceDesign_Breton.md — Signal Examples (book-read rows),source,,,race-sheets,UNVERIFIED
BC-0653,surfacing,Breton,curse transition — tradition-differentiated werewolf onset,Breton must surface vampire onset and cure and werewolf onset differentiated by tradition (WerewolfOnset_KnightsRoad and WerewolfOnset_HiddenArt) and werewolf cure via the curse class as Loud MessageBoxes,BETA,PDV_TransitionSurfacing_CoverageMap.md §3 curse table — Breton row,data,"MESG records PDV_Msg_Breton_CurseState_VampireOnset, VampireCured, WerewolfOnset_KnightsRoad, WerewolfOnset_HiddenArt, WerewolfCured exist",,surfacing,UNVERIFIED
BC-0654,surfacing,Breton,emergence transition — focus within tradition,Breton must surface focus emergence within tradition as a Loud MessageBox using PDV_Notif_Breton_FocusEmergence,BETA,PDV_TransitionSurfacing_CoverageMap.md §2 emergence table — Breton row,data,MESG record PDV_Notif_Breton_FocusEmergence exists,,surfacing,UNVERIFIED
BC-0655,surfacing,Breton,neglect transition,"Breton must surface neglect tier-drop lapses (Observant_Lapse, Faithful_Lapse, Devoted_Lapse) and per-tradition texture rows ({KnightsRoad,HiddenArt,GreenWay}_NeglectTexture) once per tier-drop with recovery re-arm",BETA,PDV_TransitionSurfacing_CoverageMap.md §5 neglect table — Breton row,data,MESG records for Breton lapse rows plus three tradition NeglectTexture rows exist,,surfacing,UNVERIFIED
BC-0656,surfacing,Breton,reorientation transition — druidic standing,"Breton must surface confirmed druidic standing switches (Open, Acknowledged, Frayed) via the reorientation class; tradition is start-locked and must not have a reorientation surface",BETA,PDV_TransitionSurfacing_CoverageMap.md §4 reorientation table — Breton row,data,"MESG records PDV_Notif_Breton_DruidicStanding_{Open,Acknowledged,Frayed} exist",,surfacing,UNVERIFIED
BC-0657,surfacing,Breton,startup tradition choice — no fallback,Breton startup tradition choice (PDV_MSG_StartupBretonChoice) must re-present until explicitly answered; there is no fallback default — setup must not complete without a committed PDV_State_BretonTradition value,BETA,race-sheets/PDV_StartupChoice_Messages.md — PDV_MSG_StartupBretonChoice Fallback note,source,Startup script: Breton tradition choice loops until confirmed; no default-value assignment path for PDV_State_BretonTradition on dismissal,,surfacing,UNVERIFIED
BC-0658,surfacing,Breton,tier transition — Observant/Faithful,Breton must surface Observant and Faithful broad-worship tier milestones as Medium Notifications using PDV_Notif_Breton_Observant_Entry and PDV_Notif_Breton_Faithful_Entry,BETA,PDV_TransitionSurfacing_CoverageMap.md §1 tier table — Breton row,data,MESG records PDV_Notif_Breton_Observant_Entry and PDV_Notif_Breton_Faithful_Entry exist,,surfacing,UNVERIFIED
BC-0659,surfacing,Dunmer,Book-read signals,"Reading Azura texts (Invocation of Azura, Azura and the Box) and Boethiah texts (Boethiah's Glory, Boethiah's Proving) must each fire one-time Reclamation acknowledgment with notifications PDV_Notif_Dunmer_FavorNoted_Azura_BookRead_* and PDV_Notif_Dunmer_FavorNoted_Boethiah_BookRead_*.",BETA,PDV_RaceDesign_Dunmer.md — Signal Examples (book-read rows),source,,,race-sheets,UNVERIFIED
BC-0660,surfacing,Dunmer,curse transition,"Dunmer must surface vampire onset, vampire cure, werewolf onset, and werewolf cure via the curse class as Loud MessageBoxes",BETA,PDV_TransitionSurfacing_CoverageMap.md §3 curse table — Dunmer row,data,"MESG records PDV_Msg_Dunmer_CurseState_VampireOnset, VampireCured, WerewolfOnset, WerewolfCured exist",,surfacing,UNVERIFIED
BC-0661,surfacing,Dunmer,emergence transition — focus devoted entry,Dunmer Devoted crossing must fire as the emergence class using PDV_Notif_Dunmer_Focus_DevotedEntry as a Loud MessageBox,BETA,PDV_TransitionSurfacing_CoverageMap.md §2 emergence table — Dunmer row,data,MESG record PDV_Notif_Dunmer_Focus_DevotedEntry exists,,surfacing,UNVERIFIED
BC-0662,surfacing,Dunmer,neglect transition,"Dunmer must surface neglect tier-drop lapses (GoodDaedra_ObservantLapse, GoodDaedra_FaithfulLapse, Focus_DevotedLapse) and three layer texture rows (Layer1_AshPrayerQuiet, Layer2_GoodDaedraThin, Layer3_FocusFading at manifest :580-582) once per tier-drop with recovery re-arm",BETA,PDV_TransitionSurfacing_CoverageMap.md §5 neglect table — Dunmer row; PDV_RaceContent_Manifest.md:580-582,data,MESG records for Dunmer lapse rows plus three layer texture rows exist in Devotion.esp,,surfacing,UNVERIFIED
BC-0663,surfacing,Dunmer,reorientation — N/A,Dunmer has no reorientation surface (path chosen at start and locked); no reorientation SurfaceTransition call must fire for Dunmer,BETA,PDV_TransitionSurfacing_CoverageMap.md §4 — Altmer/Dunmer/Nord N/A row,source,"No SurfaceTransition(reorientation, ...) for OriginRace=RACE_DUNMER",,surfacing,UNVERIFIED
BC-0664,surfacing,Dunmer,tier transition — Observant/Faithful,Dunmer must surface Observant and Faithful broad-worship tier milestones as Medium Notifications using PDV_Notif_Dunmer_GoodDaedra_ObservantEntry and PDV_Notif_Dunmer_GoodDaedra_FaithfulEntry,BETA,PDV_TransitionSurfacing_CoverageMap.md §1 tier table — Dunmer row,data,MESG records PDV_Notif_Dunmer_GoodDaedra_ObservantEntry and PDV_Notif_Dunmer_GoodDaedra_FaithfulEntry exist,,surfacing,UNVERIFIED
BC-0665,surfacing,Imperial,Book-read signals,Reading The Talos Mistake must generate one-time ConcordatStanding / conscience-under-pressure signal with notification PDV_Notif_Imperial_FavorNoted_TalosPressure_BookRead_TalosMistake.,BETA,PDV_RaceDesign_Imperial.md — Signal Examples (book-read row),source,BookRead ScoreAction + notification string ID,,race-sheets,UNVERIFIED
BC-0666,surfacing,Imperial,curse transition — vampire/werewolf,Imperial must surface vampire onset and cure and werewolf onset and cure via the curse class as Loud MessageBoxes,BETA,PDV_TransitionSurfacing_CoverageMap.md §3 curse table — Imperial row,data,"MESG records PDV_Msg_Imperial_CurseState_VampireOnset, VampireCured, WerewolfOnset, WerewolfCured exist",,surfacing,UNVERIFIED
BC-0667,surfacing,Imperial,emergence transition — Champion entry,Imperial Devoted crossing must be surfaced by per-deity Champion entry (PDV_Msg_Imperial_<Deity>_ChampionEntry) as the emergence beat,BETA,PDV_TransitionSurfacing_CoverageMap.md §2 emergence table — Nord/Imperial/Redguard row,data,MESG records PDV_Msg_Imperial_<Deity>_ChampionEntry exist for wired Imperial deities,,surfacing,UNVERIFIED
BC-0668,surfacing,Imperial,Imperial V1 recognition surface,"Imperial Champion Survey/status text must exist as the V1 recognition surface; civic Survey must report ConcordatStanding band, public/private Talos pressure tilt, repair gate, active patron, and curse posture; voiced NPC recognition is V2-deferred.",FUTURE,PDV_ImperialRewardRecords.spec.json § v1RecognitionSurface,runtime-status,In-game Survey command for Imperial player; verify all bands reported,[auto-demoted: matches explicit descope],roster,UNVERIFIED
BC-0669,surfacing,Imperial,neglect transition,"Imperial must surface neglect tier-drop lapses (PDV_Notif_Imperial_Observant_Lapse, Faithful_Lapse, Devoted_Lapse) and thematic texture rows (Arkay, Stendarr, Talos NeglectTexture + CivicScaffoldingHollow_NeglectTexture) once per tier-drop with recovery re-arm",BETA,PDV_TransitionSurfacing_CoverageMap.md §5 neglect table — Imperial row,data,"MESG records PDV_Notif_Imperial_Observant_Lapse, Faithful_Lapse, Devoted_Lapse plus texture rows exist",,surfacing,UNVERIFIED
BC-0670,surfacing,Imperial,reorientation transition — Concordat standing,"Imperial must surface each confirmed Concordat standing switch (Uncommitted, PrivateDefiant, OpenDefiant, PublicCompliant, ConcordatEnforcer) via the reorientation class; high-compliance crossings surface the political cost through standing change, not via a blocked-offer popup",BETA,PDV_TransitionSurfacing_CoverageMap.md §4 reorientation table — Imperial row; PDV_Architecture_v3.md §16.7 worked example,data,"MESG records PDV_Notif_Imperial_Concordat_{Uncommitted,PrivateDefiant,OpenDefiant,PublicCompliant,ConcordatEnforcer} exist",,surfacing,UNVERIFIED
BC-0671,surfacing,Imperial,tier transition — Observant/Faithful,Imperial must surface Observant and Faithful broad-worship tier milestones as Medium Notifications using PDV_Notif_Imperial_Observant_Entry and PDV_Notif_Imperial_Faithful_Entry,BETA,PDV_TransitionSurfacing_CoverageMap.md §1 tier table — Imperial row,data,MESG records PDV_Notif_Imperial_Observant_Entry and PDV_Notif_Imperial_Faithful_Entry exist,,surfacing,UNVERIFIED
BC-0672,surfacing,Khajiit,curse transition — shadow drift,"Khajiit must surface vampire onset (including PDV_Msg_Khajiit_ShadowDriftEntry) and vampire cure, and werewolf onset and werewolf cure via the curse class as Loud MessageBoxes",BETA,PDV_TransitionSurfacing_CoverageMap.md §3 curse table — Khajiit row,data,"MESG records PDV_Msg_Khajiit_CurseState_VampireOnset, ShadowDriftEntry, VampireCured, WerewolfOnset, WerewolfCured exist",,surfacing,UNVERIFIED
BC-0673,surfacing,Khajiit,emergence transition — automatic first focus,"Khajiit's first qualifying 25-weight / 15-lead / Seeker-piety dominance must assign automatically and fire one deity-specific ceremonial MessageBox, the existing Prisma toast, and a pinned Book of Days emergence entry; existing focused saves are acknowledged without replay",BETA,PDV_RaceDesign_Khajiit.md — 2026-08-06 Lunar and Champion Rebalance; PDV_Architecture_v3.md §16.7 emergence notes,data,"Five PDV_MSG_KhajiitFocus_* records exist; first-emergence source shows exactly one popup plus toast and pinned focus.emergence entry",,surfacing,UNVERIFIED
BC-0674,surfacing,Khajiit,neglect transition,"Khajiit must surface neglect tier-drop lapses (Lunar_ObservantLapse, Lunar_FaithfulLapse, Focus_DevotedLapse) and thematic texture rows (SubstrateThinning, PatronFading, CaravanForgotten) once per tier-drop with recovery re-arm",BETA,PDV_TransitionSurfacing_CoverageMap.md §5 neglect table — Khajiit row,data,"MESG records PDV_Notif_Khajiit_Lunar_ObservantLapse, FaithfulLapse, Focus_DevotedLapse plus three NeglectTexture rows exist",,surfacing,UNVERIFIED
BC-0675,surfacing,Khajiit,reorientation — automatic focus replacement,"A different Khajiit god replaces the established focus only after satisfying Seeker piety and the 25-weight / 15-lead dominance test; the change emits a Prisma toast and unpinned Book of Days reorientation entry without another popup",BETA,PDV_RaceDesign_Khajiit.md — 2026-08-06 Lunar and Champion Rebalance,source,"SetKhajiitFocusedEmphasis writes the reorientation toast and unpinned Book entry while the firstEmergence guard owns the only popup",,surfacing,UNVERIFIED
BC-0676,surfacing,Khajiit,tier transition — Observant/Faithful,Khajiit must surface Observant and Faithful broad-worship tier milestones as Medium Notifications using PDV_Notif_Khajiit_Lunar_ObservantEntry and PDV_Notif_Khajiit_Lunar_FaithfulEntry,BETA,PDV_TransitionSurfacing_CoverageMap.md §1 tier table — Khajiit row,data,MESG records PDV_Notif_Khajiit_Lunar_ObservantEntry and PDV_Notif_Khajiit_Lunar_FaithfulEntry exist,,surfacing,UNVERIFIED
BC-0677,surfacing,Nord,Book-read signals,"Reading Old Ways texts (Nords Arise!, A Dream of Sovngarde, Sovngarde: A Reexamination) must each generate one-time Shor/Kyne piety with notifications PDV_Notif_Nord_FavorNoted_OldWays_BookRead_*; reading The Totems of Hircine must generate one-time notification PDV_Notif_Nord_FavorNoted_HircineArkay_BookRead_TotemsHircine.",BETA,PDV_RaceDesign_Nord.md — Signal Examples (book-read rows),source,BookRead ScoreAction entries + notification string IDs,,race-sheets,UNVERIFIED
BC-0678,surfacing,Nord,curse transition — vampire/werewolf,"Nord must surface vampire onset (PDV_Msg_Nord_CurseState_VampireOnset) and vampire cure, and werewolf onset and werewolf cure via the curse class as Loud MessageBoxes",BETA,PDV_TransitionSurfacing_CoverageMap.md §3 curse table — Nord row,data,"MESG records PDV_Msg_Nord_CurseState_VampireOnset, VampireCured, WerewolfOnset, WerewolfCured exist",,surfacing,UNVERIFIED
BC-0679,surfacing,Nord,emergence transition — Champion entry,"Nord Devoted crossing must be surfaced by the per-deity Champion entry (PDV_Msg_Nord_<Deity>_ChampionEntry) as the emergence beat, not by a separate tier notification at Devoted",BETA,PDV_TransitionSurfacing_CoverageMap.md §2 emergence table — Nord/Imperial/Redguard row; Devoted/emergence reconciliation,data,MESG records PDV_Msg_Nord_<Deity>_ChampionEntry present for wired Nord deities,,surfacing,UNVERIFIED
BC-0680,surfacing,Nord,neglect transition,"Nord must surface neglect tier-drop lapses (PDV_Notif_Nord_Observant_Lapse, Faithful_Lapse, Devoted_Lapse) and per-deity neglect texture rows (PDV_Notif_Nord_<Deity>_NeglectTexture + PDV_Notif_Nord_General_AncestorsQuiet) once per tier-drop with recovery re-arm",BETA,PDV_TransitionSurfacing_CoverageMap.md §5 neglect table — Nord row,data,"MESG records PDV_Notif_Nord_Observant_Lapse, Faithful_Lapse, Devoted_Lapse plus per-deity NeglectTexture and General_AncestorsQuiet exist",,surfacing,UNVERIFIED
BC-0681,surfacing,Nord,Nord vampire suppression/scar,"Phase 18B Nord-specific rule: while a Nord is a vampire, formal commitment offers and contextual favors must be suppressed; cure restores access but leaves a visible scar/status note in Survey/MCM Player page",BETA,PDV_Architecture_v3.md §16.2 Phase 18B Nord-specific rule,source,PDV__ManagerQuest.psc suppresses offer/favor when CurseState=VAMPIRE && OriginRace=RACE_NORD; scar note appears in Survey text,"Race is Nord, not Imperial — correcting race field",surfacing,UNVERIFIED
BC-0682,surfacing,Nord,tier transition — N/A at Devoted (reorientation N/A),Nord has no reorientation surface (path and pantheon baseline chosen at start via PDV_State_NordPantheonBaseline; patron swap deferred); no reorientation SurfaceTransition must fire for Nord,BETA,PDV_TransitionSurfacing_CoverageMap.md §4 — Altmer/Dunmer/Nord N/A row,source,"No SurfaceTransition(reorientation, ...) for OriginRace=RACE_NORD",,surfacing,UNVERIFIED
BC-0683,surfacing,Nord,tier transition — Observant/Faithful,Nord must surface Observant and Faithful broad-worship tier milestones as Medium Notifications using slot PDV_Notif_Nord_Observant_Entry and PDV_Notif_Nord_Faithful_Entry respectively,BETA,PDV_TransitionSurfacing_CoverageMap.md §1 tier table — Nord row,data,MESG records PDV_Notif_Nord_Observant_Entry and PDV_Notif_Nord_Faithful_Entry exist in Devotion.esp,,surfacing,UNVERIFIED
BC-0684,surfacing,Orc,curse transition,"Orc must surface vampire onset, vampire cure, werewolf onset, and werewolf cure via the curse class as Loud MessageBoxes",BETA,PDV_TransitionSurfacing_CoverageMap.md §3 curse table — Orc row,data,"MESG records PDV_Msg_Orc_CurseState_VampireOnset, VampireCured, WerewolfOnset, WerewolfCured exist",,surfacing,UNVERIFIED
BC-0685,surfacing,Orc,emergence transition — life-mode entry,"Orc life-mode entry must fire as the emergence class using per-mode entries (PDV_Notif_Orc_LifeMode_{Stronghold,City,LegionExile}_Entry) as Loud MessageBoxes; these same entries serve as the reorientation surface",BETA,PDV_TransitionSurfacing_CoverageMap.md §2 emergence table — Orc row and §4 reorientation table — Orc row,data,"MESG records PDV_Notif_Orc_LifeMode_Stronghold_Entry, City_Entry, LegionExile_Entry exist",,surfacing,UNVERIFIED
BC-0686,surfacing,Orc,neglect transition,"Orc must surface neglect tier-drop lapses (Malacath_ObservantLapse, Malacath_FaithfulLapse, Malacath_DevotedLapse) and thematic texture rows (Forge, CityQuality, LegionErasure, OathBroken NeglectTexture) once per tier-drop with recovery re-arm",BETA,PDV_TransitionSurfacing_CoverageMap.md §5 neglect table — Orc row,data,MESG records for Orc Malacath lapse rows plus four NeglectTexture rows exist,,surfacing,UNVERIFIED
BC-0687,surfacing,Orc,reorientation transition — life-mode switch,"Orc confirmed life-mode switch must fire via the reorientation class using the same per-mode entry slots as the emergence class; fire on confirmed switch only, not on intent declaration at startup",BETA,PDV_TransitionSurfacing_CoverageMap.md §4 reorientation table — Orc row,source,"SurfaceTransition(reorientation, ...) fires after world-confirmation of life-mode switch, not on PDV_MSG_StartupOrcChoice button press",,surfacing,UNVERIFIED
BC-0688,surfacing,Orc,startup life-mode choice — intent not entitlement,Orc startup life-mode choice (PDV_MSG_StartupOrcChoice) records intent; active scoring/favor lane stays at City until world confirms eligibility; Stronghold requires Blood-Kin/stronghold acceptance; LegionExile requires service/exile gate; body text must convey this to prevent player surprise,BETA,race-sheets/PDV_StartupChoice_Messages.md — PDV_MSG_StartupOrcChoice Intent not entitlement (LOCKED) note,source,PDV_StateTrack_OrcLifeMode scoring gates: Stronghold and LegionExile lanes inactive until world-confirmation flags set,,surfacing,UNVERIFIED
BC-0689,surfacing,Orc,tier transition — Observant/Faithful,Orc must surface Observant and Faithful broad-worship tier milestones as Medium Notifications using PDV_Notif_Orc_Malacath_ObservantEntry and PDV_Notif_Orc_Malacath_FaithfulEntry,BETA,PDV_TransitionSurfacing_CoverageMap.md §1 tier table — Orc row,data,MESG records PDV_Notif_Orc_Malacath_ObservantEntry and PDV_Notif_Orc_Malacath_FaithfulEntry exist,,surfacing,UNVERIFIED
BC-0690,surfacing,Redguard,curse transition — Tu'whacca vampire cure re-entry,Redguard must surface vampire onset and cure (VampireCured_TuwhaccaReEntry) and werewolf onset and cure via the curse class as Loud MessageBoxes; the cure has a Tu'whacca-specific re-entry note,BETA,PDV_TransitionSurfacing_CoverageMap.md §3 curse table — Redguard row,data,"MESG records PDV_Msg_Redguard_CurseState_VampireOnset, VampireCured_TuwhaccaReEntry, WerewolfOnset, WerewolfCured exist",,surfacing,UNVERIFIED
BC-0691,surfacing,Redguard,emergence transition — Champion entry,Redguard Devoted crossing must be surfaced by per-deity Champion entry (PDV_Msg_Redguard_<Deity>_ChampionEntry) as the emergence beat,BETA,PDV_TransitionSurfacing_CoverageMap.md §2 emergence table — Nord/Imperial/Redguard row,data,MESG records PDV_Msg_Redguard_<Deity>_ChampionEntry exist for wired Redguard deities,,surfacing,UNVERIFIED
BC-0692,surfacing,Redguard,neglect transition,"Redguard must surface neglect tier-drop lapses (Observant_Lapse, Faithful_Lapse, Devoted_Lapse) and per-sect and ancestor-layer texture rows ({AncestorLayer,Crown,Forebear,AshAbah}_NeglectTexture) once per tier-drop with recovery re-arm",BETA,PDV_TransitionSurfacing_CoverageMap.md §5 neglect table — Redguard row,data,MESG records for Redguard lapse rows plus four NeglectTexture rows exist,,surfacing,UNVERIFIED
BC-0693,surfacing,Redguard,Redguard required content rows,"All required content rows must exist: PDV_Notif_Redguard_Sect_Crown_Entry, PDV_Notif_Redguard_Sect_Forebear_Entry, PDV_Notif_Redguard_Sect_AshAbah_Entry, PDV_Msg_Redguard_Survey_Crown/Forebear/AshAbah, PDV_Msg_Redguard_ChampionEntry_Crown/Forebear/AshAbah, PDV_Notif_Redguard_FarShoresToken_Activate, PDV_Msg_Redguard_CurseState_VampireOnset/VampireCured_TuwhaccaReEntry/WerewolfOnset/WerewolfCured. PrivateContext is deferred because no private-context behavior ships in V1.",BETA,PDV_RedguardRewardRecords.spec.json § requiredContentRows,esp,housecarl read each message/notification record by editorId,,roster,UNVERIFIED
BC-0694,surfacing,Redguard,reorientation transition — sect switch,"Redguard must surface each confirmed sect switch (Crown, Forebear, AshAbah) via the reorientation class",BETA,PDV_TransitionSurfacing_CoverageMap.md §4 reorientation table — Redguard row,data,"MESG records PDV_Notif_Redguard_Sect_{Crown,Forebear,AshAbah}_Entry exist",,surfacing,UNVERIFIED
BC-0695,surfacing,Redguard,startup sect choice — Forebear fallback,Redguard startup sect choice (PDV_MSG_StartupRedguardChoice) must default to Forebear (value 1) if sect state is ever unset or corrupt; ancestor reverence layer is always active for all sects regardless of startup choice,BETA,race-sheets/PDV_StartupChoice_Messages.md — PDV_MSG_StartupRedguardChoice Fallback note,source,PDV_State_RedguardSect initialization code sets value 1 (Forebear) as fallback; ancestor substrate not conditional on sect,,surfacing,UNVERIFIED
BC-0696,surfacing,Redguard,tier transition — Observant/Faithful,Redguard must surface Observant and Faithful broad-worship tier milestones as Medium Notifications using PDV_Notif_Redguard_Observant_Entry and PDV_Notif_Redguard_Faithful_Entry,BETA,PDV_TransitionSurfacing_CoverageMap.md §1 tier table — Redguard row,data,MESG records PDV_Notif_Redguard_Observant_Entry and PDV_Notif_Redguard_Faithful_Entry exist,,surfacing,UNVERIFIED
BC-0697,other,ALL,All 16 Daedric Princes,"D-15 stigma model, D-16 curse-access template, D-17 authoring order, and D-18 content-ready definition are locked in PDV_Architecture_v3.md Section 11.6 and must not be re-opened without explicit architecture decision; all authoring must conform to these locked decisions.",BETA,"PDV_Daedric_DecisionPacket_CAT4.md Ratification checklist; PDV_DaedricContent_Manifest.md 'Locked: curse-access template (D-16), authoring order (D-17), content-ready definition (D-18)'",data,,Process locks: violations invalidate beta readiness for all downstream Prince authoring,daedric,UNVERIFIED
BC-0698,other,ALL,All 16 Daedric Princes,D-12 roster lock: the canonical 16-Prince roster lives in PDV_FLST_DaedricPaths_All; Jyggalag is explicitly excluded from 1.0 scope and must not be added without an explicit architecture decision.,BETA,PDV_Daedric_DecisionPacket_CAT4.md 'Roster shape: closed by D-12'; PDV_AllRaceDaedricBetaReadinessLedger.md 'Jyggalag is excluded unless later adopted explicitly',esp,PDV_FLST_DaedricPaths_All contains exactly 16 QUST FormIDs per pdv-daedric-author --check; Jyggalag remains excluded by manifest authority.,,daedric,UNVERIFIED
BC-0699,other,ALL,All 16 Daedric Princes,"D-14 cross-Prince reduced-rivalry: multiple active Daedric paths must not apply full Aedric-strength cancellation math; cross-Prince rivalry uses reduced math only, and the PDV_GLO_DaedricExposure max-of-active model enforces this.",BETA,"PDV_Daedric_DecisionPacket_CAT4.md 'Cross-Prince hostility: closed by D-14 (reduced rivalry math, not full Aedric-strength cancellation)'",source,PDV__ManagerQuest Daedric rivalry handler uses max() not sum() for DaedricExposure; no full cancellation piety penalty for holding two Prince paths simultaneously,,daedric,UNVERIFIED
BC-0700,other,ALL,All 16 Daedric Princes,"D-13 mixed recovery default: exiting a Daedric path uses mixed recovery (cure starts recovery, rites/authored beats complete it); neither instant full restoration nor permanent mechanical penalty is the default.",BETA,PDV_Daedric_DecisionPacket_CAT4.md 'Recovery: closed by D-13 (mixed recovery default)',source,Exit scripts begin stigma decay on renunciation/cure but do not instantly zero stigma; rites accelerate but do not skip decay; WasChampion flag persists,,daedric,UNVERIFIED
BC-0701,other,ALL,All 16 Daedric Princes,"V1 scope is non-voiced only; voiced dialogue, INFO records, scenes, packages, and generated dialogue graph work must not be authored or promoted in the current 1.0 build track.",FUTURE,"PDV_DaedricBatch0_D18ProofLedger.md 'V1 remains non-voiced only. Dialogue, INFO, scene, package, and generated dialogue graph work stay out of this packet'",data,,FUTURE tier: voiced content is explicitly deferred from the Content-Feel Beta bar,daedric,UNVERIFIED
BC-0702,other,ALL,Altmer Exiled vampire post-vampire flavor,"Post-vampire Exiled Altmer path flavor is classified as enhancement custom content (improves experience, not required for core function) and is explicitly deferred unless the Exiled vampire source/record wiring is runtime-proven first.",FUTURE,PDV_Architecture_v3.md §21.2 Custom content priority classification (LOCKED),data,PDV_Phase20AltmerImplementationCosting.manifest.json Exiled vampire handling rows; source/record wired but runtime proof pending,"Descope; enhancement content, not required for core Altmer devotion function; source scaffold present",locks,UNVERIFIED
BC-0703,other,ALL,Altmer Lorkhan economy guardrail,"Ordinary existence in Skyrim must never be a penalty source for Altmer; Lorkhan pressure must use explicit RouteAltmerLorkhanPressure / HandleAltmerLorkhanPressure tags, while basic devotional upkeep trends positive through Auri-El dawn observance, study, and coherent factional acts.",BETA,PDV_Architecture_v3.md §v3.84/v3.85 Altmer economy guardrail; PDV_TargetEndStates_1.0.md Altmer section,source,RouteAltmerLorkhanPressure; HandleAltmerLorkhanPressure; RunDawnAwardAltmerAuriElDawn,"Lock constraint; Lorkhan penalties are explicit-action only, capped by authored route/source discipline",locks,UNVERIFIED
BC-0704,other,ALL,Anti-farm cap per-signal,Every piety signal must carry an anti-farm cap on the PIETY pulse (not only on the substrate); ritual and practice acts must be capped once per dawn cycle.,BETA,AGENTS.md memory/anti-farm-cap-requirement.md,source,PDV__ManagerQuest.psc AwardCuratedSignal and related: daily key check before each piety pulse; audit all races,Lock constraint on all signal routes including P2 immersive receivers,locks,UNVERIFIED
BC-0705,other,ALL,Arngeir/Kynareth dialogue privilege pilot (V2),"The Arngeir/Kynareth spoken NPC dialogue recognition for Nord Kyne Champion is deferred to V2; the non-voiced privilege gate (shrine, disposition, threshold) may ship in V1.",FUTURE,PDV_Architecture_v3.md §9.4 Privilege pilot; §21.3,esp,Phase 11 verifier assertions for live dialogue readback must be disabled for V1 release; --strict-phase11 live-dialogue-authored flag must be false,Descope; CK-authored DLBR/DIAL/INFO for Arngeir must be removed from V1 ESP,locks,UNVERIFIED
BC-0706,other,ALL,Breton full wiring (P2 audit-only lane),"Breton full tradition-track wiring (Knight's Road, Hidden Art, Green Way runtime proof, WitchcraftExposure writes, KnightlyVowIntegrity writes) is deferred until P1 scaling spine (Altmer, Khajiit, Argonian, Orc, Redguard, Bosmer) delivers stack and ceiling evidence.",FUTURE,PDV_TargetEndStates_1.0.md §1.0 Acceptance Tracker; references/authoring/PDV_PreBetaRaceScalingSpine.md,data,PDV_PreBetaRaceGateLedger.md Breton: Planning-Ready; Verdict=Fail; no reward expansion allowed,Descope until P1 evidence gates open; architecture and source scaffold present but runtime proof deferred,locks,UNVERIFIED
BC-0707,other,ALL,Broad worship Tier 2 cap,Broad worship must default to Tier 2 cap for all formal-offer races in 1.0; raising this cap requires explicit playtest-backed race-author decision.,BETA,PDV_Architecture_v3.md §12.5 (offer/broad worship defaults); §21.4,source,ProcessDawn broad-worship tier consolidation path; BroadWorshipTierCap property on manager,"Lock row; broad worship is first-class patron state, not failed patron state",locks,UNVERIFIED
BC-0708,other,ALL,CAT-6 broad string promotion (beyond pilot),"Mass CAT-6 string promotion and mass recognition must wait until the pilot gate clears: PDV_Bless_Khajiit_Lunar_T1 runtime/Active Effects proof, Survey clarity, stack behavior, and balance feel must all pass.",FUTURE,PDV_TargetEndStates_1.0.md Recognition/dialogue scaling paragraph; references/authoring/PDV_CAT6PromotionPilot.md,data,PDV_CAT6PromotionPilot.md blocking follow-up field; no broad promotion until all pilot evidence slots pass,Descope; pilot is record/readback-proven but grant-unwired and provisional,locks,UNVERIFIED
BC-0709,other,ALL,Custom race soft-compat hook,Custom-race soft-compat hook (allowing a custom race plugin to declare its PDV devotional identity) is deferred post-1.0 unless a concrete patch target appears sooner.,FUTURE,PDV_Architecture_v3.md §3.2 Architecturally deferred; §23 post-1.0,data,No custom-race registration API in PDV__ManagerQuest.psc,Descope; custom race falls back to RACE_IMPERIAL with a one-time first-load notice per the locked default,locks,UNVERIFIED
BC-0710,other,ALL,D-12 Daedric separate operational roster,PDV_FLST_AllDaedricPaths and PDV_FLST_AllDeities must remain separate rosters; Daedric paths must not be merged into the Aedric roster.,BETA,PDV_Architecture_v3.md §11.6 D-12,esp,pdv_verify.mjs FLST membership; no PDV_DaedricPath_* in PDV_FLST_AllDeities,Locked default; separate roster is the live operational shape,locks,UNVERIFIED
BC-0711,other,ALL,D-13 Mixed Daedric recovery default,Cure or renounce must start Daedric path recovery; rites or authored restoration beats accelerate or complete it; instant absolution and rite-only absolution are both out of bounds as defaults.,BETA,PDV_Architecture_v3.md §11.6 D-13,source,"PDV_DaedricPathBase.psc exit/recovery logic; cure sets recovery flag, rites can accelerate",Locked default; race/lane handlers may harden or soften but must not override both ends,locks,UNVERIFIED
BC-0712,other,ALL,D-14 Reduced cross-Prince hostility,Canonical Prince-vs-Prince hostility must use reduced rivalry math rather than full Aedric-strength cancellation or stigma-only treatment.,BETA,PDV_Architecture_v3.md §11.6 D-14,source,"PDV_DaedricPathBase.psc AwardPiety rivalry multiplier for cross-Prince events; should be fractional, not full cancellation",Locked default,locks,UNVERIFIED
BC-0713,other,ALL,D-15 Daedric stigma model,"Daedric stigma must use the four-band WitchcraftExposure shape (Latent 0-25, Suspected 26-50, Known 51-75, Notorious 76-100) stored per-Prince under PDV.Daedric.<Prince>.Stigma; PDV_GLO_DaedricExposure must be max(active path stigma), not additive sum.",BETA,PDV_Architecture_v3.md §11.6 D-15,esp,PDV_DaedricPath_* scripts StigmaGlobal property present; PDV_GLO_DaedricExposure set to max not sum,Locked; Notorious x1.25 modifier applies to commitment; permanent residue is only PDV.Daedric.<Prince>.WasChampion dialogue flag,locks,UNVERIFIED
BC-0714,other,ALL,D-16 Curse-access Daedric template,Hircine and Molag Bal must use the curse-access template: commitment gate is curse acquisition not chosen pact; stigma driven by Phase 15 curse-state overlay; exit is cure path per D-13; curse-access Princes must not double-fire against race manifest CurseState rows.,BETA,PDV_Architecture_v3.md §11.6 D-16,source,PDV_DaedricPath_Hircine / PDV_DaedricPath_Molag: _Commitment slot is curse-onset message; no per-act stigma counter; coordinate with PDV_CurseState,Locked template; Hircine is content-surface-only pass since Phase 13/15 mechanics are runtime-proven; Molag Bal is new curse-access build,locks,UNVERIFIED
BC-0715,other,ALL,D-17 Daedric authoring order,"The 15 non-pilot Princes must be authored in template-variation proof batches: first batch Azura/Vaermina/Meridia/Molag Bal to prove all four template shapes, then remaining Princes in batches by template type.",BETA,PDV_Architecture_v3.md §11.6 D-17,data,PDV_DaedricPrinceRecordContracts.json batch ordering; Batch 0 static D-18 proof ledger PDV_DaedricBatch0_D18ProofLedger.md,Locked authoring order; do not skip to volume before all four template shapes are proven,locks,UNVERIFIED
BC-0716,other,ALL,D-18 Per-Prince content-ready definition,"A Prince is content-ready for the 20C gate only when all Section 6 row types are authored, matrix fidelity matches PDV_DaedricRacePrinceMatrix.csv, hook source is named, pdv_content_verify is clean with no race-manifest slot collision, and firing-density sanity paragraph is present.",BETA,PDV_Architecture_v3.md §11.6 D-18,data,pdv_content_verify.mjs for each Prince; PDV_DaedricPrinceRecordContracts.json completeness,Lock defines the content gate only; runtime proof and world placement follow separately on the code track,locks,UNVERIFIED
BC-0717,other,ALL,D-30 StorageUtil read budget hardening,StorageUtil read-budget performance hardening (pantheon-scale FormList iteration cost ceiling) is deferred to post-Phase 12 performance benchmarking; early Pattern Proving traces should inform scope.,FUTURE,PDV_Architecture_v3.md §24 open decisions D-30,data,No D-30 fix committed until Phase 12+ benchmark passes; pdv_verify.mjs performance warn thresholds,Descope; open decision deferred past 1.0 if traces remain cheap,locks,UNVERIFIED
BC-0718,other,ALL,D-31 Phase 21 compat-patch packaging scope,D-31 (Phase 21 compat-patch packaging scope) is an open architectural decision deferred past 1.0; the offline patcher manual compat notes and core v3 implementation are current.,FUTURE,PDV_Architecture_v3.md §24 open decisions D-31,data,No D-31 resolution until Phase 21 compat authoring automation begins,Descope; open decision; Phase 21 is sequenced last,locks,UNVERIFIED
BC-0719,other,ALL,Daedric display polish / final Daedric runtime promotion wave,"No broad Daedric runtime promotion wave (Active Effects display, save/load, stack/Survey legibility) may be claimed complete until controlled in-game display proof, live organic sender proof, wrong/generic-source silence, and deeper Hircine/Molag Bal curse-access checks pass for each Prince.",FUTURE,PDV_Architecture_v3.md §v3.80 addendum; PDV_TargetEndStates_1.0.md Daedric full-content readiness paragraph,data,PDV_DaedricRuntimeEvidenceLedger.json per-Prince displayProof and routeProof slots; pdv_daedric_beta_gate.mjs,Descope; CAT-6 record/readback promotion is complete but display readiness is still future work,locks,UNVERIFIED
BC-0720,other,ALL,Daedric runtime organic sender proof (all sixteen Princes),"Runtime proof for the sixteen exact organic vanilla quest-stage senders (Boethiah DA02/100, Azura DA01/100, Vaermina DA16/190, Meridia DA09/500, Molag Bal DA10/200, Mephala DA08/60, Malacath DA06/200, Dagon DA07/100, Sheogorath DA15/200, Namira DA11/100, Sanguine DA14/200, Clavicus DA03/200, Hermaeus Mora DA04/100, Nocturnal TG09/200, Peryite DA13/100, Hircine DA05/100) is deferred as future in-game work.",FUTURE,PDV_Architecture_v3.md §v3.90 addendum; PDV_TargetEndStates_1.0.md Daedric full-content readiness,data,PDV_DaedricRuntimeEvidenceLedger.json organicSenderProof slot per Prince; pdv_daedric_runtime_check.mjs,Descope; placement and readback are complete; in-game organic sender runtime proof is still future work,locks,UNVERIFIED
BC-0721,other,ALL,Daedric wrong/generic-source silence proof,Wrong-origin and generic-source silence proof for all sixteen Daedric Princes (non-Prince piety sources must not feed Daedric path scoring) is deferred as future in-game evidence.,FUTURE,PDV_Architecture_v3.md §v3.80 addendum; PDV_TargetEndStates_1.0.md,data,PDV_DaedricRuntimeEvidenceLedger.json genericSilenceProof slot per Prince,Descope; PDV_REFR_Daedric_GenericSilenceProbe_QASmoke is placed; runtime silence evidence still future,locks,UNVERIFIED
BC-0722,other,ALL,DLL plugins authored by PDV,PDV must not author any DLL plugins for V1.,FUTURE,PDV_Architecture_v3.md §21.3 Explicit non-goals for 1.0,data,No .dll files in Devotion mod folder authored by PDV project,Descope; PDV relies on existing PO3 Papyrus Extender and SKSE for runtime events,locks,UNVERIFIED
BC-0723,other,ALL,Experience Mode (Pilgrim's Path / Wayfarer's Path),"Experience Mode (two-mode difficulty toggle: Pilgrim's Path default, Wayfarer's Path easy) is design-locked but not implemented; it must not ship in 1.0 until PDV_ModePreset, PDV_GLO_Mode, MCM surfacing, manager scalars, ActionRouter cheap-repeatable handling, verifier readback, and two-mode runtime smoke are all complete.",FUTURE,PDV_TargetEndStates_1.0.md Experience Mode paragraph; PDV_Architecture_v3.md §v3.78 addendum,data,PDV_ExperienceMode.manifest.json status field; PDV_ModePreset and PDV_GLO_Mode must be absent from V1 release ESP,Descope; design is merged but runtime subsystem is not built; references/authoring/PDV_ExperienceMode.manifest.json tracks future wiring contract,locks,UNVERIFIED
BC-0724,other,ALL,Fallback-as-floor capstone binding,Every fiddly capstone detection must have a fallback-as-floor mechanism so that no T3 capstone is ever non-functional; all capstones are once/day and at most one cheat-death per race.,BETA,PDV_Architecture_v3.md §v3.84/v3.85 addendum; references/authoring/PDV_Phase2_CapstoneSignatures.md,source,PDV__ManagerQuest.psc T3 capstone grant paths for each race; fallback branch present alongside fiddly detection,Lock constraint on capstone authoring; mechanism library M1-M11+ governs detection shapes,locks,UNVERIFIED
BC-0725,other,ALL,Fallback-floor T3 capstone binding (Phase 2 static gate),All ten races must have fallback-floor T3 capstone records present in the framework ESP before external beta; no race may ship without a functional capstone floor even where the preferred fiddly detection is absent.,BETA,PDV_Architecture_v3.md §v3.85 addendum; references/authoring/PDV_Phase2_CapstoneSignatures.md,esp,pdv_phase2_reward_readback_audit.mjs PASS=1268 confirms fallback capstone records present,Lock confirmed by Phase 2 static all-race gate closeout 2026-06-07,locks,UNVERIFIED
BC-0726,other,ALL,Final world placement (all races),"Final immersive world placement of proof/trigger objects outside QASmoke is deferred for all six Phase 20 proof packets (Altmer, Argonian, Orc, Redguard, Khajiit, Bosmer) and for Breton, Dunmer, Imperial, and Nord; QASmoke placement is proof-of-route only.",FUTURE,PDV_TargetEndStates_1.0.md 1.0 Acceptance Tracker; PDV_Architecture_v3.md §v3.71/v3.75 addenda,data,PDV_Phase20_ManualEvidenceLedger.json placement slots; PDV_PreBetaRaceGateLedger.md final placement result per race = Pending,Descope; QASmoke proof references are present and readback-clean; final worldbuilding placement is a separate acceptance gate,locks,UNVERIFIED
BC-0727,other,ALL,Framework ESP monolithic through 1.0,The race ESP split (one ESP per race) must remain deferred through 1.0; the framework stays monolithic.,BETA,PDV_Architecture_v3.md §4 v3 subsystem map row 18,esp,Only Devotion.esp exists in the Devotion mod folder; no per-race ESP modules shipped,Lock row; cross-ESP FormID references complicate load-order discipline and overlay-patch authoring,locks,UNVERIFIED
BC-0728,other,ALL,Hard Survival/Requiem dependency,PDV must not ship with a hard Survival Mode or Requiem dependency in V1.,FUTURE,PDV_Architecture_v3.md §21.3 Explicit non-goals for 1.0,esp,Devotion.esp master list must not include Requiem.esp or Skyrim Survival Mode ESP,Descope; hard dependency rule; compat patches may reference these mods but the framework must not require them,locks,UNVERIFIED
BC-0729,other,ALL,In-world patron switching,Switching from one patron to another mid-game must be deferred to a post-1.0 explicit rupture/restoration/reorientation feature; MCM patron swap must remain dev-only for testing in 1.0.,BETA,PDV_Architecture_v3.md §16.4 locked player-facing design rules,source,PDV__ManagerQuest.psc patron-swap path; only MCM Debug page may change patron in V1; player-facing patron switch gated off,Lock row; accepted patron is stable in 1.0; neglect may weaken but not silently clear patron,locks,UNVERIFIED
BC-0730,other,ALL,Localization,All player-facing strings ship as ASCII English in V1; a second-pass localization effort is deferred to post-1.0; the architecture supports it via string-table externalization.,FUTURE,PDV_Architecture_v3.md §23 Open architectural decisions deferred past 1.0,data,No localization string-table externalization work present in V1 ESP or source,Descope; architecture allows future minor refactor; PDV_TargetEndStates_1.0.md deferred-with-dependency note confirms,locks,UNVERIFIED
BC-0731,other,ALL,Lorkhan family,"Shor, Sep, Lorkhaj, and Lorkhan must remain as separate culturally specific records; do not collapse them into one row even where theology overlaps.",BETA,PDV_Architecture_v3.md §3.3 Contested lore items,esp,Grep PDV_DeityCoverageMatrix.json and FLST_AllDeities for distinct Shor/Sep/Lorkhaj/Lorkhan QUST entries,Explicitly locked decision; family resemblance may be noted in description text but records must stay separate,locks,UNVERIFIED
BC-0732,other,ALL,Mara privilege pilot,The Mara privilege/restoration dialogue pilot must remain deferred until the Arngeir/Kynareth privilege pattern is proven clean.,BETA,PDV_Architecture_v3.md §21 forward phase plan table Phase 11,data,No PDV_Privilege_Mara_* records in ESP; no Mara dialogue pilot records present,Lock deferred-until-pattern-proven; Arngeir/Kynareth pilot records are V2-voiced deferred (see descope rows below),locks,UNVERIFIED
BC-0733,other,ALL,MCM Player-tab copy (sections 16.1/16.4),The MCM player-tab copy referenced in PDV_TargetEndStates_1.0.md sections 16.1 and 16.4 is deferred-with-dependency and must not be treated as a blocking V1 requirement.,FUTURE,PDV_TargetEndStates_1.0.md 1.0 Acceptance Tracker deferred-with-dependency note,data,PDV_MCM.psc Player page; thematic readout rows present but final copy polish deferred,"Descope; partial implementation present (Phase 18 MCM Player page), polish deferred",locks,UNVERIFIED
BC-0734,other,ALL,Multi-character cross-save patron memory,Cross-save persistence of patron memory between characters is explicitly deferred post-1.0; each save is independent.,FUTURE,PDV_Architecture_v3.md §23 Open architectural decisions deferred past 1.0,data,No cross-save StorageUtil key or global shared between multiple characters,Descope; not architecturally interesting per project decision,locks,UNVERIFIED
BC-0735,other,ALL,Native-track-as-parity piety model,"Rewards must gate on each race's authentic devotional track by default; active-patron piety faucet kept only for Nord, Imperial, and Altmer as documented exceptions.",BETA,PDV_Architecture_v3.md §v3.84 addendum locked design rails,source,PDV__ManagerQuest.psc SyncRewards per race; non-patron-faucet races use substrate/emphasis piety not generic active-patron piety,Lock row; parity model proved by Khajiit pilot; constrains how new races wire reward gates,locks,UNVERIFIED
BC-0736,other,ALL,No beta-feel claim until all ten races + sixteen Princes,No beta-feel readiness claim may be made until all ten playable races plus all sixteen Skyrim-present Daedric Princes are represented in the readiness evidence.,BETA,references/authoring/PDV_PreBetaRaceGateLedger.md Global Stop Conditions,data,PDV_AllRaceDaedricBetaReadinessLedger.md; pdv_daedric_beta_gate.mjs; PDV_PreBetaRaceGateLedger.md all ten races Pass/Conditional,Lock stop condition on the combined gate,locks,UNVERIFIED
BC-0737,other,ALL,No broad CAT-6 string promotion without pilot gate,"No broad CAT-6 string promotion may occur until one low-risk non-dialogue source row is ratified, promoted, read back, displayed or accepted as readback proof, synced to the handbook, and checked against the holistic race-effect review.",BETA,references/authoring/PDV_PreBetaRaceGateLedger.md Global Stop Conditions (CAT-6),data,PDV_CAT6PromotionPilot.md status; PDV_Bless_Khajiit_Lunar_T1 is the pilot candidate,Lock stop condition; pilot record/readback proven but runtime/Active Effects proof still pending,locks,UNVERIFIED
BC-0738,other,ALL,No Daedric runtime promotion without D-18 + CAT-6 + runtime proof,"No Daedric runtime promotion wave may proceed until the locked D-18 per-Prince content-ready checklist, CAT-6 target readback, and runtime/display proof are complete for the relevant Prince.",BETA,references/authoring/PDV_PreBetaRaceGateLedger.md Global Stop Conditions (Daedric 20C),data,PDV_DaedricRuntimeEvidenceLedger.json; pdv_daedric_beta_gate.mjs fails closed until all proof slots pass,"Lock stop condition; D-15 stigma, D-16 curse-access, and D-17 authoring order are closed; remaining blocker is proof not design",locks,UNVERIFIED
BC-0739,other,ALL,No external beta until race Pass/Conditional,No external race playfeel testing may begin until the race records Pass or a scoped Conditional verdict in PDV_PreBetaRaceGateLedger.md.,BETA,references/authoring/PDV_PreBetaRaceGateLedger.md Global Stop Conditions,data,PDV_PreBetaRaceGateLedger.md per-race Verdict field; Fail blocks external beta,"Lock gate; current verdicts are Altmer=Conditional, Khajiit=Conditional, others=Fail",locks,UNVERIFIED
BC-0740,other,ALL,No scan-only quest source promotion,No scan-only quest candidate may be promoted to a live FormList source without explicit quest/stage/outcome readback approval per PDV_Phase20_AllRaceSourceCuration_Runbook.md.,BETA,references/authoring/PDV_PreBetaRaceGateLedger.md Global Stop Conditions,data,PDV_Phase20_SourceFillApprovalLedger.json; all filled FLST entries must have approved exact stage metadata,Lock stop condition on all ten races,locks,UNVERIFIED
BC-0741,other,ALL,Offer choices Renounce path,Commitment offers for 1.0 must use Accept/Not Yet/Refuse only; a stronger Renounce path with distinct rupture mechanic is deferred post-1.0.,BETA,PDV_Architecture_v3.md §12.5 offer choices,source,ProcessCommitmentOffers UI or dialogue choice list; no Renounce option surfaced to player,Lock constraint on offer UI; Refuse is available but is not the same as Renounce,locks,UNVERIFIED
BC-0742,other,ALL,Original multi-stage questlines,No original multi-stage questlines may be built for V1; only existing gameplay loops and CK-gated interactions are in scope for 1.0.,FUTURE,PDV_Architecture_v3.md §21.3 Explicit non-goals for 1.0,data,No custom PDV-authored QUST with multiple stages/scenes in V1 ESP other than the framework management quests,"Descope; light authored moments (commitment offers, shrine/ritual interactions, notifications) are in scope; bespoke quest arcs are not",locks,UNVERIFIED
BC-0743,other,ALL,Phase 21 compatibility package (CAT-6 Phase 21 compat),"Phase 21 Authoria-first compatibility package (accepted Authoria/ARR integration-test, six other Bordello target lists patch-packaged) must wait until the mod's full content surface is stable enough to test against modlists.",FUTURE,PDV_TargetEndStates_1.0.md §1.0 Compatibility Gate; PDV_Architecture_v3.md §21 Phase 21 row,data,references/vanilla-gameplay/compatibility/phase20-targets.csv; Phase 21 is sequenced after Phase 20E content lock,"Descope; Phase 21 is list-author focused compat, not end-user Wabbajack swap support; D-31 tracks compat-patch packaging open decision",locks,UNVERIFIED
BC-0744,other,ALL,Post-1.0 patron switching / rupture / restoration feature,In-world patron switching / reorientation must not be built for V1; it is explicitly deferred as a post-1.0 explicit rupture/restoration feature.,FUTURE,PDV_Architecture_v3.md §12 patron commitment §12.4 multi-offer; §16.4,source,No player-facing patron-swap path in PDV__ManagerQuest.psc outside MCM Debug page,Descope; MCM patron swap is dev-only test surface only,locks,UNVERIFIED
BC-0745,other,ALL,Quest-reaction matrix calibration,"Quest-reaction matrix cell counts are LOCKED as authored; pacing is tuned later via milestone VALUE changes only, never by re-editing milestone counts.",BETA,AGENTS.md memory/quest-reaction-matrix-calibration.md; PDV_Architecture_v3.md §v3.91 current addendum,data,PDV_QuestReactionMatrix_Full.csv milestone count values; do not hand-edit; re-merge via pdv_quest_tranche_merge.mjs only,Calibration locked because piety is per-god so cross-god fan-out never over-feeds one god,locks,UNVERIFIED
BC-0746,other,ALL,Quest-reaction matrix Papyrus/ESP wiring,"The quest-reaction matrix Papyrus and ESP wiring (ApplyDeityReaction award, PDV_PlayerEvents RegisterForQuestStage hooks, and Part C2 race-stance modulation) is deferred as the next Codex implementation wave; design is frozen as data.",FUTURE,PDV_Architecture_v3.md §v3.91 addendum §5.8,data,PDV_QuestReactionMatrix_WiringSpec.md status; no PDV_QuestReactionMatrix.json generated yet; PDV__ManagerQuest.psc lacks ApplyDeityReaction,"Descope; data (CSV, faucet table) is frozen and checked-in; code wiring is not started",locks,UNVERIFIED
BC-0747,other,ALL,Recognition dialogue scale packet (39 PDV_Dlog_*_Recognition stubs),All 39 PDV_Dlog_*_Recognition dialogue stub records across the roster are deferred to V2; PDV_RecognitionDialogueScalePacket.md is a V2-flagged planning document.,FUTURE,PDV_Architecture_v3.md §21.3; v3.77 addendum,esp,No PDV_Dlog_*_Recognition records active in V1 ESP,Descope; Runil is the first planned V2 Altmer recognition candidate for Auri-El crisis/recovery only,locks,UNVERIFIED
BC-0748,other,ALL,SPID runtime distribution,SPID (Spell Perk Item Distributor) must remain deferred for PDV NPC/base-actor distribution; the offline patcher owns NPC/base-actor distribution unless a runtime-only feature proves the need.,FUTURE,PDV_Architecture_v3.md §20.1 Compatibility tools §SPID,data,No SPID .ini files present in the Devotion mod folder,Descope; may become worthwhile for outfit lifecycle or wide NPC injection later,locks,UNVERIFIED
BC-0749,other,ALL,v1 save storage migration path,A formal v1-to-v2/v3 save migration path (beyond the documented PDV_GLO_DevotionLevel dead-global and Kyne piety reseed) must be treated as a save-game gotcha to document in the mod page changelog at 1.0; no active migration script is required.,FUTURE,PDV_Architecture_v3.md §3.2 Architecturally deferred; storage migration,data,PDV__MainQuest.psc OnInit; no v1-bucket migration code required,"Descope; treat as documentation note at 1.0 release, not an implementation requirement",locks,UNVERIFIED
BC-0750,other,ALL,V1 voiced NPC dialogue non-goal,"V1 must ship no voiced NPC dialogue; all NPC spoken dialogue (Phase 11 privilege/restoration/recognition families, Arngeir/Kynareth pilot, Phase 18 Nord recognition quartet Froki/Heimskr/Andurs/Aela, and 39 PDV_Dlog_*_Recognition stubs) is deferred to V2.",FUTURE,PDV_Architecture_v3.md §21.3 Explicit non-goals for 1.0,esp,No live DLBR/DIAL/INFO recognition records in V1 release ESP; Phase 18 Nord dialogue records must be disabled/removed,"Descope: V2 opens when voice files exist; V1 uses MessageBox, notification, Survey, Prisma surfaces instead",locks,UNVERIFIED
BC-0751,other,ALL,Vanilla shrine activator script replacement,PDV must not replace vanilla shrine activator base scripts; prefer per-reference co-attachment or overlay receiver patterns.,FUTURE,PDV_Architecture_v3.md §21.3; §9.4,esp,Devotion.esp must not contain base-script overrides for vanilla shrine ACTIs,Descope / design constraint; co-attachment is the live operational posture,locks,UNVERIFIED
BC-0752,other,Altmer,Runil recognition (Altmer Auri-El crisis/recovery),Runil as Altmer Auri-El crisis/recovery recognition NPC is deferred to V2; V1 uses Survey/status or another non-voiced fallback surface.,FUTURE,PDV_Architecture_v3.md §v3.72 addendum; PDV_TargetEndStates_1.0.md Voiced Content Scope section,esp,No Runil-keyed PDV dialogue records active in V1 ESP,Descope; Runil retained as first V2 candidate but V1 delivers non-voiced equivalent,locks,UNVERIFIED
BC-0753,other,Altmer,Talos / Altmer stance,"Talos stance for Altmer must be HOSTILE (theological enemy), not merely FOREIGN.",BETA,PDV_Architecture_v3.md §3.3 Contested lore items,esp,PDV_Deity_Talos VMAD stance row for Altmer == HOSTILE,Lock row; constrains signal-channel and stance contract for Altmer/Talos pairing,locks,UNVERIFIED
BC-0754,other,Altmer,Talos/Thalmor Altmer crisis row,Talos/Thalmor contradiction must remain deferred as an optional additional crisis row for Altmer; it is not part of the current four-row crisis list and must not be implemented until explicitly restored.,FUTURE,PDV_Architecture_v3.md §v3.72/v3.74 addendum; references/authoring/PDV_PreBetaRaceGateLedger.md Altmer content-lock reconciliation,data,PDV_Msg_Altmer_LorkhanCrisis row list; TalosContradiction MESG/row must be absent from current crisis enum; MarriageBeat is the third beat,Descope; lore-valid but explicitly excluded from current four-row list; may be restored later as fifth row,locks,UNVERIFIED
BC-0755,other,Altmer,Trinimac / Altmer path,"Trinimac must be included as an Altmer-native specialist worship target for martial virtue, civilisational defence, and Thalmor Orthodox play; it may only be made content-ready when the Thalmor Orthodox Altmer lane is being built.",BETA,PDV_Architecture_v3.md §3.3 Contested lore items,data,PDV_DeityCoverageMatrix Altmer Trinimac row; confirm not content-ready ahead of ThalmorOrthodox lane authoring,"Lock row; scaffold in Structural Skeleton, but do not promote to content-ready prematurely",locks,UNVERIFIED
BC-0756,other,Bosmer,Green Pact per-item feedback (tag layer Section17.7a),"Full Green Pact per-item feedback beyond the current base/DLC plant-food baseline (plant potions, ingredients, firewood/lumber, flora harvests, mod-added foods, and richer item feedback) is deferred; broad plant detection must not ship without curated tag/readback evidence.",FUTURE,PDV_TargetEndStates_1.0.md 1.0 Acceptance Tracker deferred-with-dependency note; references/authoring/PDV_PreBetaRaceGateLedger.md Bosmer rejected hooks,data,PDV_PreBetaRaceGateLedger.md Bosmer anti-farm result; no broad plant detection without curated tag coverage,"Descope; base/DLC plant-food baseline exists, expanded KID/tag layer remains future",locks,UNVERIFIED
BC-0757,other,Bosmer,Hircine / Bosmer stance,Hircine stance for Bosmer must be NATIVE with the lore disagreement noted in deity description text.,BETA,PDV_Architecture_v3.md §3.3 Contested lore items,esp,PDV_DaedricPath_Hircine VMAD or stance row for Bosmer == NATIVE,Lock row; reading is Y'ffre-adjacent hunt/forest veneration,locks,UNVERIFIED
BC-0758,other,Dunmer,Dunmer full wiring (P2 audit-only lane),"Dunmer full Reclamation focus wiring, portable ash-prayer/home rite hook contracts, and deviation-price runtime proof are deferred until P1 scaling spine delivers stack evidence.",FUTURE,references/authoring/PDV_PreBetaRaceGateLedger.md Dunmer; references/authoring/PDV_PreBetaRaceScalingSpine.md,data,PDV_PreBetaRaceGateLedger.md Dunmer: Planning-Ready; Verdict=Fail,Descope; source scaffold and survey readout present; full hook/reward runtime proof deferred,locks,UNVERIFIED
BC-0759,other,Imperial,Imperial full wiring (P2 audit-only lane),"Imperial full civic service hook contracts, public/private Talos pressure proof, and focused-patron civic hook wiring are deferred until P1 scaling spine delivers stack evidence.",FUTURE,references/authoring/PDV_PreBetaRaceGateLedger.md Imperial; references/authoring/PDV_PreBetaRaceScalingSpine.md,data,PDV_PreBetaRaceGateLedger.md Imperial: Planning-Ready; Verdict=Fail,Descope; survey readout present; runtime proof deferred,locks,UNVERIFIED
BC-0760,other,Khajiit,Khajiit no-offer exception,Khajiit must remain the only race that bypasses the standard ProcessCommitmentOffers() mechanism entirely; no formal patron offer system fires for Khajiit.,BETA,PDV_Architecture_v3.md §12.4a Khajiit emergent patron exception (LOCKED); §21.4,source,PDV__ManagerQuest.psc ProcessCommitmentOffers must skip Khajiit origin; PDV_GLO_PatronState for Khajiit never set to active-primary via offer path,Lock row; only no-offer race; broad worship remains a first-class patron state capped at Tier 2,locks,UNVERIFIED
BC-0761,other,Nord,Broad worship first-class lane for Nord,Nord Broad Old Ways and Nord Broad Nine Divines must each count as a complete devotional lane for contextual favors; a Nord broad-worship player must not be treated as a failed patron-offer lane.,BETA,PDV_TargetEndStates_1.0.md Nord section; PDV_Architecture_v3.md §21.4,source,PDV__ManagerQuest.psc contextual favor lane resolution for Nord with no active patron; PDV_State_NordPantheonBaseline wired,Lock constraint; Nords may have meaningful whole-pantheon play without requiring formal commitment,locks,UNVERIFIED
BC-0762,other,Nord,Froki/Heimskr/Andurs/Aela recognition dialogue,"The four Phase 18 Nord NPC recognition dialogue chains (Froki, Heimskr, Andurs, Aela) must be disabled or removed from the V1 release ESP; their verifier assertions move to V2 scope.",FUTURE,PDV_TargetEndStates_1.0.md Phase 18A/B runtime closeout; PDV_Architecture_v3.md §21.3,esp,"Devotion.esp: DLBR/DIAL/INFO records for Froki, Heimskr, Andurs, Aela must be disabled or absent in V1 release build",Descope; pattern is retained as V2 specification; proofs captured in Papyrus log but records must not ship,locks,UNVERIFIED
BC-0763,other,Nord,Nord full stack audit (P2 audit-only lane),"Nord full dense-hook rejection audit, Hircine/Kyne/Talos stack check, and over-trigger evidence are deferred until stack snapshots and immersive hook proof are recorded.",FUTURE,references/authoring/PDV_PreBetaRaceGateLedger.md Nord; references/authoring/PDV_PreBetaRaceScalingSpine.md,data,PDV_PreBetaRaceGateLedger.md Nord: Readback-Ready; Verdict=Fail; needs over-trigger audit,Descope; Survey/MCM surface is the strongest current surface; full stack audit deferred,locks,UNVERIFIED
BC-0764,other,Orc,Malacath / Mauloch dual classification,"Malacath must be dual-coded: Daedric Prince for non-Orsimer taxonomy, Orsimer ancestor/core god as Mauloch for Orc handling; stigma and rivalry logic must branch by race.",BETA,PDV_Architecture_v3.md §3.3 Contested lore items,esp,PDV_DaedricRacePrinceMatrix Orc/Malacath row and PDV_DeityCoverageMatrix Orc Mauloch record,Lock row; cannot force one universal label,locks,UNVERIFIED
BC-0765,other,Orc,Trinimac / Orc path,"For Orcs, Trinimac must remain TABOO fringe pressure only; it must not be a normal Orc core path or fourth Orc lane.",BETA,PDV_Architecture_v3.md §3.3 Contested lore items,esp,PDV_DeityCoverageMatrix Orc Trinimac cell == TABOO or equivalent pressure label,Lock constraint preventing Trinimac from being offered as a focusable Orc patron,locks,UNVERIFIED
BC-0766,signal_channel,Khajiit,Baan Dar path,"Organic outnumbered-win detection must carry an adversity gate: 3+ player-attributed session kills or a 5+ level-delta victim award nothing unless player health dropped below 50% during the session, so steamroll dungeon clears stay silent.",BETA,PDV_Phase20KhajiitImplementationCosting.manifest.json organicTriggerSurfaces khajiit-baandar-outnumbered-organic,source,PDV_PlayerEvents ResolveCombatSession adversity gate via SampleCombatHealth,,race-sheets,UNVERIFIED
BC-0767,signal_channel,Khajiit,Alkosh path,"Alkosh word-of-power dawn drip must baseline on first run (no bulk award of pre-install words), award at most 3 word nudges per dawn with remainder carried, and add emphasis weight only (no piety pulse).",BETA,PDV_Phase20KhajiitImplementationCosting.manifest.json organicTriggerSurfaces khajiit-alkosh-word-of-power-drip,source,PDV__ManagerQuest ProcessKhajiitAlkoshWordDrip Init baseline key,,race-sheets,UNVERIFIED
BC-0768,signal_channel,Khajiit,Alkosh path,"Killing Paarthurnax must route the Alkosh chaos-aid negative signal for Khajiit; no positive Alkosh credit may exist for that kill, and Paarthurnax must be excluded from PDV_FLST_AlkoshNamedDragons.",BETA,PDV_Phase20KhajiitImplementationCosting.manifest.json organicTriggerSurfaces khajiit-alkosh-paarthurnax-chaos,esp,PDV_FLST_AlkoshNamedDragons excludes 03C57C; PDV_PlayerEvents routes RouteKhajiitAlkoshChaosAid,,race-sheets,UNVERIFIED
